================ Clean up START ================
Version 1.3.7
/Users/sloth/GRQ/worker
Disk usage:
Filesystem        Size    Used   Avail Capacity iused ifree %iused  Mounted on
/dev/disk3s1s1   228Gi    10Gi    73Gi    13%    426k  769M    0%   /
devfs            198Ki   198Ki     0Bi   100%     684     0  100%   /dev
/dev/disk3s6     228Gi   1.0Gi    73Gi     2%       1  769M    0%   /System/Volumes/VM
/dev/disk3s2     228Gi   6.7Gi    73Gi     9%    1.2k  769M    0%   /System/Volumes/Preboot
/dev/disk3s4     228Gi   2.5Mi    73Gi     1%      55  769M    0%   /System/Volumes/Update
/dev/disk1s2     500Mi   6.0Mi   483Mi     2%       1  4.9M    0%   /System/Volumes/xarts
/dev/disk1s1     500Mi   5.8Mi   483Mi     2%      29  4.9M    0%   /System/Volumes/iSCPreboot
/dev/disk1s3     500Mi   716Ki   483Mi     1%      80  4.9M    0%   /System/Volumes/Hardware
/dev/disk3s5     228Gi   136Gi    73Gi    65%    701k  769M    0%   /System/Volumes/Data
map auto_home      0Bi     0Bi     0Bi   100%       0     0     -   /System/Volumes/Data/home
Uptime: 20:32  up 3 days,  6:36, 2 users, load averages: 15.58 16.70 15.73
USER    PID  PPID COMMAND
sloth 40242     1 /bin/bash /Users/sloth/GRQ/sloth.sh
sloth 40246 40242 /bin/bash ./run.sh --run-once
sloth 40262 40246 /bin/bash worker/node.sh
root  40272 40262 ps -U sloth -o user,pid,ppid,command
Host: GRQ-21
IP: 10.0.0.244
10.0.0.143
Number of CPUs: 10
Available Memory: 15G
================ Clean up ENDED ================
Use local deno
PATH: /Users/sloth/.deno/bin:/usr/bin:/bin:/usr/sbin:/sbin
deno 2.4.4 (stable, release, aarch64-apple-darwin)
v8 13.7.152.14-rusty
typescript 5.8.3
worker/node.sh: line 78: aws: command not found
Option: fx
Starting FX... Mon Aug 25 20:32:07 AEST 2025
From github.com:stSoftwareAU/GRQ-FX-models
   61e94739..04a9c36b  Develop    -> origin/Develop
HEAD is now at 04a9c36b GRQ-18 Improved FX models (GRQ-18) - Reassert local after rebase
Reset branch 'Develop'
branch 'Develop' set up to track 'origin/Develop'.
Your branch is up to date with 'origin/Develop'.
✅ GRQ-FX-models synced with remote (validation skipped)
Already up to date.
Starting ... HEAD is now at 9966aa6 Refresh of history for 2025-08-23 on GRQ-11
Reset branch 'Develop'
branch 'Develop' set up to track 'origin/Develop'.
Your branch is up to date with 'origin/Develop'.
✅ GRQ-FX synced with remote (validation skipped)
HEAD is now at 28c36489 LEARNT 40.42% -> 40.44% Delta 1.498e-02 cluster
Reset branch 'main'
branch 'main' set up to track 'origin/main'.
Your branch is up to date with 'origin/main'.
✅ GRQ-portfolio synced with remote (validation skipped)
FX pairs to process: 10

=== Processing AUDCNY (1/10) ===
loaded ../GRQ-portfolio/best/fx/v1/AUDCNY.json
1 mutation, mutation rate 18.6%, elitism 3, mutation FFW, selection TOURNAMENT
Creature count: 50
Culling duplicate creature at 42 of 51
DeDuplication of 1 creatures to 50 in  (previous experiment )
Training ebe540ee with 1 binary file, target error: 0.000001, iterations: 1, sample rate: 100%, sparse: 100%
Discovery ebe540ee with 1 binary files, sample rate: 100%, batch size: 512
Discovery ebe540ee initialize time 378ms
Discovery ebe540ee processing .trainData-fx_c_88/AUDCNY/data.bin
Fine tuning increased fitness by 4.468120595735314e-8 to 0.9987059350654245 adjusted 170 weights, 2 biases 
Discovery ebe540ee read time 21ms for .trainData-fx_c_88/AUDCNY/data.bin with 3367 records
Discovery ebe540ee scanning time 2s 402ms
Training af587e98 with 1 binary file, target error: 0.000001, iterations: 1, sample rate: 100%, sparse: 100%
Training 6b299148 with 1 binary file, target error: 0.000001, iterations: 1, sample rate: 100%, sparse: 100%
Discovery ebe540ee recorded time 7s 887ms
Fine tuning increased fitness by 2.8587581191175104e-9 to 0.9987059438984273 adjusted 72 weights, 1 bias 
Training d0e32fea with 1 binary file, target error: 0.000001, iterations: 1, sample rate: 100%, sparse: 100%
Training 63c31351 with 1 binary file, target error: 0.000001, iterations: 1, sample rate: 100%, sparse: 100%
Training d0e32fea increased fitness by 5.772567535089479e-9 to 0.9987059496731028
Generation 10 score 0.9987059496731028  error 0.0012813594377259411 avg time 2s 272ms
Training 4a979e91 with 1 binary file, target error: 0.000001, iterations: 1, sample rate: 100%, sparse: 100%
Over populated 52, expected 50.
Discovered beneficial synapse from input-302 to output-0 with weight -1.0000, helping 30.8% more records than it harms (2202/3367)
Discovery ebe540ee analyze time 18s 991ms found 1 candidates
Training d35af70f with 1 binary file, target error: 0.000001, iterations: 1, sample rate: 100%, sparse: 100%
Discovered harmful synapse from input-1284 to output-0, harming 30.4% more records than it helps (1171/3367)
Discovery ebe540ee analyze harmful time 2s 840ms found 1 candidates
Discovery ebe540ee analyze squashes time 614ms found 2 candidates, Summary: 8ff64211-451a-43b8-9161-427052736939 ELU -> LOGISTIC improved: 20.0% error: 0.9413 -> 0.7531,output-0 LeakyReLU -> SELU improved: 11.5% error: 0.3545 -> 0.3137
Over populated 52, expected 50.
Discovery bca9874d with 1 binary files, sample rate: 100%, batch size: 512
Discovery bca9874d initialize time 570ms
Discovery bca9874d processing .trainData-fx_c_88/AUDCNY/data.bin
Over populated 53, expected 50.
Training 5836236d with 1 binary file, target error: 0.000001, iterations: 1, sample rate: 100%, sparse: 100%
Discovery bca9874d read time 13ms for .trainData-fx_c_88/AUDCNY/data.bin with 3367 records
Discovery bca9874d scanning time 3s 443ms
Over populated 52, expected 50.
Fine tuning increased fitness by 9.334959805151755e-9 to 0.9987059943262798 adjusted 256 weights, 3 biases 
Discovery bca9874d recorded time 7s 853ms
Training c5ef7c05 with 1 binary file, target error: 0.000001, iterations: 1, sample rate: 100%, sparse: 100%
Fine tuning increased fitness by 1.3680543364813502e-8 to 0.9987060080068232 adjusted 256 weights, 3 biases 
Over populated 52, expected 50.
Training 0a6d2116 with 1 binary file, target error: 0.000001, iterations: 1, sample rate: 100%, sparse: 100%
Fine tuning increased fitness by 2.7976818639530165e-9 to 0.9987061135253507 adjusted 242 weights, 4 biases 
Generation 20 score 0.9987061135253507  error 0.0012811955854777357 avg time 3s 191ms
Training 514d365b with 1 binary file, target error: 0.000001, iterations: 1, sample rate: 100%, sparse: 100%
Discovered beneficial synapse from input-1244 to output-0 with weight 0.8259, helping 30.4% more records than it harms (2196/3367)
Discovery bca9874d analyze time 18s 219ms found 1 candidates
Training 8cca96b0 with 1 binary file, target error: 0.000001, iterations: 1, sample rate: 100%, sparse: 100%
Discovered harmful synapse from input-1291 to 8ff64211-451a-43b8-9161-427052736939, harming 30.0% more records than it helps (1179/3367)
Discovery bca9874d analyze harmful time 2s 493ms found 1 candidates
Over populated 52, expected 50.
Discovery bca9874d analyze squashes time 514ms found 2 candidates, Summary: output-0 LeakyReLU -> SELU improved: 11.5% error: 0.3545 -> 0.3137,8ff64211-451a-43b8-9161-427052736939 ELU -> LOGISTIC improved: 20.0% error: 0.9430 -> 0.7545
Discovery aa9bece4 with 1 binary files, sample rate: 100%, batch size: 512
Discovery aa9bece4 initialize time 176ms
Discovery aa9bece4 processing .trainData-fx_c_88/AUDCNY/data.bin
Over populated 53, expected 50.
Discovery aa9bece4 read time 11ms for .trainData-fx_c_88/AUDCNY/data.bin with 3367 records
Discovery aa9bece4 scanning time 1s 542ms
Training 2d51935d with 1 binary file, target error: 0.000001, iterations: 1, sample rate: 100%, sparse: 100%
Fine tuning increased fitness by 7.441468619084901e-8 to 0.9987064469025271 adjusted 651 weights, 8 biases 
Discovery aa9bece4 recorded time 3s 209ms
Over populated 52, expected 50.
Training 49200132 with 1 binary file, target error: 0.000001, iterations: 1, sample rate: 100%, sparse: 100%
Over populated 52, expected 50.
Fine tuning increased fitness by 8.36666280701337e-9 to 0.9987064597139311 adjusted 628 weights, 8 biases 
Training b12eb2a7 with 1 binary file, target error: 0.000001, iterations: 1, sample rate: 100%, sparse: 100%
Fine tuning increased fitness by 1.093534862661727e-8 to 0.9987064706492798 adjusted 628 weights, 8 biases 
Over populated 52, expected 50.
Generation 30 score 0.998706484249256  error 0.0012807048617704223 avg time 2s 361ms
Training 89548d3c with 1 binary file, target error: 0.000001, iterations: 1, sample rate: 100%, sparse: 100%
Fine tuning increased fitness by 1.6444257622261205e-8 to 0.9987065006935136 adjusted 588 weights, 8 biases 
Discovered beneficial synapse from input-1284 to 8ff64211-451a-43b8-9161-427052736939 with weight -0.8766, helping 30.0% more records than it harms (2189/3367)
Discovery aa9bece4 analyze time 13s 485ms found 1 candidates
Over populated 52, expected 50.
Fine tuning increased fitness by 2.204713034359429e-8 to 0.998706522740644 adjusted 626 weights, 8 biases 
Discovered harmful synapse from input-1244 to 76f66b99-89f0-499c-9230-6433910b7daa, harming 40.1% more records than it helps (401/3367)
Discovery aa9bece4 analyze harmful time 1s 919ms found 1 candidates
Discovery aa9bece4 analyze squashes time 299ms found 2 candidates, Summary: 8ff64211-451a-43b8-9161-427052736939 ELU -> LOGISTIC improved: 19.9% error: 0.9261 -> 0.7415,76f66b99-89f0-499c-9230-6433910b7daa ReLU6 -> SQUARE improved: 25.8% error: 0.0459 -> 0.0341
Training cfa8d430 with 1 binary file, target error: 0.000001, iterations: 1, sample rate: 100%, sparse: 100%
Fine tuning increased fitness by 8.689829067431987e-8 to 0.9987066096389347 adjusted 602 weights, 8 biases 
Discovery cfa8d430 with 1 binary files, sample rate: 100%, batch size: 512
Discovery cfa8d430 initialize time 222ms
Discovery cfa8d430 processing .trainData-fx_c_88/AUDCNY/data.bin
Over populated 56, expected 50.
Discovery cfa8d430 read time 13ms for .trainData-fx_c_88/AUDCNY/data.bin with 3367 records
Discovery cfa8d430 scanning time 1s 933ms
Discovery cfa8d430 recorded time 3s 50ms
Training 476388c6 with 1 binary file, target error: 0.000001, iterations: 1, sample rate: 100%, sparse: 100%
Over populated 52, expected 50.
Fine tuning increased fitness by 2.8132782992074112e-8 to 0.9987067162916462 adjusted 567 weights, 7 biases 
Training c4d24310 with 1 binary file, target error: 0.000001, iterations: 1, sample rate: 100%, sparse: 100%
Training 15573d4a with 1 binary file, target error: 0.000001, iterations: 1, sample rate: 100%, sparse: 100%
Over populated 52, expected 50.
Fine tuning increased fitness by 6.20985063370938e-8 to 0.9987069985092393 adjusted 584 weights, 7 biases 
Generation 40 score 0.9987069985092393  error 0.0012801906017501858 avg time 2s 55ms
Training 7481ecaa with 1 binary file, target error: 0.000001, iterations: 1, sample rate: 100%, sparse: 100%
Discovered beneficial synapse from input-1244 to output-0 with weight 0.8256, helping 30.3% more records than it harms (2194/3367)
Discovery cfa8d430 analyze time 13s 58ms found 1 candidates
Over populated 52, expected 50.
Fine tuning increased fitness by 6.270893027071622e-9 to 0.9987070115758448 adjusted 113 weights, 1 bias 
Discovered harmful synapse from input-1284 to output-0, harming 30.3% more records than it helps (1174/3367)
Discovery cfa8d430 analyze harmful time 1s 779ms found 1 candidates
Discovery cfa8d430 analyze squashes time 245ms found 2 candidates, Summary: 8ff64211-451a-43b8-9161-427052736939 ELU -> LOGISTIC improved: 19.9% error: 0.9372 -> 0.7503,output-0 LeakyReLU -> SELU improved: 11.4% error: 0.3538 -> 0.3133
Training b892520a with 1 binary file, target error: 0.000001, iterations: 1, sample rate: 100%, sparse: 100%
Fine tuning increased fitness by 7.558964898457532e-9 to 0.9987070191348097 adjusted 113 weights, 1 bias 
Discovery b892520a with 1 binary files, sample rate: 100%, batch size: 512
Discovery b892520a initialize time 131ms
Discovery b892520a processing .trainData-fx_c_88/AUDCNY/data.bin
Discovery b892520a read time 2ms for .trainData-fx_c_88/AUDCNY/data.bin with 3367 records
Discovery b892520a scanning time 1s 84ms
Fine tuning increased fitness by 4.499004058189371e-9 to 0.9987070236338138 adjusted 113 weights, 1 bias 
Discovery b892520a recorded time 2s 177ms
Training a40873b0 with 1 binary file, target error: 0.000001, iterations: 1, sample rate: 100%, sparse: 100%
Training 771eb82c with 1 binary file, target error: 0.000001, iterations: 1, sample rate: 100%, sparse: 100%
Training 767bcd1d with 1 binary file, target error: 0.000001, iterations: 1, sample rate: 100%, sparse: 100%
Fine tuning increased fitness by 5.654501311624927e-10 to 0.9987089055744037 adjusted 64 weights, 2 biases 
Discovered beneficial synapse from input-1284 to 8ff64211-451a-43b8-9161-427052736939 with weight -0.8832, helping 30.1% more records than it harms (2191/3367)
Discovery b892520a analyze time 11s 441ms found 1 candidates
Generation 50 score 0.9987089055744037  error 0.0012782735366489444 avg time 1s 769ms
Training 704ca7e7 with 1 binary file, target error: 0.000001, iterations: 1, sample rate: 100%, sparse: 100%
Discovered harmful synapse from input-1291 to 8ff64211-451a-43b8-9161-427052736939, harming 30.1% more records than it helps (1176/3367)
Discovery b892520a analyze harmful time 4s 491ms found 1 candidates
Discovery b892520a analyze squashes time 272ms found 1 candidate, Summary: 8ff64211-451a-43b8-9161-427052736939 ELU -> LOGISTIC improved: 20.0% error: 0.9405 -> 0.7528
Training 4ce80533 with 1 binary file, target error: 0.000001, iterations: 1, sample rate: 100%, sparse: 100%
Discovery 4ce80533 with 1 binary files, sample rate: 100%, batch size: 512
Discovery 4ce80533 initialize time 1s 125ms
Discovery 4ce80533 processing .trainData-fx_c_88/AUDCNY/data.bin
Fine tuning increased fitness by 1.8947756919018843e-8 to 0.9987090254696878 adjusted 1 weight 
Discovery 4ce80533 read time 4ms for .trainData-fx_c_88/AUDCNY/data.bin with 3367 records
Discovery 4ce80533 scanning time 3s 492ms
Training 04e2b2a6 with 1 binary file, target error: 0.000001, iterations: 1, sample rate: 100%, sparse: 100%
Fine tuning increased fitness by 2.239486884825226e-8 to 0.9987090478645566 adjusted 1 weight 
Fine tuning increased fitness by 6.833723442678519e-8 to 0.998709116201791 adjusted 1 weight 
Fine tuning increased fitness by 2.3676471339051375e-8 to 0.9987091398782624 adjusted 1 weight 
Training 2f8ff5ae with 1 binary file, target error: 0.000001, iterations: 1, sample rate: 100%, sparse: 100%
Discovery 4ce80533 recorded time 9s 771ms
Fine tuning increased fitness by 1.20501195688405e-8 to 0.9987091519283819 adjusted 1 weight 
Generation 60 score 0.9987091519283819  error 0.0012780071828119544 avg time 1s 946ms
Training a4c3d640 with 1 binary file, target error: 0.000001, iterations: 1, sample rate: 100%, sparse: 100%
Training a961916e with 1 binary file, target error: 0.000001, iterations: 1, sample rate: 100%, sparse: 100%
Fine tuning increased fitness by 1.917176795096509e-8 to 0.9987092177963051 adjusted 195 weights, 3 biases 
Training e9aa7f05 with 1 binary file, target error: 0.000001, iterations: 1, sample rate: 100%, sparse: 100%
Fine tuning increased fitness by 1.3123240272250314e-9 to 0.9987092191086291 adjusted 186 weights, 3 biases 
Fine tuning increased fitness by 5.57997792416387e-9 to 0.998709224688607 adjusted 186 weights, 3 biases 
Discovered beneficial synapse from input-1284 to 8ff64211-451a-43b8-9161-427052736939 with weight -0.8849, helping 29.7% more records than it harms (2184/3367)
Discovery 4ce80533 analyze time 19s 108ms found 1 candidates
Fine tuning increased fitness by 9.196603589778363e-9 to 0.9987092338852106 adjusted 184 weights, 3 biases 
Discovered harmful synapse from input-1284 to output-0, harming 29.8% more records than it helps (1181/3367)
Discovery 4ce80533 analyze harmful time 4s 260ms found 1 candidates
Discovery 4ce80533 analyze squashes time 346ms found 2 candidates, Summary: 8ff64211-451a-43b8-9161-427052736939 ELU -> LOGISTIC improved: 19.9% error: 0.9395 -> 0.7524,output-0 LeakyReLU -> SELU improved: 11.5% error: 0.3535 -> 0.3129
Fine tuning increased fitness by 2.9053305095061432e-8 to 0.9987092819105069 adjusted 184 weights, 3 biases 
Generation 70 score 0.9987092819105069  error 0.0012778672007568593 avg time 2s 198ms
Fine tuning increased fitness by 6.663428375741631e-8 to 0.9987093485447907 adjusted 184 weights, 3 biases 
Fine tuning increased fitness by 8.923703997965049e-10 to 0.9987093858939615 adjusted 74 weights, 2 biases 
Generation 80 score 0.9987095079413919  error 0.0012776411698717386 avg time 1s 931ms
Generation 82 score 0.9987095815425415  error 0.0012775375689218205 avg time 385ms
{
  error: 0.0012775375689218205,
  score: 0.9987095815425415,
  generation: 82,
  time: 181295
}

=== Processing EURJPY (2/10) ===
loaded ../GRQ-portfolio/best/fx/v1/EURJPY.json
6 mutations, mutation rate 17.9%, elitism 10, mutation ALL, selection POWER
Creature count: 50
Culling duplicate creature at 1 of 51
DeDuplication of 1 creatures to 50 in  (previous experiment )
Training 15d22523 with 1 binary file, target error: 0.000001, iterations: 1, sample rate: 100%, sparse: 100%
Discovery 15d22523 with 1 binary files, sample rate: 100%, batch size: 512
Discovery 15d22523 initialize time 779ms
Discovery 15d22523 processing .trainData-fx_c_88/EURJPY/data.bin
compactUnused hidden neuron 920a8ef2 has no outward connections
Discovery 15d22523 read time 9ms for .trainData-fx_c_88/EURJPY/data.bin with 3050 records
Discovery 15d22523 scanning time 3s 39ms
Training 15d22523 caused a higher error of 0.0010293443672105649 from 0.0010158226143970773
Training 1f497549 with 1 binary file, target error: 0.000001, iterations: 1, sample rate: 100%, sparse: 100%
Discovery 15d22523 recorded time 6s 66ms
Fine tuning increased fitness by 1.3356116213003588e-10 to 0.9989714065295732 adjusted 8 weights, 1 bias 
compactUnused hidden neuron 920a8ef2 has no outward connections
Training 1f497549 caused a higher error of 0.0010293443475517092 from 0.0010158226091872915
Training 7d26e187 with 1 binary file, target error: 0.000001, iterations: 1, sample rate: 100%, sparse: 100%
Fine tuning increased fitness by 3.37737660061066e-9 to 0.9989714103208328 adjusted 17 weights, 2 biases 
compactUnused hidden neuron 920a8ef2 has no outward connections
Training 7d26e187 caused a higher error of 0.0010293432189181415 from 0.0010158220617429669
Training 27c5ea1a with 1 binary file, target error: 0.000001, iterations: 1, sample rate: 100%, sparse: 100%
Fine tuning increased fitness by 4.894844418679156e-9 to 0.9989714152156772 adjusted 17 weights, 2 biases 
Discovered beneficial synapse from input-413 to eb3f80fb-be50-4835-94d8-8be30f4764cb with weight 1.0000, helping 46.8% more records than it harms (2145/3050)
Discovery 15d22523 analyze time 6s 734ms found 1 candidates
Remove neuron e09ec943-e183-48f8-aae4-2dd244541491 as no longer connected
Discovered harmful synapse from input-788 to eb3f80fb-be50-4835-94d8-8be30f4764cb, harming 91.9% more records than it helps (30/3050)
Discovery 15d22523 analyze harmful time 146ms found 1 candidates
Discovery 15d22523 analyze squashes time 359ms found 0 candidates
Fine tuning increased fitness by 1.0076149581372817e-8 to 0.9989714252918268 adjusted 17 weights, 2 biases 
compactUnused hidden neuron 920a8ef2 has no outward connections
Training 27c5ea1a caused a higher error of 0.0010293274782326393 from 0.0010158137895217732
Training 8aa7e348 with 1 binary file, target error: 0.000001, iterations: 1, sample rate: 100%, sparse: 100%
Fine tuning increased fitness by 1.541197658383453e-8 to 0.9989714407038034 adjusted 17 weights, 2 biases 
Discovery 8aa7e348 with 1 binary files, sample rate: 100%, batch size: 512
Discovery 8aa7e348 initialize time 146ms
Discovery 8aa7e348 processing .trainData-fx_c_88/EURJPY/data.bin
Discovery 8aa7e348 read time 1ms for .trainData-fx_c_88/EURJPY/data.bin with 3050 records
Discovery 8aa7e348 scanning time 1s 276ms
Fine tuning increased fitness by 2.505350948922569e-8 to 0.9989714657573129 adjusted 17 weights, 2 biases 
compactUnused hidden neuron 920a8ef2 has no outward connections
Discovery 8aa7e348 recorded time 2s 31ms
Generation 10 score 0.9989714657573129  error 0.0010157632478863534 avg time 1s 891ms
Training 8aa7e348 caused a higher error of 0.0010292715936616528 from 0.0010157883013958834
Training 919af5de with 1 binary file, target error: 0.000001, iterations: 1, sample rate: 100%, sparse: 100%
Fine tuning increased fitness by 3.470061771260191e-8 to 0.9989715004579306 adjusted 17 weights, 2 biases 
Fine tuning increased fitness by 3.361982092719984e-8 to 0.9989715340777515 adjusted 17 weights, 2 biases 
compactUnused hidden neuron 920a8ef2 has no outward connections
Training 919af5de caused a higher error of 0.0010291489598461237 from 0.0010157285472685374
Training b4eec06c with 1 binary file, target error: 0.000001, iterations: 1, sample rate: 100%, sparse: 100%
Discovered beneficial synapse from input-413 to eb3f80fb-be50-4835-94d8-8be30f4764cb with weight 1.0000, helping 46.8% more records than it harms (2145/3050)
Discovery 8aa7e348 analyze time 5s 69ms found 1 candidates
Fine tuning increased fitness by 6.89512780205348e-10 to 0.9989715354030989 adjusted 8 weights, 1 bias 
Discovered harmful synapse from input-788 to eb3f80fb-be50-4835-94d8-8be30f4764cb, harming 91.9% more records than it helps (30/3050)
Discovery 8aa7e348 analyze harmful time 143ms found 1 candidates
Discovery 8aa7e348 analyze squashes time 168ms found 0 candidates
compactUnused hidden neuron 920a8ef2 has no outward connections
Training b4eec06c caused a higher error of 0.0010290769313082192 from 0.0010156942916131183
Training a200cdf3 with 1 binary file, target error: 0.000001, iterations: 1, sample rate: 100%, sparse: 100%
Fine tuning increased fitness by 1.4219270205728662e-10 to 0.9989715355452916 adjusted 8 weights, 1 bias 
Discovery a200cdf3 with 1 binary files, sample rate: 100%, batch size: 512
Discovery a200cdf3 initialize time 137ms
Discovery a200cdf3 processing .trainData-fx_c_88/EURJPY/data.bin
Discovery a200cdf3 read time 7ms for .trainData-fx_c_88/EURJPY/data.bin with 3050 records
Discovery a200cdf3 scanning time 1s 175ms
Fine tuning increased fitness by 1.5337919823110724e-10 to 0.9989715356986708 adjusted 8 weights, 1 bias 
compactUnused hidden neuron 920a8ef2 has no outward connections
Discovery a200cdf3 recorded time 1s 906ms
Training a200cdf3 caused a higher error of 0.0010290712864840122 from 0.0010156934599078618
Training 284ab308 with 1 binary file, target error: 0.000001, iterations: 1, sample rate: 100%, sparse: 100%
Training a200cdf3 increased fitness by 7.943667945653488e-11 to 0.9989715357781075
compactUnused hidden neuron 920a8ef2 has no outward connections
Training 284ab308 caused a higher error of 0.0010290720316529984 from 0.001015693306528557
Training 1f16ff94 with 1 binary file, target error: 0.000001, iterations: 1, sample rate: 100%, sparse: 100%
Over populated 52, expected 50.
Culling duplicate creature at 44 of 52
DeDuplication of 1 creatures to 51 in 15ms (previous experiment )
Discovered beneficial synapse from input-413 to eb3f80fb-be50-4835-94d8-8be30f4764cb with weight 1.0000, helping 46.8% more records than it harms (2146/3050)
Discovery a200cdf3 analyze time 4s 931ms found 1 candidates
compactUnused hidden neuron 920a8ef2 has no outward connections
Discovered harmful synapse from input-788 to eb3f80fb-be50-4835-94d8-8be30f4764cb, harming 92.0% more records than it helps (29/3050)
Discovery a200cdf3 analyze harmful time 141ms found 1 candidates
Discovery a200cdf3 analyze squashes time 166ms found 0 candidates
Generation 20 score 0.9989715375287692  error 0.001015691476430229 avg time 1s 346ms
Training 1f16ff94 caused a higher error of 0.001029069944168412 from 0.0010156925488333992
Training 3cc2bff3 with 1 binary file, target error: 0.000001, iterations: 1, sample rate: 100%, sparse: 100%
Discovery 3cc2bff3 with 1 binary files, sample rate: 100%, batch size: 512
Discovery 3cc2bff3 initialize time 111ms
Discovery 3cc2bff3 processing .trainData-fx_c_88/EURJPY/data.bin
Over populated 54, expected 50.
Discovery 3cc2bff3 read time 5ms for .trainData-fx_c_88/EURJPY/data.bin with 3050 records
Fine tuning increased fitness by 3.198109665980553e-9 to 0.9989715422354392 adjusted 265 weights, 7 biases 
Discovery 3cc2bff3 scanning time 1s 226ms
compactUnused hidden neuron 920a8ef2 has no outward connections
Discovery 3cc2bff3 recorded time 1s 790ms
Training 3cc2bff3 caused a higher error of 0.0010290643345395175 from 0.0010156899678699185
Training 6477d4b0 with 1 binary file, target error: 0.000001, iterations: 1, sample rate: 100%, sparse: 100%
Fine tuning increased fitness by 5.562728389030269e-9 to 0.9989715477981675 adjusted 265 weights, 7 biases 
Over populated 52, expected 50.
Fine tuning increased fitness by 9.957020208339884e-9 to 0.9989715577551878 adjusted 265 weights, 7 biases 
compactUnused hidden neuron 920a8ef2 has no outward connections
Training 6477d4b0 caused a higher error of 0.0010290454987539983 from 0.0010156812070319337
Training 1bcf68f2 with 1 binary file, target error: 0.000001, iterations: 1, sample rate: 100%, sparse: 100%
Fine tuning increased fitness by 2.7844368921670082e-8 to 0.998971603124365 adjusted 179 weights, 3 biases 
compactUnused hidden neuron 920a8ef2 has no outward connections
Discovered beneficial synapse from input-413 to eb3f80fb-be50-4835-94d8-8be30f4764cb with weight 1.0000, helping 46.9% more records than it harms (2147/3050)
Discovery 3cc2bff3 analyze time 4s 682ms found 1 candidates
Discovered harmful synapse from input-788 to eb3f80fb-be50-4835-94d8-8be30f4764cb, harming 92.0% more records than it helps (29/3050)
Discovery 3cc2bff3 analyze harmful time 133ms found 1 candidates
Discovery 3cc2bff3 analyze squashes time 152ms found 0 candidates
Training 1bcf68f2 caused a higher error of 0.0010289877777356741 from 0.0010156537252034464
Training 9f1a3f92 with 1 binary file, target error: 0.000001, iterations: 1, sample rate: 100%, sparse: 100%
Fine tuning increased fitness by 2.626530859473064e-8 to 0.9989716293896735 adjusted 179 weights, 3 biases 
Discovery 9f1a3f92 with 1 binary files, sample rate: 100%, batch size: 512
Discovery 9f1a3f92 initialize time 126ms
Discovery 9f1a3f92 processing .trainData-fx_c_88/EURJPY/data.bin
Discovery 9f1a3f92 read time 4ms for .trainData-fx_c_88/EURJPY/data.bin with 3050 records
Remove neuron 94f98389-6624-4dd2-8a6c-db721ee11a07 as no longer connected
Over populated 54, expected 50.
Discovery 9f1a3f92 scanning time 959ms
Fine tuning increased fitness by 5.165364025394581e-9 to 0.9989716345550376 adjusted 179 weights, 3 biases 
compactUnused hidden neuron 920a8ef2 has no outward connections
Discovery 9f1a3f92 recorded time 1s 736ms
Training 9f1a3f92 caused a higher error of 0.0010288754074494028 from 0.001015599615525924
Training 4d037f26 with 1 binary file, target error: 0.000001, iterations: 1, sample rate: 100%, sparse: 100%
Over populated 52, expected 50.
Culling duplicate creature at 48 of 52
DeDuplication of 1 creatures to 51 in 11ms (previous experiment )
compactUnused hidden neuron 920a8ef2 has no outward connections
Generation 30 score 0.9989716389023948  error 0.0010155901028046665 avg time 1s 235ms
Training 4d037f26 caused a higher error of 0.0010288628277334776 from 0.0010155929160541076
Training 8a7616c8 with 1 binary file, target error: 0.000001, iterations: 1, sample rate: 100%, sparse: 100%
Culling duplicate creature at 40 of 51
DeDuplication of 1 creatures to 50 in 12ms (previous experiment )
compactUnused hidden neuron 920a8ef2 has no outward connections
Discovered beneficial synapse from input-413 to eb3f80fb-be50-4835-94d8-8be30f4764cb with weight 1.0000, helping 47.0% more records than it harms (2152/3050)
Discovery 9f1a3f92 analyze time 4s 928ms found 1 candidates
Discovered harmful synapse from input-788 to eb3f80fb-be50-4835-94d8-8be30f4764cb, harming 92.2% more records than it helps (29/3050)
Discovery 9f1a3f92 analyze harmful time 141ms found 1 candidates
Discovery 9f1a3f92 analyze squashes time 169ms found 0 candidates
Training 8a7616c8 caused a higher error of 0.001028854176122538 from 0.0010155861301111243
Training 48227004 with 1 binary file, target error: 0.000001, iterations: 1, sample rate: 100%, sparse: 100%
Discovery 48227004 with 1 binary files, sample rate: 100%, batch size: 512
Discovery 48227004 initialize time 128ms
Discovery 48227004 processing .trainData-fx_c_88/EURJPY/data.bin
Remove neuron 9d522439-b636-423d-b0e8-052d920a8ef2 as no longer connected
Discovery 48227004 read time 4ms for .trainData-fx_c_88/EURJPY/data.bin with 3050 records
Discovery 48227004 scanning time 1s 63ms
Fine tuning increased fitness by 6.692609688663254e-8 to 0.9989717861093741 adjusted 1 weight 
compactUnused hidden neuron 920a8ef2 has no outward connections
Discovery 48227004 recorded time 1s 611ms
Training 48227004 caused a higher error of 0.00102880507834545 from 0.001015499821926447
Training f115760a with 1 binary file, target error: 0.000001, iterations: 1, sample rate: 100%, sparse: 100%
Fine tuning increased fitness by 1.700348750688363e-10 to 0.998971786279409 adjusted 1 weight 
Fine tuning increased fitness by 3.2128744109627405e-12 to 0.9989717862826218 adjusted 1 weight 
compactUnused hidden neuron 920a8ef2 has no outward connections
Training f115760a caused a higher error of 0.0010287779419075349 from 0.0010154327257947218
Training 5cc5a6c0 with 1 binary file, target error: 0.000001, iterations: 1, sample rate: 100%, sparse: 100%
Fine tuning increased fitness by 2.7204904995414836e-12 to 0.9989717862853423 adjusted 1 weight 
Fine tuning increased fitness by 9.588996263687477e-13 to 0.9989717862863012 adjusted 1 weight 
compactUnused hidden neuron 920a8ef2 has no outward connections
Discovered beneficial synapse from input-413 to eb3f80fb-be50-4835-94d8-8be30f4764cb with weight 1.0000, helping 46.9% more records than it harms (2151/3050)
Discovery 48227004 analyze time 5s 448ms found 1 candidates
Discovered harmful synapse from input-788 to eb3f80fb-be50-4835-94d8-8be30f4764cb, harming 92.2% more records than it helps (29/3050)
Discovery 48227004 analyze harmful time 167ms found 1 candidates
Discovery 48227004 analyze squashes time 216ms found 0 candidates
Training 5cc5a6c0 caused a higher error of 0.00102877806140605 from 0.0010154327198613699
Training 16d0e59a with 1 binary file, target error: 0.000001, iterations: 1, sample rate: 100%, sparse: 100%
Fine tuning increased fitness by 2.3746016264425407e-9 to 0.9989717886609029 adjusted 387 weights, 10 biases 
Discovery 745343a6 with 1 binary files, sample rate: 100%, batch size: 512
Discovery 745343a6 initialize time 805ms
Discovery 745343a6 processing .trainData-fx_c_88/EURJPY/data.bin
compactUnused hidden neuron 920a8ef2 has no outward connections
Remove neuron eb3f80fb-be50-4835-94d8-8be30f4764cb as no longer connected
Generation 40 score 0.9989717886609029  error 0.0010154303443008213 avg time 1s 343ms
Training 16d0e59a caused a higher error of 0.0010287780483271207 from 0.0010154327189024212
Training f64faaab with 1 binary file, target error: 0.000001, iterations: 1, sample rate: 100%, sparse: 100%
Fine tuning increased fitness by 3.2649799530659607e-9 to 0.9989717919258828 adjusted 359 weights, 10 biases 
Discovery 745343a6 read time 4ms for .trainData-fx_c_88/EURJPY/data.bin with 3050 records
Discovery 745343a6 scanning time 2s 892ms
Over populated 52, expected 50.
compactUnused hidden neuron 920a8ef2 has no outward connections
Training f64faaab caused a higher error of 0.0010287713948419833 from 0.0010154270793209003
Training f56fca05 with 1 binary file, target error: 0.000001, iterations: 1, sample rate: 100%, sparse: 100%
Discovery 745343a6 recorded time 7s 203ms
Fine tuning increased fitness by 3.2643482916761e-8 to 0.9989718382553088 adjusted 1 weight 
compactUnused hidden neuron 920a8ef2 has no outward connections
Training f56fca05 caused a higher error of 0.0010287491418365993 from 0.0010154033933820813
Training df55234d with 1 binary file, target error: 0.000001, iterations: 1, sample rate: 100%, sparse: 100%
Fine tuning increased fitness by 2.9514907629035747e-8 to 0.9989718677702164 adjusted 1 weight 
Fine tuning increased fitness by 5.780387057896519e-9 to 0.9989718735506035 adjusted 1 weight 
compactUnused hidden neuron 920a8ef2 has no outward connections
Training df55234d caused a higher error of 0.0010287094290209243 from 0.0010153412349916213
Training 27babf5a with 1 binary file, target error: 0.000001, iterations: 1, sample rate: 100%, sparse: 100%
Fine tuning increased fitness by 6.292278920128069e-10 to 0.9989718741798314 adjusted 1 weight 
Discovered beneficial synapse from input-413 to eb3f80fb-be50-4835-94d8-8be30f4764cb with weight 1.0000, helping 47.1% more records than it harms (2155/3050)
Discovery 745343a6 analyze time 5s 797ms found 1 candidates
Discovered harmful synapse from input-788 to eb3f80fb-be50-4835-94d8-8be30f4764cb, harming 92.2% more records than it helps (30/3050)
Discovery 745343a6 analyze harmful time 402ms found 1 candidates
Fine tuning increased fitness by 2.716346036990558e-10 to 0.998971874451466 adjusted 1 weight 
Discovery 745343a6 analyze squashes time 268ms found 0 candidates
compactUnused hidden neuron 920a8ef2 has no outward connections
Training 27babf5a caused a higher error of 0.0010287043838252596 from 0.001015334825376627
Training 72b16142 with 1 binary file, target error: 0.000001, iterations: 1, sample rate: 100%, sparse: 100%
Generation 50 score 0.998971874451466  error 0.0010153345537420144 avg time 1s 599ms
Fine tuning increased fitness by 1.906337199208963e-9 to 0.9989718763578032 adjusted 500 weights, 12 biases 
Discovery 89ba5746 with 1 binary files, sample rate: 100%, batch size: 512
compactUnused hidden neuron 920a8ef2 has no outward connections
Discovery 89ba5746 initialize time 907ms
Discovery 89ba5746 processing .trainData-fx_c_88/EURJPY/data.bin
Training 72b16142 caused a higher error of 0.0010287038720506268 from 0.0010153345537420144
Training 901ad444 with 1 binary file, target error: 0.000001, iterations: 1, sample rate: 100%, sparse: 100%
Fine tuning increased fitness by 4.011495802203058e-9 to 0.998971880369299 adjusted 469 weights, 10 biases 
Discovery 89ba5746 read time 5ms for .trainData-fx_c_88/EURJPY/data.bin with 3050 records
Discovery 89ba5746 scanning time 3s 80ms
Over populated 52, expected 50.
compactUnused hidden neuron 920a8ef2 has no outward connections
Training 901ad444 caused a higher error of 0.0010286894938571266 from 0.0010153286359090368
Training c96f1772 with 1 binary file, target error: 0.000001, iterations: 1, sample rate: 100%, sparse: 100%
Discovery 89ba5746 recorded time 7s 613ms
Fine tuning increased fitness by 2.582468017209294e-9 to 0.9989718940217938 adjusted 150 weights, 4 biases 
compactUnused hidden neuron 920a8ef2 has no outward connections
Training c96f1772 caused a higher error of 0.0010286789557223685 from 0.001015317565882212
Training cf49ae24 with 1 binary file, target error: 0.000001, iterations: 1, sample rate: 100%, sparse: 100%
Fine tuning increased fitness by 3.943782744819657e-9 to 0.9989718979655765 adjusted 150 weights, 4 biases 
compactUnused hidden neuron 920a8ef2 has no outward connections
Training cf49ae24 caused a higher error of 0.0010286722679418083 from 0.0010153110396315264
Discovered beneficial synapse from input-413 to eb3f80fb-be50-4835-94d8-8be30f4764cb with weight 1.0000, helping 47.1% more records than it harms (2154/3050)
Discovery 89ba5746 analyze time 6s 26ms found 1 candidates
Discovered harmful synapse from input-788 to eb3f80fb-be50-4835-94d8-8be30f4764cb, harming 92.3% more records than it helps (29/3050)
Discovery 89ba5746 analyze harmful time 350ms found 1 candidates
Training 29f45ceb with 1 binary file, target error: 0.000001, iterations: 1, sample rate: 100%, sparse: 100%
Fine tuning increased fitness by 1.375097669065184e-8 to 0.9989719268270747 adjusted 285 weights, 6 biases 
Discovery 89ba5746 analyze squashes time 304ms found 0 candidates
Over populated 52, expected 50.
Discovery 3e259dec with 1 binary files, sample rate: 100%, batch size: 512
compactUnused hidden neuron 920a8ef2 has no outward connections
Discovery 3e259dec initialize time 833ms
Discovery 3e259dec processing .trainData-fx_c_88/EURJPY/data.bin
Training 29f45ceb caused a higher error of 0.0010286717330571513 from 0.0010152821781332683
Training 02915100 with 1 binary file, target error: 0.000001, iterations: 1, sample rate: 100%, sparse: 100%
Fine tuning increased fitness by 9.061331462945077e-9 to 0.9989719495067131 adjusted 194 weights, 3 biases 
Discovery 3e259dec read time 2ms for .trainData-fx_c_88/EURJPY/data.bin with 3050 records
Discovery 3e259dec scanning time 2s 695ms
Generation 60 score 0.9989719495067131  error 0.001015259498494887 avg time 2s 43ms
Fine tuning increased fitness by 7.043972183318203e-9 to 0.9989719565506853 adjusted 194 weights, 3 biases 
compactUnused hidden neuron 920a8ef2 has no outward connections
Discovery 3e259dec recorded time 4s 830ms
Training 02915100 caused a higher error of 0.001028656148993365 from 0.001015259498494887
Training 4a97416d with 1 binary file, target error: 0.000001, iterations: 1, sample rate: 100%, sparse: 100%
Fine tuning increased fitness by 7.394534762283911e-9 to 0.99897196394522 adjusted 194 weights, 3 biases 
compactUnused hidden neuron 920a8ef2 has no outward connections
Training 4a97416d caused a higher error of 0.0010286406057293147 from 0.0010152450599879791
Training c28271d1 with 1 binary file, target error: 0.000001, iterations: 1, sample rate: 100%, sparse: 100%
Discovered beneficial synapse from input-413 to eb3f80fb-be50-4835-94d8-8be30f4764cb with weight 1.0000, helping 46.9% more records than it harms (2148/3050)
Discovery 3e259dec analyze time 5s 41ms found 1 candidates
Discovered harmful synapse from input-788 to eb3f80fb-be50-4835-94d8-8be30f4764cb, harming 92.1% more records than it helps (29/3050)
Discovery 3e259dec analyze harmful time 146ms found 1 candidates
Discovery 3e259dec analyze squashes time 178ms found 0 candidates
Discovery 81cb8965 with 1 binary files, sample rate: 100%, batch size: 512
Discovery 81cb8965 initialize time 172ms
Discovery 81cb8965 processing .trainData-fx_c_88/EURJPY/data.bin
compactUnused hidden neuron 920a8ef2 has no outward connections
Training c28271d1 caused a higher error of 0.001028639915271433 from 0.0010152367951549745
Discovery 81cb8965 read time 2ms for .trainData-fx_c_88/EURJPY/data.bin with 3050 records
Training b322b0d7 with 1 binary file, target error: 0.000001, iterations: 1, sample rate: 100%, sparse: 100%
Discovery 81cb8965 scanning time 1s 250ms
Discovery 81cb8965 recorded time 2s 125ms
Fine tuning increased fitness by 1.2275056526789285e-9 to 0.9989719744979548 adjusted 111 weights, 2 biases 
compactUnused hidden neuron 920a8ef2 has no outward connections
Training b322b0d7 caused a higher error of 0.0010286387165828561 from 0.0010152357347587729
Training 6ca8b80f with 1 binary file, target error: 0.000001, iterations: 1, sample rate: 100%, sparse: 100%
compactUnused hidden neuron 920a8ef2 has no outward connections
Training 6ca8b80f caused a higher error of 0.0010286350784379271 from 0.0010152324409647092
Training 5202d0a7 with 1 binary file, target error: 0.000001, iterations: 1, sample rate: 100%, sparse: 100%
Fine tuning increased fitness by 2.4063672610097342e-8 to 0.9989720044177303 adjusted 1 weight 
Discovered beneficial synapse from input-413 to eb3f80fb-be50-4835-94d8-8be30f4764cb with weight 1.0000, helping 46.9% more records than it harms (2148/3050)
Discovery 81cb8965 analyze time 5s 116ms found 1 candidates
Discovered harmful synapse from input-788 to eb3f80fb-be50-4835-94d8-8be30f4764cb, harming 92.1% more records than it helps (29/3050)
Discovery 81cb8965 analyze harmful time 146ms found 1 candidates
Discovery 81cb8965 analyze squashes time 174ms found 0 candidates
Generation 70 score 0.9989720044177303  error 0.0010151945874820338 avg time 1s 542ms
Fine tuning increased fitness by 5.384861267998531e-8 to 0.9989720582663429 adjusted 1 weight 
Discovery 4fb50fd1 with 1 binary files, sample rate: 100%, batch size: 512
Discovery 4fb50fd1 initialize time 314ms
Discovery 4fb50fd1 processing .trainData-fx_c_88/EURJPY/data.bin
compactUnused hidden neuron 920a8ef2 has no outward connections
Training 5202d0a7 caused a higher error of 0.0010286063913275134 from 0.0010151945874820338
Training d48b0c04 with 1 binary file, target error: 0.000001, iterations: 1, sample rate: 100%, sparse: 100%
Fine tuning increased fitness by 6.299492383288197e-8 to 0.9989721212612668 adjusted 1 weight 
Discovery 4fb50fd1 read time 4ms for .trainData-fx_c_88/EURJPY/data.bin with 3050 records
Discovery 4fb50fd1 scanning time 1s 514ms
Fine tuning increased fitness by 2.3155154460496874e-9 to 0.9989721235767822 adjusted 1 weight 
Discovery 4fb50fd1 recorded time 2s 486ms
compactUnused hidden neuron 920a8ef2 has no outward connections
Training d48b0c04 caused a higher error of 0.0010284977646872011 from 0.0010150777439455344
Training a1976602 with 1 binary file, target error: 0.000001, iterations: 1, sample rate: 100%, sparse: 100%
Fine tuning increased fitness by 1.745299404998235e-8 to 0.9989721410297763 adjusted 1 weight 
Fine tuning increased fitness by 2.0721572346893424e-8 to 0.9989721617513486 adjusted 1 weight 
compactUnused hidden neuron 920a8ef2 has no outward connections
Fine tuning increased fitness by 3.5875656889672314e-9 to 0.9989721653389143 adjusted 1 weight 
Training a1976602 caused a higher error of 0.001028473543153614 from 0.0010150479754402746
Training 51fd073c with 1 binary file, target error: 0.000001, iterations: 1, sample rate: 100%, sparse: 100%
Fine tuning increased fitness by 1.2151236683521915e-9 to 0.998972166554038 adjusted 1 weight 
Fine tuning increased fitness by 1.0116241178081964e-11 to 0.9989721665641542 adjusted 1 weight 
Discovered beneficial synapse from input-413 to eb3f80fb-be50-4835-94d8-8be30f4764cb with weight 1.0000, helping 46.9% more records than it harms (2149/3050)
Discovery 4fb50fd1 analyze time 5s 436ms found 1 candidates
Discovered harmful synapse from input-788 to eb3f80fb-be50-4835-94d8-8be30f4764cb, harming 92.1% more records than it helps (29/3050)
Discovery 4fb50fd1 analyze harmful time 211ms found 1 candidates
Discovery 4fb50fd1 analyze squashes time 187ms found 0 candidates
compactUnused hidden neuron 920a8ef2 has no outward connections
Fine tuning increased fitness by 5.4578563890572696e-12 to 0.9989721665696121 adjusted 1 weight 
Training 51fd073c caused a higher error of 0.0010284585084843363 from 0.001015022451178528
Training 9b89675b with 1 binary file, target error: 0.000001, iterations: 1, sample rate: 100%, sparse: 100%
Generation 80 score 0.9989721665696121  error 0.0010150224356044741 avg time 1s 73ms
Fine tuning increased fitness by 5.229018107399952e-9 to 0.9989721717986302 adjusted 500 weights, 12 biases 
Discovery 48d396dc with 1 binary files, sample rate: 100%, batch size: 512
Discovery 48d396dc initialize time 180ms
Discovery 48d396dc processing .trainData-fx_c_88/EURJPY/data.bin
compactUnused hidden neuron 920a8ef2 has no outward connections
Discovery 48d396dc read time 4ms for .trainData-fx_c_88/EURJPY/data.bin with 3050 records
Discovery 48d396dc scanning time 1s 131ms
Training 9b89675b caused a higher error of 0.0010284581845151348 from 0.0010150224356044741
Training 6ab17d2c with 1 binary file, target error: 0.000001, iterations: 1, sample rate: 100%, sparse: 100%
Discovery 48d396dc recorded time 2s 112ms
Fine tuning increased fitness by 1.422869055911491e-8 to 0.9989721967803853 adjusted 146 weights, 4 biases 
compactUnused hidden neuron 920a8ef2 has no outward connections
Training 6ab17d2c caused a higher error of 0.0010284503624013517 from 0.0010150064535218645
Training 66bbd9e9 with 1 binary file, target error: 0.000001, iterations: 1, sample rate: 100%, sparse: 100%
Over populated 52, expected 50.
Fine tuning increased fitness by 6.950559572338477e-9 to 0.998972214943305 adjusted 146 weights, 4 biases 
compactUnused hidden neuron 920a8ef2 has no outward connections
Training 66bbd9e9 caused a higher error of 0.00102842452502129 from 0.0010149810124711234
Discovered beneficial synapse from input-413 to eb3f80fb-be50-4835-94d8-8be30f4764cb with weight 1.0000, helping 47.1% more records than it harms (2152/3050)
Discovery 48d396dc analyze time 4s 768ms found 1 candidates
Discovered harmful synapse from input-788 to eb3f80fb-be50-4835-94d8-8be30f4764cb, harming 92.1% more records than it helps (29/3050)
Discovery 48d396dc analyze harmful time 481ms found 1 candidates
Training a75bae71 with 1 binary file, target error: 0.000001, iterations: 1, sample rate: 100%, sparse: 100%
Discovery 48d396dc analyze squashes time 258ms found 0 candidates
compactUnused hidden neuron 920a8ef2 has no outward connections
Fine tuning increased fitness by 2.773837470826379e-8 to 0.9989722452893678 adjusted 471 weights, 11 biases 
Discovery d6ffe1d4 with 1 binary files, sample rate: 100%, batch size: 512
Discovery d6ffe1d4 initialize time 113ms
Discovery d6ffe1d4 processing .trainData-fx_c_88/EURJPY/data.bin
Training a75bae71 caused a higher error of 0.0010284167149953618 from 0.0010149714542234348
Discovery d6ffe1d4 read time 1ms for .trainData-fx_c_88/EURJPY/data.bin with 3050 records
Discovery d6ffe1d4 scanning time 1s 124ms
Training 267b90f6 with 1 binary file, target error: 0.000001, iterations: 1, sample rate: 100%, sparse: 100%
Fine tuning increased fitness by 2.096132600826195e-8 to 0.9989722662506938 adjusted 471 weights, 11 biases 
Discovery d6ffe1d4 recorded time 1s 644ms
Over populated 52, expected 50.
Fine tuning increased fitness by 5.3068209826534485e-9 to 0.9989722715575148 adjusted 471 weights, 11 biases 
compactUnused hidden neuron 920a8ef2 has no outward connections
Training 267b90f6 caused a higher error of 0.001028421425544997 from 0.001014922754522697
Training 0eaa7884 with 1 binary file, target error: 0.000001, iterations: 1, sample rate: 100%, sparse: 100%
Fine tuning increased fitness by 2.547562605315079e-9 to 0.9989722741050774 adjusted 471 weights, 11 biases 
Over populated 52, expected 50.
Generation 90 score 0.9989722741050774  error 0.0010149149001391629 avg time 1s 507ms
compactUnused hidden neuron 920a8ef2 has no outward connections
Training 0eaa7884 caused a higher error of 0.0010284047913319092 from 0.0010149149001391629
Discovered beneficial synapse from input-413 to eb3f80fb-be50-4835-94d8-8be30f4764cb with weight 1.0000, helping 47.0% more records than it harms (2151/3050)
Discovery d6ffe1d4 analyze time 4s 820ms found 1 candidates
Training 5ae8c62d with 1 binary file, target error: 0.000001, iterations: 1, sample rate: 100%, sparse: 100%
Discovered harmful synapse from input-788 to eb3f80fb-be50-4835-94d8-8be30f4764cb, harming 92.1% more records than it helps (30/3050)
Discovery d6ffe1d4 analyze harmful time 203ms found 1 candidates
Fine tuning increased fitness by 3.733713560549745e-9 to 0.998972287343146 adjusted 269 weights, 6 biases 
Discovery d6ffe1d4 analyze squashes time 170ms found 0 candidates
Over populated 52, expected 50.
Fine tuning increased fitness by 6.287992349029992e-9 to 0.9989722936311384 adjusted 269 weights, 6 biases 
Discovery 5410225b with 1 binary files, sample rate: 100%, batch size: 512
Discovery 5410225b initialize time 129ms
Discovery 5410225b processing .trainData-fx_c_88/EURJPY/data.bin
compactUnused hidden neuron 920a8ef2 has no outward connections
Discovery 5410225b read time 3ms for .trainData-fx_c_88/EURJPY/data.bin with 3050 records
Discovery 5410225b scanning time 861ms
Training 5ae8c62d caused a higher error of 0.0010283902707021915 from 0.0010149016620705587
Training 02e57ab0 with 1 binary file, target error: 0.000001, iterations: 1, sample rate: 100%, sparse: 100%
Fine tuning increased fitness by 7.945325286584648e-9 to 0.9989723015764637 adjusted 269 weights, 6 biases 
Discovery 5410225b recorded time 1s 658ms
Over populated 52, expected 50.
compactUnused hidden neuron 920a8ef2 has no outward connections
Training 02e57ab0 caused a higher error of 0.0010283721275731119 from 0.0010148874287529003
Training ecc9efaa with 1 binary file, target error: 0.000001, iterations: 1, sample rate: 100%, sparse: 100%
Fine tuning increased fitness by 7.290332004750155e-9 to 0.9989723200776468 adjusted 269 weights, 6 biases 
Fine tuning increased fitness by 7.389958645021011e-9 to 0.9989723274676054 adjusted 269 weights, 6 biases 
compactUnused hidden neuron 920a8ef2 has no outward connections
Training ecc9efaa caused a higher error of 0.0010283392830590212 from 0.0010148689275698494
Discovered beneficial synapse from input-413 to eb3f80fb-be50-4835-94d8-8be30f4764cb with weight 1.0000, helping 46.9% more records than it harms (2148/3050)
Discovery 5410225b analyze time 4s 706ms found 1 candidates
Training 60915105 with 1 binary file, target error: 0.000001, iterations: 1, sample rate: 100%, sparse: 100%
Discovered harmful synapse from input-788 to eb3f80fb-be50-4835-94d8-8be30f4764cb, harming 92.1% more records than it helps (29/3050)
Discovery 5410225b analyze harmful time 167ms found 1 candidates
Fine tuning increased fitness by 5.859616680758961e-9 to 0.9989723333272221 adjusted 269 weights, 6 biases 
Discovery 5410225b analyze squashes time 197ms found 0 candidates
Over populated 52, expected 50.
Discovery 2d569cee with 1 binary files, sample rate: 100%, batch size: 512
compactUnused hidden neuron 920a8ef2 has no outward connections
Discovery 2d569cee initialize time 450ms
Discovery 2d569cee processing .trainData-fx_c_88/EURJPY/data.bin
Training 60915105 caused a higher error of 0.0010283164992795225 from 0.001014855677994555
Training 0f76846d with 1 binary file, target error: 0.000001, iterations: 1, sample rate: 100%, sparse: 100%
Fine tuning increased fitness by 5.744275499708351e-9 to 0.9989723451462489 adjusted 269 weights, 6 biases 
Discovery 2d569cee read time 7ms for .trainData-fx_c_88/EURJPY/data.bin with 3050 records
Discovery 2d569cee scanning time 2s 462ms
Generation 100 score 0.9989723451462489  error 0.001014843858967778 avg time 1s 501ms
Fine tuning increased fitness by 3.4903958612275687e-9 to 0.9989723486366447 adjusted 269 weights, 6 biases 
compactUnused hidden neuron 920a8ef2 has no outward connections
Training 0f76846d caused a higher error of 0.0010283034372480491 from 0.001014843858967778
Discovery 2d569cee recorded time 6s 134ms
Fine tuning increased fitness by 5.6234170653368665e-9 to 0.9989723608270433 adjusted 192 weights, 4 biases 
Fine tuning increased fitness by 7.188364903321087e-9 to 0.9989723680154082 adjusted 192 weights, 4 biases 
Discovered beneficial synapse from input-413 to eb3f80fb-be50-4835-94d8-8be30f4764cb with weight 1.0000, helping 47.0% more records than it harms (2151/3050)
Discovery 2d569cee analyze time 6s 225ms found 1 candidates
Discovered harmful synapse from input-788 to eb3f80fb-be50-4835-94d8-8be30f4764cb, harming 92.2% more records than it helps (29/3050)
Discovery 2d569cee analyze harmful time 170ms found 1 candidates
Discovery 2d569cee analyze squashes time 272ms found 0 candidates
Fine tuning increased fitness by 7.348334607470974e-9 to 0.9989723753637428 adjusted 192 weights, 4 biases 
Fine tuning increased fitness by 1.4941273773771968e-9 to 0.9989723768578702 adjusted 192 weights, 4 biases 
Fine tuning increased fitness by 1.378930747364393e-9 to 0.998972378236801 adjusted 192 weights, 4 biases 
Generation 110 score 0.9989724213171433  error 0.0010147676880733142 avg time 2s 154ms
Fine tuning increased fitness by 3.3179726188770076e-8 to 0.9989724544968694 adjusted 447 weights, 11 biases 
Fine tuning increased fitness by 8.883248692193035e-9 to 0.9989724941614364 adjusted 142 weights, 5 biases 
Generation 114 score 0.9989724941614364  error 0.0010146948437801868 avg time 900ms
{
  error: 0.0010146948437801868,
  score: 0.9989724941614364,
  generation: 114,
  time: 181490
}

=== Processing AUDEUR (3/10) ===
loaded ../GRQ-portfolio/best/fx/v1/AUDEUR.json
7 mutations, mutation rate 5.0%, elitism 6, mutation FFW, selection TOURNAMENT
Creature count: 50
Culling duplicate creature at 1 of 51
DeDuplication of 1 creatures to 50 in  (previous experiment )
Training d555aa62 with 1 binary file, target error: 0.000001, iterations: 1, sample rate: 100%, sparse: 100%
Discovery d555aa62 with 1 binary files, sample rate: 100%, batch size: 512
Discovery d555aa62 initialize time 599ms
Discovery d555aa62 processing .trainData-fx_c_88/AUDEUR/data.bin
Discovery d555aa62 read time 6ms for .trainData-fx_c_88/AUDEUR/data.bin with 2736 records
Discovery d555aa62 scanning time 2s 763ms
Training d555aa62 caused a higher error of 0.0005941663895701275 from 0.000551846272311348
Training fea02432 with 1 binary file, target error: 0.000001, iterations: 1, sample rate: 100%, sparse: 100%
Discovery d555aa62 recorded time 5s 266ms
Over populated 52, expected 50.
Training fea02432 caused a higher error of 0.0005941675768624073 from 0.0005518485897535004
Training d0d99ab1 with 1 binary file, target error: 0.000001, iterations: 1, sample rate: 100%, sparse: 100%
Over populated 52, expected 50.
Training d0d99ab1 caused a higher error of 0.0005941654973728872 from 0.0005518423411566642
Training d7b7aa6b with 1 binary file, target error: 0.000001, iterations: 1, sample rate: 100%, sparse: 100%
Fine tuning increased fitness by 1.556773598920813e-8 to 0.9994380423584388 adjusted 111 weights, 2 biases 
Training d7b7aa6b caused a higher error of 0.0005941563477986244 from 0.0005518267734282484
Training 044f285c with 1 binary file, target error: 0.000001, iterations: 1, sample rate: 100%, sparse: 100%
Fine tuning increased fitness by 1.6369463118337535e-8 to 0.9994380587279019 adjusted 111 weights, 2 biases 
Fine tuning increased fitness by 2.7897012366828733e-8 to 0.9994380866249143 adjusted 111 weights, 2 biases 
Training 044f285c caused a higher error of 0.000594150818440174 from 0.0005518104039803074
Training 89a0e755 with 1 binary file, target error: 0.000001, iterations: 1, sample rate: 100%, sparse: 100%
Fine tuning increased fitness by 3.673600501574725e-8 to 0.9994381233609193 adjusted 111 weights, 2 biases 
Training 89a0e755 caused a higher error of 0.0005941289209345635 from 0.0005517457710205685
Training 6cc7669a with 1 binary file, target error: 0.000001, iterations: 1, sample rate: 100%, sparse: 100%
Training 6cc7669a caused a higher error of 0.0005941231795309213 from 0.0005517048546537001
Training fe5f56a3 with 1 binary file, target error: 0.000001, iterations: 1, sample rate: 100%, sparse: 100%
Fine tuning increased fitness by 2.9963624137430145e-8 to 0.999438194240967 adjusted 107 weights, 1 bias 
Generation 10 score 0.999438194240967  error 0.0005516748911241372 avg time 2s 103ms
Training fe5f56a3 caused a higher error of 0.0005941343523311739 from 0.0005516748911241372
Training f596caf1 with 1 binary file, target error: 0.000001, iterations: 1, sample rate: 100%, sparse: 100%
Fine tuning increased fitness by 9.077101625898365e-9 to 0.9994382033180687 adjusted 107 weights, 1 bias 
Discovered beneficial synapse from input-1444 to output-0 with weight 1.0000, helping 28.0% more records than it harms (1751/2736)
Discovery d555aa62 analyze time 16s 46ms found 1 candidates
Training f596caf1 caused a higher error of 0.0005941445693693504 from 0.0005516658140996439
Training a9332dfe with 1 binary file, target error: 0.000001, iterations: 1, sample rate: 100%, sparse: 100%
Discovered harmful synapse from input-1348 to 80913881-f4de-41ac-8e6a-35a462a7a387, harming 51.7% more records than it helps (527/2736)
Discovery d555aa62 analyze harmful time 872ms found 1 candidates
Discovery d555aa62 analyze squashes time 260ms found 2 candidates, Summary: output-0 LeakyReLU -> LogSigmoid improved: 20.7% error: 0.9539 -> 0.7561,80913881-f4de-41ac-8e6a-35a462a7a387 ReLU6 -> SQUARE improved: 31.8% error: 0.0472 -> 0.0322
Fine tuning increased fitness by 1.3531543552325331e-8 to 0.9994382363150477 adjusted 87 weights, 1 bias 
Discovery b58ca06a with 1 binary files, sample rate: 100%, batch size: 512
Discovery b58ca06a initialize time 554ms
Discovery b58ca06a processing .trainData-fx_c_88/AUDEUR/data.bin
Training a9332dfe caused a higher error of 0.0005941160024465548 from 0.0005516463486264846
Training 4a949725 with 1 binary file, target error: 0.000001, iterations: 1, sample rate: 100%, sparse: 100%
Fine tuning increased fitness by 3.629886613509825e-9 to 0.9994382399449343 adjusted 87 weights, 1 bias 
Discovery b58ca06a read time 3ms for .trainData-fx_c_88/AUDEUR/data.bin with 2736 records
Discovery b58ca06a scanning time 2s 572ms
Training 4a949725 caused a higher error of 0.0005940990196847736 from 0.0005516291872060602
Training 02e68c7b with 1 binary file, target error: 0.000001, iterations: 1, sample rate: 100%, sparse: 100%
Fine tuning increased fitness by 5.060855290395239e-9 to 0.9994382485263739 adjusted 87 weights, 1 bias 
Discovery b58ca06a recorded time 6s 348ms
Training 02e68c7b caused a higher error of 0.0005940944510065963 from 0.0005516206057634665
Training 8cb9ca5a with 1 binary file, target error: 0.000001, iterations: 1, sample rate: 100%, sparse: 100%
Fine tuning increased fitness by 7.66257624018607e-9 to 0.9994382561889501 adjusted 87 weights, 1 bias 
Training 8cb9ca5a caused a higher error of 0.0005940886329159877 from 0.0005516129431833121
Training 6fb83793 with 1 binary file, target error: 0.000001, iterations: 1, sample rate: 100%, sparse: 100%
Training 6fb83793 caused a higher error of 0.00059404104529286 from 0.0005515648759070865
Training 2b1e6ba0 with 1 binary file, target error: 0.000001, iterations: 1, sample rate: 100%, sparse: 100%
Fine tuning increased fitness by 1.7024640697194116e-8 to 0.9994383212808338 adjusted 188 weights, 3 biases 
Generation 20 score 0.9994383212808338  error 0.0005515478512371699 avg time 1s 826ms
Training 2b1e6ba0 caused a higher error of 0.0005940483712135017 from 0.0005515478512371699
Training 3d69f1fb with 1 binary file, target error: 0.000001, iterations: 1, sample rate: 100%, sparse: 100%
Training 3d69f1fb caused a higher error of 0.0005940379899318441 from 0.000551521925093654
Training 1c30962e with 1 binary file, target error: 0.000001, iterations: 1, sample rate: 100%, sparse: 100%
Training 1c30962e caused a higher error of 0.0005940051046448341 from 0.0005515059373772867
Training a26fc6a0 with 1 binary file, target error: 0.000001, iterations: 1, sample rate: 100%, sparse: 100%
Fine tuning increased fitness by 1.2071256216827919e-8 to 0.9994383752658045 adjusted 181 weights, 3 biases 
Discovered beneficial synapse from input-1444 to output-0 with weight 1.0000, helping 28.0% more records than it harms (1751/2736)
Discovery b58ca06a analyze time 11s 492ms found 1 candidates
Training a26fc6a0 caused a higher error of 0.0005939930650545637 from 0.0005514938660668858
Training 4e75a410 with 1 binary file, target error: 0.000001, iterations: 1, sample rate: 100%, sparse: 100%
Fine tuning increased fitness by 9.012764423665942e-9 to 0.9994383842785689 adjusted 181 weights, 3 biases 
Discovered harmful synapse from input-1348 to 80913881-f4de-41ac-8e6a-35a462a7a387, harming 52.2% more records than it helps (521/2736)
Discovery b58ca06a analyze harmful time 1s 557ms found 1 candidates
Discovery b58ca06a analyze squashes time 246ms found 2 candidates, Summary: output-0 LeakyReLU -> LogSigmoid improved: 20.7% error: 0.9539 -> 0.7561,80913881-f4de-41ac-8e6a-35a462a7a387 ReLU6 -> SQUARE improved: 33.7% error: 0.0478 -> 0.0317
Training 4e75a410 caused a higher error of 0.0005939551315977947 from 0.0005514848532953364
Training 92ee966f with 1 binary file, target error: 0.000001, iterations: 1, sample rate: 100%, sparse: 100%
Discovery 92ee966f with 1 binary files, sample rate: 100%, batch size: 512
Discovery 92ee966f initialize time 125ms
Discovery 92ee966f processing .trainData-fx_c_88/AUDEUR/data.bin
Over populated 55, expected 50.
Training 92ee966f caused a higher error of 0.0005940085448313259 from 0.0005514723879337473
Discovery 92ee966f read time 4ms for .trainData-fx_c_88/AUDEUR/data.bin with 2736 records
Discovery 92ee966f scanning time 794ms
Training 66447bc0 with 1 binary file, target error: 0.000001, iterations: 1, sample rate: 100%, sparse: 100%
Discovery 92ee966f recorded time 1s 487ms
Training 66447bc0 caused a higher error of 0.0005939371889535303 from 0.0005514334714254777
Training d9d79424 with 1 binary file, target error: 0.000001, iterations: 1, sample rate: 100%, sparse: 100%
Fine tuning increased fitness by 1.225169776741808e-8 to 0.999438447912143 adjusted 285 weights, 6 biases 
Training d9d79424 caused a higher error of 0.0005939036532138157 from 0.0005514212197339866
Training b3dca560 with 1 binary file, target error: 0.000001, iterations: 1, sample rate: 100%, sparse: 100%
Training b3dca560 caused a higher error of 0.0005938736670845741 from 0.0005513908483781803
Training edc69197 with 1 binary file, target error: 0.000001, iterations: 1, sample rate: 100%, sparse: 100%
Fine tuning increased fitness by 4.48447314838063e-8 to 0.9994385231282407 adjusted 97 weights, 2 biases 
Training edc69197 caused a higher error of 0.0005938284312607533 from 0.0005513460036723546
Training 085f77ba with 1 binary file, target error: 0.000001, iterations: 1, sample rate: 100%, sparse: 100%
Fine tuning increased fitness by 6.975027477817974e-8 to 0.9994385928785154 adjusted 97 weights, 2 biases 
Generation 30 score 0.9994385928785154  error 0.0005512762534252709 avg time 1s 350ms
Training 085f77ba caused a higher error of 0.0005937569536563132 from 0.0005512762534252709
Training 15480255 with 1 binary file, target error: 0.000001, iterations: 1, sample rate: 100%, sparse: 100%
Fine tuning increased fitness by 8.73330190387378e-8 to 0.9994386802115345 adjusted 97 weights, 2 biases 
Training 15480255 caused a higher error of 0.0005936655457256808 from 0.0005511889204272076
Training b1312de5 with 1 binary file, target error: 0.000001, iterations: 1, sample rate: 100%, sparse: 100%
Fine tuning increased fitness by 9.555427415985918e-8 to 0.9994387757658086 adjusted 97 weights, 2 biases 
Training b1312de5 caused a higher error of 0.0005935666981370144 from 0.0005510933661357493
Training 64630b65 with 1 binary file, target error: 0.000001, iterations: 1, sample rate: 100%, sparse: 100%
Fine tuning increased fitness by 1.6124573454234792e-8 to 0.9994387918903821 adjusted 97 weights, 2 biases 
Discovered beneficial synapse from input-886 to 80913881-f4de-41ac-8e6a-35a462a7a387 with weight -0.2772, helping 52.7% more records than it harms (1956/2736)
Discovery 92ee966f analyze time 7s 515ms found 1 candidates
Discovered harmful synapse from input-1348 to 80913881-f4de-41ac-8e6a-35a462a7a387, harming 52.0% more records than it helps (524/2736)
Discovery 92ee966f analyze harmful time 313ms found 1 candidates
Discovery 92ee966f analyze squashes time 169ms found 2 candidates, Summary: output-0 LeakyReLU -> LogSigmoid improved: 20.7% error: 0.9539 -> 0.7561,80913881-f4de-41ac-8e6a-35a462a7a387 ReLU6 -> SQUARE improved: 34.7% error: 0.0480 -> 0.0314
Training 64630b65 caused a higher error of 0.0005935498275615999 from 0.0005510772415401558
Training 40422814 with 1 binary file, target error: 0.000001, iterations: 1, sample rate: 100%, sparse: 100%
Fine tuning increased fitness by 7.309351457429614e-9 to 0.9994387991997336 adjusted 97 weights, 2 biases 
Discovery 40422814 with 1 binary files, sample rate: 100%, batch size: 512
Discovery 40422814 initialize time 132ms
Discovery 40422814 processing .trainData-fx_c_88/AUDEUR/data.bin
Training 40422814 caused a higher error of 0.0005935402798401705 from 0.0005510699321452142
Discovery 40422814 read time 3ms for .trainData-fx_c_88/AUDEUR/data.bin with 2736 records
Discovery 40422814 scanning time 891ms
Training 51fc06f0 with 1 binary file, target error: 0.000001, iterations: 1, sample rate: 100%, sparse: 100%
Discovery 40422814 recorded time 1s 554ms
Training 51fc06f0 caused a higher error of 0.0005935332527247469 from 0.0005510667908257542
Training 5fd2b36c with 1 binary file, target error: 0.000001, iterations: 1, sample rate: 100%, sparse: 100%
Fine tuning increased fitness by 9.006833057156882e-10 to 0.9994388032416982 adjusted 88 weights, 2 biases 
Training 5fd2b36c caused a higher error of 0.0005935343306355344 from 0.0005510658901596507
Training eebefd38 with 1 binary file, target error: 0.000001, iterations: 1, sample rate: 100%, sparse: 100%
Training eebefd38 caused a higher error of 0.00059353278938908 from 0.0005510646611692853
Training f64a6daa with 1 binary file, target error: 0.000001, iterations: 1, sample rate: 100%, sparse: 100%
Training f64a6daa caused a higher error of 0.0005935308492405821 from 0.0005510625697114207
Training fe61d893 with 1 binary file, target error: 0.000001, iterations: 1, sample rate: 100%, sparse: 100%
Training fe61d893 caused a higher error of 0.0005935281182910055 from 0.0005510562354158822
Training 9f4c0dcf with 1 binary file, target error: 0.000001, iterations: 1, sample rate: 100%, sparse: 100%
Generation 40 score 0.9994388150971364  error 0.0005510540347125533 avg time 1s 117ms
Training 9f4c0dcf caused a higher error of 0.0005935269425551367 from 0.0005510540347125533
Training 1342683b with 1 binary file, target error: 0.000001, iterations: 1, sample rate: 100%, sparse: 100%
Training 1342683b caused a higher error of 0.0005935242155585528 from 0.0005510484913028792
Training ef2434fe with 1 binary file, target error: 0.000001, iterations: 1, sample rate: 100%, sparse: 100%
Over populated 52, expected 50.
Training ef2434fe caused a higher error of 0.0005935218469339491 from 0.0005510459364527527
Training e2b70e17 with 1 binary file, target error: 0.000001, iterations: 1, sample rate: 100%, sparse: 100%
Training e2b70e17 caused a higher error of 0.0005935197391422988 from 0.0005510445529572391
Training c74d4c59 with 1 binary file, target error: 0.000001, iterations: 1, sample rate: 100%, sparse: 100%
Fine tuning increased fitness by 5.560079174848909e-9 to 0.9994388301389655 adjusted 116 weights 
Discovered beneficial synapse from input-886 to 80913881-f4de-41ac-8e6a-35a462a7a387 with weight -0.2772, helping 53.0% more records than it harms (1960/2736)
Discovery 40422814 analyze time 10s 281ms found 1 candidates
Over populated 52, expected 50.
Discovered harmful synapse from input-1178 to output-0, harming 27.6% more records than it helps (991/2736)
Discovery 40422814 analyze harmful time 371ms found 1 candidates
Training c74d4c59 caused a higher error of 0.0005935155074023508 from 0.0005510389928709148
Training a28ab5a1 with 1 binary file, target error: 0.000001, iterations: 1, sample rate: 100%, sparse: 100%
Discovery 40422814 analyze squashes time 528ms found 2 candidates, Summary: 80913881-f4de-41ac-8e6a-35a462a7a387 ReLU6 -> SQUARE improved: 34.5% error: 0.0480 -> 0.0315,output-0 LeakyReLU -> LogSigmoid improved: 20.7% error: 0.9540 -> 0.7561
Training a28ab5a1 caused a higher error of 0.0005935126055422226 from 0.0005510366626570536
Training e8f1f10c with 1 binary file, target error: 0.000001, iterations: 1, sample rate: 100%, sparse: 100%
Discovery e8f1f10c with 1 binary files, sample rate: 100%, batch size: 512
Discovery e8f1f10c initialize time 634ms
Discovery e8f1f10c processing .trainData-fx_c_88/AUDEUR/data.bin
Over populated 55, expected 50.
Training e8f1f10c caused a higher error of 0.000593511203352791 from 0.0005510341482346533
Training 8791d48f with 1 binary file, target error: 0.000001, iterations: 1, sample rate: 100%, sparse: 100%
Fine tuning increased fitness by 9.144274226713378e-10 to 0.9994388358980192 adjusted 93 weights 
Discovery e8f1f10c read time 10ms for .trainData-fx_c_88/AUDEUR/data.bin with 2736 records
Discovery e8f1f10c scanning time 2s 195ms
Training 8791d48f caused a higher error of 0.0005935107402868396 from 0.0005510332338048823
Training 90078728 with 1 binary file, target error: 0.000001, iterations: 1, sample rate: 100%, sparse: 100%
Fine tuning increased fitness by 4.621441340724175e-9 to 0.9994388405194605 adjusted 93 weights 
Training 90078728 caused a higher error of 0.0005935083860447119 from 0.0005510286123647522
Training c42cd84a with 1 binary file, target error: 0.000001, iterations: 1, sample rate: 100%, sparse: 100%
Fine tuning increased fitness by 6.248864981017732e-9 to 0.9994388467683255 adjusted 93 weights 
Training c42cd84a caused a higher error of 0.0005935051295127678 from 0.0005510223635012166
Discovery e8f1f10c recorded time 6s 603ms
Training 5afbbe36 with 1 binary file, target error: 0.000001, iterations: 1, sample rate: 100%, sparse: 100%
Fine tuning increased fitness by 8.388583272456174e-9 to 0.9994388551569088 adjusted 93 weights 
Remove neuron 31ca1398-5725-42c5-9e64-a7b4c3bafb35 as no longer connected
Generation 50 score 0.9994388551569088  error 0.0005510139749190397 avg time 1s 519ms
Training 5afbbe36 caused a higher error of 0.0005935008178862029 from 0.0005510139749190397
Training aeb2585b with 1 binary file, target error: 0.000001, iterations: 1, sample rate: 100%, sparse: 100%
Fine tuning increased fitness by 1.3706983881256463e-8 to 0.9994388688638927 adjusted 93 weights 
Fine tuning increased fitness by 2.8848522903857088e-8 to 0.9994388977124156 adjusted 93 weights 
Training aeb2585b caused a higher error of 0.0005934937780184995 from 0.0005510002679356654
Training 361116bb with 1 binary file, target error: 0.000001, iterations: 1, sample rate: 100%, sparse: 100%
Fine tuning increased fitness by 2.9777301735478545e-8 to 0.9994389274897173 adjusted 93 weights 
Training 361116bb caused a higher error of 0.0005934637345580266 from 0.0005509416421070259
Training 3de72f60 with 1 binary file, target error: 0.000001, iterations: 1, sample rate: 100%, sparse: 100%
Fine tuning increased fitness by 1.5610296277834834e-8 to 0.9994389431000136 adjusted 93 weights 
Over populated 52, expected 50.
Fine tuning increased fitness by 3.783704349835659e-9 to 0.9994389468837179 adjusted 93 weights 
Training 3de72f60 caused a higher error of 0.0005934557320776985 from 0.000550926031809654
Training 973f445f with 1 binary file, target error: 0.000001, iterations: 1, sample rate: 100%, sparse: 100%
Fine tuning increased fitness by 4.756043558984402e-9 to 0.9994389516397615 adjusted 93 weights 
Discovered beneficial synapse from input-886 to 80913881-f4de-41ac-8e6a-35a462a7a387 with weight -0.2777, helping 52.9% more records than it harms (1959/2736)
Discovery e8f1f10c analyze time 12s 649ms found 1 candidates
Over populated 52, expected 50.
Discovered harmful synapse from input-1348 to 80913881-f4de-41ac-8e6a-35a462a7a387, harming 52.3% more records than it helps (521/2736)
Discovery e8f1f10c analyze harmful time 1s 339ms found 1 candidates
Discovery e8f1f10c analyze squashes time 1s 24ms found 2 candidates, Summary: 80913881-f4de-41ac-8e6a-35a462a7a387 ReLU6 -> SQUARE improved: 35.1% error: 0.0482 -> 0.0313,output-0 LeakyReLU -> LogSigmoid improved: 20.7% error: 0.9540 -> 0.7561
Training 973f445f caused a higher error of 0.0005934513555415394 from 0.000550917492063736
Training 8d963390 with 1 binary file, target error: 0.000001, iterations: 1, sample rate: 100%, sparse: 100%
Fine tuning increased fitness by 8.45183811826189e-10 to 0.9994389562317697 adjusted 81 weights 
Discovery 8d963390 with 1 binary files, sample rate: 100%, batch size: 512
Discovery 8d963390 initialize time 916ms
Discovery 8d963390 processing .trainData-fx_c_88/AUDEUR/data.bin
Over populated 52, expected 50.
Fine tuning increased fitness by 9.916850673974409e-10 to 0.9994389572234548 adjusted 81 weights 
Discovery 8d963390 read time 26ms for .trainData-fx_c_88/AUDEUR/data.bin with 2736 records
Discovery 8d963390 scanning time 3s 25ms
Training 8d963390 caused a higher error of 0.0005934490031455003 from 0.0005509129000573204
Training ac92f4f9 with 1 binary file, target error: 0.000001, iterations: 1, sample rate: 100%, sparse: 100%
Fine tuning increased fitness by 1.2532609394710903e-9 to 0.9994389584767157 adjusted 81 weights 
Generation 60 score 0.9994389584767157  error 0.0005509106551105694 avg time 2s 66ms
Training ac92f4f9 caused a higher error of 0.0005934478412051927 from 0.0005509106551105694
Training b784c598 with 1 binary file, target error: 0.000001, iterations: 1, sample rate: 100%, sparse: 100%
Fine tuning increased fitness by 1.5790636576085149e-9 to 0.9994389600557794 adjusted 81 weights 
Discovery 8d963390 recorded time 7s 443ms
Training b784c598 caused a higher error of 0.0005934470530773212 from 0.0005509090760470566
Training 1bb73594 with 1 binary file, target error: 0.000001, iterations: 1, sample rate: 100%, sparse: 100%
Training 1bb73594 caused a higher error of 0.0005934456824923724 from 0.0005509064095027702
Training e53fa9f5 with 1 binary file, target error: 0.000001, iterations: 1, sample rate: 100%, sparse: 100%
Training e53fa9f5 caused a higher error of 0.0005934456817439232 from 0.0005509064082743043
Training e1c03375 with 1 binary file, target error: 0.000001, iterations: 1, sample rate: 100%, sparse: 100%
Training e1c03375 caused a higher error of 0.0005934456389823485 from 0.0005509063573457631
Training 6e218a47 with 1 binary file, target error: 0.000001, iterations: 1, sample rate: 100%, sparse: 100%
Fine tuning increased fitness by 4.858524693673871e-11 to 0.9994389628230648 adjusted 34 weights 
Training 6e218a47 caused a higher error of 0.0005934455952457567 from 0.0005509063087603169
Training 4c5e16a2 with 1 binary file, target error: 0.000001, iterations: 1, sample rate: 100%, sparse: 100%
Fine tuning increased fitness by 6.482725467549244e-11 to 0.999438962887892 adjusted 34 weights 
Discovered beneficial synapse from input-886 to 80913881-f4de-41ac-8e6a-35a462a7a387 with weight -0.2770, helping 52.8% more records than it harms (1958/2736)
Discovery 8d963390 analyze time 10s 967ms found 1 candidates
Fine tuning increased fitness by 6.944772534822619e-10 to 0.9994389635823693 adjusted 285 weights, 6 biases 
Discovered harmful synapse from input-1348 to 80913881-f4de-41ac-8e6a-35a462a7a387, harming 52.2% more records than it helps (521/2736)
Discovery 8d963390 analyze harmful time 1s 728ms found 1 candidates
Discovery 8d963390 analyze squashes time 363ms found 2 candidates, Summary: output-0 LeakyReLU -> LogSigmoid improved: 20.7% error: 0.9540 -> 0.7561,80913881-f4de-41ac-8e6a-35a462a7a387 ReLU6 -> SQUARE improved: 34.4% error: 0.0479 -> 0.0314
Training 4c5e16a2 caused a higher error of 0.0005934455337786925 from 0.0005509062439327934
Training 2d520fcf with 1 binary file, target error: 0.000001, iterations: 1, sample rate: 100%, sparse: 100%
Discovery 2d520fcf with 1 binary files, sample rate: 100%, batch size: 512
Discovery 2d520fcf initialize time 230ms
Discovery 2d520fcf processing .trainData-fx_c_88/AUDEUR/data.bin
Over populated 56, expected 50.
Generation 70 score 0.9994389639873228  error 0.0005509051445022418 avg time 1s 783ms
Training 2d520fcf caused a higher error of 0.0005934117605987732 from 0.0005509051445022418
Discovery 2d520fcf read time 6ms for .trainData-fx_c_88/AUDEUR/data.bin with 2736 records
Discovery 2d520fcf scanning time 1s 438ms
Training 87d7c2bb with 1 binary file, target error: 0.000001, iterations: 1, sample rate: 100%, sparse: 100%
Fine tuning increased fitness by 7.715922345497006e-10 to 0.999438964758915 adjusted 297 weights, 6 biases 
Discovery 2d520fcf recorded time 2s 247ms
Over populated 52, expected 50.
Training 87d7c2bb caused a higher error of 0.0005934163497125931 from 0.0005509043729100742
Training 98627bce with 1 binary file, target error: 0.000001, iterations: 1, sample rate: 100%, sparse: 100%
Fine tuning increased fitness by 8.998543021832006e-10 to 0.9994389656587693 adjusted 297 weights, 6 biases 
Training 98627bce caused a higher error of 0.0005934174722615858 from 0.0005509034730556898
Training fefd9b8a with 1 binary file, target error: 0.000001, iterations: 1, sample rate: 100%, sparse: 100%
Fine tuning increased fitness by 1.4553928062710497e-9 to 0.9994389671141621 adjusted 297 weights, 6 biases 
Over populated 52, expected 50.
Training fefd9b8a caused a higher error of 0.0005934175968239267 from 0.0005509020176628017
Training af9aeff1 with 1 binary file, target error: 0.000001, iterations: 1, sample rate: 100%, sparse: 100%
Over populated 52, expected 50.
Training af9aeff1 caused a higher error of 0.0005933895935763414 from 0.0005508954092135933
Training 88b07eb3 with 1 binary file, target error: 0.000001, iterations: 1, sample rate: 100%, sparse: 100%
Over populated 52, expected 50.
Training 88b07eb3 caused a higher error of 0.0005933920555312094 from 0.0005508937790103725
Training 85248ddc with 1 binary file, target error: 0.000001, iterations: 1, sample rate: 100%, sparse: 100%
Over populated 52, expected 50.
Training 85248ddc caused a higher error of 0.0005933880504194179 from 0.000550887508614459
Training bddd3628 with 1 binary file, target error: 0.000001, iterations: 1, sample rate: 100%, sparse: 100%
Fine tuning increased fitness by 7.227885845395576e-9 to 0.9994389888511038 adjusted 247 weights, 5 biases 
Discovered beneficial synapse from input-886 to 80913881-f4de-41ac-8e6a-35a462a7a387 with weight -0.2768, helping 52.8% more records than it harms (1958/2736)
Discovery 2d520fcf analyze time 8s 807ms found 1 candidates
Discovered harmful synapse from input-1348 to 80913881-f4de-41ac-8e6a-35a462a7a387, harming 52.2% more records than it helps (521/2736)
Discovery 2d520fcf analyze harmful time 358ms found 1 candidates
Over populated 52, expected 50.
Discovery 2d520fcf analyze squashes time 241ms found 1 candidate, Summary: output-0 LeakyReLU -> LogSigmoid improved: 20.7% error: 0.9539 -> 0.7561
Training bddd3628 caused a higher error of 0.00059338517206712 from 0.0005508802807290615
Training da4c6d33 with 1 binary file, target error: 0.000001, iterations: 1, sample rate: 100%, sparse: 100%
Fine tuning increased fitness by 8.953429553315573e-9 to 0.9994389978045334 adjusted 247 weights, 5 biases 
Discovery da4c6d33 with 1 binary files, sample rate: 100%, batch size: 512
Discovery da4c6d33 initialize time 186ms
Discovery da4c6d33 processing .trainData-fx_c_88/AUDEUR/data.bin
Over populated 56, expected 50.
Training da4c6d33 caused a higher error of 0.0005933808292271961 from 0.0005508713272999414
Discovery da4c6d33 read time 5ms for .trainData-fx_c_88/AUDEUR/data.bin with 2736 records
Discovery da4c6d33 scanning time 1s 142ms
Training 043719d2 with 1 binary file, target error: 0.000001, iterations: 1, sample rate: 100%, sparse: 100%
Fine tuning increased fitness by 4.794499242066763e-9 to 0.9994390025990326 adjusted 247 weights, 5 biases 
Discovery da4c6d33 recorded time 2s 67ms
Over populated 52, expected 50.
Training 043719d2 caused a higher error of 0.0005933784276298408 from 0.0005508665328010806
Training ef627260 with 1 binary file, target error: 0.000001, iterations: 1, sample rate: 100%, sparse: 100%
Fine tuning increased fitness by 2.1385072601631805e-9 to 0.9994390047375399 adjusted 247 weights, 5 biases 
Over populated 52, expected 50.
Generation 80 score 0.9994390047375399  error 0.0005508643942943228 avg time 1s 497ms
Training ef627260 caused a higher error of 0.0005933795066435809 from 0.0005508643942943228
Training 2ea0c5cd with 1 binary file, target error: 0.000001, iterations: 1, sample rate: 100%, sparse: 100%
Fine tuning increased fitness by 2.325287851157043e-9 to 0.9994390070628277 adjusted 247 weights, 5 biases 
Over populated 52, expected 50.
Training 2ea0c5cd caused a higher error of 0.000593381496178084 from 0.0005508620690071923
Training fe4e4f53 with 1 binary file, target error: 0.000001, iterations: 1, sample rate: 100%, sparse: 100%
Fine tuning increased fitness by 3.0916275095549395e-9 to 0.9994390101544552 adjusted 247 weights, 5 biases 
Training fe4e4f53 caused a higher error of 0.0005933825641187694 from 0.0005508589773813143
Training ddc396cf with 1 binary file, target error: 0.000001, iterations: 1, sample rate: 100%, sparse: 100%
Fine tuning increased fitness by 2.8260438433846957e-9 to 0.9994390129804991 adjusted 247 weights, 5 biases 
Over populated 52, expected 50.
Training ddc396cf caused a higher error of 0.0005933855602846585 from 0.0005508561513405795
Training b2f0b28e with 1 binary file, target error: 0.000001, iterations: 1, sample rate: 100%, sparse: 100%
Over populated 52, expected 50.
Training b2f0b28e caused a higher error of 0.0005933896057410315 from 0.0005508551761862321
Training 5da1171a with 1 binary file, target error: 0.000001, iterations: 1, sample rate: 100%, sparse: 100%
Over populated 52, expected 50.
Training 5da1171a caused a higher error of 0.0005933893219506169 from 0.0005508550662687341
Training 13aa0d11 with 1 binary file, target error: 0.000001, iterations: 1, sample rate: 100%, sparse: 100%
Over populated 52, expected 50.
Training 13aa0d11 caused a higher error of 0.0005933883634774102 from 0.0005508547573517516
Training d62e1ab9 with 1 binary file, target error: 0.000001, iterations: 1, sample rate: 100%, sparse: 100%
Fine tuning increased fitness by 3.6740877007446215e-10 to 0.9994390147418968 adjusted 229 weights, 5 biases 
Over populated 52, expected 50.
Training d62e1ab9 caused a higher error of 0.0005933851511880576 from 0.0005508543899429304
Training 0367a58a with 1 binary file, target error: 0.000001, iterations: 1, sample rate: 100%, sparse: 100%
Over populated 52, expected 50.
Training 0367a58a caused a higher error of 0.0005933804999314918 from 0.000550853765689024
Training 86360605 with 1 binary file, target error: 0.000001, iterations: 1, sample rate: 100%, sparse: 100%
Fine tuning increased fitness by 5.866286345579397e-10 to 0.9994390159527793 adjusted 229 weights, 5 biases 
Over populated 52, expected 50.
Training 86360605 caused a higher error of 0.0005933744819613834 from 0.0005508531790603276
Training 41648987 with 1 binary file, target error: 0.000001, iterations: 1, sample rate: 100%, sparse: 100%
Fine tuning increased fitness by 1.0600135214033912e-9 to 0.9994390170127928 adjusted 313 weights, 9 biases 
Over populated 52, expected 50.
Generation 90 score 0.9994390170127928  error 0.0005508521190467986 avg time 1s 149ms
Training 41648987 caused a higher error of 0.0005933649624686192 from 0.0005508521190467986
Training 64bb1217 with 1 binary file, target error: 0.000001, iterations: 1, sample rate: 100%, sparse: 100%
Fine tuning increased fitness by 1.7884304037707466e-9 to 0.9994390188012232 adjusted 318 weights, 9 biases 
Discovered beneficial synapse from input-886 to 80913881-f4de-41ac-8e6a-35a462a7a387 with weight -0.2770, helping 53.0% more records than it harms (1960/2736)
Discovery da4c6d33 analyze time 13s 646ms found 1 candidates
Discovered harmful synapse from input-1178 to output-0, harming 27.2% more records than it helps (996/2736)
Discovery da4c6d33 analyze harmful time 394ms found 1 candidates
Discovery da4c6d33 analyze squashes time 220ms found 2 candidates, Summary: output-0 LeakyReLU -> LogSigmoid improved: 20.7% error: 0.9540 -> 0.7561,80913881-f4de-41ac-8e6a-35a462a7a387 ReLU6 -> SQUARE improved: 33.9% error: 0.0479 -> 0.0317
Over populated 52, expected 50.
Training 64bb1217 caused a higher error of 0.0005933614714408812 from 0.0005508503306166052
Training 222af8fe with 1 binary file, target error: 0.000001, iterations: 1, sample rate: 100%, sparse: 100%
Fine tuning increased fitness by 1.0273353279188768e-9 to 0.9994390198285585 adjusted 318 weights, 9 biases 
Discovery 222af8fe with 1 binary files, sample rate: 100%, batch size: 512
Discovery 222af8fe initialize time 129ms
Discovery 222af8fe processing .trainData-fx_c_88/AUDEUR/data.bin
Over populated 55, expected 50.
Discovery 222af8fe read time 1ms for .trainData-fx_c_88/AUDEUR/data.bin with 2736 records
Discovery 222af8fe scanning time 724ms
Training 222af8fe caused a higher error of 0.0005933530882101352 from 0.0005508493032814724
Training d9170aad with 1 binary file, target error: 0.000001, iterations: 1, sample rate: 100%, sparse: 100%
Fine tuning increased fitness by 1.1638624508591988e-9 to 0.999439020992421 adjusted 318 weights, 9 biases 
Discovery 222af8fe recorded time 1s 476ms
Over populated 52, expected 50.
Training d9170aad caused a higher error of 0.0005933465717698995 from 0.0005508481394190189
Training f8015f6b with 1 binary file, target error: 0.000001, iterations: 1, sample rate: 100%, sparse: 100%
Fine tuning increased fitness by 2.001390275729875e-9 to 0.9994390229938113 adjusted 318 weights, 9 biases 
Over populated 52, expected 50.
Training f8015f6b caused a higher error of 0.0005933410550756913 from 0.0005508461380289035
Training c6335d9d with 1 binary file, target error: 0.000001, iterations: 1, sample rate: 100%, sparse: 100%
Fine tuning increased fitness by 2.3979029872833735e-9 to 0.9994390253917143 adjusted 318 weights, 9 biases 
Over populated 52, expected 50.
Training c6335d9d caused a higher error of 0.0005933331123649964 from 0.000550843740125908
Fine tuning increased fitness by 2.970950596647981e-9 to 0.9994390283626648 adjusted 318 weights, 9 biases 
Over populated 52, expected 50.
Fine tuning increased fitness by 2.062622517229329e-9 to 0.9994390304252874 adjusted 318 weights, 9 biases 
Fine tuning increased fitness by 1.177739683555501e-9 to 0.999439031603027 adjusted 318 weights, 9 biases 
Discovered beneficial synapse from input-886 to 80913881-f4de-41ac-8e6a-35a462a7a387 with weight -0.2784, helping 53.2% more records than it harms (1963/2736)
Discovery 222af8fe analyze time 12s 349ms found 1 candidates
Fine tuning increased fitness by 1.2560010587137072e-8 to 0.9994390491413851 adjusted 300 weights, 8 biases 
Discovered harmful synapse from input-1348 to 80913881-f4de-41ac-8e6a-35a462a7a387, harming 52.6% more records than it helps (516/2736)
Discovery 222af8fe analyze harmful time 740ms found 1 candidates
Discovery 222af8fe analyze squashes time 252ms found 2 candidates, Summary: output-0 LeakyReLU -> LogSigmoid improved: 20.7% error: 0.9540 -> 0.7561,80913881-f4de-41ac-8e6a-35a462a7a387 ReLU6 -> SQUARE improved: 34.4% error: 0.0484 -> 0.0317
Generation 100 score 0.9994390491413851  error 0.0005508199904546308 avg time 1s 687ms
Fine tuning increased fitness by 1.3166021717303522e-8 to 0.9994390623074069 adjusted 300 weights, 8 biases 
Over populated 53, expected 50.
Fine tuning increased fitness by 4.704177480885363e-8 to 0.9994391575438435 adjusted 282 weights, 8 biases 
Fine tuning increased fitness by 5.797636781768034e-8 to 0.9994392155202113 adjusted 282 weights, 8 biases 
Fine tuning increased fitness by 8.435278986418382e-8 to 0.999439359501659 adjusted 282 weights, 8 biases 
Fine tuning increased fitness by 1.0938599215304379e-7 to 0.9994394688876511 adjusted 282 weights, 8 biases 
Fine tuning increased fitness by 1.1647521902524716e-7 to 0.9994395853628701 adjusted 282 weights, 8 biases 
Generation 110 score 0.9994395853628701  error 0.0005502837689668195 avg time 1s 704ms
Generation 112 score 0.9994395856540464  error 0.0005502834777904042 avg time 331ms
{
  error: 0.0005502834777904042,
  score: 0.9994395856540464,
  generation: 112,
  time: 181543
}

=== Processing USDPEN (4/10) ===
loaded ../GRQ-portfolio/best/fx/v1/USDPEN.json
5 mutations, mutation rate 7.3%, elitism 6, mutation FFW, selection POWER
Creature count: 50
Culling duplicate creature at 1 of 51
DeDuplication of 1 creatures to 50 in 2ms (previous experiment )
Training 9478e6b9 with 1 binary file, target error: 0.000001, iterations: 1, sample rate: 100%, sparse: 100%
Discovery 9478e6b9 with 1 binary files, sample rate: 100%, batch size: 512
Discovery 9478e6b9 initialize time 766ms
Discovery 9478e6b9 processing .trainData-fx_c_88/USDPEN/data.bin
Discovery 9478e6b9 read time 13ms for .trainData-fx_c_88/USDPEN/data.bin with 3367 records
Discovery 9478e6b9 scanning time 3s 94ms
Training 03e42487 with 1 binary file, target error: 0.000001, iterations: 1, sample rate: 100%, sparse: 100%
Training 9478e6b9 increased fitness by 2.2056822368554663e-8 to 0.9996055745811645
Discovery 9478e6b9 recorded time 7s 275ms
Training 4f4d1185 with 1 binary file, target error: 0.000001, iterations: 1, sample rate: 100%, sparse: 100%
Fine tuning increased fitness by 3.014371907639202e-8 to 0.9996056047248836 adjusted 820 weights, 7 biases 
Fine tuning increased fitness by 9.295140468434937e-8 to 0.9996056976762883 adjusted 766 weights, 7 biases 
Training d9d42aef with 1 binary file, target error: 0.000001, iterations: 1, sample rate: 100%, sparse: 100%
Over populated 52, expected 50.
Culling duplicate creature at 50 of 52
DeDuplication of 1 creatures to 51 in 8ms (previous experiment )
Fine tuning increased fitness by 1.520520452880092e-7 to 0.9996059564538274 adjusted 588 weights, 5 biases 
Training aefcfefa with 1 binary file, target error: 0.000001, iterations: 1, sample rate: 100%, sparse: 100%
Fine tuning increased fitness by 4.214261516422013e-7 to 0.9996063778799791 adjusted 730 weights, 7 biases 
Fine tuning increased fitness by 5.687179656099772e-7 to 0.9996069465979447 adjusted 730 weights, 7 biases 
Generation 10 score 0.9996069465979447  error 0.00038256254539579886 avg time 2s 444ms
Discovered beneficial synapse from input-49 to output-0 with weight 1.0000, helping 20.8% more records than it harms (2033/3367)
Discovery 9478e6b9 analyze time 15s 775ms found 1 candidates
Training d5bf2715 with 1 binary file, target error: 0.000001, iterations: 1, sample rate: 100%, sparse: 100%
Fine tuning increased fitness by 7.542077532507463e-7 to 0.9996077008056979 adjusted 717 weights, 7 biases 
Discovered harmful synapse from input-797 to output-1, harming 15.3% more records than it helps (1426/3367)
Discovery 9478e6b9 analyze harmful time 1s 663ms found 1 candidates
Over populated 52, expected 50.
Discovery 9478e6b9 analyze squashes time 389ms found 0 candidates
Discovery 7294fa6d with 1 binary files, sample rate: 100%, batch size: 512
Discovery 7294fa6d initialize time 612ms
Discovery 7294fa6d processing .trainData-fx_c_88/USDPEN/data.bin
Training 996bc400 with 1 binary file, target error: 0.000001, iterations: 1, sample rate: 100%, sparse: 100%
Discovery 7294fa6d read time 9ms for .trainData-fx_c_88/USDPEN/data.bin with 3367 records
Discovery 7294fa6d scanning time 2s 739ms
Training 8c3dcbd9 with 1 binary file, target error: 0.000001, iterations: 1, sample rate: 100%, sparse: 100%
Fine tuning increased fitness by 2.5223525490503107e-8 to 0.9996081822075332 adjusted 189 weights, 2 biases 
Discovery 7294fa6d recorded time 6s 835ms
Training 443e61a2 with 1 binary file, target error: 0.000001, iterations: 1, sample rate: 100%, sparse: 100%
Fine tuning increased fitness by 1.5840502687325397e-8 to 0.9996082283189422 adjusted 155 weights, 1 bias 
Training 48285171 with 1 binary file, target error: 0.000001, iterations: 1, sample rate: 100%, sparse: 100%
Fine tuning increased fitness by 1.7284555120511413e-8 to 0.9996082456034974 adjusted 155 weights, 1 bias 
Fine tuning increased fitness by 1.163483698274348e-8 to 0.9996082572383344 adjusted 155 weights, 1 bias 
Generation 20 score 0.9996082572383344  error 0.0003812519050136232 avg time 1s 986ms
Training 5dd14b92 with 1 binary file, target error: 0.000001, iterations: 1, sample rate: 100%, sparse: 100%
Fine tuning increased fitness by 1.2574777330520703e-8 to 0.9996082698131117 adjusted 155 weights, 1 bias 
Fine tuning increased fitness by 2.4280321087033485e-8 to 0.9996082940934328 adjusted 155 weights, 1 bias 
Fine tuning increased fitness by 1.825218443052279e-8 to 0.9996083123456172 adjusted 155 weights, 1 bias 
Training e2f20d53 with 1 binary file, target error: 0.000001, iterations: 1, sample rate: 100%, sparse: 100%
Fine tuning increased fitness by 2.5955009030909082e-8 to 0.9996083383006262 adjusted 155 weights, 1 bias 
Discovered beneficial synapse from input-49 to output-0 with weight 1.0000, helping 18.7% more records than it harms (1998/3367)
Discovery 7294fa6d analyze time 15s 896ms found 1 candidates
Fine tuning increased fitness by 2.7444622796579665e-8 to 0.999608365745249 adjusted 155 weights, 1 bias 
Discovered harmful synapse from input-797 to output-1, harming 15.2% more records than it helps (1427/3367)
Discovery 7294fa6d analyze harmful time 2s 583ms found 1 candidates
Discovery 7294fa6d analyze squashes time 795ms found 0 candidates
Training e4c0accc with 1 binary file, target error: 0.000001, iterations: 1, sample rate: 100%, sparse: 100%
Fine tuning increased fitness by 1.9083982061296467e-8 to 0.9996083848292311 adjusted 155 weights, 1 bias 
Fine tuning increased fitness by 1.1855729953325067e-8 to 0.999608396684961 adjusted 155 weights, 1 bias 
Discovery ac1121fe with 1 binary files, sample rate: 100%, batch size: 512
Discovery ac1121fe initialize time 478ms
Discovery ac1121fe processing .trainData-fx_c_88/USDPEN/data.bin
Training 0096fb8f with 1 binary file, target error: 0.000001, iterations: 1, sample rate: 100%, sparse: 100%
Fine tuning increased fitness by 5.902182076411577e-9 to 0.9996084025871431 adjusted 155 weights, 1 bias 
Discovery ac1121fe read time 5ms for .trainData-fx_c_88/USDPEN/data.bin with 3367 records
Discovery ac1121fe scanning time 2s 512ms
Fine tuning increased fitness by 1.764693169370446e-9 to 0.9996084043518363 adjusted 155 weights, 1 bias 
Discovery ac1121fe recorded time 4s 879ms
Training 21b2d4b8 with 1 binary file, target error: 0.000001, iterations: 1, sample rate: 100%, sparse: 100%
Generation 30 score 0.9996084561618792  error 0.0003810529814709187 avg time 1s 831ms
Fine tuning increased fitness by 4.22186977599992e-8 to 0.999608498380577 adjusted 20 weights, 1 bias 
Training 1f18e039 with 1 binary file, target error: 0.000001, iterations: 1, sample rate: 100%, sparse: 100%
Fine tuning increased fitness by 2.7440129946043612e-8 to 0.9996085258207069 adjusted 20 weights, 1 bias 
Fine tuning increased fitness by 4.1165493236405837e-10 to 0.9996085262323618 adjusted 20 weights, 1 bias 
Training aa1066c5 with 1 binary file, target error: 0.000001, iterations: 1, sample rate: 100%, sparse: 100%
Fine tuning increased fitness by 5.357502541603054e-8 to 0.9996086072275474 adjusted 187 weights, 2 biases 
Training c4df51f1 with 1 binary file, target error: 0.000001, iterations: 1, sample rate: 100%, sparse: 100%
Fine tuning increased fitness by 3.940485415743211e-8 to 0.9996086466324016 adjusted 187 weights, 2 biases 
Training d389cb36 with 1 binary file, target error: 0.000001, iterations: 1, sample rate: 100%, sparse: 100%
Fine tuning increased fitness by 9.643898346567426e-9 to 0.9996086754535285 adjusted 187 weights, 2 biases 
Fine tuning increased fitness by 3.490520950055753e-8 to 0.999608710358738 adjusted 187 weights, 2 biases 
Training 82cbf382 with 1 binary file, target error: 0.000001, iterations: 1, sample rate: 100%, sparse: 100%
Generation 40 score 0.9996087250750573  error 0.0003807840682964514 avg time 2s 212ms
Fine tuning increased fitness by 1.5225440797017598e-8 to 0.9996087403004981 adjusted 187 weights, 2 biases 
Training 43a54aaf with 1 binary file, target error: 0.000001, iterations: 1, sample rate: 100%, sparse: 100%
Fine tuning increased fitness by 1.7033409238642605e-8 to 0.9996087573339073 adjusted 187 weights, 2 biases 
Discovered beneficial synapse from input-388 to output-1 with weight 1.0000, helping 18.7% more records than it harms (1999/3367)
Discovery ac1121fe analyze time 28s 749ms found 1 candidates
Discovered harmful synapse from input-1094 to output-0, harming 10.3% more records than it helps (1510/3367)
Discovery ac1121fe analyze harmful time 2s 265ms found 1 candidates
Discovery ac1121fe analyze squashes time 214ms found 0 candidates
Training 617e8211 with 1 binary file, target error: 0.000001, iterations: 1, sample rate: 100%, sparse: 100%
Discovery 617e8211 with 1 binary files, sample rate: 100%, batch size: 512
Discovery 617e8211 initialize time 214ms
Discovery 617e8211 processing .trainData-fx_c_88/USDPEN/data.bin
Fine tuning increased fitness by 1.1471219973913094e-8 to 0.9996088598560305 adjusted 164 weights, 1 bias 
Discovery 617e8211 read time 25ms for .trainData-fx_c_88/USDPEN/data.bin with 3367 records
Discovery 617e8211 scanning time 2s 616ms
Training 2466ae21 with 1 binary file, target error: 0.000001, iterations: 1, sample rate: 100%, sparse: 100%
Discovery 617e8211 recorded time 5s 122ms
Fine tuning increased fitness by 5.917348611106377e-9 to 0.9996088737524506 adjusted 222 weights, 3 biases 
Training 8a1db839 with 1 binary file, target error: 0.000001, iterations: 1, sample rate: 100%, sparse: 100%
SWAP_NODES didn't mutate the creature. 1515 observations, 2 neurons, 5 outputs, 1029 synapses
UUID didn't change after SWAP_NODES mutation, changed: false
Fine tuning increased fitness by 3.117505498195783e-8 to 0.9996089207800299 adjusted 134 weights, 2 biases 
Training cd323d68 with 1 binary file, target error: 0.000001, iterations: 1, sample rate: 100%, sparse: 100%
Fine tuning increased fitness by 2.1067369182503626e-8 to 0.9996089418473991 adjusted 134 weights, 2 biases 
Generation 50 score 0.9996089418473991  error 0.0003805672959496329 avg time 2s 723ms
Training 66b60d64 with 1 binary file, target error: 0.000001, iterations: 1, sample rate: 100%, sparse: 100%
Fine tuning increased fitness by 7.682021596622235e-8 to 0.9996092088677833 adjusted 119 weights, 1 bias 
Training ab8b7343 with 1 binary file, target error: 0.000001, iterations: 1, sample rate: 100%, sparse: 100%
Fine tuning increased fitness by 5.933765001575608e-8 to 0.9996092682054333 adjusted 119 weights, 1 bias 
Fine tuning increased fitness by 8.786598670873502e-9 to 0.999609276992032 adjusted 119 weights, 1 bias 
Training 649ee4e4 with 1 binary file, target error: 0.000001, iterations: 1, sample rate: 100%, sparse: 100%
Fine tuning increased fitness by 1.3556435529693545e-8 to 0.9996092905484675 adjusted 119 weights, 1 bias 
Fine tuning increased fitness by 9.547417079147635e-9 to 0.9996093000958846 adjusted 119 weights, 1 bias 
Training 6c301029 with 1 binary file, target error: 0.000001, iterations: 1, sample rate: 100%, sparse: 100%
Fine tuning increased fitness by 1.4412975257727112e-8 to 0.9996093145088598 adjusted 119 weights, 1 bias 
Fine tuning increased fitness by 1.5718889745386377e-8 to 0.9996093302277496 adjusted 119 weights, 1 bias 
Training c4174eb7 with 1 binary file, target error: 0.000001, iterations: 1, sample rate: 100%, sparse: 100%
Fine tuning increased fitness by 1.8223012210327738e-8 to 0.9996093484507618 adjusted 119 weights, 1 bias 
Generation 60 score 0.9996093484507618  error 0.0003801606927037371 avg time 1s 781ms
Fine tuning increased fitness by 1.9906281623072175e-8 to 0.9996093683570434 adjusted 119 weights, 1 bias 
Training 6476ba38 with 1 binary file, target error: 0.000001, iterations: 1, sample rate: 100%, sparse: 100%
Fine tuning increased fitness by 1.7306720834220357e-8 to 0.9996093856637642 adjusted 119 weights, 1 bias 
Fine tuning increased fitness by 1.618111256096455e-8 to 0.9996094018448768 adjusted 119 weights, 1 bias 
Discovered beneficial synapse from input-388 to output-1 with weight 1.0000, helping 18.9% more records than it harms (2002/3367)
Discovery 617e8211 analyze time 34s 572ms found 1 candidates
Training f15c9cc6 with 1 binary file, target error: 0.000001, iterations: 1, sample rate: 100%, sparse: 100%
Fine tuning increased fitness by 2.932769804786517e-9 to 0.9996094047776466 adjusted 119 weights, 1 bias 
Discovered harmful synapse from input-1094 to output-0, harming 10.3% more records than it helps (1510/3367)
Discovery 617e8211 analyze harmful time 1s 833ms found 1 candidates
Discovery 617e8211 analyze squashes time 311ms found 0 candidates
Fine tuning increased fitness by 1.800389060058194e-9 to 0.9996094065780357 adjusted 119 weights, 1 bias 
Training d085fc1b with 1 binary file, target error: 0.000001, iterations: 1, sample rate: 100%, sparse: 100%
Discovery d085fc1b with 1 binary files, sample rate: 100%, batch size: 512
Fine tuning increased fitness by 2.42285191909275e-9 to 0.9996094090008876 adjusted 119 weights, 1 bias 
Discovery d085fc1b initialize time 1s 222ms
Discovery d085fc1b processing .trainData-fx_c_88/USDPEN/data.bin
Fine tuning increased fitness by 3.3827713963319184e-9 to 0.999609412383659 adjusted 119 weights, 1 bias 
Discovery d085fc1b read time 6ms for .trainData-fx_c_88/USDPEN/data.bin with 3367 records
Discovery d085fc1b scanning time 3s 212ms
Training 4d41ad7c with 1 binary file, target error: 0.000001, iterations: 1, sample rate: 100%, sparse: 100%
Fine tuning increased fitness by 6.2752613105843125e-9 to 0.9996094186589203 adjusted 119 weights, 1 bias 
Fine tuning increased fitness by 9.349689911175574e-9 to 0.9996094280086102 adjusted 119 weights, 1 bias 
Discovery d085fc1b recorded time 7s 550ms
Training 44ee1733 with 1 binary file, target error: 0.000001, iterations: 1, sample rate: 100%, sparse: 100%
Fine tuning increased fitness by 1.1252514031667715e-8 to 0.9996094392611242 adjusted 119 weights, 1 bias 
Generation 70 score 0.9996094392611242  error 0.0003800698824969953 avg time 1s 691ms
Fine tuning increased fitness by 1.3297822287761107e-8 to 0.9996094525589465 adjusted 119 weights, 1 bias 
Training 41ec3d30 with 1 binary file, target error: 0.000001, iterations: 1, sample rate: 100%, sparse: 100%
Fine tuning increased fitness by 5.898189603392723e-9 to 0.9996094584571361 adjusted 119 weights, 1 bias 
Fine tuning increased fitness by 7.241881538888606e-10 to 0.9996094591813243 adjusted 119 weights, 1 bias 
Fine tuning increased fitness by 2.3324320252982034e-10 to 0.9996094594145675 adjusted 119 weights, 1 bias 
Fine tuning increased fitness by 2.4866042558358004e-10 to 0.9996094596632279 adjusted 119 weights, 1 bias 
Fine tuning increased fitness by 1.5977652534360232e-10 to 0.9996094598230044 adjusted 119 weights, 1 bias 
Fine tuning increased fitness by 3.2116509451896036e-10 to 0.9996094601441695 adjusted 119 weights, 1 bias 
Fine tuning increased fitness by 3.8677971936351696e-10 to 0.9996094605309492 adjusted 119 weights, 1 bias 
Fine tuning increased fitness by 4.5095549516815936e-10 to 0.9996094609819047 adjusted 119 weights, 1 bias 
Generation 80 score 0.9996094725735831  error 0.00038003657004961617 avg time 1s 891ms
Fine tuning increased fitness by 8.137580764788765e-8 to 0.9996096355818447 adjusted 252 weights, 2 biases 
Discovered beneficial synapse from input-388 to output-1 with weight 1.0000, helping 18.9% more records than it harms (2001/3367)
Discovery d085fc1b analyze time 23s 846ms found 1 candidates
Fine tuning increased fitness by 1.1129274501975317e-7 to 0.9996097468745897 adjusted 252 weights, 2 biases 
Discovered harmful synapse from input-797 to output-1, harming 15.4% more records than it helps (1425/3367)
Discovery d085fc1b analyze harmful time 2s 511ms found 1 candidates
Discovery d085fc1b analyze squashes time 469ms found 0 candidates
Fine tuning increased fitness by 1.107582693338216e-7 to 0.999609857632859 adjusted 252 weights, 2 biases 
Fine tuning increased fitness by 1.1745570449583909e-7 to 0.9996099750885635 adjusted 252 weights, 2 biases 
Fine tuning increased fitness by 1.2622702294518007e-7 to 0.9996101013155865 adjusted 252 weights, 2 biases 
Fine tuning increased fitness by 5.661012769664353e-10 to 0.9996101740442433 adjusted 61 weights 
Fine tuning increased fitness by 1.0306736575316222e-9 to 0.999610175074917 adjusted 61 weights 
Generation 90 score 0.999610175074917  error 0.00037933406870576726 avg time 1s 525ms
{
  error: 0.00037933406870576726,
  score: 0.999610175074917,
  generation: 90,
  time: 181011
}

=== Processing USDVND (5/10) ===
loaded ../GRQ-portfolio/best/fx/v1/USDVND.json
2 mutations, mutation rate 39.7%, elitism 2, mutation ALL, selection TOURNAMENT
Creature count: 50
Culling duplicate creature at 1 of 51
DeDuplication of 1 creatures to 50 in 85ms (previous experiment )
Training 5ee7a244 with 1 binary file, target error: 0.000001, iterations: 1, sample rate: 100%, sparse: 100%
Discovery 5ee7a244 with 1 binary files, sample rate: 100%, batch size: 512
Discovery 5ee7a244 initialize time 169ms
Discovery 5ee7a244 processing .trainData-fx_c_88/USDVND/data.bin
Discovery 5ee7a244 read time 6ms for .trainData-fx_c_88/USDVND/data.bin with 1440 records
Discovery 5ee7a244 scanning time 633ms
Training 5ee7a244 caused a higher error of 0.000054767233609032244 from 0.00005354102277348
Training f648dbec with 1 binary file, target error: 0.000001, iterations: 1, sample rate: 100%, sparse: 100%
Discovery 5ee7a244 recorded time 1s 446ms
Training f648dbec caused a higher error of 0.00005488030585652516 from 0.00005362453449096224
Training e3e86305 with 1 binary file, target error: 0.000001, iterations: 1, sample rate: 100%, sparse: 100%
Training e3e86305 caused a higher error of 0.00005476718816735839 from 0.00005354097903283137
Training 105ab67e with 1 binary file, target error: 0.000001, iterations: 1, sample rate: 100%, sparse: 100%
Training 105ab67e caused a higher error of 0.00005476903799251997 from 0.000053539910159230145
Training 94a45989 with 1 binary file, target error: 0.000001, iterations: 1, sample rate: 100%, sparse: 100%
Training 94a45989 caused a higher error of 0.00005476731992734987 from 0.000053540909328391115
Discovered beneficial synapse from input-851 to output-3 with weight -1.0000, helping 30.7% more records than it harms (941/1440)
Discovery 5ee7a244 analyze time 5s 945ms found 1 candidates
Discovery 5ee7a244 analyze harmful time 50ms found 0 candidates
Discovery 5ee7a244 analyze squashes time 98ms found 2 candidates, Summary: output-0 LOGISTIC -> BENT_IDENTITY improved: 13.9% error: 285.8027 -> 246.1132,output-4 LeakyReLU -> SELU improved: 5.2% error: 0.3333 -> 0.3161
Generation 10 score 0.9999436381828536  error 0.000053540909328391115 avg time 861ms
Training 74b2d0a8 with 1 binary file, target error: 0.000001, iterations: 1, sample rate: 100%, sparse: 100%
Remove neuron 5a026ed0-c121-48b8-8e9d-64106338e504 as no longer connected
Training 74b2d0a8 caused a higher error of 0.00005476730205524407 from 0.000053540924047831625
Generation 20 score 0.9999436381828536  error 0.000053540909328391115 avg time 1s 9ms
Training 9ab2c73a with 1 binary file, target error: 0.000001, iterations: 1, sample rate: 100%, sparse: 100%
Discovery 9ab2c73a with 1 binary files, sample rate: 100%, batch size: 512
Discovery 9ab2c73a initialize time 204ms
Discovery 9ab2c73a processing .trainData-fx_c_88/USDVND/data.bin
Training 9ab2c73a caused a higher error of 0.000054765317657583555 from 0.00005353427593129522
Training 9d02a976 with 1 binary file, target error: 0.000001, iterations: 1, sample rate: 100%, sparse: 100%
Discovery 9ab2c73a read time 12ms for .trainData-fx_c_88/USDVND/data.bin with 1440 records
Discovery 9ab2c73a scanning time 1s 317ms
Training 9d02a976 caused a higher error of 0.000054768936601858605 from 0.00005353711528421503
Discovery 9ab2c73a recorded time 2s 424ms
Training 89d12c36 with 1 binary file, target error: 0.000001, iterations: 1, sample rate: 100%, sparse: 100%
Training 89d12c36 caused a higher error of 0.000054767150380733134 from 0.00005353417593616478
Training e9d21882 with 1 binary file, target error: 0.000001, iterations: 1, sample rate: 100%, sparse: 100%
Fine tuning increased fitness by 7.762890330553773e-11 to 0.9999436449938732 adjusted 208 weights, 6 biases 
Training e9d21882 caused a higher error of 0.000054766454542483267 from 0.00005353409830718925
Training a8d7386f with 1 binary file, target error: 0.000001, iterations: 1, sample rate: 100%, sparse: 100%
Training a8d7386f caused a higher error of 0.000054765533378537906 from 0.0000535333953448013
Training 61b649d0 with 1 binary file, target error: 0.000001, iterations: 1, sample rate: 100%, sparse: 100%
Fine tuning increased fitness by 9.069862638710902e-10 to 0.9999436466038198 adjusted 203 weights, 6 biases 
Training 61b649d0 caused a higher error of 0.00005476606449355731 from 0.00005353248835882996
Training e7cec80c with 1 binary file, target error: 0.000001, iterations: 1, sample rate: 100%, sparse: 100%
Fine tuning increased fitness by 8.64154192647959e-10 to 0.999943647467974 adjusted 203 weights, 6 biases 
Training e7cec80c caused a higher error of 0.00005476540110340079 from 0.000053531624204695405
Training a1b11cf9 with 1 binary file, target error: 0.000001, iterations: 1, sample rate: 100%, sparse: 100%
Discovered beneficial synapse from input-798 to output-4 with weight -1.0000, helping 25.4% more records than it harms (903/1440)
Discovery 9ab2c73a analyze time 7s 716ms found 1 candidates
Discovery 9ab2c73a analyze harmful time 49ms found 0 candidates
Discovery 9ab2c73a analyze squashes time 105ms found 1 candidate, Summary: output-0 LOGISTIC -> BENT_IDENTITY improved: 13.9% error: 285.7738 -> 246.1064
Over populated 52, expected 50.
Training a1b11cf9 caused a higher error of 0.00005476364873348088 from 0.000053530834548756745
Training 57f13e3b with 1 binary file, target error: 0.000001, iterations: 1, sample rate: 100%, sparse: 100%
Fine tuning increased fitness by 7.153850845043053e-10 to 0.9999436489730156 adjusted 199 weights, 6 biases 
Discovery 57f13e3b with 1 binary files, sample rate: 100%, batch size: 512
Discovery 57f13e3b initialize time 232ms
Discovery 57f13e3b processing .trainData-fx_c_88/USDVND/data.bin
Over populated 54, expected 50.
Generation 30 score 0.9999436489730156  error 0.000053530119163775985 avg time 1s 327ms
Training 57f13e3b caused a higher error of 0.000054761405636750256 from 0.000053530119163775985
Discovery 57f13e3b read time 8ms for .trainData-fx_c_88/USDVND/data.bin with 1440 records
Discovery 57f13e3b scanning time 1s 423ms
Training 162a026e with 1 binary file, target error: 0.000001, iterations: 1, sample rate: 100%, sparse: 100%
Fine tuning increased fitness by 6.413999331655873e-10 to 0.9999436496144155 adjusted 199 weights, 6 biases 
Discovery 57f13e3b recorded time 2s 142ms
Training 162a026e caused a higher error of 0.00005476057573261984 from 0.000053529477764478575
Training dd566f2c with 1 binary file, target error: 0.000001, iterations: 1, sample rate: 100%, sparse: 100%
Fine tuning increased fitness by 8.009272134401613e-10 to 0.9999436504153427 adjusted 199 weights, 6 biases 
Training dd566f2c caused a higher error of 0.000054759681136948915 from 0.000053528676837433945
Training 63766246 with 1 binary file, target error: 0.000001, iterations: 1, sample rate: 100%, sparse: 100%
Fine tuning increased fitness by 6.191395174326431e-10 to 0.9999436510344822 adjusted 199 weights, 6 biases 
Over populated 52, expected 50.
Training 63766246 caused a higher error of 0.0000547589029727611 from 0.00005352805769783213
Training c1f7e6c9 with 1 binary file, target error: 0.000001, iterations: 1, sample rate: 100%, sparse: 100%
Fine tuning increased fitness by 3.5700298273155795e-10 to 0.9999436513914852 adjusted 199 weights, 6 biases 
Discovered beneficial synapse from input-16 to output-0 with weight 1.0000, helping 23.3% more records than it harms (869/1440)
Discovery 57f13e3b analyze time 3s 619ms found 1 candidates
Discovery 57f13e3b analyze harmful time 47ms found 0 candidates
Discovery 57f13e3b analyze squashes time 168ms found 1 candidate, Summary: output-0 LOGISTIC -> BENT_IDENTITY improved: 13.9% error: 285.7979 -> 246.0891
Training c1f7e6c9 caused a higher error of 0.00005475809688845451 from 0.00005352770069504561
Training 11002c99 with 1 binary file, target error: 0.000001, iterations: 1, sample rate: 100%, sparse: 100%
Fine tuning increased fitness by 2.8399027574010915e-10 to 0.9999436516754755 adjusted 199 weights, 6 biases 
Discovery 11002c99 with 1 binary files, sample rate: 100%, batch size: 512
Discovery 11002c99 initialize time 207ms
Discovery 11002c99 processing .trainData-fx_c_88/USDVND/data.bin
Over populated 54, expected 50.
Training 11002c99 caused a higher error of 0.00005475686337908183 from 0.00005352741670499819
Training b4e07805 with 1 binary file, target error: 0.000001, iterations: 1, sample rate: 100%, sparse: 100%
Fine tuning increased fitness by 3.2613445277718256e-10 to 0.99994365200161 adjusted 199 weights, 6 biases 
Discovery 11002c99 read time 13ms for .trainData-fx_c_88/USDVND/data.bin with 1440 records
Discovery 11002c99 scanning time 1s 387ms
Training b4e07805 caused a higher error of 0.000054755369920467197 from 0.000053527090570706694
Training 93b3334f with 1 binary file, target error: 0.000001, iterations: 1, sample rate: 100%, sparse: 100%
Discovery 11002c99 recorded time 2s 759ms
Over populated 52, expected 50.
Training 93b3334f caused a higher error of 0.000054753998829497494 from 0.00005352681391320642
Training b006fce1 with 1 binary file, target error: 0.000001, iterations: 1, sample rate: 100%, sparse: 100%
Fine tuning increased fitness by 2.995842462993892e-10 to 0.9999436525778519 adjusted 165 weights, 6 biases 
Training b006fce1 caused a higher error of 0.00005475267131746708 from 0.00005352651432937429
Training 2c764262 with 1 binary file, target error: 0.000001, iterations: 1, sample rate: 100%, sparse: 100%
Fine tuning increased fitness by 2.6010038567392257e-10 to 0.9999436528379523 adjusted 165 weights, 6 biases 
Over populated 52, expected 50.
Training 2c764262 caused a higher error of 0.00005475140962982046 from 0.000053526254229526085
Training b5fbe1d2 with 1 binary file, target error: 0.000001, iterations: 1, sample rate: 100%, sparse: 100%
Over populated 52, expected 50.
Generation 40 score 0.9999436529301391  error 0.000053526162043051824 avg time 1s 333ms
Training b5fbe1d2 caused a higher error of 0.00005475123641961732 from 0.000053526162043051824
Training 705e5759 with 1 binary file, target error: 0.000001, iterations: 1, sample rate: 100%, sparse: 100%
Training 705e5759 caused a higher error of 0.00005475094334140716 from 0.0000535260811131536
Training afbb3d45 with 1 binary file, target error: 0.000001, iterations: 1, sample rate: 100%, sparse: 100%
Fine tuning increased fitness by 5.488021148636335e-11 to 0.9999436530659497 adjusted 146 weights, 6 biases 
Training afbb3d45 caused a higher error of 0.000054750989476532565 from 0.0000535260262336967
Training e208d506 with 1 binary file, target error: 0.000001, iterations: 1, sample rate: 100%, sparse: 100%
Fine tuning increased fitness by 1.0264411542948437e-10 to 0.9999436531685938 adjusted 146 weights, 6 biases 
Discovered beneficial synapse from input-798 to output-4 with weight -1.0000, helping 25.4% more records than it harms (903/1440)
Discovery 11002c99 analyze time 7s 571ms found 1 candidates
Discovered harmful synapse from input-1378 to output-1, harming 11.8% more records than it helps (635/1440)
Discovery 11002c99 analyze harmful time 152ms found 1 candidates
Discovery 11002c99 analyze squashes time 202ms found 2 candidates, Summary: output-0 LOGISTIC -> BENT_IDENTITY improved: 13.9% error: 285.9703 -> 246.1094,c66c67cc-5763-45df-9a14-db9ea44f80d1 GELU -> Mish improved: 2.4% error: 0.0788 -> 0.0769
Over populated 52, expected 50.
Training e208d506 caused a higher error of 0.00005475073989019454 from 0.00005352592358924957
Training 3b948d27 with 1 binary file, target error: 0.000001, iterations: 1, sample rate: 100%, sparse: 100%
Discovery 3b948d27 with 1 binary files, sample rate: 100%, batch size: 512
Discovery 3b948d27 initialize time 198ms
Discovery 3b948d27 processing .trainData-fx_c_88/USDVND/data.bin
Over populated 54, expected 50.
Training 3b948d27 caused a higher error of 0.000054750721238489257 from 0.000053525858987563886
Discovery 3b948d27 read time 7ms for .trainData-fx_c_88/USDVND/data.bin with 1440 records
Training 245c2ab7 with 1 binary file, target error: 0.000001, iterations: 1, sample rate: 100%, sparse: 100%
Discovery 3b948d27 scanning time 1s 297ms
Training 245c2ab7 caused a higher error of 0.0000547507614601978 from 0.00005352580478265267
Training 1024a9fc with 1 binary file, target error: 0.000001, iterations: 1, sample rate: 100%, sparse: 100%
Fine tuning increased fitness by 3.901245992921076e-11 to 0.9999436533264131 adjusted 143 weights, 6 biases 
Discovery 3b948d27 recorded time 2s 891ms
Training 1024a9fc caused a higher error of 0.00005475082888501396 from 0.00005352576577044784
Training b2eb23ba with 1 binary file, target error: 0.000001, iterations: 1, sample rate: 100%, sparse: 100%
Fine tuning increased fitness by 5.75374192735012e-11 to 0.9999436533839505 adjusted 143 weights, 6 biases 
Training b2eb23ba caused a higher error of 0.000054750659700092516 from 0.00005352570823290463
Training c1ea19dd with 1 binary file, target error: 0.000001, iterations: 1, sample rate: 100%, sparse: 100%
Fine tuning increased fitness by 1.2780609903728646e-10 to 0.9999436535117566 adjusted 143 weights, 6 biases 
Over populated 52, expected 50.
Training c1ea19dd caused a higher error of 0.000054750511650717504 from 0.000053525580426806566
Training e8efb691 with 1 binary file, target error: 0.000001, iterations: 1, sample rate: 100%, sparse: 100%
Fine tuning increased fitness by 1.5404466591206756e-10 to 0.9999436536658013 adjusted 143 weights, 6 biases 
Over populated 52, expected 50.
Training e8efb691 caused a higher error of 0.00005475032929890178 from 0.00005352542638201846
Training 105a3b63 with 1 binary file, target error: 0.000001, iterations: 1, sample rate: 100%, sparse: 100%
Generation 50 score 0.999943653749283  error 0.000053525342900253554 avg time 1s 344ms
Training 105a3b63 caused a higher error of 0.00005475022413272163 from 0.000053525342900253554
Training 86004166 with 1 binary file, target error: 0.000001, iterations: 1, sample rate: 100%, sparse: 100%
Fine tuning increased fitness by 1.366526891644071e-10 to 0.9999436538859356 adjusted 143 weights, 6 biases 
Training 86004166 caused a higher error of 0.00005475007797340129 from 0.000053525206247426635
Training b0ed85b8 with 1 binary file, target error: 0.000001, iterations: 1, sample rate: 100%, sparse: 100%
Fine tuning increased fitness by 1.676885297285935e-10 to 0.9999436540536242 adjusted 143 weights, 6 biases 
Discovered beneficial synapse from input-1449 to output-3 with weight 0.4143, helping 30.7% more records than it harms (941/1440)
Discovery 3b948d27 analyze time 7s 961ms found 1 candidates
Discovery 3b948d27 analyze harmful time 42ms found 0 candidates
Discovery 3b948d27 analyze squashes time 128ms found 2 candidates, Summary: output-0 LOGISTIC -> BENT_IDENTITY improved: 14.2% error: 287.0402 -> 246.1439,c66c67cc-5763-45df-9a14-db9ea44f80d1 GELU -> Mish improved: 2.8% error: 0.0810 -> 0.0788
Training b0ed85b8 caused a higher error of 0.00005474990304192198 from 0.00005352503855890086
Training 0affde87 with 1 binary file, target error: 0.000001, iterations: 1, sample rate: 100%, sparse: 100%
Fine tuning increased fitness by 2.860365277967958e-10 to 0.9999436543396607 adjusted 143 weights, 6 biases 
Discovery 0affde87 with 1 binary files, sample rate: 100%, batch size: 512
Discovery 0affde87 initialize time 207ms
Discovery 0affde87 processing .trainData-fx_c_88/USDVND/data.bin
Over populated 54, expected 50.
Training 0affde87 caused a higher error of 0.00005474961052803497 from 0.0000535247525223094
Training 9f35b33f with 1 binary file, target error: 0.000001, iterations: 1, sample rate: 100%, sparse: 100%
Discovery 0affde87 read time 14ms for .trainData-fx_c_88/USDVND/data.bin with 1440 records
Fine tuning increased fitness by 4.383841067934213e-10 to 0.9999436547780448 adjusted 143 weights, 6 biases 
Discovery 0affde87 scanning time 1s 335ms
Training 9f35b33f caused a higher error of 0.000054749179992152625 from 0.00005352431413802811
Training 7582ebc3 with 1 binary file, target error: 0.000001, iterations: 1, sample rate: 100%, sparse: 100%
Discovery 0affde87 recorded time 2s 590ms
Training 7582ebc3 caused a higher error of 0.00005474824786831886 from 0.0000535234549328301
Training 67b06449 with 1 binary file, target error: 0.000001, iterations: 1, sample rate: 100%, sparse: 100%
Training 67b06449 caused a higher error of 0.00005474659903601752 from 0.00005352187449783041
Training 0d6a7d7b with 1 binary file, target error: 0.000001, iterations: 1, sample rate: 100%, sparse: 100%
Fine tuning increased fitness by 2.4785269392424425e-9 to 0.9999436596962122 adjusted 134 weights, 6 biases 
Training 0d6a7d7b caused a higher error of 0.000054744020539214016 from 0.00005351939597082854
Training 2a9670a9 with 1 binary file, target error: 0.000001, iterations: 1, sample rate: 100%, sparse: 100%
Discovered beneficial synapse from input-16 to output-0 with weight 1.0000, helping 23.1% more records than it harms (868/1440)
Discovery 0affde87 analyze time 3s 889ms found 1 candidates
Fine tuning increased fitness by 3.9942678053961345e-9 to 0.99994366369048 adjusted 134 weights, 6 biases 
Discovery 0affde87 analyze harmful time 44ms found 0 candidates
Discovery 0affde87 analyze squashes time 105ms found 1 candidate, Summary: output-0 LOGISTIC -> BENT_IDENTITY improved: 14.2% error: 286.7731 -> 246.1581
Training 2a9670a9 caused a higher error of 0.00005473986789176529 from 0.00005351540170301263
Training 3c9dbcd4 with 1 binary file, target error: 0.000001, iterations: 1, sample rate: 100%, sparse: 100%
Fine tuning increased fitness by 5.211414522143798e-9 to 0.9999436689018946 adjusted 134 weights, 6 biases 
Discovery 3c9dbcd4 with 1 binary files, sample rate: 100%, batch size: 512
Discovery 3c9dbcd4 initialize time 221ms
Discovery 3c9dbcd4 processing .trainData-fx_c_88/USDVND/data.bin
Over populated 53, expected 50.
Training 3c9dbcd4 caused a higher error of 0.00005473445344104901 from 0.000053510190288461584
Training 9b472d7e with 1 binary file, target error: 0.000001, iterations: 1, sample rate: 100%, sparse: 100%
Fine tuning increased fitness by 2.0569543845994076e-9 to 0.999943670958849 adjusted 134 weights, 6 biases 
Discovery 3c9dbcd4 read time 28ms for .trainData-fx_c_88/USDVND/data.bin with 1440 records
Discovery 3c9dbcd4 scanning time 1s 464ms
Generation 60 score 0.999943670958849  error 0.00005350813333409741 avg time 1s 318ms
Training 9b472d7e caused a higher error of 0.00005473231241225225 from 0.00005350813333409741
Training 5f9433c3 with 1 binary file, target error: 0.000001, iterations: 1, sample rate: 100%, sparse: 100%
Fine tuning increased fitness by 1.4038659124082642e-11 to 0.9999436709728876 adjusted 134 weights, 6 biases 
Discovery 3c9dbcd4 recorded time 2s 900ms
Training 5f9433c3 caused a higher error of 0.000054732297977194545 from 0.00005350811929533895
Training f217cc6a with 1 binary file, target error: 0.000001, iterations: 1, sample rate: 100%, sparse: 100%
Over populated 52, expected 50.
Training f217cc6a caused a higher error of 0.000054732280362700954 from 0.00005350810085366582
Training 535ef960 with 1 binary file, target error: 0.000001, iterations: 1, sample rate: 100%, sparse: 100%
Fine tuning increased fitness by 1.9302004439225584e-11 to 0.9999436710106313 adjusted 116 weights, 5 biases 
Training 535ef960 caused a higher error of 0.000054732258484686946 from 0.00005350808155165293
Training b97dd0b9 with 1 binary file, target error: 0.000001, iterations: 1, sample rate: 100%, sparse: 100%
Fine tuning increased fitness by 1.747824107667384e-12 to 0.9999436710123791 adjusted 116 weights, 5 biases 
Over populated 52, expected 50.
Training b97dd0b9 caused a higher error of 0.000054732255238530503 from 0.00005350807980381821
Training 23edd502 with 1 binary file, target error: 0.000001, iterations: 1, sample rate: 100%, sparse: 100%
Fine tuning increased fitness by 1.5355960947260883e-10 to 0.9999436711659387 adjusted 261 weights, 7 biases 
Training 23edd502 caused a higher error of 0.00005473195119384888 from 0.00005350792624332345
Training f2b3bc50 with 1 binary file, target error: 0.000001, iterations: 1, sample rate: 100%, sparse: 100%
Fine tuning increased fitness by 2.5092240507618158e-9 to 0.9999436736751628 adjusted 261 weights, 7 biases 
Remove neuron 5a026ed0-c121-48b8-8e9d-64106338e504 as no longer connected
Training f2b3bc50 caused a higher error of 0.00005473027276522598 from 0.00005350541701845174
Training 96f3a643 with 1 binary file, target error: 0.000001, iterations: 1, sample rate: 100%, sparse: 100%
Fine tuning increased fitness by 9.57964263470501e-10 to 0.999943674633127 adjusted 261 weights, 7 biases 
Training 96f3a643 caused a higher error of 0.000054729673302699826 from 0.00005350445905310371
Discovered beneficial synapse from input-16 to output-0 with weight 1.0000, helping 23.1% more records than it harms (868/1440)
Discovery 3c9dbcd4 analyze time 8s 100ms found 1 candidates
Discovery 3c9dbcd4 analyze harmful time 128ms found 0 candidates
Discovery 3c9dbcd4 analyze squashes time 180ms found 1 candidate, Summary: output-0 LOGISTIC -> BENT_IDENTITY improved: 14.2% error: 286.7945 -> 246.1610
Training ddbd8b53 with 1 binary file, target error: 0.000001, iterations: 1, sample rate: 100%, sparse: 100%
Fine tuning increased fitness by 1.962909390584855e-9 to 0.9999436765960364 adjusted 261 weights, 7 biases 
Over populated 52, expected 50.
Training ddbd8b53 caused a higher error of 0.000054728644249489364 from 0.00005350249614238627
Training 202f0a8d with 1 binary file, target error: 0.000001, iterations: 1, sample rate: 100%, sparse: 100%
Fine tuning increased fitness by 1.917930481099006e-9 to 0.9999436785139669 adjusted 261 weights, 7 biases 
Discovery 202f0a8d with 1 binary files, sample rate: 100%, batch size: 512
Discovery 202f0a8d initialize time 226ms
Discovery 202f0a8d processing .trainData-fx_c_88/USDVND/data.bin
Over populated 54, expected 50.
Training 202f0a8d caused a higher error of 0.0000547277909096889 from 0.00005350057821127669
Training 3981fdf4 with 1 binary file, target error: 0.000001, iterations: 1, sample rate: 100%, sparse: 100%
Fine tuning increased fitness by 1.877914823644744e-9 to 0.9999436803918818 adjusted 261 weights, 7 biases 
Discovery 202f0a8d read time 28ms for .trainData-fx_c_88/USDVND/data.bin with 1440 records
Discovery 202f0a8d scanning time 1s 500ms
Generation 70 score 0.9999436803918818  error 0.000053498700295594756 avg time 1s 323ms
Training 3981fdf4 caused a higher error of 0.00005472772300143148 from 0.000053498700295594756
Training 9cf9d0d8 with 1 binary file, target error: 0.000001, iterations: 1, sample rate: 100%, sparse: 100%
Fine tuning increased fitness by 1.1195583349277172e-9 to 0.9999436815114401 adjusted 261 weights, 7 biases 
Discovery 202f0a8d recorded time 2s 634ms
Over populated 52, expected 50.
Training 9cf9d0d8 caused a higher error of 0.00005472773223156398 from 0.000053497580734570404
Training c9b77eff with 1 binary file, target error: 0.000001, iterations: 1, sample rate: 100%, sparse: 100%
Training c9b77eff caused a higher error of 0.00005472661928277684 from 0.00005349588918125895
Training 339f9ba0 with 1 binary file, target error: 0.000001, iterations: 1, sample rate: 100%, sparse: 100%
Fine tuning increased fitness by 7.331176776759207e-10 to 0.9999436839361125 adjusted 261 weights, 7 biases 
Training 339f9ba0 caused a higher error of 0.000054725620142113566 from 0.000053495156065775654
Training 8fc3eb9e with 1 binary file, target error: 0.000001, iterations: 1, sample rate: 100%, sparse: 100%
Training 8fc3eb9e caused a higher error of 0.000054725161914359824 from 0.00005349389419153359
Training 2f89748f with 1 binary file, target error: 0.000001, iterations: 1, sample rate: 100%, sparse: 100%
Training 2f89748f caused a higher error of 0.00005472331401267479 from 0.0000534932647241955
Training 043a395b with 1 binary file, target error: 0.000001, iterations: 1, sample rate: 100%, sparse: 100%
Fine tuning increased fitness by 1.4912000523281677e-9 to 0.99994368731866 adjusted 249 weights, 7 biases 
Training 043a395b caused a higher error of 0.00005472239579087129 from 0.00005349177353384965
Training d06f379d with 1 binary file, target error: 0.000001, iterations: 1, sample rate: 100%, sparse: 100%
Training d06f379d caused a higher error of 0.00005472190959734715 from 0.00005349128422955194
Training f157a188 with 1 binary file, target error: 0.000001, iterations: 1, sample rate: 100%, sparse: 100%
Fine tuning increased fitness by 1.3023393474753675e-9 to 0.9999436891103037 adjusted 262 weights, 7 biases 
Discovered beneficial synapse from input-16 to output-0 with weight 1.0000, helping 23.1% more records than it harms (869/1440)
Discovery 202f0a8d analyze time 9s 120ms found 1 candidates
Discovery 202f0a8d analyze harmful time 50ms found 0 candidates
Discovery 202f0a8d analyze squashes time 167ms found 2 candidates, Summary: output-0 LOGISTIC -> BENT_IDENTITY improved: 14.3% error: 287.0853 -> 246.1192,output-4 LeakyReLU -> SELU improved: 5.2% error: 0.3333 -> 0.3161
Over populated 52, expected 50.
Training f157a188 caused a higher error of 0.00005472141803143693 from 0.000053489981890170756
Training 61aff3fa with 1 binary file, target error: 0.000001, iterations: 1, sample rate: 100%, sparse: 100%
Discovery 61aff3fa with 1 binary files, sample rate: 100%, batch size: 512
Discovery 61aff3fa initialize time 210ms
Discovery 61aff3fa processing .trainData-fx_c_88/USDVND/data.bin
Over populated 54, expected 50.
Training 61aff3fa caused a higher error of 0.000054720792008142024 from 0.000053489320759332976
Training 1d7665d1 with 1 binary file, target error: 0.000001, iterations: 1, sample rate: 100%, sparse: 100%
Discovery 61aff3fa read time 4ms for .trainData-fx_c_88/USDVND/data.bin with 1440 records
Discovery 61aff3fa scanning time 1s 434ms
Over populated 52, expected 50.
Generation 80 score 0.9999436905392781  error 0.00005348855291605307 avg time 1s 325ms
Training 1d7665d1 caused a higher error of 0.000054720203352158705 from 0.00005348855291605307
Training 1309b5ea with 1 binary file, target error: 0.000001, iterations: 1, sample rate: 100%, sparse: 100%
Fine tuning increased fitness by 6.078963998845666e-10 to 0.9999436911471745 adjusted 262 weights, 7 biases 
Discovery 61aff3fa recorded time 2s 803ms
Over populated 52, expected 50.
Training 1309b5ea caused a higher error of 0.0000547197432161466 from 0.00005348794502008747
Training 6a4c4e59 with 1 binary file, target error: 0.000001, iterations: 1, sample rate: 100%, sparse: 100%
Remove neuron 5a026ed0-c121-48b8-8e9d-64106338e504 as no longer connected
Training 6a4c4e59 caused a higher error of 0.0000547192627507394 from 0.0000534871860538626
Training b1897745 with 1 binary file, target error: 0.000001, iterations: 1, sample rate: 100%, sparse: 100%
Training b1897745 caused a higher error of 0.00005471860958260466 from 0.000053486149378419264
Training 467b5c81 with 1 binary file, target error: 0.000001, iterations: 1, sample rate: 100%, sparse: 100%
Fine tuning increased fitness by 1.3112461116904228e-9 to 0.9999436942540634 adjusted 262 weights, 7 biases 
Discovered beneficial synapse from input-16 to output-0 with weight 1.0000, helping 23.1% more records than it harms (869/1440)
Discovery 61aff3fa analyze time 3s 873ms found 1 candidates
Discovered harmful synapse from input-788 to c66c67cc-5763-45df-9a14-db9ea44f80d1, harming 22.8% more records than it helps (554/1440)
Discovery 61aff3fa analyze harmful time 104ms found 1 candidates
Discovery 61aff3fa analyze squashes time 72ms found 1 candidate, Summary: output-0 LOGISTIC -> BENT_IDENTITY improved: 14.3% error: 287.2174 -> 246.2600
Training 467b5c81 caused a higher error of 0.000054718425528475 from 0.00005348483813182397
Training 3d47020f with 1 binary file, target error: 0.000001, iterations: 1, sample rate: 100%, sparse: 100%
Fine tuning increased fitness by 1.454880882434395e-9 to 0.9999436957089443 adjusted 262 weights, 7 biases 
Discovery 3d47020f with 1 binary files, sample rate: 100%, batch size: 512
Discovery 3d47020f initialize time 353ms
Discovery 3d47020f processing .trainData-fx_c_88/USDVND/data.bin
Over populated 56, expected 50.
Training 3d47020f caused a higher error of 0.0000547170193548927 from 0.00005348338324872938
Training 830a495e with 1 binary file, target error: 0.000001, iterations: 1, sample rate: 100%, sparse: 100%
Fine tuning increased fitness by 9.278228185749526e-10 to 0.9999436966367671 adjusted 262 weights, 7 biases 
Discovery 3d47020f read time 3ms for .trainData-fx_c_88/USDVND/data.bin with 1440 records
Discovery 3d47020f scanning time 1s 234ms
Training 830a495e caused a higher error of 0.000054716477341836694 from 0.00005348245542322896
Training 9e20cc9d with 1 binary file, target error: 0.000001, iterations: 1, sample rate: 100%, sparse: 100%
Fine tuning increased fitness by 6.669149676952202e-10 to 0.999943697303682 adjusted 262 weights, 7 biases 
Over populated 52, expected 50.
Training 9e20cc9d caused a higher error of 0.00005471594556385531 from 0.000053481788506163085
Training 26b0f93b with 1 binary file, target error: 0.000001, iterations: 1, sample rate: 100%, sparse: 100%
Fine tuning increased fitness by 3.848881213741606e-10 to 0.9999436976885702 adjusted 262 weights, 7 biases 
Discovery 3d47020f recorded time 2s 891ms
Over populated 52, expected 50.
Training 26b0f93b caused a higher error of 0.00005471570162717793 from 0.00005348140361950182
Training 3d67ea34 with 1 binary file, target error: 0.000001, iterations: 1, sample rate: 100%, sparse: 100%
Fine tuning increased fitness by 3.5900404871114233e-10 to 0.9999436980475742 adjusted 262 weights, 7 biases 
Over populated 52, expected 50.
Training 3d67ea34 caused a higher error of 0.00005471542175720557 from 0.00005348104461569238
Training 1b843ed1 with 1 binary file, target error: 0.000001, iterations: 1, sample rate: 100%, sparse: 100%
Fine tuning increased fitness by 5.336286967860815e-10 to 0.9999436985812029 adjusted 262 weights, 7 biases 
Generation 90 score 0.9999436985812029  error 0.00005348051098697116 avg time 1s 155ms
Training 1b843ed1 caused a higher error of 0.00005471506730512762 from 0.00005348051098697116
Training 39350a49 with 1 binary file, target error: 0.000001, iterations: 1, sample rate: 100%, sparse: 100%
Discovered beneficial synapse from input-16 to output-0 with weight 1.0000, helping 23.1% more records than it harms (869/1440)
Discovery 3d47020f analyze time 3s 646ms found 1 candidates
Discovery 3d47020f analyze harmful time 47ms found 0 candidates
Discovery 3d47020f analyze squashes time 66ms found 1 candidate, Summary: output-0 LOGISTIC -> BENT_IDENTITY improved: 14.3% error: 287.4681 -> 246.3004
Training 39350a49 caused a higher error of 0.00005471471992869531 from 0.00005347990851015755
Training 3e75f4e5 with 1 binary file, target error: 0.000001, iterations: 1, sample rate: 100%, sparse: 100%
Discovery 3e75f4e5 with 1 binary files, sample rate: 100%, batch size: 512
Discovery 3e75f4e5 initialize time 314ms
Discovery 3e75f4e5 processing .trainData-fx_c_88/USDVND/data.bin
Over populated 54, expected 50.
Training 3e75f4e5 caused a higher error of 0.00005471409745698049 from 0.000053478693722400426
Training dd3ddd21 with 1 binary file, target error: 0.000001, iterations: 1, sample rate: 100%, sparse: 100%
Discovery 3e75f4e5 read time 4ms for .trainData-fx_c_88/USDVND/data.bin with 1440 records
Discovery 3e75f4e5 scanning time 1s 313ms
Training dd3ddd21 caused a higher error of 0.00005471301539447832 from 0.00005347661795613786
Training b84e2a63 with 1 binary file, target error: 0.000001, iterations: 1, sample rate: 100%, sparse: 100%
Fine tuning increased fitness by 2.9637771126189705e-9 to 0.9999437054380108 adjusted 262 weights, 7 biases 
Training b84e2a63 caused a higher error of 0.00005471149185577722 from 0.00005347365417906885
Training df609d5b with 1 binary file, target error: 0.000001, iterations: 1, sample rate: 100%, sparse: 100%
Discovery 3e75f4e5 recorded time 3s 24ms
Training df609d5b caused a higher error of 0.00005471047659681803 from 0.00005347170510114723
Training 582d6590 with 1 binary file, target error: 0.000001, iterations: 1, sample rate: 100%, sparse: 100%
Training 582d6590 caused a higher error of 0.00005471089482682026 from 0.000053470124247051674
Training 75e3b691 with 1 binary file, target error: 0.000001, iterations: 1, sample rate: 100%, sparse: 100%
Fine tuning increased fitness by 9.76478198300157e-9 to 0.9999437187324337 adjusted 175 weights, 5 biases 
Training 75e3b691 caused a higher error of 0.000054704505708617584 from 0.000053460359493150695
Training 48157a56 with 1 binary file, target error: 0.000001, iterations: 1, sample rate: 100%, sparse: 100%
Fine tuning increased fitness by 1.0867309274686932e-9 to 0.9999437198191646 adjusted 175 weights, 5 biases 
Discovered beneficial synapse from input-16 to output-0 with weight 1.0000, helping 23.1% more records than it harms (869/1440)
Discovery 3e75f4e5 analyze time 3s 192ms found 1 candidates
Discovered harmful synapse from input-788 to c66c67cc-5763-45df-9a14-db9ea44f80d1, harming 22.6% more records than it helps (555/1440)
Discovery 3e75f4e5 analyze harmful time 101ms found 1 candidates
Discovery 3e75f4e5 analyze squashes time 84ms found 1 candidate, Summary: output-0 LOGISTIC -> BENT_IDENTITY improved: 14.3% error: 287.4218 -> 246.2895
Training 48157a56 caused a higher error of 0.00005470370527339167 from 0.00005345927273597698
Training ea4b1db6 with 1 binary file, target error: 0.000001, iterations: 1, sample rate: 100%, sparse: 100%
Over populated 56, expected 50.
Training ea4b1db6 caused a higher error of 0.00005470419355800921 from 0.000053459850003616786
Generation 100 score 0.9999437198191646  error 0.00005345927273597698 avg time 1s 42ms
Training 062b4019 with 1 binary file, target error: 0.000001, iterations: 1, sample rate: 100%, sparse: 100%
Training ea4b1db6 increased fitness by 5.569318339837537e-10 to 0.9999437203760965
Discovery 062b4019 with 1 binary files, sample rate: 100%, batch size: 512
Training 062b4019 caused a higher error of 0.00005470357540696802 from 0.000053458715827636006
Discovery 062b4019 initialize time 599ms
Discovery 062b4019 processing .trainData-fx_c_88/USDVND/data.bin
Training 8f931d6b with 1 binary file, target error: 0.000001, iterations: 1, sample rate: 100%, sparse: 100%
Fine tuning increased fitness by 2.41323350191891e-9 to 0.99994372278933 adjusted 258 weights, 7 biases 
Discovery 062b4019 read time 1ms for .trainData-fx_c_88/USDVND/data.bin with 1440 records
Training 8f931d6b caused a higher error of 0.000054702309871540834 from 0.00005345630260076844
Discovery 062b4019 scanning time 1s 413ms
Training 3773b02f with 1 binary file, target error: 0.000001, iterations: 1, sample rate: 100%, sparse: 100%
Over populated 52, expected 50.
Training 3773b02f caused a higher error of 0.00005470086683057048 from 0.00005345381165196348
Training 80ea3f37 with 1 binary file, target error: 0.000001, iterations: 1, sample rate: 100%, sparse: 100%
Discovery 062b4019 recorded time 3s 110ms
Training 80ea3f37 caused a higher error of 0.00005469956609720331 from 0.00005345127929991441
Training 23dbf375 with 1 binary file, target error: 0.000001, iterations: 1, sample rate: 100%, sparse: 100%
Training 23dbf375 caused a higher error of 0.00005469814762710444 from 0.00005344860947020271
Training f97c5ef4 with 1 binary file, target error: 0.000001, iterations: 1, sample rate: 100%, sparse: 100%
Fine tuning increased fitness by 1.3510815799477882e-9 to 0.9999437318335404 adjusted 254 weights, 7 biases 
Training f97c5ef4 caused a higher error of 0.0000546974124134135 from 0.00005344725838135125
Training 8627f472 with 1 binary file, target error: 0.000001, iterations: 1, sample rate: 100%, sparse: 100%
Fine tuning increased fitness by 1.9417888408312933e-9 to 0.9999437337753292 adjusted 254 weights, 7 biases 
Training 8627f472 caused a higher error of 0.00005469636763415992 from 0.000053445316590389884
Training da9ae32d with 1 binary file, target error: 0.000001, iterations: 1, sample rate: 100%, sparse: 100%
Training da9ae32d caused a higher error of 0.00005469543085319352 from 0.00005344337623336773
Training 40f484d5 with 1 binary file, target error: 0.000001, iterations: 1, sample rate: 100%, sparse: 100%
Training 40f484d5 caused a higher error of 0.000054695015899460985 from 0.00005344272481811676
Training 08f81f40 with 1 binary file, target error: 0.000001, iterations: 1, sample rate: 100%, sparse: 100%
Fine tuning increased fitness by 4.50929960038593e-10 to 0.9999437368180301 adjusted 253 weights, 6 biases 
Over populated 52, expected 50.
Generation 110 score 0.9999437368180301  error 0.00005344227388907552 avg time 1s 71ms
Training 08f81f40 caused a higher error of 0.00005469465321870586 from 0.00005344227388907552
Training f4b8f2c9 with 1 binary file, target error: 0.000001, iterations: 1, sample rate: 100%, sparse: 100%
Over populated 52, expected 50.
Training f4b8f2c9 caused a higher error of 0.00005469392601141106 from 0.00005344070932987825
Training 2640a0ea with 1 binary file, target error: 0.000001, iterations: 1, sample rate: 100%, sparse: 100%
Fine tuning increased fitness by 4.996115743338692e-10 to 0.9999437388822024 adjusted 241 weights, 7 biases 
Discovered beneficial synapse from input-88 to c66c67cc-5763-45df-9a14-db9ea44f80d1 with weight 1.0000, helping 23.3% more records than it harms (886/1440)
Discovery 062b4019 analyze time 8s 782ms found 1 candidates
Discovery 062b4019 analyze harmful time 47ms found 0 candidates
Discovery 062b4019 analyze squashes time 81ms found 1 candidate, Summary: output-0 LOGISTIC -> BENT_IDENTITY improved: 14.3% error: 287.4157 -> 246.2875
Over populated 52, expected 50.
Training 2640a0ea caused a higher error of 0.00005469370431639464 from 0.00005344020971978251
Training 701bae22 with 1 binary file, target error: 0.000001, iterations: 1, sample rate: 100%, sparse: 100%
Discovery 701bae22 with 1 binary files, sample rate: 100%, batch size: 512
Discovery 701bae22 initialize time 414ms
Discovery 701bae22 processing .trainData-fx_c_88/USDVND/data.bin
Over populated 53, expected 50.
Training 701bae22 caused a higher error of 0.00005469363200589586 from 0.00005343871758215273
Training b49eec24 with 1 binary file, target error: 0.000001, iterations: 1, sample rate: 100%, sparse: 100%
Discovery 701bae22 read time 8ms for .trainData-fx_c_88/USDVND/data.bin with 1440 records
Discovery 701bae22 scanning time 1s 467ms
Over populated 52, expected 50.
Training b49eec24 caused a higher error of 0.000054693097256372396 from 0.00005343832287774582
Training 4c61606b with 1 binary file, target error: 0.000001, iterations: 1, sample rate: 100%, sparse: 100%
Discovery 701bae22 recorded time 2s 704ms
Over populated 52, expected 50.
Training 4c61606b caused a higher error of 0.00005469491749084657 from 0.00005342532423638298
Training 7621d0ef with 1 binary file, target error: 0.000001, iterations: 1, sample rate: 100%, sparse: 100%
Training 7621d0ef caused a higher error of 0.00005470119499487334 from 0.00005341732111785391
Training 24cd396c with 1 binary file, target error: 0.000001, iterations: 1, sample rate: 100%, sparse: 100%
Over populated 52, expected 50.
Training 24cd396c caused a higher error of 0.000054715009776657735 from 0.00005341735990301141
Training c5f429d5 with 1 binary file, target error: 0.000001, iterations: 1, sample rate: 100%, sparse: 100%
Over populated 52, expected 50.
Training c5f429d5 caused a higher error of 0.00005471135059834495 from 0.00005341583658317416
Training 8eaa536c with 1 binary file, target error: 0.000001, iterations: 1, sample rate: 100%, sparse: 100%
Fine tuning increased fitness by 3.285661853702493e-9 to 0.9999437565412219 adjusted 87 weights, 4 biases 
Discovered beneficial synapse from input-16 to output-0 with weight 1.0000, helping 23.1% more records than it harms (869/1440)
Discovery 701bae22 analyze time 3s 765ms found 1 candidates
Discovery 701bae22 analyze harmful time 55ms found 0 candidates
Discovery 701bae22 analyze squashes time 117ms found 2 candidates, Summary: output-0 LOGISTIC -> BENT_IDENTITY improved: 14.3% error: 287.4229 -> 246.2900,output-4 LeakyReLU -> SELU improved: 5.2% error: 0.3331 -> 0.3156
Training 8eaa536c caused a higher error of 0.0000546997651649355 from 0.00005341255094229605
Training 69cac056 with 1 binary file, target error: 0.000001, iterations: 1, sample rate: 100%, sparse: 100%
Fine tuning increased fitness by 1.0115533966015278e-9 to 0.9999437575527753 adjusted 87 weights, 4 biases 
Discovery 69cac056 with 1 binary files, sample rate: 100%, batch size: 512
Generation 120 score 0.9999437575527753  error 0.00005341153937672269 avg time 1s 128ms
Training 69cac056 caused a higher error of 0.000054706003204372044 from 0.00005341153937672269
Discovery 69cac056 initialize time 503ms
Discovery 69cac056 processing .trainData-fx_c_88/USDVND/data.bin
Training ffe98980 with 1 binary file, target error: 0.000001, iterations: 1, sample rate: 100%, sparse: 100%
Fine tuning increased fitness by 1.1409599931511138e-9 to 0.9999437586937353 adjusted 87 weights, 4 biases 
Discovery 69cac056 read time 3ms for .trainData-fx_c_88/USDVND/data.bin with 1440 records
Discovery 69cac056 scanning time 1s 417ms
Training ffe98980 caused a higher error of 0.00005470108568258118 from 0.00005341039842814075
Training dc1e8b0f with 1 binary file, target error: 0.000001, iterations: 1, sample rate: 100%, sparse: 100%
Training dc1e8b0f caused a higher error of 0.00005470269100696215 from 0.00005340966611895508
Training 805d4954 with 1 binary file, target error: 0.000001, iterations: 1, sample rate: 100%, sparse: 100%
Discovery 69cac056 recorded time 3s 27ms
Training 805d4954 caused a higher error of 0.00005470242332583178 from 0.000053409177064106104
Training c80c342e with 1 binary file, target error: 0.000001, iterations: 1, sample rate: 100%, sparse: 100%
Fine tuning increased fitness by 3.253524116786366e-10 to 0.9999437602404502 adjusted 60 weights, 2 biases 
Training c80c342e caused a higher error of 0.000054702256275707225 from 0.00005340885171308229
Training ef4900dc with 1 binary file, target error: 0.000001, iterations: 1, sample rate: 100%, sparse: 100%
Fine tuning increased fitness by 5.2943871509114615e-11 to 0.999943760293394 adjusted 60 weights, 2 biases 
Training ef4900dc caused a higher error of 0.000054702299093227086 from 0.00005340879877037839
Training 0f77dbd8 with 1 binary file, target error: 0.000001, iterations: 1, sample rate: 100%, sparse: 100%
Training 0f77dbd8 caused a higher error of 0.00005470221960007786 from 0.000053408749687032926
Training 7c6df11f with 1 binary file, target error: 0.000001, iterations: 1, sample rate: 100%, sparse: 100%
Fine tuning increased fitness by 2.1098289781917856e-10 to 0.9999437605534598 adjusted 260 weights, 7 biases 
Discovered beneficial synapse from input-16 to output-0 with weight 1.0000, helping 23.1% more records than it harms (869/1440)
Discovery 69cac056 analyze time 3s 697ms found 1 candidates
Discovered harmful synapse from input-788 to c66c67cc-5763-45df-9a14-db9ea44f80d1, harming 23.8% more records than it helps (547/1440)
Discovery 69cac056 analyze harmful time 105ms found 1 candidates
Discovery 69cac056 analyze squashes time 83ms found 1 candidate, Summary: output-0 LOGISTIC -> BENT_IDENTITY improved: 14.3% error: 287.4230 -> 246.2899
Training 7c6df11f caused a higher error of 0.00005470208739283412 from 0.0000534085387044961
Training 0141e4f4 with 1 binary file, target error: 0.000001, iterations: 1, sample rate: 100%, sparse: 100%
Discovery 0141e4f4 with 1 binary files, sample rate: 100%, batch size: 512
Over populated 53, expected 50.
Training 0141e4f4 caused a higher error of 0.0000547016885261021 from 0.00005340801528957745
Discovery 0141e4f4 initialize time 717ms
Discovery 0141e4f4 processing .trainData-fx_c_88/USDVND/data.bin
Fine tuning increased fitness by 5.109237477540773e-10 to 0.9999437615877983 adjusted 258 weights, 7 biases 
Discovery 0141e4f4 read time 1ms for .trainData-fx_c_88/USDVND/data.bin with 1440 records
Discovery 0141e4f4 scanning time 1s 228ms
Generation 130 score 0.9999437630732951  error 0.00005340601886265538 avg time 963ms
Discovery 0141e4f4 recorded time 2s 674ms
Fine tuning increased fitness by 6.873268620921635e-11 to 0.9999437701801972 adjusted 140 weights, 3 biases 
Discovered beneficial synapse from input-16 to output-0 with weight 1.0000, helping 23.1% more records than it harms (869/1440)
Discovery 0141e4f4 analyze time 3s 523ms found 1 candidates
Discovery 0141e4f4 analyze harmful time 125ms found 0 candidates
Discovery 0141e4f4 analyze squashes time 221ms found 1 candidate, Summary: output-0 LOGISTIC -> BENT_IDENTITY improved: 14.3% error: 287.4024 -> 246.2875
Fine tuning increased fitness by 1.305922037175833e-10 to 0.999943776265507 adjusted 114 weights, 2 biases 
Generation 140 score 0.999943776265507  error 0.00005339282667768216 avg time 958ms
Fine tuning increased fitness by 1.7607193480984051e-10 to 0.999943776441579 adjusted 114 weights, 2 biases 
Fine tuning increased fitness by 7.254056244576645e-10 to 0.9999437820308135 adjusted 162 weights, 3 biases 
Fine tuning increased fitness by 1.3149101807385932e-9 to 0.9999437833457236 adjusted 162 weights, 3 biases 
Generation 150 score 0.9999437833457236  error 0.00005338574645623222 avg time 902ms
Fine tuning increased fitness by 9.102640863289935e-11 to 0.999943784313818 adjusted 67 weights, 1 bias 
Fine tuning increased fitness by 5.2397530758696576e-11 to 0.9999437843662156 adjusted 67 weights, 1 bias 
Remove neuron 5a026ed0-c121-48b8-8e9d-64106338e504 as no longer connected
Fine tuning increased fitness by 5.757527787864092e-11 to 0.9999437844237908 adjusted 67 weights, 1 bias 
SWAP_NODES didn't mutate the creature. 1515 observations, 2 neurons, 5 outputs, 264 synapses
UUID didn't change after SWAP_NODES mutation, changed: false
SWAP_NODES didn't mutate the creature. 1515 observations, 2 neurons, 5 outputs, 264 synapses
UUID didn't change after SWAP_NODES mutation, changed: false
Fine tuning increased fitness by 7.297673576545094e-11 to 0.9999437844967676 adjusted 67 weights, 1 bias 
Fine tuning increased fitness by 1.0314482601359032e-10 to 0.9999437845999124 adjusted 67 weights, 1 bias 
Fine tuning increased fitness by 1.7957124676115654e-10 to 0.9999437847794836 adjusted 67 weights, 1 bias 
Generation 160 score 0.9999437847794836  error 0.000053384312699027536 avg time 832ms
Fine tuning increased fitness by 2.6717483780913653e-10 to 0.9999437850466585 adjusted 67 weights, 1 bias 
Generation 162 score 0.9999437853001449  error 0.00005338379203785973 avg time 152ms
{
  error: 0.00005338379203785973,
  score: 0.9999437853001449,
  generation: 162,
  time: 180748
}

=== Processing GBPCNY (6/10) ===
loaded ../GRQ-portfolio/best/fx/v1/GBPCNY.json
4 mutations, mutation rate 32.5%, elitism 2, mutation ALL, selection POWER
Creature count: 50
Culling duplicate creature at 15 of 51
DeDuplication of 1 creatures to 50 in  (previous experiment )
Training db0cbb71 with 1 binary file, target error: 0.000001, iterations: 1, sample rate: 100%, sparse: 100%
Discovery db0cbb71 with 1 binary files, sample rate: 100%, batch size: 512
Discovery db0cbb71 initialize time 384ms
Discovery db0cbb71 processing .trainData-fx_c_88/GBPCNY/data.bin
Discovery db0cbb71 read time 13ms for .trainData-fx_c_88/GBPCNY/data.bin with 3367 records
Discovery db0cbb71 scanning time 2s 393ms
Training 3a4a86fa with 1 binary file, target error: 0.000001, iterations: 1, sample rate: 100%, sparse: 100%
Discovery db0cbb71 recorded time 5s 231ms
Training 048d4439 with 1 binary file, target error: 0.000001, iterations: 1, sample rate: 100%, sparse: 100%
Training b0bc476f with 1 binary file, target error: 0.000001, iterations: 1, sample rate: 100%, sparse: 100%
Training 048d4439 increased fitness by 2.214641359188363e-9 to 0.9985231152049713
Generation 10 score 0.9985231152049713  error 0.0014659139326555141 avg time 1s 474ms
Fine tuning increased fitness by 2.184160630136489e-9 to 0.9985231173891319 adjusted 411 weights, 4 biases 
Training 576ae470 with 1 binary file, target error: 0.000001, iterations: 1, sample rate: 100%, sparse: 100%
Fine tuning increased fitness by 1.5929372265688357e-9 to 0.9985231189820691 adjusted 389 weights, 4 biases 
Training ca47fad6 with 1 binary file, target error: 0.000001, iterations: 1, sample rate: 100%, sparse: 100%
Fine tuning increased fitness by 1.3983240121362428e-9 to 0.9985231203803931 adjusted 389 weights, 4 biases 
Over populated 52, expected 50.
Training b4ea1ad8 with 1 binary file, target error: 0.000001, iterations: 1, sample rate: 100%, sparse: 100%
Fine tuning increased fitness by 1.1795396881453257e-9 to 0.9985231215599328 adjusted 384 weights, 4 biases 
Over populated 52, expected 50.
Training 74885d0e with 1 binary file, target error: 0.000001, iterations: 1, sample rate: 100%, sparse: 100%
Fine tuning increased fitness by 1.194805587800829e-9 to 0.9985231227547384 adjusted 384 weights, 4 biases 
Discovered beneficial synapse from input-1513 to output-2 with weight -1.0000, helping 20.8% more records than it harms (2033/3367)
Discovery db0cbb71 analyze time 16s 3ms found 1 candidates
Discovered harmful synapse from input-332 to output-2, harming 16.2% more records than it helps (1410/3367)
Discovery db0cbb71 analyze harmful time 725ms found 1 candidates
Discovery db0cbb71 analyze squashes time 260ms found 2 candidates, Summary: output-2 LeakyReLU -> BENT_IDENTITY improved: 19.8% error: 4.6621 -> 3.7402,output-0 LeakyReLU -> LogSigmoid improved: 24.0% error: 3.4720 -> 2.6403
Training 0615a324 with 1 binary file, target error: 0.000001, iterations: 1, sample rate: 100%, sparse: 100%
Fine tuning increased fitness by 2.3969071172302847e-9 to 0.9985231251516455 adjusted 384 weights, 4 biases 
Discovery 0615a324 with 1 binary files, sample rate: 100%, batch size: 512
Discovery 0615a324 initialize time 161ms
Discovery 0615a324 processing .trainData-fx_c_88/GBPCNY/data.bin
Discovery 0615a324 read time 12ms for .trainData-fx_c_88/GBPCNY/data.bin with 3367 records
Discovery 0615a324 scanning time 1s 151ms
Over populated 56, expected 50.
Training 60bff76c with 1 binary file, target error: 0.000001, iterations: 1, sample rate: 100%, sparse: 100%
Fine tuning increased fitness by 3.4185873021286284e-9 to 0.9985231285702328 adjusted 384 weights, 4 biases 
Discovery 0615a324 recorded time 2s 514ms
Training 9bccb0c4 with 1 binary file, target error: 0.000001, iterations: 1, sample rate: 100%, sparse: 100%
Fine tuning increased fitness by 1.2848534236553633e-8 to 0.9985231414187671 adjusted 379 weights, 4 biases 
Over populated 52, expected 50.
Training 2f3ffee9 with 1 binary file, target error: 0.000001, iterations: 1, sample rate: 100%, sparse: 100%
Fine tuning increased fitness by 1.911224956074875e-8 to 0.9985231605310166 adjusted 379 weights, 4 biases 
Training 3345a1b1 with 1 binary file, target error: 0.000001, iterations: 1, sample rate: 100%, sparse: 100%
Fine tuning increased fitness by 3.3137811161765285e-8 to 0.9985231936688278 adjusted 378 weights, 4 biases 
Over populated 52, expected 50.
Generation 20 score 0.9985231936688278  error 0.0014658354687984874 avg time 1s 825ms
Training a69369c8 with 1 binary file, target error: 0.000001, iterations: 1, sample rate: 100%, sparse: 100%
Fine tuning increased fitness by 6.46986573205055e-8 to 0.9985232583674851 adjusted 373 weights, 4 biases 
Training c179ccae with 1 binary file, target error: 0.000001, iterations: 1, sample rate: 100%, sparse: 100%
Fine tuning increased fitness by 9.16466668110516e-8 to 0.9985233500141519 adjusted 373 weights, 4 biases 
Training 2445e919 with 1 binary file, target error: 0.000001, iterations: 1, sample rate: 100%, sparse: 100%
Fine tuning increased fitness by 8.05666394709803e-8 to 0.9985234305807914 adjusted 373 weights, 4 biases 
Over populated 52, expected 50.
Training bb7ef771 with 1 binary file, target error: 0.000001, iterations: 1, sample rate: 100%, sparse: 100%
Fine tuning increased fitness by 1.3369930496054394e-8 to 0.9985234439507219 adjusted 373 weights, 4 biases 
Over populated 52, expected 50.
Training 99aa5d1d with 1 binary file, target error: 0.000001, iterations: 1, sample rate: 100%, sparse: 100%
Fine tuning increased fitness by 4.074981352353291e-9 to 0.9985234480257033 adjusted 373 weights, 4 biases 
Discovered beneficial synapse from input-1513 to output-2 with weight -1.0000, helping 20.8% more records than it harms (2033/3367)
Discovery 0615a324 analyze time 17s 129ms found 1 candidates
Discovered harmful synapse from input-332 to output-2, harming 16.2% more records than it helps (1410/3367)
Discovery 0615a324 analyze harmful time 907ms found 1 candidates
Discovery 0615a324 analyze squashes time 519ms found 2 candidates, Summary: output-2 LeakyReLU -> BENT_IDENTITY improved: 19.8% error: 4.6618 -> 3.7402,output-0 LeakyReLU -> LogSigmoid improved: 23.9% error: 3.4715 -> 2.6401
Training 9d034870 with 1 binary file, target error: 0.000001, iterations: 1, sample rate: 100%, sparse: 100%
Fine tuning increased fitness by 1.1367819463536932e-8 to 0.9985234593935227 adjusted 373 weights, 4 biases 
Discovery 9d034870 with 1 binary files, sample rate: 100%, batch size: 512
Discovery 9d034870 initialize time 733ms
Discovery 9d034870 processing .trainData-fx_c_88/GBPCNY/data.bin
Over populated 56, expected 50.
Training 99a50270 with 1 binary file, target error: 0.000001, iterations: 1, sample rate: 100%, sparse: 100%
Fine tuning increased fitness by 7.716623340314754e-9 to 0.9985234671101461 adjusted 373 weights, 4 biases 
Discovery 9d034870 read time 6ms for .trainData-fx_c_88/GBPCNY/data.bin with 3367 records
Discovery 9d034870 scanning time 3s 604ms
Over populated 52, expected 50.
Training a4195884 with 1 binary file, target error: 0.000001, iterations: 1, sample rate: 100%, sparse: 100%
Fine tuning increased fitness by 7.145836034005981e-9 to 0.9985234742559821 adjusted 373 weights, 4 biases 
Over populated 52, expected 50.
Training bd976ad9 with 1 binary file, target error: 0.000001, iterations: 1, sample rate: 100%, sparse: 100%
Fine tuning increased fitness by 7.017927572405824e-9 to 0.9985234812739097 adjusted 373 weights, 4 biases 
Discovery 9d034870 recorded time 9s 710ms
Over populated 52, expected 50.
Training f2bc91a0 with 1 binary file, target error: 0.000001, iterations: 1, sample rate: 100%, sparse: 100%
Generation 30 score 0.9985234869927563  error 0.0014655421448399961 avg time 2s 807ms
Training b7e19a5e with 1 binary file, target error: 0.000001, iterations: 1, sample rate: 100%, sparse: 100%
Training 7c8e92e2 with 1 binary file, target error: 0.000001, iterations: 1, sample rate: 100%, sparse: 100%
Fine tuning increased fitness by 9.537244216595298e-9 to 0.9985235336299908 adjusted 151 weights, 2 biases 
Fine tuning increased fitness by 1.3496858852768412e-8 to 0.9985235471268497 adjusted 151 weights, 2 biases 
Training 6dd4a5bd with 1 binary file, target error: 0.000001, iterations: 1, sample rate: 100%, sparse: 100%
SWAP_NODES didn't mutate the creature. 1515 observations, 3 neurons, 5 outputs, 1068 synapses
UUID didn't change after SWAP_NODES mutation, changed: false
Discovered beneficial synapse from input-1513 to output-2 with weight -1.0000, helping 20.8% more records than it harms (2034/3367)
Discovery 9d034870 analyze time 19s 767ms found 1 candidates
Training 50e3f2c8 with 1 binary file, target error: 0.000001, iterations: 1, sample rate: 100%, sparse: 100%
Fine tuning increased fitness by 1.1956333700879895e-9 to 0.9985235580256452 adjusted 150 weights, 2 biases 
Discovered harmful synapse from input-332 to output-2, harming 16.3% more records than it helps (1409/3367)
Discovery 9d034870 analyze harmful time 2s 453ms found 1 candidates
Discovery 9d034870 analyze squashes time 420ms found 2 candidates, Summary: output-2 LeakyReLU -> BENT_IDENTITY improved: 19.8% error: 4.6615 -> 3.7402,output-0 LeakyReLU -> LogSigmoid improved: 23.9% error: 3.4712 -> 2.6400
Fine tuning increased fitness by 1.8616215236022526e-9 to 0.9985235598872667 adjusted 150 weights, 2 biases 
Discovery 2d077654 with 1 binary files, sample rate: 100%, batch size: 512
Discovery 2d077654 initialize time 303ms
Discovery 2d077654 processing .trainData-fx_c_88/GBPCNY/data.bin
Training 22a70158 with 1 binary file, target error: 0.000001, iterations: 1, sample rate: 100%, sparse: 100%
Discovery 2d077654 read time 18ms for .trainData-fx_c_88/GBPCNY/data.bin with 3367 records
Discovery 2d077654 scanning time 2s 893ms
Discovery 2d077654 recorded time 6s 536ms
Generation 40 score 0.9985235651501532  error 0.0014654539875198686 avg time 2s 667ms
Training ae8678c6 with 1 binary file, target error: 0.000001, iterations: 1, sample rate: 100%, sparse: 100%
Fine tuning increased fitness by 3.4476117516391014e-9 to 0.9985235685977649 adjusted 88 weights, 1 bias 
Fine tuning increased fitness by 1.5011708542900237e-9 to 0.9985235700989358 adjusted 88 weights, 1 bias 
Training 92d13caf with 1 binary file, target error: 0.000001, iterations: 1, sample rate: 100%, sparse: 100%
Fine tuning increased fitness by 4.548945664595294e-10 to 0.9985235705538303 adjusted 88 weights, 1 bias 
Fine tuning increased fitness by 3.409061921644252e-11 to 0.998523570587921 adjusted 88 weights, 1 bias 
Training 916805bd with 1 binary file, target error: 0.000001, iterations: 1, sample rate: 100%, sparse: 100%
Fine tuning increased fitness by 1.4476018717068939e-8 to 0.998523588426164 adjusted 378 weights, 3 biases 
Training 26f1dbf3 with 1 binary file, target error: 0.000001, iterations: 1, sample rate: 100%, sparse: 100%
Fine tuning increased fitness by 1.5664585295560585e-8 to 0.9985236040907493 adjusted 363 weights, 3 biases 
Discovered beneficial synapse from input-1513 to output-2 with weight -1.0000, helping 20.8% more records than it harms (2034/3367)
Discovery 2d077654 analyze time 13s 176ms found 1 candidates
Training 5971f991 with 1 binary file, target error: 0.000001, iterations: 1, sample rate: 100%, sparse: 100%
Fine tuning increased fitness by 1.617571454559652e-8 to 0.9985236202664638 adjusted 427 weights, 4 biases 
Discovered harmful synapse from input-332 to output-2, harming 16.3% more records than it helps (1409/3367)
Discovery 2d077654 analyze harmful time 966ms found 1 candidates
Discovery 2d077654 analyze squashes time 240ms found 2 candidates, Summary: output-0 LeakyReLU -> LogSigmoid improved: 23.9% error: 3.4715 -> 2.6401,output-2 LeakyReLU -> BENT_IDENTITY improved: 19.8% error: 4.6617 -> 3.7402
Training 7572b789 with 1 binary file, target error: 0.000001, iterations: 1, sample rate: 100%, sparse: 100%
Discovery 7572b789 with 1 binary files, sample rate: 100%, batch size: 512
Discovery 7572b789 initialize time 158ms
Discovery 7572b789 processing .trainData-fx_c_88/GBPCNY/data.bin
Discovery 7572b789 read time 8ms for .trainData-fx_c_88/GBPCNY/data.bin with 3367 records
Discovery 7572b789 scanning time 1s 334ms
Training f2c143a7 with 1 binary file, target error: 0.000001, iterations: 1, sample rate: 100%, sparse: 100%
Fine tuning increased fitness by 4.830015498669127e-9 to 0.9985236339464616 adjusted 69 weights, 2 biases 
Discovery 7572b789 recorded time 3s 35ms
Generation 50 score 0.9985236339464616  error 0.001465385191200943 avg time 1s 897ms
Training 4a3316d6 with 1 binary file, target error: 0.000001, iterations: 1, sample rate: 100%, sparse: 100%
Fine tuning increased fitness by 8.646495741615468e-10 to 0.9985236355218452 adjusted 59 weights, 1 bias 
Training a95583d4 with 1 binary file, target error: 0.000001, iterations: 1, sample rate: 100%, sparse: 100%
Fine tuning increased fitness by 6.777023386916881e-10 to 0.9985236361995475 adjusted 59 weights, 1 bias 
Fine tuning increased fitness by 7.691963732625595e-10 to 0.9985236369687439 adjusted 59 weights, 1 bias 
Discovered beneficial synapse from input-1513 to output-2 with weight -1.0000, helping 20.8% more records than it harms (2034/3367)
Discovery 7572b789 analyze time 6s 219ms found 1 candidates
Training 7021bb0e with 1 binary file, target error: 0.000001, iterations: 1, sample rate: 100%, sparse: 100%
Fine tuning increased fitness by 3.6668790226457304e-10 to 0.9985236373354318 adjusted 59 weights, 1 bias 
Discovered harmful synapse from input-332 to output-2, harming 16.3% more records than it helps (1409/3367)
Discovery 7572b789 analyze harmful time 996ms found 1 candidates
Discovery 7572b789 analyze squashes time 278ms found 2 candidates, Summary: output-0 LeakyReLU -> LogSigmoid improved: 23.9% error: 3.4711 -> 2.6399,output-2 LeakyReLU -> BENT_IDENTITY improved: 19.8% error: 4.6617 -> 3.7402
Training ab5b29b0 with 1 binary file, target error: 0.000001, iterations: 1, sample rate: 100%, sparse: 100%
Discovery ab5b29b0 with 1 binary files, sample rate: 100%, batch size: 512
Discovery ab5b29b0 initialize time 171ms
Discovery ab5b29b0 processing .trainData-fx_c_88/GBPCNY/data.bin
Discovery ab5b29b0 read time 16ms for .trainData-fx_c_88/GBPCNY/data.bin with 3367 records
Discovery ab5b29b0 scanning time 1s 674ms
Fine tuning increased fitness by 1.3205121440762468e-9 to 0.9985236401895654 adjusted 121 weights, 1 bias 
Discovery ab5b29b0 recorded time 2s 973ms
Training 9176f734 with 1 binary file, target error: 0.000001, iterations: 1, sample rate: 100%, sparse: 100%
Fine tuning increased fitness by 1.8504334731161975e-9 to 0.9985236420399989 adjusted 121 weights, 1 bias 
Fine tuning increased fitness by 2.371117080457452e-9 to 0.998523644411116 adjusted 121 weights, 1 bias 
Generation 60 score 0.998523644411116  error 0.001465374726544346 avg time 1s 541ms
Training 15d20080 with 1 binary file, target error: 0.000001, iterations: 1, sample rate: 100%, sparse: 100%
Fine tuning increased fitness by 2.949966493304146e-9 to 0.9985236473610825 adjusted 121 weights, 1 bias 
Fine tuning increased fitness by 5.0612367630265e-9 to 0.9985236524223192 adjusted 121 weights, 1 bias 
Training 59d557a6 with 1 binary file, target error: 0.000001, iterations: 1, sample rate: 100%, sparse: 100%
Fine tuning increased fitness by 9.222574703926512e-9 to 0.9985236616448939 adjusted 121 weights, 1 bias 
Fine tuning increased fitness by 1.7929099982438856e-8 to 0.9985236795739939 adjusted 121 weights, 1 bias 
Training 2bce8686 with 1 binary file, target error: 0.000001, iterations: 1, sample rate: 100%, sparse: 100%
Fine tuning increased fitness by 7.824303893677609e-8 to 0.9985238141654925 adjusted 120 weights, 1 bias 
Training c6c879af with 1 binary file, target error: 0.000001, iterations: 1, sample rate: 100%, sparse: 100%
Fine tuning increased fitness by 9.763909580851049e-8 to 0.9985239118045883 adjusted 120 weights, 1 bias 
Fine tuning increased fitness by 3.1776077769052335e-8 to 0.9985239435806661 adjusted 120 weights, 1 bias 
Discovered beneficial synapse from input-1513 to output-2 with weight -1.0000, helping 20.8% more records than it harms (2034/3367)
Discovery ab5b29b0 analyze time 11s 150ms found 1 candidates
Discovered harmful synapse from input-332 to output-2, harming 16.3% more records than it helps (1409/3367)
Discovery ab5b29b0 analyze harmful time 761ms found 1 candidates
Training aba86ec4 with 1 binary file, target error: 0.000001, iterations: 1, sample rate: 100%, sparse: 100%
Discovery ab5b29b0 analyze squashes time 428ms found 2 candidates, Summary: output-2 LeakyReLU -> BENT_IDENTITY improved: 19.8% error: 4.6617 -> 3.7402,output-0 LeakyReLU -> LogSigmoid improved: 23.9% error: 3.4696 -> 2.6391
Generation 70 score 0.9985239435806661  error 0.0014650755569798875 avg time 1s 200ms
Training 0482a866 with 1 binary file, target error: 0.000001, iterations: 1, sample rate: 100%, sparse: 100%
Discovery 0482a866 with 1 binary files, sample rate: 100%, batch size: 512
Discovery 0482a866 initialize time 125ms
Discovery 0482a866 processing .trainData-fx_c_88/GBPCNY/data.bin
Discovery 0482a866 read time 10ms for .trainData-fx_c_88/GBPCNY/data.bin with 3367 records
Discovery 0482a866 scanning time 1s 155ms
Training 05df07b3 with 1 binary file, target error: 0.000001, iterations: 1, sample rate: 100%, sparse: 100%
Fine tuning increased fitness by 5.2091624125338853e-8 to 0.9985240288808857 adjusted 118 weights, 1 bias 
Discovery 0482a866 recorded time 3s 514ms
Fine tuning increased fitness by 6.017504805555518e-8 to 0.9985240890559337 adjusted 118 weights, 1 bias 
Training ccb86df9 with 1 binary file, target error: 0.000001, iterations: 1, sample rate: 100%, sparse: 100%
Fine tuning increased fitness by 1.0179213638661366e-7 to 0.9985241908480701 adjusted 118 weights, 1 bias 
Fine tuning increased fitness by 1.408777139388917e-7 to 0.998524331725784 adjusted 118 weights, 1 bias 
Training d9ca61bc with 1 binary file, target error: 0.000001, iterations: 1, sample rate: 100%, sparse: 100%
Fine tuning increased fitness by 1.2232551316326834e-7 to 0.9985244540512972 adjusted 118 weights, 1 bias 
Fine tuning increased fitness by 5.964737703756384e-9 to 0.9985244600160349 adjusted 118 weights, 1 bias 
Fine tuning increased fitness by 8.748813562498015e-9 to 0.9985244687648485 adjusted 118 weights, 1 bias 
Fine tuning increased fitness by 7.364033938195291e-9 to 0.9985244761288824 adjusted 118 weights, 1 bias 
Discovered beneficial synapse from input-1513 to output-2 with weight -1.0000, helping 20.8% more records than it harms (2033/3367)
Discovery 0482a866 analyze time 17s 557ms found 1 candidates
Discovered harmful synapse from input-332 to output-2, harming 16.2% more records than it helps (1410/3367)
Discovery 0482a866 analyze harmful time 1s 396ms found 1 candidates
Fine tuning increased fitness by 5.341630915367546e-9 to 0.9985244814705133 adjusted 118 weights, 1 bias 
Discovery 0482a866 analyze squashes time 321ms found 2 candidates, Summary: output-2 LeakyReLU -> BENT_IDENTITY improved: 19.8% error: 4.6617 -> 3.7401,output-0 LeakyReLU -> LogSigmoid improved: 23.9% error: 3.4696 -> 2.6391
Generation 80 score 0.9985244814705133  error 0.001464537667067478 avg time 2s 387ms
Fine tuning increased fitness by 1.05079134282704e-9 to 0.9985244825213047 adjusted 118 weights, 1 bias 
Fine tuning increased fitness by 3.5639902140616186e-10 to 0.9985244828777037 adjusted 118 weights, 1 bias 
Fine tuning increased fitness by 9.915094301149452e-10 to 0.9985244838692131 adjusted 118 weights, 1 bias 
Fine tuning increased fitness by 1.4883891896744217e-9 to 0.9985244853576023 adjusted 118 weights, 1 bias 
Fine tuning increased fitness by 1.9376547033544966e-9 to 0.998524487295257 adjusted 118 weights, 1 bias 
Fine tuning increased fitness by 2.7732459662033193e-9 to 0.998524490068503 adjusted 118 weights, 1 bias 
Fine tuning increased fitness by 3.5679962318013736e-9 to 0.9985244936364992 adjusted 118 weights, 1 bias 
Fine tuning increased fitness by 5.333734232060294e-9 to 0.9985244989702334 adjusted 118 weights, 1 bias 
Fine tuning increased fitness by 5.95114035828459e-9 to 0.9985245049213738 adjusted 118 weights, 1 bias 
Fine tuning increased fitness by 7.903526166863628e-9 to 0.9985245128249 adjusted 118 weights, 1 bias 
Generation 90 score 0.9985245128249  error 0.0014645063126814076 avg time 1s 992ms
Fine tuning increased fitness by 1.3998785131086322e-8 to 0.9985245268236851 adjusted 118 weights, 1 bias 
Generation 91 score 0.9985245268236851  error 0.0014644923138961965 avg time 192ms
{
  error: 0.0014644923138961965,
  score: 0.9985245268236851,
  generation: 91,
  time: 180111
}

=== Processing USDBRL (7/10) ===
loaded ../GRQ-portfolio/best/fx/v1/USDBRL.json
9 mutations, mutation rate 5.0%, elitism 8, mutation ALL, selection POWER
Creature count: 50
Culling duplicate creature at 25 of 51
DeDuplication of 1 creatures to 50 in  (previous experiment )
Training 97cc103b with 1 binary file, target error: 0.000001, iterations: 1, sample rate: 100%, sparse: 100%
Discovery 97cc103b with 1 binary files, sample rate: 100%, batch size: 512
Discovery 97cc103b initialize time 288ms
Discovery 97cc103b processing .trainData-fx_c_88/USDBRL/data.bin
Fine tuning increased fitness by 5.261122204558433e-8 to 0.9972222231798661 adjusted 119 weights, 2 biases 
Discovery 97cc103b read time 22ms for .trainData-fx_c_88/USDBRL/data.bin with 3367 records
Discovery 97cc103b scanning time 3s 415ms
compactUnused hidden neuron 80da9518 has no outward connections
Discovery 97cc103b recorded time 6s 83ms
Training 893194cf with 1 binary file, target error: 0.000001, iterations: 1, sample rate: 100%, sparse: 100%
Fine tuning increased fitness by 2.0908798803453976e-8 to 0.997222265989657 adjusted 70 weights, 1 bias 
compactUnused hidden neuron 80da9518 has no outward connections
Training a3e18d74 with 1 binary file, target error: 0.000001, iterations: 1, sample rate: 100%, sparse: 100%
Fine tuning increased fitness by 3.9229480774949366e-9 to 0.9972223321602307 adjusted 69 weights, 1 bias 
compactUnused hidden neuron 80da9518 has no outward connections
Training 415786b4 with 1 binary file, target error: 0.000001, iterations: 1, sample rate: 100%, sparse: 100%
Fine tuning increased fitness by 2.0866578465117414e-9 to 0.9972223342468886 adjusted 69 weights, 1 bias 
Fine tuning increased fitness by 3.978033347173948e-9 to 0.9972223382249219 adjusted 69 weights, 1 bias 
compactUnused hidden neuron 80da9518 has no outward connections
Fine tuning increased fitness by 2.7608170194426407e-9 to 0.9972223409857389 adjusted 69 weights, 1 bias 
Discovered beneficial synapse from input-444 to 88967a91-2625-41c8-bbfc-78ea4242f527 with weight 1.0000, helping 22.3% more records than it harms (2048/3367)
Discovery 97cc103b analyze time 16s 509ms found 1 candidates
Training fffb485d with 1 binary file, target error: 0.000001, iterations: 1, sample rate: 100%, sparse: 100%
Fine tuning increased fitness by 3.0608586776281754e-9 to 0.9972223440465976 adjusted 69 weights, 1 bias 
Discovered harmful synapse from input-450 to 1d8cb298-a5c6-498c-b476-49cefc96823f, harming 68.1% more records than it helps (134/3367)
Discovery 97cc103b analyze harmful time 1s 960ms found 1 candidates
Discovery 97cc103b analyze squashes time 626ms found 2 candidates, Summary: output-0 LeakyReLU -> SELU improved: 23.0% error: 0.4148 -> 0.3192,88967a91-2625-41c8-bbfc-78ea4242f527 ELU -> ReLU6 improved: 31.3% error: 1.7673 -> 1.2145
Generation 10 score 0.9972223440465976  error 0.0027616451076082358 avg time 2s 697ms
Fine tuning increased fitness by 2.9018446534578857e-9 to 0.9972223469484423 adjusted 69 weights, 1 bias 
Discovery c216a904 with 1 binary files, sample rate: 100%, batch size: 512
Discovery c216a904 initialize time 266ms
Discovery c216a904 processing .trainData-fx_c_88/USDBRL/data.bin
compactUnused hidden neuron 80da9518 has no outward connections
Training 70db52cf with 1 binary file, target error: 0.000001, iterations: 1, sample rate: 100%, sparse: 100%
Fine tuning increased fitness by 4.102111206272241e-9 to 0.9972223510505535 adjusted 69 weights, 1 bias 
Discovery c216a904 read time 10ms for .trainData-fx_c_88/USDBRL/data.bin with 3367 records
Discovery c216a904 scanning time 2s 971ms
Discovery c216a904 recorded time 7s 86ms
compactUnused hidden neuron 80da9518 has no outward connections
Training 4c781f50 with 1 binary file, target error: 0.000001, iterations: 1, sample rate: 100%, sparse: 100%
Fine tuning increased fitness by 2.2746398831152703e-7 to 0.9972226343723786 adjusted 113 weights, 2 biases 
Fine tuning increased fitness by 2.839558184142277e-7 to 0.997222918328197 adjusted 113 weights, 2 biases 
compactUnused hidden neuron 80da9518 has no outward connections
Training 3fa2c5b3 with 1 binary file, target error: 0.000001, iterations: 1, sample rate: 100%, sparse: 100%
Fine tuning increased fitness by 2.0166791325770816e-7 to 0.9972231199961102 adjusted 113 weights, 2 biases 
compactUnused hidden neuron 80da9518 has no outward connections
Training 08e3c8ca with 1 binary file, target error: 0.000001, iterations: 1, sample rate: 100%, sparse: 100%
Fine tuning increased fitness by 1.8391619338586906e-9 to 0.9972231278620938 adjusted 44 weights, 1 bias 
Discovered beneficial synapse from input-444 to 88967a91-2625-41c8-bbfc-78ea4242f527 with weight 1.0000, helping 22.3% more records than it harms (2048/3367)
Discovery c216a904 analyze time 14s 556ms found 1 candidates
compactUnused hidden neuron 80da9518 has no outward connections
Generation 20 score 0.9972231295478222  error 0.002760859606381917 avg time 2s 524ms
Training 9e6f6962 with 1 binary file, target error: 0.000001, iterations: 1, sample rate: 100%, sparse: 100%
Fine tuning increased fitness by 2.0445632964438687e-9 to 0.9972231315923855 adjusted 44 weights, 1 bias 
Discovered harmful synapse from input-382 to 88967a91-2625-41c8-bbfc-78ea4242f527, harming 24.8% more records than it helps (1255/3367)
Discovery c216a904 analyze harmful time 3s 563ms found 1 candidates
Discovery c216a904 analyze squashes time 612ms found 2 candidates, Summary: output-0 LeakyReLU -> SELU improved: 23.0% error: 0.4147 -> 0.3192,88967a91-2625-41c8-bbfc-78ea4242f527 ELU -> ReLU6 improved: 31.3% error: 1.7653 -> 1.2130
Discovery 2dc00074 with 1 binary files, sample rate: 100%, batch size: 512
Fine tuning increased fitness by 3.729130226837185e-9 to 0.9972231353215157 adjusted 44 weights, 1 bias 
Discovery 2dc00074 initialize time 926ms
Discovery 2dc00074 processing .trainData-fx_c_88/USDBRL/data.bin
compactUnused hidden neuron 80da9518 has no outward connections
Training 617ab42d with 1 binary file, target error: 0.000001, iterations: 1, sample rate: 100%, sparse: 100%
Discovery 2dc00074 read time 4ms for .trainData-fx_c_88/USDBRL/data.bin with 3367 records
Discovery 2dc00074 scanning time 3s 449ms
Fine tuning increased fitness by 9.583684845715368e-9 to 0.9972231506731005 adjusted 40 weights, 1 bias 
compactUnused hidden neuron 80da9518 has no outward connections
Fine tuning increased fitness by 1.5301497513497964e-8 to 0.997223165974598 adjusted 40 weights, 1 bias 
Discovery 2dc00074 recorded time 7s 163ms
Training ad44371d with 1 binary file, target error: 0.000001, iterations: 1, sample rate: 100%, sparse: 100%
Fine tuning increased fitness by 2.8282820752068005e-8 to 0.9972231942574188 adjusted 40 weights, 1 bias 
compactUnused hidden neuron 80da9518 has no outward connections
Training 2dd521ea with 1 binary file, target error: 0.000001, iterations: 1, sample rate: 100%, sparse: 100%
Fine tuning increased fitness by 2.856556872155025e-7 to 0.9972237271221813 adjusted 39 weights, 1 bias 
compactUnused hidden neuron 80da9518 has no outward connections
Fine tuning increased fitness by 2.495528087509413e-7 to 0.9972239766749901 adjusted 39 weights, 1 bias 
Generation 30 score 0.9972239766749901  error 0.002760012479213781 avg time 2s 9ms
Training d756db9a with 1 binary file, target error: 0.000001, iterations: 1, sample rate: 100%, sparse: 100%
Fine tuning increased fitness by 5.624158105899113e-8 to 0.9972240329165711 adjusted 39 weights, 1 bias 
Fine tuning increased fitness by 1.0634192415537314e-8 to 0.9972240435507636 adjusted 39 weights, 1 bias 
compactUnused hidden neuron 80da9518 has no outward connections
Training 952b6154 with 1 binary file, target error: 0.000001, iterations: 1, sample rate: 100%, sparse: 100%
Fine tuning increased fitness by 4.9325029616298366e-8 to 0.9972240928757932 adjusted 39 weights, 1 bias 
Fine tuning increased fitness by 6.480274050701951e-8 to 0.9972241576785337 adjusted 39 weights, 1 bias 
Fine tuning increased fitness by 9.12375932582421e-8 to 0.9972242489161269 adjusted 39 weights, 1 bias 
compactUnused hidden neuron 80da9518 has no outward connections
Training 11bb44e0 with 1 binary file, target error: 0.000001, iterations: 1, sample rate: 100%, sparse: 100%
Fine tuning increased fitness by 9.041873938464562e-8 to 0.9972243393348663 adjusted 39 weights, 1 bias 
Fine tuning increased fitness by 4.986855595134898e-9 to 0.9972243443217219 adjusted 39 weights, 1 bias 
Remove neuron 686340c3-2532-4447-a7ec-a0f4396f6bd0 as no longer connected
Discovered beneficial synapse from input-924 to 1d8cb298-a5c6-498c-b476-49cefc96823f with weight -0.4905, helping 69.0% more records than it harms (2443/3367)
Discovery 2dc00074 analyze time 24s 395ms found 1 candidates
compactUnused hidden neuron 80da9518 has no outward connections
Fine tuning increased fitness by 1.0888304702305618e-9 to 0.9972243454105524 adjusted 39 weights, 1 bias 
Training d310b6f9 with 1 binary file, target error: 0.000001, iterations: 1, sample rate: 100%, sparse: 100%
Fine tuning increased fitness by 2.4106294738146516e-10 to 0.9972243456516153 adjusted 39 weights, 1 bias 
Discovered harmful synapse from input-382 to 88967a91-2625-41c8-bbfc-78ea4242f527, harming 24.7% more records than it helps (1258/3367)
Discovery 2dc00074 analyze harmful time 2s 217ms found 1 candidates
Discovery 2dc00074 analyze squashes time 740ms found 1 candidate, Summary: 88967a91-2625-41c8-bbfc-78ea4242f527 ELU -> ReLU6 improved: 31.3% error: 1.7629 -> 1.2116
Fine tuning increased fitness by 3.7789216200678766e-10 to 0.9972243460295075 adjusted 39 weights, 1 bias 
Generation 40 score 0.9972243460295075  error 0.0027596431246964277 avg time 1s 945ms
Discovery 7f7f6379 with 1 binary files, sample rate: 100%, batch size: 512
compactUnused hidden neuron 80da9518 has no outward connections
Fine tuning increased fitness by 2.98989388802795e-10 to 0.9972243463284969 adjusted 39 weights, 1 bias 
Discovery 7f7f6379 initialize time 415ms
Discovery 7f7f6379 processing .trainData-fx_c_88/USDBRL/data.bin
Training dd913098 with 1 binary file, target error: 0.000001, iterations: 1, sample rate: 100%, sparse: 100%
Fine tuning increased fitness by 3.1726110627516846e-10 to 0.997224346645758 adjusted 39 weights, 1 bias 
Discovery 7f7f6379 read time 8ms for .trainData-fx_c_88/USDBRL/data.bin with 3367 records
Discovery 7f7f6379 scanning time 2s 355ms
Fine tuning increased fitness by 5.196042696109515e-8 to 0.997224398606185 adjusted 39 weights, 1 bias 
Discovery 7f7f6379 recorded time 4s 592ms
compactUnused hidden neuron 80da9518 has no outward connections
Fine tuning increased fitness by 9.342934437217565e-8 to 0.9972244920355293 adjusted 1 weight 
Training 36884902 with 1 binary file, target error: 0.000001, iterations: 1, sample rate: 100%, sparse: 100%
Fine tuning increased fitness by 1.1461030524628768e-7 to 0.9972246066458346 adjusted 1 weight 
Fine tuning increased fitness by 3.318616637049132e-8 to 0.9972246398320009 adjusted 1 weight 
compactUnused hidden neuron 80da9518 has no outward connections
Fine tuning increased fitness by 9.931246935934723e-10 to 0.9972246408251256 adjusted 1 weight 
Training 352ab665 with 1 binary file, target error: 0.000001, iterations: 1, sample rate: 100%, sparse: 100%
Fine tuning increased fitness by 1.835984142495306e-9 to 0.9972246426611098 adjusted 1 weight 
Fine tuning increased fitness by 1.5802914532514478e-12 to 0.9972246426626901 adjusted 1 weight 
compactUnused hidden neuron 80da9518 has no outward connections
Fine tuning increased fitness by 3.2653879600275104e-12 to 0.9972246426659555 adjusted 1 weight 
Generation 50 score 0.9972246426659555  error 0.0027593364883193327 avg time 1s 360ms
Training c1ceb9ea with 1 binary file, target error: 0.000001, iterations: 1, sample rate: 100%, sparse: 100%
Fine tuning increased fitness by 5.960898441514928e-12 to 0.9972246426719164 adjusted 1 weight 
Fine tuning increased fitness by 2.7598923146854304e-10 to 0.9972246429479056 adjusted 212 weights, 8 biases 
compactUnused hidden neuron 80da9518 has no outward connections
Training 4f35121b with 1 binary file, target error: 0.000001, iterations: 1, sample rate: 100%, sparse: 100%
Over populated 52, expected 50.
Fine tuning increased fitness by 1.9846219112551466e-9 to 0.9972246474432912 adjusted 204 weights, 7 biases 
compactUnused hidden neuron 80da9518 has no outward connections
Training 5719957d with 1 binary file, target error: 0.000001, iterations: 1, sample rate: 100%, sparse: 100%
Discovered beneficial synapse from input-444 to 88967a91-2625-41c8-bbfc-78ea4242f527 with weight 1.0000, helping 22.2% more records than it harms (2047/3367)
Discovery 7f7f6379 analyze time 14s 436ms found 1 candidates
Discovered harmful synapse from input-450 to 1d8cb298-a5c6-498c-b476-49cefc96823f, harming 68.3% more records than it helps (133/3367)
Discovery 7f7f6379 analyze harmful time 757ms found 1 candidates
Discovery 7f7f6379 analyze squashes time 535ms found 1 candidate, Summary: 88967a91-2625-41c8-bbfc-78ea4242f527 ELU -> ReLU6 improved: 31.4% error: 1.7507 -> 1.2007
compactUnused hidden neuron 80da9518 has no outward connections
Training faa87b99 with 1 binary file, target error: 0.000001, iterations: 1, sample rate: 100%, sparse: 100%
Discovery faa87b99 with 1 binary files, sample rate: 100%, batch size: 512
Fine tuning increased fitness by 2.268747856248865e-8 to 0.9972246778301765 adjusted 1 weight 
Discovery faa87b99 initialize time 115ms
Discovery faa87b99 processing .trainData-fx_c_88/USDBRL/data.bin
Discovery faa87b99 read time 7ms for .trainData-fx_c_88/USDBRL/data.bin with 3367 records
Discovery faa87b99 scanning time 1s 202ms
Fine tuning increased fitness by 8.822503949623695e-9 to 0.9972246866526805 adjusted 1 weight 
Discovery faa87b99 recorded time 1s 853ms
compactUnused hidden neuron 80da9518 has no outward connections
Training b2ceb6bb with 1 binary file, target error: 0.000001, iterations: 1, sample rate: 100%, sparse: 100%
Fine tuning increased fitness by 4.13258316456222e-12 to 0.9972246866568131 adjusted 1 weight 
compactUnused hidden neuron 80da9518 has no outward connections
Generation 60 score 0.9972246866568131  error 0.002759282497532512 avg time 1s 415ms
Training b1bb8856 with 1 binary file, target error: 0.000001, iterations: 1, sample rate: 100%, sparse: 100%
Fine tuning increased fitness by 9.825029678722785e-12 to 0.9972246866666381 adjusted 1 weight 
compactUnused hidden neuron 80da9518 has no outward connections
Training 9d0a09a4 with 1 binary file, target error: 0.000001, iterations: 1, sample rate: 100%, sparse: 100%
Fine tuning increased fitness by 5.944699399407227e-9 to 0.9972246957322211 adjusted 172 weights, 6 biases 
compactUnused hidden neuron 80da9518 has no outward connections
Training bf808e17 with 1 binary file, target error: 0.000001, iterations: 1, sample rate: 100%, sparse: 100%
Fine tuning increased fitness by 1.0805778827283063e-8 to 0.9972247170281688 adjusted 130 weights, 4 biases 
Discovered beneficial synapse from input-444 to 88967a91-2625-41c8-bbfc-78ea4242f527 with weight 1.0000, helping 22.2% more records than it harms (2047/3367)
Discovery faa87b99 analyze time 15s 846ms found 1 candidates
Discovered harmful synapse from input-382 to 88967a91-2625-41c8-bbfc-78ea4242f527, harming 24.8% more records than it helps (1256/3367)
Discovery faa87b99 analyze harmful time 1s 975ms found 1 candidates
Discovery faa87b99 analyze squashes time 391ms found 2 candidates, Summary: output-0 LeakyReLU -> SELU improved: 23.1% error: 0.4146 -> 0.3190,88967a91-2625-41c8-bbfc-78ea4242f527 ELU -> ReLU6 improved: 31.4% error: 1.7468 -> 1.1981
compactUnused hidden neuron 80da9518 has no outward connections
Training ee95ea42 with 1 binary file, target error: 0.000001, iterations: 1, sample rate: 100%, sparse: 100%
Fine tuning increased fitness by 9.509137799401657e-8 to 0.9972248748402333 adjusted 165 weights, 6 biases 
Discovery ee95ea42 with 1 binary files, sample rate: 100%, batch size: 512
Discovery ee95ea42 initialize time 774ms
Discovery ee95ea42 processing .trainData-fx_c_88/USDBRL/data.bin
Over populated 56, expected 50.
Discovery ee95ea42 read time 10ms for .trainData-fx_c_88/USDBRL/data.bin with 3367 records
Discovery ee95ea42 scanning time 3s 550ms
compactUnused hidden neuron 80da9518 has no outward connections
Training a0e51a16 with 1 binary file, target error: 0.000001, iterations: 1, sample rate: 100%, sparse: 100%
Fine tuning increased fitness by 3.5115088392601024e-8 to 0.9972250454868361 adjusted 59 weights, 1 bias 
Discovery ee95ea42 recorded time 8s 294ms
Generation 70 score 0.9972250454868361  error 0.0027589236675095966 avg time 2s 610ms
compactUnused hidden neuron 80da9518 has no outward connections
Training 2c283c88 with 1 binary file, target error: 0.000001, iterations: 1, sample rate: 100%, sparse: 100%
Fine tuning increased fitness by 3.4088932787668114e-9 to 0.9972250585868105 adjusted 10 weights 
compactUnused hidden neuron 80da9518 has no outward connections
Fine tuning increased fitness by 1.7305985533511148e-9 to 0.9972250633753176 adjusted 84 weights, 2 biases 
Fine tuning increased fitness by 2.4313779878326613e-9 to 0.9972250658066956 adjusted 84 weights, 2 biases 
Fine tuning increased fitness by 4.266499264993229e-9 to 0.9972250734309499 adjusted 84 weights, 2 biases 
Fine tuning increased fitness by 6.4879145389440396e-9 to 0.9972250799188644 adjusted 84 weights, 2 biases 
Discovered beneficial synapse from input-444 to 88967a91-2625-41c8-bbfc-78ea4242f527 with weight 1.0000, helping 22.2% more records than it harms (2047/3367)
Discovery ee95ea42 analyze time 19s 994ms found 1 candidates
Discovered harmful synapse from input-382 to 88967a91-2625-41c8-bbfc-78ea4242f527, harming 24.8% more records than it helps (1256/3367)
Discovery ee95ea42 analyze harmful time 1s 203ms found 1 candidates
Fine tuning increased fitness by 7.826646664099712e-9 to 0.9972250877455111 adjusted 84 weights, 2 biases 
Discovery ee95ea42 analyze squashes time 324ms found 2 candidates, Summary: output-0 LeakyReLU -> SELU improved: 23.1% error: 0.4146 -> 0.3190,88967a91-2625-41c8-bbfc-78ea4242f527 ELU -> ReLU6 improved: 31.4% error: 1.7461 -> 1.1977
Generation 80 score 0.9972250877455111  error 0.002758881408832706 avg time 2s 101ms
Fine tuning increased fitness by 5.267714486834052e-9 to 0.9972250930132256 adjusted 84 weights, 2 biases 
Fine tuning increased fitness by 2.1593116183993288e-10 to 0.9972250932730715 adjusted 84 weights, 2 biases 
Fine tuning increased fitness by 3.3700120471991113e-10 to 0.9972250936100727 adjusted 84 weights, 2 biases 
Fine tuning increased fitness by 3.309523766148459e-10 to 0.9972250939410251 adjusted 84 weights, 2 biases 
Fine tuning increased fitness by 4.701488087732741e-10 to 0.9972250944111739 adjusted 84 weights, 2 biases 
Fine tuning increased fitness by 1.1451644077453693e-9 to 0.9972250963283595 adjusted 74 weights, 2 biases 
Fine tuning increased fitness by 1.1580512104814034e-9 to 0.9972250974864107 adjusted 74 weights, 2 biases 
Generation 89 score 0.9972250974864107  error 0.00275887166793182 avg time 1s 354ms
{
  error: 0.00275887166793182,
  score: 0.9972250974864107,
  generation: 89,
  time: 180508
}

=== Processing CADCNY (8/10) ===
loaded ../GRQ-portfolio/best/fx/v1/CADCNY.json
1 mutation, mutation rate 5.0%, elitism 6, mutation ALL, selection FITNESS_PROPORTIONATE
Creature count: 50
Culling duplicate creature at 22 of 51
DeDuplication of 1 creatures to 50 in  (previous experiment )
Training d5c58a7b with 1 binary file, target error: 0.000001, iterations: 1, sample rate: 100%, sparse: 100%
Discovery d5c58a7b with 1 binary files, sample rate: 100%, batch size: 512
Discovery d5c58a7b initialize time 145ms
Discovery d5c58a7b processing .trainData-fx_c_88/CADCNY/data.bin
Discovery d5c58a7b read time 7ms for .trainData-fx_c_88/CADCNY/data.bin with 3367 records
Discovery d5c58a7b scanning time 1s 183ms
Discovery d5c58a7b recorded time 2s 44ms
Training afcbd3d2 with 1 binary file, target error: 0.000001, iterations: 1, sample rate: 100%, sparse: 100%
Over populated 52, expected 50.
Training a9aa8f82 with 1 binary file, target error: 0.000001, iterations: 1, sample rate: 100%, sparse: 100%
Training 0c5b750f with 1 binary file, target error: 0.000001, iterations: 1, sample rate: 100%, sparse: 100%
Fine tuning increased fitness by 1.343418265520313e-9 to 0.998814525500979 adjusted 7 weights, 2 biases 
Discovered beneficial synapse from input-1447 to b159c246-cac8-4398-997c-28eb87e7c0c4 with weight 1.0000, helping 40.2% more records than it harms (2360/3367)
Discovery d5c58a7b analyze time 5s 214ms found 1 candidates
Discovered harmful synapse from input-771 to b159c246-cac8-4398-997c-28eb87e7c0c4, harming 12.8% more records than it helps (375/3367)
Discovery d5c58a7b analyze harmful time 81ms found 1 candidates
Discovery d5c58a7b analyze squashes time 134ms found 1 candidate, Summary: b159c246-cac8-4398-997c-28eb87e7c0c4 LeakyReLU -> LogSigmoid improved: 1.4% error: 3501.2617 -> 3451.0208
Over populated 52, expected 50.
Discovery 4a2d2036 with 1 binary files, sample rate: 100%, batch size: 512
Discovery 4a2d2036 initialize time 113ms
Discovery 4a2d2036 processing .trainData-fx_c_88/CADCNY/data.bin
Discovery 4a2d2036 read time 2ms for .trainData-fx_c_88/CADCNY/data.bin with 3367 records
Discovery 4a2d2036 scanning time 831ms
Training de2b5ca3 with 1 binary file, target error: 0.000001, iterations: 1, sample rate: 100%, sparse: 100%
Discovery 4a2d2036 recorded time 1s 640ms
Over populated 52, expected 50.
Training 60d8b13d with 1 binary file, target error: 0.000001, iterations: 1, sample rate: 100%, sparse: 100%
Generation 10 score 0.9988145867438304  error 0.001174292403892638 avg time 1s 380ms
Training 608b40fa with 1 binary file, target error: 0.000001, iterations: 1, sample rate: 100%, sparse: 100%
Discovered beneficial synapse from input-1447 to b159c246-cac8-4398-997c-28eb87e7c0c4 with weight 1.0000, helping 38.5% more records than it harms (2332/3367)
Discovery 4a2d2036 analyze time 5s 170ms found 1 candidates
Over populated 52, expected 50.
Discovered harmful synapse from input-398 to output-2, harming 13.4% more records than it helps (1458/3367)
Discovery 4a2d2036 analyze harmful time 552ms found 1 candidates
Discovery 4a2d2036 analyze squashes time 223ms found 1 candidate, Summary: b159c246-cac8-4398-997c-28eb87e7c0c4 LeakyReLU -> LogSigmoid improved: 1.2% error: 5423.6327 -> 5360.1895
Training 1d4ae33b with 1 binary file, target error: 0.000001, iterations: 1, sample rate: 100%, sparse: 100%
Over populated 55, expected 50.
Discovery 0b8ad130 with 1 binary files, sample rate: 100%, batch size: 512
Discovery 0b8ad130 initialize time 113ms
Discovery 0b8ad130 processing .trainData-fx_c_88/CADCNY/data.bin
Discovery 0b8ad130 read time 2ms for .trainData-fx_c_88/CADCNY/data.bin with 3367 records
Discovery 0b8ad130 scanning time 753ms
Training c66f36ff with 1 binary file, target error: 0.000001, iterations: 1, sample rate: 100%, sparse: 100%
Fine tuning increased fitness by 1.0046648291073268e-8 to 0.9988146240696039 adjusted 354 weights, 3 biases 
Discovery 0b8ad130 recorded time 1s 662ms
Fine tuning increased fitness by 6.102321914447373e-8 to 0.998814685092823 adjusted 976 weights, 8 biases 
Training c9baeba5 with 1 binary file, target error: 0.000001, iterations: 1, sample rate: 100%, sparse: 100%
Over populated 52, expected 50.
Training bb48cb3b with 1 binary file, target error: 0.000001, iterations: 1, sample rate: 100%, sparse: 100%
Fine tuning increased fitness by 5.5497842987861645e-9 to 0.9988147037214242 adjusted 976 weights, 8 biases 
Discovered beneficial synapse from input-1447 to b159c246-cac8-4398-997c-28eb87e7c0c4 with weight 1.0000, helping 39.9% more records than it harms (2356/3367)
Discovery 0b8ad130 analyze time 5s 538ms found 1 candidates
Discovered harmful synapse from input-771 to b159c246-cac8-4398-997c-28eb87e7c0c4, harming 12.7% more records than it helps (377/3367)
Discovery 0b8ad130 analyze harmful time 128ms found 1 candidates
Generation 20 score 0.9988147037214242  error 0.0011741754262848678 avg time 1s 299ms
Discovery 0b8ad130 analyze squashes time 282ms found 1 candidate, Summary: b159c246-cac8-4398-997c-28eb87e7c0c4 LeakyReLU -> LogSigmoid improved: 1.4% error: 3500.4698 -> 3450.2549
Over populated 53, expected 50.
Training f7eeb5e0 with 1 binary file, target error: 0.000001, iterations: 1, sample rate: 100%, sparse: 100%
Over populated 52, expected 50.
Discovery b17fcc6a with 1 binary files, sample rate: 100%, batch size: 512
Discovery b17fcc6a initialize time 674ms
Discovery b17fcc6a processing .trainData-fx_c_88/CADCNY/data.bin
Training e6cfdf14 with 1 binary file, target error: 0.000001, iterations: 1, sample rate: 100%, sparse: 100%
Fine tuning increased fitness by 3.0547619433995976e-8 to 0.9988147691528709 adjusted 575 weights, 5 biases 
Discovery b17fcc6a read time 12ms for .trainData-fx_c_88/CADCNY/data.bin with 3367 records
Discovery b17fcc6a scanning time 2s 774ms
Fine tuning increased fitness by 5.324589835709048e-8 to 0.9988148223987693 adjusted 575 weights, 5 biases 
Training 56e29ac7 with 1 binary file, target error: 0.000001, iterations: 1, sample rate: 100%, sparse: 100%
Fine tuning increased fitness by 6.495069448941848e-8 to 0.9988148873494638 adjusted 575 weights, 5 biases 
Discovery b17fcc6a recorded time 7s 224ms
Training fda1a562 with 1 binary file, target error: 0.000001, iterations: 1, sample rate: 100%, sparse: 100%
Fine tuning increased fitness by 2.6684385701081226e-8 to 0.9988149426283253 adjusted 566 weights, 5 biases 
Over populated 52, expected 50.
Fine tuning increased fitness by 7.237148991201536e-9 to 0.9988149498654743 adjusted 566 weights, 5 biases 
Training 1420a6f0 with 1 binary file, target error: 0.000001, iterations: 1, sample rate: 100%, sparse: 100%
Fine tuning increased fitness by 2.1532550187330912e-9 to 0.9988149520187293 adjusted 566 weights, 5 biases 
Discovered beneficial synapse from input-1447 to b159c246-cac8-4398-997c-28eb87e7c0c4 with weight 1.0000, helping 40.7% more records than it harms (2368/3367)
Discovery b17fcc6a analyze time 8s 354ms found 1 candidates
Discovered harmful synapse from input-771 to b159c246-cac8-4398-997c-28eb87e7c0c4, harming 13.4% more records than it helps (365/3367)
Discovery b17fcc6a analyze harmful time 143ms found 1 candidates
Discovery b17fcc6a analyze squashes time 304ms found 2 candidates, Summary: b159c246-cac8-4398-997c-28eb87e7c0c4 LeakyReLU -> LogSigmoid improved: 1.9% error: 1949.7910 -> 1913.1774,output-0 LeakyReLU -> LogSigmoid improved: 23.5% error: 2.7832 -> 2.1300
Over populated 52, expected 50.
Generation 30 score 0.9988149520187293  error 0.0011739271289822372 avg time 2s 68ms
Discovery 8a8d7fdd with 1 binary files, sample rate: 100%, batch size: 512
Discovery 8a8d7fdd initialize time 855ms
Discovery 8a8d7fdd processing .trainData-fx_c_88/CADCNY/data.bin
Over populated 52, expected 50.
Training 4cc61b25 with 1 binary file, target error: 0.000001, iterations: 1, sample rate: 100%, sparse: 100%
Discovery 8a8d7fdd read time 5ms for .trainData-fx_c_88/CADCNY/data.bin with 3367 records
Discovery 8a8d7fdd scanning time 3s 206ms
Training aef19b7f with 1 binary file, target error: 0.000001, iterations: 1, sample rate: 100%, sparse: 100%
Fine tuning increased fitness by 6.480706638001266e-9 to 0.9988149635268351 adjusted 287 weights, 2 biases 
Fine tuning increased fitness by 5.028557570341263e-9 to 0.9988149685553926 adjusted 287 weights, 2 biases 
Discovery 8a8d7fdd recorded time 8s 342ms
Training 403cd399 with 1 binary file, target error: 0.000001, iterations: 1, sample rate: 100%, sparse: 100%
Fine tuning increased fitness by 1.1885907258424311e-8 to 0.9988149804412999 adjusted 287 weights, 2 biases 
Fine tuning increased fitness by 3.964734673900239e-8 to 0.9988150200886466 adjusted 264 weights, 2 biases 
Training a4476b91 with 1 binary file, target error: 0.000001, iterations: 1, sample rate: 100%, sparse: 100%
Fine tuning increased fitness by 4.6114991936185845e-8 to 0.9988150662036386 adjusted 264 weights, 2 biases 
Discovered beneficial synapse from input-1447 to b159c246-cac8-4398-997c-28eb87e7c0c4 with weight 1.0000, helping 39.5% more records than it harms (2349/3367)
Discovery 8a8d7fdd analyze time 7s 161ms found 1 candidates
Fine tuning increased fitness by 2.8807171426059597e-8 to 0.99881509501081 adjusted 264 weights, 2 biases 
Discovered harmful synapse from input-771 to b159c246-cac8-4398-997c-28eb87e7c0c4, harming 13.1% more records than it helps (370/3367)
Discovery 8a8d7fdd analyze harmful time 121ms found 1 candidates
Discovery 8a8d7fdd analyze squashes time 208ms found 1 candidate, Summary: b159c246-cac8-4398-997c-28eb87e7c0c4 LeakyReLU -> LogSigmoid improved: 1.7% error: 2432.5926 -> 2391.2650
Training d284a227 with 1 binary file, target error: 0.000001, iterations: 1, sample rate: 100%, sparse: 100%
Fine tuning increased fitness by 4.8652061490628284e-8 to 0.9988151436628715 adjusted 264 weights, 2 biases 
Discovery d284a227 with 1 binary files, sample rate: 100%, batch size: 512
Discovery d284a227 initialize time 944ms
Discovery d284a227 processing .trainData-fx_c_88/CADCNY/data.bin
Generation 40 score 0.9988151436628715  error 0.0011737354848803555 avg time 1s 934ms
Fine tuning increased fitness by 6.063183310978104e-8 to 0.9988152042947046 adjusted 259 weights, 2 biases 
Discovery d284a227 read time 9ms for .trainData-fx_c_88/CADCNY/data.bin with 3367 records
Discovery d284a227 scanning time 3s 75ms
Training a0964230 with 1 binary file, target error: 0.000001, iterations: 1, sample rate: 100%, sparse: 100%
Fine tuning increased fitness by 4.65975247276873e-8 to 0.9988152508922293 adjusted 259 weights, 2 biases 
Discovery d284a227 recorded time 6s 475ms
Training 7cc23b14 with 1 binary file, target error: 0.000001, iterations: 1, sample rate: 100%, sparse: 100%
Training f687310c with 1 binary file, target error: 0.000001, iterations: 1, sample rate: 100%, sparse: 100%
Fine tuning increased fitness by 3.3721170300538006e-10 to 0.998815399095945 adjusted 124 weights, 1 bias 
Training 34f0fc74 with 1 binary file, target error: 0.000001, iterations: 1, sample rate: 100%, sparse: 100%
Fine tuning increased fitness by 1.5235835482130256e-8 to 0.9988154376834724 adjusted 104 weights, 1 bias 
Training 0a6b9b5a with 1 binary file, target error: 0.000001, iterations: 1, sample rate: 100%, sparse: 100%
Generation 50 score 0.9988154376834724  error 0.0011734414643735566 avg time 1s 780ms
Discovered beneficial synapse from input-1447 to b159c246-cac8-4398-997c-28eb87e7c0c4 with weight 1.0000, helping 39.6% more records than it harms (2350/3367)
Discovery d284a227 analyze time 13s 777ms found 1 candidates
Discovered harmful synapse from input-771 to b159c246-cac8-4398-997c-28eb87e7c0c4, harming 13.2% more records than it helps (369/3367)
Discovery d284a227 analyze harmful time 110ms found 1 candidates
Discovery d284a227 analyze squashes time 193ms found 1 candidate, Summary: b159c246-cac8-4398-997c-28eb87e7c0c4 LeakyReLU -> LogSigmoid improved: 1.7% error: 2415.4556 -> 2374.2845
Training f50d240d with 1 binary file, target error: 0.000001, iterations: 1, sample rate: 100%, sparse: 100%
Training 170e6184 with 1 binary file, target error: 0.000001, iterations: 1, sample rate: 100%, sparse: 100%
Fine tuning increased fitness by 2.622485562042698e-10 to 0.9988154379457209 adjusted 104 weights, 1 bias 
Discovery 170e6184 with 1 binary files, sample rate: 100%, batch size: 512
Discovery 170e6184 initialize time 954ms
Discovery 170e6184 processing .trainData-fx_c_88/CADCNY/data.bin
Discovery 170e6184 read time 3ms for .trainData-fx_c_88/CADCNY/data.bin with 3367 records
Discovery 170e6184 scanning time 3s 133ms
Training 24cdac31 with 1 binary file, target error: 0.000001, iterations: 1, sample rate: 100%, sparse: 100%
Fine tuning increased fitness by 2.8102272731089784e-9 to 0.9988154424198376 adjusted 116 weights, 1 bias 
Fine tuning increased fitness by 9.344992002446872e-9 to 0.9988154517648296 adjusted 116 weights, 1 bias 
Training ccdaf107 with 1 binary file, target error: 0.000001, iterations: 1, sample rate: 100%, sparse: 100%
Fine tuning increased fitness by 7.60796714516232e-9 to 0.9988154593727967 adjusted 116 weights, 1 bias 
Discovery 170e6184 recorded time 8s 232ms
Fine tuning increased fitness by 1.2761293799457007e-8 to 0.9988154721340905 adjusted 116 weights, 1 bias 
Training 3596041d with 1 binary file, target error: 0.000001, iterations: 1, sample rate: 100%, sparse: 100%
Fine tuning increased fitness by 1.9804481166119103e-8 to 0.9988154919385717 adjusted 116 weights, 1 bias 
Generation 60 score 0.9988154919385717  error 0.0011733872092512174 avg time 1s 849ms
Fine tuning increased fitness by 3.1769032737827274e-8 to 0.9988155237076044 adjusted 116 weights, 1 bias 
Training cf067ac3 with 1 binary file, target error: 0.000001, iterations: 1, sample rate: 100%, sparse: 100%
Discovered beneficial synapse from input-1447 to b159c246-cac8-4398-997c-28eb87e7c0c4 with weight 1.0000, helping 39.4% more records than it harms (2347/3367)
Discovery 170e6184 analyze time 8s 402ms found 1 candidates
Fine tuning increased fitness by 3.523057312548872e-8 to 0.9988156049951645 adjusted 116 weights, 1 bias 
Discovered harmful synapse from input-771 to b159c246-cac8-4398-997c-28eb87e7c0c4, harming 13.0% more records than it helps (372/3367)
Discovery 170e6184 analyze harmful time 126ms found 1 candidates
Discovery 170e6184 analyze squashes time 210ms found 1 candidate, Summary: b159c246-cac8-4398-997c-28eb87e7c0c4 LeakyReLU -> LogSigmoid improved: 1.7% error: 2415.5270 -> 2374.3557
Training 724c1d9c with 1 binary file, target error: 0.000001, iterations: 1, sample rate: 100%, sparse: 100%
Fine tuning increased fitness by 1.4600003428455466e-9 to 0.9988156064551649 adjusted 116 weights, 1 bias 
Discovery 724c1d9c with 1 binary files, sample rate: 100%, batch size: 512
Discovery 724c1d9c initialize time 1s 63ms
Discovery 724c1d9c processing .trainData-fx_c_88/CADCNY/data.bin
Fine tuning increased fitness by 1.949357897323978e-9 to 0.9988156084045228 adjusted 116 weights, 1 bias 
Discovery 724c1d9c read time 19ms for .trainData-fx_c_88/CADCNY/data.bin with 3367 records
Discovery 724c1d9c scanning time 3s 63ms
Training 2f162a0c with 1 binary file, target error: 0.000001, iterations: 1, sample rate: 100%, sparse: 100%
Fine tuning increased fitness by 2.1278556694426243e-9 to 0.9988156105323784 adjusted 116 weights, 1 bias 
Discovery 724c1d9c recorded time 3s 983ms
Fine tuning increased fitness by 3.2145289763363394e-9 to 0.9988156137469074 adjusted 116 weights, 1 bias 
Training 494183b2 with 1 binary file, target error: 0.000001, iterations: 1, sample rate: 100%, sparse: 100%
Fine tuning increased fitness by 3.999216513506099e-9 to 0.9988156177461239 adjusted 116 weights, 1 bias 
Fine tuning increased fitness by 1.5678360942850134e-8 to 0.9988156334244849 adjusted 116 weights, 1 bias 
Training 876536d2 with 1 binary file, target error: 0.000001, iterations: 1, sample rate: 100%, sparse: 100%
Fine tuning increased fitness by 1.9605594481220123e-8 to 0.9988156530300794 adjusted 1 weight 
Generation 70 score 0.9988156530300794  error 0.0011732161178486487 avg time 1s 462ms
Discovered beneficial synapse from input-1447 to b159c246-cac8-4398-997c-28eb87e7c0c4 with weight 1.0000, helping 39.8% more records than it harms (2353/3367)
Discovery 724c1d9c analyze time 5s 268ms found 1 candidates
Discovered harmful synapse from input-771 to b159c246-cac8-4398-997c-28eb87e7c0c4, harming 13.2% more records than it helps (369/3367)
Discovery 724c1d9c analyze harmful time 80ms found 1 candidates
Discovery 724c1d9c analyze squashes time 119ms found 1 candidate, Summary: b159c246-cac8-4398-997c-28eb87e7c0c4 LeakyReLU -> LogSigmoid improved: 1.7% error: 2415.7010 -> 2374.5237
Training f01e489f with 1 binary file, target error: 0.000001, iterations: 1, sample rate: 100%, sparse: 100%
Fine tuning increased fitness by 2.266997700672846e-11 to 0.9988156530527493 adjusted 1 weight 
Discovery dd275ff8 with 1 binary files, sample rate: 100%, batch size: 512
Discovery dd275ff8 initialize time 115ms
Discovery dd275ff8 processing .trainData-fx_c_88/CADCNY/data.bin
Training 148f0432 with 1 binary file, target error: 0.000001, iterations: 1, sample rate: 100%, sparse: 100%
Discovery dd275ff8 read time 3ms for .trainData-fx_c_88/CADCNY/data.bin with 3367 records
Fine tuning increased fitness by 6.794564910705958e-13 to 0.9988156530534288 adjusted 1 weight 
Discovery dd275ff8 scanning time 883ms
Discovery dd275ff8 recorded time 1s 658ms
Fine tuning increased fitness by 1.0674239270258568e-11 to 0.998815653064103 adjusted 595 weights, 5 biases 
Training 78c57f92 with 1 binary file, target error: 0.000001, iterations: 1, sample rate: 100%, sparse: 100%
Fine tuning increased fitness by 2.0353013718832358e-9 to 0.9988156566764759 adjusted 530 weights, 5 biases 
Training 16e7d218 with 1 binary file, target error: 0.000001, iterations: 1, sample rate: 100%, sparse: 100%
Fine tuning increased fitness by 1.8284322944595033e-9 to 0.9988156585049082 adjusted 530 weights, 5 biases 
Discovered beneficial synapse from input-1447 to b159c246-cac8-4398-997c-28eb87e7c0c4 with weight 1.0000, helping 39.5% more records than it harms (2348/3367)
Discovery dd275ff8 analyze time 5s 260ms found 1 candidates
Discovered harmful synapse from input-771 to b159c246-cac8-4398-997c-28eb87e7c0c4, harming 13.0% more records than it helps (372/3367)
Discovery dd275ff8 analyze harmful time 83ms found 1 candidates
Discovery dd275ff8 analyze squashes time 131ms found 1 candidate, Summary: b159c246-cac8-4398-997c-28eb87e7c0c4 LeakyReLU -> LogSigmoid improved: 1.7% error: 2415.5502 -> 2374.3786
Training 3d0650f3 with 1 binary file, target error: 0.000001, iterations: 1, sample rate: 100%, sparse: 100%
Discovery 3d0650f3 with 1 binary files, sample rate: 100%, batch size: 512
Discovery 3d0650f3 initialize time 116ms
Discovery 3d0650f3 processing .trainData-fx_c_88/CADCNY/data.bin
Over populated 55, expected 50.
Generation 80 score 0.9988156609368213  error 0.0011732082111067927 avg time 1s 72ms
Discovery 3d0650f3 read time 4ms for .trainData-fx_c_88/CADCNY/data.bin with 3367 records
Discovery 3d0650f3 scanning time 1s 207ms
Fine tuning increased fitness by 1.3395181630571074e-9 to 0.9988156622763394 adjusted 801 weights, 7 biases 
Discovery 3d0650f3 recorded time 1s 851ms
Training dd2bdc90 with 1 binary file, target error: 0.000001, iterations: 1, sample rate: 100%, sparse: 100%
Fine tuning increased fitness by 3.3156355438990204e-9 to 0.998815665591975 adjusted 790 weights, 7 biases 
Over populated 52, expected 50.
Fine tuning increased fitness by 5.71798464132911e-9 to 0.9988156713099596 adjusted 790 weights, 7 biases 
Training bd20e6e9 with 1 binary file, target error: 0.000001, iterations: 1, sample rate: 100%, sparse: 100%
Fine tuning increased fitness by 3.785561641933555e-9 to 0.9988156750955213 adjusted 790 weights, 7 biases 
Over populated 52, expected 50.
Discovered beneficial synapse from input-1447 to b159c246-cac8-4398-997c-28eb87e7c0c4 with weight 1.0000, helping 39.8% more records than it harms (2353/3367)
Discovery 3d0650f3 analyze time 6s 131ms found 1 candidates
Discovered harmful synapse from input-771 to b159c246-cac8-4398-997c-28eb87e7c0c4, harming 13.1% more records than it helps (370/3367)
Discovery 3d0650f3 analyze harmful time 107ms found 1 candidates
Discovery 3d0650f3 analyze squashes time 159ms found 1 candidate, Summary: b159c246-cac8-4398-997c-28eb87e7c0c4 LeakyReLU -> LogSigmoid improved: 1.7% error: 2427.5477 -> 2386.2625
Training d6e12e70 with 1 binary file, target error: 0.000001, iterations: 1, sample rate: 100%, sparse: 100%
Fine tuning increased fitness by 1.0364488045588871e-8 to 0.9988156991371702 adjusted 750 weights, 6 biases 
Discovery d6e12e70 with 1 binary files, sample rate: 100%, batch size: 512
Discovery d6e12e70 initialize time 457ms
Discovery d6e12e70 processing .trainData-fx_c_88/CADCNY/data.bin
Over populated 56, expected 50.
Discovery d6e12e70 read time 11ms for .trainData-fx_c_88/CADCNY/data.bin with 3367 records
Discovery d6e12e70 scanning time 2s 373ms
Training 53cab23f with 1 binary file, target error: 0.000001, iterations: 1, sample rate: 100%, sparse: 100%
Over populated 52, expected 50.
Discovery d6e12e70 recorded time 7s 308ms
Training 5179480d with 1 binary file, target error: 0.000001, iterations: 1, sample rate: 100%, sparse: 100%
Generation 90 score 0.998815717075435  error 0.0011731520724988947 avg time 1s 801ms
Fine tuning increased fitness by 4.046891710629552e-9 to 0.9988157211223267 adjusted 731 weights, 6 biases 
Training 552a3179 with 1 binary file, target error: 0.000001, iterations: 1, sample rate: 100%, sparse: 100%
Fine tuning increased fitness by 1.6993831897238465e-8 to 0.9988157381161586 adjusted 731 weights, 6 biases 
Over populated 52, expected 50.
Fine tuning increased fitness by 1.5772637307343018e-8 to 0.998815753888796 adjusted 731 weights, 6 biases 
Fine tuning increased fitness by 1.6701238503280535e-8 to 0.9988157705900345 adjusted 731 weights, 6 biases 
Over populated 52, expected 50.
Fine tuning increased fitness by 2.053320469208586e-8 to 0.9988157911232391 adjusted 731 weights, 6 biases 
Fine tuning increased fitness by 5.315501150349178e-9 to 0.9988157964387403 adjusted 731 weights, 6 biases 
Discovered beneficial synapse from input-1447 to b159c246-cac8-4398-997c-28eb87e7c0c4 with weight 1.0000, helping 41.2% more records than it harms (2377/3367)
Discovery d6e12e70 analyze time 13s 231ms found 1 candidates
Discovered harmful synapse from input-771 to b159c246-cac8-4398-997c-28eb87e7c0c4, harming 13.0% more records than it helps (372/3367)
Discovery d6e12e70 analyze harmful time 113ms found 1 candidates
Discovery d6e12e70 analyze squashes time 201ms found 1 candidate, Summary: b159c246-cac8-4398-997c-28eb87e7c0c4 LeakyReLU -> LogSigmoid improved: 1.7% error: 2446.8048 -> 2405.4742
Fine tuning increased fitness by 6.653452788718539e-9 to 0.9988158030921931 adjusted 731 weights, 6 biases 
Over populated 53, expected 50.
Fine tuning increased fitness by 2.726164138877607e-8 to 0.9988158374822078 adjusted 748 weights, 7 biases 
Generation 100 score 0.9988158374822078  error 0.0011730316657405408 avg time 1s 969ms
Fine tuning increased fitness by 1.6886826381679043e-9 to 0.9988158391708905 adjusted 137 weights, 2 biases 
Fine tuning increased fitness by 1.4040875462306701e-8 to 0.998815862050958 adjusted 265 weights, 4 biases 
Fine tuning increased fitness by 6.414886066785641e-9 to 0.998815873909617 adjusted 259 weights, 3 biases 
Generation 110 score 0.9988158836906659  error 0.0011729854572699592 avg time 1s 392ms
{
  error: 0.0011729854572699592,
  score: 0.9988158836906659,
  generation: 110,
  time: 180207
}

=== Processing USDCLP (9/10) ===
loaded ../GRQ-portfolio/best/fx/v1/USDCLP.json
5 mutations, mutation rate 5.0%, elitism 8, mutation FFW, selection TOURNAMENT
Creature count: 50
Culling duplicate creature at 13 of 51
DeDuplication of 1 creatures to 50 in  (previous experiment )
Training d590f56e with 1 binary file, target error: 0.000001, iterations: 1, sample rate: 100%, sparse: 100%
Discovery d590f56e with 1 binary files, sample rate: 100%, batch size: 512
Discovery d590f56e initialize time 133ms
Discovery d590f56e processing .trainData-fx_c_88/USDCLP/data.bin
Discovery d590f56e read time 4ms for .trainData-fx_c_88/USDCLP/data.bin with 3367 records
Discovery d590f56e scanning time 1s 425ms
Discovery d590f56e recorded time 2s 304ms
Training f9c5e137 with 1 binary file, target error: 0.000001, iterations: 1, sample rate: 100%, sparse: 100%
Fine tuning increased fitness by 7.406705515577983e-8 to 0.9985608336472153 adjusted 135 weights, 3 biases 
Fine tuning increased fitness by 1.9178836963007484e-8 to 0.9985608528260522 adjusted 135 weights, 3 biases 
Training 90c03eca with 1 binary file, target error: 0.000001, iterations: 1, sample rate: 100%, sparse: 100%
Fine tuning increased fitness by 3.3841456303917994e-8 to 0.9985608866675085 adjusted 134 weights, 3 biases 
Over populated 52, expected 50.
Training 514d668f with 1 binary file, target error: 0.000001, iterations: 1, sample rate: 100%, sparse: 100%
Discovered beneficial synapse from input-425 to 88967a91-2625-41c8-bbfc-78ea4242f527 with weight 1.0000, helping 19.7% more records than it harms (2014/3367)
Discovery d590f56e analyze time 6s 720ms found 1 candidates
Discovered harmful synapse from input-48 to 88967a91-2625-41c8-bbfc-78ea4242f527, harming 19.5% more records than it helps (1355/3367)
Discovery d590f56e analyze harmful time 529ms found 1 candidates
Discovery d590f56e analyze squashes time 367ms found 2 candidates, Summary: output-0 LeakyReLU -> ISRU improved: 20.4% error: 0.1735 -> 0.1381,88967a91-2625-41c8-bbfc-78ea4242f527 ELU -> Mish improved: 32.4% error: 0.2127 -> 0.1437
Discovery dc7579f3 with 1 binary files, sample rate: 100%, batch size: 512
Discovery dc7579f3 initialize time 117ms
Discovery dc7579f3 processing .trainData-fx_c_88/USDCLP/data.bin
Over populated 52, expected 50.
Discovery dc7579f3 read time 4ms for .trainData-fx_c_88/USDCLP/data.bin with 3367 records
Discovery dc7579f3 scanning time 1s 144ms
Training bf9c7a3d with 1 binary file, target error: 0.000001, iterations: 1, sample rate: 100%, sparse: 100%
Discovery dc7579f3 recorded time 1s 769ms
Over populated 52, expected 50.
Fine tuning increased fitness by 6.473833269460272e-8 to 0.9985611669431214 adjusted 131 weights, 3 biases 
Generation 10 score 0.9985611669431214  error 0.0014237322591614755 avg time 1s 452ms
Training d42733d4 with 1 binary file, target error: 0.000001, iterations: 1, sample rate: 100%, sparse: 100%
Fine tuning increased fitness by 7.952317404580356e-8 to 0.9985612464662954 adjusted 130 weights, 3 biases 
Over populated 52, expected 50.
Fine tuning increased fitness by 6.156965481896037e-8 to 0.9985613080359502 adjusted 130 weights, 3 biases 
Training fd5c3e36 with 1 binary file, target error: 0.000001, iterations: 1, sample rate: 100%, sparse: 100%
Over populated 52, expected 50.
Training 6710c97f with 1 binary file, target error: 0.000001, iterations: 1, sample rate: 100%, sparse: 100%
Fine tuning increased fitness by 4.780719475849793e-8 to 0.9985615864398739 adjusted 125 weights, 3 biases 
Training 18a7ebe7 with 1 binary file, target error: 0.000001, iterations: 1, sample rate: 100%, sparse: 100%
Fine tuning increased fitness by 7.059640616535745e-8 to 0.9985616570362801 adjusted 125 weights, 3 biases 
Over populated 52, expected 50.
Discovered beneficial synapse from input-425 to 88967a91-2625-41c8-bbfc-78ea4242f527 with weight 1.0000, helping 19.7% more records than it harms (2014/3367)
Discovery dc7579f3 analyze time 10s 747ms found 1 candidates
Fine tuning increased fitness by 7.981718952443373e-8 to 0.9985617368534696 adjusted 125 weights, 3 biases 
Discovered harmful synapse from input-48 to 88967a91-2625-41c8-bbfc-78ea4242f527, harming 19.5% more records than it helps (1355/3367)
Discovery dc7579f3 analyze harmful time 600ms found 1 candidates
Discovery dc7579f3 analyze squashes time 306ms found 2 candidates, Summary: 88967a91-2625-41c8-bbfc-78ea4242f527 ELU -> Mish improved: 32.5% error: 0.2135 -> 0.1441,output-0 LeakyReLU -> ISRU improved: 20.4% error: 0.1735 -> 0.1381
Training d2a7caf5 with 1 binary file, target error: 0.000001, iterations: 1, sample rate: 100%, sparse: 100%
Fine tuning increased fitness by 1.0092727209531915e-7 to 0.9985618377807417 adjusted 125 weights, 3 biases 
Discovery d2a7caf5 with 1 binary files, sample rate: 100%, batch size: 512
Discovery d2a7caf5 initialize time 112ms
Discovery d2a7caf5 processing .trainData-fx_c_88/USDCLP/data.bin
Over populated 56, expected 50.
Discovery d2a7caf5 read time 4ms for .trainData-fx_c_88/USDCLP/data.bin with 3367 records
Discovery d2a7caf5 scanning time 1s 51ms
Fine tuning increased fitness by 9.795413458135727e-8 to 0.9985619357348763 adjusted 125 weights, 3 biases 
Discovery d2a7caf5 recorded time 1s 727ms
Generation 20 score 0.9985619357348763  error 0.0014229634673931756 avg time 1s 291ms
Training 85165c82 with 1 binary file, target error: 0.000001, iterations: 1, sample rate: 100%, sparse: 100%
Over populated 52, expected 50.
Fine tuning increased fitness by 1.281911710115935e-8 to 0.998561970030119 adjusted 125 weights, 3 biases 
Training f65f2740 with 1 binary file, target error: 0.000001, iterations: 1, sample rate: 100%, sparse: 100%
Fine tuning increased fitness by 1.819120398760532e-8 to 0.998561988221323 adjusted 125 weights, 3 biases 
Over populated 52, expected 50.
Fine tuning increased fitness by 2.2201948945976824e-8 to 0.998562010423272 adjusted 125 weights, 3 biases 
Training 0be63be1 with 1 binary file, target error: 0.000001, iterations: 1, sample rate: 100%, sparse: 100%
Fine tuning increased fitness by 1.6805985270096357e-8 to 0.9985620272292572 adjusted 125 weights, 3 biases 
Over populated 52, expected 50.
Training 38ca948b with 1 binary file, target error: 0.000001, iterations: 1, sample rate: 100%, sparse: 100%
Over populated 52, expected 50.
Fine tuning increased fitness by 8.836960163627339e-9 to 0.9985620657410472 adjusted 124 weights, 3 biases 
Discovered beneficial synapse from input-425 to 88967a91-2625-41c8-bbfc-78ea4242f527 with weight 1.0000, helping 19.7% more records than it harms (2013/3367)
Discovery d2a7caf5 analyze time 11s 480ms found 1 candidates
Training 7541d2af with 1 binary file, target error: 0.000001, iterations: 1, sample rate: 100%, sparse: 100%
Fine tuning increased fitness by 7.343348595867383e-9 to 0.9985620730843958 adjusted 124 weights, 3 biases 
Discovered harmful synapse from input-48 to 88967a91-2625-41c8-bbfc-78ea4242f527, harming 19.5% more records than it helps (1353/3367)
Discovery d2a7caf5 analyze harmful time 1s 170ms found 1 candidates
Discovery d2a7caf5 analyze squashes time 365ms found 2 candidates, Summary: output-0 LeakyReLU -> ISRU improved: 20.4% error: 0.1735 -> 0.1381,88967a91-2625-41c8-bbfc-78ea4242f527 ELU -> Mish improved: 32.7% error: 0.2148 -> 0.1445
Over populated 52, expected 50.
Discovery eb82460a with 1 binary files, sample rate: 100%, batch size: 512
Discovery eb82460a initialize time 521ms
Discovery eb82460a processing .trainData-fx_c_88/USDCLP/data.bin
Generation 30 score 0.9985620795635134  error 0.0014228196387525856 avg time 1s 512ms
Training 4496ca6a with 1 binary file, target error: 0.000001, iterations: 1, sample rate: 100%, sparse: 100%
Discovery eb82460a read time 4ms for .trainData-fx_c_88/USDCLP/data.bin with 3367 records
Discovery eb82460a scanning time 2s 832ms
Over populated 52, expected 50.
Fine tuning increased fitness by 1.0130590921697546e-8 to 0.9985621005105848 adjusted 124 weights, 3 biases 
Training ef833e47 with 1 binary file, target error: 0.000001, iterations: 1, sample rate: 100%, sparse: 100%
Fine tuning increased fitness by 9.54034529154768e-9 to 0.9985621100509301 adjusted 124 weights, 3 biases 
Discovery eb82460a recorded time 7s 990ms
Over populated 52, expected 50.
Training 3dd1b6c5 with 1 binary file, target error: 0.000001, iterations: 1, sample rate: 100%, sparse: 100%
Over populated 52, expected 50.
Fine tuning increased fitness by 2.8156313947036438e-9 to 0.9985621128665615 adjusted 95 weights, 3 biases 
Training 52d19b3b with 1 binary file, target error: 0.000001, iterations: 1, sample rate: 100%, sparse: 100%
Fine tuning increased fitness by 6.261615115299435e-9 to 0.9985621191281766 adjusted 95 weights, 3 biases 
Over populated 52, expected 50.
Fine tuning increased fitness by 8.816523622279249e-9 to 0.9985621279447002 adjusted 95 weights, 3 biases 
Training aaa3a3a4 with 1 binary file, target error: 0.000001, iterations: 1, sample rate: 100%, sparse: 100%
Over populated 52, expected 50.
Fine tuning increased fitness by 2.697194467771169e-9 to 0.998562137580818 adjusted 95 weights, 3 biases 
Generation 40 score 0.998562137580818  error 0.0014227616214474489 avg time 2s 360ms
Training 75bafe5a with 1 binary file, target error: 0.000001, iterations: 1, sample rate: 100%, sparse: 100%
Discovered beneficial synapse from input-425 to 88967a91-2625-41c8-bbfc-78ea4242f527 with weight 1.0000, helping 19.4% more records than it harms (2008/3367)
Discovery eb82460a analyze time 18s 549ms found 1 candidates
Discovered harmful synapse from input-48 to 88967a91-2625-41c8-bbfc-78ea4242f527, harming 19.5% more records than it helps (1354/3367)
Discovery eb82460a analyze harmful time 1s 711ms found 1 candidates
Discovery eb82460a analyze squashes time 501ms found 2 candidates, Summary: 88967a91-2625-41c8-bbfc-78ea4242f527 ELU -> Mish improved: 33.0% error: 0.2149 -> 0.1440,output-0 LeakyReLU -> ISRU improved: 20.4% error: 0.1735 -> 0.1381
Training f0e0a084 with 1 binary file, target error: 0.000001, iterations: 1, sample rate: 100%, sparse: 100%
Discovery f0e0a084 with 1 binary files, sample rate: 100%, batch size: 512
Fine tuning increased fitness by 5.391169732860135e-10 to 0.9985621397785327 adjusted 38 weights, 2 biases 
Discovery f0e0a084 initialize time 850ms
Discovery f0e0a084 processing .trainData-fx_c_88/USDCLP/data.bin
Over populated 55, expected 50.
Fine tuning increased fitness by 7.944184199359938e-10 to 0.9985621405729511 adjusted 38 weights, 2 biases 
Discovery f0e0a084 read time 11ms for .trainData-fx_c_88/USDCLP/data.bin with 3367 records
Discovery f0e0a084 scanning time 3s 480ms
Training 18b7a7f3 with 1 binary file, target error: 0.000001, iterations: 1, sample rate: 100%, sparse: 100%
Over populated 52, expected 50.
Fine tuning increased fitness by 5.914635337056495e-9 to 0.998562151272564 adjusted 37 weights, 2 biases 
Discovery f0e0a084 recorded time 8s 372ms
Training 118ec6b7 with 1 binary file, target error: 0.000001, iterations: 1, sample rate: 100%, sparse: 100%
Fine tuning increased fitness by 5.680419024045591e-9 to 0.998562156952983 adjusted 37 weights, 2 biases 
Fine tuning increased fitness by 6.864755652813415e-9 to 0.9985621638177387 adjusted 37 weights, 2 biases 
Training 94b8e103 with 1 binary file, target error: 0.000001, iterations: 1, sample rate: 100%, sparse: 100%
Over populated 52, expected 50.
Generation 50 score 0.9985621704361372  error 0.001422728766145693 avg time 2s 264ms
Training 149ef48f with 1 binary file, target error: 0.000001, iterations: 1, sample rate: 100%, sparse: 100%
Fine tuning increased fitness by 1.230637813876001e-11 to 0.9985621704484435 adjusted 8 weights, 1 bias 
Training 94b8e103 increased fitness by 1.3107370744336322e-10 to 0.9985621705795172
Training f0777fae with 1 binary file, target error: 0.000001, iterations: 1, sample rate: 100%, sparse: 100%
Over populated 52, expected 50.
Training 149ef48f increased fitness by 2.7618635156656524e-9 to 0.9985621736274033
Discovered beneficial synapse from input-425 to 88967a91-2625-41c8-bbfc-78ea4242f527 with weight 1.0000, helping 19.4% more records than it harms (2009/3367)
Discovery f0e0a084 analyze time 17s 468ms found 1 candidates
Discovered harmful synapse from input-48 to 88967a91-2625-41c8-bbfc-78ea4242f527, harming 19.5% more records than it helps (1354/3367)
Discovery f0e0a084 analyze harmful time 891ms found 1 candidates
Training dca2cd90 with 1 binary file, target error: 0.000001, iterations: 1, sample rate: 100%, sparse: 100%
Discovery f0e0a084 analyze squashes time 768ms found 2 candidates, Summary: output-0 LeakyReLU -> ISRU improved: 20.4% error: 0.1735 -> 0.1381,88967a91-2625-41c8-bbfc-78ea4242f527 ELU -> Mish improved: 32.9% error: 0.2147 -> 0.1440
Fine tuning increased fitness by 1.0617161594339564e-9 to 0.9985621746891195 adjusted 310 weights, 7 biases 
Over populated 52, expected 50.
Discovery c51211e8 with 1 binary files, sample rate: 100%, batch size: 512
Discovery c51211e8 initialize time 988ms
Discovery c51211e8 processing .trainData-fx_c_88/USDCLP/data.bin
Over populated 53, expected 50.
Training 3804753b with 1 binary file, target error: 0.000001, iterations: 1, sample rate: 100%, sparse: 100%
Fine tuning increased fitness by 3.2823235240897475e-9 to 0.99856218075514 adjusted 293 weights, 7 biases 
Discovery c51211e8 read time 6ms for .trainData-fx_c_88/USDCLP/data.bin with 3367 records
Discovery c51211e8 scanning time 3s 478ms
Over populated 52, expected 50.
Training a927c21b with 1 binary file, target error: 0.000001, iterations: 1, sample rate: 100%, sparse: 100%
Discovery c51211e8 recorded time 8s 672ms
Over populated 52, expected 50.
Fine tuning increased fitness by 3.202218212816632e-8 to 0.998562233175979 adjusted 272 weights, 7 biases 
Generation 60 score 0.998562233175979  error 0.0014226660263190701 avg time 2s 501ms
Training efd6e4c5 with 1 binary file, target error: 0.000001, iterations: 1, sample rate: 100%, sparse: 100%
Fine tuning increased fitness by 6.214573800011891e-8 to 0.998562295321717 adjusted 266 weights, 7 biases 
Over populated 52, expected 50.
Fine tuning increased fitness by 8.773275383955337e-8 to 0.9985623830544709 adjusted 258 weights, 7 biases 
Training f8044392 with 1 binary file, target error: 0.000001, iterations: 1, sample rate: 100%, sparse: 100%
Over populated 52, expected 50.
Training 8052b123 with 1 binary file, target error: 0.000001, iterations: 1, sample rate: 100%, sparse: 100%
Training 27c580ee with 1 binary file, target error: 0.000001, iterations: 1, sample rate: 100%, sparse: 100%
Fine tuning increased fitness by 2.232623930176203e-8 to 0.9985626216382982 adjusted 202 weights, 5 biases 
Fine tuning increased fitness by 3.4914554802867315e-8 to 0.998562656552853 adjusted 202 weights, 5 biases 
Training fd35d2c2 with 1 binary file, target error: 0.000001, iterations: 1, sample rate: 100%, sparse: 100%
Fine tuning increased fitness by 4.5686189720228754e-8 to 0.9985627022390428 adjusted 202 weights, 5 biases 
Discovered beneficial synapse from input-425 to 88967a91-2625-41c8-bbfc-78ea4242f527 with weight 1.0000, helping 19.4% more records than it harms (2009/3367)
Discovery c51211e8 analyze time 21s 511ms found 1 candidates
Discovered harmful synapse from input-48 to 88967a91-2625-41c8-bbfc-78ea4242f527, harming 19.5% more records than it helps (1354/3367)
Discovery c51211e8 analyze harmful time 500ms found 1 candidates
Generation 70 score 0.9985627486826657  error 0.001422150519624817 avg time 1s 877ms
Training 17ab8ea7 with 1 binary file, target error: 0.000001, iterations: 1, sample rate: 100%, sparse: 100%
Discovery c51211e8 analyze squashes time 425ms found 2 candidates, Summary: 88967a91-2625-41c8-bbfc-78ea4242f527 ELU -> Mish improved: 32.8% error: 0.2148 -> 0.1444,output-0 LeakyReLU -> ISRU improved: 20.4% error: 0.1735 -> 0.1381
Over populated 52, expected 50.
Discovery cbca4fc2 with 1 binary files, sample rate: 100%, batch size: 512
Discovery cbca4fc2 initialize time 121ms
Discovery cbca4fc2 processing .trainData-fx_c_88/USDCLP/data.bin
Over populated 52, expected 50.
Discovery cbca4fc2 read time 9ms for .trainData-fx_c_88/USDCLP/data.bin with 3367 records
Discovery cbca4fc2 scanning time 975ms
Training cbca4fc2 with 1 binary file, target error: 0.000001, iterations: 1, sample rate: 100%, sparse: 100%
Discovery cbca4fc2 recorded time 1s 887ms
Over populated 52, expected 50.
Training b81b7224 with 1 binary file, target error: 0.000001, iterations: 1, sample rate: 100%, sparse: 100%
Over populated 52, expected 50.
Training 6795e0b9 with 1 binary file, target error: 0.000001, iterations: 1, sample rate: 100%, sparse: 100%
Fine tuning increased fitness by 3.500427225855418e-8 to 0.9985630541154746 adjusted 134 weights, 4 biases 
Over populated 52, expected 50.
Fine tuning increased fitness by 3.745243082331484e-8 to 0.9985630915679055 adjusted 134 weights, 4 biases 
Training cb6cc253 with 1 binary file, target error: 0.000001, iterations: 1, sample rate: 100%, sparse: 100%
Fine tuning increased fitness by 2.3975586294078255e-8 to 0.9985631155434918 adjusted 134 weights, 4 biases 
Over populated 52, expected 50.
Fine tuning increased fitness by 9.060271977112677e-9 to 0.9985631246037637 adjusted 134 weights, 4 biases 
Generation 80 score 0.9985631246037637  error 0.0014217745985741102 avg time 1s 378ms
Training 8e23d589 with 1 binary file, target error: 0.000001, iterations: 1, sample rate: 100%, sparse: 100%
Fine tuning increased fitness by 7.248399325199273e-9 to 0.998563131852163 adjusted 134 weights, 4 biases 
Discovered beneficial synapse from input-425 to 88967a91-2625-41c8-bbfc-78ea4242f527 with weight 1.0000, helping 19.3% more records than it harms (2007/3367)
Discovery cbca4fc2 analyze time 11s 175ms found 1 candidates
Fine tuning increased fitness by 3.466337661350849e-9 to 0.9985631353185007 adjusted 134 weights, 4 biases 
Discovered harmful synapse from input-48 to 88967a91-2625-41c8-bbfc-78ea4242f527, harming 19.5% more records than it helps (1354/3367)
Discovery cbca4fc2 analyze harmful time 676ms found 1 candidates
Discovery cbca4fc2 analyze squashes time 359ms found 2 candidates, Summary: output-0 LeakyReLU -> ISRU improved: 20.3% error: 0.1737 -> 0.1384,88967a91-2625-41c8-bbfc-78ea4242f527 ELU -> Mish improved: 32.7% error: 0.2141 -> 0.1441
Training 860a82fe with 1 binary file, target error: 0.000001, iterations: 1, sample rate: 100%, sparse: 100%
Discovery 860a82fe with 1 binary files, sample rate: 100%, batch size: 512
Fine tuning increased fitness by 4.923572438642054e-9 to 0.9985631402420732 adjusted 134 weights, 4 biases 
Discovery 860a82fe initialize time 112ms
Discovery 860a82fe processing .trainData-fx_c_88/USDCLP/data.bin
Over populated 56, expected 50.
Discovery 860a82fe read time 3ms for .trainData-fx_c_88/USDCLP/data.bin with 3367 records
Discovery 860a82fe scanning time 899ms
Discovery 860a82fe recorded time 1s 684ms
Over populated 52, expected 50.
Fine tuning increased fitness by 5.95725702101646e-9 to 0.9985631667665813 adjusted 127 weights, 3 biases 
Fine tuning increased fitness by 2.5442480344750606e-9 to 0.9985631693108293 adjusted 127 weights, 3 biases 
Fine tuning increased fitness by 2.3051341946356274e-9 to 0.9985631716159635 adjusted 127 weights, 3 biases 
Fine tuning increased fitness by 3.600594489228115e-9 to 0.998563175216558 adjusted 127 weights, 3 biases 
Generation 90 score 0.998563175216558  error 0.0014217239857925818 avg time 1s 244ms
Fine tuning increased fitness by 5.99682581370331e-9 to 0.9985631812133838 adjusted 127 weights, 3 biases 
Fine tuning increased fitness by 8.520970817826878e-9 to 0.9985631897343547 adjusted 127 weights, 3 biases 
Fine tuning increased fitness by 7.311806715648572e-11 to 0.9985631946759814 adjusted 123 weights, 3 biases 
Discovered beneficial synapse from input-425 to 88967a91-2625-41c8-bbfc-78ea4242f527 with weight 1.0000, helping 19.3% more records than it harms (2007/3367)
Discovery 860a82fe analyze time 15s 536ms found 1 candidates
Discovered harmful synapse from input-48 to 88967a91-2625-41c8-bbfc-78ea4242f527, harming 19.5% more records than it helps (1354/3367)
Discovery 860a82fe analyze harmful time 743ms found 1 candidates
Discovery 860a82fe analyze squashes time 596ms found 2 candidates, Summary: output-0 LeakyReLU -> ISRU improved: 20.3% error: 0.1737 -> 0.1385,88967a91-2625-41c8-bbfc-78ea4242f527 ELU -> Mish improved: 32.5% error: 0.2125 -> 0.1433
Fine tuning increased fitness by 6.403499952511993e-11 to 0.9985631947400164 adjusted 123 weights, 3 biases 
Over populated 52, expected 50.
Fine tuning increased fitness by 6.73011024687753e-9 to 0.9985632106727171 adjusted 184 weights, 5 biases 
Fine tuning increased fitness by 3.903756318202056e-9 to 0.9985632145764735 adjusted 184 weights, 5 biases 
Generation 100 score 0.9985632145764735  error 0.0014216846258886151 avg time 1s 866ms
Generation 102 score 0.9985632261001225  error 0.0014216731022396603 avg time 395ms
{
  error: 0.0014216731022396603,
  score: 0.9985632261001225,
  generation: 102,
  time: 181542
}

=== Processing USDZAR (10/10) ===
loaded ../GRQ-portfolio/best/fx/v1/USDZAR.json
1 mutation, mutation rate 29.5%, elitism 4, mutation FFW, selection FITNESS_PROPORTIONATE
Creature count: 50
Culling duplicate creature at 1 of 51
DeDuplication of 1 creatures to 50 in  (previous experiment )
Training 005d08d8 with 1 binary file, target error: 0.000001, iterations: 1, sample rate: 100%, sparse: 100%
Discovery 005d08d8 with 1 binary files, sample rate: 100%, batch size: 512
Discovery 005d08d8 initialize time 738ms
Discovery 005d08d8 processing .trainData-fx_c_88/USDZAR/data.bin
Discovery 005d08d8 read time 14ms for .trainData-fx_c_88/USDZAR/data.bin with 3367 records
Discovery 005d08d8 scanning time 3s 139ms
Training f8e6685d with 1 binary file, target error: 0.000001, iterations: 1, sample rate: 100%, sparse: 100%
Over populated 52, expected 50.
Discovery 005d08d8 recorded time 7s 290ms
Training b20be70d with 1 binary file, target error: 0.000001, iterations: 1, sample rate: 100%, sparse: 100%
Fine tuning increased fitness by 1.109530182175078e-7 to 0.997939727031803 adjusted 1 weight 
Training deafed33 with 1 binary file, target error: 0.000001, iterations: 1, sample rate: 100%, sparse: 100%
Fine tuning increased fitness by 2.825648408588677e-7 to 0.9979400095966439 adjusted 1 weight 
Fine tuning increased fitness by 4.576930323629824e-7 to 0.9979404672896762 adjusted 1 weight 
Fine tuning increased fitness by 6.588466018309092e-7 to 0.9979411261362781 adjusted 1 weight 
Training c96e00a2 with 1 binary file, target error: 0.000001, iterations: 1, sample rate: 100%, sparse: 100%
Fine tuning increased fitness by 0.000001125180764560696 to 0.9979422513170426 adjusted 1 weight 
Generation 10 score 0.9979422513170426  error 0.0020426677689435293 avg time 1s 870ms
Training f9fc0a72 with 1 binary file, target error: 0.000001, iterations: 1, sample rate: 100%, sparse: 100%
Fine tuning increased fitness by 5.3992268433944446e-9 to 0.9979422567162695 adjusted 2 weights 
Fine tuning increased fitness by 3.5047521884656874e-8 to 0.9979422917637913 adjusted 2 weights 
Training b5ac9afd with 1 binary file, target error: 0.000001, iterations: 1, sample rate: 100%, sparse: 100%
Fine tuning increased fitness by 5.799915947513057e-8 to 0.9979423497629508 adjusted 2 weights 
Fine tuning increased fitness by 7.240760391269419e-8 to 0.9979424221705547 adjusted 2 weights 
Training f4cfcbb6 with 1 binary file, target error: 0.000001, iterations: 1, sample rate: 100%, sparse: 100%
Fine tuning increased fitness by 1.9996088451712524e-8 to 0.9979424421666432 adjusted 2 weights 
Discovered beneficial synapse from input-1054 to output-0 with weight -0.1155, helping 41.6% more records than it harms (2277/3367)
Discovery 005d08d8 analyze time 19s 653ms found 1 candidates
Training 3822a22a with 1 binary file, target error: 0.000001, iterations: 1, sample rate: 100%, sparse: 100%
Fine tuning increased fitness by 2.129140752593628e-9 to 0.9979424442957839 adjusted 2 weights 
Discovered harmful synapse from input-914 to output-0, harming 41.5% more records than it helps (879/3367)
Discovery 005d08d8 analyze harmful time 1s 426ms found 1 candidates
Discovery 005d08d8 analyze squashes time 297ms found 0 candidates
Discovery 8825a286 with 1 binary files, sample rate: 100%, batch size: 512
Fine tuning increased fitness by 1.357527812384518e-8 to 0.9979424578710621 adjusted 1 weight 
Discovery 8825a286 initialize time 109ms
Discovery 8825a286 processing .trainData-fx_c_88/USDZAR/data.bin
Discovery 8825a286 read time 4ms for .trainData-fx_c_88/USDZAR/data.bin with 3367 records
Discovery 8825a286 scanning time 1s 7ms
Generation 20 score 0.9979424578710621  error 0.0020424312150425406 avg time 1s 324ms
Training 2c2c580e with 1 binary file, target error: 0.000001, iterations: 1, sample rate: 100%, sparse: 100%
Fine tuning increased fitness by 9.439458437121573e-9 to 0.9979424673105205 adjusted 1 weight 
Discovery 8825a286 recorded time 1s 704ms
Training 89f14a84 with 1 binary file, target error: 0.000001, iterations: 1, sample rate: 100%, sparse: 100%
Fine tuning increased fitness by 2.544872201859505e-9 to 0.9979424721269834 adjusted 216 weights, 5 biases 
Training 9512501c with 1 binary file, target error: 0.000001, iterations: 1, sample rate: 100%, sparse: 100%
Fine tuning increased fitness by 4.8598819413214756e-9 to 0.9979424769868653 adjusted 216 weights, 5 biases 
Over populated 52, expected 50.
Fine tuning increased fitness by 6.543102282208224e-9 to 0.9979424835299676 adjusted 216 weights, 5 biases 
Training 7dec0dc7 with 1 binary file, target error: 0.000001, iterations: 1, sample rate: 100%, sparse: 100%
Fine tuning increased fitness by 1.0215160828330738e-8 to 0.9979424937451284 adjusted 216 weights, 5 biases 
Over populated 52, expected 50.
Fine tuning increased fitness by 1.051034670407347e-8 to 0.9979425042554751 adjusted 216 weights, 5 biases 
Training 7645748f with 1 binary file, target error: 0.000001, iterations: 1, sample rate: 100%, sparse: 100%
Fine tuning increased fitness by 1.4967709294211318e-9 to 0.9979425057522461 adjusted 216 weights, 5 biases 
Generation 30 score 0.9979425065030885  error 0.002042382583016258 avg time 1s 422ms
Training 748cfcd1 with 1 binary file, target error: 0.000001, iterations: 1, sample rate: 100%, sparse: 100%
Over populated 52, expected 50.
Fine tuning increased fitness by 7.588683015313791e-10 to 0.9979425073844354 adjusted 155 weights, 6 biases 
Discovered beneficial synapse from input-1054 to output-0 with weight -0.0965, helping 41.8% more records than it harms (2285/3367)
Discovery 8825a286 analyze time 16s 127ms found 1 candidates
Training 7feb81fa with 1 binary file, target error: 0.000001, iterations: 1, sample rate: 100%, sparse: 100%
Discovered harmful synapse from input-914 to output-0, harming 41.7% more records than it helps (878/3367)
Discovery 8825a286 analyze harmful time 1s 387ms found 1 candidates
Discovery 8825a286 analyze squashes time 227ms found 0 candidates
Over populated 52, expected 50.
Fine tuning increased fitness by 4.754025173525633e-9 to 0.9979425286524777 adjusted 458 weights, 9 biases 
Discovery 0cc3c91d with 1 binary files, sample rate: 100%, batch size: 512
Discovery 0cc3c91d initialize time 108ms
Discovery 0cc3c91d processing .trainData-fx_c_88/USDZAR/data.bin
Discovery 0cc3c91d read time 3ms for .trainData-fx_c_88/USDZAR/data.bin with 3367 records
Discovery 0cc3c91d scanning time 904ms
Training e0ca7e1d with 1 binary file, target error: 0.000001, iterations: 1, sample rate: 100%, sparse: 100%
Discovery 0cc3c91d recorded time 1s 684ms
Fine tuning increased fitness by 2.6666492680682552e-8 to 0.9979425774546906 adjusted 445 weights, 9 biases 
Training 4917b9a8 with 1 binary file, target error: 0.000001, iterations: 1, sample rate: 100%, sparse: 100%
Over populated 52, expected 50.
Training b8f68e91 with 1 binary file, target error: 0.000001, iterations: 1, sample rate: 100%, sparse: 100%
Fine tuning increased fitness by 2.8053356193602497e-8 to 0.9979426399354768 adjusted 372 weights, 8 biases 
Over populated 52, expected 50.
Generation 40 score 0.9979426975768204  error 0.0020421915092841236 avg time 1s 508ms
Training 24d6d287 with 1 binary file, target error: 0.000001, iterations: 1, sample rate: 100%, sparse: 100%
Fine tuning increased fitness by 1.2053857256777434e-7 to 0.997942818115393 adjusted 441 weights, 9 biases 
Over populated 52, expected 50.
Training 431f8f8f with 1 binary file, target error: 0.000001, iterations: 1, sample rate: 100%, sparse: 100%
Over populated 52, expected 50.
Fine tuning increased fitness by 1.800400517559808e-8 to 0.9979430539130982 adjusted 441 weights, 9 biases 
Training f91adf36 with 1 binary file, target error: 0.000001, iterations: 1, sample rate: 100%, sparse: 100%
Fine tuning increased fitness by 1.1551476475357703e-7 to 0.997943169427863 adjusted 434 weights, 9 biases 
Over populated 52, expected 50.
Training dd43d027 with 1 binary file, target error: 0.000001, iterations: 1, sample rate: 100%, sparse: 100%
Over populated 52, expected 50.
Training f91adf36 increased fitness by 2.2145396627593072e-11 to 0.9979431694500084
Training 89b3c706 with 1 binary file, target error: 0.000001, iterations: 1, sample rate: 100%, sparse: 100%
Over populated 52, expected 50.
Fine tuning increased fitness by 1.7678874586479765e-8 to 0.997943263706858 adjusted 47 weights, 3 biases 
Generation 50 score 0.997943263706858  error 0.002041625379247454 avg time 1s 503ms
Training 3f7368d5 with 1 binary file, target error: 0.000001, iterations: 1, sample rate: 100%, sparse: 100%
Fine tuning increased fitness by 3.5359226879805306e-8 to 0.9979432990660849 adjusted 47 weights, 3 biases 
Discovered beneficial synapse from input-1054 to output-0 with weight -0.0964, helping 42.0% more records than it harms (2288/3367)
Discovery 0cc3c91d analyze time 24s 243ms found 1 candidates
Over populated 52, expected 50.
Fine tuning increased fitness by 2.7519795553487825e-8 to 0.9979433265858805 adjusted 47 weights, 3 biases 
Training c0b11710 with 1 binary file, target error: 0.000001, iterations: 1, sample rate: 100%, sparse: 100%
Discovered harmful synapse from input-914 to output-0, harming 41.9% more records than it helps (875/3367)
Discovery 0cc3c91d analyze harmful time 2s 560ms found 1 candidates
Fine tuning increased fitness by 1.4081762644835294e-8 to 0.9979433406676431 adjusted 47 weights, 3 biases 
Discovery 0cc3c91d analyze squashes time 289ms found 0 candidates
Over populated 52, expected 50.
Fine tuning increased fitness by 4.754340254820022e-10 to 0.9979433411430771 adjusted 47 weights, 3 biases 
Discovery f8337a6b with 1 binary files, sample rate: 100%, batch size: 512
Discovery f8337a6b initialize time 108ms
Discovery f8337a6b processing .trainData-fx_c_88/USDZAR/data.bin
Discovery f8337a6b read time 2ms for .trainData-fx_c_88/USDZAR/data.bin with 3367 records
Discovery f8337a6b scanning time 891ms
Training 16f56a51 with 1 binary file, target error: 0.000001, iterations: 1, sample rate: 100%, sparse: 100%
Discovery f8337a6b recorded time 1s 661ms
Training e04dd1a5 with 1 binary file, target error: 0.000001, iterations: 1, sample rate: 100%, sparse: 100%
Fine tuning increased fitness by 3.0741159506852966e-8 to 0.9979434805502084 adjusted 407 weights, 6 biases 
Training 8a8581ae with 1 binary file, target error: 0.000001, iterations: 1, sample rate: 100%, sparse: 100%
Fine tuning increased fitness by 1.0111658510503219e-8 to 0.9979435693707395 adjusted 448 weights, 7 biases 
Over populated 52, expected 50.
Generation 60 score 0.997943596539263  error 0.0020412925468424404 avg time 1s 528ms
Training 6f6abbe1 with 1 binary file, target error: 0.000001, iterations: 1, sample rate: 100%, sparse: 100%
Over populated 52, expected 50.
Training 1d103ab4 with 1 binary file, target error: 0.000001, iterations: 1, sample rate: 100%, sparse: 100%
Over populated 52, expected 50.
Fine tuning increased fitness by 2.24846663510192e-9 to 0.9979439689411144 adjusted 30 weights, 2 biases 
Training 97849d35 with 1 binary file, target error: 0.000001, iterations: 1, sample rate: 100%, sparse: 100%
Fine tuning increased fitness by 1.4828382743914403e-8 to 0.9979440018481892 adjusted 387 weights, 4 biases 
Training cfea8706 with 1 binary file, target error: 0.000001, iterations: 1, sample rate: 100%, sparse: 100%
Fine tuning increased fitness by 5.430239702342021e-9 to 0.9979440072784289 adjusted 387 weights, 4 biases 
Discovered beneficial synapse from input-1054 to output-0 with weight -0.0956, helping 43.6% more records than it harms (2313/3367)
Discovery f8337a6b analyze time 18s 85ms found 1 candidates
Discovered harmful synapse from input-914 to output-0, harming 43.5% more records than it helps (848/3367)
Discovery f8337a6b analyze harmful time 652ms found 1 candidates
Over populated 52, expected 50.
Discovery f8337a6b analyze squashes time 514ms found 0 candidates
Fine tuning increased fitness by 9.167210102134504e-9 to 0.997944016445639 adjusted 387 weights, 4 biases 
Training bef81f95 with 1 binary file, target error: 0.000001, iterations: 1, sample rate: 100%, sparse: 100%
Fine tuning increased fitness by 2.2013992739822186e-8 to 0.9979440384596318 adjusted 363 weights, 4 biases 
Discovery bef81f95 with 1 binary files, sample rate: 100%, batch size: 512
Discovery bef81f95 initialize time 107ms
Discovery bef81f95 processing .trainData-fx_c_88/USDZAR/data.bin
Discovery bef81f95 read time 7ms for .trainData-fx_c_88/USDZAR/data.bin with 3367 records
Discovery bef81f95 scanning time 870ms
Over populated 53, expected 50.
Fine tuning increased fitness by 2.8598876267160733e-8 to 0.997944067058508 adjusted 363 weights, 4 biases 
Discovery bef81f95 recorded time 1s 726ms
Generation 70 score 0.997944067058508  error 0.0020408120276433246 avg time 1s 480ms
Training 05a6c6d0 with 1 binary file, target error: 0.000001, iterations: 1, sample rate: 100%, sparse: 100%
Fine tuning increased fitness by 4.801218655980932e-8 to 0.9979441150706946 adjusted 363 weights, 4 biases 
Over populated 52, expected 50.
Fine tuning increased fitness by 7.298917115150516e-8 to 0.9979441880598657 adjusted 363 weights, 4 biases 
Training 8a75dd63 with 1 binary file, target error: 0.000001, iterations: 1, sample rate: 100%, sparse: 100%
Fine tuning increased fitness by 4.6221335536777985e-8 to 0.9979442342812013 adjusted 363 weights, 4 biases 
Over populated 52, expected 50.
Fine tuning increased fitness by 3.431688244681652e-8 to 0.9979442685980837 adjusted 363 weights, 4 biases 
Training a7d33cf1 with 1 binary file, target error: 0.000001, iterations: 1, sample rate: 100%, sparse: 100%
Fine tuning increased fitness by 6.655146155276626e-7 to 0.9979453718138792 adjusted 315 weights, 4 biases 
Training 2ceaad1b with 1 binary file, target error: 0.000001, iterations: 1, sample rate: 100%, sparse: 100%
Over populated 52, expected 50.
Training f3b0b883 with 1 binary file, target error: 0.000001, iterations: 1, sample rate: 100%, sparse: 100%
Over populated 52, expected 50.
Fine tuning increased fitness by 7.595614071043144e-8 to 0.9979493549018429 adjusted 596 weights, 7 biases 
Discovered beneficial synapse from input-1054 to output-0 with weight -0.0951, helping 43.9% more records than it harms (2321/3367)
Discovery bef81f95 analyze time 15s 577ms found 1 candidates
Generation 80 score 0.9979493549018429  error 0.0020354841844890162 avg time 1s 501ms
Training 53240483 with 1 binary file, target error: 0.000001, iterations: 1, sample rate: 100%, sparse: 100%
Discovered harmful synapse from input-914 to output-0, harming 43.8% more records than it helps (844/3367)
Discovery bef81f95 analyze harmful time 684ms found 1 candidates
Discovery bef81f95 analyze squashes time 230ms found 0 candidates
Discovery 0ce65cac with 1 binary files, sample rate: 100%, batch size: 512
Discovery 0ce65cac initialize time 106ms
Discovery 0ce65cac processing .trainData-fx_c_88/USDZAR/data.bin
Discovery 0ce65cac read time 4ms for .trainData-fx_c_88/USDZAR/data.bin with 3367 records
Discovery 0ce65cac scanning time 1s 154ms
Training 029cb766 with 1 binary file, target error: 0.000001, iterations: 1, sample rate: 100%, sparse: 100%
Over populated 52, expected 50.
Fine tuning increased fitness by 7.881364993966855e-7 to 0.9979514907289806 adjusted 558 weights, 6 biases 
Discovery 0ce65cac recorded time 4s 393ms
Training 4ff631c3 with 1 binary file, target error: 0.000001, iterations: 1, sample rate: 100%, sparse: 100%
Fine tuning increased fitness by 4.6030679590192136e-7 to 0.9979519510357765 adjusted 503 weights, 6 biases 
Over populated 52, expected 50.
Training 9329eeeb with 1 binary file, target error: 0.000001, iterations: 1, sample rate: 100%, sparse: 100%
Over populated 52, expected 50.
Training 1bcd9b3a with 1 binary file, target error: 0.000001, iterations: 1, sample rate: 100%, sparse: 100%
Over populated 52, expected 50.
Fine tuning increased fitness by 3.685377170103976e-8 to 0.9979525138154439 adjusted 148 weights, 1 bias 
Generation 90 score 0.9979525138154439  error 0.002032305270985796 avg time 2s 557ms
Training 79be4bc1 with 1 binary file, target error: 0.000001, iterations: 1, sample rate: 100%, sparse: 100%
Fine tuning increased fitness by 8.271193008280164e-8 to 0.997952596527374 adjusted 148 weights, 1 bias 
Fine tuning increased fitness by 1.234153044205044e-7 to 0.9979529913787387 adjusted 492 weights, 6 biases 
Over populated 52, expected 50.
Discovered beneficial synapse from input-1054 to output-0 with weight -0.0984, helping 43.1% more records than it harms (2312/3367)
Discovery 0ce65cac analyze time 28s 178ms found 1 candidates
Fine tuning increased fitness by 4.504459794052451e-8 to 0.9979530364233367 adjusted 492 weights, 6 biases 
Discovered harmful synapse from input-914 to output-0, harming 42.8% more records than it helps (866/3367)
Discovery 0ce65cac analyze harmful time 3s 906ms found 1 candidates
Discovery 0ce65cac analyze squashes time 700ms found 0 candidates
Fine tuning increased fitness by 8.932746908829614e-8 to 0.9979533116035288 adjusted 479 weights, 5 biases 
Fine tuning increased fitness by 8.961691388975623e-10 to 0.997953312499698 adjusted 479 weights, 5 biases 
Generation 100 score 0.997953312499698  error 0.0020315065867350115 avg time 2s 560ms
Fine tuning increased fitness by 1.5183528923046197e-7 to 0.9979537513472765 adjusted 478 weights, 6 biases 
Generation 104 score 0.9979537513472765  error 0.0020310677391504398 avg time 980ms
{
  error: 0.0020310677391504398,
  score: 0.9979537513472765,
  generation: 104,
  time: 182488
}
✅ [validate_json 1.0.1] All JSON files are valid in GRQ-FX-models (took 1s)
✅ [validate_json 1.0.1] All JSON files are valid in GRQ-FX-models (took 0s)
[Develop 65acf029] GRQ-21 Improved FX models (GRQ-21)
 10 files changed, 17508 insertions(+), 19658 deletions(-)
✅ [validate_json 1.0.1] All JSON files are valid in GRQ-FX-models (took 1s)
✅ [model_checkin 1.1.5] Remote unchanged - no reset needed
✅ [validate_json 1.0.1] All JSON files are valid in GRQ-FX-models (took 1s)
To github.com:stSoftwareAU/GRQ-FX-models.git
   04a9c36b..65acf029  Develop -> Develop
✅ Successfully committed and pushed model changes
HEAD is now at 586aeef Add FX predictions for 2025-08-25 (GRQ-19)
Reset branch 'Develop'
branch 'Develop' set up to track 'origin/Develop'.
Your branch is up to date with 'origin/Develop'.
✅ GRQ-FX-validation synced with remote (validation skipped)
Checking if predictions exist for 2025-08-25...
✅ Predictions already exist for 2025-08-25 (found in main index)
   Skipping generation to avoid overwriting validation data
HEAD is now at a94f7b5 chore: apply deno fmt and lint fixes
From github.com:stSoftwareAU/GRQ-health
   f8331e8..004dce4  Develop    -> origin/Develop
HEAD is now at 004dce4 Update health status for GRQ-19 at Mon Aug 25 20:55:40 AEST 2025
Reset branch 'Develop'
branch 'Develop' set up to track 'origin/Develop'.
Your branch is up to date with 'origin/Develop'.
✅ GRQ-health synced with remote (validation skipped)
HEAD is now at 004dce4 Update health status for GRQ-19 at Mon Aug 25 20:55:40 AEST 2025
Updating health information...
Already up to date.
Updated health information for GRQ-21
