================ Clean up START ================
Version 1.3.3
Disk usage:
Filesystem        Size  Used Avail Use% Mounted on
devtmpfs          4.0M     0  4.0M   0% /dev
tmpfs             7.7G     0  7.7G   0% /dev/shm
tmpfs             3.1G  448K  3.1G   1% /run
/dev/nvme0n1p1     40G  2.4G   38G   6% /
tmpfs             7.7G  4.0K  7.7G   1% /tmp
/dev/nvme0n1p128   10M  1.4M  8.7M  14% /boot/efi
/dev/nvme1n1      434G  1.6G  410G   1% /data
tmpfs             1.6G     0  1.6G   0% /run/user/1001
Uptime:  06:23:14 up  8:29,  0 users,  load average: 2.57, 4.11, 4.49
USER         PID    PPID COMMAND
GRQ        22877   22831 (sd-pam)
GRQ        22985   22589 /bin/bash /data/GRQ/run.sh --option=fx
GRQ        26600   22985 /bin/bash ./check_spot_termination.sh
GRQ       110993   22985 /bin/bash ./run.sh --run-once
GRQ       111007   26600 sleep 5
GRQ       111012  110993 /bin/bash worker/node.sh
GRQ       111021  111012 ps -U GRQ -o user,pid,ppid,command
Host: ip-10-0-46-55
IP: 10.0.46.55
Number of CPUs: 8
Available Memory: 15Gi
================ Clean up ENDED ================
Use local deno
PATH: /data/GRQ/.deno/bin:/usr/local/sbin:/usr/local/bin:/usr/sbin:/usr/bin:/sbin:/bin:/var/lib/snapd/snap/bin
deno 2.4.3 (stable, release, aarch64-unknown-linux-gnu)
v8 13.7.152.14-rusty
typescript 5.8.3
aws-cli/2.23.11 Python/3.9.21 Linux/6.1.130-139.222.amzn2023.aarch64 source/aarch64.amzn.2023
Option: fx
Starting FX... Wed Aug  6 06:23:14 AM UTC 2025
📥 Pulling GRQ-FX-models with --ours strategy...
📦 No local changes or untracked files - checking remote state
🔄 Resetting to remote state (commit: 9f8bfb7c)
HEAD is now at 9f8bfb7 ip-10-0-46-55 Improved FX models
✅ Successfully reset to remote state - all models updated by another machine
✅ GRQ-FX-models pull succeeded in 8 seconds
Already up to date.
Starting ... Fetching S3 checksum file from: s3://grq-trainingdata/trainData-fx_c_88/checksum.sha256
Checksum matches. Skipping data file download.
🧹 Removing: trainData-fx_c_*
📥 Pulling GRQ-portfolio with --ours strategy...
📦 No local changes or untracked files - checking remote state
🔄 Resetting to remote state (commit: 6efea1f5)
HEAD is now at 6efea1f REJECTED 38.66% -> 29.83% Delta -8.831
✅ Successfully reset to remote state - all models updated by another machine
✅ GRQ-portfolio pull succeeded in 7 seconds
FX pairs to process: 10

=== Processing AUDUSD (1/10) ===
1 mutation, mutation rate 5.0%, elitism 9, mutation ALL, selection FITNESS_PROPORTIONATE
Creature count: 48
Training fa5f7add with 1 binary file, target error: 0.000001, iterations: 1, sample rate: 100%, sparse: 100%
Discovery fa5f7add with 1 binary files, sample rate: 100%, batch size: 512
Discovery fa5f7add initialize time 88ms
Discovery fa5f7add processing .trainData-fx_c_88/AUDUSD/data.bin
Training 6862133e with 1 binary file, target error: 0.000001, iterations: 1, sample rate: 100%, sparse: 100%
Discovery fa5f7add read time 5ms for .trainData-fx_c_88/AUDUSD/data.bin with 3359 records
Discovery fa5f7add scanning time 1s 450ms
Discovery fa5f7add recorded time 2s 322ms
Fine tuning increased fitness by 3.528040426470369e-8 to 0.9966823630840005 adjusted 597 weights, 12 biases 
Training 3e7994b0 with 1 binary file, target error: 0.000001, iterations: 1, sample rate: 100%, sparse: 100%
Fine tuning increased fitness by 1.0455510790485789e-8 to 0.9966823735395113 adjusted 597 weights, 12 biases 
Remove neuron bc0fad55-c02b-4a51-af74-f4c93c32113d as no longer connected
Over populated 52, expected 50.
Training 674fcc3f with 1 binary file, target error: 0.000001, iterations: 1, sample rate: 100%, sparse: 100%
Over populated 52, expected 50.
Fine tuning increased fitness by 3.2139486072502166e-8 to 0.9966825538591962 adjusted 746 weights, 12 biases 
Training be91343b with 1 binary file, target error: 0.000001, iterations: 1, sample rate: 100%, sparse: 100%
Fine tuning increased fitness by 6.953819486898993e-8 to 0.9966826233973911 adjusted 746 weights, 12 biases 
Over populated 52, expected 50.
Training bf6da3df with 1 binary file, target error: 0.000001, iterations: 1, sample rate: 100%, sparse: 100%
Fine tuning increased fitness by 7.164982340768233e-8 to 0.9966826950472145 adjusted 746 weights, 12 biases 
Over populated 52, expected 50.
Training a40b250f with 1 binary file, target error: 0.000001, iterations: 1, sample rate: 100%, sparse: 100%
Fine tuning increased fitness by 1.0042653053599082e-7 to 0.996682795473745 adjusted 746 weights, 12 biases 
Over populated 52, expected 50.
Generation 10 score 0.9966830636262023  error 0.003308095524546755 avg time 1s 315ms
Training 029a84b1 with 1 binary file, target error: 0.000001, iterations: 1, sample rate: 100%, sparse: 100%
Fine tuning increased fitness by 2.1596279753399727e-7 to 0.9966832795889998 adjusted 728 weights, 11 biases 
Over populated 52, expected 50.
Training 0ef1b27d with 1 binary file, target error: 0.000001, iterations: 1, sample rate: 100%, sparse: 100%
Discovered beneficial synapse from input-924 to output-0 with weight -1.0000, helping 45.6% more records than it harms (1633/3359)
Discovery fa5f7add analyze time 11s 854ms found 1 candidates
Discovered harmful synapse from input-928 to output-0, harming 45.6% more records than it helps (101/3359)
Discovery fa5f7add analyze harmful time 556ms found 1 candidates
Over populated 52, expected 50.
Training c22dd594 with 1 binary file, target error: 0.000001, iterations: 1, sample rate: 100%, sparse: 100%
Fine tuning increased fitness by 2.8245647365476856e-7 to 0.9966838814718343 adjusted 737 weights, 11 biases 
Discovery fa5f7add analyze squashes time 709ms found 1 candidate, Summary: output-2 LeakyReLU -> LogSigmoid improved: 15.6% error: 26.0454 -> 21.9765
Over populated 52, expected 50.
Fine tuning increased fitness by 2.4081147587118323e-7 to 0.9966841222833102 adjusted 737 weights, 11 biases 
Discovery 77e83fca with 1 binary files, sample rate: 100%, batch size: 512
Discovery 77e83fca initialize time 87ms
Discovery 77e83fca processing .trainData-fx_c_88/AUDUSD/data.bin
Over populated 53, expected 50.
Discovery 77e83fca read time 5ms for .trainData-fx_c_88/AUDUSD/data.bin with 3359 records
Discovery 77e83fca scanning time 1s 112ms
Training 3e108b3a with 1 binary file, target error: 0.000001, iterations: 1, sample rate: 100%, sparse: 100%
Fine tuning increased fitness by 1.498975406022396e-7 to 0.9966842721808508 adjusted 737 weights, 11 biases 
Discovery 77e83fca recorded time 1s 861ms
Over populated 52, expected 50.
Training 2c479ed7 with 1 binary file, target error: 0.000001, iterations: 1, sample rate: 100%, sparse: 100%
Fine tuning increased fitness by 1.8479027585893704e-7 to 0.9966844569711266 adjusted 737 weights, 11 biases 
Over populated 52, expected 50.
Training d1a705a9 with 1 binary file, target error: 0.000001, iterations: 1, sample rate: 100%, sparse: 100%
Fine tuning increased fitness by 1.385818236832037e-7 to 0.9966845955529503 adjusted 737 weights, 11 biases 
Over populated 52, expected 50.
Training 00ae8413 with 1 binary file, target error: 0.000001, iterations: 1, sample rate: 100%, sparse: 100%
Fine tuning increased fitness by 1.8548564828524405e-7 to 0.9966847810385986 adjusted 737 weights, 11 biases 
Over populated 52, expected 50.
Training ce11dc64 with 1 binary file, target error: 0.000001, iterations: 1, sample rate: 100%, sparse: 100%
Over populated 52, expected 50.
Generation 20 score 0.9966852976415221  error 0.0033058615092235676 avg time 1s 330ms
Fine tuning increased fitness by 3.681276183886695e-7 to 0.9966856657691405 adjusted 723 weights, 11 biases 
Training b2e726db with 1 binary file, target error: 0.000001, iterations: 1, sample rate: 100%, sparse: 100%
Fine tuning increased fitness by 1.9902650905123664e-7 to 0.9966858647956496 adjusted 723 weights, 11 biases 
Over populated 52, expected 50.
Training a43bfcff with 1 binary file, target error: 0.000001, iterations: 1, sample rate: 100%, sparse: 100%
Fine tuning increased fitness by 1.8168406645813207e-7 to 0.996686046479716 adjusted 723 weights, 11 biases 
Training 83178561 with 1 binary file, target error: 0.000001, iterations: 1, sample rate: 100%, sparse: 100%
Fine tuning increased fitness by 3.0420834196132063e-7 to 0.996686350688058 adjusted 723 weights, 11 biases 
Over populated 52, expected 50.
Training cc3d7f31 with 1 binary file, target error: 0.000001, iterations: 1, sample rate: 100%, sparse: 100%
Fine tuning increased fitness by 3.092797630221966e-7 to 0.996686659967821 adjusted 723 weights, 11 biases 
Over populated 52, expected 50.
Training 96e1044d with 1 binary file, target error: 0.000001, iterations: 1, sample rate: 100%, sparse: 100%
Fine tuning increased fitness by 4.001713056478451e-7 to 0.9966877869818705 adjusted 693 weights, 9 biases 
Over populated 52, expected 50.
Training 01125351 with 1 binary file, target error: 0.000001, iterations: 1, sample rate: 100%, sparse: 100%
Over populated 52, expected 50.
Training c2f41814 with 1 binary file, target error: 0.000001, iterations: 1, sample rate: 100%, sparse: 100%
Fine tuning increased fitness by 0.0000018152981023922266 to 0.9966937314340961 adjusted 686 weights, 9 biases 
Over populated 52, expected 50.
Training 26e7a57e with 1 binary file, target error: 0.000001, iterations: 1, sample rate: 100%, sparse: 100%
Over populated 52, expected 50.
Generation 30 score 0.9966940520501807  error 0.003297107100580606 avg time 1s 317ms
Fine tuning increased fitness by 1.9560364150628118e-7 to 0.9966942476538222 adjusted 681 weights, 9 biases 
Training 93549656 with 1 binary file, target error: 0.000001, iterations: 1, sample rate: 100%, sparse: 100%
Fine tuning increased fitness by 2.4090202066506805e-7 to 0.9966944885558429 adjusted 681 weights, 9 biases 
Training d54260b0 with 1 binary file, target error: 0.000001, iterations: 1, sample rate: 100%, sparse: 100%
Fine tuning increased fitness by 2.3650103309069692e-7 to 0.996694725056876 adjusted 681 weights, 9 biases 
Discovered beneficial synapse from input-862 to output-0 with weight -1.0000, helping 45.5% more records than it harms (1631/3359)
Discovery 77e83fca analyze time 23s 509ms found 1 candidates
Over populated 52, expected 50.
Discovered harmful synapse from input-928 to output-0, harming 45.3% more records than it helps (106/3359)
Discovery 77e83fca analyze harmful time 903ms found 1 candidates
Fine tuning increased fitness by 5.50494577367111e-7 to 0.9966952755514533 adjusted 658 weights, 8 biases 
Discovery 77e83fca analyze squashes time 276ms found 1 candidate, Summary: output-2 LeakyReLU -> LogSigmoid improved: 15.6% error: 26.0474 -> 21.9778
Training 66086e48 with 1 binary file, target error: 0.000001, iterations: 1, sample rate: 100%, sparse: 100%
Fine tuning increased fitness by 2.97123585069059e-7 to 0.9966955726750384 adjusted 658 weights, 8 biases 
Discovery 66086e48 with 1 binary files, sample rate: 100%, batch size: 512
Discovery 66086e48 initialize time 83ms
Discovery 66086e48 processing .trainData-fx_c_88/AUDUSD/data.bin
Over populated 56, expected 50.
Discovery 66086e48 read time 9ms for .trainData-fx_c_88/AUDUSD/data.bin with 3359 records
Discovery 66086e48 scanning time 1s 205ms
Training 87ddf720 with 1 binary file, target error: 0.000001, iterations: 1, sample rate: 100%, sparse: 100%
Discovery 66086e48 recorded time 1s 982ms
Over populated 52, expected 50.
Training 2b81b895 with 1 binary file, target error: 0.000001, iterations: 1, sample rate: 100%, sparse: 100%
Fine tuning increased fitness by 7.278615233863306e-7 to 0.9966967256360784 adjusted 630 weights, 8 biases 
Over populated 52, expected 50.
Training 340eaac0 with 1 binary file, target error: 0.000001, iterations: 1, sample rate: 100%, sparse: 100%
Fine tuning increased fitness by 0.0000010130964542831578 to 0.9966977387325326 adjusted 630 weights, 8 biases 
Over populated 52, expected 50.
Training 25da767f with 1 binary file, target error: 0.000001, iterations: 1, sample rate: 100%, sparse: 100%
Fine tuning increased fitness by 9.932649683852546e-7 to 0.996698731997501 adjusted 630 weights, 8 biases 
Over populated 52, expected 50.
Fine tuning increased fitness by 1.4821130889242085e-7 to 0.9966988802088099 adjusted 630 weights, 8 biases 
Generation 40 score 0.9966988802088099  error 0.0032922789419078096 avg time 1s 317ms
Training d6b78e4b with 1 binary file, target error: 0.000001, iterations: 1, sample rate: 100%, sparse: 100%
Over populated 52, expected 50.
Training 8561d0d8 with 1 binary file, target error: 0.000001, iterations: 1, sample rate: 100%, sparse: 100%
Fine tuning increased fitness by 1.9604273437945352e-7 to 0.9966991954018284 adjusted 623 weights, 8 biases 
Over populated 52, expected 50.
Training 15279ccb with 1 binary file, target error: 0.000001, iterations: 1, sample rate: 100%, sparse: 100%
Over populated 52, expected 50.
Training 7a59ec3f with 1 binary file, target error: 0.000001, iterations: 1, sample rate: 100%, sparse: 100%
Fine tuning increased fitness by 3.1734118954851454e-7 to 0.9966995127430179 adjusted 646 weights, 13 biases 
Over populated 52, expected 50.
Training d0031e75 with 1 binary file, target error: 0.000001, iterations: 1, sample rate: 100%, sparse: 100%
Fine tuning increased fitness by 2.648944783523177e-7 to 0.9966997776374963 adjusted 646 weights, 13 biases 
Over populated 52, expected 50.
Training 2f669a54 with 1 binary file, target error: 0.000001, iterations: 1, sample rate: 100%, sparse: 100%
Fine tuning increased fitness by 2.3687220340740112e-7 to 0.9967000145096997 adjusted 646 weights, 13 biases 
Over populated 52, expected 50.
Training 4b6d5f4c with 1 binary file, target error: 0.000001, iterations: 1, sample rate: 100%, sparse: 100%
Fine tuning increased fitness by 9.759270980236323e-8 to 0.9967002981815376 adjusted 617 weights, 13 biases 
Discovered beneficial synapse from input-862 to output-0 with weight -1.0000, helping 45.4% more records than it harms (1630/3359)
Discovery 66086e48 analyze time 16s 476ms found 1 candidates
Discovered harmful synapse from input-928 to output-0, harming 45.3% more records than it helps (107/3359)
Discovery 66086e48 analyze harmful time 541ms found 1 candidates
Over populated 52, expected 50.
Discovery 66086e48 analyze squashes time 453ms found 1 candidate, Summary: output-2 LeakyReLU -> LogSigmoid improved: 14.8% error: 25.8152 -> 21.9993
Training de329063 with 1 binary file, target error: 0.000001, iterations: 1, sample rate: 100%, sparse: 100%
Fine tuning increased fitness by 7.944384805558258e-8 to 0.9967003776253857 adjusted 617 weights, 13 biases 
Discovery de329063 with 1 binary files, sample rate: 100%, batch size: 512
Discovery de329063 initialize time 87ms
Discovery de329063 processing .trainData-fx_c_88/AUDUSD/data.bin
Over populated 56, expected 50.
Generation 50 score 0.9967003776253857  error 0.0032907815252669983 avg time 1s 317ms
Discovery de329063 read time 8ms for .trainData-fx_c_88/AUDUSD/data.bin with 3359 records
Discovery de329063 scanning time 1s 84ms
Training 1cb4a793 with 1 binary file, target error: 0.000001, iterations: 1, sample rate: 100%, sparse: 100%
Discovery de329063 recorded time 1s 860ms
Over populated 52, expected 50.
Training 08426419 with 1 binary file, target error: 0.000001, iterations: 1, sample rate: 100%, sparse: 100%
Fine tuning increased fitness by 1.206996592673093e-7 to 0.9967005635243688 adjusted 617 weights, 13 biases 
Over populated 52, expected 50.
Training 6a44d2ef with 1 binary file, target error: 0.000001, iterations: 1, sample rate: 100%, sparse: 100%
Fine tuning increased fitness by 1.5018318400006336e-7 to 0.9967007137075528 adjusted 617 weights, 13 biases 
Training 1d70adce with 1 binary file, target error: 0.000001, iterations: 1, sample rate: 100%, sparse: 100%
Fine tuning increased fitness by 1.7352729941855216e-7 to 0.9967008872348522 adjusted 617 weights, 13 biases 
Over populated 52, expected 50.
Training 448863bf with 1 binary file, target error: 0.000001, iterations: 1, sample rate: 100%, sparse: 100%
Fine tuning increased fitness by 1.514895975329722e-7 to 0.9967010387244497 adjusted 617 weights, 13 biases 
Over populated 52, expected 50.
Fine tuning increased fitness by 2.1834126440190005e-7 to 0.9967012570657141 adjusted 617 weights, 13 biases 
Training 55d62de2 with 1 binary file, target error: 0.000001, iterations: 1, sample rate: 100%, sparse: 100%
Fine tuning increased fitness by 3.4271203441793574e-7 to 0.9967015997777485 adjusted 617 weights, 13 biases 
Over populated 52, expected 50.
Training 2f2937ed with 1 binary file, target error: 0.000001, iterations: 1, sample rate: 100%, sparse: 100%
Fine tuning increased fitness by 4.342917605537622e-7 to 0.9967020340695091 adjusted 617 weights, 13 biases 
Over populated 52, expected 50.
Training 68fa0f39 with 1 binary file, target error: 0.000001, iterations: 1, sample rate: 100%, sparse: 100%
Over populated 52, expected 50.
Training 57fb4488 with 1 binary file, target error: 0.000001, iterations: 1, sample rate: 100%, sparse: 100%
Over populated 52, expected 50.
Generation 60 score 0.9967025140021908  error 0.003288645148244881 avg time 1s 325ms
Training 83465bf7 with 1 binary file, target error: 0.000001, iterations: 1, sample rate: 100%, sparse: 100%
Over populated 52, expected 50.
Training 1f7cf6f7 with 1 binary file, target error: 0.000001, iterations: 1, sample rate: 100%, sparse: 100%
Over populated 52, expected 50.
Fine tuning increased fitness by 0.0000010420014956435963 to 0.9967064451257477 adjusted 581 weights, 12 biases 
Training 177b4c1d with 1 binary file, target error: 0.000001, iterations: 1, sample rate: 100%, sparse: 100%
Fine tuning increased fitness by 0.0000012054890671242546 to 0.9967076506148148 adjusted 581 weights, 12 biases 
Over populated 52, expected 50.
Training 05ccd77a with 1 binary file, target error: 0.000001, iterations: 1, sample rate: 100%, sparse: 100%
Fine tuning increased fitness by 6.041457675243223e-7 to 0.9967082547605823 adjusted 581 weights, 12 biases 
Fine tuning increased fitness by 0.0000014887833499344083 to 0.9967097435439323 adjusted 581 weights, 12 biases 
Training 59ef29c1 with 1 binary file, target error: 0.000001, iterations: 1, sample rate: 100%, sparse: 100%
Fine tuning increased fitness by 3.980949702109271e-7 to 0.9967101416389025 adjusted 581 weights, 12 biases 
Over populated 52, expected 50.
Training c98a8c5d with 1 binary file, target error: 0.000001, iterations: 1, sample rate: 100%, sparse: 100%
Fine tuning increased fitness by 3.119115390415317e-7 to 0.9967104535504415 adjusted 581 weights, 12 biases 
Discovered beneficial synapse from input-862 to output-0 with weight -1.0000, helping 45.3% more records than it harms (1628/3359)
Discovery de329063 analyze time 21s 888ms found 1 candidates
Discovered harmful synapse from input-928 to output-0, harming 45.1% more records than it helps (109/3359)
Discovery de329063 analyze harmful time 529ms found 1 candidates
Over populated 52, expected 50.
Training d77ba471 with 1 binary file, target error: 0.000001, iterations: 1, sample rate: 100%, sparse: 100%
Discovery de329063 analyze squashes time 695ms found 1 candidate, Summary: output-2 LeakyReLU -> LogSigmoid improved: 14.8% error: 25.8152 -> 21.9986
Fine tuning increased fitness by 1.643203900725254e-7 to 0.9967106178708316 adjusted 581 weights, 12 biases 
Over populated 52, expected 50.
Training a66cd064 with 1 binary file, target error: 0.000001, iterations: 1, sample rate: 100%, sparse: 100%
Discovery a66cd064 with 1 binary files, sample rate: 100%, batch size: 512
Discovery a66cd064 initialize time 82ms
Discovery a66cd064 processing .trainData-fx_c_88/AUDUSD/data.bin
Over populated 56, expected 50.
Generation 70 score 0.9967107114896943  error 0.003280447660709803 avg time 1s 324ms
Discovery a66cd064 read time 7ms for .trainData-fx_c_88/AUDUSD/data.bin with 3359 records
Discovery a66cd064 scanning time 1s 47ms
Training 284136df with 1 binary file, target error: 0.000001, iterations: 1, sample rate: 100%, sparse: 100%
Fine tuning increased fitness by 9.51758776235323e-8 to 0.9967108066655719 adjusted 538 weights, 12 biases 
Discovery a66cd064 recorded time 1s 817ms
Training b8ca7d9f with 1 binary file, target error: 0.000001, iterations: 1, sample rate: 100%, sparse: 100%
Fine tuning increased fitness by 9.834542713527128e-8 to 0.996710905010999 adjusted 538 weights, 12 biases 
Over populated 52, expected 50.
Training 62907c89 with 1 binary file, target error: 0.000001, iterations: 1, sample rate: 100%, sparse: 100%
Over populated 52, expected 50.
Training 069128b8 with 1 binary file, target error: 0.000001, iterations: 1, sample rate: 100%, sparse: 100%
Over populated 52, expected 50.
Training c53a2375 with 1 binary file, target error: 0.000001, iterations: 1, sample rate: 100%, sparse: 100%
Fine tuning increased fitness by 4.470588443883372e-8 to 0.9967111218426874 adjusted 558 weights, 12 biases 
Over populated 52, expected 50.
Training db4636fd with 1 binary file, target error: 0.000001, iterations: 1, sample rate: 100%, sparse: 100%
Over populated 52, expected 50.
Training fe9b4b6e with 1 binary file, target error: 0.000001, iterations: 1, sample rate: 100%, sparse: 100%
Fine tuning increased fitness by 2.8908941906991004e-8 to 0.9967112054244869 adjusted 557 weights, 12 biases 
Over populated 52, expected 50.
Training b1ac7ed4 with 1 binary file, target error: 0.000001, iterations: 1, sample rate: 100%, sparse: 100%
Fine tuning increased fitness by 3.0147855545337165e-8 to 0.9967112355723424 adjusted 557 weights, 12 biases 
Over populated 52, expected 50.
Training 6d2d8fc3 with 1 binary file, target error: 0.000001, iterations: 1, sample rate: 100%, sparse: 100%
Fine tuning increased fitness by 4.0036472248594634e-8 to 0.9967112756088147 adjusted 557 weights, 12 biases 
Generation 80 score 0.9967112756088147  error 0.0032798835416049327 avg time 1s 336ms
Fine tuning increased fitness by 8.415347363399661e-8 to 0.9967113597622883 adjusted 557 weights, 12 biases 
Training 5004549e with 1 binary file, target error: 0.000001, iterations: 1, sample rate: 100%, sparse: 100%
Fine tuning increased fitness by 1.1803448218827839e-7 to 0.9967114777967705 adjusted 557 weights, 12 biases 
Over populated 52, expected 50.
Training 86c9bbe5 with 1 binary file, target error: 0.000001, iterations: 1, sample rate: 100%, sparse: 100%
Fine tuning increased fitness by 1.6648498657456656e-7 to 0.9967116442817571 adjusted 557 weights, 12 biases 
Over populated 52, expected 50.
Training 3446c221 with 1 binary file, target error: 0.000001, iterations: 1, sample rate: 100%, sparse: 100%
Fine tuning increased fitness by 2.0445586135231508e-7 to 0.9967118487376184 adjusted 557 weights, 12 biases 
Over populated 52, expected 50.
Training 9890e2aa with 1 binary file, target error: 0.000001, iterations: 1, sample rate: 100%, sparse: 100%
Fine tuning increased fitness by 2.3719972830349434e-7 to 0.9967120859373467 adjusted 557 weights, 12 biases 
Discovered beneficial synapse from input-862 to output-0 with weight -1.0000, helping 45.3% more records than it harms (1627/3359)
Discovery a66cd064 analyze time 18s 596ms found 1 candidates
Over populated 52, expected 50.
Fine tuning increased fitness by 1.5034540012948128e-7 to 0.9967122362827469 adjusted 557 weights, 12 biases 
Discovered harmful synapse from input-928 to output-0, harming 45.1% more records than it helps (110/3359)
Discovery a66cd064 analyze harmful time 1s 283ms found 1 candidates
Training eb3b31ab with 1 binary file, target error: 0.000001, iterations: 1, sample rate: 100%, sparse: 100%
Discovery a66cd064 analyze squashes time 670ms found 1 candidate, Summary: output-2 LeakyReLU -> LogSigmoid improved: 14.8% error: 25.8178 -> 21.9998
Fine tuning increased fitness by 3.9762733883286216e-8 to 0.9967122760454807 adjusted 557 weights, 12 biases 
Over populated 52, expected 50.
Training ba41d9ed with 1 binary file, target error: 0.000001, iterations: 1, sample rate: 100%, sparse: 100%
Discovery ba41d9ed with 1 binary files, sample rate: 100%, batch size: 512
Discovery ba41d9ed initialize time 87ms
Discovery ba41d9ed processing .trainData-fx_c_88/AUDUSD/data.bin
Over populated 56, expected 50.
Discovery ba41d9ed read time 8ms for .trainData-fx_c_88/AUDUSD/data.bin with 3359 records
Discovery ba41d9ed scanning time 1s 17ms
Training c859ad24 with 1 binary file, target error: 0.000001, iterations: 1, sample rate: 100%, sparse: 100%
Fine tuning increased fitness by 1.7015317488322523e-8 to 0.9967123245269794 adjusted 557 weights, 12 biases 
Discovery ba41d9ed recorded time 1s 776ms
Training 4418c89f with 1 binary file, target error: 0.000001, iterations: 1, sample rate: 100%, sparse: 100%
Fine tuning increased fitness by 6.95246815674011e-9 to 0.9967123314794476 adjusted 557 weights, 12 biases 
Over populated 52, expected 50.
Generation 90 score 0.9967123314794476  error 0.003278827670966172 avg time 1s 315ms
Training db9be498 with 1 binary file, target error: 0.000001, iterations: 1, sample rate: 100%, sparse: 100%
Fine tuning increased fitness by 1.2127830073538348e-8 to 0.9967123436072777 adjusted 557 weights, 12 biases 
Over populated 52, expected 50.
Training 97fac107 with 1 binary file, target error: 0.000001, iterations: 1, sample rate: 100%, sparse: 100%
Fine tuning increased fitness by 1.095527213390568e-8 to 0.9967123545625498 adjusted 557 weights, 12 biases 
Over populated 52, expected 50.
Training 7b8b5670 with 1 binary file, target error: 0.000001, iterations: 1, sample rate: 100%, sparse: 100%
Fine tuning increased fitness by 1.287948536710104e-8 to 0.9967123674420352 adjusted 557 weights, 12 biases 
Over populated 52, expected 50.
Training 6b12ed0d with 1 binary file, target error: 0.000001, iterations: 1, sample rate: 100%, sparse: 100%
Fine tuning increased fitness by 5.513709933069322e-9 to 0.9967123729557451 adjusted 557 weights, 12 biases 
Over populated 52, expected 50.
Training a991f951 with 1 binary file, target error: 0.000001, iterations: 1, sample rate: 100%, sparse: 100%
Over populated 52, expected 50.
Training 9bfb5051 with 1 binary file, target error: 0.000001, iterations: 1, sample rate: 100%, sparse: 100%
Fine tuning increased fitness by 7.796558842976253e-9 to 0.9967123827686462 adjusted 513 weights, 10 biases 
Training 8177ecba with 1 binary file, target error: 0.000001, iterations: 1, sample rate: 100%, sparse: 100%
Fine tuning increased fitness by 5.494916965886887e-9 to 0.9967123882635631 adjusted 513 weights, 10 biases 
Over populated 52, expected 50.
Discovered beneficial synapse from input-862 to output-0 with weight -1.0000, helping 45.3% more records than it harms (1627/3359)
Discovery ba41d9ed analyze time 10s 945ms found 1 candidates
Training a1639b78 with 1 binary file, target error: 0.000001, iterations: 1, sample rate: 100%, sparse: 100%
Fine tuning increased fitness by 1.503643365374785e-8 to 0.9967124032999968 adjusted 513 weights, 10 biases 
Discovered harmful synapse from input-928 to output-0, harming 45.1% more records than it helps (110/3359)
Discovery ba41d9ed analyze harmful time 623ms found 1 candidates
Over populated 52, expected 50.
Discovery ba41d9ed analyze squashes time 659ms found 1 candidate, Summary: output-2 LeakyReLU -> LogSigmoid improved: 14.8% error: 25.8100 -> 21.9937
Training 37f68acf with 1 binary file, target error: 0.000001, iterations: 1, sample rate: 100%, sparse: 100%
Fine tuning increased fitness by 1.5597194091832023e-8 to 0.9967124188971909 adjusted 513 weights, 10 biases 
Discovery 37f68acf with 1 binary files, sample rate: 100%, batch size: 512
Discovery 37f68acf initialize time 81ms
Discovery 37f68acf processing .trainData-fx_c_88/AUDUSD/data.bin
Over populated 56, expected 50.
Discovery 37f68acf read time 7ms for .trainData-fx_c_88/AUDUSD/data.bin with 3359 records
Discovery 37f68acf scanning time 1s 18ms
Training 83db34ad with 1 binary file, target error: 0.000001, iterations: 1, sample rate: 100%, sparse: 100%
Fine tuning increased fitness by 2.3109603897175646e-8 to 0.9967124420067948 adjusted 513 weights, 10 biases 
Discovery 37f68acf recorded time 1s 795ms
Over populated 52, expected 50.
Generation 100 score 0.9967124420067948  error 0.003278717143617474 avg time 1s 336ms
Fine tuning increased fitness by 1.446377051461667e-8 to 0.9967124564705653 adjusted 513 weights, 10 biases 
Training fb9ff6b4 with 1 binary file, target error: 0.000001, iterations: 1, sample rate: 100%, sparse: 100%
Fine tuning increased fitness by 6.575878730430418e-10 to 0.9967124571281532 adjusted 513 weights, 10 biases 
Over populated 52, expected 50.
Training 6a673b88 with 1 binary file, target error: 0.000001, iterations: 1, sample rate: 100%, sparse: 100%
Fine tuning increased fitness by 1.2782317093673612e-8 to 0.9967124699104702 adjusted 513 weights, 10 biases 
Over populated 52, expected 50.
Fine tuning increased fitness by 3.4361368861368646e-8 to 0.9967125042718391 adjusted 1 weight 
Training 083de8db with 1 binary file, target error: 0.000001, iterations: 1, sample rate: 100%, sparse: 100%
Fine tuning increased fitness by 2.7623364595719124e-8 to 0.9967125318952037 adjusted 1 weight 
Training be9b853a with 1 binary file, target error: 0.000001, iterations: 1, sample rate: 100%, sparse: 100%
Fine tuning increased fitness by 7.039949201370632e-8 to 0.9967126059135794 adjusted 417 weights, 5 biases 
Training fb973cb9 with 1 binary file, target error: 0.000001, iterations: 1, sample rate: 100%, sparse: 100%
Over populated 52, expected 50.
Fine tuning increased fitness by 5.3445937564511325e-8 to 0.9967127294562625 adjusted 188 weights, 4 biases 
Generation 110 score 0.9967127294562625  error 0.0032784196942846674 avg time 1s 173ms
Training 9c914243 with 1 binary file, target error: 0.000001, iterations: 1, sample rate: 100%, sparse: 100%
Fine tuning increased fitness by 1.3004492926960154e-8 to 0.9967127424607555 adjusted 188 weights, 4 biases 
Over populated 52, expected 50.
Training 752d4b2f with 1 binary file, target error: 0.000001, iterations: 1, sample rate: 100%, sparse: 100%
Training 2eed6082 with 1 binary file, target error: 0.000001, iterations: 1, sample rate: 100%, sparse: 100%
Fine tuning increased fitness by 1.3677043830817581e-8 to 0.9967127681304448 adjusted 390 weights, 5 biases 
Over populated 52, expected 50.
Fine tuning increased fitness by 3.5307876511403435e-8 to 0.9967128034383214 adjusted 390 weights, 5 biases 
Fine tuning increased fitness by 8.456100575315872e-8 to 0.9967128879993271 adjusted 390 weights, 5 biases 
Fine tuning increased fitness by 7.718308170368005e-8 to 0.9967129651824088 adjusted 390 weights, 5 biases 
Fine tuning increased fitness by 7.026382964347988e-8 to 0.9967130354462385 adjusted 390 weights, 5 biases 
Fine tuning increased fitness by 1.0045757992127591e-7 to 0.9967131359038184 adjusted 390 weights, 5 biases 
Generation 120 score 0.9967131359038184  error 0.003278013246723852 avg time 1s 212ms
Fine tuning increased fitness by 5.592649251484616e-7 to 0.9967139146529846 adjusted 329 weights, 5 biases 
Fine tuning increased fitness by 3.149135553437432e-7 to 0.9967146090765029 adjusted 329 weights, 5 biases 
Fine tuning increased fitness by 4.1355773561235765e-7 to 0.9967150226342385 adjusted 329 weights, 5 biases 
Fine tuning increased fitness by 6.475277859463446e-7 to 0.9967156701620244 adjusted 329 weights, 5 biases 
Discovered beneficial synapse from input-862 to output-0 with weight -1.0000, helping 45.3% more records than it harms (1627/3359)
Discovery 37f68acf analyze time 30s 664ms found 1 candidates
Discovered harmful synapse from input-928 to output-0, harming 45.1% more records than it helps (110/3359)
Discovery 37f68acf analyze harmful time 576ms found 1 candidates
Discovery 37f68acf analyze squashes time 464ms found 1 candidate, Summary: output-2 LeakyReLU -> LogSigmoid improved: 14.8% error: 25.8141 -> 21.9956
Fine tuning increased fitness by 8.641319630964261e-7 to 0.9967165342939875 adjusted 329 weights, 5 biases 
Over populated 53, expected 50.
Generation 130 score 0.996719305787679  error 0.003271843362866043 avg time 1s 185ms
Fine tuning increased fitness by 7.15450354515923e-9 to 0.9967198321592876 adjusted 1 weight 
Fine tuning increased fitness by 9.183904692289246e-8 to 0.9967204881033174 adjusted 318 weights, 3 biases 
Fine tuning increased fitness by 3.2496822355287946e-7 to 0.9967208130715409 adjusted 318 weights, 3 biases 
Fine tuning increased fitness by 2.550254978306299e-7 to 0.9967210680970388 adjusted 318 weights, 3 biases 
Fine tuning increased fitness by 9.025468772350109e-8 to 0.9967211583517265 adjusted 318 weights, 3 biases 
Generation 140 score 0.9967211583517265  error 0.003269980798944009 avg time 1s 74ms
Fine tuning increased fitness by 8.332692447154955e-8 to 0.996721241678651 adjusted 318 weights, 3 biases 
Generation 141 score 0.996721241678651  error 0.00326989747201949 avg time 110ms
{
  error: 0.00326989747201949,
  score: 0.996721241678651,
  generation: 141,
  time: 180105
}

=== Processing USDSEK (2/10) ===
1 mutation, mutation rate 5.0%, elitism 2, mutation FFW, selection POWER
Creature count: 48
Training 99afb18b with 1 binary file, target error: 0.000001, iterations: 1, sample rate: 100%, sparse: 100%
Discovery 99afb18b with 1 binary files, sample rate: 100%, batch size: 512
Discovery 99afb18b initialize time 80ms
Discovery 99afb18b processing .trainData-fx_c_88/USDSEK/data.bin
Discovery 99afb18b read time 4ms for .trainData-fx_c_88/USDSEK/data.bin with 3359 records
Discovery 99afb18b scanning time 1s 72ms
Discovery 99afb18b recorded time 1s 995ms
Training 7d871e35 with 1 binary file, target error: 0.000001, iterations: 1, sample rate: 100%, sparse: 100%
Fine tuning increased fitness by 9.399727640690969e-8 to 0.997851676219507 adjusted 555 weights, 12 biases 
Training 116a2f12 with 1 binary file, target error: 0.000001, iterations: 1, sample rate: 100%, sparse: 100%
Fine tuning increased fitness by 1.7191989465370483e-7 to 0.9978518481394016 adjusted 555 weights, 12 biases 
Over populated 52, expected 50.
Training db2dbbb5 with 1 binary file, target error: 0.000001, iterations: 1, sample rate: 100%, sparse: 100%
Over populated 52, expected 50.
Training c4745221 with 1 binary file, target error: 0.000001, iterations: 1, sample rate: 100%, sparse: 100%
Fine tuning increased fitness by 5.824522386621567e-8 to 0.9978521600698244 adjusted 255 weights, 7 biases 
Generation 10 score 0.9978521600698244  error 0.002136619061407292 avg time 1s 770ms
Training ed5f16bc with 1 binary file, target error: 0.000001, iterations: 1, sample rate: 100%, sparse: 100%
Fine tuning increased fitness by 9.327907579681494e-8 to 0.9978522533489002 adjusted 255 weights, 7 biases 
Training c6fb294f with 1 binary file, target error: 0.000001, iterations: 1, sample rate: 100%, sparse: 100%
Fine tuning increased fitness by 9.670106759784858e-8 to 0.9978524260820684 adjusted 237 weights, 6 biases 
Culling duplicate creature at 38 of 51
DeDuplication of 1 creatures to 50 in 12ms (previous experiment )
Fine tuning increased fitness by 9.977749004796976e-8 to 0.9978525258595584 adjusted 237 weights, 6 biases 
Training 87570447 with 1 binary file, target error: 0.000001, iterations: 1, sample rate: 100%, sparse: 100%
Discovered beneficial synapse from input-790 to cc590223-9b44-4ad4-b0a3-9863b1f15ac4 with weight 1.0000, helping 45.4% more records than it harms (2095/3359)
Discovery 99afb18b analyze time 26s 287ms found 1 candidates
Training 96b19e87 with 1 binary file, target error: 0.000001, iterations: 1, sample rate: 100%, sparse: 100%
Fine tuning increased fitness by 1.0767935421096553e-7 to 0.9978530896787114 adjusted 380 weights, 7 biases 
Discovered harmful synapse from input-791 to cc590223-9b44-4ad4-b0a3-9863b1f15ac4, harming 52.0% more records than it helps (460/3359)
Discovery 99afb18b analyze harmful time 452ms found 1 candidates
Discovery 99afb18b analyze squashes time 463ms found 2 candidates, Summary: output-0 LOGISTIC -> LogSigmoid improved: 30.9% error: 392.9151 -> 271.4745,cc590223-9b44-4ad4-b0a3-9863b1f15ac4 HARD_TANH -> Cosine improved: 7.3% error: 65.8343 -> 60.9998
Over populated 52, expected 50.
Culling duplicate creature at 46 of 52
DeDuplication of 1 creatures to 51 in 13ms (previous experiment )
Fine tuning increased fitness by 7.131633167345441e-7 to 0.9978538028420282 adjusted 380 weights, 7 biases 
Discovery d93976cf with 1 binary files, sample rate: 100%, batch size: 512
Discovery d93976cf initialize time 85ms
Discovery d93976cf processing .trainData-fx_c_88/USDSEK/data.bin
Discovery d93976cf read time 6ms for .trainData-fx_c_88/USDSEK/data.bin with 3359 records
Discovery d93976cf scanning time 1s 82ms
Over populated 52, expected 50.
Culling duplicate creature at 46 of 52
DeDuplication of 1 creatures to 51 in 4ms (previous experiment )
Training 118c23df with 1 binary file, target error: 0.000001, iterations: 1, sample rate: 100%, sparse: 100%
Fine tuning increased fitness by 7.232933797451935e-7 to 0.9978545261354079 adjusted 380 weights, 7 biases 
Discovery d93976cf recorded time 2s 51ms
Over populated 52, expected 50.
Culling duplicate creature at 20 of 52
DeDuplication of 1 creatures to 51 in 16ms (previous experiment )
Fine tuning increased fitness by 0.0000011235074699467162 to 0.9978556496428779 adjusted 532 weights, 12 biases 
Generation 20 score 0.9978556496428779  error 0.0021331294883755302 avg time 1s 861ms
Training 1a133ecd with 1 binary file, target error: 0.000001, iterations: 1, sample rate: 100%, sparse: 100%
Over populated 52, expected 50.
Training 7ab4c57d with 1 binary file, target error: 0.000001, iterations: 1, sample rate: 100%, sparse: 100%
Training 73122b8f with 1 binary file, target error: 0.000001, iterations: 1, sample rate: 100%, sparse: 100%
Fine tuning increased fitness by 6.049739629254702e-7 to 0.9978579082594594 adjusted 268 weights, 4 biases 
Discovered beneficial synapse from input-790 to cc590223-9b44-4ad4-b0a3-9863b1f15ac4 with weight 1.0000, helping 45.7% more records than it harms (2102/3359)
Discovery d93976cf analyze time 11s 721ms found 1 candidates
Fine tuning increased fitness by 5.888167682321921e-7 to 0.9978584970762276 adjusted 268 weights, 4 biases 
Discovered harmful synapse from input-791 to cc590223-9b44-4ad4-b0a3-9863b1f15ac4, harming 52.3% more records than it helps (456/3359)
Discovery d93976cf analyze harmful time 1s 172ms found 1 candidates
Discovery d93976cf analyze squashes time 665ms found 3 candidates, Summary: output-0 LOGISTIC -> LogSigmoid improved: 30.9% error: 393.0790 -> 271.5899,output-2 LeakyReLU -> LogSigmoid improved: 33.4% error: 2.3083 -> 1.5375,cc590223-9b44-4ad4-b0a3-9863b1f15ac4 HARD_TANH -> Cosine improved: 7.3% error: 65.7426 -> 60.9208
Training 7564b2bb with 1 binary file, target error: 0.000001, iterations: 1, sample rate: 100%, sparse: 100%
Fine tuning increased fitness by 6.409221265935017e-7 to 0.9978591379983542 adjusted 268 weights, 4 biases 
Discovery 7564b2bb with 1 binary files, sample rate: 100%, batch size: 512
Discovery 7564b2bb initialize time 84ms
Discovery 7564b2bb processing .trainData-fx_c_88/USDSEK/data.bin
Discovery 7564b2bb read time 3ms for .trainData-fx_c_88/USDSEK/data.bin with 3359 records
Over populated 54, expected 50.
Culling duplicate creature at 35 of 54
Culling duplicate creature at 50 of 53
DeDuplication of 2 creatures to 52 in 16ms (previous experiment )
Discovery 7564b2bb scanning time 1s 102ms
Discovery 7564b2bb recorded time 2s 62ms
Training 04e81012 with 1 binary file, target error: 0.000001, iterations: 1, sample rate: 100%, sparse: 100%
Fine tuning increased fitness by 0.000001317725166871675 to 0.9978608842826612 adjusted 267 weights, 5 biases 
Generation 30 score 0.9978620769845342  error 0.0021267121466348967 avg time 1s 757ms
Training d1503aa6 with 1 binary file, target error: 0.000001, iterations: 1, sample rate: 100%, sparse: 100%
Fine tuning increased fitness by 2.3085996914140594e-7 to 0.997862452131233 adjusted 162 weights, 2 biases 
Training 9fe78507 with 1 binary file, target error: 0.000001, iterations: 1, sample rate: 100%, sparse: 100%
Fine tuning increased fitness by 3.405727708738482e-7 to 0.9978627927040039 adjusted 162 weights, 2 biases 
Fine tuning increased fitness by 4.1129322347899233e-7 to 0.9978632039972274 adjusted 162 weights, 2 biases 
Training c1657329 with 1 binary file, target error: 0.000001, iterations: 1, sample rate: 100%, sparse: 100%
Training d706b82a with 1 binary file, target error: 0.000001, iterations: 1, sample rate: 100%, sparse: 100%
Fine tuning increased fitness by 0.000001933238530260617 to 0.997878090326108 adjusted 1 weight 
Training 2fafdc4c with 1 binary file, target error: 0.000001, iterations: 1, sample rate: 100%, sparse: 100%
Fine tuning increased fitness by 1.1302990232664456e-7 to 0.9978782033560103 adjusted 1 weight 
Fine tuning increased fitness by 1.401130556022423e-8 to 0.9978782173673159 adjusted 1 weight 
Generation 40 score 0.9978782173673159  error 0.00211056176391039 avg time 1s 465ms
Training e9b9a2e2 with 1 binary file, target error: 0.000001, iterations: 1, sample rate: 100%, sparse: 100%
Fine tuning increased fitness by 7.694777037769995e-10 to 0.9978782181367936 adjusted 1 weight 
Training 1e31b871 with 1 binary file, target error: 0.000001, iterations: 1, sample rate: 100%, sparse: 100%
Fine tuning increased fitness by 2.036991072484895e-7 to 0.9978785443427161 adjusted 1 weight 
Training 9ebd8f6a with 1 binary file, target error: 0.000001, iterations: 1, sample rate: 100%, sparse: 100%
Fine tuning increased fitness by 3.091301784552414e-7 to 0.9978788534728945 adjusted 1 weight 
Fine tuning increased fitness by 1.705818313268992e-7 to 0.9978790240547258 adjusted 1 weight 
Training 77044121 with 1 binary file, target error: 0.000001, iterations: 1, sample rate: 100%, sparse: 100%
Fine tuning increased fitness by 4.3736623878132264e-8 to 0.9978790677913497 adjusted 1 weight 
Fine tuning increased fitness by 1.3286725608629979e-8 to 0.9978790810780753 adjusted 1 weight 
Training c70275d1 with 1 binary file, target error: 0.000001, iterations: 1, sample rate: 100%, sparse: 100%
Fine tuning increased fitness by 1.926896420201274e-10 to 0.997879081270765 adjusted 1 weight 
Generation 50 score 0.997879081270765  error 0.002109687860546538 avg time 1s 230ms
Training e375c765 with 1 binary file, target error: 0.000001, iterations: 1, sample rate: 100%, sparse: 100%
Fine tuning increased fitness by 1.1763368057415846e-11 to 0.9978790812825283 adjusted 1 weight 
Discovered beneficial synapse from input-790 to cc590223-9b44-4ad4-b0a3-9863b1f15ac4 with weight 1.0000, helping 45.5% more records than it harms (2098/3359)
Discovery 7564b2bb analyze time 32s 201ms found 1 candidates
Fine tuning increased fitness by 4.426216060338106e-8 to 0.9978791255446889 adjusted 1 weight 
Discovered harmful synapse from input-791 to cc590223-9b44-4ad4-b0a3-9863b1f15ac4, harming 52.1% more records than it helps (458/3359)
Discovery 7564b2bb analyze harmful time 473ms found 1 candidates
Discovery 7564b2bb analyze squashes time 438ms found 2 candidates, Summary: output-0 LOGISTIC -> LogSigmoid improved: 30.9% error: 394.2925 -> 272.4082,cc590223-9b44-4ad4-b0a3-9863b1f15ac4 HARD_TANH -> Cosine improved: 7.2% error: 67.4909 -> 62.6157
Training 271db391 with 1 binary file, target error: 0.000001, iterations: 1, sample rate: 100%, sparse: 100%
Discovery 271db391 with 1 binary files, sample rate: 100%, batch size: 512
Fine tuning increased fitness by 3.43926353507662e-7 to 0.9978794694710424 adjusted 1 weight 
Discovery 271db391 initialize time 85ms
Discovery 271db391 processing .trainData-fx_c_88/USDSEK/data.bin
Discovery 271db391 read time 5ms for .trainData-fx_c_88/USDSEK/data.bin with 3359 records
Discovery 271db391 scanning time 1s 138ms
Fine tuning increased fitness by 6.286526368359802e-7 to 0.9978800981236793 adjusted 1 weight 
Discovery 271db391 recorded time 1s 877ms
Training caf96b43 with 1 binary file, target error: 0.000001, iterations: 1, sample rate: 100%, sparse: 100%
Fine tuning increased fitness by 0.0000010707362572137669 to 0.9978811688599365 adjusted 1 weight 
Fine tuning increased fitness by 0.0000014924850565423142 to 0.997882661344993 adjusted 1 weight 
Fine tuning increased fitness by 8.127142092639872e-7 to 0.9978834740592023 adjusted 1 weight 
Training 9ab8fda0 with 1 binary file, target error: 0.000001, iterations: 1, sample rate: 100%, sparse: 100%
Fine tuning increased fitness by 6.797629459320831e-9 to 0.9978834808568318 adjusted 1 weight 
Fine tuning increased fitness by 5.707155859013824e-10 to 0.9978834814275473 adjusted 1 weight 
Generation 60 score 0.9978834814275473  error 0.002105267703944435 avg time 1s 247ms
Training ef21f5b9 with 1 binary file, target error: 0.000001, iterations: 1, sample rate: 100%, sparse: 100%
Fine tuning increased fitness by 9.437447712201674e-9 to 0.9978834908649951 adjusted 1 weight 
Fine tuning increased fitness by 1.0301676489632428e-7 to 0.99788359388176 adjusted 963 weights, 12 biases 
Training 1b5f8ae6 with 1 binary file, target error: 0.000001, iterations: 1, sample rate: 100%, sparse: 100%
Over populated 52, expected 50.
Training 36c2f3bc with 1 binary file, target error: 0.000001, iterations: 1, sample rate: 100%, sparse: 100%
Over populated 52, expected 50.
Fine tuning increased fitness by 0.0000010350321464347445 to 0.997885962877916 adjusted 780 weights, 6 biases 
Training 909ed79b with 1 binary file, target error: 0.000001, iterations: 1, sample rate: 100%, sparse: 100%
Training 3ca7d3c7 with 1 binary file, target error: 0.000001, iterations: 1, sample rate: 100%, sparse: 100%
Retrying increased fitness by 7.951947634809997e-7 to 0.9978900600800238 adjusted 801 weights, 6 biases
Discovered beneficial synapse from input-790 to cc590223-9b44-4ad4-b0a3-9863b1f15ac4 with weight 1.0000, helping 45.2% more records than it harms (2089/3359)
Discovery 271db391 analyze time 24s 404ms found 1 candidates
Generation 70 score 0.9978912580423814  error 0.0020974910891222915 avg time 1s 823ms
Discovered harmful synapse from input-382 to output-2, harming 29.5% more records than it helps (1184/3359)
Discovery 271db391 analyze harmful time 940ms found 1 candidates
Training 2b54506f with 1 binary file, target error: 0.000001, iterations: 1, sample rate: 100%, sparse: 100%
Fine tuning increased fitness by 4.5946283633302443e-7 to 0.9978917175052178 adjusted 791 weights, 6 biases 
Discovery 271db391 analyze squashes time 1s 51ms found 3 candidates, Summary: output-0 LOGISTIC -> LogSigmoid improved: 30.9% error: 394.2982 -> 272.4124,cc590223-9b44-4ad4-b0a3-9863b1f15ac4 HARD_TANH -> Cosine improved: 7.0% error: 71.2808 -> 66.2979,387a76c6-268c-4a43-a89f-23a63647fd41 LOGISTIC -> Softplus improved: 8.9% error: 27.5662 -> 25.1105
Over populated 52, expected 50.
Discovery fb2e9fb8 with 1 binary files, sample rate: 100%, batch size: 512
Discovery fb2e9fb8 initialize time 84ms
Discovery fb2e9fb8 processing .trainData-fx_c_88/USDSEK/data.bin
Discovery fb2e9fb8 read time 5ms for .trainData-fx_c_88/USDSEK/data.bin with 3359 records
Discovery fb2e9fb8 scanning time 1s 47ms
Over populated 53, expected 50.
Culling duplicate creature at 29 of 53
DeDuplication of 1 creatures to 52 in 6ms (previous experiment )
Training 4430e925 with 1 binary file, target error: 0.000001, iterations: 1, sample rate: 100%, sparse: 100%
Fine tuning increased fitness by 2.3201145193940675e-7 to 0.9978925043469824 adjusted 631 weights, 3 biases 
Discovery fb2e9fb8 recorded time 1s 904ms
Fine tuning increased fitness by 4.2359517049561646e-7 to 0.9978929279421529 adjusted 631 weights, 3 biases 
Training 44792283 with 1 binary file, target error: 0.000001, iterations: 1, sample rate: 100%, sparse: 100%
Fine tuning increased fitness by 3.460934829835338e-7 to 0.997893357121259 adjusted 338 weights, 2 biases 
Training 0021ab5b with 1 binary file, target error: 0.000001, iterations: 1, sample rate: 100%, sparse: 100%
Fine tuning increased fitness by 6.341428635536772e-7 to 0.9978939912641226 adjusted 338 weights, 2 biases 
Fine tuning increased fitness by 0.0000010451926147903023 to 0.9978950364567374 adjusted 338 weights, 2 biases 
Training 97c310c5 with 1 binary file, target error: 0.000001, iterations: 1, sample rate: 100%, sparse: 100%
Fine tuning increased fitness by 0.0000015711549856689544 to 0.997896607611723 adjusted 338 weights, 2 biases 
Fine tuning increased fitness by 0.0000011439351337294568 to 0.9978977515468568 adjusted 338 weights, 2 biases 
Generation 80 score 0.9978977515468568  error 0.0020909875847433205 avg time 1s 893ms
Training 87944713 with 1 binary file, target error: 0.000001, iterations: 1, sample rate: 100%, sparse: 100%
Training 5cb9b3bb with 1 binary file, target error: 0.000001, iterations: 1, sample rate: 100%, sparse: 100%
Fine tuning increased fitness by 3.090445369613448e-7 to 0.9978992225841242 adjusted 409 weights, 3 biases 
Discovered beneficial synapse from input-790 to cc590223-9b44-4ad4-b0a3-9863b1f15ac4 with weight 1.0000, helping 45.2% more records than it harms (2092/3359)
Discovery fb2e9fb8 analyze time 20s 447ms found 1 candidates
Discovered harmful synapse from input-382 to output-2, harming 28.6% more records than it helps (1199/3359)
Discovery fb2e9fb8 analyze harmful time 945ms found 1 candidates
Training 3250106b with 1 binary file, target error: 0.000001, iterations: 1, sample rate: 100%, sparse: 100%
Discovery fb2e9fb8 analyze squashes time 677ms found 2 candidates, Summary: cc590223-9b44-4ad4-b0a3-9863b1f15ac4 HARD_TANH -> Cosine improved: 7.0% error: 71.4950 -> 66.4687,output-0 LOGISTIC -> LogSigmoid improved: 30.9% error: 393.9965 -> 272.1811
Discovery dd360c97 with 1 binary files, sample rate: 100%, batch size: 512
Fine tuning increased fitness by 1.1936341759444247e-7 to 0.9978994079255675 adjusted 248 weights, 1 bias 
Discovery dd360c97 initialize time 86ms
Discovery dd360c97 processing .trainData-fx_c_88/USDSEK/data.bin
Discovery dd360c97 read time 7ms for .trainData-fx_c_88/USDSEK/data.bin with 3359 records
Discovery dd360c97 scanning time 1s 87ms
Training 21948ce9 with 1 binary file, target error: 0.000001, iterations: 1, sample rate: 100%, sparse: 100%
Fine tuning increased fitness by 1.9415919150223004e-7 to 0.997899602084759 adjusted 248 weights, 1 bias 
Discovery dd360c97 recorded time 1s 863ms
Fine tuning increased fitness by 3.1888977625182946e-7 to 0.9978999209745353 adjusted 248 weights, 1 bias 
Training 0e636d22 with 1 binary file, target error: 0.000001, iterations: 1, sample rate: 100%, sparse: 100%
Fine tuning increased fitness by 5.745035478454952e-7 to 0.9979004954780831 adjusted 385 weights, 3 biases 
Fine tuning increased fitness by 0.0000011932791389446251 to 0.9979016887572221 adjusted 385 weights, 3 biases 
Generation 90 score 0.9979016887572221  error 0.0020870403744257444 avg time 1s 556ms
Training 174b5bec with 1 binary file, target error: 0.000001, iterations: 1, sample rate: 100%, sparse: 100%
Fine tuning increased fitness by 1.8907979515425666e-8 to 0.9979017291567798 adjusted 125 weights, 2 biases 
Training 6bb88e03 with 1 binary file, target error: 0.000001, iterations: 1, sample rate: 100%, sparse: 100%
Fine tuning increased fitness by 2.0718623261473113e-8 to 0.997901749875403 adjusted 125 weights, 2 biases 
Fine tuning increased fitness by 3.5586721236491314e-8 to 0.9979017854621243 adjusted 125 weights, 2 biases 
Discovered beneficial synapse from input-1513 to 25649712-a861-4405-8769-3308f895c778 with weight -1.0000, helping 19.0% more records than it harms (1998/3359)
Discovery dd360c97 analyze time 11s 339ms found 1 candidates
Fine tuning increased fitness by 4.189008817601092e-8 to 0.9979018273522124 adjusted 125 weights, 2 biases 
Discovered harmful synapse from input-791 to cc590223-9b44-4ad4-b0a3-9863b1f15ac4, harming 51.9% more records than it helps (469/3359)
Discovery dd360c97 analyze harmful time 1s 142ms found 1 candidates
Discovery dd360c97 analyze squashes time 659ms found 3 candidates, Summary: output-0 LOGISTIC -> LogSigmoid improved: 30.9% error: 393.6104 -> 271.8879,387a76c6-268c-4a43-a89f-23a63647fd41 LOGISTIC -> Softplus improved: 9.1% error: 27.9267 -> 25.3961,cc590223-9b44-4ad4-b0a3-9863b1f15ac4 HARD_TANH -> Cosine improved: 6.9% error: 74.8849 -> 69.7300
Fine tuning increased fitness by 6.199180646593305e-8 to 0.9979018893440189 adjusted 125 weights, 2 biases 
Discovery dd360c97 beneficial increased fitness by 3.2764626256565066e-7 to 0.9979022169902815
Fine tuning increased fitness by 5.187141172147136e-7 to 0.9979027357043987 adjusted 1 weight 
Fine tuning increased fitness by 8.16256220281808e-7 to 0.997903551960619 adjusted 1 weight 
Fine tuning increased fitness by 0.0000015416253035249738 to 0.9979050935859225 adjusted 1 weight 
Generation 100 score 0.9979050935859225  error 0.0020836255452808573 avg time 1s 482ms
Fine tuning increased fitness by 0.0000057997025977307715 to 0.9979108932885202 adjusted 1 weight 
Fine tuning increased fitness by 4.690648263139252e-7 to 0.9979113623533465 adjusted 1 weight 
Fine tuning increased fitness by 2.3156393480494586e-7 to 0.9979115939172813 adjusted 1 weight 
Fine tuning increased fitness by 2.4876167792342585e-10 to 0.997911594166043 adjusted 1 weight 
Fine tuning increased fitness by 1.0475975642521007e-10 to 0.9979115942708028 adjusted 1 weight 
Fine tuning increased fitness by 1.3983147972851384e-11 to 0.9979115942847859 adjusted 1 weight 
Fine tuning increased fitness by 4.418687638008123e-14 to 0.9979115942848301 adjusted 1 weight 
Fine tuning increased fitness by 3.673727988484643e-13 to 0.9979115942851975 adjusted 1 weight 
Fine tuning increased fitness by 4.9182879990894435e-14 to 0.9979115942852467 adjusted 1 weight 
Generation 110 score 0.9979115942852467  error 0.0020771248448130655 avg time 1s 79ms
Generation 118 score 0.9979115942852467  error 0.0020771248448130655 avg time 885ms
{
  error: 0.0020771248448130655,
  score: 0.9979115942852467,
  generation: 118,
  time: 180636
}

=== Processing USDKZT (3/10) ===
5 mutations, mutation rate 5.0%, elitism 9, mutation ALL, selection TOURNAMENT
Creature count: 48
Training cc0ce454 with 1 binary file, target error: 0.000001, iterations: 1, sample rate: 100%, sparse: 100%
Discovery cc0ce454 with 1 binary files, sample rate: 100%, batch size: 512
Discovery cc0ce454 initialize time 87ms
Discovery cc0ce454 processing .trainData-fx_c_88/USDKZT/data.bin
Discovery cc0ce454 read time 4ms for .trainData-fx_c_88/USDKZT/data.bin with 2800 records
Discovery cc0ce454 scanning time 926ms
Discovery cc0ce454 recorded time 1s 459ms
Training db501910 with 1 binary file, target error: 0.000001, iterations: 1, sample rate: 100%, sparse: 100%
Fine tuning increased fitness by 0.0000032210317331138327 to 0.9935269483956142 adjusted 913 weights, 10 biases 
Training 658ae71e with 1 binary file, target error: 0.000001, iterations: 1, sample rate: 100%, sparse: 100%
Over populated 52, expected 50.
Training 4fee1555 with 1 binary file, target error: 0.000001, iterations: 1, sample rate: 100%, sparse: 100%
Over populated 52, expected 50.
Training a3c731e0 with 1 binary file, target error: 0.000001, iterations: 1, sample rate: 100%, sparse: 100%
Fine tuning increased fitness by 5.981535473598143e-7 to 0.9935275465491615 adjusted 880 weights, 10 biases 
Over populated 52, expected 50.
Training a7d87f5f with 1 binary file, target error: 0.000001, iterations: 1, sample rate: 100%, sparse: 100%
Training 5ac1e2d4 with 1 binary file, target error: 0.000001, iterations: 1, sample rate: 100%, sparse: 100%
Fine tuning increased fitness by 0.000003017622093981487 to 0.9935344486740062 adjusted 875 weights, 10 biases 
Training 7cf66c05 with 1 binary file, target error: 0.000001, iterations: 1, sample rate: 100%, sparse: 100%
Over populated 52, expected 50.
Generation 10 score 0.9935373788692148  error 0.0064529003162579575 avg time 1s 363ms
Training 1bc22461 with 1 binary file, target error: 0.000001, iterations: 1, sample rate: 100%, sparse: 100%
Fine tuning increased fitness by 0.000005596819791509056 to 0.9935429756890063 adjusted 875 weights, 10 biases 
Over populated 52, expected 50.
Training e1c3694f with 1 binary file, target error: 0.000001, iterations: 1, sample rate: 100%, sparse: 100%
Over populated 52, expected 50.
Training 709bd4ad with 1 binary file, target error: 0.000001, iterations: 1, sample rate: 100%, sparse: 100%
Fine tuning increased fitness by 0.00001140610205729864 to 0.9935612655897467 adjusted 875 weights, 10 biases 
Discovered beneficial synapse from input-56 to 1a7f19e0-4e60-4c9a-ae8a-2cf93b26f1e3 with weight -1.0000, helping 66.4% more records than it harms (2329/2800)
Discovery cc0ce454 analyze time 15s 631ms found 1 candidates
Discovered harmful synapse from input-1065 to 387a76c6-268c-4a43-a89f-23a63647fd41, harming 41.6% more records than it helps (818/2800)
Discovery cc0ce454 analyze harmful time 192ms found 1 candidates
Over populated 52, expected 50.
Discovery cc0ce454 analyze squashes time 191ms found 0 candidates
Training 6bfcd170 with 1 binary file, target error: 0.000001, iterations: 1, sample rate: 100%, sparse: 100%
Discovery 6bfcd170 with 1 binary files, sample rate: 100%, batch size: 512
Discovery 6bfcd170 initialize time 87ms
Discovery 6bfcd170 processing .trainData-fx_c_88/USDKZT/data.bin
Over populated 53, expected 50.
Discovery 6bfcd170 read time 7ms for .trainData-fx_c_88/USDKZT/data.bin with 2800 records
Discovery 6bfcd170 scanning time 952ms
Training c87d2d5a with 1 binary file, target error: 0.000001, iterations: 1, sample rate: 100%, sparse: 100%
Fine tuning increased fitness by 0.000030326617453613203 to 0.9936163992807762 adjusted 886 weights, 10 biases 
Discovery 6bfcd170 recorded time 1s 648ms
Over populated 52, expected 50.
Training c33b9dad with 1 binary file, target error: 0.000001, iterations: 1, sample rate: 100%, sparse: 100%
Over populated 52, expected 50.
Training fb80fb45 with 1 binary file, target error: 0.000001, iterations: 1, sample rate: 100%, sparse: 100%
Fine tuning increased fitness by 0.000041740792739219934 to 0.9936927385068984 adjusted 770 weights, 10 biases 
Training 8fa0e65c with 1 binary file, target error: 0.000001, iterations: 1, sample rate: 100%, sparse: 100%
Fine tuning increased fitness by 0.000015225295128762362 to 0.9937079638020272 adjusted 770 weights, 10 biases 
Over populated 52, expected 50.
Training 28c0b07d with 1 binary file, target error: 0.000001, iterations: 1, sample rate: 100%, sparse: 100%
Over populated 52, expected 50.
Training 9ff036fb with 1 binary file, target error: 0.000001, iterations: 1, sample rate: 100%, sparse: 100%
Over populated 52, expected 50.
Generation 20 score 0.9938437524303196  error 0.0061465267532560515 avg time 1s 464ms
Training 9ddb4c4e with 1 binary file, target error: 0.000001, iterations: 1, sample rate: 100%, sparse: 100%
Training dfdc0eea with 1 binary file, target error: 0.000001, iterations: 1, sample rate: 100%, sparse: 100%
Training 9ff036fb increased fitness by 0.0000036406600598670735 to 0.9938474257666003
Discovered beneficial synapse from input-1106 to 1a7f19e0-4e60-4c9a-ae8a-2cf93b26f1e3 with weight 1.0000, helping 62.2% more records than it harms (2271/2800)
Discovery 6bfcd170 analyze time 10s 334ms found 1 candidates
Discovered harmful synapse from input-1065 to 387a76c6-268c-4a43-a89f-23a63647fd41, harming 40.4% more records than it helps (834/2800)
Discovery 6bfcd170 analyze harmful time 191ms found 1 candidates
Discovery 6bfcd170 analyze squashes time 358ms found 0 candidates
Training 52405ed3 with 1 binary file, target error: 0.000001, iterations: 1, sample rate: 100%, sparse: 100%
Training 9ddb4c4e increased fitness by 0.00002713565678269525 to 0.993874561423383
Discovery 52405ed3 with 1 binary files, sample rate: 100%, batch size: 512
Discovery 52405ed3 initialize time 86ms
Discovery 52405ed3 processing .trainData-fx_c_88/USDKZT/data.bin
Discovery 52405ed3 read time 7ms for .trainData-fx_c_88/USDKZT/data.bin with 2800 records
Over populated 53, expected 50.
Discovery 52405ed3 scanning time 851ms
Training 76b94773 with 1 binary file, target error: 0.000001, iterations: 1, sample rate: 100%, sparse: 100%
Fine tuning increased fitness by 0.0000012181538463496011 to 0.9938757795772294 adjusted 899 weights, 10 biases 
Discovery 52405ed3 recorded time 1s 501ms
Over populated 52, expected 50.
Training 62da2fbe with 1 binary file, target error: 0.000001, iterations: 1, sample rate: 100%, sparse: 100%
Over populated 52, expected 50.
Training 3ac51af3 with 1 binary file, target error: 0.000001, iterations: 1, sample rate: 100%, sparse: 100%
Fine tuning increased fitness by 0.0000024376693946726036 to 0.9938794594827447 adjusted 868 weights, 10 biases 
Over populated 52, expected 50.
Training 968fc626 with 1 binary file, target error: 0.000001, iterations: 1, sample rate: 100%, sparse: 100%
Over populated 52, expected 50.
Training d0093de7 with 1 binary file, target error: 0.000001, iterations: 1, sample rate: 100%, sparse: 100%
Fine tuning increased fitness by 0.0000025270977497271474 to 0.993885095136071 adjusted 842 weights, 10 biases 
Over populated 52, expected 50.
Training af10c35b with 1 binary file, target error: 0.000001, iterations: 1, sample rate: 100%, sparse: 100%
Fine tuning increased fitness by 0.000005790491671486819 to 0.9938908856277425 adjusted 875 weights, 10 biases 
Over populated 52, expected 50.
Training f87f657c with 1 binary file, target error: 0.000001, iterations: 1, sample rate: 100%, sparse: 100%
Fine tuning increased fitness by 0.000006266014159428401 to 0.993897151641902 adjusted 875 weights, 10 biases 
Over populated 52, expected 50.
Generation 30 score 0.993897151641902  error 0.006093117541628055 avg time 1s 426ms
Training a7a09ecd with 1 binary file, target error: 0.000001, iterations: 1, sample rate: 100%, sparse: 100%
Fine tuning increased fitness by 0.000016041439597991314 to 0.9939131930815 adjusted 864 weights, 10 biases 
Discovered beneficial synapse from input-89 to 1a7f19e0-4e60-4c9a-ae8a-2cf93b26f1e3 with weight -1.0000, helping 55.9% more records than it harms (2183/2800)
Discovery 52405ed3 analyze time 10s 523ms found 1 candidates
Discovered harmful synapse from input-421 to 387a76c6-268c-4a43-a89f-23a63647fd41, harming 29.0% more records than it helps (994/2800)
Discovery 52405ed3 analyze harmful time 191ms found 1 candidates
Over populated 52, expected 50.
Discovery 52405ed3 analyze squashes time 206ms found 0 candidates
Training d281e7ce with 1 binary file, target error: 0.000001, iterations: 1, sample rate: 100%, sparse: 100%
Fine tuning increased fitness by 0.00004831867458032768 to 0.9939615117560803 adjusted 836 weights, 10 biases 
Discovery d281e7ce with 1 binary files, sample rate: 100%, batch size: 512
Discovery d281e7ce initialize time 87ms
Discovery d281e7ce processing .trainData-fx_c_88/USDKZT/data.bin
Discovery d281e7ce read time 4ms for .trainData-fx_c_88/USDKZT/data.bin with 2800 records
Over populated 53, expected 50.
Discovery d281e7ce scanning time 903ms
Training b36e56f2 with 1 binary file, target error: 0.000001, iterations: 1, sample rate: 100%, sparse: 100%
Discovery d281e7ce recorded time 1s 591ms
Over populated 52, expected 50.
Training e0c88982 with 1 binary file, target error: 0.000001, iterations: 1, sample rate: 100%, sparse: 100%
Fine tuning increased fitness by 0.00010969998816423576 to 0.9941544682256592 adjusted 859 weights, 10 biases 
Over populated 52, expected 50.
Training 1484a0e7 with 1 binary file, target error: 0.000001, iterations: 1, sample rate: 100%, sparse: 100%
Fine tuning increased fitness by 0.000009442848052820807 to 0.994163911073712 adjusted 859 weights, 10 biases 
Over populated 52, expected 50.
Training 442a6452 with 1 binary file, target error: 0.000001, iterations: 1, sample rate: 100%, sparse: 100%
Over populated 52, expected 50.
Training 4df26206 with 1 binary file, target error: 0.000001, iterations: 1, sample rate: 100%, sparse: 100%
Over populated 52, expected 50.
Training 53636aab with 1 binary file, target error: 0.000001, iterations: 1, sample rate: 100%, sparse: 100%
Training 2b89c3cb with 1 binary file, target error: 0.000001, iterations: 1, sample rate: 100%, sparse: 100%
Training 9d61c194 with 1 binary file, target error: 0.000001, iterations: 1, sample rate: 100%, sparse: 100%
Fine tuning increased fitness by 0.000004390296776457525 to 0.994200051665176 adjusted 751 weights, 9 biases 
Over populated 52, expected 50.
Generation 40 score 0.994200051665176  error 0.0057902175168662775 avg time 1s 471ms
Discovered beneficial synapse from input-89 to 1a7f19e0-4e60-4c9a-ae8a-2cf93b26f1e3 with weight -1.0000, helping 52.4% more records than it harms (2134/2800)
Discovery d281e7ce analyze time 11s 178ms found 1 candidates
Discovered harmful synapse from input-421 to 387a76c6-268c-4a43-a89f-23a63647fd41, harming 24.6% more records than it helps (1056/2800)
Discovery d281e7ce analyze harmful time 256ms found 1 candidates
Training 2b5ca452 with 1 binary file, target error: 0.000001, iterations: 1, sample rate: 100%, sparse: 100%
Discovery d281e7ce analyze squashes time 196ms found 0 candidates
Over populated 52, expected 50.
Training cfe3d012 with 1 binary file, target error: 0.000001, iterations: 1, sample rate: 100%, sparse: 100%
Discovery cfe3d012 with 1 binary files, sample rate: 100%, batch size: 512
Discovery cfe3d012 initialize time 86ms
Discovery cfe3d012 processing .trainData-fx_c_88/USDKZT/data.bin
Discovery cfe3d012 read time 1ms for .trainData-fx_c_88/USDKZT/data.bin with 2800 records
Discovery cfe3d012 scanning time 856ms
Over populated 53, expected 50.
Training 17223eb5 with 1 binary file, target error: 0.000001, iterations: 1, sample rate: 100%, sparse: 100%
Discovery cfe3d012 recorded time 1s 512ms
Over populated 52, expected 50.
Training fe99b574 with 1 binary file, target error: 0.000001, iterations: 1, sample rate: 100%, sparse: 100%
Fine tuning increased fitness by 0.000024933029503126924 to 0.9942594456856769 adjusted 732 weights, 9 biases 
Training 4c0c56a5 with 1 binary file, target error: 0.000001, iterations: 1, sample rate: 100%, sparse: 100%
Over populated 52, expected 50.
Training 1e875ce6 with 1 binary file, target error: 0.000001, iterations: 1, sample rate: 100%, sparse: 100%
Fine tuning increased fitness by 0.00002723892212563861 to 0.9943074682990724 adjusted 735 weights, 9 biases 
Over populated 52, expected 50.
Training 934c212d with 1 binary file, target error: 0.000001, iterations: 1, sample rate: 100%, sparse: 100%
Discovered beneficial synapse from input-56 to 1a7f19e0-4e60-4c9a-ae8a-2cf93b26f1e3 with weight -1.0000, helping 68.9% more records than it harms (2355/2800)
Discovery cfe3d012 analyze time 5s 673ms found 1 candidates
Fine tuning increased fitness by 0.000024694605097019817 to 0.9943321629041694 adjusted 735 weights, 9 biases 
Discovery cfe3d012 analyze harmful time 85ms found 0 candidates
Discovery cfe3d012 analyze squashes time 215ms found 0 candidates
Over populated 52, expected 50.
Training 354f283a with 1 binary file, target error: 0.000001, iterations: 1, sample rate: 100%, sparse: 100%
Discovery 354f283a with 1 binary files, sample rate: 100%, batch size: 512
Discovery 354f283a initialize time 86ms
Discovery 354f283a processing .trainData-fx_c_88/USDKZT/data.bin
Discovery 354f283a read time 3ms for .trainData-fx_c_88/USDKZT/data.bin with 2800 records
Over populated 52, expected 50.
Discovery 354f283a scanning time 859ms
Training 6d1c4828 with 1 binary file, target error: 0.000001, iterations: 1, sample rate: 100%, sparse: 100%
Discovery 354f283a recorded time 1s 525ms
Over populated 52, expected 50.
Training 7ff56fb7 with 1 binary file, target error: 0.000001, iterations: 1, sample rate: 100%, sparse: 100%
Fine tuning increased fitness by 0.00001341699528101259 to 0.9943577029727185 adjusted 732 weights, 9 biases 
Over populated 52, expected 50.
Generation 50 score 0.9943577029727185  error 0.00563256620305048 avg time 1s 464ms
Training 6e1baa68 with 1 binary file, target error: 0.000001, iterations: 1, sample rate: 100%, sparse: 100%
Fine tuning increased fitness by 0.000004298025264137806 to 0.9943620009979827 adjusted 732 weights, 9 biases 
Training 439f4be0 with 1 binary file, target error: 0.000001, iterations: 1, sample rate: 100%, sparse: 100%
Over populated 52, expected 50.
Training eac0219d with 1 binary file, target error: 0.000001, iterations: 1, sample rate: 100%, sparse: 100%
Fine tuning increased fitness by 0.0000064736129715692314 to 0.994373048508995 adjusted 732 weights, 9 biases 
Over populated 52, expected 50.
Training 19ef8a35 with 1 binary file, target error: 0.000001, iterations: 1, sample rate: 100%, sparse: 100%
Training 80fad06e with 1 binary file, target error: 0.000001, iterations: 1, sample rate: 100%, sparse: 100%
Over populated 52, expected 50.
Training df2132a8 with 1 binary file, target error: 0.000001, iterations: 1, sample rate: 100%, sparse: 100%
Fine tuning increased fitness by 0.000004382872610175781 to 0.9943952540882174 adjusted 678 weights, 9 biases 
Discovered beneficial synapse from input-658 to 1a7f19e0-4e60-4c9a-ae8a-2cf93b26f1e3 with weight 1.0000, helping 53.9% more records than it harms (2101/2800)
Discovery 354f283a analyze time 10s 709ms found 1 candidates
Over populated 52, expected 50.
Discovered harmful synapse from input-421 to 387a76c6-268c-4a43-a89f-23a63647fd41, harming 25.8% more records than it helps (986/2800)
Discovery 354f283a analyze harmful time 211ms found 1 candidates
Discovery 354f283a analyze squashes time 193ms found 0 candidates
Training bea92890 with 1 binary file, target error: 0.000001, iterations: 1, sample rate: 100%, sparse: 100%
Discovery bea92890 with 1 binary files, sample rate: 100%, batch size: 512
Discovery bea92890 initialize time 80ms
Discovery bea92890 processing .trainData-fx_c_88/USDKZT/data.bin
Discovery bea92890 read time 2ms for .trainData-fx_c_88/USDKZT/data.bin with 2800 records
Discovery bea92890 scanning time 833ms
Over populated 53, expected 50.
Training cafb0b11 with 1 binary file, target error: 0.000001, iterations: 1, sample rate: 100%, sparse: 100%
Discovery bea92890 recorded time 1s 513ms
Training 35369550 with 1 binary file, target error: 0.000001, iterations: 1, sample rate: 100%, sparse: 100%
Training 1ca64be4 with 1 binary file, target error: 0.000001, iterations: 1, sample rate: 100%, sparse: 100%
Fine tuning increased fitness by 0.0000018828619071653563 to 0.9944048204702717 adjusted 775 weights, 10 biases 
Over populated 52, expected 50.
Generation 60 score 0.9944048204702717  error 0.005585448700032193 avg time 1s 444ms
Training 55c1d39b with 1 binary file, target error: 0.000001, iterations: 1, sample rate: 100%, sparse: 100%
Fine tuning increased fitness by 0.0000020070858300913486 to 0.9944068275561018 adjusted 775 weights, 10 biases 
Over populated 52, expected 50.
Training 5f2838a7 with 1 binary file, target error: 0.000001, iterations: 1, sample rate: 100%, sparse: 100%
Fine tuning increased fitness by 0.00000241352286378671 to 0.9944092410789656 adjusted 775 weights, 10 biases 
Over populated 52, expected 50.
Training 04056865 with 1 binary file, target error: 0.000001, iterations: 1, sample rate: 100%, sparse: 100%
Over populated 52, expected 50.
Training 901f5b46 with 1 binary file, target error: 0.000001, iterations: 1, sample rate: 100%, sparse: 100%
Fine tuning increased fitness by 0.000004347548129723933 to 0.9944166855291984 adjusted 775 weights, 10 biases 
Over populated 52, expected 50.
Training ae05cb3f with 1 binary file, target error: 0.000001, iterations: 1, sample rate: 100%, sparse: 100%
Fine tuning increased fitness by 0.000005225641015571547 to 0.994421911170214 adjusted 775 weights, 10 biases 
Discovered beneficial synapse from input-11 to 1a7f19e0-4e60-4c9a-ae8a-2cf93b26f1e3 with weight -1.0000, helping 83.4% more records than it harms (2334/2800)
Discovery bea92890 analyze time 10s 534ms found 1 candidates
Discovered harmful synapse from input-972 to 387a76c6-268c-4a43-a89f-23a63647fd41, harming 83.4% more records than it helps (0/2800)
Discovery bea92890 analyze harmful time 185ms found 1 candidates
Discovery bea92890 analyze squashes time 330ms found 0 candidates
Training 68a2f60d with 1 binary file, target error: 0.000001, iterations: 1, sample rate: 100%, sparse: 100%
Fine tuning increased fitness by 0.000006795545950066817 to 0.994428706716164 adjusted 775 weights, 10 biases 
Discovery 68a2f60d with 1 binary files, sample rate: 100%, batch size: 512
Discovery 68a2f60d initialize time 83ms
Discovery 68a2f60d processing .trainData-fx_c_88/USDKZT/data.bin
Discovery 68a2f60d read time 4ms for .trainData-fx_c_88/USDKZT/data.bin with 2800 records
Discovery 68a2f60d scanning time 830ms
Over populated 53, expected 50.
Training 7979387e with 1 binary file, target error: 0.000001, iterations: 1, sample rate: 100%, sparse: 100%
Discovery 68a2f60d recorded time 1s 546ms
Over populated 52, expected 50.
Training 0186c273 with 1 binary file, target error: 0.000001, iterations: 1, sample rate: 100%, sparse: 100%
Over populated 52, expected 50.
Training 80ec730d with 1 binary file, target error: 0.000001, iterations: 1, sample rate: 100%, sparse: 100%
Over populated 52, expected 50.
Training 4b2c0643 with 1 binary file, target error: 0.000001, iterations: 1, sample rate: 100%, sparse: 100%
Over populated 52, expected 50.
Generation 70 score 0.9944417763562753  error 0.005548492812722088 avg time 1s 473ms
Training 6452736e with 1 binary file, target error: 0.000001, iterations: 1, sample rate: 100%, sparse: 100%
Over populated 52, expected 50.
Training 869418e5 with 1 binary file, target error: 0.000001, iterations: 1, sample rate: 100%, sparse: 100%
Fine tuning increased fitness by 0.000004473391218784428 to 0.9944492415599886 adjusted 695 weights, 9 biases 
Over populated 52, expected 50.
Training 379e3ce3 with 1 binary file, target error: 0.000001, iterations: 1, sample rate: 100%, sparse: 100%
Training 89f89fee with 1 binary file, target error: 0.000001, iterations: 1, sample rate: 100%, sparse: 100%
Fine tuning increased fitness by 0.000002100187015963151 to 0.9944547284264434 adjusted 695 weights, 9 biases 
Discovered beneficial synapse from input-11 to 1a7f19e0-4e60-4c9a-ae8a-2cf93b26f1e3 with weight -1.0000, helping 83.0% more records than it harms (2328/2800)
Discovery 68a2f60d analyze time 11s 8ms found 1 candidates
Discovery 68a2f60d analyze harmful time 81ms found 0 candidates
Over populated 52, expected 50.
Discovery 68a2f60d analyze squashes time 225ms found 0 candidates
Training b48abd28 with 1 binary file, target error: 0.000001, iterations: 1, sample rate: 100%, sparse: 100%
Discovery b48abd28 with 1 binary files, sample rate: 100%, batch size: 512
Discovery b48abd28 initialize time 85ms
Discovery b48abd28 processing .trainData-fx_c_88/USDKZT/data.bin
Discovery b48abd28 read time 1ms for .trainData-fx_c_88/USDKZT/data.bin with 2800 records
Discovery b48abd28 scanning time 830ms
Over populated 52, expected 50.
Training 46ff70ea with 1 binary file, target error: 0.000001, iterations: 1, sample rate: 100%, sparse: 100%
Fine tuning increased fitness by 8.422643106298366e-7 to 0.9944570879686176 adjusted 679 weights, 9 biases 
Discovery b48abd28 recorded time 1s 422ms
Over populated 52, expected 50.
Training 6b538ecf with 1 binary file, target error: 0.000001, iterations: 1, sample rate: 100%, sparse: 100%
Fine tuning increased fitness by 0.000003746337541743472 to 0.9944608343061594 adjusted 679 weights, 9 biases 
Training 889b0cc3 with 1 binary file, target error: 0.000001, iterations: 1, sample rate: 100%, sparse: 100%
Fine tuning increased fitness by 0.0000025498777054266952 to 0.9944633841838648 adjusted 679 weights, 9 biases 
Over populated 52, expected 50.
Training 4e1546aa with 1 binary file, target error: 0.000001, iterations: 1, sample rate: 100%, sparse: 100%
Fine tuning increased fitness by 0.0000013671205165710631 to 0.9944647513043814 adjusted 679 weights, 9 biases 
Over populated 52, expected 50.
Training 812408cb with 1 binary file, target error: 0.000001, iterations: 1, sample rate: 100%, sparse: 100%
Fine tuning increased fitness by 0.0000014017486398287815 to 0.9944661530530212 adjusted 679 weights, 9 biases 
Generation 80 score 0.9944661530530212  error 0.005524116116519161 avg time 1s 443ms
Training bf659647 with 1 binary file, target error: 0.000001, iterations: 1, sample rate: 100%, sparse: 100%
Over populated 52, expected 50.
Training a9738f6e with 1 binary file, target error: 0.000001, iterations: 1, sample rate: 100%, sparse: 100%
Fine tuning increased fitness by 0.0000024523011722399346 to 0.9944702371963213 adjusted 915 weights, 10 biases 
Over populated 52, expected 50.
Training b6e53abb with 1 binary file, target error: 0.000001, iterations: 1, sample rate: 100%, sparse: 100%
Over populated 52, expected 50.
Discovered beneficial synapse from input-11 to 1a7f19e0-4e60-4c9a-ae8a-2cf93b26f1e3 with weight -1.0000, helping 86.6% more records than it harms (2426/2800)
Discovery b48abd28 analyze time 11s 16ms found 1 candidates
Discovered harmful synapse from input-972 to 387a76c6-268c-4a43-a89f-23a63647fd41, harming 86.6% more records than it helps (0/2800)
Discovery b48abd28 analyze harmful time 194ms found 1 candidates
Training 8580d8dc with 1 binary file, target error: 0.000001, iterations: 1, sample rate: 100%, sparse: 100%
Discovery b48abd28 analyze squashes time 336ms found 0 candidates
Over populated 52, expected 50.
Training 11394436 with 1 binary file, target error: 0.000001, iterations: 1, sample rate: 100%, sparse: 100%
Fine tuning increased fitness by 5.007565527792579e-7 to 0.9944768759951343 adjusted 700 weights, 10 biases 
Discovery 11394436 with 1 binary files, sample rate: 100%, batch size: 512
Discovery 11394436 initialize time 85ms
Discovery 11394436 processing .trainData-fx_c_88/USDKZT/data.bin
Discovery 11394436 read time 4ms for .trainData-fx_c_88/USDKZT/data.bin with 2800 records
Discovery 11394436 scanning time 823ms
Over populated 53, expected 50.
Training 3d68e1ac with 1 binary file, target error: 0.000001, iterations: 1, sample rate: 100%, sparse: 100%
Fine tuning increased fitness by 0.000001057574278928719 to 0.9944779335694133 adjusted 700 weights, 10 biases 
Discovery 11394436 recorded time 1s 520ms
Over populated 52, expected 50.
Training a2a38a6b with 1 binary file, target error: 0.000001, iterations: 1, sample rate: 100%, sparse: 100%
Over populated 52, expected 50.
Training 066039c8 with 1 binary file, target error: 0.000001, iterations: 1, sample rate: 100%, sparse: 100%
Fine tuning increased fitness by 9.843955975918917e-7 to 0.9944821606300138 adjusted 689 weights, 10 biases 
Over populated 52, expected 50.
Training 4d6b5105 with 1 binary file, target error: 0.000001, iterations: 1, sample rate: 100%, sparse: 100%
Fine tuning increased fitness by 0.000002956254830044358 to 0.9944851168848439 adjusted 689 weights, 10 biases 
Over populated 52, expected 50.
Training 1fa9fa4d with 1 binary file, target error: 0.000001, iterations: 1, sample rate: 100%, sparse: 100%
Fine tuning increased fitness by 0.000001329811288419691 to 0.9944864466961323 adjusted 689 weights, 10 biases 
Over populated 52, expected 50.
Generation 90 score 0.9944864466961323  error 0.0055038224735212225 avg time 1s 450ms
Training f5a34f5e with 1 binary file, target error: 0.000001, iterations: 1, sample rate: 100%, sparse: 100%
Training c95e1baf with 1 binary file, target error: 0.000001, iterations: 1, sample rate: 100%, sparse: 100%
Fine tuning increased fitness by 0.0000029974141620980888 to 0.9944922713666484 adjusted 653 weights, 10 biases 
Over populated 52, expected 50.
Training 65158856 with 1 binary file, target error: 0.000001, iterations: 1, sample rate: 100%, sparse: 100%
Fine tuning increased fitness by 9.370361259142257e-7 to 0.9944932084027743 adjusted 653 weights, 10 biases 
Discovered beneficial synapse from input-11 to 1a7f19e0-4e60-4c9a-ae8a-2cf93b26f1e3 with weight -1.0000, helping 85.3% more records than it harms (2387/2800)
Discovery 11394436 analyze time 10s 277ms found 1 candidates
Discovered harmful synapse from input-972 to 387a76c6-268c-4a43-a89f-23a63647fd41, harming 85.3% more records than it helps (0/2800)
Discovery 11394436 analyze harmful time 537ms found 1 candidates
Training 86511965 with 1 binary file, target error: 0.000001, iterations: 1, sample rate: 100%, sparse: 100%
Discovery 11394436 analyze squashes time 490ms found 2 candidates, Summary: 1a7f19e0-4e60-4c9a-ae8a-2cf93b26f1e3 LeakyReLU -> LogSigmoid improved: 9.8% error: 12447.2585 -> 11233.4020,387a76c6-268c-4a43-a89f-23a63647fd41 Swish -> LogSigmoid improved: 9.4% error: 852.9538 -> 772.7323
Over populated 52, expected 50.
Training eaf26ad5 with 1 binary file, target error: 0.000001, iterations: 1, sample rate: 100%, sparse: 100%
Fine tuning increased fitness by 0.000001690582570046395 to 0.9944959382138346 adjusted 653 weights, 10 biases 
Discovery eaf26ad5 with 1 binary files, sample rate: 100%, batch size: 512
Discovery eaf26ad5 initialize time 83ms
Discovery eaf26ad5 processing .trainData-fx_c_88/USDKZT/data.bin
Discovery eaf26ad5 read time 5ms for .trainData-fx_c_88/USDKZT/data.bin with 2800 records
Discovery eaf26ad5 scanning time 823ms
Over populated 55, expected 50.
Training 5abc24d5 with 1 binary file, target error: 0.000001, iterations: 1, sample rate: 100%, sparse: 100%
Discovery eaf26ad5 recorded time 1s 502ms
Over populated 52, expected 50.
Training 37be44e7 with 1 binary file, target error: 0.000001, iterations: 1, sample rate: 100%, sparse: 100%
Fine tuning increased fitness by 0.000001625722133913321 to 0.9944991271621556 adjusted 643 weights, 9 biases 
Constant neuron 1a7f19e0-4e60-4c9a-ae8a-2cf93b26f1e3 convert hidden to constant
Adjust neuron 1a7f19e0-4e60-4c9a-ae8a-2cf93b26f1e3 bias -6.6014763 to -0.066014763
Training 0278891d with 1 binary file, target error: 0.000001, iterations: 1, sample rate: 100%, sparse: 100%
Over populated 52, expected 50.
Training c92f6501 with 1 binary file, target error: 0.000001, iterations: 1, sample rate: 100%, sparse: 100%
Fine tuning increased fitness by 0.0000028410382275634305 to 0.9945043778800619 adjusted 691 weights, 10 biases 
Over populated 52, expected 50.
Training d717db6b with 1 binary file, target error: 0.000001, iterations: 1, sample rate: 100%, sparse: 100%
Fine tuning increased fitness by 0.0000016376406715146175 to 0.9945060155207334 adjusted 685 weights, 10 biases 
Over populated 52, expected 50.
Generation 100 score 0.9945060155207334  error 0.0054842536489991 avg time 1s 460ms
Training ba286f22 with 1 binary file, target error: 0.000001, iterations: 1, sample rate: 100%, sparse: 100%
Fine tuning increased fitness by 3.841773392743164e-7 to 0.9945063996980726 adjusted 685 weights, 10 biases 
Over populated 52, expected 50.
Training e2fcd7ad with 1 binary file, target error: 0.000001, iterations: 1, sample rate: 100%, sparse: 100%
Over populated 52, expected 50.
Training 79039a99 with 1 binary file, target error: 0.000001, iterations: 1, sample rate: 100%, sparse: 100%
Fine tuning increased fitness by 0.000001282776093347593 to 0.9945083841939883 adjusted 668 weights, 10 biases 
Discovered beneficial synapse from input-11 to 1a7f19e0-4e60-4c9a-ae8a-2cf93b26f1e3 with weight -1.0000, helping 85.1% more records than it harms (2384/2800)
Discovery eaf26ad5 analyze time 10s 649ms found 1 candidates
Discovered harmful synapse from input-972 to 387a76c6-268c-4a43-a89f-23a63647fd41, harming 85.1% more records than it helps (0/2800)
Discovery eaf26ad5 analyze harmful time 185ms found 1 candidates
Discovery eaf26ad5 analyze squashes time 182ms found 0 candidates
Over populated 52, expected 50.
Training 667be9ea with 1 binary file, target error: 0.000001, iterations: 1, sample rate: 100%, sparse: 100%
Discovery 667be9ea with 1 binary files, sample rate: 100%, batch size: 512
Discovery 667be9ea initialize time 79ms
Discovery 667be9ea processing .trainData-fx_c_88/USDKZT/data.bin
Discovery 667be9ea read time 6ms for .trainData-fx_c_88/USDKZT/data.bin with 2800 records
Discovery 667be9ea scanning time 833ms
Over populated 53, expected 50.
Fine tuning increased fitness by 0.0000024370920232996696 to 0.9945127451288653 adjusted 668 weights, 10 biases 
Discovery 667be9ea recorded time 1s 464ms
Over populated 52, expected 50.
Fine tuning increased fitness by 7.05701753922483e-7 to 0.9945134508306193 adjusted 668 weights, 10 biases 
Fine tuning increased fitness by 2.7694236237607583e-8 to 0.9945134785248555 adjusted 668 weights, 10 biases 
Generation 110 score 0.9945188389675902  error 0.005471310200532047 avg time 1s 419ms
Fine tuning increased fitness by 8.921827276964223e-8 to 0.994518928185863 adjusted 608 weights, 10 biases 
Fine tuning increased fitness by 1.765650372576033e-7 to 0.9945192260373118 adjusted 515 weights, 10 biases 
Discovered beneficial synapse from input-11 to 387a76c6-268c-4a43-a89f-23a63647fd41 with weight -1.0000, helping 85.1% more records than it harms (2384/2800)
Discovery 667be9ea analyze time 11s 59ms found 1 candidates
Discovered harmful synapse from input-972 to 387a76c6-268c-4a43-a89f-23a63647fd41, harming 85.1% more records than it helps (0/2800)
Discovery 667be9ea analyze harmful time 185ms found 1 candidates
Discovery 667be9ea analyze squashes time 324ms found 0 candidates
Fine tuning increased fitness by 3.3159309398289594e-7 to 0.9945195576304058 adjusted 515 weights, 10 biases 
Fine tuning increased fitness by 5.381300489659679e-7 to 0.9945200957604547 adjusted 1 weight 
Fine tuning increased fitness by 0.0000011957903026660333 to 0.9945212915507574 adjusted 1 weight 
Fine tuning increased fitness by 0.0000016803976478074745 to 0.9945229719484052 adjusted 1 weight 
Fine tuning increased fitness by 8.285673297470098e-7 to 0.994523800515735 adjusted 1 weight 
Fine tuning increased fitness by 4.256937358171342e-9 to 0.9945238047726723 adjusted 1 weight 
Fine tuning increased fitness by 3.76793052314639e-9 to 0.9945238085406028 adjusted 1 weight 
Generation 120 score 0.9945238085406028  error 0.0054663206280076825 avg time 1s 82ms
Fine tuning increased fitness by 5.081723930544513e-11 to 0.9945238085914201 adjusted 1 weight 
Fine tuning increased fitness by 2.3236113033675565e-10 to 0.9945238088237812 adjusted 1 weight 
Generation 130 score 0.9945238088237812  error 0.005466320344829252 avg time 802ms
Generation 132 score 0.9945238088237812  error 0.005466320344829252 avg time 246ms
{
  error: 0.005466320344829252,
  score: 0.9945238088237812,
  generation: 132,
  time: 180249
}

=== Processing USDCNY (4/10) ===
1 mutation, mutation rate 39.6%, elitism 10, mutation FFW, selection FITNESS_PROPORTIONATE
Creature count: 48
Training 20cb127c with 1 binary file, target error: 0.000001, iterations: 1, sample rate: 100%, sparse: 100%
Discovery 20cb127c with 1 binary files, sample rate: 100%, batch size: 512
Discovery 20cb127c initialize time 84ms
Discovery 20cb127c processing .trainData-fx_c_88/USDCNY/data.bin
Discovery 20cb127c read time 5ms for .trainData-fx_c_88/USDCNY/data.bin with 3359 records
Discovery 20cb127c scanning time 1s 69ms
Training 85cb27c0 with 1 binary file, target error: 0.000001, iterations: 1, sample rate: 100%, sparse: 100%
Discovery 20cb127c recorded time 1s 669ms
Training 88d83d2d with 1 binary file, target error: 0.000001, iterations: 1, sample rate: 100%, sparse: 100%
Training fcf8a2bd with 1 binary file, target error: 0.000001, iterations: 1, sample rate: 100%, sparse: 100%
Training 0fe1a635 with 1 binary file, target error: 0.000001, iterations: 1, sample rate: 100%, sparse: 100%
Fine tuning increased fitness by 8.909740278895129e-9 to 0.9995252126668865 adjusted 2 weights 
Training 0704eee1 with 1 binary file, target error: 0.000001, iterations: 1, sample rate: 100%, sparse: 100%
Generation 10 score 0.9995253796906094  error 0.0004659698109815716 avg time 1s 77ms
Fine tuning increased fitness by 2.130735901051395e-7 to 0.9995255927641995 adjusted 3 weights 
Training c36e332c with 1 binary file, target error: 0.000001, iterations: 1, sample rate: 100%, sparse: 100%
Fine tuning increased fitness by 1.8411174884658266e-7 to 0.9995257768759483 adjusted 3 weights 
Fine tuning increased fitness by 5.814578796226044e-8 to 0.9995258350217363 adjusted 3 weights 
Training 06b22bda with 1 binary file, target error: 0.000001, iterations: 1, sample rate: 100%, sparse: 100%
Fine tuning increased fitness by 4.869618719371971e-8 to 0.9995258837179235 adjusted 3 weights 
Fine tuning increased fitness by 2.0953719415128802e-7 to 0.9995260932551177 adjusted 3 weights 
Training f15ca525 with 1 binary file, target error: 0.000001, iterations: 1, sample rate: 100%, sparse: 100%
Fine tuning increased fitness by 5.057144648601408e-7 to 0.9995265989695825 adjusted 3 weights 
Fine tuning increased fitness by 4.975318618205549e-7 to 0.9995270965014443 adjusted 3 weights 
Training ddc5c8ca with 1 binary file, target error: 0.000001, iterations: 1, sample rate: 100%, sparse: 100%
Fine tuning increased fitness by 2.98273854060227e-7 to 0.9995280969770688 adjusted 2 weights 
Training b4194b8b with 1 binary file, target error: 0.000001, iterations: 1, sample rate: 100%, sparse: 100%
Generation 20 score 0.9995285745426621  error 0.00046277495892884865 avg time 1s 25ms
Training 2ea7727d with 1 binary file, target error: 0.000001, iterations: 1, sample rate: 100%, sparse: 100%
Fine tuning increased fitness by 1.1360229579260306e-7 to 0.9995290660433863 adjusted 128 weights 
Training 588c1679 with 1 binary file, target error: 0.000001, iterations: 1, sample rate: 100%, sparse: 100%
Fine tuning increased fitness by 4.16947162351633e-8 to 0.9995291077381026 adjusted 128 weights 
Training 4ed80f9a with 1 binary file, target error: 0.000001, iterations: 1, sample rate: 100%, sparse: 100%
Fine tuning increased fitness by 5.077233633521416e-9 to 0.9995291221352355 adjusted 128 weights 
Training e24f8efe with 1 binary file, target error: 0.000001, iterations: 1, sample rate: 100%, sparse: 100%
Fine tuning increased fitness by 6.615777209395546e-7 to 0.999529951089715 adjusted 129 weights 
Training 8d36edbe with 1 binary file, target error: 0.000001, iterations: 1, sample rate: 100%, sparse: 100%
Generation 30 score 0.9995300267493187  error 0.00046131275227226425 avg time 1s 121ms
Training f479e14d with 1 binary file, target error: 0.000001, iterations: 1, sample rate: 100%, sparse: 100%
Training 9eb1c173 with 1 binary file, target error: 0.000001, iterations: 1, sample rate: 100%, sparse: 100%
Discovered beneficial synapse from input-1309 to output-0 with weight 1.0000, helping 53.0% more records than it harms (2570/3359)
Discovery 20cb127c analyze time 33s 715ms found 1 candidates
Training 0874d905 with 1 binary file, target error: 0.000001, iterations: 1, sample rate: 100%, sparse: 100%
Fine tuning increased fitness by 7.182458949817061e-8 to 0.9995301358464261 adjusted 5 weights 
Discovered harmful synapse from input-1134 to output-0, harming 37.6% more records than it helps (1048/3359)
Discovery 20cb127c analyze harmful time 3s 461ms found 1 candidates
Training a4828e7d with 1 binary file, target error: 0.000001, iterations: 1, sample rate: 100%, sparse: 100%
Fine tuning increased fitness by 5.852280987594938e-7 to 0.9995313565894258 adjusted 103 weights, 1 bias 
Discovery 20cb127c analyze squashes time 1s 261ms found 2 candidates, Summary: output-0 LOGISTIC -> SELU improved: 20.4% error: 53.5625 -> 42.6577,output-2 LeakyReLU -> BIPOLAR improved: 23.9% error: 3.5756 -> 2.7204
Discovery c8ff7466 with 1 binary files, sample rate: 100%, batch size: 512
Discovery c8ff7466 initialize time 86ms
Discovery c8ff7466 processing .trainData-fx_c_88/USDCNY/data.bin
Discovery c8ff7466 read time 4ms for .trainData-fx_c_88/USDCNY/data.bin with 3359 records
Training 0f544206 with 1 binary file, target error: 0.000001, iterations: 1, sample rate: 100%, sparse: 100%
Discovery c8ff7466 scanning time 1s 57ms
Fine tuning increased fitness by 2.4630474804165914e-7 to 0.9995317624219046 adjusted 90 weights, 1 bias 
Generation 40 score 0.9995317624219046  error 0.0004595470796863949 avg time 1s 85ms
Discovery c8ff7466 recorded time 1s 850ms
Training 55aebd84 with 1 binary file, target error: 0.000001, iterations: 1, sample rate: 100%, sparse: 100%
Fine tuning increased fitness by 5.989063599498579e-7 to 0.9995329591852273 adjusted 5 weights 
Fine tuning increased fitness by 3.265412731323636e-7 to 0.9995332857265005 adjusted 5 weights 
Training 5a9d0291 with 1 binary file, target error: 0.000001, iterations: 1, sample rate: 100%, sparse: 100%
Fine tuning increased fitness by 2.3489547418265033e-8 to 0.9995333092160479 adjusted 5 weights 
Training 8cce9675 with 1 binary file, target error: 0.000001, iterations: 1, sample rate: 100%, sparse: 100%
Training 2073ae6a with 1 binary file, target error: 0.000001, iterations: 1, sample rate: 100%, sparse: 100%
Fine tuning increased fitness by 8.465116385636406e-10 to 0.9995333100625595 adjusted 5 weights 
Fine tuning increased fitness by 1.132696159089619e-9 to 0.9995333111952557 adjusted 5 weights 
Training a4c5ab58 with 1 binary file, target error: 0.000001, iterations: 1, sample rate: 100%, sparse: 100%
Generation 50 score 0.9995333120657277  error 0.0004579974358633285 avg time 1s 79ms
Training 04b122e0 with 1 binary file, target error: 0.000001, iterations: 1, sample rate: 100%, sparse: 100%
Training d943b1af with 1 binary file, target error: 0.000001, iterations: 1, sample rate: 100%, sparse: 100%
Fine tuning increased fitness by 1.31460210495149e-8 to 0.9995337528576502 adjusted 198 weights, 2 biases 
Training 1b1508a8 with 1 binary file, target error: 0.000001, iterations: 1, sample rate: 100%, sparse: 100%
Fine tuning increased fitness by 4.2493509821994735e-9 to 0.9995337571070012 adjusted 198 weights, 2 biases 
Fine tuning increased fitness by 2.1459187760086706e-9 to 0.99953375925292 adjusted 198 weights, 2 biases 
Training f3308718 with 1 binary file, target error: 0.000001, iterations: 1, sample rate: 100%, sparse: 100%
Training 8d890e0d with 1 binary file, target error: 0.000001, iterations: 1, sample rate: 100%, sparse: 100%
Fine tuning increased fitness by 2.572115853638479e-10 to 0.9995345553034404 adjusted 199 weights, 2 biases 
Generation 60 score 0.9995345553034404  error 0.0004567541981506511 avg time 1s 162ms
Training 1dcae8be with 1 binary file, target error: 0.000001, iterations: 1, sample rate: 100%, sparse: 100%
Fine tuning increased fitness by 1.8486388975169632e-8 to 0.9995345881476883 adjusted 311 weights, 2 biases 
Fine tuning increased fitness by 1.7324035983534714e-8 to 0.9995346054717242 adjusted 292 weights, 2 biases 
Training 227450bd with 1 binary file, target error: 0.000001, iterations: 1, sample rate: 100%, sparse: 100%
Fine tuning increased fitness by 3.697253871948192e-7 to 0.999535403936471 adjusted 293 weights, 2 biases 
Training 63b369c8 with 1 binary file, target error: 0.000001, iterations: 1, sample rate: 100%, sparse: 100%
Fine tuning increased fitness by 3.4749937549705123e-7 to 0.999536112518264 adjusted 3 weights 
Training 9dc154d6 with 1 binary file, target error: 0.000001, iterations: 1, sample rate: 100%, sparse: 100%
Fine tuning increased fitness by 2.934202203430658e-8 to 0.999536141860286 adjusted 3 weights 
Training 4941f512 with 1 binary file, target error: 0.000001, iterations: 1, sample rate: 100%, sparse: 100%
Discovered beneficial synapse from input-1309 to output-0 with weight 1.0000, helping 52.7% more records than it harms (2564/3359)
Discovery c8ff7466 analyze time 33s 587ms found 1 candidates
Generation 70 score 0.999536141860286  error 0.0004551576413048522 avg time 1s 147ms
Training b1a47ae1 with 1 binary file, target error: 0.000001, iterations: 1, sample rate: 100%, sparse: 100%
Fine tuning increased fitness by 6.184086576155323e-11 to 0.9995361419221269 adjusted 3 weights 
Discovered harmful synapse from input-1299 to output-0, harming 37.3% more records than it helps (1053/3359)
Discovery c8ff7466 analyze harmful time 3s 463ms found 1 candidates
Training e687b01b with 1 binary file, target error: 0.000001, iterations: 1, sample rate: 100%, sparse: 100%
Fine tuning increased fitness by 6.656514894842758e-9 to 0.9995361687380041 adjusted 175 weights, 1 bias 
Discovery c8ff7466 analyze squashes time 1s 348ms found 2 candidates, Summary: output-0 LOGISTIC -> SELU improved: 20.3% error: 53.3383 -> 42.5272,output-2 LeakyReLU -> LogSigmoid improved: 23.9% error: 3.5739 -> 2.7200
Training d7c3daf7 with 1 binary file, target error: 0.000001, iterations: 1, sample rate: 100%, sparse: 100%
Fine tuning increased fitness by 2.3885933231326817e-9 to 0.9995361711265974 adjusted 175 weights, 1 bias 
Discovery d7c3daf7 with 1 binary files, sample rate: 100%, batch size: 512
Discovery d7c3daf7 initialize time 79ms
Discovery d7c3daf7 processing .trainData-fx_c_88/USDCNY/data.bin
Fine tuning increased fitness by 1.5792508412104667e-9 to 0.9995361727058483 adjusted 175 weights, 1 bias 
Discovery d7c3daf7 read time 3ms for .trainData-fx_c_88/USDCNY/data.bin with 3359 records
Discovery d7c3daf7 scanning time 1s 35ms
Discovery d7c3daf7 recorded time 1s 637ms
Training e6077187 with 1 binary file, target error: 0.000001, iterations: 1, sample rate: 100%, sparse: 100%
Training e24b811d with 1 binary file, target error: 0.000001, iterations: 1, sample rate: 100%, sparse: 100%
Fine tuning increased fitness by 2.569422108411601e-8 to 0.9995367461644098 adjusted 698 weights, 3 biases 
Generation 80 score 0.9995367461644098  error 0.00045455333718118625 avg time 1s 62ms
Training 800adba5 with 1 binary file, target error: 0.000001, iterations: 1, sample rate: 100%, sparse: 100%
Fine tuning increased fitness by 2.695365686200546e-8 to 0.9995367731180667 adjusted 694 weights, 3 biases 
Training 9c2943f3 with 1 binary file, target error: 0.000001, iterations: 1, sample rate: 100%, sparse: 100%
Fine tuning increased fitness by 3.0548839902166947e-8 to 0.9995368036669066 adjusted 694 weights, 3 biases 
Fine tuning increased fitness by 5.037306116673079e-8 to 0.9995368540399677 adjusted 694 weights, 3 biases 
Training 05a11514 with 1 binary file, target error: 0.000001, iterations: 1, sample rate: 100%, sparse: 100%
Fine tuning increased fitness by 6.181000888894062e-8 to 0.9995369158499766 adjusted 694 weights, 3 biases 
Training 731bf88e with 1 binary file, target error: 0.000001, iterations: 1, sample rate: 100%, sparse: 100%
Training b4aa6c38 with 1 binary file, target error: 0.000001, iterations: 1, sample rate: 100%, sparse: 100%
Fine tuning increased fitness by 1.6569237815122762e-7 to 0.9995374331955521 adjusted 334 weights, 2 biases 
Fine tuning increased fitness by 2.924944101367899e-7 to 0.9995377256899622 adjusted 334 weights, 2 biases 
Training 4f0a92a6 with 1 binary file, target error: 0.000001, iterations: 1, sample rate: 100%, sparse: 100%
Fine tuning increased fitness by 4.814479924730719e-7 to 0.9995382071379547 adjusted 326 weights, 2 biases 
Generation 90 score 0.9995382071379547  error 0.00045310236363630936 avg time 1s 243ms
Fine tuning increased fitness by 1.432469527440361e-7 to 0.9995383503849075 adjusted 326 weights, 2 biases 
Training 87610607 with 1 binary file, target error: 0.000001, iterations: 1, sample rate: 100%, sparse: 100%
Fine tuning increased fitness by 1.2227177337287287e-7 to 0.9995386372429376 adjusted 315 weights, 2 biases 
Training cb7354de with 1 binary file, target error: 0.000001, iterations: 1, sample rate: 100%, sparse: 100%
Fine tuning increased fitness by 1.1488215545529812e-7 to 0.999538752125093 adjusted 289 weights, 2 biases 
Fine tuning increased fitness by 2.0530367250692905e-7 to 0.9995389574287655 adjusted 289 weights, 2 biases 
Training 0dcc4cfc with 1 binary file, target error: 0.000001, iterations: 1, sample rate: 100%, sparse: 100%
Fine tuning increased fitness by 2.2461376492088903e-7 to 0.9995391820425304 adjusted 289 weights, 2 biases 
Training 18332c92 with 1 binary file, target error: 0.000001, iterations: 1, sample rate: 100%, sparse: 100%
Retrying increased fitness by 3.211045510598254e-7 to 0.9995397480400032 adjusted 283 weights, 2 biases
Fine tuning increased fitness by 3.5641688778120795e-7 to 0.999540104456891 adjusted 283 weights, 2 biases 
Training c1e79f6b with 1 binary file, target error: 0.000001, iterations: 1, sample rate: 100%, sparse: 100%
Generation 100 score 0.999540104456891  error 0.0004512050447000005 avg time 1s 121ms
Training 2404e898 with 1 binary file, target error: 0.000001, iterations: 1, sample rate: 100%, sparse: 100%
Training cb1bf457 with 1 binary file, target error: 0.000001, iterations: 1, sample rate: 100%, sparse: 100%
Fine tuning increased fitness by 9.504034836904651e-8 to 0.9995402371782245 adjusted 5 weights 
Training 3ba23391 with 1 binary file, target error: 0.000001, iterations: 1, sample rate: 100%, sparse: 100%
Training 322c3df3 with 1 binary file, target error: 0.000001, iterations: 1, sample rate: 100%, sparse: 100%
Training 3866f8e8 with 1 binary file, target error: 0.000001, iterations: 1, sample rate: 100%, sparse: 100%
Discovered beneficial synapse from input-1309 to output-0 with weight 1.0000, helping 52.1% more records than it harms (2554/3359)
Discovery d7c3daf7 analyze time 37s 723ms found 1 candidates
Generation 110 score 0.9995405373358378  error 0.0004507621657531196 avg time 1s 108ms
Fine tuning increased fitness by 1.9400038464567615e-8 to 0.9995405567358763 adjusted 1 weight 
Training 183a0312 with 1 binary file, target error: 0.000001, iterations: 1, sample rate: 100%, sparse: 100%
Fine tuning increased fitness by 0.000006029475913438276 to 0.99955272359511 adjusted 3 weights 
Training 7e2e0fdb with 1 binary file, target error: 0.000001, iterations: 1, sample rate: 100%, sparse: 100%
Fine tuning increased fitness by 0.0000027277647318690867 to 0.9995554513598419 adjusted 3 weights 
Discovered harmful synapse from input-1134 to output-0, harming 37.0% more records than it helps (1058/3359)
Discovery d7c3daf7 analyze harmful time 3s 837ms found 1 candidates
Fine tuning increased fitness by 5.659930291113113e-8 to 0.9995555079591448 adjusted 3 weights 
Discovery d7c3daf7 analyze squashes time 1s 293ms found 2 candidates, Summary: output-0 LOGISTIC -> SELU improved: 20.2% error: 53.8015 -> 42.9427,output-2 LeakyReLU -> LogSigmoid improved: 23.9% error: 3.5756 -> 2.7218
Training ba0c5c10 with 1 binary file, target error: 0.000001, iterations: 1, sample rate: 100%, sparse: 100%
Fine tuning increased fitness by 1.3767704942768688e-7 to 0.9995556456361943 adjusted 3 weights 
Discovery ba0c5c10 with 1 binary files, sample rate: 100%, batch size: 512
Discovery ba0c5c10 initialize time 86ms
Discovery ba0c5c10 processing .trainData-fx_c_88/USDCNY/data.bin
Discovery ba0c5c10 read time 3ms for .trainData-fx_c_88/USDCNY/data.bin with 3359 records
Fine tuning increased fitness by 2.3399814430558052e-7 to 0.9995558796343386 adjusted 3 weights 
Discovery ba0c5c10 scanning time 1s 42ms
Discovery ba0c5c10 recorded time 1s 803ms
Training bda749a3 with 1 binary file, target error: 0.000001, iterations: 1, sample rate: 100%, sparse: 100%
Fine tuning increased fitness by 3.8673767710495355e-7 to 0.9995562663720157 adjusted 3 weights 
Fine tuning increased fitness by 6.871030890920338e-7 to 0.9995569534751048 adjusted 3 weights 
Training 6a68acc5 with 1 binary file, target error: 0.000001, iterations: 1, sample rate: 100%, sparse: 100%
Fine tuning increased fitness by 0.0000012612799389355445 to 0.9995582147550437 adjusted 3 weights 
Generation 120 score 0.9995582147550437  error 0.0004330747465473244 avg time 1s 27ms
Fine tuning increased fitness by 0.000001652487234826694 to 0.9995598672422785 adjusted 3 weights 
Training 2e57af2c with 1 binary file, target error: 0.000001, iterations: 1, sample rate: 100%, sparse: 100%
Fine tuning increased fitness by 0.0000021756405169659487 to 0.9995620428827955 adjusted 3 weights 
Fine tuning increased fitness by 0.0000013648489728401714 to 0.9995634077317683 adjusted 3 weights 
Training a5a1ef82 with 1 binary file, target error: 0.000001, iterations: 1, sample rate: 100%, sparse: 100%
Fine tuning increased fitness by 0.000004144509586412326 to 0.9995675522413547 adjusted 3 weights 
Training ea6901ab with 1 binary file, target error: 0.000001, iterations: 1, sample rate: 100%, sparse: 100%
Training 6d47914f with 1 binary file, target error: 0.000001, iterations: 1, sample rate: 100%, sparse: 100%
Fine tuning increased fitness by 6.910293637307774e-8 to 0.9995694090244174 adjusted 4 weights 
Training 2a5f2c9d with 1 binary file, target error: 0.000001, iterations: 1, sample rate: 100%, sparse: 100%
Fine tuning increased fitness by 3.407033239977153e-7 to 0.9995697497277414 adjusted 4 weights 
Generation 130 score 0.9995697497277414  error 0.0004215297738496013 avg time 1s 34ms
Fine tuning increased fitness by 9.371894993392971e-8 to 0.9995698434466913 adjusted 4 weights 
Training 15194b64 with 1 binary file, target error: 0.000001, iterations: 1, sample rate: 100%, sparse: 100%
Training f367a682 with 1 binary file, target error: 0.000001, iterations: 1, sample rate: 100%, sparse: 100%
Fine tuning increased fitness by 2.39024249615305e-7 to 0.999571299961035 adjusted 10 weights, 1 bias 
Fine tuning increased fitness by 4.067667104257211e-7 to 0.9995717067277454 adjusted 10 weights, 1 bias 
Training 74e5e57e with 1 binary file, target error: 0.000001, iterations: 1, sample rate: 100%, sparse: 100%
Fine tuning increased fitness by 6.319829215506445e-8 to 0.9995717699260376 adjusted 10 weights, 1 bias 
Fine tuning increased fitness by 1.8395493872613855e-7 to 0.9995720499081858 adjusted 10 weights 
Fine tuning increased fitness by 9.456274208119453e-8 to 0.9995721444709279 adjusted 8 weights 
Generation 140 score 0.9995721444709279  error 0.00041913503066304193 avg time 1s 46ms
Generation 150 score 0.9995721492073565  error 0.0004191302942345099 avg time 1s 53ms
Discovered beneficial synapse from input-658 to output-0 with weight 1.0000, helping 63.1% more records than it harms (2739/3359)
Discovery ba0c5c10 analyze time 36s 166ms found 1 candidates
Fine tuning increased fitness by 5.4365136392675595e-8 to 0.9995732873266281 adjusted 4 weights 
Discovered harmful synapse from input-1134 to output-0, harming 55.6% more records than it helps (745/3359)
Discovery ba0c5c10 analyze harmful time 3s 736ms found 1 candidates
Discovery ba0c5c10 analyze squashes time 1s 196ms found 2 candidates, Summary: output-0 LOGISTIC -> SELU improved: 27.3% error: 54.2757 -> 39.4790,output-2 LeakyReLU -> LogSigmoid improved: 23.9% error: 3.5764 -> 2.7213
Fine tuning increased fitness by 8.223838476872913e-8 to 0.9995734258701876 adjusted 1 weight 
Fine tuning increased fitness by 3.208006738031344e-8 to 0.999573457950255 adjusted 1 weight 
Generation 160 score 0.999573457950255  error 0.00041779155133593284 avg time 1s 14ms
Generation 167 score 0.999573457950255  error 0.00041779155133593284 avg time 597ms
{
  error: 0.00041779155133593284,
  score: 0.999573457950255,
  generation: 167,
  time: 180216
}

=== Processing USDARS (5/10) ===
../GRQ-FX-models/v1//USDARS.json NotFound: No such file or directory (os error 2): readfile '../GRQ-FX-models/v1//USDARS.json'
    at Object.readTextFileSync (ext:deno_fs/30_fs.js:770:10)
    at file:///data/GRQ/GRQ/src/fx/EvolveApp.ts:137:12
    at eventLoopTick (ext:core/01_core.js:179:7) {
  name: "NotFound",
  code: "ENOENT"
}
2 mutations, mutation rate 5.0%, elitism 4, mutation ALL, selection POWER
Creature count: 48
Training 314e97e9 with 1 binary file, target error: 0.000001, iterations: 1, sample rate: 100%, sparse: 100%
Discovery 314e97e9 with 1 binary files, sample rate: 100%, batch size: 512
Discovery 314e97e9 initialize time 83ms
Discovery 314e97e9 processing .trainData-fx_c_88/USDARS/data.bin
Discovery 314e97e9 read time 4ms for .trainData-fx_c_88/USDARS/data.bin with 3359 records
Discovery 314e97e9 scanning time 1s 330ms
Fine tuning increased fitness by 0.000041221491470788685 to 0.9623335532675 adjusted 40 weights 
Discovery 314e97e9 recorded time 1s 998ms
Training ab64de62 with 1 binary file, target error: 0.000001, iterations: 1, sample rate: 100%, sparse: 100%
Training e6d5743b with 1 binary file, target error: 0.000001, iterations: 1, sample rate: 100%, sparse: 100%
Remove neuron ae68109e-59a3-40a3-b92e-a686e56f74bb as no longer connected
Training ac1e501b with 1 binary file, target error: 0.000001, iterations: 1, sample rate: 100%, sparse: 100%
Fine tuning increased fitness by 0.0000021819240321185873 to 0.9690830398823328 adjusted 4 weights, 1 bias 
Training 54e9dbe7 with 1 binary file, target error: 0.000001, iterations: 1, sample rate: 100%, sparse: 100%
Discovered beneficial synapse from input-816 to cc590223-9b44-4ad4-b0a3-9863b1f15ac4 with weight 1.0000, helping 40.8% more records than it harms (2365/3359)
Discovery 314e97e9 analyze time 15s 874ms found 1 candidates
Generation 10 score 0.9700038024151951  error 0.02998135663410904 avg time 1s 944ms
Training eeaa5dda with 1 binary file, target error: 0.000001, iterations: 1, sample rate: 100%, sparse: 100%
Discovered harmful synapse from input-336 to cc590223-9b44-4ad4-b0a3-9863b1f15ac4, harming 37.5% more records than it helps (1050/3359)
Discovery 314e97e9 analyze harmful time 796ms found 1 candidates
Discovery 314e97e9 analyze squashes time 636ms found 0 candidates
Fine tuning increased fitness by 0.000011064497589474698 to 0.9700251883910352 adjusted 1 weight, 1 bias 
Discovery 5b32c466 with 1 binary files, sample rate: 100%, batch size: 512
Discovery 5b32c466 initialize time 86ms
Discovery 5b32c466 processing .trainData-fx_c_88/USDARS/data.bin
Discovery 5b32c466 read time 5ms for .trainData-fx_c_88/USDARS/data.bin with 3359 records
Discovery 5b32c466 scanning time 1s 407ms
Training 65e768f5 with 1 binary file, target error: 0.000001, iterations: 1, sample rate: 100%, sparse: 100%
Discovery 5b32c466 recorded time 2s 178ms
Training b95791e3 with 1 binary file, target error: 0.000001, iterations: 1, sample rate: 100%, sparse: 100%
Training c3e92af2 with 1 binary file, target error: 0.000001, iterations: 1, sample rate: 100%, sparse: 100%
Training daee1377 with 1 binary file, target error: 0.000001, iterations: 1, sample rate: 100%, sparse: 100%
Generation 20 score 0.9748289111425211  error 0.025157627903314696 avg time 1s 849ms
Training edf9fe49 with 1 binary file, target error: 0.000001, iterations: 1, sample rate: 100%, sparse: 100%
Discovered beneficial synapse from input-11 to 9996eb29-3f74-4d9f-9bde-fe8e5acc01e7 with weight -1.0000, helping 72.5% more records than it harms (2897/3359)
Discovery 5b32c466 analyze time 15s 244ms found 1 candidates
Discovered harmful synapse from input-866 to 9996eb29-3f74-4d9f-9bde-fe8e5acc01e7, harming 72.5% more records than it helps (462/3359)
Discovery 5b32c466 analyze harmful time 837ms found 1 candidates
Fine tuning increased fitness by 0.000003893637391172433 to 0.9748335235919824 adjusted 12 weights 
Discovery 5b32c466 analyze squashes time 610ms found 0 candidates
Training 2a4423ab with 1 binary file, target error: 0.000001, iterations: 1, sample rate: 100%, sparse: 100%
Fine tuning increased fitness by 2.9576053017787984e-7 to 0.9748338193525126 adjusted 12 weights 
Discovery 2a4423ab with 1 binary files, sample rate: 100%, batch size: 512
Discovery 2a4423ab initialize time 88ms
Discovery 2a4423ab processing .trainData-fx_c_88/USDARS/data.bin
Discovery 5b32c466 beneficial increased fitness by 0.0000010179291985989991 to 0.9748348372817112
Discovery 2a4423ab read time 4ms for .trainData-fx_c_88/USDARS/data.bin with 3359 records
Discovery 2a4423ab scanning time 1s 501ms
Discovery 2a4423ab recorded time 2s 34ms
Training 7886b311 with 1 binary file, target error: 0.000001, iterations: 1, sample rate: 100%, sparse: 100%
Fine tuning increased fitness by 0.000002371182712734843 to 0.9748372084644239 adjusted 1 weight 
Training 2a4423ab increased fitness by 0.000028515911025928098 to 0.9748657243754498
Training 1b650ecf with 1 binary file, target error: 0.000001, iterations: 1, sample rate: 100%, sparse: 100%
Training 161ec416 with 1 binary file, target error: 0.000001, iterations: 1, sample rate: 100%, sparse: 100%
Over populated 52, expected 50.
Generation 30 score 0.9750253628719768  error 0.024961166173878373 avg time 1s 716ms
Training 49a4c099 with 1 binary file, target error: 0.000001, iterations: 1, sample rate: 100%, sparse: 100%
Over populated 52, expected 50.
Discovered beneficial synapse from input-974 to 9996eb29-3f74-4d9f-9bde-fe8e5acc01e7 with weight 1.0000, helping 65.2% more records than it harms (2775/3359)
Discovery 2a4423ab analyze time 13s 989ms found 1 candidates
Fine tuning increased fitness by 0.000009756734884125429 to 0.9750963714659846 adjusted 698 weights, 11 biases 
Discovered harmful synapse from input-866 to 9996eb29-3f74-4d9f-9bde-fe8e5acc01e7, harming 64.5% more records than it helps (597/3359)
Discovery 2a4423ab analyze harmful time 704ms found 1 candidates
Discovery 2a4423ab analyze squashes time 550ms found 0 candidates
Training da595bba with 1 binary file, target error: 0.000001, iterations: 1, sample rate: 100%, sparse: 100%
Discovery da595bba with 1 binary files, sample rate: 100%, batch size: 512
Discovery da595bba initialize time 86ms
Discovery da595bba processing .trainData-fx_c_88/USDARS/data.bin
Discovery da595bba read time 4ms for .trainData-fx_c_88/USDARS/data.bin with 3359 records
Discovery da595bba scanning time 1s 175ms
Over populated 52, expected 50.
Discovery da595bba recorded time 2s 132ms
Training 4dbeee25 with 1 binary file, target error: 0.000001, iterations: 1, sample rate: 100%, sparse: 100%
Fine tuning increased fitness by 0.000016117624460076918 to 0.9751556911501458 adjusted 401 weights, 4 biases 
Fine tuning increased fitness by 0.000012874540015639369 to 0.9751685656901614 adjusted 401 weights, 4 biases 
Training 4bfdce55 with 1 binary file, target error: 0.000001, iterations: 1, sample rate: 100%, sparse: 100%
Fine tuning increased fitness by 0.000008991553567372357 to 0.9751775572437288 adjusted 401 weights, 4 biases 
Training ce918b81 with 1 binary file, target error: 0.000001, iterations: 1, sample rate: 100%, sparse: 100%
Generation 40 score 0.9752447345921564  error 0.024741794453636792 avg time 1s 970ms
Training a7d76e11 with 1 binary file, target error: 0.000001, iterations: 1, sample rate: 100%, sparse: 100%
Fine tuning increased fitness by 0.000037225099766891034 to 0.9752819596919233 adjusted 373 weights, 3 biases 
Discovered beneficial synapse from input-1306 to 9996eb29-3f74-4d9f-9bde-fe8e5acc01e7 with weight 1.0000, helping 36.7% more records than it harms (2296/3359)
Discovery da595bba analyze time 13s 921ms found 1 candidates
Discovered harmful synapse from input-1194 to 9996eb29-3f74-4d9f-9bde-fe8e5acc01e7, harming 35.8% more records than it helps (1079/3359)
Discovery da595bba analyze harmful time 676ms found 1 candidates
Discovery da595bba analyze squashes time 563ms found 0 candidates
Fine tuning increased fitness by 0.000020581070343084207 to 0.9753025407622664 adjusted 373 weights, 3 biases 
Discovery 851afcd9 with 1 binary files, sample rate: 100%, batch size: 512
Discovery 851afcd9 initialize time 86ms
Discovery 851afcd9 processing .trainData-fx_c_88/USDARS/data.bin
Discovery 851afcd9 read time 8ms for .trainData-fx_c_88/USDARS/data.bin with 3359 records
Discovery 851afcd9 scanning time 1s 287ms
Training 34e18ade with 1 binary file, target error: 0.000001, iterations: 1, sample rate: 100%, sparse: 100%
Fine tuning increased fitness by 0.000040367497398441365 to 0.9753429082596649 adjusted 373 weights, 3 biases 
Discovery 851afcd9 recorded time 1s 992ms
Fine tuning increased fitness by 0.000044650581121019606 to 0.9753875588407859 adjusted 373 weights, 3 biases 
Training 4d5000c1 with 1 binary file, target error: 0.000001, iterations: 1, sample rate: 100%, sparse: 100%
Fine tuning increased fitness by 0.00006366214774522483 to 0.9754512209885311 adjusted 373 weights, 3 biases 
Training b9ec8cec with 1 binary file, target error: 0.000001, iterations: 1, sample rate: 100%, sparse: 100%
Fine tuning increased fitness by 0.000008358112499773362 to 0.9754636376913046 adjusted 292 weights, 4 biases 
Training f425625b with 1 binary file, target error: 0.000001, iterations: 1, sample rate: 100%, sparse: 100%
Fine tuning increased fitness by 0.000022942538182801897 to 0.9754997490749456 adjusted 277 weights, 4 biases 
Discovered beneficial synapse from input-1306 to 9996eb29-3f74-4d9f-9bde-fe8e5acc01e7 with weight 1.0000, helping 36.4% more records than it harms (2291/3359)
Discovery 851afcd9 analyze time 13s 890ms found 1 candidates
Discovered harmful synapse from input-1194 to 9996eb29-3f74-4d9f-9bde-fe8e5acc01e7, harming 35.2% more records than it helps (1088/3359)
Discovery 851afcd9 analyze harmful time 482ms found 1 candidates
Generation 50 score 0.9754997490749456  error 0.024486779970841577 avg time 1s 962ms
Discovery 851afcd9 analyze squashes time 604ms found 0 candidates
Training a799caf1 with 1 binary file, target error: 0.000001, iterations: 1, sample rate: 100%, sparse: 100%
Discovery a799caf1 with 1 binary files, sample rate: 100%, batch size: 512
Discovery a799caf1 initialize time 83ms
Discovery a799caf1 processing .trainData-fx_c_88/USDARS/data.bin
Discovery a799caf1 read time 6ms for .trainData-fx_c_88/USDARS/data.bin with 3359 records
Discovery a799caf1 scanning time 1s 433ms
Discovery a799caf1 recorded time 2s 95ms
Training 92d78056 with 1 binary file, target error: 0.000001, iterations: 1, sample rate: 100%, sparse: 100%
Training e11c9f7e with 1 binary file, target error: 0.000001, iterations: 1, sample rate: 100%, sparse: 100%
Fine tuning increased fitness by 0.00003382037062371612 to 0.9759355424243742 adjusted 4 weights 
Training ad3027ed with 1 binary file, target error: 0.000001, iterations: 1, sample rate: 100%, sparse: 100%
Fine tuning increased fitness by 0.0000021890667177837386 to 0.9759393693154373 adjusted 3 weights 
Training e11c9f7e increased fitness by 0.0000033254864658660566 to 0.9759426948019032
Training 16e62665 with 1 binary file, target error: 0.000001, iterations: 1, sample rate: 100%, sparse: 100%
Fine tuning increased fitness by 0.000012958660830175717 to 0.9759556534627334 adjusted 588 weights, 14 biases 
Over populated 52, expected 50.
Fine tuning increased fitness by 0.000026325690531736612 to 0.9759819791532651 adjusted 562 weights, 13 biases 
Generation 60 score 0.9759819791532651  error 0.024004429892652456 avg time 1s 693ms
Training 68d896c2 with 1 binary file, target error: 0.000001, iterations: 1, sample rate: 100%, sparse: 100%
Fine tuning increased fitness by 0.00006534275219216568 to 0.9760473219054573 adjusted 551 weights, 12 biases 
Discovered beneficial synapse from input-1195 to 9996eb29-3f74-4d9f-9bde-fe8e5acc01e7 with weight 1.0000, helping 39.3% more records than it harms (2340/3359)
Discovery a799caf1 analyze time 14s 743ms found 1 candidates
Discovered harmful synapse from input-1194 to 9996eb29-3f74-4d9f-9bde-fe8e5acc01e7, harming 39.3% more records than it helps (1019/3359)
Discovery a799caf1 analyze harmful time 751ms found 1 candidates
Over populated 52, expected 50.
Discovery a799caf1 analyze squashes time 547ms found 0 candidates
Fine tuning increased fitness by 0.00004583956340931117 to 0.9760931614688666 adjusted 551 weights, 12 biases 
Discovery 8e99389b with 1 binary files, sample rate: 100%, batch size: 512
Discovery 8e99389b initialize time 80ms
Discovery 8e99389b processing .trainData-fx_c_88/USDARS/data.bin
Discovery 8e99389b read time 3ms for .trainData-fx_c_88/USDARS/data.bin with 3359 records
Discovery 8e99389b scanning time 1s 304ms
Training 309397c3 with 1 binary file, target error: 0.000001, iterations: 1, sample rate: 100%, sparse: 100%
Discovery 8e99389b recorded time 2s 11ms
Fine tuning increased fitness by 8.633900139276562e-7 to 0.9760947608624302 adjusted 115 weights, 7 biases 
Training 558b2fcf with 1 binary file, target error: 0.000001, iterations: 1, sample rate: 100%, sparse: 100%
Over populated 52, expected 50.
Fine tuning increased fitness by 0.0000025983445359756274 to 0.9760989683335574 adjusted 350 weights, 13 biases 
Training a982455f with 1 binary file, target error: 0.000001, iterations: 1, sample rate: 100%, sparse: 100%
Over populated 52, expected 50.
Training c21a289a with 1 binary file, target error: 0.000001, iterations: 1, sample rate: 100%, sparse: 100%
Discovered beneficial synapse from input-1136 to 9996eb29-3f74-4d9f-9bde-fe8e5acc01e7 with weight 1.0000, helping 42.3% more records than it harms (2390/3359)
Discovery 8e99389b analyze time 13s 852ms found 1 candidates
Generation 70 score 0.9761173335220663  error 0.023869075523841966 avg time 1s 877ms
Training fc332513 with 1 binary file, target error: 0.000001, iterations: 1, sample rate: 100%, sparse: 100%
Discovered harmful synapse from input-1194 to 9996eb29-3f74-4d9f-9bde-fe8e5acc01e7, harming 39.9% more records than it helps (1010/3359)
Discovery 8e99389b analyze harmful time 734ms found 1 candidates
Discovery 8e99389b analyze squashes time 591ms found 0 candidates
Fine tuning increased fitness by 6.697743714090265e-7 to 0.9761184286828581 adjusted 55 weights, 3 biases 
Discovery f672aa69 with 1 binary files, sample rate: 100%, batch size: 512
Discovery f672aa69 initialize time 81ms
Discovery f672aa69 processing .trainData-fx_c_88/USDARS/data.bin
Discovery f672aa69 read time 6ms for .trainData-fx_c_88/USDARS/data.bin with 3359 records
Discovery f672aa69 scanning time 1s 339ms
Training 1f3896d3 with 1 binary file, target error: 0.000001, iterations: 1, sample rate: 100%, sparse: 100%
Discovery f672aa69 recorded time 1s 972ms
Fine tuning increased fitness by 1.4124428626693941e-8 to 0.976143317129089 adjusted 52 weights, 3 biases 
Training 04e20f58 with 1 binary file, target error: 0.000001, iterations: 1, sample rate: 100%, sparse: 100%
Training bce23ff7 with 1 binary file, target error: 0.000001, iterations: 1, sample rate: 100%, sparse: 100%
Training 32600e7d with 1 binary file, target error: 0.000001, iterations: 1, sample rate: 100%, sparse: 100%
Fine tuning increased fitness by 0.00005815609551385048 to 0.9762333473496584 adjusted 60 weights, 5 biases 
Generation 80 score 0.9762333473496584  error 0.02375294169635236 avg time 1s 721ms
Training 572e89d0 with 1 binary file, target error: 0.000001, iterations: 1, sample rate: 100%, sparse: 100%
Fine tuning increased fitness by 0.00010281415615831513 to 0.9763361615058167 adjusted 58 weights, 5 biases 
Discovered beneficial synapse from input-1124 to 9996eb29-3f74-4d9f-9bde-fe8e5acc01e7 with weight 1.0000, helping 39.0% more records than it harms (2335/3359)
Discovery f672aa69 analyze time 14s 195ms found 1 candidates
Discovered harmful synapse from input-1194 to 9996eb29-3f74-4d9f-9bde-fe8e5acc01e7, harming 36.5% more records than it helps (1067/3359)
Discovery f672aa69 analyze harmful time 776ms found 1 candidates
Fine tuning increased fitness by 0.00016616734496233132 to 0.976502328850779 adjusted 53 weights, 5 biases 
Discovery f672aa69 analyze squashes time 634ms found 0 candidates
Fine tuning increased fitness by 0.00005135323270555325 to 0.9765536820834846 adjusted 53 weights, 5 biases 
Over populated 54, expected 50.
Fine tuning increased fitness by 0.000012898370134406534 to 0.9765718349972605 adjusted 46 weights, 3 biases 
Fine tuning increased fitness by 7.502709606921343e-7 to 0.9765914486316634 adjusted 37 weights, 1 bias 
Fine tuning increased fitness by 2.940006748053392e-7 to 0.9765917426323382 adjusted 37 weights, 1 bias 
Fine tuning increased fitness by 1.4794237424009538e-7 to 0.9765918905747124 adjusted 37 weights, 1 bias 
Generation 90 score 0.9765918905747124  error 0.023394398471279287 avg time 1s 505ms
Fine tuning increased fitness by 2.2811732725003253e-7 to 0.9765921186920397 adjusted 37 weights, 1 bias 
Fine tuning increased fitness by 3.589487737043484e-7 to 0.9765924776408134 adjusted 37 weights, 1 bias 
Fine tuning increased fitness by 7.160844244236131e-7 to 0.9765931937252378 adjusted 37 weights, 1 bias 
Fine tuning increased fitness by 0.0000012968868187135385 to 0.9765944906120565 adjusted 37 weights, 1 bias 
Fine tuning increased fitness by 0.0000020929954233084302 to 0.9765965836074798 adjusted 37 weights, 1 bias 
Fine tuning increased fitness by 0.000004007761205793159 to 0.9766005913686856 adjusted 37 weights, 1 bias 
Fine tuning increased fitness by 0.000007578893048698632 to 0.9766081702617343 adjusted 37 weights, 1 bias 
Fine tuning increased fitness by 0.000014652670190185013 to 0.9766228229319245 adjusted 37 weights, 1 bias 
Fine tuning increased fitness by 0.000026645379142098413 to 0.9766494683110666 adjusted 37 weights, 1 bias 
Fine tuning increased fitness by 0.00004452996347881211 to 0.9766939982745454 adjusted 37 weights, 1 bias 
Generation 100 score 0.9766939982745454  error 0.023292290771446296 avg time 1s 171ms
Fine tuning increased fitness by 0.00006424198471322029 to 0.9767582402592586 adjusted 37 weights, 1 bias 
Fine tuning increased fitness by 0.00005863643191150736 to 0.9768168766911701 adjusted 37 weights, 1 bias 
Fine tuning increased fitness by 0.00000843935181016331 to 0.9768253160429803 adjusted 37 weights, 1 bias 
Fine tuning increased fitness by 3.274172233336259e-8 to 0.9768253487847026 adjusted 37 weights, 1 bias 
Generation 105 score 0.9768253935398382  error 0.023160885506188285 avg time 626ms
{
  error: 0.023160885506188285,
  score: 0.9768253935398382,
  generation: 105,
  time: 180492
}

=== Processing AUDGBP (6/10) ===
3 mutations, mutation rate 18.6%, elitism 2, mutation FFW, selection TOURNAMENT
Creature count: 49
Training bc5e4cad with 1 binary file, target error: 0.000001, iterations: 1, sample rate: 100%, sparse: 100%
Discovery bc5e4cad with 1 binary files, sample rate: 100%, batch size: 512
Discovery bc5e4cad initialize time 82ms
Discovery bc5e4cad processing .trainData-fx_c_88/AUDGBP/data.bin
Discovery bc5e4cad read time 4ms for .trainData-fx_c_88/AUDGBP/data.bin with 3359 records
Discovery bc5e4cad scanning time 1s 91ms
Training 24ec3047 with 1 binary file, target error: 0.000001, iterations: 1, sample rate: 100%, sparse: 100%
Discovery bc5e4cad recorded time 1s 764ms
Training cb833f96 with 1 binary file, target error: 0.000001, iterations: 1, sample rate: 100%, sparse: 100%
Compacting increased fitness by 1.205076610721889e-7 to 0.9972633061265335 neurons: 12 was: 13 synapses: 853 was: 855
Training 716f6488 with 1 binary file, target error: 0.000001, iterations: 1, sample rate: 100%, sparse: 100%
Compacting increased fitness by 1.9592925804001737e-7 to 0.9972635020557915 neurons: 11 was: 12 synapses: 849 was: 853
Training 1e848525 with 1 binary file, target error: 0.000001, iterations: 1, sample rate: 100%, sparse: 100%
Fine tuning increased fitness by 2.6645721407092537e-8 to 0.9972635287015129 adjusted 1 bias 
Discovered beneficial synapse from input-56 to output-0 with weight 1.0000, helping 14.3% more records than it harms (1671/3359)
Discovery bc5e4cad analyze time 5s 964ms found 1 candidates
Discovered harmful synapse from input-1152 to output-0, harming 13.3% more records than it helps (1207/3359)
Discovery bc5e4cad analyze harmful time 582ms found 1 candidates
Fine tuning increased fitness by 1.3951554356239626e-9 to 0.9972635300966683 adjusted 1 bias 
Discovery bc5e4cad analyze squashes time 760ms found 1 candidate, Summary: output-0 LOGISTIC -> SELU improved: 4.8% error: 301.5138 -> 287.1436
Training 7b90d1f9 with 1 binary file, target error: 0.000001, iterations: 1, sample rate: 100%, sparse: 100%
Fine tuning increased fitness by 7.30526750203353e-12 to 0.9972635301039736 adjusted 1 bias 
Discovery 7b90d1f9 with 1 binary files, sample rate: 100%, batch size: 512
Discovery 7b90d1f9 initialize time 82ms
Discovery 7b90d1f9 processing .trainData-fx_c_88/AUDGBP/data.bin
Compacting increased fitness by 1.280604567943655e-7 to 0.9972636581644304 neurons: 10 was: 11 synapses: 847 was: 849
Discovery 7b90d1f9 read time 4ms for .trainData-fx_c_88/AUDGBP/data.bin with 3359 records
Discovery 7b90d1f9 scanning time 1s 197ms
Discovery 7b90d1f9 recorded time 1s 852ms
Training 5bbb4813 with 1 binary file, target error: 0.000001, iterations: 1, sample rate: 100%, sparse: 100%
Fine tuning increased fitness by 2.7838846650141136e-7 to 0.9972639365528969 adjusted 2 biases 
Generation 10 score 0.9972639365528969  error 0.0027265924832240813 avg time 1s 313ms
Training cd226eba with 1 binary file, target error: 0.000001, iterations: 1, sample rate: 100%, sparse: 100%
Fine tuning increased fitness by 3.59599605648242e-9 to 0.997263944625932 adjusted 2 biases 
Training 292c1605 with 1 binary file, target error: 0.000001, iterations: 1, sample rate: 100%, sparse: 100%
Training 6c4ebb51 with 1 binary file, target error: 0.000001, iterations: 1, sample rate: 100%, sparse: 100%
Training daf84bd8 with 1 binary file, target error: 0.000001, iterations: 1, sample rate: 100%, sparse: 100%
Fine tuning increased fitness by 5.6638686962706686e-8 to 0.9972640227311894 adjusted 1 weight 
Fine tuning increased fitness by 1.4551339555524123e-7 to 0.997264168244585 adjusted 1 weight 
Training dc0d5a70 with 1 binary file, target error: 0.000001, iterations: 1, sample rate: 100%, sparse: 100%
Fine tuning increased fitness by 2.8895761805536324e-7 to 0.997264457202203 adjusted 1 weight 
Generation 20 score 0.997264457202203  error 0.0027260618339567037 avg time 1s 79ms
Fine tuning increased fitness by 2.928451344752503e-7 to 0.9972647500473375 adjusted 1 weight 
Training 7771dac0 with 1 binary file, target error: 0.000001, iterations: 1, sample rate: 100%, sparse: 100%
Fine tuning increased fitness by 4.207054005167521e-8 to 0.9972647921178776 adjusted 1 weight 
Discovered beneficial synapse from input-56 to output-0 with weight 1.0000, helping 14.3% more records than it harms (1671/3359)
Discovery 7b90d1f9 analyze time 13s 4ms found 1 candidates
Discovered harmful synapse from input-1152 to output-0, harming 13.3% more records than it helps (1207/3359)
Discovery 7b90d1f9 analyze harmful time 299ms found 1 candidates
Discovery 7b90d1f9 analyze squashes time 499ms found 1 candidate, Summary: output-0 LOGISTIC -> SELU improved: 4.8% error: 301.6097 -> 287.2101
Training 601656b5 with 1 binary file, target error: 0.000001, iterations: 1, sample rate: 100%, sparse: 100%
Fine tuning increased fitness by 5.193827590233013e-10 to 0.9972647926372603 adjusted 1 weight 
Discovery 4b161ba1 with 1 binary files, sample rate: 100%, batch size: 512
Discovery 4b161ba1 initialize time 86ms
Discovery 4b161ba1 processing .trainData-fx_c_88/AUDGBP/data.bin
Training cd9eeaf0 with 1 binary file, target error: 0.000001, iterations: 1, sample rate: 100%, sparse: 100%
Fine tuning increased fitness by 1.931843951474832e-8 to 0.9972648119556998 adjusted 1 weight 
Discovery 4b161ba1 read time 4ms for .trainData-fx_c_88/AUDGBP/data.bin with 3359 records
Discovery 4b161ba1 scanning time 1s 192ms
Discovery 4b161ba1 recorded time 1s 835ms
Fine tuning increased fitness by 7.462406670377675e-8 to 0.9972648865797665 adjusted 813 weights, 15 biases 
Training a5f8ae2a with 1 binary file, target error: 0.000001, iterations: 1, sample rate: 100%, sparse: 100%
Training abc578c8 with 1 binary file, target error: 0.000001, iterations: 1, sample rate: 100%, sparse: 100%
Fine tuning increased fitness by 3.9621670344658355e-7 to 0.997265549242313 adjusted 425 weights, 7 biases 
Over populated 52, expected 50.
Training 2c59ee90 with 1 binary file, target error: 0.000001, iterations: 1, sample rate: 100%, sparse: 100%
Generation 30 score 0.9972658598608126  error 0.0027246491753857892 avg time 1s 172ms
Training 4e83259f with 1 binary file, target error: 0.000001, iterations: 1, sample rate: 100%, sparse: 100%
Discovered beneficial synapse from input-56 to output-0 with weight 1.0000, helping 14.3% more records than it harms (1671/3359)
Discovery 4b161ba1 analyze time 6s 360ms found 1 candidates
Discovered harmful synapse from input-1152 to output-0, harming 13.3% more records than it helps (1207/3359)
Discovery 4b161ba1 analyze harmful time 376ms found 1 candidates
Over populated 52, expected 50.
Discovery 4b161ba1 analyze squashes time 993ms found 1 candidate, Summary: output-0 LOGISTIC -> SELU improved: 4.8% error: 301.6577 -> 287.2434
Training e4219c33 with 1 binary file, target error: 0.000001, iterations: 1, sample rate: 100%, sparse: 100%
Discovery e4219c33 with 1 binary files, sample rate: 100%, batch size: 512
Discovery e4219c33 initialize time 89ms
Discovery e4219c33 processing .trainData-fx_c_88/AUDGBP/data.bin
Over populated 55, expected 50.
Discovery e4219c33 read time 6ms for .trainData-fx_c_88/AUDGBP/data.bin with 3359 records
Discovery e4219c33 scanning time 1s 143ms
Training 512462a5 with 1 binary file, target error: 0.000001, iterations: 1, sample rate: 100%, sparse: 100%
Discovery e4219c33 recorded time 2s 66ms
Training ac6473ad with 1 binary file, target error: 0.000001, iterations: 1, sample rate: 100%, sparse: 100%
Training d3e1025c with 1 binary file, target error: 0.000001, iterations: 1, sample rate: 100%, sparse: 100%
Over populated 52, expected 50.
Training c9232ce0 with 1 binary file, target error: 0.000001, iterations: 1, sample rate: 100%, sparse: 100%
Fine tuning increased fitness by 2.654572587301729e-7 to 0.9972670584570595 adjusted 223 weights, 6 biases 
Training d73cf10f with 1 binary file, target error: 0.000001, iterations: 1, sample rate: 100%, sparse: 100%
Fine tuning increased fitness by 4.882909957482084e-7 to 0.9972675467480553 adjusted 223 weights, 6 biases 
Training b6453f98 with 1 binary file, target error: 0.000001, iterations: 1, sample rate: 100%, sparse: 100%
Fine tuning increased fitness by 5.626317348683685e-7 to 0.9972681093797902 adjusted 223 weights, 6 biases 
Training 1465b927 with 1 binary file, target error: 0.000001, iterations: 1, sample rate: 100%, sparse: 100%
Fine tuning increased fitness by 0.0000019583605281869865 to 0.9972700677403183 adjusted 495 weights, 11 biases 
Training 53b184aa with 1 binary file, target error: 0.000001, iterations: 1, sample rate: 100%, sparse: 100%
Fine tuning increased fitness by 0.0000020527477900822433 to 0.9972721204881084 adjusted 495 weights, 11 biases 
Discovered beneficial synapse from input-658 to 6e59fdb1-a7dd-4ae2-92f8-48b3d2c1010a with weight -0.4515, helping 24.4% more records than it harms (2090/3359)
Discovery e4219c33 analyze time 11s 647ms found 1 candidates
Over populated 52, expected 50.
Generation 40 score 0.9972721204881084  error 0.0027183885480857534 avg time 1s 657ms
Discovered harmful synapse from input-1152 to output-0, harming 17.1% more records than it helps (1121/3359)
Discovery e4219c33 analyze harmful time 467ms found 1 candidates
Discovery e4219c33 analyze squashes time 305ms found 1 candidate, Summary: output-0 LOGISTIC -> SELU improved: 4.1% error: 291.7427 -> 279.8402
Training f2b4a837 with 1 binary file, target error: 0.000001, iterations: 1, sample rate: 100%, sparse: 100%
Discovery f2b4a837 with 1 binary files, sample rate: 100%, batch size: 512
Discovery f2b4a837 initialize time 84ms
Discovery f2b4a837 processing .trainData-fx_c_88/AUDGBP/data.bin
Discovery f2b4a837 read time 2ms for .trainData-fx_c_88/AUDGBP/data.bin with 3359 records
Over populated 54, expected 50.
Discovery f2b4a837 scanning time 1s 15ms
Training 4e99b72a with 1 binary file, target error: 0.000001, iterations: 1, sample rate: 100%, sparse: 100%
Fine tuning increased fitness by 0.000003054388708956246 to 0.9972803882115386 adjusted 483 weights, 11 biases 
Discovery f2b4a837 recorded time 1s 969ms
Training fa530258 with 1 binary file, target error: 0.000001, iterations: 1, sample rate: 100%, sparse: 100%
Fine tuning increased fitness by 2.0777530984616988e-7 to 0.9972805959868485 adjusted 483 weights, 11 biases 
Training fad1bf40 with 1 binary file, target error: 0.000001, iterations: 1, sample rate: 100%, sparse: 100%
Training 727bc69e with 1 binary file, target error: 0.000001, iterations: 1, sample rate: 100%, sparse: 100%
Fine tuning increased fitness by 6.971005485079118e-7 to 0.9972833492023694 adjusted 483 weights, 11 biases 
Discovered beneficial synapse from input-1054 to output-0 with weight -1.0000, helping 17.1% more records than it harms (1698/3359)
Discovery f2b4a837 analyze time 5s 598ms found 1 candidates
Training ca7b1a8d with 1 binary file, target error: 0.000001, iterations: 1, sample rate: 100%, sparse: 100%
Fine tuning increased fitness by 0.0000013542862016269197 to 0.997284703488571 adjusted 483 weights, 11 biases 
Discovered harmful synapse from input-927 to 57ce520b-cb6d-4c7f-bab0-c7d65a844ec7, harming 17.0% more records than it helps (1394/3359)
Discovery f2b4a837 analyze harmful time 910ms found 1 candidates
Over populated 52, expected 50.
Discovery f2b4a837 analyze squashes time 964ms found 1 candidate, Summary: output-0 LOGISTIC -> SELU improved: 4.2% error: 292.6617 -> 280.3776
Training c4bc08a9 with 1 binary file, target error: 0.000001, iterations: 1, sample rate: 100%, sparse: 100%
Fine tuning increased fitness by 0.000001069832703093354 to 0.9972857733212741 adjusted 491 weights, 11 biases 
Discovery c4bc08a9 with 1 binary files, sample rate: 100%, batch size: 512
Discovery c4bc08a9 initialize time 86ms
Discovery c4bc08a9 processing .trainData-fx_c_88/AUDGBP/data.bin
Discovery c4bc08a9 read time 4ms for .trainData-fx_c_88/AUDGBP/data.bin with 3359 records
Discovery c4bc08a9 scanning time 997ms
Over populated 54, expected 50.
Training 0d2e16ae with 1 binary file, target error: 0.000001, iterations: 1, sample rate: 100%, sparse: 100%
Discovery c4bc08a9 recorded time 1s 947ms
Training a634d804 with 1 binary file, target error: 0.000001, iterations: 1, sample rate: 100%, sparse: 100%
Fine tuning increased fitness by 0.0000037978088309742475 to 0.9972931027147212 adjusted 217 weights, 4 biases 
Training 5ad632db with 1 binary file, target error: 0.000001, iterations: 1, sample rate: 100%, sparse: 100%
Fine tuning increased fitness by 0.0000021732298431942354 to 0.9972952759445644 adjusted 217 weights, 4 biases 
Generation 50 score 0.9972952759445644  error 0.0026952230916580146 avg time 1s 634ms
Discovered beneficial synapse from input-1054 to output-0 with weight -1.0000, helping 16.7% more records than it harms (1691/3359)
Discovery c4bc08a9 analyze time 5s 562ms found 1 candidates
Training e16c680e with 1 binary file, target error: 0.000001, iterations: 1, sample rate: 100%, sparse: 100%
Discovered harmful synapse from input-1152 to output-0, harming 15.6% more records than it helps (1148/3359)
Discovery c4bc08a9 analyze harmful time 290ms found 1 candidates
Discovery c4bc08a9 analyze squashes time 900ms found 1 candidate, Summary: output-0 LOGISTIC -> SELU improved: 4.2% error: 292.3458 -> 280.1670
Training 55a4fc95 with 1 binary file, target error: 0.000001, iterations: 1, sample rate: 100%, sparse: 100%
Discovery 55a4fc95 with 1 binary files, sample rate: 100%, batch size: 512
Discovery 55a4fc95 initialize time 81ms
Discovery 55a4fc95 processing .trainData-fx_c_88/AUDGBP/data.bin
Discovery 55a4fc95 read time 8ms for .trainData-fx_c_88/AUDGBP/data.bin with 3359 records
Discovery 55a4fc95 scanning time 1s 14ms
Training 51340101 with 1 binary file, target error: 0.000001, iterations: 1, sample rate: 100%, sparse: 100%
Fine tuning increased fitness by 1.7378372785259444e-7 to 0.9972960496896228 adjusted 171 weights, 3 biases 
Discovery 55a4fc95 recorded time 1s 936ms
Fine tuning increased fitness by 2.2655386155978618e-7 to 0.9972962762434844 adjusted 171 weights, 3 biases 
Training 03be8e17 with 1 binary file, target error: 0.000001, iterations: 1, sample rate: 100%, sparse: 100%
Fine tuning increased fitness by 2.7219352893848026e-7 to 0.9972965484370133 adjusted 171 weights, 3 biases 
Training f199ec58 with 1 binary file, target error: 0.000001, iterations: 1, sample rate: 100%, sparse: 100%
Fine tuning increased fitness by 7.817949900790211e-7 to 0.9972977844894615 adjusted 167 weights, 3 biases 
Training 94f71d1f with 1 binary file, target error: 0.000001, iterations: 1, sample rate: 100%, sparse: 100%
Fine tuning increased fitness by 0.000001023484335616054 to 0.9972988079737971 adjusted 167 weights, 3 biases 
Generation 60 score 0.9972998033772728  error 0.0026906956589454857 avg time 1s 472ms
Training b846d8bc with 1 binary file, target error: 0.000001, iterations: 1, sample rate: 100%, sparse: 100%
Fine tuning increased fitness by 1.6988197537592953e-7 to 0.9972999732592481 adjusted 165 weights, 3 biases 
Training 55236649 with 1 binary file, target error: 0.000001, iterations: 1, sample rate: 100%, sparse: 100%
Fine tuning increased fitness by 1.8819366065514487e-8 to 0.9972999920786142 adjusted 165 weights, 3 biases 
Training b6ebeb90 with 1 binary file, target error: 0.000001, iterations: 1, sample rate: 100%, sparse: 100%
Fine tuning increased fitness by 1.547928152323408e-8 to 0.9973000075578957 adjusted 165 weights, 3 biases 
Discovered beneficial synapse from input-783 to 8b91691d-8981-4adb-bc3b-9ea7a797761f with weight -1.0000, helping 20.5% more records than it harms (2021/3359)
Discovery 55a4fc95 analyze time 12s 691ms found 1 candidates
Discovered harmful synapse from input-915 to 6e59fdb1-a7dd-4ae2-92f8-48b3d2c1010a, harming 22.1% more records than it helps (1309/3359)
Discovery 55a4fc95 analyze harmful time 824ms found 1 candidates
Discovery 55a4fc95 analyze squashes time 307ms found 1 candidate, Summary: output-0 LOGISTIC -> SELU improved: 4.3% error: 295.0354 -> 282.2035
Training 57c0f003 with 1 binary file, target error: 0.000001, iterations: 1, sample rate: 100%, sparse: 100%
Discovery 57c0f003 with 1 binary files, sample rate: 100%, batch size: 512
Discovery 57c0f003 initialize time 81ms
Discovery 57c0f003 processing .trainData-fx_c_88/AUDGBP/data.bin
Over populated 56, expected 50.
Discovery 57c0f003 read time 5ms for .trainData-fx_c_88/AUDGBP/data.bin with 3359 records
Discovery 57c0f003 scanning time 1s
Training f9df98e4 with 1 binary file, target error: 0.000001, iterations: 1, sample rate: 100%, sparse: 100%
Discovery 57c0f003 recorded time 1s 898ms
Training 0cbddea9 with 1 binary file, target error: 0.000001, iterations: 1, sample rate: 100%, sparse: 100%
Over populated 52, expected 50.
Training 2f3fdc19 with 1 binary file, target error: 0.000001, iterations: 1, sample rate: 100%, sparse: 100%
Training a61f0b97 with 1 binary file, target error: 0.000001, iterations: 1, sample rate: 100%, sparse: 100%
Fine tuning increased fitness by 1.594984592179216e-7 to 0.997300821631981 adjusted 344 weights, 4 biases 
Training c16bdc14 with 1 binary file, target error: 0.000001, iterations: 1, sample rate: 100%, sparse: 100%
Fine tuning increased fitness by 2.3002652482784214e-7 to 0.9973010516585058 adjusted 344 weights, 4 biases 
Generation 70 score 0.9973010516585058  error 0.002689437377724904 avg time 1s 542ms
Training a174c595 with 1 binary file, target error: 0.000001, iterations: 1, sample rate: 100%, sparse: 100%
Fine tuning increased fitness by 2.955576465790699e-7 to 0.9973013472161524 adjusted 344 weights, 4 biases 
Training d4d69441 with 1 binary file, target error: 0.000001, iterations: 1, sample rate: 100%, sparse: 100%
Fine tuning increased fitness by 2.412097492854315e-7 to 0.9973015884259017 adjusted 382 weights, 7 biases 
Training b79e49a6 with 1 binary file, target error: 0.000001, iterations: 1, sample rate: 100%, sparse: 100%
Over populated 52, expected 50.
Training c0cbc833 with 1 binary file, target error: 0.000001, iterations: 1, sample rate: 100%, sparse: 100%
Fine tuning increased fitness by 2.4379853180711564e-7 to 0.9973020715696652 adjusted 371 weights, 7 biases 
Over populated 52, expected 50.
Training a68e17cf with 1 binary file, target error: 0.000001, iterations: 1, sample rate: 100%, sparse: 100%
Fine tuning increased fitness by 7.439857575564091e-7 to 0.9973028155554228 adjusted 366 weights, 7 biases 
Over populated 52, expected 50.
Training ddcb732b with 1 binary file, target error: 0.000001, iterations: 1, sample rate: 100%, sparse: 100%
Fine tuning increased fitness by 5.024778334528079e-7 to 0.9973033180332562 adjusted 366 weights, 7 biases 
Over populated 52, expected 50.
Training c3378fa8 with 1 binary file, target error: 0.000001, iterations: 1, sample rate: 100%, sparse: 100%
Fine tuning increased fitness by 7.428892518923647e-7 to 0.9973040609225081 adjusted 366 weights, 7 biases 
Discovered beneficial synapse from input-327 to output-3 with weight -1.0000, helping 22.7% more records than it harms (2059/3359)
Discovery 57c0f003 analyze time 17s 589ms found 1 candidates
Discovered harmful synapse from input-1152 to output-0, harming 17.3% more records than it helps (1115/3359)
Discovery 57c0f003 analyze harmful time 302ms found 1 candidates
Discovery 57c0f003 analyze squashes time 488ms found 1 candidate, Summary: output-0 LOGISTIC -> SELU improved: 3.9% error: 289.4960 -> 278.2923
Training 4197de6d with 1 binary file, target error: 0.000001, iterations: 1, sample rate: 100%, sparse: 100%
Fine tuning increased fitness by 6.375847946271662e-7 to 0.9973046985073027 adjusted 366 weights, 7 biases 
Discovery 4197de6d with 1 binary files, sample rate: 100%, batch size: 512
Discovery 4197de6d initialize time 81ms
Discovery 4197de6d processing .trainData-fx_c_88/AUDGBP/data.bin
Discovery 4197de6d read time 7ms for .trainData-fx_c_88/AUDGBP/data.bin with 3359 records
Over populated 54, expected 50.
Discovery 4197de6d scanning time 1s 13ms
Training 0a7cce29 with 1 binary file, target error: 0.000001, iterations: 1, sample rate: 100%, sparse: 100%
Discovery 57c0f003 beneficial increased fitness by 0.0000013809848760093502 to 0.9973060794921788
Discovery 4197de6d recorded time 1s 894ms
Training 889b2491 with 1 binary file, target error: 0.000001, iterations: 1, sample rate: 100%, sparse: 100%
Generation 80 score 0.9973079051185787  error 0.0026825739176619453 avg time 1s 607ms
Training 45cda0bd with 1 binary file, target error: 0.000001, iterations: 1, sample rate: 100%, sparse: 100%
Retrying increased fitness by 0.000004141697779180831 to 0.9973120468163579 adjusted 79 weights
Over populated 52, expected 50.
Training 42012043 with 1 binary file, target error: 0.000001, iterations: 1, sample rate: 100%, sparse: 100%
Over populated 52, expected 50.
Discovered beneficial synapse from input-56 to output-0 with weight 1.0000, helping 18.0% more records than it harms (1710/3359)
Discovery 4197de6d analyze time 5s 650ms found 1 candidates
Training 308fce69 with 1 binary file, target error: 0.000001, iterations: 1, sample rate: 100%, sparse: 100%
Discovered harmful synapse from input-927 to 57ce520b-cb6d-4c7f-bab0-c7d65a844ec7, harming 18.6% more records than it helps (1367/3359)
Discovery 4197de6d analyze harmful time 773ms found 1 candidates
Discovery 4197de6d analyze squashes time 291ms found 1 candidate, Summary: output-0 LOGISTIC -> SELU improved: 3.9% error: 289.5830 -> 278.1570
Over populated 52, expected 50.
Training 4993b576 with 1 binary file, target error: 0.000001, iterations: 1, sample rate: 100%, sparse: 100%
Fine tuning increased fitness by 0.0000097602125956886 to 0.997348638391148 adjusted 330 weights, 7 biases 
Discovery 4993b576 with 1 binary files, sample rate: 100%, batch size: 512
Discovery 4993b576 initialize time 77ms
Discovery 4993b576 processing .trainData-fx_c_88/AUDGBP/data.bin
Discovery 4993b576 read time 5ms for .trainData-fx_c_88/AUDGBP/data.bin with 3359 records
Over populated 54, expected 50.
Discovery 4993b576 scanning time 1s 3ms
Training c9ae51bc with 1 binary file, target error: 0.000001, iterations: 1, sample rate: 100%, sparse: 100%
Fine tuning increased fitness by 0.000003251147612570726 to 0.9973518895387605 adjusted 327 weights, 7 biases 
Discovery 4993b576 recorded time 1s 943ms
Training c95096d5 with 1 binary file, target error: 0.000001, iterations: 1, sample rate: 100%, sparse: 100%
Fine tuning increased fitness by 1.3620864969254853e-7 to 0.9973520257474102 adjusted 327 weights, 7 biases 
Training 393b30f3 with 1 binary file, target error: 0.000001, iterations: 1, sample rate: 100%, sparse: 100%
Fine tuning increased fitness by 4.99549220100981e-7 to 0.9973525252966303 adjusted 327 weights, 7 biases 
Training b6c9c0ca with 1 binary file, target error: 0.000001, iterations: 1, sample rate: 100%, sparse: 100%
Training 35319ad4 with 1 binary file, target error: 0.000001, iterations: 1, sample rate: 100%, sparse: 100%
Training 87ed25e0 with 1 binary file, target error: 0.000001, iterations: 1, sample rate: 100%, sparse: 100%
Fine tuning increased fitness by 6.019444843685662e-7 to 0.9973727680404748 adjusted 145 weights, 5 biases 
Remove neuron c062f2e0-d70a-4e5b-bdc3-6a188a287261 as no longer connected
Generation 90 score 0.9973727680404748  error 0.0026177009956336976 avg time 1s 559ms
Training ba45f9f3 with 1 binary file, target error: 0.000001, iterations: 1, sample rate: 100%, sparse: 100%
Fine tuning increased fitness by 6.902368236971768e-7 to 0.9973734582772985 adjusted 145 weights, 5 biases 
Training 074d27d9 with 1 binary file, target error: 0.000001, iterations: 1, sample rate: 100%, sparse: 100%
Training a9385ac5 with 1 binary file, target error: 0.000001, iterations: 1, sample rate: 100%, sparse: 100%
Training ae839d71 with 1 binary file, target error: 0.000001, iterations: 1, sample rate: 100%, sparse: 100%
Fine tuning increased fitness by 4.265051478657966e-8 to 0.9973738496022942 adjusted 838 weights, 15 biases 
Training a2eca5b6 with 1 binary file, target error: 0.000001, iterations: 1, sample rate: 100%, sparse: 100%
Fine tuning increased fitness by 5.403185391328336e-7 to 0.9973743899208334 adjusted 830 weights, 15 biases 
Over populated 52, expected 50.
Training f0475cd1 with 1 binary file, target error: 0.000001, iterations: 1, sample rate: 100%, sparse: 100%
Fine tuning increased fitness by 2.2535707056015042e-7 to 0.9973746152779039 adjusted 830 weights, 15 biases 
Training c32c0688 with 1 binary file, target error: 0.000001, iterations: 1, sample rate: 100%, sparse: 100%
Fine tuning increased fitness by 2.0841984649244694e-7 to 0.9973748236977504 adjusted 830 weights, 15 biases 
Discovered beneficial synapse from input-302 to 6e59fdb1-a7dd-4ae2-92f8-48b3d2c1010a with weight 1.0000, helping 21.0% more records than it harms (2033/3359)
Discovery 4993b576 analyze time 18s 725ms found 1 candidates
Discovered harmful synapse from input-1481 to 6e59fdb1-a7dd-4ae2-92f8-48b3d2c1010a, harming 19.4% more records than it helps (1340/3359)
Discovery 4993b576 analyze harmful time 668ms found 1 candidates
Discovery 4993b576 analyze squashes time 271ms found 1 candidate, Summary: output-0 LOGISTIC -> SELU improved: 4.0% error: 289.6910 -> 278.2350
Training 60dd6727 with 1 binary file, target error: 0.000001, iterations: 1, sample rate: 100%, sparse: 100%
Discovery 60dd6727 with 1 binary files, sample rate: 100%, batch size: 512
Discovery 60dd6727 initialize time 86ms
Discovery 60dd6727 processing .trainData-fx_c_88/AUDGBP/data.bin
Discovery 60dd6727 read time 2ms for .trainData-fx_c_88/AUDGBP/data.bin with 3359 records
Discovery 60dd6727 scanning time 989ms
Over populated 56, expected 50.
Training c5182be3 with 1 binary file, target error: 0.000001, iterations: 1, sample rate: 100%, sparse: 100%
Discovery 60dd6727 recorded time 1s 971ms
Over populated 52, expected 50.
Training 6dbb5519 with 1 binary file, target error: 0.000001, iterations: 1, sample rate: 100%, sparse: 100%
Fine tuning increased fitness by 4.1714189391584e-7 to 0.9973755300162939 adjusted 823 weights, 15 biases 
Generation 100 score 0.9973755300162939  error 0.002614939019819787 avg time 1s 667ms
Training 78e87072 with 1 binary file, target error: 0.000001, iterations: 1, sample rate: 100%, sparse: 100%
Fine tuning increased fitness by 1.5975690137448595e-7 to 0.9973756897731952 adjusted 823 weights, 15 biases 
Training 63199a4c with 1 binary file, target error: 0.000001, iterations: 1, sample rate: 100%, sparse: 100%
Over populated 52, expected 50.
Over populated 52, expected 50.
Fine tuning increased fitness by 4.802109729862281e-7 to 0.997378458072464 adjusted 809 weights, 15 biases 
Generation 110 score 0.9973815760520324  error 0.0026088929840860074 avg time 1s 690ms
Discovered beneficial synapse from input-301 to 76c705a3-9b68-4765-80a8-bd02867fd1ef with weight -1.0000, helping 34.4% more records than it harms (2185/3359)
Discovery 60dd6727 analyze time 29s 127ms found 1 candidates
Discovered harmful synapse from input-1199 to 76c705a3-9b68-4765-80a8-bd02867fd1ef, harming 27.8% more records than it helps (1141/3359)
Discovery 60dd6727 analyze harmful time 767ms found 1 candidates
Fine tuning increased fitness by 0.000004098366020999222 to 0.9973976989433168 adjusted 628 weights, 10 biases 
Discovery 60dd6727 analyze squashes time 478ms found 1 candidate, Summary: output-0 LOGISTIC -> SELU improved: 4.2% error: 292.0478 -> 279.8426
Over populated 53, expected 50.
Fine tuning increased fitness by 0.000001169179715709845 to 0.99739945205062 adjusted 335 weights, 5 biases 
Generation 120 score 0.9974004730306414  error 0.002589996005464341 avg time 1s 678ms
{
  error: 0.002589996005464341,
  score: 0.9974004730306414,
  generation: 120,
  time: 180855
}

=== Processing USDTHB (7/10) ===
../GRQ-FX-models/v1//USDTHB.json NotFound: No such file or directory (os error 2): readfile '../GRQ-FX-models/v1//USDTHB.json'
    at Object.readTextFileSync (ext:deno_fs/30_fs.js:770:10)
    at file:///data/GRQ/GRQ/src/fx/EvolveApp.ts:137:12
    at eventLoopTick (ext:core/01_core.js:179:7) {
  name: "NotFound",
  code: "ENOENT"
}
6 mutations, mutation rate 5.0%, elitism 8, mutation FFW, selection POWER
Creature count: 49
Training 55003a6b with 1 binary file, target error: 0.000001, iterations: 1, sample rate: 100%, sparse: 100%
Discovery 55003a6b with 1 binary files, sample rate: 100%, batch size: 512
Discovery 55003a6b initialize time 85ms
Discovery 55003a6b processing .trainData-fx_c_88/USDTHB/data.bin
Discovery 55003a6b read time 3ms for .trainData-fx_c_88/USDTHB/data.bin with 1432 records
Discovery 55003a6b scanning time 491ms
Discovery 55003a6b recorded time 795ms
Training 4b5e5ba1 with 1 binary file, target error: 0.000001, iterations: 1, sample rate: 100%, sparse: 100%
Training fe004fc5 with 1 binary file, target error: 0.000001, iterations: 1, sample rate: 100%, sparse: 100%
Fine tuning increased fitness by 0.000004251651494313613 to 0.9984912556823325 adjusted 135 weights, 3 biases 
Training 9da8d394 with 1 binary file, target error: 0.000001, iterations: 1, sample rate: 100%, sparse: 100%
Fine tuning increased fitness by 0.000007160790908788961 to 0.9984984164732413 adjusted 135 weights, 3 biases 
Training a10ec9f8 with 1 binary file, target error: 0.000001, iterations: 1, sample rate: 100%, sparse: 100%
Fine tuning increased fitness by 0.000005564232113064449 to 0.9985039807053544 adjusted 133 weights, 3 biases 
Training 5429a3f3 with 1 binary file, target error: 0.000001, iterations: 1, sample rate: 100%, sparse: 100%
Fine tuning increased fitness by 0.0000034406443764067873 to 0.9985074213497308 adjusted 133 weights, 3 biases 
Training 55dd343e with 1 binary file, target error: 0.000001, iterations: 1, sample rate: 100%, sparse: 100%
Training 0d96ed78 with 1 binary file, target error: 0.000001, iterations: 1, sample rate: 100%, sparse: 100%
Training 5429a3f3 increased fitness by 0.000009415957428760002 to 0.9985176224429688
Over populated 52, expected 50.
Training a1f77f75 with 1 binary file, target error: 0.000001, iterations: 1, sample rate: 100%, sparse: 100%
Training 09035c92 with 1 binary file, target error: 0.000001, iterations: 1, sample rate: 100%, sparse: 100%
Discovered beneficial synapse from input-41 to output-2 with weight 1.0000, helping 100.0% more records than it harms (1432/1432)
Discovery 55003a6b analyze time 9s 173ms found 1 candidates
Discovered harmful synapse from input-1030 to output-2, harming 100.0% more records than it helps (0/1432)
Discovery 55003a6b analyze harmful time 217ms found 1 candidates
Discovery 55003a6b analyze squashes time 218ms found 3 candidates, Summary: b70fe60a-0040-4313-a2a2-2cda884d78c4 Mish -> ABSOLUTE improved: 75.7% error: 121.4953 -> 29.5094,output-0 Softplus -> LogSigmoid improved: 35.5% error: 353.5248 -> 228.1349,output-2 Swish -> ABSOLUTE improved: 95.5% error: 63.2802 -> 2.8202
Generation 10 score 0.9985459152474823  error 0.0014457638780063066 avg time 1s 163ms
Training 1ee7a610 with 1 binary file, target error: 0.000001, iterations: 1, sample rate: 100%, sparse: 100%
Discovery 1ee7a610 with 1 binary files, sample rate: 100%, batch size: 512
Discovery 1ee7a610 initialize time 86ms
Discovery 1ee7a610 processing .trainData-fx_c_88/USDTHB/data.bin
Discovery 1ee7a610 read time 3ms for .trainData-fx_c_88/USDTHB/data.bin with 1432 records
Discovery 1ee7a610 scanning time 455ms
Over populated 53, expected 50.
Culling duplicate creature at 49 of 53
DeDuplication of 1 creatures to 52 in 12ms (previous experiment )
Discovery 1ee7a610 recorded time 797ms
Training 6dba9f24 with 1 binary file, target error: 0.000001, iterations: 1, sample rate: 100%, sparse: 100%
Fine tuning increased fitness by 0.000012924927355273397 to 0.9985783593980136 adjusted 520 weights, 3 biases 
Training ceb9789c with 1 binary file, target error: 0.000001, iterations: 1, sample rate: 100%, sparse: 100%
Fine tuning increased fitness by 5.985036486411133e-7 to 0.9985789579016623 adjusted 520 weights, 3 biases 
Training 533b4b56 with 1 binary file, target error: 0.000001, iterations: 1, sample rate: 100%, sparse: 100%
Compacting increased fitness by 0.0000013320575784625532 to 0.9985802899592408 neurons: 1 was: 2 synapses: 801 was: 812
Training 7b63b60b with 1 binary file, target error: 0.000001, iterations: 1, sample rate: 100%, sparse: 100%
Training 9f885d47 with 1 binary file, target error: 0.000001, iterations: 1, sample rate: 100%, sparse: 100%
Training c3d88bf7 with 1 binary file, target error: 0.000001, iterations: 1, sample rate: 100%, sparse: 100%
Fine tuning increased fitness by 0.0000011726862693128837 to 0.998583341004669 adjusted 1 weight, 1 bias 
Training e3772731 with 1 binary file, target error: 0.000001, iterations: 1, sample rate: 100%, sparse: 100%
Fine tuning increased fitness by 0.0000011382070750354245 to 0.998584479211744 adjusted 1 weight, 1 bias 
Training 13f7af96 with 1 binary file, target error: 0.000001, iterations: 1, sample rate: 100%, sparse: 100%
Fine tuning increased fitness by 0.000002724875961646056 to 0.9985872040877056 adjusted 1 weight, 1 bias 
Training 694db5a2 with 1 binary file, target error: 0.000001, iterations: 1, sample rate: 100%, sparse: 100%
Fine tuning increased fitness by 0.000005800893971064092 to 0.9985930049816767 adjusted 1 weight, 1 bias 
Generation 20 score 0.9985930049816767  error 0.0013988741437662522 avg time 994ms
Training 442d2785 with 1 binary file, target error: 0.000001, iterations: 1, sample rate: 100%, sparse: 100%
Fine tuning increased fitness by 0.000004302899040409258 to 0.9985973078807171 adjusted 1 weight, 1 bias 
Training 6e350ddc with 1 binary file, target error: 0.000001, iterations: 1, sample rate: 100%, sparse: 100%
Discovered beneficial synapse from input-41 to output-2 with weight 1.0000, helping 100.0% more records than it harms (1432/1432)
Discovery 1ee7a610 analyze time 9s 607ms found 1 candidates
Fine tuning increased fitness by 2.1717629616890832e-7 to 0.9985975250570133 adjusted 1 weight, 1 bias 
Discovered harmful synapse from input-1030 to output-2, harming 100.0% more records than it helps (0/1432)
Discovery 1ee7a610 analyze harmful time 226ms found 1 candidates
Discovery 1ee7a610 analyze squashes time 241ms found 2 candidates, Summary: output-2 Swish -> ABSOLUTE improved: 95.2% error: 76.1976 -> 3.6930,b70fe60a-0040-4313-a2a2-2cda884d78c4 Mish -> SQRT improved: 48.5% error: 104.2671 -> 53.6814
Training 5704d248 with 1 binary file, target error: 0.000001, iterations: 1, sample rate: 100%, sparse: 100%
Fine tuning increased fitness by 2.674895749343875e-9 to 0.998597527731909 adjusted 292 weights, 6 biases 
Discovery 5704d248 with 1 binary files, sample rate: 100%, batch size: 512
Discovery 5704d248 initialize time 85ms
Discovery 5704d248 processing .trainData-fx_c_88/USDTHB/data.bin
Discovery 5704d248 read time  for .trainData-fx_c_88/USDTHB/data.bin with 1432 records
Discovery 5704d248 scanning time 494ms
Over populated 54, expected 50.
Training cded21d2 with 1 binary file, target error: 0.000001, iterations: 1, sample rate: 100%, sparse: 100%
Fine tuning increased fitness by 3.018527083842315e-7 to 0.9985978295846174 adjusted 293 weights, 6 biases 
Discovery 5704d248 recorded time 956ms
Training c8558a2a with 1 binary file, target error: 0.000001, iterations: 1, sample rate: 100%, sparse: 100%
Fine tuning increased fitness by 1.5093226324314202e-7 to 0.9985979805168806 adjusted 293 weights, 6 biases 
Training bdad08db with 1 binary file, target error: 0.000001, iterations: 1, sample rate: 100%, sparse: 100%
Fine tuning increased fitness by 8.204860435512273e-8 to 0.998598062565485 adjusted 293 weights, 6 biases 
Training 0f19f5ae with 1 binary file, target error: 0.000001, iterations: 1, sample rate: 100%, sparse: 100%
Training ee71ad89 with 1 binary file, target error: 0.000001, iterations: 1, sample rate: 100%, sparse: 100%
Fine tuning increased fitness by 3.14413779567424e-7 to 0.9985984778640017 adjusted 778 weights, 6 biases 
Over populated 52, expected 50.
Training b5a54fd9 with 1 binary file, target error: 0.000001, iterations: 1, sample rate: 100%, sparse: 100%
Fine tuning increased fitness by 0.000002943165104074552 to 0.9986014210291058 adjusted 777 weights, 6 biases 
Over populated 52, expected 50.
Training 4c98b3b4 with 1 binary file, target error: 0.000001, iterations: 1, sample rate: 100%, sparse: 100%
Fine tuning increased fitness by 0.0000013232430363663283 to 0.9986027442721421 adjusted 731 weights, 6 biases 
Over populated 52, expected 50.
Generation 30 score 0.9986027442721421  error 0.0013891348533181015 avg time 1s 63ms
Training 6f2e7726 with 1 binary file, target error: 0.000001, iterations: 1, sample rate: 100%, sparse: 100%
Fine tuning increased fitness by 7.044196663752444e-7 to 0.9986034486918085 adjusted 692 weights, 6 biases 
Training dbdde0b3 with 1 binary file, target error: 0.000001, iterations: 1, sample rate: 100%, sparse: 100%
Training 3b9241f7 with 1 binary file, target error: 0.000001, iterations: 1, sample rate: 100%, sparse: 100%
Training 99daca02 with 1 binary file, target error: 0.000001, iterations: 1, sample rate: 100%, sparse: 100%
Over populated 52, expected 50.
Training ac7b0a4c with 1 binary file, target error: 0.000001, iterations: 1, sample rate: 100%, sparse: 100%
Training 15071f31 with 1 binary file, target error: 0.000001, iterations: 1, sample rate: 100%, sparse: 100%
Fine tuning increased fitness by 0.000011473819141349928 to 0.9986251475686462 adjusted 662 weights, 6 biases 
Training 2ca6e442 with 1 binary file, target error: 0.000001, iterations: 1, sample rate: 100%, sparse: 100%
Fine tuning increased fitness by 0.000020691348631141082 to 0.9986458389172773 adjusted 624 weights, 6 biases 
Training 22d2e94d with 1 binary file, target error: 0.000001, iterations: 1, sample rate: 100%, sparse: 100%
Discovered beneficial synapse from input-41 to output-2 with weight 1.0000, helping 100.0% more records than it harms (1432/1432)
Discovery 5704d248 analyze time 17s 86ms found 1 candidates
Training 3f584dbc with 1 binary file, target error: 0.000001, iterations: 1, sample rate: 100%, sparse: 100%
Discovered harmful synapse from input-1030 to output-2, harming 100.0% more records than it helps (0/1432)
Discovery 5704d248 analyze harmful time 1s 599ms found 1 candidates
Training c2dacf74 with 1 binary file, target error: 0.000001, iterations: 1, sample rate: 100%, sparse: 100%
Discovery 5704d248 analyze squashes time 481ms found 3 candidates, Summary: b70fe60a-0040-4313-a2a2-2cda884d78c4 Mish -> SQRT improved: 47.5% error: 100.4263 -> 52.7426,output-2 Swish -> ABSOLUTE improved: 94.1% error: 70.1896 -> 4.1078,output-0 Softplus -> LogSigmoid improved: 35.7% error: 368.6863 -> 237.2003
Generation 40 score 0.9986977273999678  error 0.0012941417254880116 avg time 1s 224ms
Training 7ba2297d with 1 binary file, target error: 0.000001, iterations: 1, sample rate: 100%, sparse: 100%
Discovery 7ba2297d with 1 binary files, sample rate: 100%, batch size: 512
Discovery 7ba2297d initialize time 87ms
Discovery 7ba2297d processing .trainData-fx_c_88/USDTHB/data.bin
Discovery 7ba2297d read time 2ms for .trainData-fx_c_88/USDTHB/data.bin with 1432 records
Discovery 7ba2297d scanning time 455ms
Over populated 54, expected 50.
Culling duplicate creature at 37 of 54
Culling duplicate creature at 39 of 53
Culling duplicate creature at 41 of 52
Culling duplicate creature at 43 of 51
DeDuplication of 4 creatures to 50 in 35ms (previous experiment )
Discovery 7ba2297d recorded time 829ms
Training 9e516b56 with 1 binary file, target error: 0.000001, iterations: 1, sample rate: 100%, sparse: 100%
Fine tuning increased fitness by 0.000008641582294077743 to 0.9987112910352807 adjusted 340 weights, 3 biases 
Training a4b513f1 with 1 binary file, target error: 0.000001, iterations: 1, sample rate: 100%, sparse: 100%
Fine tuning increased fitness by 0.0000015379960226491463 to 0.9987128290313033 adjusted 340 weights, 3 biases 
Training cf2cc28e with 1 binary file, target error: 0.000001, iterations: 1, sample rate: 100%, sparse: 100%
Training c36e79b0 with 1 binary file, target error: 0.000001, iterations: 1, sample rate: 100%, sparse: 100%
Fine tuning increased fitness by 0.0000015989760070445058 to 0.9987191505635074 adjusted 188 weights, 2 biases 
Training b1047593 with 1 binary file, target error: 0.000001, iterations: 1, sample rate: 100%, sparse: 100%
Fine tuning increased fitness by 4.272563560725473e-7 to 0.9987195778198634 adjusted 762 weights, 6 biases 
Training d93ed8f3 with 1 binary file, target error: 0.000001, iterations: 1, sample rate: 100%, sparse: 100%
Training 4dd301ff with 1 binary file, target error: 0.000001, iterations: 1, sample rate: 100%, sparse: 100%
Training 2fe973ef with 1 binary file, target error: 0.000001, iterations: 1, sample rate: 100%, sparse: 100%
Fine tuning increased fitness by 0.0000014070292848611388 to 0.9987258438367995 adjusted 94 weights, 3 biases 
Training fabd1aca with 1 binary file, target error: 0.000001, iterations: 1, sample rate: 100%, sparse: 100%
Fine tuning increased fitness by 0.0000018018553168408502 to 0.9987276456921164 adjusted 94 weights, 3 biases 
Generation 50 score 0.9987276456921164  error 0.0012642134332573214 avg time 1s 176ms
Training 0a2a7fab with 1 binary file, target error: 0.000001, iterations: 1, sample rate: 100%, sparse: 100%
Training a268bbb7 with 1 binary file, target error: 0.000001, iterations: 1, sample rate: 100%, sparse: 100%
Fine tuning increased fitness by 4.265278472637135e-7 to 0.9987288836902517 adjusted 94 weights, 3 biases 
Training 350f8ce8 with 1 binary file, target error: 0.000001, iterations: 1, sample rate: 100%, sparse: 100%
Training 544323cc with 1 binary file, target error: 0.000001, iterations: 1, sample rate: 100%, sparse: 100%
Fine tuning increased fitness by 3.014479729168684e-7 to 0.9987294797569575 adjusted 42 weights, 2 biases 
Training c6afab8c with 1 binary file, target error: 0.000001, iterations: 1, sample rate: 100%, sparse: 100%
Fine tuning increased fitness by 4.887988328539095e-7 to 0.9987299685557903 adjusted 42 weights, 2 biases 
Training e3f17464 with 1 binary file, target error: 0.000001, iterations: 1, sample rate: 100%, sparse: 100%
Fine tuning increased fitness by 7.894749628478692e-7 to 0.9987307580307532 adjusted 42 weights, 2 biases 
Discovered beneficial synapse from input-41 to output-2 with weight 1.0000, helping 100.0% more records than it harms (1432/1432)
Discovery 7ba2297d analyze time 16s 674ms found 1 candidates
Training 12c9876d with 1 binary file, target error: 0.000001, iterations: 1, sample rate: 100%, sparse: 100%
Fine tuning increased fitness by 0.0000011814662838061096 to 0.998731939497037 adjusted 42 weights, 2 biases 
Discovered harmful synapse from input-1030 to output-2, harming 100.0% more records than it helps (0/1432)
Discovery 7ba2297d analyze harmful time 1s 582ms found 1 candidates
Discovery 7ba2297d analyze squashes time 495ms found 4 candidates, Summary: b70fe60a-0040-4313-a2a2-2cda884d78c4 Mish -> ABSOLUTE improved: 47.4% error: 99.8898 -> 52.5230,output-2 Swish -> ABSOLUTE improved: 91.6% error: 61.9197 -> 5.2058,output-0 Softplus -> LogSigmoid improved: 35.3% error: 352.2355 -> 228.0079,output-4 Swish -> GELU improved: 1.6% error: 0.0069 -> 0.0068
Training 8bfe699d with 1 binary file, target error: 0.000001, iterations: 1, sample rate: 100%, sparse: 100%
Fine tuning increased fitness by 0.0000014169488478099623 to 0.9987333564458848 adjusted 42 weights, 2 biases 
Training f4bf2b78 with 1 binary file, target error: 0.000001, iterations: 1, sample rate: 100%, sparse: 100%
Fine tuning increased fitness by 0.000001821702513948864 to 0.9987351781483987 adjusted 42 weights, 2 biases 
Discovery f4bf2b78 with 1 binary files, sample rate: 100%, batch size: 512
Discovery f4bf2b78 initialize time 83ms
Discovery f4bf2b78 processing .trainData-fx_c_88/USDTHB/data.bin
Discovery f4bf2b78 read time 3ms for .trainData-fx_c_88/USDTHB/data.bin with 1432 records
Discovery f4bf2b78 scanning time 483ms
Discovery f4bf2b78 recorded time 728ms
Training feecbf9e with 1 binary file, target error: 0.000001, iterations: 1, sample rate: 100%, sparse: 100%
Fine tuning increased fitness by 1.7726884649071906e-7 to 0.9987353554172452 adjusted 42 weights, 2 biases 
Generation 60 score 0.9987353554172452  error 0.001256503706490025 avg time 1s 178ms
Training b1fea381 with 1 binary file, target error: 0.000001, iterations: 1, sample rate: 100%, sparse: 100%
Training 6437b6bc with 1 binary file, target error: 0.000001, iterations: 1, sample rate: 100%, sparse: 100%
Training 0068d7b6 with 1 binary file, target error: 0.000001, iterations: 1, sample rate: 100%, sparse: 100%
Training 99dd74a1 with 1 binary file, target error: 0.000001, iterations: 1, sample rate: 100%, sparse: 100%
Training 03a7ef25 with 1 binary file, target error: 0.000001, iterations: 1, sample rate: 100%, sparse: 100%
Training c0b02b7b with 1 binary file, target error: 0.000001, iterations: 1, sample rate: 100%, sparse: 100%
Training 33e3a3c3 with 1 binary file, target error: 0.000001, iterations: 1, sample rate: 100%, sparse: 100%
Fine tuning increased fitness by 9.920929578965954e-7 to 0.9987556585135627 adjusted 214 weights, 1 bias 
Training 05e0b148 with 1 binary file, target error: 0.000001, iterations: 1, sample rate: 100%, sparse: 100%
Training 3ce72aae with 1 binary file, target error: 0.000001, iterations: 1, sample rate: 100%, sparse: 100%
Fine tuning increased fitness by 4.4369219442952357e-7 to 0.9987562642306325 adjusted 34 weights, 1 bias 
Training f4022826 with 1 binary file, target error: 0.000001, iterations: 1, sample rate: 100%, sparse: 100%
Fine tuning increased fitness by 6.339880492811645e-7 to 0.9987568982186817 adjusted 34 weights, 1 bias 
Generation 70 score 0.9987568982186817  error 0.0012349609050330093 avg time 1s 131ms
Training 8f7fea39 with 1 binary file, target error: 0.000001, iterations: 1, sample rate: 100%, sparse: 100%
Training 285c88b2 with 1 binary file, target error: 0.000001, iterations: 1, sample rate: 100%, sparse: 100%
Fine tuning increased fitness by 4.841189303883553e-7 to 0.998757947642906 adjusted 99 weights, 3 biases 
Training 040dd5e2 with 1 binary file, target error: 0.000001, iterations: 1, sample rate: 100%, sparse: 100%
Training 7765d3c0 with 1 binary file, target error: 0.000001, iterations: 1, sample rate: 100%, sparse: 100%
Fine tuning increased fitness by 4.0323601346869964e-8 to 0.9987580402276511 adjusted 83 weights, 2 biases 
Discovered beneficial synapse from input-41 to output-2 with weight 1.0000, helping 100.0% more records than it harms (1432/1432)
Discovery f4bf2b78 analyze time 16s 572ms found 1 candidates
Training 7efb4e54 with 1 binary file, target error: 0.000001, iterations: 1, sample rate: 100%, sparse: 100%
Discovered harmful synapse from input-1030 to output-2, harming 100.0% more records than it helps (0/1432)
Discovery f4bf2b78 analyze harmful time 1s 585ms found 1 candidates
Discovery f4bf2b78 analyze squashes time 472ms found 4 candidates, Summary: b70fe60a-0040-4313-a2a2-2cda884d78c4 Mish -> ABSOLUTE improved: 56.1% error: 188.4871 -> 82.7138,output-2 Swish -> ABSOLUTE improved: 91.2% error: 71.2411 -> 6.2587,output-0 Softplus -> LogSigmoid improved: 35.1% error: 352.8499 -> 229.0414,output-4 Swish -> GELU improved: 1.6% error: 0.0066 -> 0.0064
Training d86a8573 with 1 binary file, target error: 0.000001, iterations: 1, sample rate: 100%, sparse: 100%
Discovery d86a8573 with 1 binary files, sample rate: 100%, batch size: 512
Discovery d86a8573 initialize time 83ms
Discovery d86a8573 processing .trainData-fx_c_88/USDTHB/data.bin
Discovery d86a8573 read time 5ms for .trainData-fx_c_88/USDTHB/data.bin with 1432 records
Discovery d86a8573 scanning time 462ms
Discovery d86a8573 recorded time 724ms
Over populated 53, expected 50.
Culling duplicate creature at 42 of 53
DeDuplication of 1 creatures to 52 in 5ms (previous experiment )
Training 84df3369 with 1 binary file, target error: 0.000001, iterations: 1, sample rate: 100%, sparse: 100%
Fine tuning increased fitness by 0.0000016758845413633594 to 0.9987614689849923 adjusted 311 weights, 4 biases 
Training 7d71b54e with 1 binary file, target error: 0.000001, iterations: 1, sample rate: 100%, sparse: 100%
Fine tuning increased fitness by 2.0348964646643708e-7 to 0.9987616724746388 adjusted 311 weights, 4 biases 
Training 7dc85f2b with 1 binary file, target error: 0.000001, iterations: 1, sample rate: 100%, sparse: 100%
Fine tuning increased fitness by 4.267330322438312e-7 to 0.998762099207671 adjusted 311 weights, 4 biases 
Over populated 52, expected 50.
Training f25d0ccc with 1 binary file, target error: 0.000001, iterations: 1, sample rate: 100%, sparse: 100%
Generation 80 score 0.9987625250256804  error 0.0012293340970569147 avg time 1s 194ms
Training 21445f2e with 1 binary file, target error: 0.000001, iterations: 1, sample rate: 100%, sparse: 100%
Training fbd8819c with 1 binary file, target error: 0.000001, iterations: 1, sample rate: 100%, sparse: 100%
Fine tuning increased fitness by 4.6282050414347964e-8 to 0.9987625907719682 adjusted 221 weights, 1 bias 
Training 44e8b2d7 with 1 binary file, target error: 0.000001, iterations: 1, sample rate: 100%, sparse: 100%
Fine tuning increased fitness by 3.953101845866058e-8 to 0.9987626303029866 adjusted 221 weights, 1 bias 
Training f4234ddc with 1 binary file, target error: 0.000001, iterations: 1, sample rate: 100%, sparse: 100%
Fine tuning increased fitness by 6.986835054956231e-8 to 0.9987627001713372 adjusted 221 weights, 1 bias 
Training 9032c566 with 1 binary file, target error: 0.000001, iterations: 1, sample rate: 100%, sparse: 100%
Fine tuning increased fitness by 9.403971312771375e-8 to 0.9987627942110503 adjusted 221 weights, 1 bias 
Training 02657b6e with 1 binary file, target error: 0.000001, iterations: 1, sample rate: 100%, sparse: 100%
Fine tuning increased fitness by 1.0274407946653241e-7 to 0.9987628969551298 adjusted 221 weights, 1 bias 
Training 216b7534 with 1 binary file, target error: 0.000001, iterations: 1, sample rate: 100%, sparse: 100%
Fine tuning increased fitness by 1.6773478594966917e-7 to 0.9987630646899157 adjusted 221 weights, 1 bias 
Training acae0a48 with 1 binary file, target error: 0.000001, iterations: 1, sample rate: 100%, sparse: 100%
Fine tuning increased fitness by 3.0387398908260366e-7 to 0.9987633685639048 adjusted 221 weights, 1 bias 
Training caf03815 with 1 binary file, target error: 0.000001, iterations: 1, sample rate: 100%, sparse: 100%
Fine tuning increased fitness by 5.301137899760278e-7 to 0.9987638986776948 adjusted 221 weights, 1 bias 
Training 072b247c with 1 binary file, target error: 0.000001, iterations: 1, sample rate: 100%, sparse: 100%
Fine tuning increased fitness by 9.700771025356048e-7 to 0.9987648687547973 adjusted 221 weights, 1 bias 
Generation 90 score 0.9987648687547973  error 0.001226990367938839 avg time 1s 32ms
Training 1747e2c9 with 1 binary file, target error: 0.000001, iterations: 1, sample rate: 100%, sparse: 100%
Fine tuning increased fitness by 0.0000013950020512076833 to 0.9987662637568485 adjusted 221 weights, 1 bias 
Training 542ae0c1 with 1 binary file, target error: 0.000001, iterations: 1, sample rate: 100%, sparse: 100%
Fine tuning increased fitness by 0.0000014101892079620981 to 0.9987676739460565 adjusted 221 weights, 1 bias 
Discovered beneficial synapse from input-41 to output-2 with weight 1.0000, helping 100.0% more records than it harms (1432/1432)
Discovery d86a8573 analyze time 16s 493ms found 1 candidates
Training 8279cddf with 1 binary file, target error: 0.000001, iterations: 1, sample rate: 100%, sparse: 100%
Fine tuning increased fitness by 2.2581107228525354e-7 to 0.9987678997571288 adjusted 221 weights, 1 bias 
Discovered harmful synapse from input-1030 to output-2, harming 100.0% more records than it helps (0/1432)
Discovery d86a8573 analyze harmful time 1s 552ms found 1 candidates
Training 78668c58 with 1 binary file, target error: 0.000001, iterations: 1, sample rate: 100%, sparse: 100%
Fine tuning increased fitness by 1.2033601226590918e-8 to 0.99876791179073 adjusted 221 weights, 1 bias 
Discovery d86a8573 analyze squashes time 477ms found 4 candidates, Summary: b70fe60a-0040-4313-a2a2-2cda884d78c4 Mish -> ABSOLUTE improved: 70.3% error: 221.6440 -> 65.7912,output-2 Swish -> ABSOLUTE improved: 91.0% error: 59.4594 -> 5.3788,output-0 Softplus -> LogSigmoid improved: 35.1% error: 352.8492 -> 229.0409,output-4 Swish -> GELU improved: 1.9% error: 0.0060 -> 0.0059
Training 2ede2eb4 with 1 binary file, target error: 0.000001, iterations: 1, sample rate: 100%, sparse: 100%
Discovery 2ede2eb4 with 1 binary files, sample rate: 100%, batch size: 512
Discovery 2ede2eb4 initialize time 82ms
Discovery 2ede2eb4 processing .trainData-fx_c_88/USDTHB/data.bin
Discovery 2ede2eb4 read time 2ms for .trainData-fx_c_88/USDTHB/data.bin with 1432 records
Discovery 2ede2eb4 scanning time 480ms
Over populated 53, expected 50.
Discovery 2ede2eb4 recorded time 738ms
Culling duplicate creature at 42 of 53
Culling duplicate creature at 50 of 52
DeDuplication of 2 creatures to 51 in 14ms (previous experiment )
Training 18b4a439 with 1 binary file, target error: 0.000001, iterations: 1, sample rate: 100%, sparse: 100%
Training b759ff85 with 1 binary file, target error: 0.000001, iterations: 1, sample rate: 100%, sparse: 100%
Training 84ab3409 with 1 binary file, target error: 0.000001, iterations: 1, sample rate: 100%, sparse: 100%
Training b8a8b6f5 with 1 binary file, target error: 0.000001, iterations: 1, sample rate: 100%, sparse: 100%
Training d59e1845 with 1 binary file, target error: 0.000001, iterations: 1, sample rate: 100%, sparse: 100%
Generation 100 score 0.9987709411353153  error 0.0012209079875279527 avg time 1s 61ms
Training 676ace7e with 1 binary file, target error: 0.000001, iterations: 1, sample rate: 100%, sparse: 100%
Training 08b4603f with 1 binary file, target error: 0.000001, iterations: 1, sample rate: 100%, sparse: 100%
Training 00f3098e with 1 binary file, target error: 0.000001, iterations: 1, sample rate: 100%, sparse: 100%
Fine tuning increased fitness by 0.0000031159918768564054 to 0.9987776951924713 adjusted 34 weights, 1 bias 
Training b732b1d9 with 1 binary file, target error: 0.000001, iterations: 1, sample rate: 100%, sparse: 100%
Fine tuning increased fitness by 0.0000022692286476555523 to 0.9987799644211189 adjusted 34 weights, 1 bias 
Training 828e00b8 with 1 binary file, target error: 0.000001, iterations: 1, sample rate: 100%, sparse: 100%
Fine tuning increased fitness by 0.0000029826845816538494 to 0.9987829471057006 adjusted 34 weights, 1 bias 
Training d12c14bc with 1 binary file, target error: 0.000001, iterations: 1, sample rate: 100%, sparse: 100%
Fine tuning increased fitness by 2.3339512966735754e-7 to 0.9987831805008303 adjusted 34 weights, 1 bias 
Training 2736413f with 1 binary file, target error: 0.000001, iterations: 1, sample rate: 100%, sparse: 100%
Fine tuning increased fitness by 7.849986682906263e-8 to 0.9987832590006971 adjusted 34 weights, 1 bias 
Training 0af088ec with 1 binary file, target error: 0.000001, iterations: 1, sample rate: 100%, sparse: 100%
Fine tuning increased fitness by 0.000004470961031732834 to 0.9987877299617288 adjusted 34 weights, 1 bias 
Training 0665a274 with 1 binary file, target error: 0.000001, iterations: 1, sample rate: 100%, sparse: 100%
Fine tuning increased fitness by 0.0000015082826684276185 to 0.9987892382443972 adjusted 34 weights, 1 bias 
Training a3c9bc7e with 1 binary file, target error: 0.000001, iterations: 1, sample rate: 100%, sparse: 100%
Fine tuning increased fitness by 0.0000015637353351083405 to 0.9987908019797324 adjusted 34 weights, 1 bias 
Generation 110 score 0.9987908019797324  error 0.0012010371432559864 avg time 840ms
Training 96306812 with 1 binary file, target error: 0.000001, iterations: 1, sample rate: 100%, sparse: 100%
Fine tuning increased fitness by 9.224096872983978e-7 to 0.9987917243894197 adjusted 34 weights, 1 bias 
Training 6f2dab17 with 1 binary file, target error: 0.000001, iterations: 1, sample rate: 100%, sparse: 100%
Fine tuning increased fitness by 0.0000015487853545215202 to 0.9987932731747742 adjusted 34 weights, 1 bias 
Training 23d2bc23 with 1 binary file, target error: 0.000001, iterations: 1, sample rate: 100%, sparse: 100%
Fine tuning increased fitness by 0.000001632883463997814 to 0.9987949060582382 adjusted 34 weights, 1 bias 
Training 5f7ccd4e with 1 binary file, target error: 0.000001, iterations: 1, sample rate: 100%, sparse: 100%
Fine tuning increased fitness by 0.0000011207681409608483 to 0.9987960268263791 adjusted 34 weights, 1 bias 
Discovered beneficial synapse from input-41 to output-2 with weight 1.0000, helping 100.0% more records than it harms (1432/1432)
Discovery 2ede2eb4 analyze time 16s 761ms found 1 candidates
Training dae040d5 with 1 binary file, target error: 0.000001, iterations: 1, sample rate: 100%, sparse: 100%
Training 2df96492 with 1 binary file, target error: 0.000001, iterations: 1, sample rate: 100%, sparse: 100%
Fine tuning increased fitness by 0.00000144913911881428 to 0.998797475965498 adjusted 34 weights, 1 bias 
Discovered harmful synapse from input-1030 to output-2, harming 100.0% more records than it helps (0/1432)
Discovery 2ede2eb4 analyze harmful time 1s 593ms found 1 candidates
Training 8d84efdd with 1 binary file, target error: 0.000001, iterations: 1, sample rate: 100%, sparse: 100%
Fine tuning increased fitness by 0.000011423214090089395 to 0.998808899179588 adjusted 34 weights, 1 bias 
Discovery 2ede2eb4 analyze squashes time 467ms found 4 candidates, Summary: b70fe60a-0040-4313-a2a2-2cda884d78c4 Mish -> ABSOLUTE improved: 72.6% error: 302.5765 -> 82.9633,output-2 Swish -> ABSOLUTE improved: 90.9% error: 61.6840 -> 5.5865,output-0 Softplus -> LogSigmoid improved: 35.2% error: 356.1802 -> 230.6883,output-4 Swish -> GELU improved: 1.8% error: 0.0059 -> 0.0058
Training 1681dc3e with 1 binary file, target error: 0.000001, iterations: 1, sample rate: 100%, sparse: 100%
Fine tuning increased fitness by 0.0000013776578696722552 to 0.9988102768374577 adjusted 34 weights, 1 bias 
Discovery 1681dc3e with 1 binary files, sample rate: 100%, batch size: 512
Discovery 1681dc3e initialize time 83ms
Discovery 1681dc3e processing .trainData-fx_c_88/USDTHB/data.bin
Discovery 1681dc3e read time 1ms for .trainData-fx_c_88/USDTHB/data.bin with 1432 records
Discovery 1681dc3e scanning time 475ms
Training 66a0fb1f with 1 binary file, target error: 0.000001, iterations: 1, sample rate: 100%, sparse: 100%
Fine tuning increased fitness by 0.0000010806504421312368 to 0.9988113574878998 adjusted 34 weights, 1 bias 
Discovery 1681dc3e recorded time 771ms
Training 049cce52 with 1 binary file, target error: 0.000001, iterations: 1, sample rate: 100%, sparse: 100%
Generation 120 score 0.9988113574878998  error 0.0011804816349514611 avg time 783ms
Training cf8025ef with 1 binary file, target error: 0.000001, iterations: 1, sample rate: 100%, sparse: 100%
Training 66a0fb1f increased fitness by 2.6649126239064458e-9 to 0.9988113601528125
Over populated 52, expected 50.
Training ba754a28 with 1 binary file, target error: 0.000001, iterations: 1, sample rate: 100%, sparse: 100%
Training 049cce52 increased fitness by 0.0000013022736226053766 to 0.9988126624264351
Training 5b6f5e8b with 1 binary file, target error: 0.000001, iterations: 1, sample rate: 100%, sparse: 100%
Training 2630d9fd with 1 binary file, target error: 0.000001, iterations: 1, sample rate: 100%, sparse: 100%
Fine tuning increased fitness by 6.645543479955052e-7 to 0.9988138078914969 adjusted 400 weights, 4 biases 
Training 322acfac with 1 binary file, target error: 0.000001, iterations: 1, sample rate: 100%, sparse: 100%
Fine tuning increased fitness by 4.3571280072818297e-7 to 0.9988142436042976 adjusted 400 weights, 4 biases 
Culling duplicate creature at 44 of 51
DeDuplication of 1 creatures to 50 in 120ms (previous experiment )
Training f4f5335e with 1 binary file, target error: 0.000001, iterations: 1, sample rate: 100%, sparse: 100%
Training e23cd72f with 1 binary file, target error: 0.000001, iterations: 1, sample rate: 100%, sparse: 100%
Fine tuning increased fitness by 4.7168808003927865e-7 to 0.9988149894541083 adjusted 694 weights, 6 biases 
Training 62e11283 with 1 binary file, target error: 0.000001, iterations: 1, sample rate: 100%, sparse: 100%
Training c5ce0569 with 1 binary file, target error: 0.000001, iterations: 1, sample rate: 100%, sparse: 100%
Training ca47aa37 with 1 binary file, target error: 0.000001, iterations: 1, sample rate: 100%, sparse: 100%
Generation 130 score 0.9988161490534564  error 0.0011756800696009822 avg time 1s 175ms
Training e84b94c8 with 1 binary file, target error: 0.000001, iterations: 1, sample rate: 100%, sparse: 100%
Fine tuning increased fitness by 3.8167130111954606e-7 to 0.9988165307247575 adjusted 589 weights, 4 biases 
Culling duplicate creature at 46 of 51
DeDuplication of 1 creatures to 50 in 10ms (previous experiment )
Training 2520c571 with 1 binary file, target error: 0.000001, iterations: 1, sample rate: 100%, sparse: 100%
Training 711dcdff with 1 binary file, target error: 0.000001, iterations: 1, sample rate: 100%, sparse: 100%
Discovered beneficial synapse from input-41 to output-2 with weight 1.0000, helping 100.0% more records than it harms (1432/1432)
Discovery 1681dc3e analyze time 16s 718ms found 1 candidates
Training 76392c4e with 1 binary file, target error: 0.000001, iterations: 1, sample rate: 100%, sparse: 100%
Training 33ff9643 with 1 binary file, target error: 0.000001, iterations: 1, sample rate: 100%, sparse: 100%
Discovered harmful synapse from input-954 to output-2, harming 100.0% more records than it helps (0/1432)
Discovery 1681dc3e analyze harmful time 1s 643ms found 1 candidates
Fine tuning increased fitness by 5.588846149207072e-7 to 0.9988186818751251 adjusted 398 weights, 3 biases 
Discovery 1681dc3e analyze squashes time 452ms found 3 candidates, Summary: b70fe60a-0040-4313-a2a2-2cda884d78c4 Mish -> ABSOLUTE improved: 72.1% error: 299.0051 -> 83.5283,output-2 Swish -> ABSOLUTE improved: 90.8% error: 47.2671 -> 4.3353,output-0 Softplus -> LogSigmoid improved: 35.4% error: 361.2626 -> 233.3315
Training f82088ea with 1 binary file, target error: 0.000001, iterations: 1, sample rate: 100%, sparse: 100%
Discovery f82088ea with 1 binary files, sample rate: 100%, batch size: 512
Discovery f82088ea initialize time 77ms
Discovery f82088ea processing .trainData-fx_c_88/USDTHB/data.bin
Discovery f82088ea read time 2ms for .trainData-fx_c_88/USDTHB/data.bin with 1432 records
Discovery f82088ea scanning time 447ms
Discovery f82088ea recorded time 743ms
Over populated 52, expected 50.
Training cacf3491 with 1 binary file, target error: 0.000001, iterations: 1, sample rate: 100%, sparse: 100%
Training 706bdeda with 1 binary file, target error: 0.000001, iterations: 1, sample rate: 100%, sparse: 100%
Fine tuning increased fitness by 3.545411367822382e-7 to 0.9988212183916183 adjusted 420 weights, 2 biases 
Generation 140 score 0.9988231244087039  error 0.0011687047142723923 avg time 1s 211ms
Fine tuning increased fitness by 0.000002052251916073722 to 0.99882517666062 adjusted 198 weights, 1 bias 
Fine tuning increased fitness by 0.000002141440925917948 to 0.9988273181015459 adjusted 198 weights, 1 bias 
Fine tuning increased fitness by 0.000003479374582671113 to 0.9988307974761286 adjusted 198 weights, 1 bias 
Fine tuning increased fitness by 0.000004438199237566387 to 0.9988352356753661 adjusted 198 weights, 1 bias 
Fine tuning increased fitness by 0.000004493605943345358 to 0.9988397292813095 adjusted 198 weights, 1 bias 
Fine tuning increased fitness by 0.000002500777998348802 to 0.9988422300593078 adjusted 198 weights, 1 bias 
Fine tuning increased fitness by 3.8047815942299223e-7 to 0.9988426105374673 adjusted 198 weights, 1 bias 
Fine tuning increased fitness by 4.6516801277540765e-7 to 0.99884307570548 adjusted 198 weights, 1 bias 
Fine tuning increased fitness by 4.483834620261362e-7 to 0.9988435240889421 adjusted 198 weights, 1 bias 
Fine tuning increased fitness by 5.682329050626933e-7 to 0.9988440923218471 adjusted 198 weights, 1 bias 
Generation 150 score 0.9988440923218471  error 0.0011477368011139598 avg time 923ms
Fine tuning increased fitness by 5.867885286559016e-7 to 0.9988451211672805 adjusted 215 weights, 1 bias 
Fine tuning increased fitness by 2.5569262129820913e-7 to 0.9988453768599018 adjusted 215 weights, 1 bias 
Discovered beneficial synapse from input-41 to output-2 with weight 1.0000, helping 100.0% more records than it harms (1432/1432)
Discovery f82088ea analyze time 16s 448ms found 1 candidates
Fine tuning increased fitness by 9.691749236484526e-8 to 0.9988454737773942 adjusted 215 weights, 1 bias 
Discovered harmful synapse from input-954 to output-2, harming 100.0% more records than it helps (0/1432)
Discovery f82088ea analyze harmful time 1s 545ms found 1 candidates
Discovery f82088ea analyze squashes time 478ms found 3 candidates, Summary: b70fe60a-0040-4313-a2a2-2cda884d78c4 Mish -> ABSOLUTE improved: 67.9% error: 282.4782 -> 90.6116,output-2 Swish -> ABSOLUTE improved: 90.8% error: 49.5880 -> 4.5809,output-0 Softplus -> LogSigmoid improved: 35.6% error: 356.5400 -> 229.5919
Fine tuning increased fitness by 0.000005609558680674809 to 0.9988533641071005 adjusted 587 weights, 4 biases 
Fine tuning increased fitness by 0.000005912309116284931 to 0.9988592764162167 adjusted 587 weights, 4 biases 
Generation 160 score 0.9988643873370443  error 0.001127441785696492 avg time 1s 83ms
Fine tuning increased fitness by 0.000003556809587301757 to 0.9988679441466316 adjusted 402 weights, 2 biases 
Fine tuning increased fitness by 0.00000305471064676599 to 0.9988709988572784 adjusted 402 weights, 2 biases 
Fine tuning increased fitness by 0.000006531160862133234 to 0.9988775300181405 adjusted 402 weights, 2 biases 
Fine tuning increased fitness by 0.000002384920063436269 to 0.9988933911184833 adjusted 208 weights, 1 bias 
Generation 167 score 0.9988933911184833  error 0.001098438004234834 avg time 778ms
{
  error: 0.001098438004234834,
  score: 0.9988933911184833,
  generation: 167,
  time: 180250
}

=== Processing EURJPY (8/10) ===
9 mutations, mutation rate 30.6%, elitism 8, mutation FFW, selection TOURNAMENT
Creature count: 50
Culling duplicate creature at 15 of 51
DeDuplication of 1 creatures to 50 in  (previous experiment )
Training e87b3e48 with 1 binary file, target error: 0.000001, iterations: 1, sample rate: 100%, sparse: 100%
Discovery e87b3e48 with 1 binary files, sample rate: 100%, batch size: 512
Discovery e87b3e48 initialize time 85ms
Discovery e87b3e48 processing .trainData-fx_c_88/EURJPY/data.bin
Discovery e87b3e48 read time 4ms for .trainData-fx_c_88/EURJPY/data.bin with 3042 records
Discovery e87b3e48 scanning time 989ms
Fine tuning increased fitness by 4.526638098800717e-7 to 0.9967546391000708 adjusted 62 weights, 1 bias 
Discovery e87b3e48 recorded time 1s 596ms
Training b6bc5312 with 1 binary file, target error: 0.000001, iterations: 1, sample rate: 100%, sparse: 100%
Fine tuning increased fitness by 3.3640415575408866e-7 to 0.9967549755042265 adjusted 62 weights, 1 bias 
Fine tuning increased fitness by 7.637637733370894e-8 to 0.9967550518806039 adjusted 62 weights, 1 bias 
Training 20174d02 with 1 binary file, target error: 0.000001, iterations: 1, sample rate: 100%, sparse: 100%
Training 2954841a with 1 binary file, target error: 0.000001, iterations: 1, sample rate: 100%, sparse: 100%
Training dc0fef8c with 1 binary file, target error: 0.000001, iterations: 1, sample rate: 100%, sparse: 100%
Fine tuning increased fitness by 2.084826657977601e-7 to 0.9967555378085338 adjusted 60 weights, 1 bias 
Remove neuron ee2b51b8-b7c9-491f-afc0-6b76aebfa690 as no longer connected
Fine tuning increased fitness by 1.8614143615369727e-7 to 0.9967557239499699 adjusted 60 weights, 1 bias 
Training 038e4608 with 1 binary file, target error: 0.000001, iterations: 1, sample rate: 100%, sparse: 100%
Training cc305f29 with 1 binary file, target error: 0.000001, iterations: 1, sample rate: 100%, sparse: 100%
Generation 10 score 0.9967560177201487  error 0.00323382135470354 avg time 1s 499ms
Fine tuning increased fitness by 7.238027971423477e-7 to 0.9967567415229458 adjusted 689 weights, 16 biases 
Training 73c8ba4e with 1 binary file, target error: 0.000001, iterations: 1, sample rate: 100%, sparse: 100%
Over populated 52, expected 50.
Training 45126fd3 with 1 binary file, target error: 0.000001, iterations: 1, sample rate: 100%, sparse: 100%
Fine tuning increased fitness by 0.0000011289421806282007 to 0.9967591567431142 adjusted 698 weights, 16 biases 
Discovered beneficial synapse from input-1302 to 14f23d43-7bde-47c3-954d-abf782be4e69 with weight 1.0000, helping 72.0% more records than it harms (2453/3042)
Discovery e87b3e48 analyze time 17s 421ms found 1 candidates
Discovered harmful synapse from 880e0d70-3184-4a81-86fc-8d8c002e6348 to 14f23d43-7bde-47c3-954d-abf782be4e69, harming 75.1% more records than it helps (216/3042)
Discovery e87b3e48 analyze harmful time 279ms found 1 candidates
Over populated 52, expected 50.
Training 8daddff7 with 1 binary file, target error: 0.000001, iterations: 1, sample rate: 100%, sparse: 100%
Fine tuning increased fitness by 6.857786167824287e-7 to 0.996759842521731 adjusted 698 weights, 16 biases 
Discovery e87b3e48 analyze squashes time 645ms found 3 candidates, Summary: 9c87c7dd-1d3e-449d-b56e-2595e4c64db6 LeakyReLU -> LogSigmoid improved: 1.7% error: 1885.4928 -> 1854.1734,38a0f214-60f2-4eb2-b449-1c116ee58da7 TANH -> SINE improved: 13.6% error: 101.1983 -> 87.4018,14f23d43-7bde-47c3-954d-abf782be4e69 HARD_TANH -> STEP improved: 9.7% error: 181.8450 -> 164.2499
Over populated 52, expected 50.
Training 69dec7b1 with 1 binary file, target error: 0.000001, iterations: 1, sample rate: 100%, sparse: 100%
Discovery 69dec7b1 with 1 binary files, sample rate: 100%, batch size: 512
Discovery 69dec7b1 initialize time 85ms
Discovery 69dec7b1 processing .trainData-fx_c_88/EURJPY/data.bin
Discovery 69dec7b1 read time 5ms for .trainData-fx_c_88/EURJPY/data.bin with 3042 records
Discovery 69dec7b1 scanning time 990ms
Over populated 56, expected 50.
Training a143ff35 with 1 binary file, target error: 0.000001, iterations: 1, sample rate: 100%, sparse: 100%
Discovery 69dec7b1 recorded time 1s 691ms
Fine tuning increased fitness by 4.3136132110710435e-8 to 0.9967610851236497 adjusted 669 weights, 15 biases 
Over populated 52, expected 50.
Training d817e2e7 with 1 binary file, target error: 0.000001, iterations: 1, sample rate: 100%, sparse: 100%
Fine tuning increased fitness by 3.1551444334976253e-7 to 0.996761400638093 adjusted 669 weights, 15 biases 
Over populated 52, expected 50.
Training 6d0f41e9 with 1 binary file, target error: 0.000001, iterations: 1, sample rate: 100%, sparse: 100%
Over populated 52, expected 50.
Training bbc6f882 with 1 binary file, target error: 0.000001, iterations: 1, sample rate: 100%, sparse: 100%
Remove neuron 41f2ffd5-4662-45e6-ae40-fc5bf9b3377e as no longer connected
Over populated 52, expected 50.
Training a77df347 with 1 binary file, target error: 0.000001, iterations: 1, sample rate: 100%, sparse: 100%
Fine tuning increased fitness by 1.230276319708068e-7 to 0.9967617303170612 adjusted 528 weights, 12 biases 
Over populated 52, expected 50.
Generation 20 score 0.9967617303170612  error 0.0032281087577921935 avg time 1s 750ms
Training c41989d8 with 1 binary file, target error: 0.000001, iterations: 1, sample rate: 100%, sparse: 100%
Fine tuning increased fitness by 1.6817173087435577e-7 to 0.996761898488792 adjusted 528 weights, 12 biases 
Training 26b84c33 with 1 binary file, target error: 0.000001, iterations: 1, sample rate: 100%, sparse: 100%
Fine tuning increased fitness by 2.9877029938951694e-7 to 0.9967621972590914 adjusted 528 weights, 12 biases 
Over populated 52, expected 50.
Discovered beneficial synapse from input-1302 to 14f23d43-7bde-47c3-954d-abf782be4e69 with weight 1.0000, helping 71.6% more records than it harms (2448/3042)
Discovery 69dec7b1 analyze time 12s 47ms found 1 candidates
Training 352060f6 with 1 binary file, target error: 0.000001, iterations: 1, sample rate: 100%, sparse: 100%
Discovered harmful synapse from 880e0d70-3184-4a81-86fc-8d8c002e6348 to 14f23d43-7bde-47c3-954d-abf782be4e69, harming 75.5% more records than it helps (210/3042)
Discovery 69dec7b1 analyze harmful time 427ms found 1 candidates
Fine tuning increased fitness by 2.9171912407921496e-7 to 0.9967624889782155 adjusted 528 weights, 12 biases 
Discovery 69dec7b1 analyze squashes time 599ms found 3 candidates, Summary: 14f23d43-7bde-47c3-954d-abf782be4e69 HARD_TANH -> STEP improved: 9.7% error: 181.6957 -> 164.1063,38a0f214-60f2-4eb2-b449-1c116ee58da7 TANH -> SINE improved: 13.7% error: 101.1615 -> 87.3526,9c87c7dd-1d3e-449d-b56e-2595e4c64db6 LeakyReLU -> LogSigmoid improved: 1.2% error: 4103.9482 -> 4056.3155
Remove neuron 880e0d70-3184-4a81-86fc-8d8c002e6348 as no longer connected
Over populated 52, expected 50.
Training 85357e19 with 1 binary file, target error: 0.000001, iterations: 1, sample rate: 100%, sparse: 100%
Fine tuning increased fitness by 3.3054382986286157e-7 to 0.9967628195220454 adjusted 528 weights, 12 biases 
Discovery 85357e19 with 1 binary files, sample rate: 100%, batch size: 512
Discovery 85357e19 initialize time 83ms
Discovery 85357e19 processing .trainData-fx_c_88/EURJPY/data.bin
Discovery 85357e19 read time 6ms for .trainData-fx_c_88/EURJPY/data.bin with 3042 records
Discovery 85357e19 scanning time 959ms
Over populated 56, expected 50.
Training 93822968 with 1 binary file, target error: 0.000001, iterations: 1, sample rate: 100%, sparse: 100%
Discovery 85357e19 recorded time 1s 727ms
Fine tuning increased fitness by 4.668823273545897e-7 to 0.9967632864043727 adjusted 528 weights, 12 biases 
Over populated 52, expected 50.
Training d7c1642e with 1 binary file, target error: 0.000001, iterations: 1, sample rate: 100%, sparse: 100%
Fine tuning increased fitness by 9.107141226705195e-7 to 0.9967641971184954 adjusted 528 weights, 12 biases 
Training c29629fa with 1 binary file, target error: 0.000001, iterations: 1, sample rate: 100%, sparse: 100%
Fine tuning increased fitness by 0.0000010419256039062574 to 0.9967652390440993 adjusted 528 weights, 12 biases 
Training 8e74860b with 1 binary file, target error: 0.000001, iterations: 1, sample rate: 100%, sparse: 100%
Training 2419009f with 1 binary file, target error: 0.000001, iterations: 1, sample rate: 100%, sparse: 100%
Fine tuning increased fitness by 0.0000035059767007350473 to 0.9967712496149422 adjusted 580 weights, 14 biases 
Remove neuron 3754ffcb-c5b4-44d6-b2b2-b37f8a1c8afe as no longer connected
Training f08b8fcd with 1 binary file, target error: 0.000001, iterations: 1, sample rate: 100%, sparse: 100%
Remove neuron ee2b51b8-b7c9-491f-afc0-6b76aebfa690 as no longer connected
Over populated 52, expected 50.
Generation 30 score 0.9967751586856624  error 0.0032146803891894794 avg time 1s 816ms
Training 3fb0197b with 1 binary file, target error: 0.000001, iterations: 1, sample rate: 100%, sparse: 100%
Fine tuning increased fitness by 0.000006562197045645313 to 0.996781720882708 adjusted 569 weights, 14 biases 
Over populated 52, expected 50.
Training 8ee3599e with 1 binary file, target error: 0.000001, iterations: 1, sample rate: 100%, sparse: 100%
Remove neuron 3754ffcb-c5b4-44d6-b2b2-b37f8a1c8afe as no longer connected
Over populated 52, expected 50.
Training 30818a7f with 1 binary file, target error: 0.000001, iterations: 1, sample rate: 100%, sparse: 100%
Fine tuning increased fitness by 2.088698056734728e-7 to 0.9967895701074677 adjusted 513 weights, 13 biases 
Over populated 52, expected 50.
Training 98e99c2a with 1 binary file, target error: 0.000001, iterations: 1, sample rate: 100%, sparse: 100%
Over populated 52, expected 50.
Training 4b5e6198 with 1 binary file, target error: 0.000001, iterations: 1, sample rate: 100%, sparse: 100%
Fine tuning increased fitness by 6.41527622691207e-7 to 0.996791082396149 adjusted 539 weights, 12 biases 
Over populated 52, expected 50.
Training b027c906 with 1 binary file, target error: 0.000001, iterations: 1, sample rate: 100%, sparse: 100%
Fine tuning increased fitness by 4.5193231346107865e-7 to 0.9967915343284625 adjusted 539 weights, 12 biases 
Over populated 52, expected 50.
Training 163c4f7d with 1 binary file, target error: 0.000001, iterations: 1, sample rate: 100%, sparse: 100%
Over populated 52, expected 50.
Training ff91748b with 1 binary file, target error: 0.000001, iterations: 1, sample rate: 100%, sparse: 100%
Fine tuning increased fitness by 1.8556418646120676e-7 to 0.996791875513808 adjusted 125 weights, 5 biases 
Over populated 52, expected 50.
Training 6fca58b5 with 1 binary file, target error: 0.000001, iterations: 1, sample rate: 100%, sparse: 100%
Fine tuning increased fitness by 2.2638416152798158e-7 to 0.9967921018979695 adjusted 125 weights, 5 biases 
Discovered beneficial synapse from input-1302 to 14f23d43-7bde-47c3-954d-abf782be4e69 with weight 1.0000, helping 71.9% more records than it harms (2451/3042)
Discovery 85357e19 analyze time 25s 413ms found 1 candidates
Discovered harmful synapse from 880e0d70-3184-4a81-86fc-8d8c002e6348 to 14f23d43-7bde-47c3-954d-abf782be4e69, harming 75.1% more records than it helps (215/3042)
Discovery 85357e19 analyze harmful time 343ms found 1 candidates
Training 76ddb60e with 1 binary file, target error: 0.000001, iterations: 1, sample rate: 100%, sparse: 100%
Fine tuning increased fitness by 1.420432125254223e-7 to 0.996792243941182 adjusted 125 weights, 5 biases 
Discovery 85357e19 analyze squashes time 677ms found 3 candidates, Summary: 9c87c7dd-1d3e-449d-b56e-2595e4c64db6 LeakyReLU -> LogSigmoid improved: 1.1% error: 4936.9407 -> 4884.4287,output-0 LeakyReLU -> LogSigmoid improved: 19.0% error: 1.2160 -> 0.9854,14f23d43-7bde-47c3-954d-abf782be4e69 HARD_TANH -> STEP improved: 9.7% error: 181.5171 -> 163.9450
Generation 40 score 0.996792243941182  error 0.003197595133667535 avg time 1s 749ms
Training b3f8d1ef with 1 binary file, target error: 0.000001, iterations: 1, sample rate: 100%, sparse: 100%
Fine tuning increased fitness by 1.3148627653336575e-7 to 0.9967923754274586 adjusted 125 weights, 5 biases 
Discovery b3f8d1ef with 1 binary files, sample rate: 100%, batch size: 512
Discovery b3f8d1ef initialize time 77ms
Discovery b3f8d1ef processing .trainData-fx_c_88/EURJPY/data.bin
Discovery b3f8d1ef read time 5ms for .trainData-fx_c_88/EURJPY/data.bin with 3042 records
Discovery b3f8d1ef scanning time 968ms
Over populated 54, expected 50.
Training 8b083d9d with 1 binary file, target error: 0.000001, iterations: 1, sample rate: 100%, sparse: 100%
Discovery b3f8d1ef recorded time 1s 668ms
Training d7404e11 with 1 binary file, target error: 0.000001, iterations: 1, sample rate: 100%, sparse: 100%
Fine tuning increased fitness by 1.2712528385527833e-7 to 0.9967926555681765 adjusted 125 weights, 5 biases 
Training d09cbe90 with 1 binary file, target error: 0.000001, iterations: 1, sample rate: 100%, sparse: 100%
Training e609cdb7 with 1 binary file, target error: 0.000001, iterations: 1, sample rate: 100%, sparse: 100%
Fine tuning increased fitness by 2.8860018541632115e-7 to 0.9967930986501977 adjusted 118 weights, 5 biases 
Training 1c4f9c66 with 1 binary file, target error: 0.000001, iterations: 1, sample rate: 100%, sparse: 100%
Fine tuning increased fitness by 4.778709193908881e-7 to 0.9967935765211171 adjusted 118 weights, 5 biases 
Training c022d85a with 1 binary file, target error: 0.000001, iterations: 1, sample rate: 100%, sparse: 100%
Fine tuning increased fitness by 7.843195841683581e-7 to 0.9967943608407013 adjusted 118 weights, 5 biases 
Training 78d5b078 with 1 binary file, target error: 0.000001, iterations: 1, sample rate: 100%, sparse: 100%
Fine tuning increased fitness by 9.21235600137571e-7 to 0.9967952820763014 adjusted 118 weights, 5 biases 
Training 70730298 with 1 binary file, target error: 0.000001, iterations: 1, sample rate: 100%, sparse: 100%
Fine tuning increased fitness by 9.464784279655802e-7 to 0.9967962285547294 adjusted 118 weights, 5 biases 
Discovered beneficial synapse from input-1302 to 14f23d43-7bde-47c3-954d-abf782be4e69 with weight 1.0000, helping 70.1% more records than it harms (2455/3042)
Discovery b3f8d1ef analyze time 12s 755ms found 1 candidates
Discovered harmful synapse from 880e0d70-3184-4a81-86fc-8d8c002e6348 to 14f23d43-7bde-47c3-954d-abf782be4e69, harming 77.4% more records than it helps (211/3042)
Discovery b3f8d1ef analyze harmful time 286ms found 1 candidates
Discovery b3f8d1ef analyze squashes time 402ms found 2 candidates, Summary: 9c87c7dd-1d3e-449d-b56e-2595e4c64db6 LeakyReLU -> LogSigmoid improved: 1.1% error: 5012.5175 -> 4959.5800,38a0f214-60f2-4eb2-b449-1c116ee58da7 TANH -> SINE improved: 13.6% error: 102.4823 -> 88.5757
Training 05c45b08 with 1 binary file, target error: 0.000001, iterations: 1, sample rate: 100%, sparse: 100%
Discovery 05c45b08 with 1 binary files, sample rate: 100%, batch size: 512
Discovery 05c45b08 initialize time 86ms
Discovery 05c45b08 processing .trainData-fx_c_88/EURJPY/data.bin
Discovery 05c45b08 read time 3ms for .trainData-fx_c_88/EURJPY/data.bin with 3042 records
Discovery 05c45b08 scanning time 964ms
Over populated 56, expected 50.
Generation 50 score 0.9967976822528047  error 0.003192156822043098 avg time 1s 763ms
Training e5e36f9d with 1 binary file, target error: 0.000001, iterations: 1, sample rate: 100%, sparse: 100%
Discovery 05c45b08 recorded time 1s 734ms
Fine tuning increased fitness by 0.0000013714827681310382 to 0.9967990537355729 adjusted 118 weights, 5 biases 
Training fb8d7d15 with 1 binary file, target error: 0.000001, iterations: 1, sample rate: 100%, sparse: 100%
Fine tuning increased fitness by 1.8388357880816386e-7 to 0.9967992376191517 adjusted 118 weights, 5 biases 
Training c893d724 with 1 binary file, target error: 0.000001, iterations: 1, sample rate: 100%, sparse: 100%
Training 5be97534 with 1 binary file, target error: 0.000001, iterations: 1, sample rate: 100%, sparse: 100%
Fine tuning increased fitness by 1.549761086128143e-8 to 0.9967992531167625 adjusted 44 weights, 2 biases 
Training d1702009 with 1 binary file, target error: 0.000001, iterations: 1, sample rate: 100%, sparse: 100%
Training b8bd2008 with 1 binary file, target error: 0.000001, iterations: 1, sample rate: 100%, sparse: 100%
Over populated 52, expected 50.
Training b83358b8 with 1 binary file, target error: 0.000001, iterations: 1, sample rate: 100%, sparse: 100%
Over populated 52, expected 50.
Training 9f8db183 with 1 binary file, target error: 0.000001, iterations: 1, sample rate: 100%, sparse: 100%
Discovered beneficial synapse from input-1302 to 14f23d43-7bde-47c3-954d-abf782be4e69 with weight 1.0000, helping 68.9% more records than it harms (2418/3042)
Discovery 05c45b08 analyze time 12s 937ms found 1 candidates
Discovered harmful synapse from 880e0d70-3184-4a81-86fc-8d8c002e6348 to 14f23d43-7bde-47c3-954d-abf782be4e69, harming 76.4% more records than it helps (208/3042)
Discovery 05c45b08 analyze harmful time 347ms found 1 candidates
Over populated 52, expected 50.
Training 6056c313 with 1 binary file, target error: 0.000001, iterations: 1, sample rate: 100%, sparse: 100%
Discovery 05c45b08 analyze squashes time 905ms found 4 candidates, Summary: 14f23d43-7bde-47c3-954d-abf782be4e69 HARD_TANH -> STEP improved: 9.7% error: 177.8501 -> 160.5865,38a0f214-60f2-4eb2-b449-1c116ee58da7 TANH -> SINE improved: 13.6% error: 104.5672 -> 90.3471,9c87c7dd-1d3e-449d-b56e-2595e4c64db6 LeakyReLU -> LogSigmoid improved: 1.1% error: 5012.8254 -> 4959.8847,output-2 LeakyReLU -> LogSigmoid improved: 20.2% error: 3.0196 -> 2.4100
Over populated 52, expected 50.
Training 9787ef2d with 1 binary file, target error: 0.000001, iterations: 1, sample rate: 100%, sparse: 100%
Fine tuning increased fitness by 1.234071208555676e-7 to 0.996800138059982 adjusted 567 weights, 10 biases 
Discovery 9787ef2d with 1 binary files, sample rate: 100%, batch size: 512
Discovery 9787ef2d initialize time 83ms
Discovery 9787ef2d processing .trainData-fx_c_88/EURJPY/data.bin
Discovery 9787ef2d read time 3ms for .trainData-fx_c_88/EURJPY/data.bin with 3042 records
Discovery 9787ef2d scanning time 929ms
Over populated 54, expected 50.
Generation 60 score 0.996800138059982  error 0.003189701014863587 avg time 1s 803ms
Training bf628c7e with 1 binary file, target error: 0.000001, iterations: 1, sample rate: 100%, sparse: 100%
Discovery 9787ef2d recorded time 1s 703ms
Training 04f672e6 with 1 binary file, target error: 0.000001, iterations: 1, sample rate: 100%, sparse: 100%
Over populated 52, expected 50.
Training 295f6ac0 with 1 binary file, target error: 0.000001, iterations: 1, sample rate: 100%, sparse: 100%
Training 0d6685b0 with 1 binary file, target error: 0.000001, iterations: 1, sample rate: 100%, sparse: 100%
Fine tuning increased fitness by 2.4040058055341262e-8 to 0.9968001701872778 adjusted 160 weights, 4 biases 
Training 4089fda6 with 1 binary file, target error: 0.000001, iterations: 1, sample rate: 100%, sparse: 100%
Training f787fccc with 1 binary file, target error: 0.000001, iterations: 1, sample rate: 100%, sparse: 100%
Training f6a8cf38 with 1 binary file, target error: 0.000001, iterations: 1, sample rate: 100%, sparse: 100%
Training de9b41a6 with 1 binary file, target error: 0.000001, iterations: 1, sample rate: 100%, sparse: 100%
Over populated 52, expected 50.
Training 07715124 with 1 binary file, target error: 0.000001, iterations: 1, sample rate: 100%, sparse: 100%
Fine tuning increased fitness by 3.22545989139833e-7 to 0.9968011378970726 adjusted 322 weights, 8 biases 
Training 70a17ae2 with 1 binary file, target error: 0.000001, iterations: 1, sample rate: 100%, sparse: 100%
Over populated 52, expected 50.
Generation 70 score 0.9968014193027278  error 0.00318841977211605 avg time 1s 797ms
Training c615cf57 with 1 binary file, target error: 0.000001, iterations: 1, sample rate: 100%, sparse: 100%
Fine tuning increased fitness by 3.14412080815174e-8 to 0.9968014507439359 adjusted 329 weights, 8 biases 
Discovered beneficial synapse from input-1302 to 14f23d43-7bde-47c3-954d-abf782be4e69 with weight 1.0000, helping 67.9% more records than it harms (2375/3042)
Discovery 9787ef2d analyze time 18s 842ms found 1 candidates
Discovered harmful synapse from 880e0d70-3184-4a81-86fc-8d8c002e6348 to 14f23d43-7bde-47c3-954d-abf782be4e69, harming 74.2% more records than it helps (214/3042)
Discovery 9787ef2d analyze harmful time 350ms found 1 candidates
Discovery 9787ef2d analyze squashes time 465ms found 2 candidates, Summary: 9c87c7dd-1d3e-449d-b56e-2595e4c64db6 LeakyReLU -> LogSigmoid improved: 1.1% error: 5031.2368 -> 4978.1244,14f23d43-7bde-47c3-954d-abf782be4e69 HARD_TANH -> STEP improved: 9.7% error: 171.9210 -> 155.2050
Training 9a9c3c78 with 1 binary file, target error: 0.000001, iterations: 1, sample rate: 100%, sparse: 100%
Discovery 9a9c3c78 with 1 binary files, sample rate: 100%, batch size: 512
Discovery 9a9c3c78 initialize time 85ms
Discovery 9a9c3c78 processing .trainData-fx_c_88/EURJPY/data.bin
Discovery 9a9c3c78 read time 6ms for .trainData-fx_c_88/EURJPY/data.bin with 3042 records
Discovery 9a9c3c78 scanning time 922ms
Discovery 9a9c3c78 recorded time 1s 496ms
Over populated 56, expected 50.
Training f282568b with 1 binary file, target error: 0.000001, iterations: 1, sample rate: 100%, sparse: 100%
Training 606e361c with 1 binary file, target error: 0.000001, iterations: 1, sample rate: 100%, sparse: 100%
Training ac6f00be with 1 binary file, target error: 0.000001, iterations: 1, sample rate: 100%, sparse: 100%
Fine tuning increased fitness by 8.215812374867681e-8 to 0.9968017767568492 adjusted 316 weights, 8 biases 
Training ef8e0bae with 1 binary file, target error: 0.000001, iterations: 1, sample rate: 100%, sparse: 100%
Fine tuning increased fitness by 1.0481221235369986e-7 to 0.9968018815690616 adjusted 316 weights, 8 biases 
Over populated 52, expected 50.
Training 01e66d16 with 1 binary file, target error: 0.000001, iterations: 1, sample rate: 100%, sparse: 100%
Fine tuning increased fitness by 8.475512058847556e-8 to 0.9968019663241822 adjusted 316 weights, 8 biases 
Over populated 52, expected 50.
Training 26b32560 with 1 binary file, target error: 0.000001, iterations: 1, sample rate: 100%, sparse: 100%
Fine tuning increased fitness by 1.3291363731848804e-7 to 0.9968020992378195 adjusted 316 weights, 8 biases 
Remove neuron 38a0f214-60f2-4eb2-b449-1c116ee58da7 as no longer connected
Training 5ba09de6 with 1 binary file, target error: 0.000001, iterations: 1, sample rate: 100%, sparse: 100%
Fine tuning increased fitness by 1.5260872354705413e-7 to 0.996802251846543 adjusted 316 weights, 8 biases 
Over populated 52, expected 50.
Training c86ea736 with 1 binary file, target error: 0.000001, iterations: 1, sample rate: 100%, sparse: 100%
Fine tuning increased fitness by 7.88332097378941e-8 to 0.9968023306797528 adjusted 316 weights, 8 biases 
Generation 80 score 0.9968023306797528  error 0.0031875083950851663 avg time 1s 847ms
Training c6cb430b with 1 binary file, target error: 0.000001, iterations: 1, sample rate: 100%, sparse: 100%
Fine tuning increased fitness by 1.1244511111119238e-7 to 0.9968024431248639 adjusted 316 weights, 8 biases 
Over populated 52, expected 50.
Training f0290da7 with 1 binary file, target error: 0.000001, iterations: 1, sample rate: 100%, sparse: 100%
Fine tuning increased fitness by 1.1449511494454612e-7 to 0.9968025576199788 adjusted 316 weights, 8 biases 
Over populated 52, expected 50.
Training 78208dd0 with 1 binary file, target error: 0.000001, iterations: 1, sample rate: 100%, sparse: 100%
Discovered beneficial synapse from input-1302 to 14f23d43-7bde-47c3-954d-abf782be4e69 with weight 1.0000, helping 69.4% more records than it harms (2418/3042)
Discovery 9a9c3c78 analyze time 18s 435ms found 1 candidates
Discovered harmful synapse from 880e0d70-3184-4a81-86fc-8d8c002e6348 to 14f23d43-7bde-47c3-954d-abf782be4e69, harming 75.0% more records than it helps (222/3042)
Discovery 9a9c3c78 analyze harmful time 344ms found 1 candidates
Discovery 9a9c3c78 analyze squashes time 415ms found 2 candidates, Summary: 9c87c7dd-1d3e-449d-b56e-2595e4c64db6 LeakyReLU -> LogSigmoid improved: 1.1% error: 5030.9210 -> 4977.8127,output-4 Mish -> SOFTSIGN improved: 3.7% error: 0.0119 -> 0.0114
Training a0f9d439 with 1 binary file, target error: 0.000001, iterations: 1, sample rate: 100%, sparse: 100%
Fine tuning increased fitness by 1.824416075990598e-7 to 0.9968029374530442 adjusted 316 weights, 8 biases 
Discovery a0f9d439 with 1 binary files, sample rate: 100%, batch size: 512
Discovery a0f9d439 initialize time 85ms
Discovery a0f9d439 processing .trainData-fx_c_88/EURJPY/data.bin
Discovery a0f9d439 read time 4ms for .trainData-fx_c_88/EURJPY/data.bin with 3042 records
Discovery a0f9d439 scanning time 956ms
Over populated 56, expected 50.
Discovery a0f9d439 recorded time 1s 692ms
Training e97eb570 with 1 binary file, target error: 0.000001, iterations: 1, sample rate: 100%, sparse: 100%
Over populated 52, expected 50.
Training 220a8713 with 1 binary file, target error: 0.000001, iterations: 1, sample rate: 100%, sparse: 100%
Fine tuning increased fitness by 1.0780142267741155e-7 to 0.9968032848336134 adjusted 288 weights, 6 biases 
Remove neuron 880e0d70-3184-4a81-86fc-8d8c002e6348 as no longer connected
Over populated 52, expected 50.
Fine tuning increased fitness by 1.1592436355289948e-7 to 0.9968034007579769 adjusted 288 weights, 6 biases 
Over populated 52, expected 50.
Fine tuning increased fitness by 1.5746463055688054e-7 to 0.9968035582226075 adjusted 288 weights, 6 biases 
Fine tuning increased fitness by 7.341560204210396e-8 to 0.9968036316382095 adjusted 288 weights, 6 biases 
Remove neuron 38a0f214-60f2-4eb2-b449-1c116ee58da7 as no longer connected
Generation 90 score 0.9968037173085906  error 0.003186121766254558 avg time 1s 756ms
Fine tuning increased fitness by 6.099053850849856e-8 to 0.9968037782991291 adjusted 158 weights, 3 biases 
Fine tuning increased fitness by 5.321837439620225e-7 to 0.9968046913726453 adjusted 1 weight 
Discovered beneficial synapse from input-1302 to 14f23d43-7bde-47c3-954d-abf782be4e69 with weight 1.0000, helping 68.5% more records than it harms (2391/3042)
Discovery a0f9d439 analyze time 17s 514ms found 1 candidates
Discovered harmful synapse from input-1178 to 9c87c7dd-1d3e-449d-b56e-2595e4c64db6, harming 23.5% more records than it helps (1163/3042)
Discovery a0f9d439 analyze harmful time 177ms found 1 candidates
Discovery a0f9d439 analyze squashes time 452ms found 2 candidates, Summary: 9c87c7dd-1d3e-449d-b56e-2595e4c64db6 LeakyReLU -> LogSigmoid improved: 1.1% error: 5031.2245 -> 4978.1128,14f23d43-7bde-47c3-954d-abf782be4e69 HARD_TANH -> STEP improved: 9.7% error: 175.1525 -> 158.2067
Fine tuning increased fitness by 0.000002008187137692019 to 0.9968080276199364 adjusted 115 weights, 3 biases 
Fine tuning increased fitness by 3.4387805691871165e-7 to 0.9968104740552587 adjusted 115 weights, 3 biases 
Generation 100 score 0.9968105229196199  error 0.003179306155278164 avg time 1s 547ms
Fine tuning increased fitness by 3.6946812276283936e-10 to 0.9968105233560146 adjusted 65 weights, 1 bias 
Generation 105 score 0.9968105236986915  error 0.0031793053762065584 avg time 694ms
{
  error: 0.0031793053762065584,
  score: 0.9968105236986915,
  generation: 105,
  time: 180350
}

=== Processing USDPEN (9/10) ===
../GRQ-FX-models/v1//USDPEN.json NotFound: No such file or directory (os error 2): readfile '../GRQ-FX-models/v1//USDPEN.json'
    at Object.readTextFileSync (ext:deno_fs/30_fs.js:770:10)
    at file:///data/GRQ/GRQ/src/fx/EvolveApp.ts:137:12
    at eventLoopTick (ext:core/01_core.js:179:7) {
  name: "NotFound",
  code: "ENOENT"
}
3 mutations, mutation rate 8.7%, elitism 5, mutation ALL, selection POWER
Creature count: 50
Training 0b5179a8 with 1 binary file, target error: 0.000001, iterations: 1, sample rate: 100%, sparse: 100%
Discovery 0b5179a8 with 1 binary files, sample rate: 100%, batch size: 512
Discovery 0b5179a8 initialize time 85ms
Discovery 0b5179a8 processing .trainData-fx_c_88/USDPEN/data.bin
Discovery 0b5179a8 read time 7ms for .trainData-fx_c_88/USDPEN/data.bin with 3359 records
Discovery 0b5179a8 scanning time 1s 25ms
Training 23343e93 with 1 binary file, target error: 0.000001, iterations: 1, sample rate: 100%, sparse: 100%
Fine tuning increased fitness by 0.000005418557328051854 to 0.9985696754074121 adjusted 458 weights, 7 biases 
Discovery 0b5179a8 recorded time 1s 723ms
Training 5ab10856 with 1 binary file, target error: 0.000001, iterations: 1, sample rate: 100%, sparse: 100%
Fine tuning increased fitness by 0.000006615455470759812 to 0.9985762908628829 adjusted 453 weights, 7 biases 
Training 77efe404 with 1 binary file, target error: 0.000001, iterations: 1, sample rate: 100%, sparse: 100%
Over populated 52, expected 50.
Training 9fd68953 with 1 binary file, target error: 0.000001, iterations: 1, sample rate: 100%, sparse: 100%
Fine tuning increased fitness by 0.00001754496621086954 to 0.9986125787532003 adjusted 238 weights, 5 biases 
Over populated 52, expected 50.
Culling duplicate creature at 35 of 52
DeDuplication of 1 creatures to 51 in 11ms (previous experiment )
Training fcc418ea with 1 binary file, target error: 0.000001, iterations: 1, sample rate: 100%, sparse: 100%
Training a01ccbdd with 1 binary file, target error: 0.000001, iterations: 1, sample rate: 100%, sparse: 100%
Fine tuning increased fitness by 6.860361079219501e-7 to 0.9986192263590861 adjusted 181 weights, 2 biases 
Fine tuning increased fitness by 2.3847429742041015e-7 to 0.9986194648333835 adjusted 440 weights, 7 biases 
Training b52808bd with 1 binary file, target error: 0.000001, iterations: 1, sample rate: 100%, sparse: 100%
Over populated 52, expected 50.
Training fc150b20 with 1 binary file, target error: 0.000001, iterations: 1, sample rate: 100%, sparse: 100%
Over populated 52, expected 50.
Generation 10 score 0.9986289031212939  error 0.001362856008277327 avg time 1s 443ms
Training 0932dde6 with 1 binary file, target error: 0.000001, iterations: 1, sample rate: 100%, sparse: 100%
Fine tuning increased fitness by 0.000009166776332336646 to 0.998642622540515 adjusted 147 weights, 1 bias 
Training 37f173dc with 1 binary file, target error: 0.000001, iterations: 1, sample rate: 100%, sparse: 100%
Fine tuning increased fitness by 0.000017045198259735272 to 0.9986596677387747 adjusted 435 weights, 7 biases 
Training b4582294 with 1 binary file, target error: 0.000001, iterations: 1, sample rate: 100%, sparse: 100%
Training 3fe5db22 with 1 binary file, target error: 0.000001, iterations: 1, sample rate: 100%, sparse: 100%
Fine tuning increased fitness by 0.000018934663683412012 to 0.9987065408200039 adjusted 208 weights, 4 biases 
Discovered beneficial synapse from input-41 to output-2 with weight 1.0000, helping 100.0% more records than it harms (3359/3359)
Discovery 0b5179a8 analyze time 17s 222ms found 1 candidates
Discovered harmful synapse from input-954 to output-2, harming 100.0% more records than it helps (0/3359)
Discovery 0b5179a8 analyze harmful time 443ms found 1 candidates
Training c22d16e8 with 1 binary file, target error: 0.000001, iterations: 1, sample rate: 100%, sparse: 100%
Fine tuning increased fitness by 0.000023667706830154955 to 0.998730208526834 adjusted 208 weights, 4 biases 
Discovery 0b5179a8 analyze squashes time 633ms found 3 candidates, Summary: output-2 Swish -> ABSOLUTE improved: 94.3% error: 50.2339 -> 2.8571,output-0 LOGISTIC -> LogSigmoid improved: 35.0% error: 414.0003 -> 268.9511,b70fe60a-0040-4313-a2a2-2cda884d78c4 Mish -> ABSOLUTE improved: 59.6% error: 39.6720 -> 16.0078
Discovery 62aa2c71 with 1 binary files, sample rate: 100%, batch size: 512
Discovery 62aa2c71 initialize time 79ms
Discovery 62aa2c71 processing .trainData-fx_c_88/USDPEN/data.bin
Discovery 62aa2c71 read time 1ms for .trainData-fx_c_88/USDPEN/data.bin with 3359 records
Discovery 62aa2c71 scanning time 942ms
Training 7ee5b47a with 1 binary file, target error: 0.000001, iterations: 1, sample rate: 100%, sparse: 100%
Fine tuning increased fitness by 0.0000018946658448815157 to 0.9987376677550623 adjusted 146 weights, 1 bias 
Discovery 62aa2c71 recorded time 1s 760ms
Fine tuning increased fitness by 3.6386926094422734e-7 to 0.9987380316243233 adjusted 146 weights, 1 bias 
Training 487e038e with 1 binary file, target error: 0.000001, iterations: 1, sample rate: 100%, sparse: 100%
Fine tuning increased fitness by 7.03596403361928e-10 to 0.9987380323279197 adjusted 146 weights, 1 bias 
Generation 20 score 0.9987380323279197  error 0.0012537268018355866 avg time 1s 258ms
Fine tuning increased fitness by 5.847892536881005e-8 to 0.9987380908068451 adjusted 146 weights, 1 bias 
Training 8e850d9a with 1 binary file, target error: 0.000001, iterations: 1, sample rate: 100%, sparse: 100%
Fine tuning increased fitness by 4.089746852287135e-8 to 0.9987381317043136 adjusted 146 weights, 1 bias 
Fine tuning increased fitness by 1.1048249726197668e-7 to 0.9987382421868108 adjusted 146 weights, 1 bias 
Training d10d6b38 with 1 binary file, target error: 0.000001, iterations: 1, sample rate: 100%, sparse: 100%
Fine tuning increased fitness by 1.7056686585359415e-7 to 0.9987384127536767 adjusted 146 weights, 1 bias 
Training 0dbdc858 with 1 binary file, target error: 0.000001, iterations: 1, sample rate: 100%, sparse: 100%
Training 6590b698 with 1 binary file, target error: 0.000001, iterations: 1, sample rate: 100%, sparse: 100%
Fine tuning increased fitness by 0.000003622220971499779 to 0.9987459470304592 adjusted 206 weights, 2 biases 
Training a7623207 with 1 binary file, target error: 0.000001, iterations: 1, sample rate: 100%, sparse: 100%
Fine tuning increased fitness by 0.000006316109012249882 to 0.9987522631394714 adjusted 206 weights, 2 biases 
Discovered beneficial synapse from input-41 to output-2 with weight 1.0000, helping 100.0% more records than it harms (3359/3359)
Discovery 62aa2c71 analyze time 11s 974ms found 1 candidates
Training 7db3bb61 with 1 binary file, target error: 0.000001, iterations: 1, sample rate: 100%, sparse: 100%
Fine tuning increased fitness by 0.000006599250897298958 to 0.9987588623903687 adjusted 206 weights, 2 biases 
Discovered harmful synapse from input-954 to output-2, harming 100.0% more records than it helps (0/3359)
Discovery 62aa2c71 analyze harmful time 460ms found 1 candidates
Discovery 62aa2c71 analyze squashes time 620ms found 3 candidates, Summary: b70fe60a-0040-4313-a2a2-2cda884d78c4 Mish -> ABSOLUTE improved: 58.6% error: 37.0849 -> 15.3476,output-2 Swish -> ABSOLUTE improved: 93.2% error: 53.8827 -> 3.6408,output-0 LOGISTIC -> LogSigmoid improved: 35.0% error: 402.6395 -> 261.5628
Training a950636f with 1 binary file, target error: 0.000001, iterations: 1, sample rate: 100%, sparse: 100%
Discovery a950636f with 1 binary files, sample rate: 100%, batch size: 512
Discovery a950636f initialize time 83ms
Discovery a950636f processing .trainData-fx_c_88/USDPEN/data.bin
Generation 30 score 0.9987661393983712  error 0.0012256197313172817 avg time 1s 213ms
Discovery a950636f read time 5ms for .trainData-fx_c_88/USDPEN/data.bin with 3359 records
Training 43233624 with 1 binary file, target error: 0.000001, iterations: 1, sample rate: 100%, sparse: 100%
Discovery a950636f scanning time 1s 205ms
Discovery a950636f recorded time 1s 961ms
Fine tuning increased fitness by 2.550396315248449e-7 to 0.9987697859235799 adjusted 7 weights, 1 bias 
Training a9bae544 with 1 binary file, target error: 0.000001, iterations: 1, sample rate: 100%, sparse: 100%
Fine tuning increased fitness by 4.53124648913672e-9 to 0.9987697904548264 adjusted 7 weights, 1 bias 
Training 6a69437d with 1 binary file, target error: 0.000001, iterations: 1, sample rate: 100%, sparse: 100%
Fine tuning increased fitness by 3.784583757493465e-11 to 0.9987697904926722 adjusted 7 weights, 1 bias 
Fine tuning increased fitness by 4.2368619723731626e-10 to 0.9987697909163584 adjusted 7 weights, 1 bias 
Training 415f23ec with 1 binary file, target error: 0.000001, iterations: 1, sample rate: 100%, sparse: 100%
Training a5eb79eb with 1 binary file, target error: 0.000001, iterations: 1, sample rate: 100%, sparse: 100%
Training d3dd9983 with 1 binary file, target error: 0.000001, iterations: 1, sample rate: 100%, sparse: 100%
Fine tuning increased fitness by 0.0000016446900826805333 to 0.9987766348505204 adjusted 9 weights, 1 bias 
Fine tuning increased fitness by 6.468949470539442e-7 to 0.9987772817454674 adjusted 9 weights, 1 bias 
Generation 40 score 0.9987772817454674  error 0.0012146673832328508 avg time 1s 100ms
Training a474d633 with 1 binary file, target error: 0.000001, iterations: 1, sample rate: 100%, sparse: 100%
Training fa198edb with 1 binary file, target error: 0.000001, iterations: 1, sample rate: 100%, sparse: 100%
Fine tuning increased fitness by 1.0747895351492787e-7 to 0.9987778065280817 adjusted 42 weights, 2 biases 
Training 3091153e with 1 binary file, target error: 0.000001, iterations: 1, sample rate: 100%, sparse: 100%
Fine tuning increased fitness by 1.2634732349248168e-7 to 0.9987779328754052 adjusted 42 weights, 2 biases 
Training 8ed57a9e with 1 binary file, target error: 0.000001, iterations: 1, sample rate: 100%, sparse: 100%
Fine tuning increased fitness by 3.9795894291039247e-7 to 0.9987783308343481 adjusted 745 weights, 7 biases 
Training 4dcdee6c with 1 binary file, target error: 0.000001, iterations: 1, sample rate: 100%, sparse: 100%
Culling duplicate creature at 45 of 51
DeDuplication of 1 creatures to 50 in 12ms (previous experiment )
Training 71c29f88 with 1 binary file, target error: 0.000001, iterations: 1, sample rate: 100%, sparse: 100%
Training ec829697 with 1 binary file, target error: 0.000001, iterations: 1, sample rate: 100%, sparse: 100%
Discovered beneficial synapse from input-41 to output-2 with weight 1.0000, helping 100.0% more records than it harms (3359/3359)
Discovery a950636f analyze time 18s 368ms found 1 candidates
Discovered harmful synapse from input-954 to output-2, harming 100.0% more records than it helps (0/3359)
Discovery a950636f analyze harmful time 451ms found 1 candidates
Training d44eee27 with 1 binary file, target error: 0.000001, iterations: 1, sample rate: 100%, sparse: 100%
Fine tuning increased fitness by 0.00000439786429962119 to 0.9987830271816668 adjusted 686 weights, 7 biases 
Discovery a950636f analyze squashes time 660ms found 3 candidates, Summary: output-2 Swish -> ABSOLUTE improved: 92.9% error: 50.5056 -> 3.5745,output-0 LOGISTIC -> LogSigmoid improved: 35.0% error: 402.6395 -> 261.5628,b70fe60a-0040-4313-a2a2-2cda884d78c4 Mish -> ABSOLUTE improved: 72.0% error: 37.1054 -> 10.3908
Training 8b69b090 with 1 binary file, target error: 0.000001, iterations: 1, sample rate: 100%, sparse: 100%
Discovery 8b69b090 with 1 binary files, sample rate: 100%, batch size: 512
Discovery 8b69b090 initialize time 83ms
Discovery 8b69b090 processing .trainData-fx_c_88/USDPEN/data.bin
Over populated 54, expected 50.
Discovery 8b69b090 read time 7ms for .trainData-fx_c_88/USDPEN/data.bin with 3359 records
Discovery 8b69b090 scanning time 943ms
Training a5600a2d with 1 binary file, target error: 0.000001, iterations: 1, sample rate: 100%, sparse: 100%
Discovery 8b69b090 recorded time 1s 890ms
Generation 50 score 0.9987855404545644  error 0.0012064086737727628 avg time 1s 355ms
Training ceb1fbc3 with 1 binary file, target error: 0.000001, iterations: 1, sample rate: 100%, sparse: 100%
Fine tuning increased fitness by 0.0000012624338032729554 to 0.9987868028883676 adjusted 674 weights, 7 biases 
Over populated 52, expected 50.
Training 2c004676 with 1 binary file, target error: 0.000001, iterations: 1, sample rate: 100%, sparse: 100%
Training 14b4287e with 1 binary file, target error: 0.000001, iterations: 1, sample rate: 100%, sparse: 100%
Training ceb1fbc3 increased fitness by 0.000001026984358554195 to 0.9987878298727262
Over populated 52, expected 50.
Training 84bc6194 with 1 binary file, target error: 0.000001, iterations: 1, sample rate: 100%, sparse: 100%
Culling duplicate creature at 43 of 51
DeDuplication of 1 creatures to 50 in 10ms (previous experiment )
Training 6fea5b07 with 1 binary file, target error: 0.000001, iterations: 1, sample rate: 100%, sparse: 100%
Fine tuning increased fitness by 2.1046159526250108e-7 to 0.9987883220540206 adjusted 547 weights, 4 biases 
Culling duplicate creature at 43 of 51
DeDuplication of 1 creatures to 50 in 13ms (previous experiment )
Training 7d6ba4d5 with 1 binary file, target error: 0.000001, iterations: 1, sample rate: 100%, sparse: 100%
Training 35aca3db with 1 binary file, target error: 0.000001, iterations: 1, sample rate: 100%, sparse: 100%
Fine tuning increased fitness by 4.32848683340481e-7 to 0.9987890196172525 adjusted 547 weights, 4 biases 
Training 11a8f13f with 1 binary file, target error: 0.000001, iterations: 1, sample rate: 100%, sparse: 100%
Fine tuning increased fitness by 0.000001185248824087104 to 0.9987902048660766 adjusted 682 weights, 7 biases 
Over populated 52, expected 50.
Training c0a01bc9 with 1 binary file, target error: 0.000001, iterations: 1, sample rate: 100%, sparse: 100%
Over populated 52, expected 50.
Training 1035e82d with 1 binary file, target error: 0.000001, iterations: 1, sample rate: 100%, sparse: 100%
Fine tuning increased fitness by 7.066111653575291e-7 to 0.9987917367664466 adjusted 663 weights, 7 biases 
Generation 60 score 0.9987917367664466  error 0.0012002123611227077 avg time 1s 385ms
Training b5e9bd0c with 1 binary file, target error: 0.000001, iterations: 1, sample rate: 100%, sparse: 100%
Over populated 52, expected 50.
Training 17d37e47 with 1 binary file, target error: 0.000001, iterations: 1, sample rate: 100%, sparse: 100%
Over populated 52, expected 50.
Training 99fdcf11 with 1 binary file, target error: 0.000001, iterations: 1, sample rate: 100%, sparse: 100%
Fine tuning increased fitness by 1.832551824731965e-7 to 0.9987921344010624 adjusted 620 weights, 6 biases 
Training f4bc82be with 1 binary file, target error: 0.000001, iterations: 1, sample rate: 100%, sparse: 100%
Discovered beneficial synapse from input-41 to output-2 with weight 1.0000, helping 100.0% more records than it harms (3359/3359)
Discovery 8b69b090 analyze time 18s 883ms found 1 candidates
Discovered harmful synapse from input-954 to output-2, harming 100.0% more records than it helps (0/3359)
Discovery 8b69b090 analyze harmful time 445ms found 1 candidates
Discovery 8b69b090 analyze squashes time 402ms found 2 candidates, Summary: b70fe60a-0040-4313-a2a2-2cda884d78c4 Mish -> ABSOLUTE improved: 82.1% error: 41.9339 -> 7.5098,output-0 LOGISTIC -> LogSigmoid improved: 34.9% error: 396.8327 -> 258.5326
Training eb04ef02 with 1 binary file, target error: 0.000001, iterations: 1, sample rate: 100%, sparse: 100%
Fine tuning increased fitness by 1.6852726991700706e-7 to 0.9987924146520056 adjusted 323 weights, 4 biases 
Discovery eb04ef02 with 1 binary files, sample rate: 100%, batch size: 512
Discovery eb04ef02 initialize time 77ms
Discovery eb04ef02 processing .trainData-fx_c_88/USDPEN/data.bin
Culling duplicate creature at 35 of 51
DeDuplication of 1 creatures to 50 in 10ms (previous experiment )
Discovery eb04ef02 read time 4ms for .trainData-fx_c_88/USDPEN/data.bin with 3359 records
Discovery eb04ef02 scanning time 1s 22ms
Training 0b709f07 with 1 binary file, target error: 0.000001, iterations: 1, sample rate: 100%, sparse: 100%
Fine tuning increased fitness by 2.2615269146264438e-7 to 0.9987926408046971 adjusted 323 weights, 4 biases 
Discovery eb04ef02 recorded time 1s 842ms
Training fb4ee841 with 1 binary file, target error: 0.000001, iterations: 1, sample rate: 100%, sparse: 100%
Fine tuning increased fitness by 3.1748870787939865e-7 to 0.998792958293405 adjusted 323 weights, 4 biases 
Training 2432a2d2 with 1 binary file, target error: 0.000001, iterations: 1, sample rate: 100%, sparse: 100%
Fine tuning increased fitness by 2.966990289010596e-7 to 0.9987932549924339 adjusted 323 weights, 4 biases 
Training 62ba258e with 1 binary file, target error: 0.000001, iterations: 1, sample rate: 100%, sparse: 100%
Fine tuning increased fitness by 3.794593617101327e-7 to 0.9987936344517956 adjusted 323 weights, 4 biases 
Training 38436043 with 1 binary file, target error: 0.000001, iterations: 1, sample rate: 100%, sparse: 100%
Fine tuning increased fitness by 6.650563395549369e-7 to 0.9987942995081351 adjusted 323 weights, 4 biases 
Generation 70 score 0.9987942995081351  error 0.0011976496194295956 avg time 1s 411ms
Training f12176c8 with 1 binary file, target error: 0.000001, iterations: 1, sample rate: 100%, sparse: 100%
Training 939f1e45 with 1 binary file, target error: 0.000001, iterations: 1, sample rate: 100%, sparse: 100%
Fine tuning increased fitness by 7.60012567213586e-7 to 0.998796678302288 adjusted 235 weights, 2 biases 
Training ea2d26ff with 1 binary file, target error: 0.000001, iterations: 1, sample rate: 100%, sparse: 100%
Fine tuning increased fitness by 3.7779282668903846e-7 to 0.9987970560951147 adjusted 235 weights, 2 biases 
Training 7898ca4c with 1 binary file, target error: 0.000001, iterations: 1, sample rate: 100%, sparse: 100%
Training 371b3e82 with 1 binary file, target error: 0.000001, iterations: 1, sample rate: 100%, sparse: 100%
Training 8bf50502 with 1 binary file, target error: 0.000001, iterations: 1, sample rate: 100%, sparse: 100%
Fine tuning increased fitness by 4.2036928660227346e-7 to 0.9987983091506313 adjusted 227 weights, 1 bias 
Fine tuning increased fitness by 7.174390387332252e-7 to 0.99879902658967 adjusted 227 weights, 1 bias 
Training 1ef5e654 with 1 binary file, target error: 0.000001, iterations: 1, sample rate: 100%, sparse: 100%
Fine tuning increased fitness by 0.0000012490433767275988 to 0.9988002756330467 adjusted 227 weights, 1 bias 
Fine tuning increased fitness by 0.0000022213947306060078 to 0.9988024970277773 adjusted 227 weights, 1 bias 
Training c4d673e3 with 1 binary file, target error: 0.000001, iterations: 1, sample rate: 100%, sparse: 100%
Generation 80 score 0.9988049734907799  error 0.0011869756367592775 avg time 1s 173ms
Fine tuning increased fitness by 0.000003878946252755533 to 0.9988088524370327 adjusted 365 weights, 3 biases 
Discovered beneficial synapse from input-41 to output-2 with weight 1.0000, helping 100.0% more records than it harms (3359/3359)
Discovery eb04ef02 analyze time 18s 495ms found 1 candidates
Discovered harmful synapse from input-954 to output-2, harming 100.0% more records than it helps (0/3359)
Discovery eb04ef02 analyze harmful time 429ms found 1 candidates
Discovery eb04ef02 analyze squashes time 399ms found 2 candidates, Summary: b70fe60a-0040-4313-a2a2-2cda884d78c4 Mish -> ABSOLUTE improved: 81.9% error: 41.9381 -> 7.6013,output-2 Swish -> ABSOLUTE improved: 93.1% error: 53.9432 -> 3.7320
Training aa6ecc3c with 1 binary file, target error: 0.000001, iterations: 1, sample rate: 100%, sparse: 100%
Discovery aa6ecc3c with 1 binary files, sample rate: 100%, batch size: 512
Discovery aa6ecc3c initialize time 82ms
Discovery aa6ecc3c processing .trainData-fx_c_88/USDPEN/data.bin
Discovery aa6ecc3c read time 7ms for .trainData-fx_c_88/USDPEN/data.bin with 3359 records
Discovery aa6ecc3c scanning time 921ms
Training 6ad2c0c4 with 1 binary file, target error: 0.000001, iterations: 1, sample rate: 100%, sparse: 100%
Fine tuning increased fitness by 0.000010641959156565406 to 0.9988339134214493 adjusted 647 weights, 7 biases 
Discovery aa6ecc3c recorded time 1s 715ms
Training a045e62b with 1 binary file, target error: 0.000001, iterations: 1, sample rate: 100%, sparse: 100%
Training ff84a1d3 with 1 binary file, target error: 0.000001, iterations: 1, sample rate: 100%, sparse: 100%
Culling duplicate creature at 43 of 51
DeDuplication of 1 creatures to 50 in 14ms (previous experiment )
Training b664809a with 1 binary file, target error: 0.000001, iterations: 1, sample rate: 100%, sparse: 100%
Fine tuning increased fitness by 1.9389070560205113e-7 to 0.9988354045257853 adjusted 183 weights, 4 biases 
Training 47da2719 with 1 binary file, target error: 0.000001, iterations: 1, sample rate: 100%, sparse: 100%
Fine tuning increased fitness by 3.8756916576065947e-7 to 0.9988357920949511 adjusted 183 weights, 4 biases 
Training a2f7dabc with 1 binary file, target error: 0.000001, iterations: 1, sample rate: 100%, sparse: 100%
Training 5e3a591b with 1 binary file, target error: 0.000001, iterations: 1, sample rate: 100%, sparse: 100%
Fine tuning increased fitness by 9.76612661740539e-7 to 0.9988373270437116 adjusted 724 weights, 7 biases 
Training 56d13bfa with 1 binary file, target error: 0.000001, iterations: 1, sample rate: 100%, sparse: 100%
Generation 90 score 0.9988387406511546  error 0.0011532084763634604 avg time 1s 384ms
Training 5cf2d100 with 1 binary file, target error: 0.000001, iterations: 1, sample rate: 100%, sparse: 100%
Culling duplicate creature at 49 of 51
DeDuplication of 1 creatures to 50 in 14ms (previous experiment )
Training b9539f60 with 1 binary file, target error: 0.000001, iterations: 1, sample rate: 100%, sparse: 100%
Discovered beneficial synapse from input-41 to output-2 with weight 1.0000, helping 100.0% more records than it harms (3359/3359)
Discovery aa6ecc3c analyze time 12s 405ms found 1 candidates
Discovered harmful synapse from input-954 to output-2, harming 100.0% more records than it helps (0/3359)
Discovery aa6ecc3c analyze harmful time 438ms found 1 candidates
Training 7cb34773 with 1 binary file, target error: 0.000001, iterations: 1, sample rate: 100%, sparse: 100%
Discovery aa6ecc3c analyze squashes time 633ms found 3 candidates, Summary: output-2 Swish -> ABSOLUTE improved: 93.2% error: 54.0769 -> 3.6531,b70fe60a-0040-4313-a2a2-2cda884d78c4 Mish -> ABSOLUTE improved: 80.9% error: 41.1341 -> 7.8721,output-0 LOGISTIC -> LogSigmoid improved: 34.9% error: 399.6838 -> 260.0795
Fine tuning increased fitness by 0.000002664393300100265 to 0.9988461998150794 adjusted 522 weights, 3 biases 
Training 1f5647e4 with 1 binary file, target error: 0.000001, iterations: 1, sample rate: 100%, sparse: 100%
Discovery 1f5647e4 with 1 binary files, sample rate: 100%, batch size: 512
Discovery 1f5647e4 initialize time 85ms
Discovery 1f5647e4 processing .trainData-fx_c_88/USDPEN/data.bin
Discovery 1f5647e4 read time 4ms for .trainData-fx_c_88/USDPEN/data.bin with 3359 records
Discovery 1f5647e4 scanning time 918ms
Training d7221592 with 1 binary file, target error: 0.000001, iterations: 1, sample rate: 100%, sparse: 100%
Fine tuning increased fitness by 0.0000021259735953904624 to 0.998850497889415 adjusted 473 weights, 2 biases 
Discovery 1f5647e4 recorded time 1s 851ms
Training aed76b75 with 1 binary file, target error: 0.000001, iterations: 1, sample rate: 100%, sparse: 100%
Fine tuning increased fitness by 0.0000011974452418517245 to 0.9988516953346569 adjusted 473 weights, 2 biases 
Training 2cc8d72b with 1 binary file, target error: 0.000001, iterations: 1, sample rate: 100%, sparse: 100%
Fine tuning increased fitness by 0.0000011960382317877105 to 0.9988528913728887 adjusted 473 weights, 2 biases 
Training dc7ad140 with 1 binary file, target error: 0.000001, iterations: 1, sample rate: 100%, sparse: 100%
Fine tuning increased fitness by 0.0000011175185646861152 to 0.9988540088914534 adjusted 473 weights, 2 biases 
Training 75538eba with 1 binary file, target error: 0.000001, iterations: 1, sample rate: 100%, sparse: 100%
Training 718307f6 with 1 binary file, target error: 0.000001, iterations: 1, sample rate: 100%, sparse: 100%
Generation 100 score 0.998855215708478  error 0.00113673341915018 avg time 1s 349ms
Training b6831c87 with 1 binary file, target error: 0.000001, iterations: 1, sample rate: 100%, sparse: 100%
Training 3dff19a1 with 1 binary file, target error: 0.000001, iterations: 1, sample rate: 100%, sparse: 100%
Training d43bdda7 with 1 binary file, target error: 0.000001, iterations: 1, sample rate: 100%, sparse: 100%
Fine tuning increased fitness by 8.530218020830205e-7 to 0.9988566073741545 adjusted 188 weights, 1 bias 
Fine tuning increased fitness by 9.615080498459605e-7 to 0.9988575688822043 adjusted 188 weights, 1 bias 
Training dafeb8a6 with 1 binary file, target error: 0.000001, iterations: 1, sample rate: 100%, sparse: 100%
Fine tuning increased fitness by 0.0000015063038911744542 to 0.9988590751860955 adjusted 188 weights, 1 bias 
Fine tuning increased fitness by 0.000002062416092907249 to 0.9988611376021884 adjusted 188 weights, 1 bias 
Training 7a13e2e5 with 1 binary file, target error: 0.000001, iterations: 1, sample rate: 100%, sparse: 100%
Fine tuning increased fitness by 0.000002777710158219371 to 0.9988639153123466 adjusted 188 weights, 1 bias 
Fine tuning increased fitness by 0.000002117093592546304 to 0.9988660324059392 adjusted 188 weights, 1 bias 
Training 5534f98a with 1 binary file, target error: 0.000001, iterations: 1, sample rate: 100%, sparse: 100%
Fine tuning increased fitness by 8.002245506233407e-7 to 0.998867122294849 adjusted 550 weights, 3 biases 
Generation 110 score 0.998867122294849  error 0.0011248268326822456 avg time 1s 115ms
Training f218c3a7 with 1 binary file, target error: 0.000001, iterations: 1, sample rate: 100%, sparse: 100%
Discovered beneficial synapse from input-41 to output-2 with weight 1.0000, helping 100.0% more records than it harms (3359/3359)
Discovery 1f5647e4 analyze time 18s 603ms found 1 candidates
Discovered harmful synapse from input-954 to output-2, harming 100.0% more records than it helps (0/3359)
Discovery 1f5647e4 analyze harmful time 385ms found 1 candidates
Training f1d85d7b with 1 binary file, target error: 0.000001, iterations: 1, sample rate: 100%, sparse: 100%
Discovery 1f5647e4 analyze squashes time 665ms found 3 candidates, Summary: output-2 Swish -> ABSOLUTE improved: 93.2% error: 55.8009 -> 3.8200,output-0 LOGISTIC -> LogSigmoid improved: 33.1% error: 379.4507 -> 253.7730,b70fe60a-0040-4313-a2a2-2cda884d78c4 Mish -> ABSOLUTE improved: 75.8% error: 38.1255 -> 9.2105
Fine tuning increased fitness by 2.7044961647959553e-7 to 0.9988682013685782 adjusted 145 weights 
Discovery e6796fac with 1 binary files, sample rate: 100%, batch size: 512
Discovery e6796fac initialize time 84ms
Discovery e6796fac processing .trainData-fx_c_88/USDPEN/data.bin
Training 116caccd with 1 binary file, target error: 0.000001, iterations: 1, sample rate: 100%, sparse: 100%
Discovery e6796fac read time 5ms for .trainData-fx_c_88/USDPEN/data.bin with 3359 records
Discovery e6796fac scanning time 966ms
Fine tuning increased fitness by 1.4614789045630516e-8 to 0.9988682159833673 adjusted 145 weights 
Discovery e6796fac recorded time 1s 628ms
Fine tuning increased fitness by 1.8754218722438765e-7 to 0.9988684035255545 adjusted 434 weights, 6 biases 
Training cdacdcc6 with 1 binary file, target error: 0.000001, iterations: 1, sample rate: 100%, sparse: 100%
Over populated 52, expected 50.
Training d7a274cd with 1 binary file, target error: 0.000001, iterations: 1, sample rate: 100%, sparse: 100%
Fine tuning increased fitness by 2.0279422474622777e-8 to 0.9988688804828161 adjusted 510 weights, 6 biases 
Fine tuning increased fitness by 6.394763851780283e-8 to 0.9988689444304546 adjusted 510 weights, 6 biases 
Over populated 52, expected 50.
Fine tuning increased fitness by 0.000002650241591850566 to 0.9988737607618058 adjusted 478 weights, 6 biases 
Generation 120 score 0.9988737607618058  error 0.0011181883657421692 avg time 1s 273ms
Fine tuning increased fitness by 0.000004424119490087364 to 0.9988781848812959 adjusted 478 weights, 6 biases 
Fine tuning increased fitness by 0.000004226171366528142 to 0.9988824110526624 adjusted 478 weights, 6 biases 
Fine tuning increased fitness by 0.000001845154330326615 to 0.9988842562069927 adjusted 478 weights, 6 biases 
Fine tuning increased fitness by 0.0000017668709342277822 to 0.998886023077927 adjusted 478 weights, 6 biases 
Fine tuning increased fitness by 2.669055807480447e-7 to 0.99888688656166 adjusted 242 weights, 4 biases 
Discovered beneficial synapse from input-41 to output-2 with weight 1.0000, helping 100.0% more records than it harms (3359/3359)
Discovery e6796fac analyze time 18s 974ms found 1 candidates
Discovered harmful synapse from input-954 to output-2, harming 100.0% more records than it helps (0/3359)
Discovery e6796fac analyze harmful time 427ms found 1 candidates
Discovery e6796fac analyze squashes time 397ms found 2 candidates, Summary: output-2 Swish -> ABSOLUTE improved: 93.1% error: 53.4614 -> 3.6868,b70fe60a-0040-4313-a2a2-2cda884d78c4 Mish -> ABSOLUTE improved: 76.4% error: 38.7060 -> 9.1522
Fine tuning increased fitness by 0.000008111946802502601 to 0.9989029841161873 adjusted 234 weights, 2 biases 
Generation 130 score 0.9989029841161873  error 0.001088965011261186 avg time 1s 355ms
Fine tuning increased fitness by 3.4940659010551656e-7 to 0.9989036313753745 adjusted 185 weights, 1 bias 
Fine tuning increased fitness by 9.016220448021528e-8 to 0.9989042655201039 adjusted 234 weights, 2 biases 
Fine tuning increased fitness by 1.558142643798277e-7 to 0.9989044213343683 adjusted 234 weights, 2 biases 
Fine tuning increased fitness by 2.613205457580037e-7 to 0.9989050689925134 adjusted 223 weights, 2 biases 
Generation 140 score 0.9989053583463152  error 0.0010865907811450461 avg time 1s 21ms
Fine tuning increased fitness by 3.021228166533163e-7 to 0.9989056604691319 adjusted 222 weights, 2 biases 
Fine tuning increased fitness by 3.8173749083991737e-7 to 0.9989060422066227 adjusted 222 weights, 2 biases 
Generation 142 score 0.9989060422066227  error 0.0010859069208008422 avg time 201ms
{
  error: 0.0010859069208008422,
  score: 0.9989060422066227,
  generation: 142,
  time: 180508
}

=== Processing USDMYR (10/10) ===
8 mutations, mutation rate 30.2%, elitism 2, mutation FFW, selection TOURNAMENT
Creature count: 50
Culling duplicate creature at 19 of 51
DeDuplication of 1 creatures to 50 in  (previous experiment )
Training 696a1a9e with 1 binary file, target error: 0.000001, iterations: 1, sample rate: 100%, sparse: 100%
Discovery 696a1a9e with 1 binary files, sample rate: 100%, batch size: 512
Discovery 696a1a9e initialize time 83ms
Discovery 696a1a9e processing .trainData-fx_c_88/USDMYR/data.bin
Discovery 696a1a9e read time 4ms for .trainData-fx_c_88/USDMYR/data.bin with 3359 records
Remove neuron 393f5f16-db5f-4894-ab91-236e79397f56 as no longer connected
Discovery 696a1a9e scanning time 992ms
Training c487ca9a with 1 binary file, target error: 0.000001, iterations: 1, sample rate: 100%, sparse: 100%
Discovery 696a1a9e recorded time 1s 873ms
Training 212576f5 with 1 binary file, target error: 0.000001, iterations: 1, sample rate: 100%, sparse: 100%
Fine tuning increased fitness by 1.461111617251376e-7 to 0.9988272765279749 adjusted 260 weights, 5 biases 
Training 9cb07968 with 1 binary file, target error: 0.000001, iterations: 1, sample rate: 100%, sparse: 100%
Training 832d5750 with 1 binary file, target error: 0.000001, iterations: 1, sample rate: 100%, sparse: 100%
Remove neuron 387a76c6-268c-4a43-a89f-23a63647fd41 as no longer connected
Training e26d7d7e with 1 binary file, target error: 0.000001, iterations: 1, sample rate: 100%, sparse: 100%
Training 465b4d14 with 1 binary file, target error: 0.000001, iterations: 1, sample rate: 100%, sparse: 100%
Training 60595c53 with 1 binary file, target error: 0.000001, iterations: 1, sample rate: 100%, sparse: 100%
Training bd6abcc8 with 1 binary file, target error: 0.000001, iterations: 1, sample rate: 100%, sparse: 100%
Training 1eb39bc0 with 1 binary file, target error: 0.000001, iterations: 1, sample rate: 100%, sparse: 100%
Fine tuning increased fitness by 9.28122696475242e-8 to 0.9988281897268804 adjusted 175 weights, 3 biases 
Generation 10 score 0.9988281897268804  error 0.001162649462265889 avg time 1s 821ms
Training 0c310bee with 1 binary file, target error: 0.000001, iterations: 1, sample rate: 100%, sparse: 100%
Fine tuning increased fitness by 1.465281067591917e-7 to 0.9988283362549871 adjusted 175 weights, 3 biases 
Training c3d96680 with 1 binary file, target error: 0.000001, iterations: 1, sample rate: 100%, sparse: 100%
Fine tuning increased fitness by 2.3128613801937092e-7 to 0.9988285675411251 adjusted 175 weights, 3 biases 
Training 7889ec61 with 1 binary file, target error: 0.000001, iterations: 1, sample rate: 100%, sparse: 100%
Training b033f58b with 1 binary file, target error: 0.000001, iterations: 1, sample rate: 100%, sparse: 100%
Fine tuning increased fitness by 5.083866405630744e-7 to 0.9988295257401809 adjusted 165 weights, 3 biases 
Training 8885d0fa with 1 binary file, target error: 0.000001, iterations: 1, sample rate: 100%, sparse: 100%
Fine tuning increased fitness by 9.527006936682625e-7 to 0.9988304784408746 adjusted 165 weights, 3 biases 
Training f94c928a with 1 binary file, target error: 0.000001, iterations: 1, sample rate: 100%, sparse: 100%
Training 4d3815ac with 1 binary file, target error: 0.000001, iterations: 1, sample rate: 100%, sparse: 100%
Fine tuning increased fitness by 0.0000020775536122563665 to 0.9988336973727127 adjusted 165 weights, 3 biases 
Training 2f3fda84 with 1 binary file, target error: 0.000001, iterations: 1, sample rate: 100%, sparse: 100%
Training 2443caff with 1 binary file, target error: 0.000001, iterations: 1, sample rate: 100%, sparse: 100%
Fine tuning increased fitness by 0.000004159939422043735 to 0.9988405889937075 adjusted 165 weights, 3 biases 
Training 276776a2 with 1 binary file, target error: 0.000001, iterations: 1, sample rate: 100%, sparse: 100%
Fine tuning increased fitness by 0.0000039355099236138 to 0.9988445245036311 adjusted 165 weights, 3 biases 
Remove neuron 387a76c6-268c-4a43-a89f-23a63647fd41 as no longer connected
Generation 20 score 0.9988445245036311  error 0.0011463146855235252 avg time 1s 801ms
Training 6b579c98 with 1 binary file, target error: 0.000001, iterations: 1, sample rate: 100%, sparse: 100%
Fine tuning increased fitness by 2.893771222645114e-8 to 0.9988445534413434 adjusted 165 weights, 3 biases 
Discovered beneficial synapse from input-658 to 387a76c6-268c-4a43-a89f-23a63647fd41 with weight 1.0000, helping 38.5% more records than it harms (2325/3359)
Discovery 696a1a9e analyze time 34s 638ms found 1 candidates
Training ecd87c30 with 1 binary file, target error: 0.000001, iterations: 1, sample rate: 100%, sparse: 100%
Fine tuning increased fitness by 7.30692615302786e-7 to 0.9988452841339587 adjusted 501 weights, 6 biases 
Training 7449a6bc with 1 binary file, target error: 0.000001, iterations: 1, sample rate: 100%, sparse: 100%
Discovered harmful synapse from input-1500 to 387a76c6-268c-4a43-a89f-23a63647fd41, harming 37.3% more records than it helps (1052/3359)
Discovery 696a1a9e analyze harmful time 3s 616ms found 1 candidates
Training 980f0ee0 with 1 binary file, target error: 0.000001, iterations: 1, sample rate: 100%, sparse: 100%
Fine tuning increased fitness by 6.950629399815611e-7 to 0.9988467747937058 adjusted 157 weights, 2 biases 
Discovery 696a1a9e analyze squashes time 1s 271ms found 4 candidates, Summary: output-0 LOGISTIC -> IDENTITY improved: 43.2% error: 178.1932 -> 101.2860,387a76c6-268c-4a43-a89f-23a63647fd41 Mish -> SQRT improved: 26.5% error: 3.1265 -> 2.2981,output-2 LeakyReLU -> SELU improved: 11.9% error: 0.8911 -> 0.7851,output-4 Swish -> Mish improved: 3.1% error: 0.0052 -> 0.0050
Training a8d3e02f with 1 binary file, target error: 0.000001, iterations: 1, sample rate: 100%, sparse: 100%
Fine tuning increased fitness by 5.511825283965877e-7 to 0.9988473259762342 adjusted 157 weights, 2 biases 
Discovery a8d3e02f with 1 binary files, sample rate: 100%, batch size: 512
Discovery a8d3e02f initialize time 83ms
Discovery a8d3e02f processing .trainData-fx_c_88/USDMYR/data.bin
Discovery a8d3e02f read time 5ms for .trainData-fx_c_88/USDMYR/data.bin with 3359 records
Discovery a8d3e02f scanning time 1s 99ms
Training f6ce13a4 with 1 binary file, target error: 0.000001, iterations: 1, sample rate: 100%, sparse: 100%
Fine tuning increased fitness by 1.3959853828460211e-8 to 0.998847339936088 adjusted 157 weights, 2 biases 
Discovery a8d3e02f recorded time 1s 965ms
Training 193e9b68 with 1 binary file, target error: 0.000001, iterations: 1, sample rate: 100%, sparse: 100%
Fine tuning increased fitness by 2.5928770797101208e-8 to 0.9988473658648588 adjusted 157 weights, 2 biases 
Training 777402e6 with 1 binary file, target error: 0.000001, iterations: 1, sample rate: 100%, sparse: 100%
Training b60ca1dd with 1 binary file, target error: 0.000001, iterations: 1, sample rate: 100%, sparse: 100%
Training 170c5501 with 1 binary file, target error: 0.000001, iterations: 1, sample rate: 100%, sparse: 100%
Generation 30 score 0.9988476074763213  error 0.0011432317128124243 avg time 1s 815ms
Training 4c7a94fc with 1 binary file, target error: 0.000001, iterations: 1, sample rate: 100%, sparse: 100%
Training b60ca1dd increased fitness by 3.766447376207793e-9 to 0.9988476112427687
Over populated 52, expected 50.
Training 6f735bbb with 1 binary file, target error: 0.000001, iterations: 1, sample rate: 100%, sparse: 100%
Training b41e49b4 with 1 binary file, target error: 0.000001, iterations: 1, sample rate: 100%, sparse: 100%
Fine tuning increased fitness by 3.3883224337394324e-8 to 0.9988487581283513 adjusted 305 weights, 6 biases 
Training 469e2674 with 1 binary file, target error: 0.000001, iterations: 1, sample rate: 100%, sparse: 100%
Compacting increased fitness by 9.97368203581317e-8 to 0.9988488578651716 neurons: 2 was: 3 synapses: 908 was: 910
Training fda46405 with 1 binary file, target error: 0.000001, iterations: 1, sample rate: 100%, sparse: 100%
Fine tuning increased fitness by 4.947875559269121e-7 to 0.9988493526527276 adjusted 305 weights, 6 biases 
Remove neuron aaade36b-0c24-4e2a-9b3f-554fb383c851 as no longer connected
Over populated 52, expected 50.
Training 15b09eca with 1 binary file, target error: 0.000001, iterations: 1, sample rate: 100%, sparse: 100%
Fine tuning increased fitness by 3.669446809739796e-7 to 0.9988497195974085 adjusted 305 weights, 6 biases 
Training 85739905 with 1 binary file, target error: 0.000001, iterations: 1, sample rate: 100%, sparse: 100%
Fine tuning increased fitness by 5.4396800397427114e-8 to 0.9988497739942089 adjusted 305 weights, 6 biases 
Over populated 52, expected 50.
Training 658e951e with 1 binary file, target error: 0.000001, iterations: 1, sample rate: 100%, sparse: 100%
Compacting increased fitness by 1.3753348715450642e-7 to 0.9988499115276961 neurons: 1 was: 2 synapses: 907 was: 909
Training 695ab21c with 1 binary file, target error: 0.000001, iterations: 1, sample rate: 100%, sparse: 100%
Compacting increased fitness by 5.539851621882974e-8 to 0.9988499669262123 neurons: 1 was: 2 synapses: 907 was: 909
Training 5a0b2733 with 1 binary file, target error: 0.000001, iterations: 1, sample rate: 100%, sparse: 100%
Generation 40 score 0.9988499776855702  error 0.0011408515037548358 avg time 1s 788ms
Training 49fdfbd0 with 1 binary file, target error: 0.000001, iterations: 1, sample rate: 100%, sparse: 100%
Fine tuning increased fitness by 8.298446485532907e-9 to 0.9988499859840166 adjusted 370 weights, 6 biases 
Training d697ae0a with 1 binary file, target error: 0.000001, iterations: 1, sample rate: 100%, sparse: 100%
Fine tuning increased fitness by 2.1585285781000607e-8 to 0.9988500075693024 adjusted 366 weights, 6 biases 
Training 1e3937d3 with 1 binary file, target error: 0.000001, iterations: 1, sample rate: 100%, sparse: 100%
Training b9678408 with 1 binary file, target error: 0.000001, iterations: 1, sample rate: 100%, sparse: 100%
Discovered beneficial synapse from input-658 to 387a76c6-268c-4a43-a89f-23a63647fd41 with weight 1.0000, helping 41.9% more records than it harms (2384/3359)
Discovery a8d3e02f analyze time 33s 938ms found 1 candidates
Training 61c087fa with 1 binary file, target error: 0.000001, iterations: 1, sample rate: 100%, sparse: 100%
Fine tuning increased fitness by 1.2533938598124905e-7 to 0.9988502006233247 adjusted 363 weights, 6 biases 
Training 253d7b1a with 1 binary file, target error: 0.000001, iterations: 1, sample rate: 100%, sparse: 100%
Fine tuning increased fitness by 1.7342517411034208e-7 to 0.9988503740484989 adjusted 363 weights, 6 biases 
Discovered harmful synapse from input-1500 to 387a76c6-268c-4a43-a89f-23a63647fd41, harming 40.8% more records than it helps (995/3359)
Discovery a8d3e02f analyze harmful time 3s 636ms found 1 candidates
Training 716cd084 with 1 binary file, target error: 0.000001, iterations: 1, sample rate: 100%, sparse: 100%
Discovery a8d3e02f analyze squashes time 1s 334ms found 3 candidates, Summary: output-0 LOGISTIC -> IDENTITY improved: 43.4% error: 176.4284 -> 99.8295,387a76c6-268c-4a43-a89f-23a63647fd41 Mish -> SQRT improved: 16.4% error: 2.5795 -> 2.1567,output-2 LeakyReLU -> LogSigmoid improved: 11.8% error: 0.8940 -> 0.7887
Training ea97be1d with 1 binary file, target error: 0.000001, iterations: 1, sample rate: 100%, sparse: 100%
Discovery ea97be1d with 1 binary files, sample rate: 100%, batch size: 512
Discovery ea97be1d initialize time 78ms
Discovery ea97be1d processing .trainData-fx_c_88/USDMYR/data.bin
Discovery ea97be1d read time 6ms for .trainData-fx_c_88/USDMYR/data.bin with 3359 records
Discovery ea97be1d scanning time 989ms
Over populated 54, expected 50.
Training e1b2dd93 with 1 binary file, target error: 0.000001, iterations: 1, sample rate: 100%, sparse: 100%
Discovery ea97be1d recorded time 1s 874ms
Over populated 52, expected 50.
Training bc7dd546 with 1 binary file, target error: 0.000001, iterations: 1, sample rate: 100%, sparse: 100%
Fine tuning increased fitness by 0.000001589667952051066 to 0.9988531436123729 adjusted 354 weights, 6 biases 
Generation 50 score 0.9988531436123729  error 0.001137685576963473 avg time 1s 882ms
Training 0fed884f with 1 binary file, target error: 0.000001, iterations: 1, sample rate: 100%, sparse: 100%
Fine tuning increased fitness by 0.00000432451890597374 to 0.9988574681312788 adjusted 349 weights, 5 biases 
Over populated 52, expected 50.
Training b4e383da with 1 binary file, target error: 0.000001, iterations: 1, sample rate: 100%, sparse: 100%
Fine tuning increased fitness by 0.000004658402717017118 to 0.9988621265339959 adjusted 349 weights, 5 biases 
Over populated 52, expected 50.
Training bc074c8a with 1 binary file, target error: 0.000001, iterations: 1, sample rate: 100%, sparse: 100%
Fine tuning increased fitness by 4.786076053253652e-7 to 0.9988626051416012 adjusted 349 weights, 5 biases 
Training 63b8e906 with 1 binary file, target error: 0.000001, iterations: 1, sample rate: 100%, sparse: 100%
Fine tuning increased fitness by 4.3828092199937885e-7 to 0.9988630434225232 adjusted 349 weights, 5 biases 
Training 960d0920 with 1 binary file, target error: 0.000001, iterations: 1, sample rate: 100%, sparse: 100%
Training 416f762e with 1 binary file, target error: 0.000001, iterations: 1, sample rate: 100%, sparse: 100%
Training b7dcc2ad with 1 binary file, target error: 0.000001, iterations: 1, sample rate: 100%, sparse: 100%
Fine tuning increased fitness by 0.000001713235174616301 to 0.9988657484205636 adjusted 118 weights, 2 biases 
Training 149ed8bd with 1 binary file, target error: 0.000001, iterations: 1, sample rate: 100%, sparse: 100%
Fine tuning increased fitness by 0.000006765451100787523 to 0.9988725138716644 adjusted 348 weights, 5 biases 
Training 471f31df with 1 binary file, target error: 0.000001, iterations: 1, sample rate: 100%, sparse: 100%
Training 30bcd35c with 1 binary file, target error: 0.000001, iterations: 1, sample rate: 100%, sparse: 100%
Fine tuning increased fitness by 6.955537696917702e-7 to 0.998875865354242 adjusted 107 weights, 2 biases 
Generation 60 score 0.998875865354242  error 0.001114963835017967 avg time 1s 820ms
Training 8e294b27 with 1 binary file, target error: 0.000001, iterations: 1, sample rate: 100%, sparse: 100%
Fine tuning increased fitness by 1.0523591231770268e-7 to 0.9988759705901543 adjusted 107 weights, 2 biases 
Training ec12da47 with 1 binary file, target error: 0.000001, iterations: 1, sample rate: 100%, sparse: 100%
Training f0022746 with 1 binary file, target error: 0.000001, iterations: 1, sample rate: 100%, sparse: 100%
Training ed067ba2 with 1 binary file, target error: 0.000001, iterations: 1, sample rate: 100%, sparse: 100%
Fine tuning increased fitness by 3.5661198005687567e-7 to 0.9988763374252795 adjusted 300 weights, 5 biases 
Training 907ed8c9 with 1 binary file, target error: 0.000001, iterations: 1, sample rate: 100%, sparse: 100%
Fine tuning increased fitness by 4.2549463896701667e-7 to 0.9988767629199184 adjusted 325 weights, 5 biases 
Training 0fb6da19 with 1 binary file, target error: 0.000001, iterations: 1, sample rate: 100%, sparse: 100%
Training fd84a60a with 1 binary file, target error: 0.000001, iterations: 1, sample rate: 100%, sparse: 100%
Fine tuning increased fitness by 6.912345218434979e-8 to 0.9988769906198839 adjusted 343 weights, 6 biases 
Over populated 52, expected 50.
Training ce4fba56 with 1 binary file, target error: 0.000001, iterations: 1, sample rate: 100%, sparse: 100%
Fine tuning increased fitness by 6.405501329354024e-8 to 0.9988770546748972 adjusted 329 weights, 6 biases 
Discovered beneficial synapse from input-658 to 387a76c6-268c-4a43-a89f-23a63647fd41 with weight 1.0000, helping 41.6% more records than it harms (2378/3359)
Discovery ea97be1d analyze time 34s 368ms found 1 candidates
Training 55ec17a2 with 1 binary file, target error: 0.000001, iterations: 1, sample rate: 100%, sparse: 100%
Training 7baccbb6 with 1 binary file, target error: 0.000001, iterations: 1, sample rate: 100%, sparse: 100%
Fine tuning increased fitness by 1.802026187158745e-7 to 0.998877348706467 adjusted 331 weights, 6 biases 
Discovered harmful synapse from input-1500 to 387a76c6-268c-4a43-a89f-23a63647fd41, harming 40.4% more records than it helps (1001/3359)
Discovery ea97be1d analyze harmful time 3s 698ms found 1 candidates
Over populated 52, expected 50.
Generation 70 score 0.998877348706467  error 0.0011134704828980036 avg time 1s 780ms
Discovery ea97be1d analyze squashes time 1s 458ms found 3 candidates, Summary: output-0 LOGISTIC -> IDENTITY improved: 43.1% error: 177.9795 -> 101.3263,387a76c6-268c-4a43-a89f-23a63647fd41 Mish -> SQRT improved: 18.0% error: 2.6448 -> 2.1676,output-2 LeakyReLU -> LogSigmoid improved: 12.0% error: 0.8948 -> 0.7873
Training 11341cfe with 1 binary file, target error: 0.000001, iterations: 1, sample rate: 100%, sparse: 100%
Over populated 52, expected 50.
Training 328f9a5c with 1 binary file, target error: 0.000001, iterations: 1, sample rate: 100%, sparse: 100%
Discovery 328f9a5c with 1 binary files, sample rate: 100%, batch size: 512
Discovery 328f9a5c initialize time 86ms
Discovery 328f9a5c processing .trainData-fx_c_88/USDMYR/data.bin
Discovery 328f9a5c read time 5ms for .trainData-fx_c_88/USDMYR/data.bin with 3359 records
Discovery 328f9a5c scanning time 997ms
Over populated 55, expected 50.
Training b0409b1c with 1 binary file, target error: 0.000001, iterations: 1, sample rate: 100%, sparse: 100%
Fine tuning increased fitness by 0.0000022508348953564905 to 0.9988811134689505 adjusted 311 weights, 6 biases 
Discovery 328f9a5c recorded time 1s 870ms
Training 93e753bd with 1 binary file, target error: 0.000001, iterations: 1, sample rate: 100%, sparse: 100%
Fine tuning increased fitness by 0.0000027976387396710933 to 0.9988839111076901 adjusted 311 weights, 6 biases 
Over populated 52, expected 50.
Training 54bc6241 with 1 binary file, target error: 0.000001, iterations: 1, sample rate: 100%, sparse: 100%
Fine tuning increased fitness by 0.0000025120638598163936 to 0.99888642317155 adjusted 311 weights, 6 biases 
Over populated 52, expected 50.
Training aacf67e9 with 1 binary file, target error: 0.000001, iterations: 1, sample rate: 100%, sparse: 100%
Fine tuning increased fitness by 0.0000012384046553792771 to 0.9988876615762053 adjusted 311 weights, 6 biases 
Training dae8c1d8 with 1 binary file, target error: 0.000001, iterations: 1, sample rate: 100%, sparse: 100%
Fine tuning increased fitness by 3.7474523562064377e-7 to 0.998888036321441 adjusted 311 weights, 6 biases 
Training 1b6f45ed with 1 binary file, target error: 0.000001, iterations: 1, sample rate: 100%, sparse: 100%
Training 7586897b with 1 binary file, target error: 0.000001, iterations: 1, sample rate: 100%, sparse: 100%
Training 78e6a491 with 1 binary file, target error: 0.000001, iterations: 1, sample rate: 100%, sparse: 100%
Generation 80 score 0.9988886604729219  error 0.0011021587164118498 avg time 1s 841ms
Training 2643a924 with 1 binary file, target error: 0.000001, iterations: 1, sample rate: 100%, sparse: 100%
Training 7a34e252 with 1 binary file, target error: 0.000001, iterations: 1, sample rate: 100%, sparse: 100%
Fine tuning increased fitness by 1.3352343453121307e-7 to 0.9988890282263817 adjusted 284 weights, 6 biases 
Training db3edc79 with 1 binary file, target error: 0.000001, iterations: 1, sample rate: 100%, sparse: 100%
Remove neuron 9d6520fb-645b-4ec8-a1e4-df31d4f1af8c as no longer connected
Fine tuning increased fitness by 7.577445970685659e-8 to 0.9988891907260584 adjusted 284 weights, 6 biases 
Fine tuning increased fitness by 6.721233203332844e-8 to 0.9988893788423302 adjusted 270 weights, 6 biases 
Fine tuning increased fitness by 4.1032730657697414e-8 to 0.9988894198750609 adjusted 270 weights, 6 biases 
Fine tuning increased fitness by 5.450430828890518e-8 to 0.9988894743793691 adjusted 270 weights, 6 biases 
Fine tuning increased fitness by 9.112595644733545e-8 to 0.9988895655053256 adjusted 270 weights, 6 biases 
Fine tuning increased fitness by 6.758996529132588e-8 to 0.9988896330952909 adjusted 270 weights, 6 biases 
Generation 90 score 0.9988896330952909  error 0.0011011860941505195 avg time 1s 832ms
Discovered beneficial synapse from input-658 to 387a76c6-268c-4a43-a89f-23a63647fd41 with weight 1.0000, helping 38.9% more records than it harms (2333/3359)
Discovery 328f9a5c analyze time 33s 35ms found 1 candidates
Fine tuning increased fitness by 3.5628514583052606e-8 to 0.998889759026872 adjusted 252 weights, 6 biases 
Fine tuning increased fitness by 1.2876910426840027e-8 to 0.9988897719037825 adjusted 252 weights, 6 biases 
Discovered harmful synapse from input-1500 to 387a76c6-268c-4a43-a89f-23a63647fd41, harming 37.7% more records than it helps (1046/3359)
Discovery 328f9a5c analyze harmful time 3s 571ms found 1 candidates
Discovery 328f9a5c analyze squashes time 1s 403ms found 4 candidates, Summary: output-0 LOGISTIC -> IDENTITY improved: 43.0% error: 178.4277 -> 101.7035,387a76c6-268c-4a43-a89f-23a63647fd41 Mish -> SQRT improved: 22.5% error: 2.9341 -> 2.2726,output-2 LeakyReLU -> SELU improved: 11.8% error: 0.8944 -> 0.7885,output-4 Swish -> Mish improved: 2.5% error: 0.0050 -> 0.0048
Over populated 52, expected 50.
Fine tuning increased fitness by 6.664393481514708e-8 to 0.9988899215934951 adjusted 232 weights, 6 biases 
Fine tuning increased fitness by 8.713886323619136e-8 to 0.9988900087323583 adjusted 232 weights, 6 biases 
Remove neuron 387a76c6-268c-4a43-a89f-23a63647fd41 as no longer connected
Fine tuning increased fitness by 1.3508058882560903e-7 to 0.9988901438129472 adjusted 232 weights, 6 biases 
Fine tuning increased fitness by 7.810567164145965e-7 to 0.9988914391903378 adjusted 259 weights, 6 biases 
Generation 100 score 0.9988914391903378  error 0.0010993799989860698 avg time 1s 745ms
{
  error: 0.0010993799989860698,
  score: 0.9988914391903378,
  generation: 100,
  time: 181389
}
🧹 Cleaning up any inconsistent git state
✅ Git state cleanup completed
✅ Already on proper branch: Develop
From github.com:stSoftwareAU/GRQ-FX-models
 + 9f8bfb7...22d1385 Develop    -> origin/Develop  (forced update)
Created autostash: 36a4ddd
error: The following untracked working tree files would be overwritten by checkout:
	v1/USDARS.json
Please move or remove them before you switch branches.
Aborting
Applied autostash.
error: could not detach HEAD
⚠️ git pull failed for other reasons
✅ Already on proper branch: Develop
📦 Changes detected — staging files and validating JSON
[0;32m🔍 Validating staged JSON files...[0m
[0;32m🔍 Validating: v1/USDARS.json[0m
[0;32m   ✅ PASSED: File is valid[0m
[0;32m🔍 Validating: v1/USDPEN.json[0m
[0;32m   ✅ PASSED: File is valid[0m
[0;32m🔍 Validating: v1/USDTHB.json[0m
[0;32m   ✅ PASSED: File is valid[0m
[0;32m🔍 Validating: v1/AUDGBP.json[0m
[0;32m   ✅ PASSED: File is valid[0m
[0;32m🔍 Validating: v1/AUDUSD.json[0m
[0;32m   ✅ PASSED: File is valid[0m
[0;32m🔍 Validating: v1/EURJPY.json[0m
[0;32m   ✅ PASSED: File is valid[0m
[0;32m🔍 Validating: v1/USDCNY.json[0m
[0;32m   ✅ PASSED: File is valid[0m
[0;32m🔍 Validating: v1/USDKZT.json[0m
[0;32m   ✅ PASSED: File is valid[0m
[0;32m🔍 Validating: v1/USDMYR.json[0m
[0;32m   ✅ PASSED: File is valid[0m
[0;32m🔍 Validating: v1/USDSEK.json[0m
[0;32m   ✅ PASSED: File is valid[0m
[0;32m✅ All staged JSON files are valid[0m
✅ JSON validation passed — committing
✅ Already on proper branch: Develop
🔍 Pre-commit state:
🔍 Current Git State:
  Branch: Develop
  Commit: 9f8bfb7c7ff123180ca92c60026057c79f9d7c28
  Status:
M  v1/AUDGBP.json
M  v1/AUDUSD.json
M  v1/EURJPY.json
A  v1/USDARS.json
M  v1/USDCNY.json
  Remote branches:
  origin/Develop
  origin/HEAD -> origin/Develop
[Develop 225b65c] ip-10-0-46-55 Improved FX models
 10 files changed, 30848 insertions(+), 9635 deletions(-)
 create mode 100644 v1/USDARS.json
 create mode 100644 v1/USDPEN.json
 create mode 100644 v1/USDTHB.json
🛡️ Preventing merge conflicts with aggressive strategy...
📦 Local commits detected (2 ahead) - using force push to prevent conflicts
To github.com:stSoftwareAU/GRQ-FX-models.git
 + 22d1385...225b65c Develop -> Develop (forced update)
✅ Force push succeeded - conflicts prevented
✅ Conflict prevention succeeded
🧹 Performing final git cleanup on exit...
✅ Final cleanup completed
📥 Pulling GRQ-FX-validation with --ours strategy...
📦 No local changes or untracked files - checking remote state
🔄 Resetting to remote state (commit: b1f4dc51)
HEAD is now at b1f4dc5 Add FX predictions for 2025-08-06
✅ Successfully reset to remote state - all models updated by another machine
✅ GRQ-FX-validation pull succeeded in 7 seconds
Checking if predictions exist for 2025-08-06...
✅ Predictions already exist for 2025-08-06 (found in main index)
   Skipping generation to avoid overwriting validation data
📥 Pulling GRQ-health with --ours strategy...
From github.com:stSoftwareAU/GRQ-health
   b306a81..c1f0f89  Develop    -> origin/Develop
📦 No local changes or untracked files - checking remote state
🔄 Resetting to remote state (commit: c1f0f891)
HEAD is now at c1f0f89 Update health status for ip-10-0-33-81 at Wed Aug  6 06:53:05 AM UTC 2025
✅ Successfully reset to remote state - all models updated by another machine
✅ GRQ-health pull succeeded in 8 seconds
Updating health information...
Updated health information for ip-10-0-46-55
