================ Clean up START ================
Version 1.3.2
Disk usage:
Filesystem      Size  Used Avail Use% Mounted on
tmpfs           1.6G  1.8M  1.6G   1% /run
/dev/sda2       457G   49G  385G  12% /
tmpfs           7.8G     0  7.8G   0% /dev/shm
tmpfs           5.0M  4.0K  5.0M   1% /run/lock
efivarfs        128K   33K   91K  27% /sys/firmware/efi/efivars
/dev/sda1       511M  6.1M  505M   2% /boot/efi
tmpfs           1.6G  108K  1.6G   1% /run/user/1000
Uptime:  04:20:40 up 49 days, 17:09,  1 user,  load average: 1.59, 2.75, 3.26
USER         PID    PPID COMMAND
nigel        850       1 /lib/systemd/systemd --user
nigel        853     850 (sd-pam)
root        1072    1055 fusermount3 -o rw,nosuid,nodev,fsname=portal,auto_unmount,subtype=portal -- /run/user/1000/doc
nigel       2016    1465 update-notifier
nigel    3464128 3464127 /bin/bash -c mkdir -p ~/logs; ~/src/GRQ/run.sh > ~/logs/run.log 2>&1
nigel    3464130 3464128 /bin/bash /home/nigel/src/GRQ/run.sh
nigel    3469542 3464130 /bin/bash worker/node.sh
nigel    3469551 3469542 ps -U nigel -o user,pid,ppid,command
Host: GRQ-7
IP: 10.0.0.7
Number of CPUs: 4
Available Memory: 15Gi
================ Clean up ENDED ================
Use local deno
PATH: /home/nigel/.deno/bin:/usr/local/sbin:/usr/local/bin:/usr/sbin:/usr/bin:/sbin:/bin:/usr/games:/usr/local/games:/snap/bin
deno 2.4.2 (stable, release, x86_64-unknown-linux-gnu)
v8 13.7.152.14-rusty
typescript 5.8.3
worker/node.sh: line 73: aws: command not found
Option: easy
Starting Industry... Mon 21 Jul 2025 04:20:40 AEST
Already up to date.
🔁 Attempting pull with rebase and conflict cleanup (attempt 1 of 6)...
✅ Git pull succeeded.
RAILROAD_SWITCHING-TERMINAL_ESTABLISHMENTS , score: 0.9592109196566981
Skipping (good score) RAILROAD_SWITCHING-TERMINAL_ESTABLISHMENTS , score: 0.959
TELEPHONE_COMMUNICATIONS_NO_RADIOTELEPHONE , score: 0.9465719832523263
Skipping (good score) TELEPHONE_COMMUNICATIONS_NO_RADIOTELEPHONE , score: 0.947
PHARMACEUTICAL_PREPARATIONS , score: 0.9501089033420322
Skipping (good score) PHARMACEUTICAL_PREPARATIONS , score: 0.950
SERVICES-OFFICES-CLINICS_OF_DOCTORS_OF_MEDICINE , score: 0.8742956040971295
Skipping (good score) SERVICES-OFFICES-CLINICS_OF_DOCTORS_OF_MEDICINE , score: 0.874
SERVICES-ENGINEERING_SERVICES , score: 0.8530151969501875
Skipping (good score) SERVICES-ENGINEERING_SERVICES , score: 0.853
NATURAL_GAS_TRANSMISISON-DISTRIBUTION , score: 0.8894874376660102
Skipping (good score) NATURAL_GAS_TRANSMISISON-DISTRIBUTION , score: 0.889
RADIOTELEPHONE_COMMUNICATIONS , score: 0.9374099995623596
Skipping (good score) RADIOTELEPHONE_COMMUNICATIONS , score: 0.937
CONSTRUCTION_MACHINERY-EQUIP , score: 0.8533288696933036
Skipping (good score) CONSTRUCTION_MACHINERY-EQUIP , score: 0.853
COGENERATION_SERVICES-SMALL_POWER_PRODUCERS , score: 0.875739708535757
Skipping (good score) COGENERATION_SERVICES-SMALL_POWER_PRODUCERS , score: 0.876
SERVICES-MEMBERSHIP_SPORTS-RECREATION_CLUBS , score: 0.9184755633067426
Skipping (good score) SERVICES-MEMBERSHIP_SPORTS-RECREATION_CLUBS , score: 0.918
TRUCKING-COURIER_SERVICES_NO_AIR , score: 0.8681607285156215
Skipping (good score) TRUCKING-COURIER_SERVICES_NO_AIR , score: 0.868
OPERATIVE_BUILDERS , score: 0.8789414996169964
Skipping (good score) OPERATIVE_BUILDERS , score: 0.879
INDUSTRIAL_ORGANIC_CHEMICALS , score: 0.9494675442038796
Skipping (good score) INDUSTRIAL_ORGANIC_CHEMICALS , score: 0.949
SERVICES-MISCELLANEOUS_EQUIPMENT_RENTAL-LEASING , score: 0.8484553108608964
Skipping (good score) SERVICES-MISCELLANEOUS_EQUIPMENT_RENTAL-LEASING , score: 0.848
GAS-OTHER_SERVICES_COMBINED , score: 0.860548876755051
Skipping (good score) GAS-OTHER_SERVICES_COMBINED , score: 0.861
LOCAL-SUBURBAN_TRANSIT-INTERURBAN_HWY_PASSENGER_TRANS , score: 0.9630279885752072
Skipping (good score) LOCAL-SUBURBAN_TRANSIT-INTERURBAN_HWY_PASSENGER_TRANS , score: 0.963
RETAIL-JEWELRY_STORES , score: 0.8261586455969164
Skipping (good score) RETAIL-JEWELRY_STORES , score: 0.826
CONVERTED_PAPER-PAPERBOARD_PRODS_NO_CONTANERS-BOXES , score: 0.8704427486734361
Skipping (good score) CONVERTED_PAPER-PAPERBOARD_PRODS_NO_CONTANERS-BOXES , score: 0.870
SERVICES-MOTION_PICTURE_THEATERS , score: 0.8109060085681493
Skipping (good score) SERVICES-MOTION_PICTURE_THEATERS , score: 0.811
SERVICES-MISC_HEALTH-ALLIED_SERVICES_NEC , score: 0.8678085855911899
Skipping (good score) SERVICES-MISC_HEALTH-ALLIED_SERVICES_NEC , score: 0.868
BOTTLED-CANNED_SOFT_DRINKS-CARBONATED_WATERS , score: 0.9179240795866236
Skipping (good score) BOTTLED-CANNED_SOFT_DRINKS-CARBONATED_WATERS , score: 0.918
POWER_DISTRIBUTION-SPECIALTY_TRANSFORMERS , score: 0.9310308519148661
Skipping (good score) POWER_DISTRIBUTION-SPECIALTY_TRANSFORMERS , score: 0.931
INDUSTRIAL_INORGANIC_CHEMICALS , score: 0.8852185797334488
Skipping (good score) INDUSTRIAL_INORGANIC_CHEMICALS , score: 0.885
LABORATORY_ANALYTICAL_INSTRUMENTS , score: 0.9068948596325058
Skipping (good score) LABORATORY_ANALYTICAL_INSTRUMENTS , score: 0.907
MOTORS-GENERATORS , score: 0.8106120246765894
Skipping (good score) MOTORS-GENERATORS , score: 0.811
SEARCH_DETECTION_NAVAGATION_GUIDANCE_AERONAUTICAL_SYS , score: 0.8950118120135183
Skipping (good score) SEARCH_DETECTION_NAVAGATION_GUIDANCE_AERONAUTICAL_SYS , score: 0.895
CONSTRUCTION-SPECIAL_TRADE_CONTRACTORS , score: 0.8625174003447077
Skipping (good score) CONSTRUCTION-SPECIAL_TRADE_CONTRACTORS , score: 0.863
PARTITIONS_SHELVG_LOCKERS-OFFICE-STORE_FIXTURES , score: 0.9902333531957502
Skipping (good score) PARTITIONS_SHELVG_LOCKERS-OFFICE-STORE_FIXTURES , score: 0.990
OPTICAL_INSTRUMENTS-LENSES , score: 0.861862441319854
Skipping (good score) OPTICAL_INSTRUMENTS-LENSES , score: 0.862
SERVICES-BUSINESS_SERVICES_NEC , score: 0.9540734872670616
Skipping (good score) SERVICES-BUSINESS_SERVICES_NEC , score: 0.954
COMPUTER_STORAGE_DEVICES , score: 0.8796393187691921
Skipping (good score) COMPUTER_STORAGE_DEVICES , score: 0.880
SERVICES-PERSONAL_SERVICES , score: 0.9455818551360863
Skipping (good score) SERVICES-PERSONAL_SERVICES , score: 0.946
STATE_COMMERCIAL_BANKS , score: 0.9283071858992857
Skipping (good score) STATE_COMMERCIAL_BANKS , score: 0.928
NATURAL_GAS_TRANSMISSION , score: 0.9306404351266138
Skipping (good score) NATURAL_GAS_TRANSMISSION , score: 0.931
WHOLESALE-COMPUTERS-PERIPHERAL_EQUIPMENT-SOFTWARE , score: 0.840094817591712
Skipping (good score) WHOLESALE-COMPUTERS-PERIPHERAL_EQUIPMENT-SOFTWARE , score: 0.840
GOLD_AND_SILVER_ORES , score: 0.8633911764061879
Skipping (good score) GOLD_AND_SILVER_ORES , score: 0.863
AIRCRAFT-PARTS , score: 0.8526808537465252
Skipping (good score) AIRCRAFT-PARTS , score: 0.853
CARPETS-RUGS , score: 0.827689883415816
Skipping (good score) CARPETS-RUGS , score: 0.828
LAWN-GARDEN_TRACTORS-HOME_LAWN-GARDENS_EQUIP , score: 0.8411563159518417
Skipping (good score) LAWN-GARDEN_TRACTORS-HOME_LAWN-GARDENS_EQUIP , score: 0.841
ELECTRIC-OTHER_SERVICES_COMBINED , score: 0.9287809635825192
Skipping (good score) ELECTRIC-OTHER_SERVICES_COMBINED , score: 0.929
GLASS_CONTAINERS , score: 0.8801451796644176
Skipping (good score) GLASS_CONTAINERS , score: 0.880
MOTOR_VEHICLE_PARTS-ACCESSORIES , score: 0.937974580858572
Skipping (good score) MOTOR_VEHICLE_PARTS-ACCESSORIES , score: 0.938
WHOLESALE-HARDWARE-PLUMBING-HEATING_EQUIPMENT-SUPPLIES , score: 0.8961241009347416
Skipping (good score) WHOLESALE-HARDWARE-PLUMBING-HEATING_EQUIPMENT-SUPPLIES , score: 0.896
HAZARDOUS_WASTE_MANAGEMENT , score: 0.8665281725381224
Skipping (good score) HAZARDOUS_WASTE_MANAGEMENT , score: 0.867
SPECIAL_INDUSTRY_MACHINERY_NEC , score: 0.8978559505084595
Skipping (good score) SPECIAL_INDUSTRY_MACHINERY_NEC , score: 0.898
NONFERROUS_FOUNDRIES_CASTINGS , score: 0.8176128554729657
Skipping (good score) NONFERROUS_FOUNDRIES_CASTINGS , score: 0.818
PETROLEUM_REFINING , score: 0.9038021690604799
Skipping (good score) PETROLEUM_REFINING , score: 0.904
PAPER_MILLS , score: 0.8348417624601987
Skipping (good score) PAPER_MILLS , score: 0.835
COMMUNICATIONS_EQUIPMENT_NEC , score: 0.864969384114545
Skipping (good score) COMMUNICATIONS_EQUIPMENT_NEC , score: 0.865
BEVERAGES , score: 0.9234883242164541
Skipping (good score) BEVERAGES , score: 0.923
SAVINGS_INSTITUTIONS_NOT_FEDERALLY_CHARTERED , score: 0.8067122239726623
Skipping (good score) SAVINGS_INSTITUTIONS_NOT_FEDERALLY_CHARTERED , score: 0.807
ACCIDENT-HEALTH_INSURANCE , score: 0.8820721463451789
Skipping (good score) ACCIDENT-HEALTH_INSURANCE , score: 0.882
SERVICES-CHILD_DAY_CARE_SERVICES , score: 0.9116171877427593
Skipping (good score) SERVICES-CHILD_DAY_CARE_SERVICES , score: 0.912
WHOLESALE-CHEMICALS-ALLIED_PRODUCTS , score: 0.8625474404418696
Skipping (good score) WHOLESALE-CHEMICALS-ALLIED_PRODUCTS , score: 0.863
AIRCRAFT_ENGINES-ENGINE_PARTS , score: 0.8698953482415441
Skipping (good score) AIRCRAFT_ENGINES-ENGINE_PARTS , score: 0.870
FATS-OILS , score: 0.8291230414641237
Skipping (good score) FATS-OILS , score: 0.829
SERVICES-SKILLED_NURSING_CARE_FACILITIES , score: 0.770657826429035
Skipping (good score) SERVICES-SKILLED_NURSING_CARE_FACILITIES , score: 0.771
DEEP_SEA_FOREIGN_TRANSPORTATION_OF_FREIGHT , score: 0.8964932280457251
Skipping (good score) DEEP_SEA_FOREIGN_TRANSPORTATION_OF_FREIGHT , score: 0.896
RETAIL-MISCELLANEOUS_SHOPPING_GOODS_STORES , score: 0.8142468610220764
Skipping (good score) RETAIL-MISCELLANEOUS_SHOPPING_GOODS_STORES , score: 0.814
RETAIL-HOBBY_TOY-GAME_SHOPS , score: 0.7748606760699898
Skipping (good score) RETAIL-HOBBY_TOY-GAME_SHOPS , score: 0.775
OIL_ROYALTY_TRADERS , score: 0.8653884484179638
Skipping (good score) OIL_ROYALTY_TRADERS , score: 0.865
WHOLESALE-MEDICAL_DENTAL-HOSPITAL_EQUIPMENT-SUPPLIES , score: 0.8285350523118736
Skipping (good score) WHOLESALE-MEDICAL_DENTAL-HOSPITAL_EQUIPMENT-SUPPLIES , score: 0.829
REAL_ESTATE , score: 0.9149310581911488
Skipping (good score) REAL_ESTATE , score: 0.915
SECURITY_BROKERS_DEALERS-FLOTATION_COMPANIES , score: 0.9488690709967161
Skipping (good score) SECURITY_BROKERS_DEALERS-FLOTATION_COMPANIES , score: 0.949
FORESTRY , score: 0.9559703455504696
Skipping (good score) FORESTRY , score: 0.956
TOTALIZING_FLUID_METERS-COUNTING_DEVICES , score: 0.8037627379632216
Skipping (good score) TOTALIZING_FLUID_METERS-COUNTING_DEVICES , score: 0.804
FABRICATED_STRUCTURAL_METAL_PRODUCTS , score: 0.8618782477218981
Skipping (good score) FABRICATED_STRUCTURAL_METAL_PRODUCTS , score: 0.862
PLASTICS_PRODUCTS_NEC , score: 0.9152060943237504
Skipping (good score) PLASTICS_PRODUCTS_NEC , score: 0.915
COMPUTER_COMMUNICATIONS_EQUIPMENT , score: 0.8911635921467596
Skipping (good score) COMPUTER_COMMUNICATIONS_EQUIPMENT , score: 0.891
LIFE_INSURANCE , score: 0.927764543671501
Skipping (good score) LIFE_INSURANCE , score: 0.928
WHOLESALE-GROCERIES-RELATED_PRODUCTS , score: 0.8542770038442942
Skipping (good score) WHOLESALE-GROCERIES-RELATED_PRODUCTS , score: 0.854
PRIMARY_SMELTING-REFINING_OF_NONFERROUS_METALS , score: 0.9647085042445376
Skipping (good score) PRIMARY_SMELTING-REFINING_OF_NONFERROUS_METALS , score: 0.965
ELECTRICAL_INDUSTRIAL_APPARATUS , score: 0.8355941779224064
Skipping (good score) ELECTRICAL_INDUSTRIAL_APPARATUS , score: 0.836
REAL_ESTATE_AGENTS-MANAGERS_FOR_OTHERS , score: 0.8788397128524204
Skipping (good score) REAL_ESTATE_AGENTS-MANAGERS_FOR_OTHERS , score: 0.879
MANIFOLD_BUSINESS_FORMS , score: 0.8349349577110984
Skipping (good score) MANIFOLD_BUSINESS_FORMS , score: 0.835
SEMICONDUCTORS-RELATED_DEVICES , score: 0.9445934182166296
Skipping (good score) SEMICONDUCTORS-RELATED_DEVICES , score: 0.945
RADIO_BROADCASTING_STATIONS , score: 0.8532520852963804
Skipping (good score) RADIO_BROADCASTING_STATIONS , score: 0.853
SERVICES-CONSUMER_CREDIT_REPORTING_COLLECTION_AGENCIES , score: 0.8651981942794107
Skipping (good score) SERVICES-CONSUMER_CREDIT_REPORTING_COLLECTION_AGENCIES , score: 0.865
SERVICES-MANAGEMENT_SERVICES , score: 0.8484611722303805
Skipping (good score) SERVICES-MANAGEMENT_SERVICES , score: 0.848
LOAN_BROKERS , score: 0.8690936583525082
Skipping (good score) LOAN_BROKERS , score: 0.869
WHOLESALE-BEER_WINE-DISTILLED_ALCOHOLIC_BEVERAGES , score: 0.8678798291193094
Skipping (good score) WHOLESALE-BEER_WINE-DISTILLED_ALCOHOLIC_BEVERAGES , score: 0.868
RETAIL-EATING_PLACES , score: 0.9490469442696169
Skipping (good score) RETAIL-EATING_PLACES , score: 0.949
WHOLESALE-PETROLEUM-PETROLEUM_PRODUCTS_NO_BULK_STATIONS , score: 0.8688832036998102
Skipping (good score) WHOLESALE-PETROLEUM-PETROLEUM_PRODUCTS_NO_BULK_STATIONS , score: 0.869
IN_VITRO-IN_VIVO_DIAGNOSTIC_SUBSTANCES , score: 0.9413757512881161
Skipping (good score) IN_VITRO-IN_VIVO_DIAGNOSTIC_SUBSTANCES , score: 0.941
OFFICE_MACHINES_NEC , score: 0.8819695367482127
Skipping (good score) OFFICE_MACHINES_NEC , score: 0.882
NATURAL_GAS_DISTRIBUTION , score: 0.9273776074515298
Skipping (good score) NATURAL_GAS_DISTRIBUTION , score: 0.927
SERVICES-MISCELLANEOUS_AMUSEMENT-RECREATION , score: 0.9133841048143636
Skipping (good score) SERVICES-MISCELLANEOUS_AMUSEMENT-RECREATION , score: 0.913
BROADWOVEN_FABRIC_MILLS_COTTON , score: 0.9292038932498417
Skipping (good score) BROADWOVEN_FABRIC_MILLS_COTTON , score: 0.929
SERVICES-COMPUTER_PROCESSING-DATA_PREPARATION , score: 0.9475779928197491
Skipping (good score) SERVICES-COMPUTER_PROCESSING-DATA_PREPARATION , score: 0.948
SERVICES-HELP_SUPPLY_SERVICES , score: 0.9447714955234633
Skipping (good score) SERVICES-HELP_SUPPLY_SERVICES , score: 0.945
SERVICES-TO_DWELLINGS-OTHER_BUILDINGS , score: 0.8440662097539642
Skipping (good score) SERVICES-TO_DWELLINGS-OTHER_BUILDINGS , score: 0.844
POULTRY_SLAUGHTERING_AND_PROCESSING , score: 0.8496671782568367
Skipping (good score) POULTRY_SLAUGHTERING_AND_PROCESSING , score: 0.850
ELECTRONIC_COMPONENTS_NEC , score: 0.8936211521011671
Skipping (good score) ELECTRONIC_COMPONENTS_NEC , score: 0.894
PUMPS-PUMPING_EQUIPMENT , score: 0.8782931385969808
Skipping (good score) PUMPS-PUMPING_EQUIPMENT , score: 0.878
PLASTIC_MATERIAL_SYNTH_RESIN-RUBBER_CELLULOS_NO_GLASS , score: 0.8366294310357509
Skipping (good score) PLASTIC_MATERIAL_SYNTH_RESIN-RUBBER_CELLULOS_NO_GLASS , score: 0.837
REFRIGERATION-SERVICE_INDUSTRY_MACHINERY , score: 0.849667183864783
Skipping (good score) REFRIGERATION-SERVICE_INDUSTRY_MACHINERY , score: 0.850
BOLTS_NUTS_SCREWS_RIVETS-WASHERS , score: 0.9185641222199777
Skipping (good score) BOLTS_NUTS_SCREWS_RIVETS-WASHERS , score: 0.919
AIRCRAFT , score: 0.8509606214979698
Skipping (good score) AIRCRAFT , score: 0.851
HOSPITAL-MEDICAL_SERVICE_PLANS , score: 0.9060373686187649
Skipping (good score) HOSPITAL-MEDICAL_SERVICE_PLANS , score: 0.906
PHONOGRAPH_RECORDS-PRERECORDED_AUDIO_TAPES-DISKS , score: 0.955255099386221
Skipping (good score) PHONOGRAPH_RECORDS-PRERECORDED_AUDIO_TAPES-DISKS , score: 0.955
AUTO_CONTROLS_FOR_REGULATING_RESIDENTIAL-COMML_ENVIRONMENTS , score: 0.897231121053783
Skipping (good score) AUTO_CONTROLS_FOR_REGULATING_RESIDENTIAL-COMML_ENVIRONMENTS , score: 0.897
SERVICES-HEALTH_SERVICES , score: 0.8062347410783061
Skipping (good score) SERVICES-HEALTH_SERVICES , score: 0.806
MISCELLANEOUS_FOOD_PREPARATIONS-KINDRED_PRODUCTS , score: 0.8489496301338083
Skipping (good score) MISCELLANEOUS_FOOD_PREPARATIONS-KINDRED_PRODUCTS , score: 0.849
TRUCKING_NO_LOCAL , score: 0.903642601522613
Skipping (good score) TRUCKING_NO_LOCAL , score: 0.904
SERVICES-TESTING_LABORATORIES , score: 0.8137878344010736
Skipping (good score) SERVICES-TESTING_LABORATORIES , score: 0.814
AIR-COND-WARM_AIR_HEATG_EQUIP-COMM-INDL_REFRIG_EQUIP , score: 0.8390717932033614
Skipping (good score) AIR-COND-WARM_AIR_HEATG_EQUIP-COMM-INDL_REFRIG_EQUIP , score: 0.839
SERVICES-MANAGEMENT_CONSULTING_SERVICES , score: 0.937161671503775
Skipping (good score) SERVICES-MANAGEMENT_CONSULTING_SERVICES , score: 0.937
SERVICES-COMPUTER_INTEGRATED_SYSTEMS_DESIGN , score: 0.9442813215528472
Skipping (good score) SERVICES-COMPUTER_INTEGRATED_SYSTEMS_DESIGN , score: 0.944
AIR_COURIER_SERVICES , score: 0.8207644037229236
Skipping (good score) AIR_COURIER_SERVICES , score: 0.821
PAINTS_VARNISHES_LACQUERS_ENAMELS-ALLIED_PRODS , score: 0.8665805739634778
Skipping (good score) PAINTS_VARNISHES_LACQUERS_ENAMELS-ALLIED_PRODS , score: 0.867
MINERAL_ROYALTY_TRADERS , score: 0.8293430288799934
Skipping (good score) MINERAL_ROYALTY_TRADERS , score: 0.829
SERVICES-AUTO_RENTAL-LEASING_NO_DRIVERS , score: 0.8625030762994363
Skipping (good score) SERVICES-AUTO_RENTAL-LEASING_NO_DRIVERS , score: 0.863
WHOLESALE-LUMBER-OTHER_CONSTRUCTION_MATERIALS , score: 0.840656474804714
Skipping (good score) WHOLESALE-LUMBER-OTHER_CONSTRUCTION_MATERIALS , score: 0.841
LAND_SUBDIVIDERS-DEVELOPERS_NO_CEMETERIES , score: 0.7850046643939781
Skipping (good score) LAND_SUBDIVIDERS-DEVELOPERS_NO_CEMETERIES , score: 0.785
STEEL_WORKS_BLAST_FURNACES-ROLLING_MILLS_COKE_OVENS , score: 0.9163976863220228
Skipping (good score) STEEL_WORKS_BLAST_FURNACES-ROLLING_MILLS_COKE_OVENS , score: 0.916
FEDERAL-FEDERALLY-SPONSORED_CREDIT_AGENCIES , score: 0.7506752335622777
Skipping (good score) FEDERAL-FEDERALLY-SPONSORED_CREDIT_AGENCIES , score: 0.751
TRANSPORTATION_SERVICES , score: 0.9222300540785854
Skipping (good score) TRANSPORTATION_SERVICES , score: 0.922
RETAIL-FOOD_STORES , score: 0.945231987616433
Skipping (good score) RETAIL-FOOD_STORES , score: 0.945
PLASTICS_FOAM_PRODUCTS , score: 0.9026959990240417
Skipping (good score) PLASTICS_FOAM_PRODUCTS , score: 0.903
SERVICES-HOSPITALS , score: 0.860100793997224
Skipping (good score) SERVICES-HOSPITALS , score: 0.860
HEAVY_CONSTRUCTION_OTHER_THAN_BLDG_CONST-CONTRACTORS , score: 0.868765346847987
Skipping (good score) HEAVY_CONSTRUCTION_OTHER_THAN_BLDG_CONST-CONTRACTORS , score: 0.869
WHOLESALE-MISCELLANEOUS_NONDURABLE_GOODS , score: 0.7725284642331606
Skipping (good score) WHOLESALE-MISCELLANEOUS_NONDURABLE_GOODS , score: 0.773
STRUCTURAL_CLAY_PRODUCTS , score: 0.908021338946276
Skipping (good score) STRUCTURAL_CLAY_PRODUCTS , score: 0.908
SHORT-TERM_BUSINESS_CREDIT_INSTITUTIONS , score: 0.827550820993555
Skipping (good score) SHORT-TERM_BUSINESS_CREDIT_INSTITUTIONS , score: 0.828
COMMERCIAL_PRINTING , score: 0.8037325110173583
Skipping (good score) COMMERCIAL_PRINTING , score: 0.804
SPECIALTY_CLEANING_POLISHING_AND_SANITATION_PREPARATIONS , score: 0.8248630631192605
Skipping (good score) SPECIALTY_CLEANING_POLISHING_AND_SANITATION_PREPARATIONS , score: 0.825
GENERAL_INDUSTRIAL_MACHINERY-EQUIPMENT_NEC , score: 0.8310075757747337
Skipping (good score) GENERAL_INDUSTRIAL_MACHINERY-EQUIPMENT_NEC , score: 0.831
LABORATORY_APPARATUS-FURNITURE , score: 0.949632191134736
Skipping (good score) LABORATORY_APPARATUS-FURNITURE , score: 0.950
INSTRUMENTS_FOR_MEAS-TESTING_OF_ELECTRICITY-ELEC_SIGNALS , score: 0.8747528576661141
Skipping (good score) INSTRUMENTS_FOR_MEAS-TESTING_OF_ELECTRICITY-ELEC_SIGNALS , score: 0.875
GENERAL_INDUSTRIAL_MACHINERY-EQUIPMENT , score: 0.8567432075637951
Skipping (good score) GENERAL_INDUSTRIAL_MACHINERY-EQUIPMENT , score: 0.857
LUMBER-WOOD_PRODUCTS_NO_FURNITURE , score: 0.8575290540078707
Skipping (good score) LUMBER-WOOD_PRODUCTS_NO_FURNITURE , score: 0.858
MENS-BOYS_FURNISHGS_WORK_CLOTHG-ALLIED_GARMENTS , score: 0.8252791400763548
Skipping (good score) MENS-BOYS_FURNISHGS_WORK_CLOTHG-ALLIED_GARMENTS , score: 0.825
HOUSEHOLD_APPLIANCES , score: 0.8210479216020607
Skipping (good score) HOUSEHOLD_APPLIANCES , score: 0.821
INSURANCE_CARRIERS_NEC , score: 0.7932468856779558
Skipping (good score) INSURANCE_CARRIERS_NEC , score: 0.793
ELECTRONIC_COILS_TRANSFORMERS-OTHER_INDUCTORS , score: 0.9120883948719989
Skipping (good score) ELECTRONIC_COILS_TRANSFORMERS-OTHER_INDUCTORS , score: 0.912
SERVICES-MOTION_PICTURE-VIDEO_TAPE_PRODUCTION , score: 0.7886416413192011
Skipping (good score) SERVICES-MOTION_PICTURE-VIDEO_TAPE_PRODUCTION , score: 0.789
STEEL_PIPE-TUBES , score: 0.7997778638132272
Skipping (good score) STEEL_PIPE-TUBES , score: 0.800
ORDNANCE-ACCESSORIES_NO_VEHICLES-GUIDED_MISSILES , score: 0.8917547522129666
Skipping (good score) ORDNANCE-ACCESSORIES_NO_VEHICLES-GUIDED_MISSILES , score: 0.892
SERVICES-COMPUTER_PROGRAMMING_SERVICES , score: 0.9433253351035172
Skipping (good score) SERVICES-COMPUTER_PROGRAMMING_SERVICES , score: 0.943
MOTOR_VEHICLES-PASSENGER_CAR_BODIES , score: 0.9480222066224653
Skipping (good score) MOTOR_VEHICLES-PASSENGER_CAR_BODIES , score: 0.948
WHOLESALE-GROCERIES_GENERAL_LINE , score: 0.8297180651170163
Skipping (good score) WHOLESALE-GROCERIES_GENERAL_LINE , score: 0.830
METAL_SHIPPING_BARRELS_DRUMS_KEGS-PAILS , score: 0.8752550418027454
Skipping (good score) METAL_SHIPPING_BARRELS_DRUMS_KEGS-PAILS , score: 0.875
CRUDE_PETROLEUM-NATURAL_GAS , score: 0.9272845773017057
Skipping (good score) CRUDE_PETROLEUM-NATURAL_GAS , score: 0.927
INDUSTRIAL_INSTRUMENTS_FOR_MEASUREMENT_DISPLAY_AND_CONTROL , score: 0.9045151899338223
Skipping (good score) INDUSTRIAL_INSTRUMENTS_FOR_MEASUREMENT_DISPLAY_AND_CONTROL , score: 0.905
RETAIL-NONSTORE_RETAILERS , score: 0.9634721585549935
Skipping (good score) RETAIL-NONSTORE_RETAILERS , score: 0.963
SERVICES-DIRECT_MAIL_ADVERTISING_SERVICES , score: 0.9297611401067111
Skipping (good score) SERVICES-DIRECT_MAIL_ADVERTISING_SERVICES , score: 0.930
CIGARETTES , score: 0.8251787017997307
Skipping (good score) CIGARETTES , score: 0.825
WHOLESALE-FARM_PRODUCT_RAW_MATERIALS , score: 0.8923430929457459
Skipping (good score) WHOLESALE-FARM_PRODUCT_RAW_MATERIALS , score: 0.892
SERVICES-VIDEO_TAPE_RENTAL , score: 0.7956576114002423
Skipping (good score) SERVICES-VIDEO_TAPE_RENTAL , score: 0.796
SERVICES-GENERAL_MEDICAL-SURGICAL_HOSPITALS_NEC , score: 0.8411363520416347
Skipping (good score) SERVICES-GENERAL_MEDICAL-SURGICAL_HOSPITALS_NEC , score: 0.841
TELEVISION_BROADCASTING_STATIONS , score: 0.9187710117950212
Skipping (good score) TELEVISION_BROADCASTING_STATIONS , score: 0.919
APPAREL-OTHER_FINISHD_PRODS_OF_FABRICS-SIMILAR_MATL , score: 0.9033549976718358
Skipping (good score) APPAREL-OTHER_FINISHD_PRODS_OF_FABRICS-SIMILAR_MATL , score: 0.903
PRINTED_CIRCUIT_BOARDS , score: 0.8801186594775636
Skipping (good score) PRINTED_CIRCUIT_BOARDS , score: 0.880
UNSUPPORTED_PLASTICS_FILM-SHEET , score: 0.9510190600408052
Skipping (good score) UNSUPPORTED_PLASTICS_FILM-SHEET , score: 0.951
SAWMILLS-PLANTING_MILLS_GENERAL , score: 0.7932839993292585
Skipping (good score) SAWMILLS-PLANTING_MILLS_GENERAL , score: 0.793
INSURANCE_AGENTS_BROKERS-SERVICE , score: 0.9427767005566879
Skipping (good score) INSURANCE_AGENTS_BROKERS-SERVICE , score: 0.943
WOMENS_MISSES_CHILDRENS-INFANTS_UNDERGARMENTS , score: 0.880589795412604
Skipping (good score) WOMENS_MISSES_CHILDRENS-INFANTS_UNDERGARMENTS , score: 0.881
AIR_TRANSPORTATION_SCHEDULED , score: 0.9175843350729976
Skipping (good score) AIR_TRANSPORTATION_SCHEDULED , score: 0.918
RADIO-TV_BROADCASTING-COMMUNICATIONS_EQUIPMENT , score: 0.9399927350196077
Skipping (good score) RADIO-TV_BROADCASTING-COMMUNICATIONS_EQUIPMENT , score: 0.940
TELEGRAPH-OTHER_MESSAGE_COMMUNICATIONS , score: 0.9052225102072768
Skipping (good score) TELEGRAPH-OTHER_MESSAGE_COMMUNICATIONS , score: 0.905
PLASTICS_FOIL-COATED_PAPER_BAGS , score: 0.9511323436347178
Skipping (good score) PLASTICS_FOIL-COATED_PAPER_BAGS , score: 0.951
ELECTRIC_HOUSEWARES-FANS , score: 0.8269937973293284
Skipping (good score) ELECTRIC_HOUSEWARES-FANS , score: 0.827
FABRICATED_RUBBER_PRODUCTS_NEC , score: 0.8476956432816777
Skipping (good score) FABRICATED_RUBBER_PRODUCTS_NEC , score: 0.848
WHOLESALE-LUMBER_PLYWOOD_MILLWORK-WOOD_PANELS , score: 0.900788771111022
Skipping (good score) WHOLESALE-LUMBER_PLYWOOD_MILLWORK-WOOD_PANELS , score: 0.901
MOBILE_HOMES , score: 0.7935139916880439
Skipping (good score) MOBILE_HOMES , score: 0.794
REFUSE_SYSTEMS , score: 0.8553315601105594
Skipping (good score) REFUSE_SYSTEMS , score: 0.855
SERVICES-MISCELLANEOUS_REPAIR_SERVICES , score: 0.8103802645467124
Skipping (good score) SERVICES-MISCELLANEOUS_REPAIR_SERVICES , score: 0.810
OPHTHALMIC_GOODS , score: 0.8424095913212595
Skipping (good score) OPHTHALMIC_GOODS , score: 0.842
WATER_TRANSPORTATION , score: 0.9361497864378769
Skipping (good score) WATER_TRANSPORTATION , score: 0.936
BLANK_CHECKS , score: 0.8763447912365198
Skipping (good score) BLANK_CHECKS , score: 0.876
RUBBER-PLASTICS_FOOTWEAR , score: 0.8713959702957788
Skipping (good score) RUBBER-PLASTICS_FOOTWEAR , score: 0.871
COMMODITY_CONTRACTS_BROKERS-DEALERS , score: 0.7713928363824528
Skipping (good score) COMMODITY_CONTRACTS_BROKERS-DEALERS , score: 0.771
BITUMINOUS_COAL-LIGNITE_SURFACE_MINING , score: 0.8641923150477437
Skipping (good score) BITUMINOUS_COAL-LIGNITE_SURFACE_MINING , score: 0.864
GENERAL_BLDG_CONTRACTORS-NONRESIDENTIAL_BLDGS , score: 0.827558215010243
Skipping (good score) GENERAL_BLDG_CONTRACTORS-NONRESIDENTIAL_BLDGS , score: 0.828
MISCELLANEOUS_ELECTRICAL_MACHINERY_EQUIPMENT-SUPPLIES , score: 0.8869428534104961
Skipping (good score) MISCELLANEOUS_ELECTRICAL_MACHINERY_EQUIPMENT-SUPPLIES , score: 0.887
RETAIL-EATING-DRINKING_PLACES , score: 0.8632112118439977
Skipping (good score) RETAIL-EATING-DRINKING_PLACES , score: 0.863
OFFICE_FURNITURE_NO_WOOD , score: 0.8118663012167965
Skipping (good score) OFFICE_FURNITURE_NO_WOOD , score: 0.812
ELECTRONIC_COMPONENTS-ACCESSORIES , score: 0.9040044226388366
Skipping (good score) ELECTRONIC_COMPONENTS-ACCESSORIES , score: 0.904
SWITCHGEAR-SWITCHBOARD_APPARATUS , score: 0.8294611992693512
Skipping (good score) SWITCHGEAR-SWITCHBOARD_APPARATUS , score: 0.829
TIRES-INNER_TUBES , score: 0.8206599652209826
Skipping (good score) TIRES-INNER_TUBES , score: 0.821
ELECTRIC_GAS-SANITARY_SERVICES , score: 0.8771892746594719
Skipping (good score) ELECTRIC_GAS-SANITARY_SERVICES , score: 0.877
RETAIL-AUTO_DEALERS-GASOLINE_STATIONS , score: 0.9455340693073471
Skipping (good score) RETAIL-AUTO_DEALERS-GASOLINE_STATIONS , score: 0.946
TITLE_INSURANCE , score: 0.8615127170172271
Skipping (good score) TITLE_INSURANCE , score: 0.862
NEWSPAPERS_PUBLISHING_OR_PUBLISHING-PRINTING , score: 0.8077298496355639
Skipping (good score) NEWSPAPERS_PUBLISHING_OR_PUBLISHING-PRINTING , score: 0.808
WHOLESALE-MACHINERY_EQUIPMENT-SUPPLIES , score: 0.8410353016002489
Skipping (good score) WHOLESALE-MACHINERY_EQUIPMENT-SUPPLIES , score: 0.841
ORTHOPEDIC_PROSTHETIC-SURGICAL_APPLIANCES-SUPPLIES , score: 0.9354066010657083
Skipping (good score) ORTHOPEDIC_PROSTHETIC-SURGICAL_APPLIANCES-SUPPLIES , score: 0.935
PREPARED_FRESH_OR_FROZEN_FISH-SEAFOODS , score: 0.9936704457497234
Skipping (good score) PREPARED_FRESH_OR_FROZEN_FISH-SEAFOODS , score: 0.994
SOAP_DETERGENTS_CLEANG_PREPARATIONS_PERFUMES_COSMETICS , score: 0.9098786952895793
Skipping (good score) SOAP_DETERGENTS_CLEANG_PREPARATIONS_PERFUMES_COSMETICS , score: 0.910
PULP_MILLS , score: 0.8803731798763108
Skipping (good score) PULP_MILLS , score: 0.880
METAL_FORGINGS-STAMPINGS , score: 0.8084782759480006
Skipping (good score) METAL_FORGINGS-STAMPINGS , score: 0.808
WHOLESALE-DURABLE_GOODS_NEC , score: 0.9064169053795171
Skipping (good score) WHOLESALE-DURABLE_GOODS_NEC , score: 0.906
OFFICE_FURNITURE , score: 0.8655997108507539
Skipping (good score) OFFICE_FURNITURE , score: 0.866
MORTGAGE_BANKERS-LOAN_CORRESPONDENTS , score: 0.8356895041295346
Skipping (good score) MORTGAGE_BANKERS-LOAN_CORRESPONDENTS , score: 0.836
RETAIL-LUMBER-OTHER_BUILDING_MATERIALS_DEALERS , score: 0.8599899827617421
Skipping (good score) RETAIL-LUMBER-OTHER_BUILDING_MATERIALS_DEALERS , score: 0.860
AGRICULTURAL_SERVICES , score: 0.8104955876091525
Skipping (good score) AGRICULTURAL_SERVICES , score: 0.810
BALL-ROLLER_BEARINGS , score: 0.8073234067742632
Skipping (good score) BALL-ROLLER_BEARINGS , score: 0.807
CANNED_FROZEN-PRESERVD_FRUIT_VEG-FOOD_SPECIALTIES , score: 0.8239654135578321
Skipping (good score) CANNED_FROZEN-PRESERVD_FRUIT_VEG-FOOD_SPECIALTIES , score: 0.824
AGRICULTURAL_PRODUCTION-CROPS , score: 0.8578864661521679
Skipping (good score) AGRICULTURAL_PRODUCTION-CROPS , score: 0.858
SANITARY_SERVICES , score: 0.927029613980797
Skipping (good score) SANITARY_SERVICES , score: 0.927
ADHESIVES-SEALANTS , score: 0.8013170405498439
Skipping (good score) ADHESIVES-SEALANTS , score: 0.801
CABLE-OTHER_PAY_TELEVISION_SERVICES , score: 0.8928914905410108
Skipping (good score) CABLE-OTHER_PAY_TELEVISION_SERVICES , score: 0.893
RETAIL-APPAREL-ACCESSORY_STORES , score: 0.8570172747502703
Skipping (good score) RETAIL-APPAREL-ACCESSORY_STORES , score: 0.857
JEWELRY_SILVERWARE-PLATED_WARE , score: 0.9597184429024654
Skipping (good score) JEWELRY_SILVERWARE-PLATED_WARE , score: 0.960
WHOLESALE-MOTOR_VEHICLES-MOTOR_VEHICLE_PARTS-SUPPLIES , score: 0.9154365298745533
Skipping (good score) WHOLESALE-MOTOR_VEHICLES-MOTOR_VEHICLE_PARTS-SUPPLIES , score: 0.915
RAILROAD_EQUIPMENT , score: 0.7945042657128064
Skipping (good score) RAILROAD_EQUIPMENT , score: 0.795
MISCELLANEOUS_MANUFACTURING_INDUSTRIES , score: 0.9020963328168728
Skipping (good score) MISCELLANEOUS_MANUFACTURING_INDUSTRIES , score: 0.902
INDUSTRIAL-COMMERCIAL_FANS-BLOWERS-AIR_PURIFING_EQUIP , score: 0.8290604478517591
Skipping (good score) INDUSTRIAL-COMMERCIAL_FANS-BLOWERS-AIR_PURIFING_EQUIP , score: 0.829
HOTELS-MOTELS , score: 0.9065323497940432
Skipping (good score) HOTELS-MOTELS , score: 0.907
MISCELLANEOUS_PRODUCTS_OF_PETROLEUM-COAL , score: 0.736033954937236
Skipping (good score) MISCELLANEOUS_PRODUCTS_OF_PETROLEUM-COAL , score: 0.736
AGRICULTURAL_PROD-LIVESTOCK-ANIMAL_SPECIALTIES , score: 0.8248002231470118
Skipping (good score) AGRICULTURAL_PROD-LIVESTOCK-ANIMAL_SPECIALTIES , score: 0.825
BAKERY_PRODUCTS , score: 0.9542265187867189
Skipping (good score) BAKERY_PRODUCTS , score: 0.954
COMPUTER-OFFICE_EQUIPMENT , score: 0.85641486820312
Skipping (good score) COMPUTER-OFFICE_EQUIPMENT , score: 0.856
INVESTMENT_ADVICE , score: 0.9302677221507231
Skipping (good score) INVESTMENT_ADVICE , score: 0.930
RETAIL-FURNITURE_STORES , score: 0.7576144776901652
Skipping (good score) RETAIL-FURNITURE_STORES , score: 0.758
SERVICES-LEGAL_SERVICES , score: 0.7610074408646744
Skipping (good score) SERVICES-LEGAL_SERVICES , score: 0.761
SERVICES-RACING_INCLUDING_TRACK_OPERATION , score: 0.8836827425881161
Skipping (good score) SERVICES-RACING_INCLUDING_TRACK_OPERATION , score: 0.884
BOOKS_PUBLISHING_OR_PUBLISHING-PRINTING , score: 0.8005721612222578
Skipping (good score) BOOKS_PUBLISHING_OR_PUBLISHING-PRINTING , score: 0.801
BLANKBOOKS_LOOSELEAF_BINDERS-BOOKBINDG-RELATD_WORK , score: 0.8226803647354596
Skipping (good score) BLANKBOOKS_LOOSELEAF_BINDERS-BOOKBINDG-RELATD_WORK , score: 0.823
SERVICES-MAILING_REPRODUCTION_COMMERCIAL_ART-PHOTOGRAPHY , score: 0.8820106128327809
Skipping (good score) SERVICES-MAILING_REPRODUCTION_COMMERCIAL_ART-PHOTOGRAPHY , score: 0.882
MOTOR_HOMES , score: 0.8360051440628907
Skipping (good score) MOTOR_HOMES , score: 0.836
FLAT_GLASS , score: 0.942681610820826
Skipping (good score) FLAT_GLASS , score: 0.943
WATER_SUPPLY , score: 0.9114018988152264
Skipping (good score) WATER_SUPPLY , score: 0.911
TRUCK_TRAILERS , score: 0.892624111444415
Skipping (good score) TRUCK_TRAILERS , score: 0.893
PUBLIC_BLDG-RELATED_FURNITURE , score: 0.985798423150216
Skipping (good score) PUBLIC_BLDG-RELATED_FURNITURE , score: 0.986
METAL_DOORS_SASH_FRAMES_MOLDINGS-TRIM , score: 0.8311135392051726
Skipping (good score) METAL_DOORS_SASH_FRAMES_MOLDINGS-TRIM , score: 0.831
RETAIL-CONVENIENCE_STORES , score: 0.9512900450716497
Skipping (good score) RETAIL-CONVENIENCE_STORES , score: 0.951
REAL_ESTATE_INVESTMENT_TRUSTS , score: 0.9450725082709828
Skipping (good score) REAL_ESTATE_INVESTMENT_TRUSTS , score: 0.945
MISC_INDUSTRIAL-COMMERCIAL_MACHINERY-EQUIPMENT , score: 0.8506150929253078
Skipping (good score) MISC_INDUSTRIAL-COMMERCIAL_MACHINERY-EQUIPMENT , score: 0.851
INDUSTRIAL_TRUCKS_TRACTORS_TRAILORS-STACKERS , score: 0.8136784346005461
Skipping (good score) INDUSTRIAL_TRUCKS_TRACTORS_TRAILORS-STACKERS , score: 0.814
DOLLS-STUFFED_TOYS , score: 0.8860630572490716
Skipping (good score) DOLLS-STUFFED_TOYS , score: 0.886
RETAIL-DRUG_STORES_AND_PROPRIETARY_STORES , score: 0.887154096481746
Skipping (good score) RETAIL-DRUG_STORES_AND_PROPRIETARY_STORES , score: 0.887
ABRASIVE_ASBESTOS-MISC_NONMETALLIC_MINERAL_PRODS , score: 0.8839847560838784
Skipping (good score) ABRASIVE_ASBESTOS-MISC_NONMETALLIC_MINERAL_PRODS , score: 0.884
GRAIN_MILL_PRODUCTS , score: 0.8986839200905293
Skipping (good score) GRAIN_MILL_PRODUCTS , score: 0.899
SERVICES-COMMERCIAL_PHYSICAL-BIOLOGICAL_RESEARCH , score: 0.9382012075002228
Skipping (good score) SERVICES-COMMERCIAL_PHYSICAL-BIOLOGICAL_RESEARCH , score: 0.938
COMPUTER_PERIPHERAL_EQUIPMENT_NEC , score: 0.8840988757878963
Skipping (good score) COMPUTER_PERIPHERAL_EQUIPMENT_NEC , score: 0.884
METAL_CANS , score: 0.8823820485468813
Skipping (good score) METAL_CANS , score: 0.882
CONCRETE_PRODUCTS_EXCEPT_BLOCK-BRICK , score: 0.9494050747924437
Skipping (good score) CONCRETE_PRODUCTS_EXCEPT_BLOCK-BRICK , score: 0.949
AIRCRAFT_PARTS-AUXILIARY_EQUIPMENT_NEC , score: 0.8666773767334333
Skipping (good score) AIRCRAFT_PARTS-AUXILIARY_EQUIPMENT_NEC , score: 0.867
WHOLESALE-JEWELRY_WATCHES_PRECIOUS_STONES-METALS , score: 0.9092343758924976
Skipping (good score) WHOLESALE-JEWELRY_WATCHES_PRECIOUS_STONES-METALS , score: 0.909
PERFUMES_COSMETICS-OTHER_TOILET_PREPARATIONS , score: 0.8882450001209371
Skipping (good score) PERFUMES_COSMETICS-OTHER_TOILET_PREPARATIONS , score: 0.888
METALWORKG_MACHINERY-EQUIPMENT , score: 0.8620300529660139
Skipping (good score) METALWORKG_MACHINERY-EQUIPMENT , score: 0.862
RETAIL-FAMILY_CLOTHING_STORES , score: 0.9254592354882933
Skipping (good score) RETAIL-FAMILY_CLOTHING_STORES , score: 0.925
WHOLESALE-MISC_DURABLE_GOODS , score: 0.8509482051770874
Skipping (good score) WHOLESALE-MISC_DURABLE_GOODS , score: 0.851
WHOLESALE-METALS-MINERALS_NO_PETROLEUM , score: 0.9547358818558093
Skipping (good score) WHOLESALE-METALS-MINERALS_NO_PETROLEUM , score: 0.955
PERIODICALS_PUBLISHING_OR_PUBLISHING-PRINTING , score: 0.7911797087578752
Skipping (good score) PERIODICALS_PUBLISHING_OR_PUBLISHING-PRINTING , score: 0.791
MISCELLANEOUS_CHEMICAL_PRODUCTS , score: 0.8605217843288672
Skipping (good score) MISCELLANEOUS_CHEMICAL_PRODUCTS , score: 0.861
ELECTRIC_LIGHTING-WIRING_EQUIPMENT , score: 0.7847867692018804
Skipping (good score) ELECTRIC_LIGHTING-WIRING_EQUIPMENT , score: 0.785
FIRE_MARINE-CASUALTY_INSURANCE , score: 0.9513147008976984
Skipping (good score) FIRE_MARINE-CASUALTY_INSURANCE , score: 0.951
HEATING_EQUIPMENT_EXCEPT_ELECTRIC-WARM_AIR_FURNACES , score: 0.9298819225498532
Skipping (good score) HEATING_EQUIPMENT_EXCEPT_ELECTRIC-WARM_AIR_FURNACES , score: 0.930
SERVICES-COMPUTER_RENTAL-LEASING , score: 0.9973928893335418
Skipping (good score) SERVICES-COMPUTER_RENTAL-LEASING , score: 0.997
HOTELS_ROOMING_HOUSES_CAMPS-OTHER_LODGING_PLACES , score: 0.8574552581349439
Skipping (good score) HOTELS_ROOMING_HOUSES_CAMPS-OTHER_LODGING_PLACES , score: 0.857
WHOLESALE-ELECTRONIC_PARTS-EQUIPMENT_NEC , score: 0.8490571589800049
Skipping (good score) WHOLESALE-ELECTRONIC_PARTS-EQUIPMENT_NEC , score: 0.849
MEDICINAL_CHEMICALS-BOTANICAL_PRODUCTS , score: 0.8301850664102232
Skipping (good score) MEDICINAL_CHEMICALS-BOTANICAL_PRODUCTS , score: 0.830
WHOLESALE-PAPER-PAPER_PRODUCTS , score: 0.946575827459658
Skipping (good score) WHOLESALE-PAPER-PAPER_PRODUCTS , score: 0.947
OIL-GAS_FIELD_SERVICES_NEC , score: 0.8881102048678651
Skipping (good score) OIL-GAS_FIELD_SERVICES_NEC , score: 0.888
SERVICES-COMPUTER_PROGRAMMING_DATA_PROCESSING_ETC , score: 0.9228964403854599
Skipping (good score) SERVICES-COMPUTER_PROGRAMMING_DATA_PROCESSING_ETC , score: 0.923
FISHING_HUNTING_AND_TRAPPING , score: 0.9560502926615558
Skipping (good score) FISHING_HUNTING_AND_TRAPPING , score: 0.956
REAL_ESTATE_OPERATORS_NO_DEVELOPERS-LESSORS , score: 0.9397921516127131
Skipping (good score) REAL_ESTATE_OPERATORS_NO_DEVELOPERS-LESSORS , score: 0.940
SAVINGS_INSTITUTION_FEDERALLY_CHARTERED , score: 0.9055567402239205
Skipping (good score) SAVINGS_INSTITUTION_FEDERALLY_CHARTERED , score: 0.906
NATIONAL_COMMERCIAL_BANKS , score: 0.9080477565824552
Skipping (good score) NATIONAL_COMMERCIAL_BANKS , score: 0.908
PLASTIC_MATERIALS_SYNTH_RESINS-NONVULCAN_ELASTOMERS , score: 0.9100220287423169
Skipping (good score) PLASTIC_MATERIALS_SYNTH_RESINS-NONVULCAN_ELASTOMERS , score: 0.910
MEAT_PACKING_PLANTS , score: 0.788348351722186
Skipping (good score) MEAT_PACKING_PLANTS , score: 0.788
NON-OPERATING_ESTABLISHMENTS , score: 0.9305513375938806
Skipping (good score) NON-OPERATING_ESTABLISHMENTS , score: 0.931
HOUSEHOLD_FURNITURE , score: 0.8941447507978777
Skipping (good score) HOUSEHOLD_FURNITURE , score: 0.894
RETAIL-VARIETY_STORES , score: 0.9473989224876986
Skipping (good score) RETAIL-VARIETY_STORES , score: 0.947
FOOTWEAR_NO_RUBBER , score: 0.888701980152624
Skipping (good score) FOOTWEAR_NO_RUBBER , score: 0.889
WOMENS_MISSES_AND_JUNIORS_OUTERWEAR , score: 0.9062178320853408
Skipping (good score) WOMENS_MISSES_AND_JUNIORS_OUTERWEAR , score: 0.906
RAILROADS_LINE-HAUL_OPERATING , score: 0.8766848950489797
Skipping (good score) RAILROADS_LINE-HAUL_OPERATING , score: 0.877
DENTAL_EQUIPMENT-SUPPLIES , score: 0.8173881182900595
Skipping (good score) DENTAL_EQUIPMENT-SUPPLIES , score: 0.817
TOBACCO_PRODUCTS , score: 0.9501091603688879
Skipping (good score) TOBACCO_PRODUCTS , score: 0.950
WHOLESALE-DRUGS_PROPRIETARIES-DRUGGISTS_SUNDRIES , score: 0.8899838319750861
Skipping (good score) WHOLESALE-DRUGS_PROPRIETARIES-DRUGGISTS_SUNDRIES , score: 0.890
BROADWOVEN_FABRIC_MILLS_MAN_MADE_FIBER-SILK , score: 0.8573769572402187
Skipping (good score) BROADWOVEN_FABRIC_MILLS_MAN_MADE_FIBER-SILK , score: 0.857
METAL_MINING , score: 0.926395862221316
Skipping (good score) METAL_MINING , score: 0.926
MISCELLANEOUS_TRANSPORTATION_EQUIPMENT , score: 0.8009894138706822
Skipping (good score) MISCELLANEOUS_TRANSPORTATION_EQUIPMENT , score: 0.801
SERVICES-MISCELLANEOUS_BUSINESS_SERVICES , score: 0.8264258968630146
Skipping (good score) SERVICES-MISCELLANEOUS_BUSINESS_SERVICES , score: 0.826
COMMERCIAL_BANKS_NEC , score: 0.9500250818907783
Skipping (good score) COMMERCIAL_BANKS_NEC , score: 0.950
CANNED_FRUITS_VEG_PRESERVES_JAMS-JELLIES , score: 0.7860195446206145
Skipping (good score) CANNED_FRUITS_VEG_PRESERVES_JAMS-JELLIES , score: 0.786
GENERAL , score: 0.9466976015556159
Skipping (good score) GENERAL , score: 0.947
FINANCE_SERVICES , score: 0.9204564200643071
Skipping (good score) FINANCE_SERVICES , score: 0.920
MISCELLANEOUS_FABRICATED_METAL_PRODUCTS , score: 0.8779655074475841
Skipping (good score) MISCELLANEOUS_FABRICATED_METAL_PRODUCTS , score: 0.878
SERVICES-ALLIED_TO_MOTION_PICTURE_PRODUCTION , score: 0.9589620338845639
Skipping (good score) SERVICES-ALLIED_TO_MOTION_PICTURE_PRODUCTION , score: 0.959
MILLWOOD_VENEER_PLYWOOD-STRUCTURAL_WOOD_MEMBERS , score: 0.8231303359418173
Skipping (good score) MILLWOOD_VENEER_PLYWOOD-STRUCTURAL_WOOD_MEMBERS , score: 0.823
SERVICES-SPECIALTY_OUTPATIENT_FACILITIES_NEC , score: 0.9027876336491536
Skipping (good score) SERVICES-SPECIALTY_OUTPATIENT_FACILITIES_NEC , score: 0.903
MALT_BEVERAGES , score: 0.9001711039228657
Skipping (good score) MALT_BEVERAGES , score: 0.900
SAUSAGES-OTHER_PREPARED_MEAT_PRODUCTS , score: 0.976587091882466
Skipping (good score) SAUSAGES-OTHER_PREPARED_MEAT_PRODUCTS , score: 0.977
CONSTRUCTION_MINING-MATERIALS_HANDLING_MACHINERY-EQUIP , score: 0.8589886303126006
Skipping (good score) CONSTRUCTION_MINING-MATERIALS_HANDLING_MACHINERY-EQUIP , score: 0.859
RETAIL-COMPUTER-COMPUTER_SOFTWARE_STORES , score: 0.9062992123595937
Skipping (good score) RETAIL-COMPUTER-COMPUTER_SOFTWARE_STORES , score: 0.906
FABRICATED_PLATE_WORK_BOILER_SHOPS , score: 0.8536519409835783
Skipping (good score) FABRICATED_PLATE_WORK_BOILER_SHOPS , score: 0.854
SHIP-BOAT_BUILDING-REPAIRING , score: 0.8631259056502588
Skipping (good score) SHIP-BOAT_BUILDING-REPAIRING , score: 0.863
ELECTRICAL_WORK , score: 0.8434433076121673
Skipping (good score) ELECTRICAL_WORK , score: 0.843
SERVICES-ADVERTISING , score: 0.8796094864812433
Skipping (good score) SERVICES-ADVERTISING , score: 0.880
GUIDED_MISSILES-SPACE_VEHICLES-PARTS , score: 0.8102924721635083
Skipping (good score) GUIDED_MISSILES-SPACE_VEHICLES-PARTS , score: 0.810
HOUSEHOLD_AUDIO-VIDEO_EQUIPMENT , score: 0.849742859260846
Skipping (good score) HOUSEHOLD_AUDIO-VIDEO_EQUIPMENT , score: 0.850
MINING-QUARRYING_OF_NONMETALLIC_MINERALS_NO_FUELS , score: 0.9364215165940264
Skipping (good score) MINING-QUARRYING_OF_NONMETALLIC_MINERALS_NO_FUELS , score: 0.936
MISCELLANEOUS_PLASTICS_PRODUCTS , score: 0.8318958867205002
Skipping (good score) MISCELLANEOUS_PLASTICS_PRODUCTS , score: 0.832
STEEL_WORKS_BLAST_FURNACES-ROLLING-FINISHING_MILLS , score: 0.8617962597680365
Skipping (good score) STEEL_WORKS_BLAST_FURNACES-ROLLING-FINISHING_MILLS , score: 0.862
MISCELLANEOUS_PUBLISHING , score: 0.8840567007605968
Skipping (good score) MISCELLANEOUS_PUBLISHING , score: 0.884
SERVICES-SERVICES_NEC , score: 0.969800558913203
Skipping (good score) SERVICES-SERVICES_NEC , score: 0.970
WATER_SEWER_PIPELINE_COMM-POWER_LINE_CONSTRUCTION , score: 0.8750990381258595
Skipping (good score) WATER_SEWER_PIPELINE_COMM-POWER_LINE_CONSTRUCTION , score: 0.875
WHOLESALE-PETROLEUM_BULK_STATIONS-TERMINALS , score: 0.7099499884896089
Skipping (good score) WHOLESALE-PETROLEUM_BULK_STATIONS-TERMINALS , score: 0.710
SPORTING-ATHLETIC_GOODS_NEC , score: 0.8262821078309716
Skipping (good score) SPORTING-ATHLETIC_GOODS_NEC , score: 0.826
ROLLING_DRAWING-EXTRUDING_OF_NONFERROUS_METALS , score: 0.8642739339546911
Skipping (good score) ROLLING_DRAWING-EXTRUDING_OF_NONFERROUS_METALS , score: 0.864
GAMES_TOYS-CHILDRENS_VEHICLES_NO_DOLLS-BICYCLES , score: 0.8713559228819493
Skipping (good score) GAMES_TOYS-CHILDRENS_VEHICLES_NO_DOLLS-BICYCLES , score: 0.871
SERVICES-NURSING-PERSONAL_CARE_FACILITIES , score: 0.8266853475816428
Skipping (good score) SERVICES-NURSING-PERSONAL_CARE_FACILITIES , score: 0.827
CHEMICALS-ALLIED_PRODUCTS , score: 0.8802091345116952
Skipping (good score) CHEMICALS-ALLIED_PRODUCTS , score: 0.880
ELECTROMEDICAL-ELECTROTHERAPEUTIC_APPARATUS , score: 0.8834688701428213
Skipping (good score) ELECTROMEDICAL-ELECTROTHERAPEUTIC_APPARATUS , score: 0.883
SPECIAL_INDUSTRY_MACHINERY_NO_METALWORKING_MACHINERY , score: 0.8586570135519651
Skipping (good score) SPECIAL_INDUSTRY_MACHINERY_NO_METALWORKING_MACHINERY , score: 0.859
CEMENT_HYDRAULIC , score: 0.8694996652550733
Skipping (good score) CEMENT_HYDRAULIC , score: 0.869
SURGICAL-MEDICAL_INSTRUMENTS-APPARATUS , score: 0.9434559597670078
Skipping (good score) SURGICAL-MEDICAL_INSTRUMENTS-APPARATUS , score: 0.943
WHOLESALE-HARDWARE , score: 0.9416635511327206
Skipping (good score) WHOLESALE-HARDWARE , score: 0.942
DRILLING_OIL-GAS_WELLS , score: 0.8525012233701249
Skipping (good score) DRILLING_OIL-GAS_WELLS , score: 0.853
LESSORS_OF_REAL_PROPERTY_NEC , score: 0.769111637664827
Skipping (good score) LESSORS_OF_REAL_PROPERTY_NEC , score: 0.769
GLASS_PRODUCTS_MADE_OF_PURCHASED_GLASS , score: 0.9029722319708291
Skipping (good score) GLASS_PRODUCTS_MADE_OF_PURCHASED_GLASS , score: 0.903
OPERATORS_OF_APARTMENT_BUILDINGS , score: 0.9971358023460056
Skipping (good score) OPERATORS_OF_APARTMENT_BUILDINGS , score: 0.997
COMMUNICATIONS_SERVICES_NEC , score: 0.875918689494685
Skipping (good score) COMMUNICATIONS_SERVICES_NEC , score: 0.876
MOTORCYCLES_BICYCLES-PARTS , score: 0.8423193408330454
Skipping (good score) MOTORCYCLES_BICYCLES-PARTS , score: 0.842
RETAIL-RADIO_TV-CONSUMER_ELECTRONICS_STORES , score: 0.7016157550722698
Skipping (good score) RETAIL-RADIO_TV-CONSUMER_ELECTRONICS_STORES , score: 0.702
WHOLESALE-ELECTRICAL_APPARATUS-EQUIPMENT_WIRING_SUPPLIES , score: 0.8233332229047011
Skipping (good score) WHOLESALE-ELECTRICAL_APPARATUS-EQUIPMENT_WIRING_SUPPLIES , score: 0.823
PAPERBOARD_CONTAINERS-BOXES , score: 0.8698481861854953
Skipping (good score) PAPERBOARD_CONTAINERS-BOXES , score: 0.870
TELEPHONE-TELEGRAPH_APPARATUS , score: 0.890253658887965
Skipping (good score) TELEPHONE-TELEGRAPH_APPARATUS , score: 0.890
SURETY_INSURANCE , score: 0.8810472057142774
Skipping (good score) SURETY_INSURANCE , score: 0.881
SECURITY-COMMODITY_BROKERS_DEALERS_EXCHANGES-SERVICES , score: 0.9205505009364449
Skipping (good score) SECURITY-COMMODITY_BROKERS_DEALERS_EXCHANGES-SERVICES , score: 0.921
DAIRY_PRODUCTS , score: 0.9454515860952086
Skipping (good score) DAIRY_PRODUCTS , score: 0.945
WATCHES_CLOCKS_CLOCKWORK_OPERATED_DEVICES-PARTS , score: 0.8173041393236103
Skipping (good score) WATCHES_CLOCKS_CLOCKWORK_OPERATED_DEVICES-PARTS , score: 0.817
CALCULATING-ACCOUNTING_MACHINES_NO_ELECTRONIC_COMPUTERS , score: 0.7907793459877066
Skipping (good score) CALCULATING-ACCOUNTING_MACHINES_NO_ELECTRONIC_COMPUTERS , score: 0.791
X-RAY_APPARATUS-TUBES-RELATED_IRRADIATION_APPARATUS , score: 0.8679424098726668
Skipping (good score) X-RAY_APPARATUS-TUBES-RELATED_IRRADIATION_APPARATUS , score: 0.868
FARM_MACHINERY-EQUIPMENT , score: 0.8651805962083255
Skipping (good score) FARM_MACHINERY-EQUIPMENT , score: 0.865
SECONDARY_SMELTING-REFINING_OF_NONFERROUS_METALS , score: 0.8903822771888144
Skipping (good score) SECONDARY_SMELTING-REFINING_OF_NONFERROUS_METALS , score: 0.890
MISCELLANEOUS_METAL_ORES , score: 0.7847675629047212
Skipping (good score) MISCELLANEOUS_METAL_ORES , score: 0.785
ELECTRONIC-OTHER_ELECTRICAL_EQUIPMENT_NO_COMPUTER_EQUIP , score: 0.8510173649716798
Skipping (good score) ELECTRONIC-OTHER_ELECTRICAL_EQUIPMENT_NO_COMPUTER_EQUIP , score: 0.851
PAPERBOARD_MILLS , score: 0.8720334706681826
Skipping (good score) PAPERBOARD_MILLS , score: 0.872
SERVICES-AUTOMOTIVE_REPAIR_SERVICES-PARKING , score: 0.8488332542077104
Skipping (good score) SERVICES-AUTOMOTIVE_REPAIR_SERVICES-PARKING , score: 0.849
ELECTRONIC_CONNECTORS , score: 0.8447363321850286
Skipping (good score) ELECTRONIC_CONNECTORS , score: 0.845
AGRICULTURAL_CHEMICALS , score: 0.9213342362305936
Skipping (good score) AGRICULTURAL_CHEMICALS , score: 0.921
RETAIL-HOME_FURNITURE_FURNISHINGS-EQUIPMENT_STORES , score: 0.8216362718825386
Skipping (good score) RETAIL-HOME_FURNITURE_FURNISHINGS-EQUIPMENT_STORES , score: 0.822
ARRANGEMENT_OF_TRANSPORTATION_OF_FREIGHT-CARGO , score: 0.8857832805096886
Skipping (good score) ARRANGEMENT_OF_TRANSPORTATION_OF_FREIGHT-CARGO , score: 0.886
CUTLERY_HANDTOOLS-GENERAL_HARDWARE , score: 0.8448412018100879
Skipping (good score) CUTLERY_HANDTOOLS-GENERAL_HARDWARE , score: 0.845
RETAIL-MISCELLANEOUS_RETAIL , score: 0.8890981789579593
Skipping (good score) RETAIL-MISCELLANEOUS_RETAIL , score: 0.889
ELECTRONIC_COMPUTERS , score: 0.9078448640022972
Skipping (good score) ELECTRONIC_COMPUTERS , score: 0.908
SERVICES-HOME_HEALTH_CARE_SERVICES , score: 0.9099346152157356
Skipping (good score) SERVICES-HOME_HEALTH_CARE_SERVICES , score: 0.910
SERVICES-ADVERTISING_AGENCIES , score: 0.885675713835905
Skipping (good score) SERVICES-ADVERTISING_AGENCIES , score: 0.886
CUT_STONE-STONE_PRODUCTS , score: 0.8856785683806118
Skipping (good score) CUT_STONE-STONE_PRODUCTS , score: 0.886
RETAIL-AUTO-HOME_SUPPLY_STORES , score: 0.8550748801629456
Skipping (good score) RETAIL-AUTO-HOME_SUPPLY_STORES , score: 0.855
AIRPORTS_FLYING_FIELDS-AIRPORT_TERMINAL_SERVICES , score: 0.8670360489172025
Skipping (good score) AIRPORTS_FLYING_FIELDS-AIRPORT_TERMINAL_SERVICES , score: 0.867
WHOLESALE-METALS_SERVICE_CENTERS-OFFICES , score: 0.8624951661266208
Skipping (good score) WHOLESALE-METALS_SERVICE_CENTERS-OFFICES , score: 0.862
ELECTRIC_SERVICES , score: 0.9501766803524543
Skipping (good score) ELECTRIC_SERVICES , score: 0.950
PRIMARY_PRODUCTION_OF_ALUMINUM , score: 0.7923916301998242
Skipping (good score) PRIMARY_PRODUCTION_OF_ALUMINUM , score: 0.792
PIPE_LINES_NO_NATURAL_GAS , score: 0.9189804303265169
Skipping (good score) PIPE_LINES_NO_NATURAL_GAS , score: 0.919
RETAIL-SHOE_STORES , score: 0.8503181742924817
Skipping (good score) RETAIL-SHOE_STORES , score: 0.850
POTTERY-RELATED_PRODUCTS , score: 0.9630570965417079
Skipping (good score) POTTERY-RELATED_PRODUCTS , score: 0.963
AIR_TRANSPORTATION_NONSCHEDULED , score: 0.8054727337450762
Skipping (good score) AIR_TRANSPORTATION_NONSCHEDULED , score: 0.805
MISCELLANEOUS_BUSINESS_CREDIT_INSTITUTION , score: 0.8353724432558677
Skipping (good score) MISCELLANEOUS_BUSINESS_CREDIT_INSTITUTION , score: 0.835
RETAIL-BUILDING_MATERIALS_HARDWARE_GARDEN_SUPPLY , score: 0.8964853250466586
Skipping (good score) RETAIL-BUILDING_MATERIALS_HARDWARE_GARDEN_SUPPLY , score: 0.896
PREFABRICATED_METAL_BUILDINGS-COMPONENTS , score: 0.9518906289981625
Skipping (good score) PREFABRICATED_METAL_BUILDINGS-COMPONENTS , score: 0.952
FOOD_AND_KINDRED_PRODUCTS , score: 0.9453120087293188
Skipping (good score) FOOD_AND_KINDRED_PRODUCTS , score: 0.945
BITUMINOUS_COAL-LIGNITE_MINING , score: 0.8103577213036931
Skipping (good score) BITUMINOUS_COAL-LIGNITE_MINING , score: 0.810
SERVICES-FACILITIES_SUPPORT_MANAGEMENT_SERVICES , score: 0.922309996196261
Skipping (good score) SERVICES-FACILITIES_SUPPORT_MANAGEMENT_SERVICES , score: 0.922
OIL-GAS_FIELD_EXPLORATION_SERVICES , score: 0.869889138150752
Skipping (good score) OIL-GAS_FIELD_EXPLORATION_SERVICES , score: 0.870
PRINTING_TRADES_MACHINERY-EQUIPMENT , score: 0.9369256260934274
Skipping (good score) PRINTING_TRADES_MACHINERY-EQUIPMENT , score: 0.937
FUNCTIONS_RELATED_TO_DEPOSITORY_BANKING_NEC , score: 0.7770642160927859
Skipping (good score) FUNCTIONS_RELATED_TO_DEPOSITORY_BANKING_NEC , score: 0.777
BIOLOGICAL_PRODUCTS_NO_DISGNOSTIC_SUBSTANCES , score: 0.9459837947564332
Skipping (good score) BIOLOGICAL_PRODUCTS_NO_DISGNOSTIC_SUBSTANCES , score: 0.946
WHOLESALE-INDUSTRIAL_MACHINERY-EQUIPMENT , score: 0.8212444436449156
Skipping (good score) WHOLESALE-INDUSTRIAL_MACHINERY-EQUIPMENT , score: 0.821
SERVICES-ENGINEERING_ACCOUNTING_RESEARCH_MANAGEMENT , score: 0.8240075409074442
Skipping (good score) SERVICES-ENGINEERING_ACCOUNTING_RESEARCH_MANAGEMENT , score: 0.824
SERVICES-PREPACKAGED_SOFTWARE , score: 0.9494548418217577
Skipping (good score) SERVICES-PREPACKAGED_SOFTWARE , score: 0.949
OPERATORS_OF_NONRESIDENTIAL_BUILDINGS , score: 0.8043438646426643
Skipping (good score) OPERATORS_OF_NONRESIDENTIAL_BUILDINGS , score: 0.804
PHOTOGRAPHIC_EQUIPMENT-SUPPLIES , score: 0.8485907386849226
Skipping (good score) PHOTOGRAPHIC_EQUIPMENT-SUPPLIES , score: 0.849
WHOLESALE-PROFESSIONAL-COMMERCIAL_EQUIPMENT-SUPPLIES , score: 0.9574773785303096
Skipping (good score) WHOLESALE-PROFESSIONAL-COMMERCIAL_EQUIPMENT-SUPPLIES , score: 0.957
DRAWING-INSULATING_OF_NONFERROUS_WIRE , score: 0.8570930851971393
Skipping (good score) DRAWING-INSULATING_OF_NONFERROUS_WIRE , score: 0.857
PUBLIC_WAREHOUSING-STORAGE , score: 0.9924374219445865
Skipping (good score) PUBLIC_WAREHOUSING-STORAGE , score: 0.992
WHOLESALE-DURABLE_GOODS , score: 0.8988336257483918
Skipping (good score) WHOLESALE-DURABLE_GOODS , score: 0.899
HEATING_EQUIP_EXCEPT_ELEC-WARM_AIR;-PLUMBING_FIXTURES , score: 0.8654231427137287
Skipping (good score) HEATING_EQUIP_EXCEPT_ELEC-WARM_AIR;-PLUMBING_FIXTURES , score: 0.865
GENERAL_BLDG_CONTRACTORS-RESIDENTIAL_BLDGS , score: 0.78874930125247
Skipping (good score) GENERAL_BLDG_CONTRACTORS-RESIDENTIAL_BLDGS , score: 0.789
RETAIL-CATALOG-MAIL-ORDER_HOUSES , score: 0.9334157928158195
Skipping (good score) RETAIL-CATALOG-MAIL-ORDER_HOUSES , score: 0.933
LEATHER-LEATHER_PRODUCTS , score: 0.8669711638378333
Skipping (good score) LEATHER-LEATHER_PRODUCTS , score: 0.867
PATENT_OWNERS-LESSORS , score: 0.8941765827406569
Skipping (good score) PATENT_OWNERS-LESSORS , score: 0.894
RETAIL-RECORD-PRERECORDED_TAPE_STORES , score: 0.9934385874764422
Skipping (good score) RETAIL-RECORD-PRERECORDED_TAPE_STORES , score: 0.993
WHOLESALE-MOTOR_VEHICLE_SUPPLIES-NEW_PARTS , score: 0.8750490445080037
Skipping (good score) WHOLESALE-MOTOR_VEHICLE_SUPPLIES-NEW_PARTS , score: 0.875
SERVICES-DETECTIVE_GUARD-ARMORED_CAR_SERVICES , score: 0.8805253547498075
Skipping (good score) SERVICES-DETECTIVE_GUARD-ARMORED_CAR_SERVICES , score: 0.881
SERVICES-EMPLOYMENT_AGENCIES , score: 0.8596290734365286
Skipping (good score) SERVICES-EMPLOYMENT_AGENCIES , score: 0.860
PERSONAL_CREDIT_INSTITUTIONS , score: 0.9217703711898292
Skipping (good score) PERSONAL_CREDIT_INSTITUTIONS , score: 0.922
SERVICES-EDUCATIONAL_SERVICES , score: 0.9431059240089779
Skipping (good score) SERVICES-EDUCATIONAL_SERVICES , score: 0.943
COOKIES-CRACKERS , score: 0.8943988735144375
Skipping (good score) COOKIES-CRACKERS , score: 0.894
RETAIL-DEPARTMENT_STORES , score: 0.8650306780017843
Skipping (good score) RETAIL-DEPARTMENT_STORES , score: 0.865
WHOLESALE-APPAREL_PIECE_GOODS-NOTIONS , score: 0.9021323099221296
Skipping (good score) WHOLESALE-APPAREL_PIECE_GOODS-NOTIONS , score: 0.902
GASKETS_PACKG-SEALG_DEVICES-RUBBER-PLASTICS_HOSE , score: 0.8715295435090779
Skipping (good score) GASKETS_PACKG-SEALG_DEVICES-RUBBER-PLASTICS_HOSE , score: 0.872
COATING_ENGRAVING-ALLIED_SERVICES , score: 0.947372291816902
Skipping (good score) COATING_ENGRAVING-ALLIED_SERVICES , score: 0.947
ENGINES-TURBINES , score: 0.874770045737543
Skipping (good score) ENGINES-TURBINES , score: 0.875
TRUCK-BUS_BODIES , score: 0.8036012804185397
Skipping (good score) TRUCK-BUS_BODIES , score: 0.804
MEASURING-CONTROLLING_DEVICES_NEC , score: 0.904666181097713
Skipping (good score) MEASURING-CONTROLLING_DEVICES_NEC , score: 0.905
SERVICES-MEDICAL_LABORATORIES , score: 0.863182681770563
Skipping (good score) SERVICES-MEDICAL_LABORATORIES , score: 0.863
SERVICES-EQUIPMENT_RENTAL-LEASING_NEC , score: 0.9105078403780678
Skipping (good score) SERVICES-EQUIPMENT_RENTAL-LEASING_NEC , score: 0.911
RETAIL-WOMENS_CLOTHING_STORES , score: 0.8350266244959493
Skipping (good score) RETAIL-WOMENS_CLOTHING_STORES , score: 0.835
WOOD_HOUSEHOLD_FURNITURE_NO_UPHOLSTERED , score: 0.7936353625885442
Skipping (good score) WOOD_HOUSEHOLD_FURNITURE_NO_UPHOLSTERED , score: 0.794
OIL-GAS_FIELD_MACHINERY-EQUIPMENT , score: 0.8589360045699352
Skipping (good score) OIL-GAS_FIELD_MACHINERY-EQUIPMENT , score: 0.859
INVESTORS_NEC , score: 0.8290830505789136
Skipping (good score) INVESTORS_NEC , score: 0.829
MISCELLANEOUS_PRIMARY_METAL_PRODUCTS , score: 0.8174554234995839
Skipping (good score) MISCELLANEOUS_PRIMARY_METAL_PRODUCTS , score: 0.817
RETAIL-GROCERY_STORES , score: 0.8905392175920371
Skipping (good score) RETAIL-GROCERY_STORES , score: 0.891
SERVICES-AMUSEMENT-RECREATION_SERVICES , score: 0.8802956146790568
Skipping (good score) SERVICES-AMUSEMENT-RECREATION_SERVICES , score: 0.880
RETAIL-RETAIL_STORES_NEC , score: 0.8886765945184838
Skipping (good score) RETAIL-RETAIL_STORES_NEC , score: 0.889
TEXTILE_MILL_PRODUCTS , score: 0.8497638768253867
Skipping (good score) TEXTILE_MILL_PRODUCTS , score: 0.850
SUGAR-CONFECTIONERY_PRODUCTS , score: 0.8788929126589107
Skipping (good score) SUGAR-CONFECTIONERY_PRODUCTS , score: 0.879
MACHINE_TOOLS_METAL_CUTTING_TYPES , score: 0.8863895643782352
Skipping (good score) MACHINE_TOOLS_METAL_CUTTING_TYPES , score: 0.886
process RAILROAD_SWITCHING-TERMINAL_ESTABLISHMENTS lvl: 3
loaded ../GRQ-portfolio/best/industry/v6/RAILROAD_SWITCHING-TERMINAL_ESTABLISHMENTS.json
4 mutations, mutation rate 5.0%, elitism 8, mutation ALL, selection POWER
Creature count: 50
Culling duplicate creature at 1 of 51
DeDuplication of 1 creatures to 50 in 190ms (previous experiment )
Training a37c60c2 with 1 binary file, target error: 0.05, iterations: 1, sample rate: 100%, sparse: 100%
Discovery a37c60c2 with 1 binary files, sample rate: 100%, batch size: 512
Discovery a37c60c2 initialize time 150ms
Discovery a37c60c2 processing .trainData-industry_87/RAILROAD_SWITCHING-TERMINAL_ESTABLISHMENTS/data.bin
Generation 1 score 0.9592109196566981  error 0.040776726344528884 avg time 1s 106ms
Set training/discovery clean up count to 2
Waiting for discovery to complete
Memory usage (Discovery in progress): 140MB used, 267MB total
Discovery a37c60c2 read time 16ms for .trainData-industry_87/RAILROAD_SWITCHING-TERMINAL_ESTABLISHMENTS/data.bin with 4603 records
Discovery a37c60c2 scanning time 4s 84ms
Fine tuning increased fitness by 0.000002407306128326958 to 0.9592133269628265 adjusted 1 weight 
Discovery a37c60c2 recorded time 6s 187ms
Generation 2 score 0.9592133269628265  error 0.04077431903840056 avg time 470ms
Waiting for discovery to complete
Memory usage (Discovery in progress): 176MB used, 290MB total
Fine tuning increased fitness by 6.936006347046941e-8 to 0.9592133963228899 adjusted 1 weight 
Generation 3 score 0.9592133963228899  error 0.04077424967833708 avg time 224ms
Waiting for discovery to complete
Memory usage (Discovery in progress): 242MB used, 308MB total
Fine tuning increased fitness by 8.581684640684983e-8 to 0.9592134821397363 adjusted 1 weight 
Generation 4 score 0.9592134821397363  error 0.04077416386149074 avg time 186ms
Waiting for discovery to complete
Memory usage (Discovery in progress): 199MB used, 325MB total
Fine tuning increased fitness by 4.0269355627842174e-8 to 0.959213522409092 adjusted 1 weight 
Generation 5 score 0.959213522409092  error 0.040774123592135 avg time 193ms
Waiting for discovery to complete
Memory usage (Discovery in progress): 226MB used, 339MB total
Generation 6 score 0.959213522409092  error 0.040774123592135 avg time 168ms
Waiting for discovery to complete
Memory usage (Discovery in progress): 284MB used, 354MB total
Generation 7 score 0.959213522409092  error 0.040774123592135 avg time 189ms
Waiting for discovery to complete
Memory usage (Discovery in progress): 252MB used, 367MB total
Generation 8 score 0.959213522409092  error 0.040774123592135 avg time 164ms
Waiting for discovery to complete
Memory usage (Discovery in progress): 294MB used, 381MB total
Discovery a37c60c2 analyze time 12s 858ms found 0 candidates
Discovery a37c60c2 analyze harmful time 738ms found 0 candidates
Generation 9 score 0.959213522409092  error 0.040774123592135 avg time 191ms
Waiting for discovery to complete
Memory usage (Discovery in progress): 270MB used, 394MB total
Discovery a37c60c2 analyze squashes time 1s 319ms found 0 candidates
Generation 10 score 0.959213522409092  error 0.040774123592135 avg time 166ms
Waiting for discovery to complete
Memory usage (Discovery in progress): 313MB used, 409MB total
Generation 11 score 0.959213522409092  error 0.040774123592135 avg time 157ms
Waiting for training/discovery clean up 2
Generation 12 score 0.959213522409092  error 0.040774123592135 avg time 138ms
Waiting for training/discovery clean up 1
Generation 13 score 0.959213522409092  error 0.040774123592135 avg time 151ms
{
  error: 0.040774123592135,
  score: 0.959213522409092,
  generation: 13,
  time: 35415,
  startScore: 0.9592109196566981
}
process TELEPHONE_COMMUNICATIONS_NO_RADIOTELEPHONE lvl: 3
loaded ../GRQ-portfolio/best/industry/v6/TELEPHONE_COMMUNICATIONS_NO_RADIOTELEPHONE.json
1 mutation, mutation rate 6.9%, elitism 2, mutation ALL, selection POWER
Creature count: 50
Culling duplicate creature at 1 of 51
DeDuplication of 1 creatures to 50 in 72ms (previous experiment )
Training 6b3af111 with 1 binary file, target error: 0.05, iterations: 1, sample rate: 100%, sparse: 100%
Discovery 6b3af111 with 1 binary files, sample rate: 100%, batch size: 512
Discovery 6b3af111 initialize time 124ms
Discovery 6b3af111 processing .trainData-industry_87/TELEPHONE_COMMUNICATIONS_NO_RADIOTELEPHONE/data.bin
Discovery 6b3af111 read time 11ms for .trainData-industry_87/TELEPHONE_COMMUNICATIONS_NO_RADIOTELEPHONE/data.bin with 4603 records
Discovery 6b3af111 scanning time 5s 654ms
Discovery 6b3af111 recorded time 8s 492ms
Training 2810abe9 with 1 binary file, target error: 0.05, iterations: 1, sample rate: 100%, sparse: 100%
Training 7ad54913 with 1 binary file, target error: 0.05, iterations: 1, sample rate: 100%, sparse: 100%
Training 740dc34d with 1 binary file, target error: 0.05, iterations: 1, sample rate: 100%, sparse: 100%
Fine tuning increased fitness by 6.317872069949715e-8 to 0.9465720692051076 adjusted 1 weight 
Training ae3da0d4 with 1 binary file, target error: 0.05, iterations: 1, sample rate: 100%, sparse: 100%
Fine tuning increased fitness by 1.1044328140918935e-7 to 0.946572179648389 adjusted 1 weight 
Training b10c2de5 with 1 binary file, target error: 0.05, iterations: 1, sample rate: 100%, sparse: 100%
Fine tuning increased fitness by 3.754382768006437e-7 to 0.9465725550866658 adjusted 1 weight 
Fine tuning increased fitness by 7.114673195030008e-7 to 0.9465732665539853 adjusted 1 weight 
Training cfa3181c with 1 binary file, target error: 0.05, iterations: 1, sample rate: 100%, sparse: 100%
Discovered beneficial synapse from input-1482 to 19a926ce-e41c-4cfe-b0c1-98328e374ad2 with weight -1.0000, helping 14.0% more records than it harms (2390/4603)
Discovery 6b3af111 analyze time 49s 317ms found 1 candidates
Fine tuning increased fitness by 0.000001594065634935582 to 0.9465748606196203 adjusted 1 weight 
Discovered harmful synapse from input-29 to 19a926ce-e41c-4cfe-b0c1-98328e374ad2, harming 12.5% more records than it helps (1781/4603)
Discovery 6b3af111 analyze harmful time 2s 406ms found 1 candidates
Discovery 6b3af111 analyze squashes time 2s 311ms found 0 candidates
Training 2ffc44c5 with 1 binary file, target error: 0.05, iterations: 1, sample rate: 100%, sparse: 100%
Discovery 2ffc44c5 with 1 binary files, sample rate: 100%, batch size: 512
Discovery 2ffc44c5 initialize time 137ms
Discovery 2ffc44c5 processing .trainData-industry_87/TELEPHONE_COMMUNICATIONS_NO_RADIOTELEPHONE/data.bin
Fine tuning increased fitness by 0.0000029726889627657016 to 0.946577833308583 adjusted 1 weight 
Discovery 2ffc44c5 read time 12ms for .trainData-industry_87/TELEPHONE_COMMUNICATIONS_NO_RADIOTELEPHONE/data.bin with 4603 records
Discovery 2ffc44c5 scanning time 5s 538ms
Discovery 2ffc44c5 recorded time 8s 726ms
Training 8d2c0d23 with 1 binary file, target error: 0.05, iterations: 1, sample rate: 100%, sparse: 100%
Fine tuning increased fitness by 0.000005176625700653581 to 0.9465830099342837 adjusted 1 weight 
Generation 10 score 0.9465830099342837  error 0.053388039067177415 avg time 8s 894ms
Training 3176f526 with 1 binary file, target error: 0.05, iterations: 1, sample rate: 100%, sparse: 100%
Fine tuning increased fitness by 0.00001147210857743719 to 0.9465944820428611 adjusted 1 weight 
Fine tuning increased fitness by 0.0000035515105303307593 to 0.9465980335533914 adjusted 1 weight 
Training 16c7d460 with 1 binary file, target error: 0.05, iterations: 1, sample rate: 100%, sparse: 100%
Training acb733c7 with 1 binary file, target error: 0.05, iterations: 1, sample rate: 100%, sparse: 100%
Discovered beneficial synapse from input-1482 to 19a926ce-e41c-4cfe-b0c1-98328e374ad2 with weight -1.0000, helping 13.8% more records than it harms (2385/4603)
Discovery 2ffc44c5 analyze time 36s 133ms found 1 candidates
Fine tuning increased fitness by 4.417713861393224e-9 to 0.9465980379711053 adjusted 1 weight 
Discovered harmful synapse from input-29 to 19a926ce-e41c-4cfe-b0c1-98328e374ad2, harming 12.3% more records than it helps (1786/4603)
Discovery 2ffc44c5 analyze harmful time 2s 439ms found 1 candidates
Training 6091efbc with 1 binary file, target error: 0.05, iterations: 1, sample rate: 100%, sparse: 100%
Fine tuning increased fitness by 8.545555374439573e-10 to 0.9465980388256608 adjusted 1 weight 
Discovery 2ffc44c5 analyze squashes time 3s 220ms found 0 candidates
Training b7e879fd with 1 binary file, target error: 0.05, iterations: 1, sample rate: 100%, sparse: 100%
Fine tuning increased fitness by 3.3447467018277166e-10 to 0.9465980391601355 adjusted 1 weight 
Discovery b7e879fd with 1 binary files, sample rate: 100%, batch size: 512
Discovery b7e879fd initialize time 104ms
Discovery b7e879fd processing .trainData-industry_87/TELEPHONE_COMMUNICATIONS_NO_RADIOTELEPHONE/data.bin
Discovery b7e879fd read time 11ms for .trainData-industry_87/TELEPHONE_COMMUNICATIONS_NO_RADIOTELEPHONE/data.bin with 4603 records
Discovery b7e879fd scanning time 4s 526ms
Discovery b7e879fd recorded time 6s 942ms
Training e2f99e68 with 1 binary file, target error: 0.05, iterations: 1, sample rate: 100%, sparse: 100%
Fine tuning increased fitness by 2.0317213023091085e-8 to 0.9465980594773485 adjusted 1 weight 
Fine tuning increased fitness by 5.4480727373906745e-8 to 0.9465981139580759 adjusted 1 weight 
Generation 20 score 0.9465981139580759  error 0.0533729250433859 avg time 6s 476ms
Fine tuning increased fitness by 8.407988427716617e-8 to 0.9465981980379602 adjusted 1 weight 
Fine tuning increased fitness by 2.8074344982087496e-7 to 0.94659847878141 adjusted 1 weight 
Fine tuning increased fitness by 7.705828198867337e-7 to 0.9465992493642299 adjusted 1 weight 
Fine tuning increased fitness by 0.0000017960438973840809 to 0.9466010454081273 adjusted 1 weight 
Discovered beneficial synapse from input-1626 to 85958843-567f-490e-953d-262fa2c272ab with weight -1.0000, helping 12.6% more records than it harms (2354/4603)
Discovery b7e879fd analyze time 32s 555ms found 1 candidates
Discovered harmful synapse from input-527 to d1c17325-dfff-474f-803b-8ea39a9abff1, harming 68.5% more records than it helps (574/4603)
Discovery b7e879fd analyze harmful time 3s 560ms found 1 candidates
Fine tuning increased fitness by 0.00000194206682768705 to 0.946602987474955 adjusted 1 weight 
Discovery b7e879fd analyze squashes time 2s 7ms found 0 candidates
Generation 25 score 0.946602987474955  error 0.053368051526506796 avg time 2s 626ms
Set training/discovery clean up count to 2
Waiting for discovery to complete
Memory usage (Discovery in progress): 195MB used, 306MB total
Fine tuning increased fitness by 2.4804249210141904e-7 to 0.9466032355174471 adjusted 1 weight 
Generation 26 score 0.9466032355174471  error 0.05336780348401468 avg time 418ms
Waiting for training/discovery clean up 2
Generation 27 score 0.9466032355174471  error 0.05336780348401468 avg time 469ms
Waiting for training/discovery clean up 1
Fine tuning increased fitness by 7.891515552138628e-9 to 0.9466032434089626 adjusted 1 weight 
Generation 28 score 0.9466032434089626  error 0.05336778559249974 avg time 365ms
{
  error: 0.05336778559249974,
  score: 0.9466032434089626,
  generation: 28,
  time: 192729,
  startScore: 0.9465719832523263
}
process PHARMACEUTICAL_PREPARATIONS lvl: 3
loaded ../GRQ-portfolio/best/industry/v6/PHARMACEUTICAL_PREPARATIONS.json
1 mutation, mutation rate 38.0%, elitism 2, mutation FFW, selection FITNESS_PROPORTIONATE
Creature count: 50
Culling duplicate creature at 1 of 51
DeDuplication of 1 creatures to 50 in 245ms (previous experiment )
Training b5f7d6e9 with 1 binary file, target error: 0.05, iterations: 1, sample rate: 100%, sparse: 100%
Discovery b5f7d6e9 with 1 binary files, sample rate: 100%, batch size: 512
Replacing HYPOT neuron 1820ae6a-1d4f-4149-8ad4-7b0a52164a41
Discovery b5f7d6e9 initialize time 156ms
Discovery b5f7d6e9 processing .trainData-industry_87/PHARMACEUTICAL_PREPARATIONS/data.bin
Replacing HYPOT neuron 1820ae6a-1d4f-4149-8ad4-7b0a52164a41
Replacing HYPOT neuron 1820ae6a-1d4f-4149-8ad4-7b0a52164a41
Discovery b5f7d6e9 read time 8ms for .trainData-industry_87/PHARMACEUTICAL_PREPARATIONS/data.bin with 4603 records
Discovery b5f7d6e9 scanning time 4s 519ms
Generation 1 score 0.9501089033420322  error 0.04986880265920841 avg time 1s 504ms
Set training/discovery clean up count to 2
Waiting for discovery to complete
Memory usage (Discovery in progress): 238MB used, 321MB total
Discovery b5f7d6e9 recorded time 6s 401ms
Fine tuning increased fitness by 0.0000016592335441156791 to 0.9501105625755764 adjusted 7 weights, 2 biases 
Replacing HYPOT neuron 1820ae6a-1d4f-4149-8ad4-7b0a52164a41
Replacing HYPOT neuron 1820ae6a-1d4f-4149-8ad4-7b0a52164a41
Remove neuron 1820ae6a-1d4f-4149-8ad4-7b0a52164a41-633 as no longer connected
Generation 2 score 0.9501105625755764  error 0.04986714342566437 avg time 886ms
Waiting for discovery to complete
Memory usage (Discovery in progress): 227MB used, 303MB total
Generation 3 score 0.9501105625755764  error 0.04986714342566437 avg time 632ms
Waiting for discovery to complete
Memory usage (Discovery in progress): 288MB used, 375MB total
Discovered beneficial synapse from input-1414 to 022aaab2-abab-4594-9a06-e4d8770e9bee with weight -1.0000, helping 70.8% more records than it harms (3773/4603)
Discovery b5f7d6e9 analyze time 17s 350ms found 1 candidates
Discovered harmful synapse from input-68 to 022aaab2-abab-4594-9a06-e4d8770e9bee, harming 69.7% more records than it helps (540/4603)
Discovery b5f7d6e9 analyze harmful time 2s 73ms found 1 candidates
Remove neuron 8e31ef22-a1e4-4d95-98c8-481dc8c585c7 as no longer connected
Discovery b5f7d6e9 analyze squashes time 1s 320ms found 1 candidate, Summary: 022aaab2-abab-4594-9a06-e4d8770e9bee Mish -> ABSOLUTE improved: 100.0% error: 9.408070811252509e+27 -> 1922.1179
Generation 4 score 0.9501105625755764  error 0.04986714342566437 avg time 633ms
Waiting for discovery to complete
Memory usage (Discovery in progress): 351MB used, 446MB total
Over populated 52, expected 50.
Generation 5 score 0.9501106982089059  error 0.049867007792334744 avg time 506ms
Waiting for training/discovery clean up 2
Generation 6 score 0.9501122562504682  error 0.049865439750773226 avg time 498ms
Waiting for training/discovery clean up 1
Generation 7 score 0.9501172363805427  error 0.049860439620700414 avg time 474ms
{
  error: 0.049860439620700414,
  score: 0.9501172363805427,
  generation: 7,
  time: 51747,
  startScore: 0.9501089033420322
}
process SERVICES-OFFICES-CLINICS_OF_DOCTORS_OF_MEDICINE lvl: 3
loaded ../GRQ-portfolio/best/industry/v6/SERVICES-OFFICES-CLINICS_OF_DOCTORS_OF_MEDICINE.json
9 mutations, mutation rate 13.3%, elitism 4, mutation FFW, selection FITNESS_PROPORTIONATE
Creature count: 50
Culling duplicate creature at 1 of 51
DeDuplication of 1 creatures to 50 in 72ms (previous experiment )
Training 7dfc10dd with 1 binary file, target error: 0.05, iterations: 1, sample rate: 100%, sparse: 100%
Discovery 7dfc10dd with 1 binary files, sample rate: 100%, batch size: 512
Discovery 7dfc10dd initialize time 139ms
Discovery 7dfc10dd processing .trainData-industry_87/SERVICES-OFFICES-CLINICS_OF_DOCTORS_OF_MEDICINE/data.bin
Discovery 7dfc10dd read time 13ms for .trainData-industry_87/SERVICES-OFFICES-CLINICS_OF_DOCTORS_OF_MEDICINE/data.bin with 4603 records
Discovery 7dfc10dd scanning time 12s 687ms
Discovery 7dfc10dd recorded time 14s 996ms
Training ae25cf7f with 1 binary file, target error: 0.05, iterations: 1, sample rate: 100%, sparse: 100%
Training ae1886d6 with 1 binary file, target error: 0.05, iterations: 1, sample rate: 100%, sparse: 100%
Discovered beneficial synapse from b62d0565-35fa-493d-a6cf-d05de746b0c9 to bba1c7e5-210e-4572-adb3-431833a9ebb0 with weight -1.0000, helping 17.4% more records than it harms (908/4603)
Discovery 7dfc10dd analyze time 23s 331ms found 1 candidates
Discovered harmful synapse from 871ac178-90cd-4d65-b9b6-fe897f1af0de to bba1c7e5-210e-4572-adb3-431833a9ebb0, harming 17.4% more records than it helps (107/4603)
Discovery 7dfc10dd analyze harmful time 3s 432ms found 1 candidates
Discovery 7dfc10dd analyze squashes time 3s 319ms found 0 candidates
Training c2767199 with 1 binary file, target error: 0.05, iterations: 1, sample rate: 100%, sparse: 100%
Over populated 52, expected 50.
Training 4c573f26 with 1 binary file, target error: 0.05, iterations: 1, sample rate: 100%, sparse: 100%
Training 76b795be with 1 binary file, target error: 0.05, iterations: 1, sample rate: 100%, sparse: 100%
Discovery 76b795be with 1 binary files, sample rate: 100%, batch size: 512
Discovery 76b795be initialize time 137ms
Discovery 76b795be processing .trainData-industry_87/SERVICES-OFFICES-CLINICS_OF_DOCTORS_OF_MEDICINE/data.bin
Discovery 76b795be read time 14ms for .trainData-industry_87/SERVICES-OFFICES-CLINICS_OF_DOCTORS_OF_MEDICINE/data.bin with 4603 records
Discovery 76b795be scanning time 12s 501ms
Discovery 76b795be recorded time 15s 174ms
Training 9673d3de with 1 binary file, target error: 0.05, iterations: 1, sample rate: 100%, sparse: 100%
Fine tuning increased fitness by 1.8232261256301285e-9 to 0.8742956072525372 adjusted 1 weight 
Training f4f8f0b9 with 1 binary file, target error: 0.05, iterations: 1, sample rate: 100%, sparse: 100%
Fine tuning increased fitness by 3.6098670719297843e-9 to 0.8742956108624043 adjusted 1 weight 
Discovered beneficial synapse from b62d0565-35fa-493d-a6cf-d05de746b0c9 to bba1c7e5-210e-4572-adb3-431833a9ebb0 with weight -1.0000, helping 17.4% more records than it harms (908/4603)
Discovery 76b795be analyze time 23s 30ms found 1 candidates
Discovered harmful synapse from 871ac178-90cd-4d65-b9b6-fe897f1af0de to bba1c7e5-210e-4572-adb3-431833a9ebb0, harming 17.4% more records than it helps (107/4603)
Discovery 76b795be analyze harmful time 3s 787ms found 1 candidates
Discovery 76b795be analyze squashes time 3s 268ms found 0 candidates
Training 7025bee6 with 1 binary file, target error: 0.05, iterations: 1, sample rate: 100%, sparse: 100%
Discovery 7025bee6 with 1 binary files, sample rate: 100%, batch size: 512
Discovery 7025bee6 initialize time 136ms
Discovery 7025bee6 processing .trainData-industry_87/SERVICES-OFFICES-CLINICS_OF_DOCTORS_OF_MEDICINE/data.bin
Fine tuning increased fitness by 6.723219647675194e-9 to 0.8742956175856239 adjusted 1 weight 
Generation 10 score 0.8742956175856239  error 0.12567261841540037 avg time 15s 436ms
Discovery 7025bee6 read time 9ms for .trainData-industry_87/SERVICES-OFFICES-CLINICS_OF_DOCTORS_OF_MEDICINE/data.bin with 4603 records
Discovery 7025bee6 scanning time 12s 588ms
Discovery 7025bee6 recorded time 14s 781ms
Fine tuning increased fitness by 9.583997928608312e-9 to 0.8742956271696218 adjusted 1 weight 
Fine tuning increased fitness by 1.8802800094697147e-8 to 0.8742956459724219 adjusted 1 weight 
Discovered beneficial synapse from b62d0565-35fa-493d-a6cf-d05de746b0c9 to bba1c7e5-210e-4572-adb3-431833a9ebb0 with weight -1.0000, helping 17.4% more records than it harms (908/4603)
Discovery 7025bee6 analyze time 17s 122ms found 1 candidates
Discovered harmful synapse from 871ac178-90cd-4d65-b9b6-fe897f1af0de to bba1c7e5-210e-4572-adb3-431833a9ebb0, harming 17.4% more records than it helps (107/4603)
Discovery 7025bee6 analyze harmful time 4s 212ms found 1 candidates
Discovery 7025bee6 analyze squashes time 3s 109ms found 0 candidates
Fine tuning increased fitness by 2.4675858134592943e-8 to 0.8742956706482801 adjusted 1 weight 
Generation 13 score 0.8742956706482801  error 0.12567256535274413 avg time 3s 639ms
Waiting for additional generation
Fine tuning increased fitness by 3.9572917276409214e-8 to 0.8742957102211973 adjusted 1 weight 
Generation 14 score 0.8742957102211973  error 0.1256725257798269 avg time 954ms
{
  error: 0.1256725257798269,
  score: 0.8742957102211973,
  generation: 14,
  time: 200552,
  startScore: 0.8742956040971295
}
process SERVICES-ENGINEERING_SERVICES lvl: 3
loaded ../GRQ-portfolio/best/industry/v6/SERVICES-ENGINEERING_SERVICES.json
5 mutations, mutation rate 5.0%, elitism 6, mutation FFW, selection TOURNAMENT
Creature count: 50
Culling duplicate creature at 1 of 51
DeDuplication of 1 creatures to 50 in 137ms (previous experiment )
Training b098fa51 with 1 binary file, target error: 0.05, iterations: 1, sample rate: 100%, sparse: 100%
Discovery b098fa51 with 1 binary files, sample rate: 100%, batch size: 512
Discovery b098fa51 initialize time 147ms
Discovery b098fa51 processing .trainData-industry_87/SERVICES-ENGINEERING_SERVICES/data.bin
Replacing HYPOT neuron 1820ae6a-1d4f-4149-8ad4-7b0a52164a41
Discovery b098fa51 read time 13ms for .trainData-industry_87/SERVICES-ENGINEERING_SERVICES/data.bin with 4603 records
Discovery b098fa51 scanning time 23s 949ms
Discovery b098fa51 recorded time 26s 431ms
Training d26e7e08 with 1 binary file, target error: 0.05, iterations: 1, sample rate: 100%, sparse: 100%
Discovered beneficial synapse from input-1257 to aee446eb-21e9-4978-957d-8c1aafe70dd8 with weight -1.0000, helping 30.5% more records than it harms (1711/4603)
Discovery b098fa51 analyze time 29s 829ms found 1 candidates
Discovered harmful synapse from input-56 to aee446eb-21e9-4978-957d-8c1aafe70dd8, harming 30.3% more records than it helps (311/4603)
Discovery b098fa51 analyze harmful time 6s 630ms found 1 candidates
Discovery b098fa51 analyze squashes time 5s 32ms found 1 candidate, Summary: aee446eb-21e9-4978-957d-8c1aafe70dd8 GELU -> COMPLEMENT improved: 37.8% error: 1.6059446916253204e+28 -> 9.981999227092384e+27
Training 2b3e22a8 with 1 binary file, target error: 0.05, iterations: 1, sample rate: 100%, sparse: 100%
Training 52671f7e with 1 binary file, target error: 0.05, iterations: 1, sample rate: 100%, sparse: 100%
Training dc6db572 with 1 binary file, target error: 0.05, iterations: 1, sample rate: 100%, sparse: 100%
Generation 10 score 0.8530151969501875  error 0.14694189605075778 avg time 14s 2ms
Discovery bc444001 with 1 binary files, sample rate: 100%, batch size: 512
Discovery bc444001 initialize time 148ms
Discovery bc444001 processing .trainData-industry_87/SERVICES-ENGINEERING_SERVICES/data.bin
Discovery bc444001 read time 10ms for .trainData-industry_87/SERVICES-ENGINEERING_SERVICES/data.bin with 4603 records
Discovery bc444001 scanning time 21s 374ms
Discovery bc444001 recorded time 22s 760ms
Fine tuning increased fitness by 5.372999657415889e-7 to 0.8530160007068587 adjusted 2 weights 
Generation 13 score 0.8530160007068587  error 0.14694108229408692 avg time 4s 738ms
Set training/discovery clean up count to 2
Waiting for discovery to complete
Memory usage (Discovery in progress): 233MB used, 343MB total
Discovered beneficial synapse from input-1257 to aee446eb-21e9-4978-957d-8c1aafe70dd8 with weight -1.0000, helping 30.5% more records than it harms (1711/4603)
Discovery bc444001 analyze time 24s 355ms found 1 candidates
Discovered harmful synapse from input-56 to aee446eb-21e9-4978-957d-8c1aafe70dd8, harming 30.3% more records than it helps (311/4603)
Discovery bc444001 analyze harmful time 5s 319ms found 1 candidates
Generation 14 score 0.8530170590986726  error 0.1469400239022729 avg time 1s 361ms
Waiting for discovery to complete
Memory usage (Discovery in progress): 360MB used, 462MB total
Discovery bc444001 analyze squashes time 5s 859ms found 1 candidate, Summary: aee446eb-21e9-4978-957d-8c1aafe70dd8 GELU -> ABSOLUTE improved: 37.8% error: 1.6059446916253204e+28 -> 9.981999227092384e+27
Fine tuning increased fitness by 0.0000018186563541799927 to 0.8530188777550268 adjusted 2 weights 
Generation 15 score 0.8530188777550268  error 0.14693820524591875 avg time 985ms
Waiting for training/discovery clean up 2
Fine tuning increased fitness by 4.149461875213589e-7 to 0.8530192927012143 adjusted 2 weights 
Generation 16 score 0.8530192927012143  error 0.14693779029973117 avg time 1s 186ms
Waiting for training/discovery clean up 1
Generation 17 score 0.8530192927012143  error 0.14693779029973117 avg time 856ms
{
  error: 0.14693779029973117,
  score: 0.8530192927012143,
  generation: 17,
  time: 231593,
  startScore: 0.8530151969501875
}
process NATURAL_GAS_TRANSMISISON-DISTRIBUTION lvl: 3
loaded ../GRQ-portfolio/best/industry/v6/NATURAL_GAS_TRANSMISISON-DISTRIBUTION.json
4 mutations, mutation rate 20.4%, elitism 2, mutation ALL, selection FITNESS_PROPORTIONATE
Creature count: 50
Culling duplicate creature at 1 of 51
DeDuplication of 1 creatures to 50 in 133ms (previous experiment )
Training 0e447672 with 1 binary file, target error: 0.05, iterations: 1, sample rate: 100%, sparse: 100%
Discovery 0e447672 with 1 binary files, sample rate: 100%, batch size: 512
Discovery 0e447672 initialize time 136ms
Discovery 0e447672 processing .trainData-industry_87/NATURAL_GAS_TRANSMISISON-DISTRIBUTION/data.bin
Discovery 0e447672 read time 7ms for .trainData-industry_87/NATURAL_GAS_TRANSMISISON-DISTRIBUTION/data.bin with 4603 records
Discovery 0e447672 scanning time 8s 246ms
Discovery 0e447672 recorded time 10s 978ms
Training ab510fd2 with 1 binary file, target error: 0.05, iterations: 1, sample rate: 100%, sparse: 100%
Over populated 52, expected 50.
Training ea2f1c2c with 1 binary file, target error: 0.05, iterations: 1, sample rate: 100%, sparse: 100%
Discovered beneficial synapse from input-568 to 13207eb1-0cdb-459b-9250-36f8b13e953a with weight 1.0000, helping 41.2% more records than it harms (2972/4603)
Discovery 0e447672 analyze time 42s 547ms found 1 candidates
Over populated 52, expected 50.
Discovered harmful synapse from input-65 to 13207eb1-0cdb-459b-9250-36f8b13e953a, harming 55.1% more records than it helps (766/4603)
Discovery 0e447672 analyze harmful time 4s 65ms found 1 candidates
Discovery 0e447672 analyze squashes time 4s 711ms found 0 candidates
Training 30d7367b with 1 binary file, target error: 0.05, iterations: 1, sample rate: 100%, sparse: 100%
Discovery 30d7367b with 1 binary files, sample rate: 100%, batch size: 512
Discovery 30d7367b initialize time 146ms
Discovery 30d7367b processing .trainData-industry_87/NATURAL_GAS_TRANSMISISON-DISTRIBUTION/data.bin
Discovery 30d7367b read time 9ms for .trainData-industry_87/NATURAL_GAS_TRANSMISISON-DISTRIBUTION/data.bin with 4603 records
Over populated 53, expected 50.
Discovery 30d7367b scanning time 8s 717ms
Discovery 30d7367b recorded time 11s 837ms
Training 3c546e37 with 1 binary file, target error: 0.05, iterations: 1, sample rate: 100%, sparse: 100%
Training 7a1bab62 with 1 binary file, target error: 0.05, iterations: 1, sample rate: 100%, sparse: 100%
Discovered beneficial synapse from input-568 to 13207eb1-0cdb-459b-9250-36f8b13e953a with weight 1.0000, helping 41.2% more records than it harms (2972/4603)
Discovery 30d7367b analyze time 42s 568ms found 1 candidates
Remove neuron 40c049ab-8155-4b81-950c-90166e3a7554 as no longer connected
Over populated 52, expected 50.
Discovered harmful synapse from input-65 to 13207eb1-0cdb-459b-9250-36f8b13e953a, harming 55.1% more records than it helps (766/4603)
Discovery 30d7367b analyze harmful time 3s 723ms found 1 candidates
Discovery 30d7367b analyze squashes time 4s 641ms found 0 candidates
Training c7f1a70a with 1 binary file, target error: 0.05, iterations: 1, sample rate: 100%, sparse: 100%
Discovery c7f1a70a with 1 binary files, sample rate: 100%, batch size: 512
Discovery c7f1a70a initialize time 116ms
Discovery c7f1a70a processing .trainData-industry_87/NATURAL_GAS_TRANSMISISON-DISTRIBUTION/data.bin
Fine tuning increased fitness by 8.75024750435216e-8 to 0.8894886607939374 adjusted 11 weights, 2 biases 
Discovery c7f1a70a read time 11ms for .trainData-industry_87/NATURAL_GAS_TRANSMISISON-DISTRIBUTION/data.bin with 4603 records
Discovery c7f1a70a scanning time 8s 79ms
Over populated 54, expected 50.
Discovery c7f1a70a recorded time 10s 394ms
Over populated 52, expected 50.
Generation 8 score 0.8894890815351452  error 0.11047287746587314 avg time 18s 55ms
Set training/discovery clean up count to 2
Waiting for discovery to complete
Memory usage (Discovery in progress): 302MB used, 391MB total
Fine tuning increased fitness by 4.753950727520717e-7 to 0.8894895569302179 adjusted 11 weights, 2 biases 
Remove neuron 822adc7d-3990-48e2-a1cc-702e07f623a2 as no longer connected
Discovered beneficial synapse from input-568 to 13207eb1-0cdb-459b-9250-36f8b13e953a with weight 1.0000, helping 41.2% more records than it harms (2973/4603)
Discovery c7f1a70a analyze time 40s 938ms found 1 candidates
Generation 9 score 0.8894895569302179  error 0.11047240207080043 avg time 2s
Waiting for discovery to complete
Memory usage (Discovery in progress): 321MB used, 417MB total
Discovered harmful synapse from input-65 to 13207eb1-0cdb-459b-9250-36f8b13e953a, harming 55.2% more records than it helps (766/4603)
Discovery c7f1a70a analyze harmful time 4s 370ms found 1 candidates
Discovery c7f1a70a analyze squashes time 4s 320ms found 0 candidates
Fine tuning increased fitness by 0.0000012173737945486707 to 0.8894907743040125 adjusted 11 weights, 2 biases 
Generation 10 score 0.8894907743040125  error 0.11047118469700586 avg time 1s 669ms
Waiting for training/discovery clean up 2
Generation 11 score 0.8895041489044319  error 0.11045783009658577 avg time 1s 510ms
Waiting for training/discovery clean up 1
Fine tuning increased fitness by 0.00007881079042260097 to 0.8895829596948545 adjusted 43 weights, 4 biases 
Constant neuron d1b04c7b-7a62-4942-b156-4c27d97a2574-479 convert hidden to constant
Adjust neuron d1b04c7b-7a62-4942-b156-4c27d97a2574-479 bias -0.028021888823722148 to 0.0007852262532490442
Generation 12 score 0.8895829596948545  error 0.1103789993061639 avg time 1s 414ms
{
  error: 0.1103789993061639,
  score: 0.8895829596948545,
  generation: 12,
  time: 246790,
  startScore: 0.8894874376660102
}
process RADIOTELEPHONE_COMMUNICATIONS lvl: 3
loaded ../GRQ-portfolio/best/industry/v6/RADIOTELEPHONE_COMMUNICATIONS.json
1 mutation, mutation rate 34.7%, elitism 7, mutation FFW, selection POWER
Creature count: 50
Culling duplicate creature at 1 of 51
DeDuplication of 1 creatures to 50 in 31ms (previous experiment )
Training 9a6190de with 1 binary file, target error: 0.05, iterations: 1, sample rate: 100%, sparse: 100%
Discovery 9a6190de with 1 binary files, sample rate: 100%, batch size: 512
Discovery 9a6190de initialize time 117ms
Discovery 9a6190de processing .trainData-industry_87/RADIOTELEPHONE_COMMUNICATIONS/data.bin
Discovery 9a6190de read time 10ms for .trainData-industry_87/RADIOTELEPHONE_COMMUNICATIONS/data.bin with 4603 records
Discovery 9a6190de scanning time 8s 167ms
Discovery 9a6190de recorded time 10s 888ms
Training 7a7e8e9e with 1 binary file, target error: 0.05, iterations: 1, sample rate: 100%, sparse: 100%
Training 2e79d252 with 1 binary file, target error: 0.05, iterations: 1, sample rate: 100%, sparse: 100%
Discovered beneficial synapse from input-1282 to 91852a60-3705-4fcb-8a4a-ad1ff5a8e697 with weight 1.0000, helping 59.4% more records than it harms (2763/4603)
Discovery 9a6190de analyze time 36s 601ms found 1 candidates
Discovered harmful synapse from input-99 to 91852a60-3705-4fcb-8a4a-ad1ff5a8e697, harming 59.2% more records than it helps (34/4603)
Discovery 9a6190de analyze harmful time 4s 840ms found 1 candidates
Training 8f0606bb with 1 binary file, target error: 0.05, iterations: 1, sample rate: 100%, sparse: 100%
Fine tuning increased fitness by 4.948128454751455e-7 to 0.9374124927826218 adjusted 21 weights, 1 bias 
Discovery 9a6190de analyze squashes time 4s 562ms found 1 candidate, Summary: 20c589f5-3d00-4c5c-ad24-2f61549c46bb ArcTan -> Cube improved: 2.6% error: 3.7028022976493532e+22 -> 3.607742510774587e+22
Training 33c6bf07 with 1 binary file, target error: 0.05, iterations: 1, sample rate: 100%, sparse: 100%
Discovery 33c6bf07 with 1 binary files, sample rate: 100%, batch size: 512
Discovery 33c6bf07 initialize time 150ms
Discovery 33c6bf07 processing .trainData-industry_87/RADIOTELEPHONE_COMMUNICATIONS/data.bin
Discovery 33c6bf07 read time 12ms for .trainData-industry_87/RADIOTELEPHONE_COMMUNICATIONS/data.bin with 4603 records
Discovery 33c6bf07 scanning time 7s 734ms
Discovery 33c6bf07 recorded time 10s 455ms
Training a44870ad with 1 binary file, target error: 0.05, iterations: 1, sample rate: 100%, sparse: 100%
Fine tuning increased fitness by 9.870711448201064e-7 to 0.9374140426959691 adjusted 7 weights 
Training e968e8f2 with 1 binary file, target error: 0.05, iterations: 1, sample rate: 100%, sparse: 100%
Fine tuning increased fitness by 0.0000014911409558227007 to 0.9374155338369249 adjusted 7 weights 
Training 9b5f839f with 1 binary file, target error: 0.05, iterations: 1, sample rate: 100%, sparse: 100%
Training b9c82951 with 1 binary file, target error: 0.05, iterations: 1, sample rate: 100%, sparse: 100%
Fine tuning increased fitness by 0.000005932727193402876 to 0.9374267401546328 adjusted 8 weights 
Discovered beneficial synapse from input-1282 to 91852a60-3705-4fcb-8a4a-ad1ff5a8e697 with weight 1.0000, helping 59.4% more records than it harms (2763/4603)
Discovery 33c6bf07 analyze time 1m 3s 257ms found 1 candidates
Discovered harmful synapse from input-99 to 91852a60-3705-4fcb-8a4a-ad1ff5a8e697, harming 59.2% more records than it helps (34/4603)
Discovery 33c6bf07 analyze harmful time 4s 142ms found 1 candidates
Discovery 33c6bf07 analyze squashes time 4s 93ms found 0 candidates
Over populated 54, expected 50.
Generation 10 score 0.9374325386614384  error 0.06252854034083084 avg time 16s 938ms
Fine tuning increased fitness by 0.0000025276510605687363 to 0.937435066312499 adjusted 9 weights 
Generation 11 score 0.937435066312499  error 0.06252601268977051 avg time 1s 336ms
{
  error: 0.06252601268977051,
  score: 0.937435066312499,
  generation: 11,
  time: 182964,
  startScore: 0.9374099995623596
}
process CONSTRUCTION_MACHINERY-EQUIP lvl: 3
loaded ../GRQ-portfolio/best/industry/v6/CONSTRUCTION_MACHINERY-EQUIP.json
7 mutations, mutation rate 5.0%, elitism 4, mutation ALL, selection FITNESS_PROPORTIONATE
Creature count: 50
Culling duplicate creature at 1 of 51
DeDuplication of 1 creatures to 50 in 128ms (previous experiment )
Training a692dc1a with 1 binary file, target error: 0.05, iterations: 1, sample rate: 100%, sparse: 100%
Discovery a692dc1a with 1 binary files, sample rate: 100%, batch size: 512
Discovery a692dc1a initialize time 117ms
Discovery a692dc1a processing .trainData-industry_87/CONSTRUCTION_MACHINERY-EQUIP/data.bin
Replacing HYPOT neuron a6d9405c-2050-4c59-94a9-23371ff2200a
Replacing HYPOT neuron 8c8fc085-89dd-472e-ae08-42f0f73e04e5
Replacing HYPOT neuron 1820ae6a-1d4f-4149-8ad4-7b0a52164a41
Creature is not valid MEMETIC: Memetic from UUID 8c8fc085-89dd-472e-ae08-42f0f73e04e5 to UUID 7e658a92-d7ff-4d7a-a695-b663a5778839 has no matching synapses.
    at https://jsr.io/@stsoftware/neat-ai/0.179.21/src/architecture/CreatureValidate.ts:373:17
    at Array.forEach (<anonymous>)
    at creatureValidate (https://jsr.io/@stsoftware/neat-ai/0.179.21/src/architecture/CreatureValidate.ts:350:22)
    at Creature.validate (https://jsr.io/@stsoftware/neat-ai/0.179.21/src/Creature.ts:384:5)
    at removeHYPOT (https://jsr.io/@stsoftware/neat-ai/0.179.21/src/upgrade/UpgradeTwo.ts:115:18)
    at removeHYPOT (https://jsr.io/@stsoftware/neat-ai/0.179.21/src/upgrade/UpgradeTwo.ts:110:12)
    at removeHYPOT (https://jsr.io/@stsoftware/neat-ai/0.179.21/src/upgrade/UpgradeTwo.ts:110:12)
    at removeHYPOT (https://jsr.io/@stsoftware/neat-ai/0.179.21/src/upgrade/UpgradeTwo.ts:110:12)
    at upgradeTwo (https://jsr.io/@stsoftware/neat-ai/0.179.21/src/upgrade/UpgradeTwo.ts:34:19)
    at upgrade (https://jsr.io/@stsoftware/neat-ai/0.179.21/src/upgrade/Upgrade.ts:9:21) {
  name: "MEMETIC"
}
Creature is not valid MEMETIC: Memetic from UUID 8c8fc085-89dd-472e-ae08-42f0f73e04e5 to UUID 7e658a92-d7ff-4d7a-a695-b663a5778839 has no matching synapses.
    at https://jsr.io/@stsoftware/neat-ai/0.179.21/src/architecture/CreatureValidate.ts:373:17
    at Array.forEach (<anonymous>)
    at creatureValidate (https://jsr.io/@stsoftware/neat-ai/0.179.21/src/architecture/CreatureValidate.ts:350:22)
    at Creature.validate (https://jsr.io/@stsoftware/neat-ai/0.179.21/src/Creature.ts:384:5)
    at removeHYPOTv2 (https://jsr.io/@stsoftware/neat-ai/0.179.21/src/upgrade/UpgradeTwo.ts:168:18)
    at upgradeTwo (https://jsr.io/@stsoftware/neat-ai/0.179.21/src/upgrade/UpgradeTwo.ts:35:20)
    at upgrade (https://jsr.io/@stsoftware/neat-ai/0.179.21/src/upgrade/Upgrade.ts:9:21)
    at Offspring.breed (https://jsr.io/@stsoftware/neat-ai/0.179.21/src/architecture/Offspring.ts:29:20)
    at Breed.breed (https://jsr.io/@stsoftware/neat-ai/0.179.21/src/breed/Breed.ts:74:29)
    at Neat.evolve (https://jsr.io/@stsoftware/neat-ai/0.179.21/src/NEAT/Neat.ts:590:27) {
  name: "MEMETIC"
}
Discovery a692dc1a read time 13ms for .trainData-industry_87/CONSTRUCTION_MACHINERY-EQUIP/data.bin with 4603 records
Discovery a692dc1a scanning time 15s 280ms
Discovery a692dc1a recorded time 17s 912ms
Training 285cb52f with 1 binary file, target error: 0.05, iterations: 1, sample rate: 100%, sparse: 100%
Fine tuning increased fitness by 1.8916893229636855e-7 to 0.8533290668820569 adjusted 1 weight 
Replacing HYPOT neuron a6d9405c-2050-4c59-94a9-23371ff2200a
Replacing HYPOT neuron 8c8fc085-89dd-472e-ae08-42f0f73e04e5
Replacing HYPOT neuron 1820ae6a-1d4f-4149-8ad4-7b0a52164a41
Remove neuron ff713685-410f-4987-a79d-d3442c56746f as no longer connected
Training 3dbcc322 with 1 binary file, target error: 0.05, iterations: 1, sample rate: 100%, sparse: 100%
Fine tuning increased fitness by 3.034181423888782e-7 to 0.8533293703001993 adjusted 1 weight 
Training 92adc1a3 with 1 binary file, target error: 0.05, iterations: 1, sample rate: 100%, sparse: 100%
Fine tuning increased fitness by 3.698704301724476e-7 to 0.8533297401706295 adjusted 1 weight 
Training bf96939a with 1 binary file, target error: 0.05, iterations: 1, sample rate: 100%, sparse: 100%
Fine tuning increased fitness by 5.198732501154879e-7 to 0.8533302600438796 adjusted 1 weight 
Training e51dcdca with 1 binary file, target error: 0.05, iterations: 1, sample rate: 100%, sparse: 100%
Fine tuning increased fitness by 0.0000017613142553329908 to 0.8533320213581349 adjusted 1 weight 
Discovered beneficial synapse from input-1600 to a7245013-95a8-4aeb-bc1a-c85266b3f228 with weight -1.0000, helping 47.5% more records than it harms (2905/4603)
Discovery a692dc1a analyze time 1m 32s 920ms found 1 candidates
Discovered harmful synapse from input-1363 to a7245013-95a8-4aeb-bc1a-c85266b3f228, harming 38.8% more records than it helps (918/4603)
Discovery a692dc1a analyze harmful time 6s 652ms found 1 candidates
Training d97f1bc2 with 1 binary file, target error: 0.05, iterations: 1, sample rate: 100%, sparse: 100%
Fine tuning increased fitness by 0.000003267728840405937 to 0.8533352890869753 adjusted 1 weight 
Discovery a692dc1a analyze squashes time 6s 971ms found 0 candidates
Discovery 3dd0016e with 1 binary files, sample rate: 100%, batch size: 512
Fine tuning increased fitness by 4.825840798083902e-7 to 0.8533357716710551 adjusted 1 weight 
Discovery 3dd0016e initialize time 142ms
Discovery 3dd0016e processing .trainData-industry_87/CONSTRUCTION_MACHINERY-EQUIP/data.bin
Discovery 3dd0016e read time 14ms for .trainData-industry_87/CONSTRUCTION_MACHINERY-EQUIP/data.bin with 4603 records
Discovery 3dd0016e scanning time 13s 971ms
Fine tuning increased fitness by 5.152236282057743e-8 to 0.8533358231934179 adjusted 1 weight 
Discovery 3dd0016e recorded time 15s 754ms
Generation 10 score 0.8533358231934179  error 0.14662365980797132 avg time 17s 693ms
Generation 11 score 0.8533358231934179  error 0.14662365980797132 avg time 1s 229ms
Set training/discovery clean up count to 2
Waiting for discovery to complete
Memory usage (Discovery in progress): 439MB used, 542MB total
Generation 12 score 0.8533358231934179  error 0.14662365980797132 avg time 1s 181ms
Waiting for discovery to complete
Memory usage (Discovery in progress): 180MB used, 296MB total
Generation 13 score 0.8533358231934179  error 0.14662365980797132 avg time 1s 204ms
Waiting for discovery to complete
Memory usage (Discovery in progress): 183MB used, 310MB total
Generation 14 score 0.8533362088819397  error 0.1466232741194495 avg time 1s 143ms
Waiting for discovery to complete
Memory usage (Discovery in progress): 229MB used, 336MB total
Discovered beneficial synapse from input-1600 to a7245013-95a8-4aeb-bc1a-c85266b3f228 with weight -1.0000, helping 47.5% more records than it harms (2905/4603)
Discovery 3dd0016e analyze time 1m 19s 275ms found 1 candidates
Generation 15 score 0.8533407144773694  error 0.1466187685240199 avg time 1s 580ms
Waiting for discovery to complete
Memory usage (Discovery in progress): 277MB used, 352MB total
Discovered harmful synapse from input-1363 to a7245013-95a8-4aeb-bc1a-c85266b3f228, harming 38.8% more records than it helps (918/4603)
Discovery 3dd0016e analyze harmful time 5s 860ms found 1 candidates
Discovery 3dd0016e analyze squashes time 7s 365ms found 0 candidates
Fine tuning increased fitness by 0.000006809409485497575 to 0.8533475238868549 adjusted 198 weights, 5 biases 
Generation 16 score 0.8533475238868549  error 0.1466119591145344 avg time 1s 664ms
Waiting for training/discovery clean up 2
Generation 17 score 0.8533594229885962  error 0.14660006001279308 avg time 1s 409ms
Waiting for training/discovery clean up 1
Fine tuning increased fitness by 0.000021544651505944756 to 0.8533809676401022 adjusted 198 weights, 5 biases 
Generation 18 score 0.8533809676401022  error 0.1465785153612871 avg time 1s 311ms
{
  error: 0.1465785153612871,
  score: 0.8533809676401022,
  generation: 18,
  time: 284472,
  startScore: 0.8533288696933036
}
process COGENERATION_SERVICES-SMALL_POWER_PRODUCERS lvl: 3
loaded ../GRQ-portfolio/best/industry/v6/COGENERATION_SERVICES-SMALL_POWER_PRODUCERS.json
1 mutation, mutation rate 26.4%, elitism 4, mutation ALL, selection TOURNAMENT
Creature count: 50
Culling duplicate creature at 1 of 51
DeDuplication of 1 creatures to 50 in 105ms (previous experiment )
Training 2ccd072d with 1 binary file, target error: 0.05, iterations: 1, sample rate: 100%, sparse: 100%
Discovery 2ccd072d with 1 binary files, sample rate: 100%, batch size: 512
Discovery 2ccd072d initialize time 151ms
Discovery 2ccd072d processing .trainData-industry_87/COGENERATION_SERVICES-SMALL_POWER_PRODUCERS/data.bin
Constant neuron 3f988d94-67d1-4f85-a321-4defa1a56f64 convert hidden to constant
Adjust neuron 3f988d94-67d1-4f85-a321-4defa1a56f64 bias -0.0299153 to 0.9995525707824207
Discovery 2ccd072d read time 11ms for .trainData-industry_87/COGENERATION_SERVICES-SMALL_POWER_PRODUCERS/data.bin with 4603 records
Discovery 2ccd072d scanning time 19s 794ms
Discovery 2ccd072d recorded time 21s 828ms
Training 6d642835 with 1 binary file, target error: 0.05, iterations: 1, sample rate: 100%, sparse: 100%
Fine tuning increased fitness by 1.91263272997233e-7 to 0.8757400465685596 adjusted 1 weight 
Fine tuning increased fitness by 5.364179626043963e-7 to 0.8757405829865222 adjusted 1 weight 
Fine tuning increased fitness by 0.0000012335893965209621 to 0.8757418165759188 adjusted 1 weight 
Training 21833bdd with 1 binary file, target error: 0.05, iterations: 1, sample rate: 100%, sparse: 100%
Fine tuning increased fitness by 0.000003254631608773373 to 0.8757450712075275 adjusted 1 weight 
Fine tuning increased fitness by 0.000006033468522237406 to 0.8757511046760498 adjusted 1 weight 
Fine tuning increased fitness by 0.000016085182598435388 to 0.8757671898586482 adjusted 1 weight 
Training a64fb7c5 with 1 binary file, target error: 0.05, iterations: 1, sample rate: 100%, sparse: 100%
Fine tuning increased fitness by 0.000021093208447342526 to 0.8757882830670956 adjusted 1 weight 
Fine tuning increased fitness by 0.0000018004491121326183 to 0.8757900835162077 adjusted 1 weight 
Discovered beneficial synapse from ed56a8a6-001-4a53-9eab-583c499d231b to 2c0d5cb1-4842-488a-946b-09f7664f13dc with weight -1.0000, helping 48.0% more records than it harms (3375/4603)
Discovery 2ccd072d analyze time 2m 12s 103ms found 1 candidates
Generation 10 score 0.8757900835162077  error 0.12417187248508134 avg time 16s 800ms
Discovered harmful synapse from input-601 to 2c0d5cb1-4842-488a-946b-09f7664f13dc, harming 33.0% more records than it helps (1509/4603)
Discovery 2ccd072d analyze harmful time 8s 543ms found 1 candidates
Fine tuning increased fitness by 2.455174552551398e-8 to 0.8757901080679532 adjusted 1 weight 
Discovery 2ccd072d analyze squashes time 6s 759ms found 1 candidate, Summary: 7b8cdd45-b8bd-44de-b899-511e67485db2 ArcTan -> SQUARE improved: 1.8% error: 1.2450924620367272e+22 -> 1.2221469921740218e+22
Generation 11 score 0.8757901080679532  error 0.12417183793333615 avg time 1s 375ms
Set training/discovery clean up count to 2
Waiting for discovery to complete
Memory usage (Discovery in progress): 387MB used, 484MB total
Fine tuning increased fitness by 6.64477626255433e-8 to 0.8757901745157158 adjusted 1 weight 
Generation 12 score 0.8757901745157158  error 0.12417177148557357 avg time 971ms
Waiting for training/discovery clean up 2
Fine tuning increased fitness by 1.5126619823391252e-7 to 0.8757903257819141 adjusted 1 weight 
Generation 13 score 0.8757903257819141  error 0.12417162021937536 avg time 923ms
Waiting for training/discovery clean up 1
Fine tuning increased fitness by 2.925176435519816e-7 to 0.8757906182995576 adjusted 1 weight 
Generation 14 score 0.8757906182995576  error 0.12417132770173174 avg time 859ms
{
  error: 0.12417132770173174,
  score: 0.8757906182995576,
  generation: 14,
  time: 209569,
  startScore: 0.875739708535757
}
process SERVICES-MEMBERSHIP_SPORTS-RECREATION_CLUBS lvl: 3
loaded ../GRQ-portfolio/best/industry/v6/SERVICES-MEMBERSHIP_SPORTS-RECREATION_CLUBS.json
1 mutation, mutation rate 42.8%, elitism 10, mutation FFW, selection TOURNAMENT
Creature count: 50
Culling duplicate creature at 1 of 51
DeDuplication of 1 creatures to 50 in 133ms (previous experiment )
Training 09feb1fc with 1 binary file, target error: 0.05, iterations: 1, sample rate: 100%, sparse: 100%
Discovery 09feb1fc with 1 binary files, sample rate: 100%, batch size: 512
Discovery 09feb1fc initialize time 135ms
Discovery 09feb1fc processing .trainData-industry_87/SERVICES-MEMBERSHIP_SPORTS-RECREATION_CLUBS/data.bin
Replacing HYPOT neuron 9581838f-5796-4a2c-be97-787341d7f70c
Replacing HYPOT neuron 9581838f-5796-4a2c-be97-787341d7f70c
Discovery 09feb1fc read time 9ms for .trainData-industry_87/SERVICES-MEMBERSHIP_SPORTS-RECREATION_CLUBS/data.bin with 4603 records
Discovery 09feb1fc scanning time 30s 93ms
Discovery 09feb1fc recorded time 32s 562ms
Training b6b7a9ef with 1 binary file, target error: 0.05, iterations: 1, sample rate: 100%, sparse: 100%
Over populated 52, expected 50.
Discovered beneficial synapse from input-638 to 4f84e925-de5e-49b5-9536-bed11d8c8641 with weight 1.0000, helping 13.6% more records than it harms (2411/4603)
Discovery 09feb1fc analyze time 32s 529ms found 1 candidates
Training 48b6047e with 1 binary file, target error: 0.05, iterations: 1, sample rate: 100%, sparse: 100%
Fine tuning increased fitness by 1.5951757825760637e-7 to 0.9184845284253783 adjusted 391 weights, 10 biases 
Discovered harmful synapse from input-1536 to 4f84e925-de5e-49b5-9536-bed11d8c8641, harming 11.5% more records than it helps (1833/4603)
Discovery 09feb1fc analyze harmful time 7s 991ms found 1 candidates
Discovery 09feb1fc analyze squashes time 7s 162ms found 1 candidate, Summary: 5934958f-6b1a-48da-9bcb-1df23de04b8c LeakyReLU -> ABSOLUTE improved: 11.9% error: 2.486239486268936e+26 -> 2.1904105397108797e+26
Discovery e94caa3e with 1 binary files, sample rate: 100%, batch size: 512
Discovery e94caa3e initialize time 138ms
Discovery e94caa3e processing .trainData-industry_87/SERVICES-MEMBERSHIP_SPORTS-RECREATION_CLUBS/data.bin
Over populated 53, expected 50.
Training e94caa3e with 1 binary file, target error: 0.05, iterations: 1, sample rate: 100%, sparse: 100%
Discovery e94caa3e read time 10ms for .trainData-industry_87/SERVICES-MEMBERSHIP_SPORTS-RECREATION_CLUBS/data.bin with 4603 records
Discovery e94caa3e scanning time 28s 163ms
Discovery e94caa3e recorded time 30s 694ms
Over populated 52, expected 50.
Generation 9 score 0.9185038051286888  error 0.08145236187295872 avg time 19s 70ms
Set training/discovery clean up count to 2
Waiting for discovery to complete
Memory usage (Discovery in progress): 303MB used, 400MB total
Discovered beneficial synapse from input-1526 to 5934958f-6b1a-48da-9bcb-1df23de04b8c with weight -1.0000, helping 51.7% more records than it harms (3477/4603)
Discovery e94caa3e analyze time 1m 13s 923ms found 1 candidates
Generation 10 score 0.9185182411228691  error 0.08143792587877842 avg time 1s 882ms
Waiting for discovery to complete
Memory usage (Discovery in progress): 276MB used, 401MB total
Discovered harmful synapse from input-648 to 5934958f-6b1a-48da-9bcb-1df23de04b8c, harming 46.4% more records than it helps (1219/4603)
Discovery e94caa3e analyze harmful time 8s 790ms found 1 candidates
Fine tuning increased fitness by 0.000016452870149841203 to 0.9185346939930189 adjusted 96 weights, 3 biases 
Discovery e94caa3e analyze squashes time 7s 697ms found 1 candidate, Summary: 5934958f-6b1a-48da-9bcb-1df23de04b8c LeakyReLU -> COMPLEMENT improved: 11.9% error: 2.486239486268936e+26 -> 2.1904105397108797e+26
Generation 11 score 0.9185346939930189  error 0.08142147300862868 avg time 1s 823ms
Waiting for discovery to complete
Memory usage (Discovery in progress): 306MB used, 429MB total
Fine tuning increased fitness by 0.000009757526977738351 to 0.9185444515199966 adjusted 96 weights, 3 biases 
Over populated 52, expected 50.
Generation 12 score 0.9185444515199966  error 0.08141171548165087 avg time 1s 467ms
Waiting for training/discovery clean up 2
Generation 13 score 0.9185444515199966  error 0.08141171548165087 avg time 1s 570ms
Waiting for training/discovery clean up 1
Generation 14 score 0.9185444515728085  error 0.08141171542883895 avg time 1s 457ms
{
  error: 0.08141171542883895,
  score: 0.9185444515728085,
  generation: 14,
  time: 273009,
  startScore: 0.9184755633067426
}
🔁 Attempt 1/12: git pull --rebase --autostash
From github.com:stSoftwareAU/GRQ-industryV2
   0d2e91ca..3c5e2eb2  main       -> origin/main
Updating 0d2e91ca..3c5e2eb2
Created autostash: ea810971
Fast-forward
 v6/AIRCRAFT.json                                   |  2564 +---
 v6/AIR_TRANSPORTATION_NONSCHEDULED.json            |    59 +-
 v6/ELECTRONIC_COMPONENTS-ACCESSORIES.json          |    35 +-
 v6/ELECTRONIC_COMPUTERS.json                       |    51 +-
 v6/FABRICATED_STRUCTURAL_METAL_PRODUCTS.json       |   379 +-
 ..._TOYS-CHILDRENS_VEHICLES_NO_DOLLS-BICYCLES.json |  8686 ++----------
 v6/GENERAL_INDUSTRIAL_MACHINERY-EQUIPMENT.json     |    20 +-
 v6/GENERAL_INDUSTRIAL_MACHINERY-EQUIPMENT_NEC.json |   697 +-
 v6/METAL_CANS.json                                 |  4129 +++++-
 v6/NATIONAL_COMMERCIAL_BANKS.json                  |  1500 +-
 v6/RETAIL-COMPUTER-COMPUTER_SOFTWARE_STORES.json   |    19 +-
 v6/RETAIL-EATING-DRINKING_PLACES.json              |  3227 +----
 ...ARY_SMELTING-REFINING_OF_NONFERROUS_METALS.json |  3084 +++--
 ...ERVICES-MEMBERSHIP_SPORTS-RECREATION_CLUBS.json |   790 +-
 ...VICES-MOTION_PICTURE-VIDEO_TAPE_PRODUCTION.json |  1398 +-
 v6/WHOLESALE-APPAREL_PIECE_GOODS-NOTIONS.json      |  1366 +-
 v6/WHOLESALE-MISCELLANEOUS_NONDURABLE_GOODS.json   | 13522 +++++++++++++++----
 ...OTOR_VEHICLES-MOTOR_VEHICLE_PARTS-SUPPLIES.json |  2121 ++-
 18 files changed, 22876 insertions(+), 20771 deletions(-)
Applying autostash resulted in conflicts.
Your changes are safe in the stash.
You can run "git stash pop" or "git stash drop" at any time.
❌ Merge conflicts found — reverting conflicting JSON files
↩️  Reverting: ./v6/SERVICES-MEMBERSHIP_SPORTS-RECREATION_CLUBS.json
📦 Changes detected — committing
[main e293b72d] GRQ-7 Improved Industry models
 9 files changed, 4239 insertions(+), 4527 deletions(-)
To github.com:stSoftwareAU/GRQ-industryV2.git
   3c5e2eb2..e293b72d  main -> main
✅ Push succeeded
Starting Location... Mon 21 Jul 2025 04:53:29 AEST
Already up to date.
🔁 Attempting pull with rebase and conflict cleanup (attempt 1 of 6)...
✅ Git pull succeeded.
NC , score: 0.9515025797704088
process (poor score) NC , score: 0.9515025797704088 lvl: 2
loaded ../GRQ-portfolio/best/location/v1/NC.json
8 mutations, mutation rate 5.0%, elitism 2, mutation FFW, selection POWER
Creature count: 50
Culling duplicate creature at 1 of 51
DeDuplication of 1 creatures to 50 in 266ms (previous experiment )
Discovery 524dd4f0 scheduled
Training 524dd4f0 scheduled
Training 524dd4f0 with 1 binary file, target error: 0.05, iterations: 1, sample rate: 100%, sparse: 100%
Discovery 524dd4f0 with 1 binary files, sample rate: 100%, batch size: 512
Discovery 524dd4f0 initialize time 167ms
Discovery 524dd4f0 processing .trainData-location_87/NC/data.bin
Generation 1 score 0.9515025797704088 (avg: 0.7032) error 0.04846753623106649 avg time 1s 332ms
Set training/discovery clean up count to 2
Waiting for discovery to complete
Memory usage (Discovery in progress): 198MB used, 282MB total
Discovery 524dd4f0 read time 17ms for .trainData-location_87/NC/data.bin with 4603 records
Discovery 524dd4f0 scanning time 8s 500ms
compactUnused hidden neuron e2cbf45d has no outward connections
Generation 2 score 0.9515025797704088 (avg: -275.4893) error 0.04846753623106649 avg time 659ms
Waiting for discovery to complete
Memory usage (Discovery in progress): 132MB used, 249MB total
Discovery 524dd4f0 recorded time 10s 655ms
Training 524dd4f0 completed after 9s 769ms
Training 524dd4f0 compacted
Generation 3 score 0.9515025797704088 (avg: 0.8863) error 0.04846753623106649 avg time 518ms
Waiting for discovery to complete
Memory usage (Discovery in progress): 223MB used, 307MB total
Trained 524dd4f0 Score: 0.9510403980000945, Error: 0.04846753623106649 -> 0.04892971800138071, 👿 -0.000462
Compact 524dd4f0 Score: 0.9466471056406867, Error: 0.04846753623106649 -> 0.053324123360807406, 👿 -0.00486
Generation 4 score 0.9515025797704088 (avg: 0.9513) error 0.04846753623106649 avg time 424ms
Waiting for discovery to complete
Memory usage (Discovery in progress): 170MB used, 257MB total
Generation 5 score 0.9515025797704088 (avg: 0.9515) error 0.04846753623106649 avg time 532ms
Waiting for discovery to complete
Memory usage (Discovery in progress): 203MB used, 299MB total
Discovered beneficial synapse from input-50 to 581a41bc-69b1-4217-860e-2026eddbc924 with weight -1.0000, helping 49.5% more records than it harms (2297/4603)
Discovery 524dd4f0 analyze time 16s 24ms found 1 candidates
Discovered harmful synapse from input-29 to 581a41bc-69b1-4217-860e-2026eddbc924, harming 49.5% more records than it helps (20/4603)
Discovery 524dd4f0 analyze harmful time 1s 585ms found 1 candidates
Generation 6 score 0.9515025797704088 (avg: 0.9515) error 0.04846753623106649 avg time 420ms
Waiting for discovery to complete
Memory usage (Discovery in progress): 229MB used, 344MB total
Discovery 524dd4f0 analyze squashes time 2s 283ms found 0 candidates
Generation 7 score 0.9515025797704088 (avg: 0.9515) error 0.04846753623106649 avg time 488ms
Waiting for training/discovery clean up 2
Generation 8 score 0.9515025797704088 (avg: 0.9515) error 0.04846753623106649 avg time 414ms
Waiting for training/discovery clean up 1
Generation 9 score 0.9515025797704088 (avg: 0.9515) error 0.04846753623106649 avg time 648ms
{
  error: 0.04846753623106649,
  score: 0.9515025797704088,
  generation: 9,
  time: 54778,
  startScore: 0.9515025797704088
}
CT , score: 0.9551778381653508
process (poor score) CT , score: 0.9551778381653508 lvl: 2
loaded ../GRQ-portfolio/best/location/v1/CT.json
1 mutation, mutation rate 14.5%, elitism 2, mutation FFW, selection FITNESS_PROPORTIONATE
Creature count: 50
Culling duplicate creature at 1 of 51
DeDuplication of 1 creatures to 50 in 194ms (previous experiment )
Discovery 28cb292a scheduled
Training 28cb292a scheduled
Training 28cb292a with 1 binary file, target error: 0.05, iterations: 1, sample rate: 100%, sparse: 100%
Discovery 28cb292a with 1 binary files, sample rate: 100%, batch size: 512
Discovery 28cb292a initialize time 141ms
Discovery 28cb292a processing .trainData-location_87/CT/data.bin
Generation 1 score 0.9551778381653508 (avg: 0.5489) error 0.04479030983554848 avg time 1s 631ms
Set training/discovery clean up count to 2
Waiting for discovery to complete
Memory usage (Discovery in progress): 256MB used, 345MB total
Discovery 28cb292a read time 13ms for .trainData-location_87/CT/data.bin with 4603 records
Discovery 28cb292a scanning time 10s 949ms
Discovery 28cb292a recorded time 13s 291ms
Training 28cb292a completed after 13s 730ms
Training 28cb292a compacted
Generation 2 score 0.9551778381653508 (avg: -55.5289) error 0.04479030983554848 avg time 1s 535ms
Waiting for discovery to complete
Memory usage (Discovery in progress): 317MB used, 437MB total
Compact 28cb292a Score: 0.9551435293851637, Error: 0.04479030983554848 -> 0.044824878615731804, 👿 -0.0000346
Trained 28cb292a Score: 0.914742288370865, Error: 0.04479030983554848 -> 0.08522585963003422, 👿 -0.0404
Discovered beneficial synapse from input-666 to 4e562acf-2fe2-454e-9b02-dc2e1bd41a9f with weight -1.0000, helping 17.0% more records than it harms (2640/4603)
Discovery 28cb292a analyze time 18s 939ms found 1 candidates
Generation 3 score 0.9551778381653508 (avg: -3324.5600) error 0.04479030983554848 avg time 1s 206ms
Waiting for discovery to complete
Memory usage (Discovery in progress): 202MB used, 385MB total
Discovered harmful synapse from input-1007 to bf5abd94-2826-49f7-bba8-f3e7ae15fe84, harming 18.4% more records than it helps (1786/4603)
Discovery 28cb292a analyze harmful time 2s 205ms found 1 candidates
Discovery 28cb292a analyze squashes time 3s 836ms found 0 candidates
Generation 4 score 0.9551778406758312 (avg: -1.6126) error 0.04479029732506843 avg time 1s 100ms
Waiting for training/discovery clean up 2
Fine tuning increased fitness by 1.787169445766068e-8 to 0.9551778585475257 adjusted 1 weight 
Generation 5 score 0.9551778585475257 (avg: 0.4715) error 0.04479027945337402 avg time 1s 14ms
Waiting for training/discovery clean up 1
Fine tuning increased fitness by 2.264891107994771e-8 to 0.9551778811964368 adjusted 1 weight 
Generation 6 score 0.9551778811964368 (avg: 0.7019) error 0.044790256804462907 avg time 784ms
{
  error: 0.044790256804462907,
  score: 0.9551778811964368,
  generation: 6,
  time: 73077,
  startScore: 0.9551778381653508
}
HONG_KONG , score: 0.8004119924935855
process (poor score) HONG_KONG , score: 0.8004119924935855 lvl: 2
loaded ../GRQ-portfolio/best/location/v1/HONG_KONG.json
3 mutations, mutation rate 5.0%, elitism 5, mutation ALL, selection FITNESS_PROPORTIONATE
Creature count: 50
Culling duplicate creature at 1 of 51
DeDuplication of 1 creatures to 50 in 261ms (previous experiment )
Discovery cbdb6fa5 scheduled
Training cbdb6fa5 scheduled
Training cbdb6fa5 with 1 binary file, target error: 0.05, iterations: 1, sample rate: 100%, sparse: 100%
Discovery cbdb6fa5 with 1 binary files, sample rate: 100%, batch size: 512
Discovery cbdb6fa5 initialize time 144ms
Discovery cbdb6fa5 processing .trainData-location_87/HONG_KONG/data.bin
Discovery cbdb6fa5 read time 17ms for .trainData-location_87/HONG_KONG/data.bin with 4603 records
Discovery cbdb6fa5 scanning time 18s 701ms
Discovery cbdb6fa5 recorded time 21s 102ms
Training de395cc7 scheduled
Training de395cc7 with 1 binary file, target error: 0.05, iterations: 1, sample rate: 100%, sparse: 100%
Fine tuning increased fitness by 3.0898839042947657e-11 to 0.8004119925244844 adjusted 1 weight 
Training cbdb6fa5 completed after 27s 436ms
Training cbdb6fa5 compacted
Compact cbdb6fa5 Score: 0.7994735369823613, Error: 0.199538304507461 -> 0.2004773500186905, 👿 -0.000939
Fine cbdb6fa5 Score: 0.5462680975848722, Error: 0.199538304507461 -> 0.4536821994161583, 👿 -0.254, Variant: undershot
Fine cbdb6fa5 Score: 0.4268362558103976, Error: 0.199538304507461 -> 0.5731140411906831, 👿 -0.374, Variant: overshot
Trained cbdb6fa5 Score: 0.3915415045076735, Error: 0.199538304507461 -> 0.6084087924934335, 👿 -0.409
Training 455a98a1 scheduled
Training 455a98a1 with 1 binary file, target error: 0.05, iterations: 1, sample rate: 100%, sparse: 100%
Training de395cc7 completed after 22s 3ms
Training de395cc7 compacted
Discovered beneficial synapse from ca7e051e-ac92-4174-83cb-2826178224d6 to b826dc19-22db-421d-991f-c6dffbcc2dc5 with weight -1.0000, helping 37.4% more records than it harms (3163/4603)
Discovery cbdb6fa5 analyze time 1m 15s 189ms found 1 candidates
Compact de395cc7 Score: 0.7994735370143551, Error: 0.19953830447656218 -> 0.20047734998669675, 👿 -0.000939
Fine de395cc7 Score: 0.48846805794556647, Error: 0.19953830447656218 -> 0.5114822390554433, 👿 -0.312, Variant: undershot
Trained de395cc7 Score: 0.4279177013840761, Error: 0.19953830447656218 -> 0.5720325956170309, 👿 -0.372
Fine de395cc7 Score: 0.4181309867061453, Error: 0.19953830447656218 -> 0.581819310294912, 👿 -0.382, Variant: overshot
Training bc3fac4c scheduled
Training bc3fac4c with 1 binary file, target error: 0.05, iterations: 1, sample rate: 100%, sparse: 100%
Discovered harmful synapse from input-83 to c4ebbb0e-d954-45c7-93c7-708836e7a1fd, harming 44.4% more records than it helps (450/4603)
Discovery cbdb6fa5 analyze harmful time 4s 318ms found 1 candidates
Discovery cbdb6fa5 analyze squashes time 3s 740ms found 0 candidates
Training 455a98a1 completed after 25s 38ms
Training 455a98a1 compacted
Compact 455a98a1 Score: 0.7992306316801007, Error: 0.19953830456207097 -> 0.20072025532095114, 👿 -0.00118
Fine 455a98a1 Score: 0.5494426154893951, Error: 0.19953830456207097 -> 0.4505076815116702, 👿 -0.251, Variant: undershot
Fine 455a98a1 Score: 0.53368091626228, Error: 0.19953830456207097 -> 0.4662693807387623, 👿 -0.267, Variant: overshot
Trained 455a98a1 Score: 0.40851696099587603, Error: 0.19953830456207097 -> 0.591433336005231, 👿 -0.392
Discovery ae26bbe5 scheduled
Training ae26bbe5 scheduled
Training ae26bbe5 with 1 binary file, target error: 0.05, iterations: 1, sample rate: 100%, sparse: 100%
Discovery ae26bbe5 with 1 binary files, sample rate: 100%, batch size: 512
Discovery ae26bbe5 initialize time 145ms
Discovery ae26bbe5 processing .trainData-location_87/HONG_KONG/data.bin
Training bc3fac4c completed after 25s 459ms
Training bc3fac4c compacted
Discovery ae26bbe5 read time 12ms for .trainData-location_87/HONG_KONG/data.bin with 4603 records
Discovery ae26bbe5 scanning time 17s 43ms
Discovery ae26bbe5 recorded time 19s 479ms
Compact bc3fac4c Score: 0.799473536941838, Error: 0.1995383045486977 -> 0.2004773500592139, 👿 -0.000939
Fine bc3fac4c Score: 0.5098647499330373, Error: 0.1995383045486977 -> 0.49008554706805024, 👿 -0.291, Variant: undershot
Fine bc3fac4c Score: 0.4679238055600802, Error: 0.1995383045486977 -> 0.5320264914409801, 👿 -0.332, Variant: overshot
Trained bc3fac4c Score: 0.4297400503151872, Error: 0.1995383045486977 -> 0.5702102466859198, 👿 -0.371
Training b94e6bc2 scheduled
Training b94e6bc2 with 1 binary file, target error: 0.05, iterations: 1, sample rate: 100%, sparse: 100%
Fine tuning increased fitness by 0.000001415317894992718 to 0.800416261607557 adjusted 503 weights, 9 biases 
Discovered beneficial synapse from d3d935d8-c9ed-4870-b7c6-c72082d26da3 to 52df88af-83cc-452d-8734-3b9d2e04c35b with weight -1.0000, helping 30.9% more records than it harms (2994/4603)
Discovery ae26bbe5 analyze time 26s 992ms found 1 candidates
Remove neuron 11e5f38b-ad74-4904-8802-511e13a1666e as no longer connected
Training ae26bbe5 completed after 29s 485ms
Training ae26bbe5 compacted
Over populated 52, expected 50.
Discovered harmful synapse from input-83 to c4ebbb0e-d954-45c7-93c7-708836e7a1fd, harming 44.3% more records than it helps (449/4603)
Discovery ae26bbe5 analyze harmful time 7s 979ms found 1 candidates
Discovery ae26bbe5 analyze squashes time 5s 264ms found 1 candidate, Summary: b826dc19-22db-421d-991f-c6dffbcc2dc5 ArcTan -> Cube improved: 2.8% error: 1.37639702442135e+23 -> 1.3379976897671572e+23
Compact ae26bbe5 Score: 0.7992341182237064, Error: 0.19953545071138457 -> 0.2007167687773455, 👿 -0.00118
Fine ae26bbe5 Score: 0.7199859848576261, Error: 0.19953545071138457 -> 0.2799643121433778, 👿 -0.0804, Variant: overshot
Trained ae26bbe5 Score: 0.6321749691354716, Error: 0.19953545071138457 -> 0.3677753278656355, 👿 -0.168
Fine ae26bbe5 Score: 0.6052452322013897, Error: 0.19953545071138457 -> 0.3947050647996306, 👿 -0.195, Variant: undershot
Fine tuning increased fitness by 3.16177919401639e-8 to 0.8004162932253489 adjusted 501 weights, 9 biases 
Training b94e6bc2 completed after 27s 641ms
Training b94e6bc2 compacted
Over populated 56, expected 50.
Compact b94e6bc2 Score: 0.7994783478116955, Error: 0.19953403539348954 -> 0.20047253918935637, 👿 -0.000939
Fine b94e6bc2 Score: 0.5079445266334293, Error: 0.19953403539348954 -> 0.49200577036762144, 👿 -0.292, Variant: undershot
Fine b94e6bc2 Score: 0.5036182760729563, Error: 0.19953403539348954 -> 0.4963320209281293, 👿 -0.297, Variant: overshot
Trained b94e6bc2 Score: 0.40186959533959293, Error: 0.19953403539348954 -> 0.5980807016615141, 👿 -0.399
Generation 10 score 0.8004166898520784 (avg: 0.7748) error 0.19953360714896823 avg time 24s 451ms
{
  error: 0.19953360714896823,
  score: 0.8004166898520784,
  generation: 10,
  time: 244962,
  startScore: 0.8004119924935855
}
TN , score: 0.9528869317783975
process (poor score) TN , score: 0.9528869317783975 lvl: 2
loaded ../GRQ-portfolio/best/location/v1/TN.json
2 mutations, mutation rate 9.7%, elitism 3, mutation FFW, selection FITNESS_PROPORTIONATE
Creature count: 50
Culling duplicate creature at 1 of 51
DeDuplication of 1 creatures to 50 in 266ms (previous experiment )
Discovery 65ecc193 scheduled
Training 65ecc193 scheduled
Training 65ecc193 with 1 binary file, target error: 0.05, iterations: 1, sample rate: 100%, sparse: 100%
Discovery 65ecc193 with 1 binary files, sample rate: 100%, batch size: 512
Discovery 65ecc193 initialize time 149ms
Discovery 65ecc193 processing .trainData-location_87/TN/data.bin
Generation 1 score 0.9528869317783975 (avg: 0.5545) error 0.0470806142228147 avg time 1s 967ms
Set training/discovery clean up count to 2
Waiting for discovery to complete
Memory usage (Discovery in progress): 541MB used, 660MB total
Discovery 65ecc193 read time 11ms for .trainData-location_87/TN/data.bin with 4603 records
Discovery 65ecc193 scanning time 13s 440ms
Discovery 65ecc193 recorded time 15s 827ms
Training 65ecc193 completed after 16s 385ms
Training 65ecc193 compacted
Generation 2 score 0.9528869317783975 (avg: -4181228.0740) error 0.0470806142228147 avg time 1s 804ms
Waiting for discovery to complete
Memory usage (Discovery in progress): 263MB used, 415MB total
Compact 65ecc193 Score: 0.9528687349875186, Error: 0.0470806142228147 -> 0.04709904101368693, 👿 -0.0000184
Trained 65ecc193 Score: 0.9502374639504502, Error: 0.0470806142228147 -> 0.04973008205079583, 👿 -0.00265
Fine 65ecc193 Score: 0.9500329314317376, Error: 0.0470806142228147 -> 0.04993461456949596, 👿 -0.00285, Variant: undershot
Fine 65ecc193 Score: 0.9489272227941918, Error: 0.0470806142228147 -> 0.0510403232070466, 👿 -0.00396, Variant: overshot
Generation 3 score 0.9528869317783975 (avg: -1763.2836) error 0.0470806142228147 avg time 1s 643ms
Waiting for discovery to complete
Memory usage (Discovery in progress): 268MB used, 336MB total
Generation 4 score 0.9528869317783975 (avg: -39.1839) error 0.0470806142228147 avg time 1s 511ms
Waiting for discovery to complete
Memory usage (Discovery in progress): 332MB used, 444MB total
Generation 5 score 0.9528869317783975 (avg: 0.8538) error 0.0470806142228147 avg time 1s 505ms
Waiting for discovery to complete
Memory usage (Discovery in progress): 490MB used, 561MB total
Generation 6 score 0.9528869317783975 (avg: 0.9042) error 0.0470806142228147 avg time 1s 506ms
Waiting for discovery to complete
Memory usage (Discovery in progress): 194MB used, 349MB total
Discovered beneficial synapse from input-1537 to 0cafcc63-0e36-42eb-a6db-0da397b6f6df with weight 1.0000, helping 41.9% more records than it harms (3248/4603)
Discovery 65ecc193 analyze time 1m 22s 527ms found 1 candidates
Discovered harmful synapse from input-96 to cf3e3e28-9607-4a5d-b6b7-a447a921fdcc, harming 29.0% more records than it helps (617/4603)
Discovery 65ecc193 analyze harmful time 3s 292ms found 1 candidates
Discovery 65ecc193 analyze squashes time 3s 114ms found 0 candidates
Generation 7 score 0.9528874473489498 (avg: 0.9316) error 0.04708009865226195 avg time 1s 538ms
Waiting for discovery to complete
Memory usage (Discovery in progress): 241MB used, 329MB total
Generation 8 score 0.9528940747329127 (avg: 0.9424) error 0.047073461268300185 avg time 1s 206ms
Waiting for training/discovery clean up 2
Fine tuning increased fitness by 0.000038655319108737984 to 0.9529327300520214 adjusted 325 weights, 1 bias 
Generation 9 score 0.9529327300520214 (avg: 0.9516) error 0.0470348059491915 avg time 1s 231ms
Waiting for training/discovery clean up 1
Generation 10 score 0.9529327300520214 (avg: 0.9526) error 0.0470348059491915 avg time 1s 202ms
{
  error: 0.0470348059491915,
  score: 0.9529327300520214,
  generation: 10,
  time: 151612,
  startScore: 0.9528869317783975
}
DC , score: 0.9502163797508424
process (poor score) DC , score: 0.9502163797508424 lvl: 2
loaded ../GRQ-portfolio/best/location/v1/DC.json
6 mutations, mutation rate 18.2%, elitism 6, mutation FFW, selection TOURNAMENT
Creature count: 50
Culling duplicate creature at 1 of 51
DeDuplication of 1 creatures to 50 in 270ms (previous experiment )
Discovery 16d11653 scheduled
Training 16d11653 scheduled
Training 16d11653 with 1 binary file, target error: 0.05, iterations: 1, sample rate: 100%, sparse: 100%
Discovery 16d11653 with 1 binary files, sample rate: 100%, batch size: 512
Discovery 16d11653 initialize time 117ms
Discovery 16d11653 processing .trainData-location_87/DC/data.bin
Generation 1 score 0.9502163797508424 (avg: 0.6482) error 0.04974449025090881 avg time 1s 713ms
Set training/discovery clean up count to 2
Waiting for discovery to complete
Memory usage (Discovery in progress): 258MB used, 339MB total
Discovery 16d11653 read time 10ms for .trainData-location_87/DC/data.bin with 4603 records
Discovery 16d11653 scanning time 11s 798ms
Discovery 16d11653 recorded time 14s 152ms
Fine tuning increased fitness by 1.397934079605534e-8 to 0.9502163937301832 adjusted 908 weights, 7 biases 
Training 16d11653 completed after 17s 448ms
Training 16d11653 compacted
Generation 2 score 0.9502163937301832 (avg: -126.4942) error 0.049744476271567986 avg time 1s 902ms
Waiting for discovery to complete
Memory usage (Discovery in progress): 305MB used, 383MB total
Discovered beneficial synapse from input-1527 to fc36df80-a734-407f-81e5-f827ec562a1d with weight 1.0000, helping 35.3% more records than it harms (3055/4603)
Discovery 16d11653 analyze time 20s 327ms found 1 candidates
Compact 16d11653 Score: 0.950209683704082, Error: 0.04974449025090881 -> 0.04975119629766853, 👿 -0.00000671
Trained 16d11653 Score: 0.9500256237035578, Error: 0.04974449025090881 -> 0.04993524629819339, 👿 -0.000191
Discovered harmful synapse from input-533 to fc36df80-a734-407f-81e5-f827ec562a1d, harming 34.7% more records than it helps (1446/4603)
Discovery 16d11653 analyze harmful time 3s 169ms found 1 candidates
Discovery 16d11653 analyze squashes time 2s 602ms found 1 candidate, Summary: fc36df80-a734-407f-81e5-f827ec562a1d Swish -> BENT_IDENTITY improved: 74.0% error: 1.3994205554444156e+26 -> 3.6391510961229533e+25
Generation 3 score 0.9502164377345834 (avg: -4.1150) error 0.0497444322671677 avg time 1s 801ms
Waiting for discovery to complete
Memory usage (Discovery in progress): 485MB used, 556MB total
Fine tuning increased fitness by 3.629247313785555e-8 to 0.9502164740270566 adjusted 905 weights, 7 biases 
Over populated 53, expected 50.
Generation 4 score 0.9502164740270566 (avg: -0.5257) error 0.04974439597469455 avg time 1s 531ms
Waiting for training/discovery clean up 2
Fine tuning increased fitness by 9.123682720435511e-8 to 0.9502165652638838 adjusted 898 weights, 7 biases 
Generation 5 score 0.9502165652638838 (avg: 0.9384) error 0.04974430473786742 avg time 1s 546ms
Waiting for training/discovery clean up 1
Remove neuron 1aa81cda-73f3-412d-84c2-dfeb511a38f8-1392 as no longer connected
Generation 6 score 0.9502169757130813 (avg: 0.9401) error 0.049743894288669904 avg time 1s 536ms
{
  error: 0.049743894288669904,
  score: 0.9502169757130813,
  generation: 6,
  time: 100761,
  startScore: 0.9502163797508424
}
SC , score: 0.9424706518381373
process (poor score) SC , score: 0.9424706518381373 lvl: 2
loaded ../GRQ-portfolio/best/location/v1/SC.json
8 mutations, mutation rate 5.0%, elitism 7, mutation FFW, selection FITNESS_PROPORTIONATE
Creature count: 50
Culling duplicate creature at 1 of 51
DeDuplication of 1 creatures to 50 in 370ms (previous experiment )
Discovery baa95ed8 scheduled
Training baa95ed8 scheduled
Training baa95ed8 with 1 binary file, target error: 0.05, iterations: 1, sample rate: 100%, sparse: 100%
Discovery baa95ed8 with 1 binary files, sample rate: 100%, batch size: 512
Discovery baa95ed8 initialize time 153ms
Discovery baa95ed8 processing .trainData-location_87/SC/data.bin
Discovery baa95ed8 read time 12ms for .trainData-location_87/SC/data.bin with 4603 records
Discovery baa95ed8 scanning time 16s 808ms
Discovery baa95ed8 recorded time 19s 108ms
Training 79d90b65 scheduled
Training 79d90b65 with 1 binary file, target error: 0.05, iterations: 1, sample rate: 100%, sparse: 100%
Training baa95ed8 completed after 30s 635ms
Training baa95ed8 compacted
Compact baa95ed8 Score: 0.9424595031553885, Error: 0.057473821164049685 -> 0.05748512984679548, 👿 -0.0000113
Trained baa95ed8 Score: 0.9394897732960165, Error: 0.057473821164049685 -> 0.06045469970617041, 👿 -0.00298
Discovered beneficial synapse from input-50 to b26c9267-6865-4867-9c49-2f98a02699e0 with weight -1.0000, helping 74.6% more records than it harms (4019/4603)
Discovery baa95ed8 analyze time 59s 779ms found 1 candidates
Discovered harmful synapse from input-29 to 67b80186-a47f-4d63-af50-27e98a43e936, harming 74.6% more records than it helps (584/4603)
Discovery baa95ed8 analyze harmful time 5s 558ms found 1 candidates
Discovery baa95ed8 analyze squashes time 6s 523ms found 0 candidates
Training 39f2f050 scheduled
Training 39f2f050 with 1 binary file, target error: 0.05, iterations: 1, sample rate: 100%, sparse: 100%
Training 79d90b65 completed after 28s 819ms
Training 79d90b65 compacted
Compact 79d90b65 Score: 0.9424593885568036, Error: 0.057473821068607524 -> 0.057485234445380874, 👿 -0.0000114
Trained 79d90b65 Score: 0.9144745013222608, Error: 0.057473821068607524 -> 0.08546996167992661, 👿 -0.0280
Training 8a144c3f scheduled
Training 8a144c3f with 1 binary file, target error: 0.05, iterations: 1, sample rate: 100%, sparse: 100%
Training 39f2f050 completed after 21s 564ms
Training 39f2f050 compacted
Compact 39f2f050 Score: 0.9424595182463711, Error: 0.05747382108544579 -> 0.05748510475581338, 👿 -0.0000113
Trained 39f2f050 Score: 0.9424361740102689, Error: 0.05747382108544579 -> 0.05750828899191849, 👿 -0.0000345
Training 4295a7d3 scheduled
Training 4295a7d3 with 1 binary file, target error: 0.05, iterations: 1, sample rate: 100%, sparse: 100%
Training 8a144c3f completed after 22s 944ms
Training 8a144c3f compacted
Compact 8a144c3f Score: 0.9424595383459858, Error: 0.05747382097995544 -> 0.05748508465619866, 👿 -0.0000113
Fine 8a144c3f Score: 0.9413656493766221, Error: 0.05747382097995544 -> 0.058578813625565294, 👿 -0.00110, Variant: undershot
Trained 8a144c3f Score: 0.9413258627725115, Error: 0.05747382097995544 -> 0.0586186202296749, 👿 -0.00114
Fine 8a144c3f Score: 0.9413166096045738, Error: 0.05747382097995544 -> 0.05862785339761362, 👿 -0.00115, Variant: overshot
Generation 10 score 0.9424706518381373 (avg: 0.9404) error 0.057473821164049685 avg time 19s 772ms
Discovery ba9ffdb5 scheduled
Training ba9ffdb5 scheduled
Training ba9ffdb5 with 1 binary file, target error: 0.05, iterations: 1, sample rate: 100%, sparse: 100%
Discovery ba9ffdb5 with 1 binary files, sample rate: 100%, batch size: 512
Discovery ba9ffdb5 initialize time 143ms
Discovery ba9ffdb5 processing .trainData-location_87/SC/data.bin
Training 4295a7d3 completed after 22s 404ms
Training 4295a7d3 compacted
Discovery ba9ffdb5 read time 12ms for .trainData-location_87/SC/data.bin with 4603 records
Discovery ba9ffdb5 scanning time 18s 322ms
Discovery ba9ffdb5 recorded time 21s 168ms
Compact 4295a7d3 Score: 0.9424594770970299, Error: 0.05747382097314276 -> 0.057485145905154564, 👿 -0.0000113
Fine 4295a7d3 Score: 0.9386094055133998, Error: 0.05747382097314276 -> 0.061335057488787675, 👿 -0.00386, Variant: overshot
Fine 4295a7d3 Score: 0.9353751726285251, Error: 0.05747382097314276 -> 0.06456929037366235, 👿 -0.00710, Variant: undershot
Trained 4295a7d3 Score: 0.9332342395277686, Error: 0.05747382097314276 -> 0.06671023347441835, 👿 -0.00924
Fine tuning increased fitness by 3.5726564728832955e-7 to 0.9424710521999305 adjusted 20 weights 
Training ba9ffdb5 completed after 29s 177ms
Training ba9ffdb5 compacted
Generation 12 score 0.9424710521999305 (avg: 0.9394) error 0.05747342080225639 avg time 4s 656ms
Set training/discovery clean up count to 2
Waiting for discovery to complete
Memory usage (Discovery in progress): 184MB used, 385MB total
Compact ba9ffdb5 Score: 0.9424594904841674, Error: 0.05747377806790364 -> 0.057485142518016466, 👿 -0.0000114
Trained ba9ffdb5 Score: 0.918696538665775, Error: 0.05747377806790364 -> 0.08124793433641184, 👿 -0.0238
Discovered beneficial synapse from input-41 to 67b80186-a47f-4d63-af50-27e98a43e936 with weight -1.0000, helping 74.6% more records than it harms (4019/4603)
Discovery ba9ffdb5 analyze time 35s 161ms found 1 candidates
Generation 13 score 0.9424718351687581 (avg: 0.9409) error 0.05747263783342886 avg time 1s 987ms
Waiting for discovery to complete
Memory usage (Discovery in progress): 226MB used, 344MB total
Discovered harmful synapse from input-29 to 67b80186-a47f-4d63-af50-27e98a43e936, harming 74.6% more records than it helps (584/4603)
Discovery ba9ffdb5 analyze harmful time 5s 620ms found 1 candidates
Discovery ba9ffdb5 analyze squashes time 6s 360ms found 0 candidates
Generation 14 score 0.942473503543171 (avg: 0.9413) error 0.05747096945901585 avg time 1s 915ms
Waiting for training/discovery clean up 2
Fine tuning increased fitness by 0.0000021340693363569585 to 0.9424756376125074 adjusted 20 weights 
Generation 15 score 0.9424756376125074 (avg: 0.9272) error 0.057468835389679555 avg time 1s 552ms
Waiting for training/discovery clean up 1
Fine tuning increased fitness by 0.0000030550061984602195 to 0.9424786926187059 adjusted 20 weights 
Generation 16 score 0.9424786926187059 (avg: 0.9402) error 0.05746578038348107 avg time 1s 689ms
{
  error: 0.05746578038348107,
  score: 0.9424786926187059,
  generation: 16,
  time: 316296,
  startScore: 0.9424706518381373
}
KY , score: 0.9529679318092452
process (poor score) KY , score: 0.9529679318092452 lvl: 2
loaded ../GRQ-portfolio/best/location/v1/KY.json
7 mutations, mutation rate 5.0%, elitism 9, mutation FFW, selection POWER
Creature count: 50
Culling duplicate creature at 1 of 51
Replacing HYPOTv2 neuron 6a5cc70a-8005-4d6a-8c2d-9595a0a26a29
DeDuplication of 1 creatures to 50 in 252ms (previous experiment )
Discovery 4a0ab29c scheduled
Training 4a0ab29c scheduled
Training 4a0ab29c with 1 binary file, target error: 0.05, iterations: 1, sample rate: 100%, sparse: 100%
Discovery 4a0ab29c with 1 binary files, sample rate: 100%, batch size: 512
Discovery 4a0ab29c initialize time 157ms
Discovery 4a0ab29c processing .trainData-location_87/KY/data.bin
Generation 1 score 0.9529679318092452 (avg: 0.4549) error 0.04699855119307537 avg time 1s 432ms
Set training/discovery clean up count to 2
Waiting for discovery to complete
Memory usage (Discovery in progress): 182MB used, 309MB total
Discovery 4a0ab29c read time 13ms for .trainData-location_87/KY/data.bin with 4603 records
Discovery 4a0ab29c scanning time 10s 235ms
Discovery 4a0ab29c recorded time 12s 401ms
Fine tuning increased fitness by 0.000003111024235669113 to 0.9529710428334809 adjusted 89 weights, 4 biases 
Generation 2 score 0.9529710428334809 (avg: -8563467320.8879) error 0.04699544016883943 avg time 1s 752ms
Waiting for discovery to complete
Memory usage (Discovery in progress): 320MB used, 398MB total
Training 4a0ab29c completed after 18s 689ms
Training 4a0ab29c compacted
Generation 3 score 0.9529729291880925 (avg: 0.5421) error 0.04699355381422789 avg time 1s 286ms
Waiting for discovery to complete
Memory usage (Discovery in progress): 220MB used, 379MB total
Compact 4a0ab29c Score: 0.9528254821730848, Error: 0.04699855119307537 -> 0.04714137082921777, 👿 -0.000143
Trained 4a0ab29c Score: 0.9421925331671229, Error: 0.04699855119307537 -> 0.05777394983519768, 👿 -0.0108
Generation 4 score 0.9529735863258983 (avg: 0.5994) error 0.04699289667642174 avg time 1s 273ms
Waiting for discovery to complete
Memory usage (Discovery in progress): 216MB used, 308MB total
Fine tuning increased fitness by 3.782031317012269e-7 to 0.95297396452903 adjusted 89 weights, 3 biases 
Generation 5 score 0.95297396452903 (avg: 0.9484) error 0.04699251847328973 avg time 1s 314ms
Waiting for discovery to complete
Memory usage (Discovery in progress): 226MB used, 311MB total
Discovered beneficial synapse from input-1453 to ac654b9b-fe5b-4a20-9c55-e25380a2255b with weight 1.0000, helping 47.9% more records than it harms (2732/4603)
Discovery 4a0ab29c analyze time 54s 716ms found 1 candidates
Discovered harmful synapse from input-1394 to ad712212-8adf-4eb8-a54b-76ff855506c6, harming 48.2% more records than it helps (522/4603)
Discovery 4a0ab29c analyze harmful time 3s 220ms found 1 candidates
Discovery 4a0ab29c analyze squashes time 2s 404ms found 0 candidates
Generation 6 score 0.952974221661024 (avg: 0.9526) error 0.046992261341295895 avg time 1s 304ms
Waiting for discovery to complete
Memory usage (Discovery in progress): 196MB used, 324MB total
Fine tuning increased fitness by 5.869858145102214e-7 to 0.9529748086468385 adjusted 80 weights, 3 biases 
Generation 7 score 0.9529748086468385 (avg: 0.9437) error 0.046991674355481086 avg time 1s 51ms
Waiting for training/discovery clean up 2
Fine tuning increased fitness by 8.024554658536687e-7 to 0.9529756111023043 adjusted 80 weights, 3 biases 
Generation 8 score 0.9529756111023043 (avg: 0.9302) error 0.04699087190001509 avg time 1s 65ms
Waiting for training/discovery clean up 1
Generation 9 score 0.9529765442627277 (avg: 0.9522) error 0.04698993873959174 avg time 961ms
{
  error: 0.04698993873959174,
  score: 0.9529765442627277,
  generation: 9,
  time: 114815,
  startScore: 0.9529679318092452
}
NONE , score: 0.9503198057429041
process (poor score) NONE , score: 0.9503198057429041 lvl: 2
loaded ../GRQ-portfolio/best/location/v1/NONE.json
6 mutations, mutation rate 24.1%, elitism 7, mutation ALL, selection FITNESS_PROPORTIONATE
Creature count: 50
Culling duplicate creature at 1 of 51
DeDuplication of 1 creatures to 50 in 71ms (previous experiment )
Discovery ede8e968 scheduled
Training ede8e968 scheduled
Training ede8e968 with 1 binary file, target error: 0.05, iterations: 1, sample rate: 100%, sparse: 100%
Discovery ede8e968 with 1 binary files, sample rate: 100%, batch size: 512
Discovery ede8e968 initialize time 153ms
Discovery ede8e968 processing .trainData-location_87/NONE/data.bin
Generation 1 score 0.9503198057429041 (avg: 0.6357) error 0.04964757325936138 avg time 1s 552ms
Set training/discovery clean up count to 2
Waiting for discovery to complete
Memory usage (Discovery in progress): 479MB used, 566MB total
Discovery ede8e968 read time 15ms for .trainData-location_87/NONE/data.bin with 4603 records
Discovery ede8e968 scanning time 11s 195ms
Discovery ede8e968 recorded time 13s 400ms
Fine tuning increased fitness by 6.980720290705733e-8 to 0.950319875550107 adjusted 1 weight 
Training ede8e968 completed after 12s 971ms
Training ede8e968 compacted
Generation 2 score 0.950319875550107 (avg: -0.9666) error 0.04964750345215849 avg time 1s 424ms
Waiting for discovery to complete
Memory usage (Discovery in progress): 220MB used, 407MB total
Compact ede8e968 Score: 0.9501349543773492, Error: 0.04964757325936138 -> 0.04983255462491272, 👿 -0.000185
Trained ede8e968 Score: 0.8755776641489235, Error: 0.04964757325936138 -> 0.124389714853342, 👿 -0.0747
Fine tuning increased fitness by 3.5567558342997074e-8 to 0.9503199111176653 adjusted 1 weight 
Discovered beneficial synapse from input-1069 to 309f2ad5-64d6-4423-90c4-e0e703fbe12a with weight 1.0000, helping 30.0% more records than it harms (2299/4603)
Discovery ede8e968 analyze time 15s 176ms found 1 candidates
Generation 3 score 0.9503199111176653 (avg: 0.3978) error 0.049647467884600206 avg time 1s 3ms
Waiting for discovery to complete
Memory usage (Discovery in progress): 205MB used, 324MB total
Discovered harmful synapse from input-570 to 309f2ad5-64d6-4423-90c4-e0e703fbe12a, harming 25.0% more records than it helps (1032/4603)
Discovery ede8e968 analyze harmful time 2s 171ms found 1 candidates
Discovery ede8e968 analyze squashes time 3s 23ms found 0 candidates
Generation 4 score 0.9503199111176653 (avg: 0.6244) error 0.049647467884600206 avg time 901ms
Waiting for training/discovery clean up 2
Generation 5 score 0.9503199111176653 (avg: 0.8357) error 0.049647467884600206 avg time 812ms
Waiting for training/discovery clean up 1
Generation 6 score 0.9503199111176653 (avg: 0.9297) error 0.049647467884600206 avg time 641ms
{
  error: 0.049647467884600206,
  score: 0.9503199111176653,
  generation: 6,
  time: 63607,
  startScore: 0.9503198057429041
}
🔁 Attempt 1/12: git pull --rebase --autostash
Already up to date.
📦 Changes detected — committing
[Develop 88d76b86] GRQ-7 Improved location models
 7 files changed, 7714 insertions(+), 4136 deletions(-)
To github.com:stSoftwareAU/GRQ-location.git
   cc76bff4..88d76b86  Develop -> Develop
✅ Push succeeded
Starting Industry... Mon 21 Jul 2025 05:12:39 AEST
Already up to date.
🔁 Attempting pull with rebase and conflict cleanup (attempt 1 of 6)...
✅ Git pull succeeded.
INVESTMENT_ADVICE , score: 0.9302677221507231
Skipping (good score) INVESTMENT_ADVICE , score: 0.930
ELECTRIC_LIGHTING-WIRING_EQUIPMENT , score: 0.7847867692018804
Skipping (good score) ELECTRIC_LIGHTING-WIRING_EQUIPMENT , score: 0.785
FARM_MACHINERY-EQUIPMENT , score: 0.8651805962083255
Skipping (good score) FARM_MACHINERY-EQUIPMENT , score: 0.865
PAPERBOARD_CONTAINERS-BOXES , score: 0.8698481861854953
Skipping (good score) PAPERBOARD_CONTAINERS-BOXES , score: 0.870
PLASTIC_MATERIALS_SYNTH_RESINS-NONVULCAN_ELASTOMERS , score: 0.9100220287423169
Skipping (good score) PLASTIC_MATERIALS_SYNTH_RESINS-NONVULCAN_ELASTOMERS , score: 0.910
PHOTOGRAPHIC_EQUIPMENT-SUPPLIES , score: 0.8485907386849226
Skipping (good score) PHOTOGRAPHIC_EQUIPMENT-SUPPLIES , score: 0.849
REAL_ESTATE_INVESTMENT_TRUSTS , score: 0.9450725082709828
Skipping (good score) REAL_ESTATE_INVESTMENT_TRUSTS , score: 0.945
AGRICULTURAL_SERVICES , score: 0.8104955876091525
Skipping (good score) AGRICULTURAL_SERVICES , score: 0.810
RETAIL-COMPUTER-COMPUTER_SOFTWARE_STORES , score: 0.9064368644598773
Skipping (good score) RETAIL-COMPUTER-COMPUTER_SOFTWARE_STORES , score: 0.906
INDUSTRIAL_TRUCKS_TRACTORS_TRAILORS-STACKERS , score: 0.8136784346005461
Skipping (good score) INDUSTRIAL_TRUCKS_TRACTORS_TRAILORS-STACKERS , score: 0.814
SERVICES-MISCELLANEOUS_BUSINESS_SERVICES , score: 0.8264258968630146
Skipping (good score) SERVICES-MISCELLANEOUS_BUSINESS_SERVICES , score: 0.826
X-RAY_APPARATUS-TUBES-RELATED_IRRADIATION_APPARATUS , score: 0.8681334805149513
Skipping (good score) X-RAY_APPARATUS-TUBES-RELATED_IRRADIATION_APPARATUS , score: 0.868
RETAIL-RECORD-PRERECORDED_TAPE_STORES , score: 0.9934385874764422
Skipping (good score) RETAIL-RECORD-PRERECORDED_TAPE_STORES , score: 0.993
RETAIL-EATING_PLACES , score: 0.9490469442696169
Skipping (good score) RETAIL-EATING_PLACES , score: 0.949
RADIO_BROADCASTING_STATIONS , score: 0.8532520852963804
Skipping (good score) RADIO_BROADCASTING_STATIONS , score: 0.853
MOTORCYCLES_BICYCLES-PARTS , score: 0.8423193408330454
Skipping (good score) MOTORCYCLES_BICYCLES-PARTS , score: 0.842
RETAIL-GROCERY_STORES , score: 0.8905392175920371
Skipping (good score) RETAIL-GROCERY_STORES , score: 0.891
DRILLING_OIL-GAS_WELLS , score: 0.8525012233701249
Skipping (good score) DRILLING_OIL-GAS_WELLS , score: 0.853
RETAIL-EATING-DRINKING_PLACES , score: 0.8633462955689742
Skipping (good score) RETAIL-EATING-DRINKING_PLACES , score: 0.863
COATING_ENGRAVING-ALLIED_SERVICES , score: 0.947372291816902
Skipping (good score) COATING_ENGRAVING-ALLIED_SERVICES , score: 0.947
MALT_BEVERAGES , score: 0.9001711039228657
Skipping (good score) MALT_BEVERAGES , score: 0.900
HEATING_EQUIP_EXCEPT_ELEC-WARM_AIR;-PLUMBING_FIXTURES , score: 0.8654231427137287
Skipping (good score) HEATING_EQUIP_EXCEPT_ELEC-WARM_AIR;-PLUMBING_FIXTURES , score: 0.865
NATURAL_GAS_TRANSMISISON-DISTRIBUTION , score: 0.8895829596948545
Skipping (good score) NATURAL_GAS_TRANSMISISON-DISTRIBUTION , score: 0.890
ABRASIVE_ASBESTOS-MISC_NONMETALLIC_MINERAL_PRODS , score: 0.8839845878549552
Skipping (good score) ABRASIVE_ASBESTOS-MISC_NONMETALLIC_MINERAL_PRODS , score: 0.884
DRAWING-INSULATING_OF_NONFERROUS_WIRE , score: 0.8570930851971393
Skipping (good score) DRAWING-INSULATING_OF_NONFERROUS_WIRE , score: 0.857
GENERAL_BLDG_CONTRACTORS-RESIDENTIAL_BLDGS , score: 0.78874930125247
Skipping (good score) GENERAL_BLDG_CONTRACTORS-RESIDENTIAL_BLDGS , score: 0.789
FUNCTIONS_RELATED_TO_DEPOSITORY_BANKING_NEC , score: 0.7770642160927859
Skipping (good score) FUNCTIONS_RELATED_TO_DEPOSITORY_BANKING_NEC , score: 0.777
WHOLESALE-INDUSTRIAL_MACHINERY-EQUIPMENT , score: 0.8212444436449156
Skipping (good score) WHOLESALE-INDUSTRIAL_MACHINERY-EQUIPMENT , score: 0.821
CEMENT_HYDRAULIC , score: 0.8694996652550733
Skipping (good score) CEMENT_HYDRAULIC , score: 0.869
SURETY_INSURANCE , score: 0.8810472057142774
Skipping (good score) SURETY_INSURANCE , score: 0.881
INDUSTRIAL-COMMERCIAL_FANS-BLOWERS-AIR_PURIFING_EQUIP , score: 0.8290604478517591
Skipping (good score) INDUSTRIAL-COMMERCIAL_FANS-BLOWERS-AIR_PURIFING_EQUIP , score: 0.829
RETAIL-SHOE_STORES , score: 0.8503181742924817
Skipping (good score) RETAIL-SHOE_STORES , score: 0.850
SERVICES-SERVICES_NEC , score: 0.969800558913203
Skipping (good score) SERVICES-SERVICES_NEC , score: 0.970
WOOD_HOUSEHOLD_FURNITURE_NO_UPHOLSTERED , score: 0.7936353625885442
Skipping (good score) WOOD_HOUSEHOLD_FURNITURE_NO_UPHOLSTERED , score: 0.794
AIRCRAFT , score: 0.8511941222748364
Skipping (good score) AIRCRAFT , score: 0.851
GLASS_PRODUCTS_MADE_OF_PURCHASED_GLASS , score: 0.9029722319708291
Skipping (good score) GLASS_PRODUCTS_MADE_OF_PURCHASED_GLASS , score: 0.903
WHOLESALE-METALS-MINERALS_NO_PETROLEUM , score: 0.9547363736409603
Skipping (good score) WHOLESALE-METALS-MINERALS_NO_PETROLEUM , score: 0.955
SEMICONDUCTORS-RELATED_DEVICES , score: 0.9445934182166296
Skipping (good score) SEMICONDUCTORS-RELATED_DEVICES , score: 0.945
WHOLESALE-LUMBER_PLYWOOD_MILLWORK-WOOD_PANELS , score: 0.900788771111022
Skipping (good score) WHOLESALE-LUMBER_PLYWOOD_MILLWORK-WOOD_PANELS , score: 0.901
SERVICES-LEGAL_SERVICES , score: 0.7610074408646744
Skipping (good score) SERVICES-LEGAL_SERVICES , score: 0.761
RETAIL-WOMENS_CLOTHING_STORES , score: 0.8350266244959493
Skipping (good score) RETAIL-WOMENS_CLOTHING_STORES , score: 0.835
RETAIL-JEWELRY_STORES , score: 0.8261586455969164
Skipping (good score) RETAIL-JEWELRY_STORES , score: 0.826
REAL_ESTATE_OPERATORS_NO_DEVELOPERS-LESSORS , score: 0.9397921516127131
Skipping (good score) REAL_ESTATE_OPERATORS_NO_DEVELOPERS-LESSORS , score: 0.940
PLASTICS_FOIL-COATED_PAPER_BAGS , score: 0.9511323436347178
Skipping (good score) PLASTICS_FOIL-COATED_PAPER_BAGS , score: 0.951
OPERATORS_OF_APARTMENT_BUILDINGS , score: 0.9971358023460056
Skipping (good score) OPERATORS_OF_APARTMENT_BUILDINGS , score: 0.997
PUMPS-PUMPING_EQUIPMENT , score: 0.8782931385969808
Skipping (good score) PUMPS-PUMPING_EQUIPMENT , score: 0.878
SHORT-TERM_BUSINESS_CREDIT_INSTITUTIONS , score: 0.827550820993555
Skipping (good score) SHORT-TERM_BUSINESS_CREDIT_INSTITUTIONS , score: 0.828
RAILROAD_SWITCHING-TERMINAL_ESTABLISHMENTS , score: 0.959213522409092
Skipping (good score) RAILROAD_SWITCHING-TERMINAL_ESTABLISHMENTS , score: 0.959
ELECTRIC-OTHER_SERVICES_COMBINED , score: 0.9287809635825192
Skipping (good score) ELECTRIC-OTHER_SERVICES_COMBINED , score: 0.929
RETAIL-CATALOG-MAIL-ORDER_HOUSES , score: 0.9334157928158195
Skipping (good score) RETAIL-CATALOG-MAIL-ORDER_HOUSES , score: 0.933
SERVICES-MOTION_PICTURE_THEATERS , score: 0.8111214821735003
Skipping (good score) SERVICES-MOTION_PICTURE_THEATERS , score: 0.811
WHOLESALE-MOTOR_VEHICLE_SUPPLIES-NEW_PARTS , score: 0.8750490445080037
Skipping (good score) WHOLESALE-MOTOR_VEHICLE_SUPPLIES-NEW_PARTS , score: 0.875
REAL_ESTATE , score: 0.9149310581911488
Skipping (good score) REAL_ESTATE , score: 0.915
WATER_TRANSPORTATION , score: 0.9361497864378769
Skipping (good score) WATER_TRANSPORTATION , score: 0.936
SPORTING-ATHLETIC_GOODS_NEC , score: 0.8262821078309716
Skipping (good score) SPORTING-ATHLETIC_GOODS_NEC , score: 0.826
RETAIL-HOME_FURNITURE_FURNISHINGS-EQUIPMENT_STORES , score: 0.8216362718825386
Skipping (good score) RETAIL-HOME_FURNITURE_FURNISHINGS-EQUIPMENT_STORES , score: 0.822
COMPUTER_STORAGE_DEVICES , score: 0.8796393187691921
Skipping (good score) COMPUTER_STORAGE_DEVICES , score: 0.880
METAL_DOORS_SASH_FRAMES_MOLDINGS-TRIM , score: 0.8311135392051726
Skipping (good score) METAL_DOORS_SASH_FRAMES_MOLDINGS-TRIM , score: 0.831
SAUSAGES-OTHER_PREPARED_MEAT_PRODUCTS , score: 0.976587091882466
Skipping (good score) SAUSAGES-OTHER_PREPARED_MEAT_PRODUCTS , score: 0.977
SERVICES-MISCELLANEOUS_EQUIPMENT_RENTAL-LEASING , score: 0.8484553108608964
Skipping (good score) SERVICES-MISCELLANEOUS_EQUIPMENT_RENTAL-LEASING , score: 0.848
SERVICES-MEMBERSHIP_SPORTS-RECREATION_CLUBS , score: 0.9184768188847873
Skipping (good score) SERVICES-MEMBERSHIP_SPORTS-RECREATION_CLUBS , score: 0.918
TRUCK_TRAILERS , score: 0.892624111444415
Skipping (good score) TRUCK_TRAILERS , score: 0.893
HEATING_EQUIPMENT_EXCEPT_ELECTRIC-WARM_AIR_FURNACES , score: 0.9298819225498532
Skipping (good score) HEATING_EQUIPMENT_EXCEPT_ELECTRIC-WARM_AIR_FURNACES , score: 0.930
NEWSPAPERS_PUBLISHING_OR_PUBLISHING-PRINTING , score: 0.8077298496355639
Skipping (good score) NEWSPAPERS_PUBLISHING_OR_PUBLISHING-PRINTING , score: 0.808
SEARCH_DETECTION_NAVAGATION_GUIDANCE_AERONAUTICAL_SYS , score: 0.8950118120135183
Skipping (good score) SEARCH_DETECTION_NAVAGATION_GUIDANCE_AERONAUTICAL_SYS , score: 0.895
BAKERY_PRODUCTS , score: 0.9542265187867189
Skipping (good score) BAKERY_PRODUCTS , score: 0.954
DEEP_SEA_FOREIGN_TRANSPORTATION_OF_FREIGHT , score: 0.8964932280457251
Skipping (good score) DEEP_SEA_FOREIGN_TRANSPORTATION_OF_FREIGHT , score: 0.896
WHOLESALE-MACHINERY_EQUIPMENT-SUPPLIES , score: 0.8410353016002489
Skipping (good score) WHOLESALE-MACHINERY_EQUIPMENT-SUPPLIES , score: 0.841
ENGINES-TURBINES , score: 0.8749793378521059
Skipping (good score) ENGINES-TURBINES , score: 0.875
BLANK_CHECKS , score: 0.8763447912365198
Skipping (good score) BLANK_CHECKS , score: 0.876
ELECTRONIC_COILS_TRANSFORMERS-OTHER_INDUCTORS , score: 0.9120883948719989
Skipping (good score) ELECTRONIC_COILS_TRANSFORMERS-OTHER_INDUCTORS , score: 0.912
LAND_SUBDIVIDERS-DEVELOPERS_NO_CEMETERIES , score: 0.7850296080162444
Skipping (good score) LAND_SUBDIVIDERS-DEVELOPERS_NO_CEMETERIES , score: 0.785
MISCELLANEOUS_TRANSPORTATION_EQUIPMENT , score: 0.8009894138706822
Skipping (good score) MISCELLANEOUS_TRANSPORTATION_EQUIPMENT , score: 0.801
ELECTRONIC_COMPONENTS_NEC , score: 0.8936211521011671
Skipping (good score) ELECTRONIC_COMPONENTS_NEC , score: 0.894
SERVICES-MEDICAL_LABORATORIES , score: 0.863182681770563
Skipping (good score) SERVICES-MEDICAL_LABORATORIES , score: 0.863
LEATHER-LEATHER_PRODUCTS , score: 0.8669711638378333
Skipping (good score) LEATHER-LEATHER_PRODUCTS , score: 0.867
RETAIL-LUMBER-OTHER_BUILDING_MATERIALS_DEALERS , score: 0.8599899827617421
Skipping (good score) RETAIL-LUMBER-OTHER_BUILDING_MATERIALS_DEALERS , score: 0.860
SERVICES-HOME_HEALTH_CARE_SERVICES , score: 0.9099346152157356
Skipping (good score) SERVICES-HOME_HEALTH_CARE_SERVICES , score: 0.910
RETAIL-FURNITURE_STORES , score: 0.7576144776901652
Skipping (good score) RETAIL-FURNITURE_STORES , score: 0.758
PREPARED_FRESH_OR_FROZEN_FISH-SEAFOODS , score: 0.9936704457497234
Skipping (good score) PREPARED_FRESH_OR_FROZEN_FISH-SEAFOODS , score: 0.994
ELECTRIC_GAS-SANITARY_SERVICES , score: 0.8771892746594719
Skipping (good score) ELECTRIC_GAS-SANITARY_SERVICES , score: 0.877
JEWELRY_SILVERWARE-PLATED_WARE , score: 0.9597184429024654
Skipping (good score) JEWELRY_SILVERWARE-PLATED_WARE , score: 0.960
DOLLS-STUFFED_TOYS , score: 0.8860630572490716
Skipping (good score) DOLLS-STUFFED_TOYS , score: 0.886
SAVINGS_INSTITUTION_FEDERALLY_CHARTERED , score: 0.9055567402239205
Skipping (good score) SAVINGS_INSTITUTION_FEDERALLY_CHARTERED , score: 0.906
UNSUPPORTED_PLASTICS_FILM-SHEET , score: 0.9510190600408052
Skipping (good score) UNSUPPORTED_PLASTICS_FILM-SHEET , score: 0.951
TOBACCO_PRODUCTS , score: 0.9501091603688879
Skipping (good score) TOBACCO_PRODUCTS , score: 0.950
PRINTING_TRADES_MACHINERY-EQUIPMENT , score: 0.9369256260934274
Skipping (good score) PRINTING_TRADES_MACHINERY-EQUIPMENT , score: 0.937
WHOLESALE-DURABLE_GOODS_NEC , score: 0.9064169053795171
Skipping (good score) WHOLESALE-DURABLE_GOODS_NEC , score: 0.906
TEXTILE_MILL_PRODUCTS , score: 0.8497638768253867
Skipping (good score) TEXTILE_MILL_PRODUCTS , score: 0.850
BEVERAGES , score: 0.9234883242164541
Skipping (good score) BEVERAGES , score: 0.923
ELECTRIC_SERVICES , score: 0.9501766803524543
Skipping (good score) ELECTRIC_SERVICES , score: 0.950
CANNED_FRUITS_VEG_PRESERVES_JAMS-JELLIES , score: 0.7860195446206145
Skipping (good score) CANNED_FRUITS_VEG_PRESERVES_JAMS-JELLIES , score: 0.786
COMPUTER_COMMUNICATIONS_EQUIPMENT , score: 0.8911635921467596
Skipping (good score) COMPUTER_COMMUNICATIONS_EQUIPMENT , score: 0.891
SERVICES-CHILD_DAY_CARE_SERVICES , score: 0.9116171877427593
Skipping (good score) SERVICES-CHILD_DAY_CARE_SERVICES , score: 0.912
STATE_COMMERCIAL_BANKS , score: 0.9283071858992857
Skipping (good score) STATE_COMMERCIAL_BANKS , score: 0.928
OPERATORS_OF_NONRESIDENTIAL_BUILDINGS , score: 0.8043438646426643
Skipping (good score) OPERATORS_OF_NONRESIDENTIAL_BUILDINGS , score: 0.804
LOCAL-SUBURBAN_TRANSIT-INTERURBAN_HWY_PASSENGER_TRANS , score: 0.9630279885752072
Skipping (good score) LOCAL-SUBURBAN_TRANSIT-INTERURBAN_HWY_PASSENGER_TRANS , score: 0.963
BITUMINOUS_COAL-LIGNITE_MINING , score: 0.8103577213036931
Skipping (good score) BITUMINOUS_COAL-LIGNITE_MINING , score: 0.810
GLASS_CONTAINERS , score: 0.8801451796644176
Skipping (good score) GLASS_CONTAINERS , score: 0.880
MOBILE_HOMES , score: 0.7935139916880439
Skipping (good score) MOBILE_HOMES , score: 0.794
PERIODICALS_PUBLISHING_OR_PUBLISHING-PRINTING , score: 0.7911797087578752
Skipping (good score) PERIODICALS_PUBLISHING_OR_PUBLISHING-PRINTING , score: 0.791
RETAIL-NONSTORE_RETAILERS , score: 0.9634721585549935
Skipping (good score) RETAIL-NONSTORE_RETAILERS , score: 0.963
PERFUMES_COSMETICS-OTHER_TOILET_PREPARATIONS , score: 0.8882450001209371
Skipping (good score) PERFUMES_COSMETICS-OTHER_TOILET_PREPARATIONS , score: 0.888
FLAT_GLASS , score: 0.942681610820826
Skipping (good score) FLAT_GLASS , score: 0.943
OPTICAL_INSTRUMENTS-LENSES , score: 0.861862441319854
Skipping (good score) OPTICAL_INSTRUMENTS-LENSES , score: 0.862
INSURANCE_AGENTS_BROKERS-SERVICE , score: 0.9427767005566879
Skipping (good score) INSURANCE_AGENTS_BROKERS-SERVICE , score: 0.943
SERVICES-DETECTIVE_GUARD-ARMORED_CAR_SERVICES , score: 0.8805253547498075
Skipping (good score) SERVICES-DETECTIVE_GUARD-ARMORED_CAR_SERVICES , score: 0.881
ELECTRICAL_INDUSTRIAL_APPARATUS , score: 0.8355941779224064
Skipping (good score) ELECTRICAL_INDUSTRIAL_APPARATUS , score: 0.836
MENS-BOYS_FURNISHGS_WORK_CLOTHG-ALLIED_GARMENTS , score: 0.8252791400763548
Skipping (good score) MENS-BOYS_FURNISHGS_WORK_CLOTHG-ALLIED_GARMENTS , score: 0.825
SHIP-BOAT_BUILDING-REPAIRING , score: 0.8631259056502588
Skipping (good score) SHIP-BOAT_BUILDING-REPAIRING , score: 0.863
RETAIL-HOBBY_TOY-GAME_SHOPS , score: 0.7748606760699898
Skipping (good score) RETAIL-HOBBY_TOY-GAME_SHOPS , score: 0.775
WOMENS_MISSES_AND_JUNIORS_OUTERWEAR , score: 0.9062178320853408
Skipping (good score) WOMENS_MISSES_AND_JUNIORS_OUTERWEAR , score: 0.906
RETAIL-FAMILY_CLOTHING_STORES , score: 0.9254592354882933
Skipping (good score) RETAIL-FAMILY_CLOTHING_STORES , score: 0.925
NATURAL_GAS_DISTRIBUTION , score: 0.9273776074515298
Skipping (good score) NATURAL_GAS_DISTRIBUTION , score: 0.927
ELECTROMEDICAL-ELECTROTHERAPEUTIC_APPARATUS , score: 0.8834688701428213
Skipping (good score) ELECTROMEDICAL-ELECTROTHERAPEUTIC_APPARATUS , score: 0.883
SPECIALTY_CLEANING_POLISHING_AND_SANITATION_PREPARATIONS , score: 0.8248630631192605
Skipping (good score) SPECIALTY_CLEANING_POLISHING_AND_SANITATION_PREPARATIONS , score: 0.825
SERVICES-HELP_SUPPLY_SERVICES , score: 0.9447714955234633
Skipping (good score) SERVICES-HELP_SUPPLY_SERVICES , score: 0.945
RETAIL-FOOD_STORES , score: 0.945231987616433
Skipping (good score) RETAIL-FOOD_STORES , score: 0.945
TOTALIZING_FLUID_METERS-COUNTING_DEVICES , score: 0.8037627379632216
Skipping (good score) TOTALIZING_FLUID_METERS-COUNTING_DEVICES , score: 0.804
SERVICES-MANAGEMENT_SERVICES , score: 0.8484611722303805
Skipping (good score) SERVICES-MANAGEMENT_SERVICES , score: 0.848
GENERAL_BLDG_CONTRACTORS-NONRESIDENTIAL_BLDGS , score: 0.827558215010243
Skipping (good score) GENERAL_BLDG_CONTRACTORS-NONRESIDENTIAL_BLDGS , score: 0.828
RETAIL-BUILDING_MATERIALS_HARDWARE_GARDEN_SUPPLY , score: 0.8964853250466586
Skipping (good score) RETAIL-BUILDING_MATERIALS_HARDWARE_GARDEN_SUPPLY , score: 0.896
TELEGRAPH-OTHER_MESSAGE_COMMUNICATIONS , score: 0.9052225102072768
Skipping (good score) TELEGRAPH-OTHER_MESSAGE_COMMUNICATIONS , score: 0.905
SERVICES-EMPLOYMENT_AGENCIES , score: 0.8596290734365286
Skipping (good score) SERVICES-EMPLOYMENT_AGENCIES , score: 0.860
METAL_FORGINGS-STAMPINGS , score: 0.8084782759480006
Skipping (good score) METAL_FORGINGS-STAMPINGS , score: 0.808
SERVICES-AUTO_RENTAL-LEASING_NO_DRIVERS , score: 0.8625030762994363
Skipping (good score) SERVICES-AUTO_RENTAL-LEASING_NO_DRIVERS , score: 0.863
AIR-COND-WARM_AIR_HEATG_EQUIP-COMM-INDL_REFRIG_EQUIP , score: 0.8390717932033614
Skipping (good score) AIR-COND-WARM_AIR_HEATG_EQUIP-COMM-INDL_REFRIG_EQUIP , score: 0.839
LIFE_INSURANCE , score: 0.927764543671501
Skipping (good score) LIFE_INSURANCE , score: 0.928
OPERATIVE_BUILDERS , score: 0.8789779007679447
Skipping (good score) OPERATIVE_BUILDERS , score: 0.879
SERVICES-TO_DWELLINGS-OTHER_BUILDINGS , score: 0.8440662097539642
Skipping (good score) SERVICES-TO_DWELLINGS-OTHER_BUILDINGS , score: 0.844
OIL-GAS_FIELD_MACHINERY-EQUIPMENT , score: 0.8589360045699352
Skipping (good score) OIL-GAS_FIELD_MACHINERY-EQUIPMENT , score: 0.859
SERVICES-FACILITIES_SUPPORT_MANAGEMENT_SERVICES , score: 0.922309996196261
Skipping (good score) SERVICES-FACILITIES_SUPPORT_MANAGEMENT_SERVICES , score: 0.922
PAPERBOARD_MILLS , score: 0.8720334706681826
Skipping (good score) PAPERBOARD_MILLS , score: 0.872
WHOLESALE-PAPER-PAPER_PRODUCTS , score: 0.946575827459658
Skipping (good score) WHOLESALE-PAPER-PAPER_PRODUCTS , score: 0.947
IN_VITRO-IN_VIVO_DIAGNOSTIC_SUBSTANCES , score: 0.9413757512881161
Skipping (good score) IN_VITRO-IN_VIVO_DIAGNOSTIC_SUBSTANCES , score: 0.941
WHOLESALE-PETROLEUM_BULK_STATIONS-TERMINALS , score: 0.7099499884896089
Skipping (good score) WHOLESALE-PETROLEUM_BULK_STATIONS-TERMINALS , score: 0.710
SERVICES-HOSPITALS , score: 0.860100793997224
Skipping (good score) SERVICES-HOSPITALS , score: 0.860
SERVICES-MOTION_PICTURE-VIDEO_TAPE_PRODUCTION , score: 0.7888786980323258
Skipping (good score) SERVICES-MOTION_PICTURE-VIDEO_TAPE_PRODUCTION , score: 0.789
PARTITIONS_SHELVG_LOCKERS-OFFICE-STORE_FIXTURES , score: 0.9902333531957502
Skipping (good score) PARTITIONS_SHELVG_LOCKERS-OFFICE-STORE_FIXTURES , score: 0.990
CABLE-OTHER_PAY_TELEVISION_SERVICES , score: 0.8928914905410108
Skipping (good score) CABLE-OTHER_PAY_TELEVISION_SERVICES , score: 0.893
SERVICES-ADVERTISING , score: 0.8796094864812433
Skipping (good score) SERVICES-ADVERTISING , score: 0.880
METAL_SHIPPING_BARRELS_DRUMS_KEGS-PAILS , score: 0.8752550418027454
Skipping (good score) METAL_SHIPPING_BARRELS_DRUMS_KEGS-PAILS , score: 0.875
RUBBER-PLASTICS_FOOTWEAR , score: 0.8713959702957788
Skipping (good score) RUBBER-PLASTICS_FOOTWEAR , score: 0.871
INSURANCE_CARRIERS_NEC , score: 0.7932468856779558
Skipping (good score) INSURANCE_CARRIERS_NEC , score: 0.793
OIL-GAS_FIELD_EXPLORATION_SERVICES , score: 0.869889138150752
Skipping (good score) OIL-GAS_FIELD_EXPLORATION_SERVICES , score: 0.870
SERVICES-BUSINESS_SERVICES_NEC , score: 0.9540734872670616
Skipping (good score) SERVICES-BUSINESS_SERVICES_NEC , score: 0.954
AIR_TRANSPORTATION_NONSCHEDULED , score: 0.8054873373323624
Skipping (good score) AIR_TRANSPORTATION_NONSCHEDULED , score: 0.805
FOOTWEAR_NO_RUBBER , score: 0.888701980152624
Skipping (good score) FOOTWEAR_NO_RUBBER , score: 0.889
ACCIDENT-HEALTH_INSURANCE , score: 0.8820721463451789
Skipping (good score) ACCIDENT-HEALTH_INSURANCE , score: 0.882
OPHTHALMIC_GOODS , score: 0.8424095913212595
Skipping (good score) OPHTHALMIC_GOODS , score: 0.842
SWITCHGEAR-SWITCHBOARD_APPARATUS , score: 0.8294611992693512
Skipping (good score) SWITCHGEAR-SWITCHBOARD_APPARATUS , score: 0.829
PRIMARY_SMELTING-REFINING_OF_NONFERROUS_METALS , score: 0.9647085042445376
Skipping (good score) PRIMARY_SMELTING-REFINING_OF_NONFERROUS_METALS , score: 0.965
MISCELLANEOUS_PRODUCTS_OF_PETROLEUM-COAL , score: 0.736033954937236
Skipping (good score) MISCELLANEOUS_PRODUCTS_OF_PETROLEUM-COAL , score: 0.736
MINERAL_ROYALTY_TRADERS , score: 0.8293430288799934
Skipping (good score) MINERAL_ROYALTY_TRADERS , score: 0.829
SECURITY-COMMODITY_BROKERS_DEALERS_EXCHANGES-SERVICES , score: 0.9205505009364449
Skipping (good score) SECURITY-COMMODITY_BROKERS_DEALERS_EXCHANGES-SERVICES , score: 0.921
REFRIGERATION-SERVICE_INDUSTRY_MACHINERY , score: 0.8496906490247494
Skipping (good score) REFRIGERATION-SERVICE_INDUSTRY_MACHINERY , score: 0.850
WHOLESALE-LUMBER-OTHER_CONSTRUCTION_MATERIALS , score: 0.840656474804714
Skipping (good score) WHOLESALE-LUMBER-OTHER_CONSTRUCTION_MATERIALS , score: 0.841
SPECIAL_INDUSTRY_MACHINERY_NO_METALWORKING_MACHINERY , score: 0.8586570135519651
Skipping (good score) SPECIAL_INDUSTRY_MACHINERY_NO_METALWORKING_MACHINERY , score: 0.859
HEAVY_CONSTRUCTION_OTHER_THAN_BLDG_CONST-CONTRACTORS , score: 0.868765346847987
Skipping (good score) HEAVY_CONSTRUCTION_OTHER_THAN_BLDG_CONST-CONTRACTORS , score: 0.869
PATENT_OWNERS-LESSORS , score: 0.8941765827406569
Skipping (good score) PATENT_OWNERS-LESSORS , score: 0.894
MISCELLANEOUS_FABRICATED_METAL_PRODUCTS , score: 0.8779655074475841
Skipping (good score) MISCELLANEOUS_FABRICATED_METAL_PRODUCTS , score: 0.878
METAL_CANS , score: 0.8824913792120966
Skipping (good score) METAL_CANS , score: 0.882
METAL_MINING , score: 0.926395862221316
Skipping (good score) METAL_MINING , score: 0.926
MISCELLANEOUS_METAL_ORES , score: 0.7847675629047212
Skipping (good score) MISCELLANEOUS_METAL_ORES , score: 0.785
OFFICE_FURNITURE , score: 0.8655997108507539
Skipping (good score) OFFICE_FURNITURE , score: 0.866
SERVICES-NURSING-PERSONAL_CARE_FACILITIES , score: 0.8266853475816428
Skipping (good score) SERVICES-NURSING-PERSONAL_CARE_FACILITIES , score: 0.827
APPAREL-OTHER_FINISHD_PRODS_OF_FABRICS-SIMILAR_MATL , score: 0.9033549976718358
Skipping (good score) APPAREL-OTHER_FINISHD_PRODS_OF_FABRICS-SIMILAR_MATL , score: 0.903
AUTO_CONTROLS_FOR_REGULATING_RESIDENTIAL-COMML_ENVIRONMENTS , score: 0.897231121053783
Skipping (good score) AUTO_CONTROLS_FOR_REGULATING_RESIDENTIAL-COMML_ENVIRONMENTS , score: 0.897
STRUCTURAL_CLAY_PRODUCTS , score: 0.908021338946276
Skipping (good score) STRUCTURAL_CLAY_PRODUCTS , score: 0.908
SERVICES-MANAGEMENT_CONSULTING_SERVICES , score: 0.937161671503775
Skipping (good score) SERVICES-MANAGEMENT_CONSULTING_SERVICES , score: 0.937
NATIONAL_COMMERCIAL_BANKS , score: 0.9083175272188734
Skipping (good score) NATIONAL_COMMERCIAL_BANKS , score: 0.908
MISC_INDUSTRIAL-COMMERCIAL_MACHINERY-EQUIPMENT , score: 0.8506150929253078
Skipping (good score) MISC_INDUSTRIAL-COMMERCIAL_MACHINERY-EQUIPMENT , score: 0.851
SERVICES-MISC_HEALTH-ALLIED_SERVICES_NEC , score: 0.8678085855911899
Skipping (good score) SERVICES-MISC_HEALTH-ALLIED_SERVICES_NEC , score: 0.868
GOLD_AND_SILVER_ORES , score: 0.8633911764061879
Skipping (good score) GOLD_AND_SILVER_ORES , score: 0.863
POWER_DISTRIBUTION-SPECIALTY_TRANSFORMERS , score: 0.9310308519148661
Skipping (good score) POWER_DISTRIBUTION-SPECIALTY_TRANSFORMERS , score: 0.931
ELECTRONIC_COMPONENTS-ACCESSORIES , score: 0.9040132933982911
Skipping (good score) ELECTRONIC_COMPONENTS-ACCESSORIES , score: 0.904
CALCULATING-ACCOUNTING_MACHINES_NO_ELECTRONIC_COMPUTERS , score: 0.7907793459877066
Skipping (good score) CALCULATING-ACCOUNTING_MACHINES_NO_ELECTRONIC_COMPUTERS , score: 0.791
FOOD_AND_KINDRED_PRODUCTS , score: 0.9453120087293188
Skipping (good score) FOOD_AND_KINDRED_PRODUCTS , score: 0.945
PRINTED_CIRCUIT_BOARDS , score: 0.8801186594775636
Skipping (good score) PRINTED_CIRCUIT_BOARDS , score: 0.880
SERVICES-COMPUTER_PROGRAMMING_SERVICES , score: 0.9433253351035172
Skipping (good score) SERVICES-COMPUTER_PROGRAMMING_SERVICES , score: 0.943
SERVICES-PERSONAL_SERVICES , score: 0.9455818551360863
Skipping (good score) SERVICES-PERSONAL_SERVICES , score: 0.946
WHOLESALE-DURABLE_GOODS , score: 0.8988336257483918
Skipping (good score) WHOLESALE-DURABLE_GOODS , score: 0.899
COGENERATION_SERVICES-SMALL_POWER_PRODUCERS , score: 0.8757906182995576
Skipping (good score) COGENERATION_SERVICES-SMALL_POWER_PRODUCERS , score: 0.876
ADHESIVES-SEALANTS , score: 0.8013170405498439
Skipping (good score) ADHESIVES-SEALANTS , score: 0.801
SURGICAL-MEDICAL_INSTRUMENTS-APPARATUS , score: 0.9434559597670078
Skipping (good score) SURGICAL-MEDICAL_INSTRUMENTS-APPARATUS , score: 0.943
TELEPHONE-TELEGRAPH_APPARATUS , score: 0.890253658887965
Skipping (good score) TELEPHONE-TELEGRAPH_APPARATUS , score: 0.890
TRUCKING-COURIER_SERVICES_NO_AIR , score: 0.8681607285156215
Skipping (good score) TRUCKING-COURIER_SERVICES_NO_AIR , score: 0.868
CUTLERY_HANDTOOLS-GENERAL_HARDWARE , score: 0.8448412018100879
Skipping (good score) CUTLERY_HANDTOOLS-GENERAL_HARDWARE , score: 0.845
ROLLING_DRAWING-EXTRUDING_OF_NONFERROUS_METALS , score: 0.8642739339546911
Skipping (good score) ROLLING_DRAWING-EXTRUDING_OF_NONFERROUS_METALS , score: 0.864
METALWORKG_MACHINERY-EQUIPMENT , score: 0.8620300529660139
Skipping (good score) METALWORKG_MACHINERY-EQUIPMENT , score: 0.862
FABRICATED_PLATE_WORK_BOILER_SHOPS , score: 0.8536519409835783
Skipping (good score) FABRICATED_PLATE_WORK_BOILER_SHOPS , score: 0.854
COOKIES-CRACKERS , score: 0.8943988735144375
Skipping (good score) COOKIES-CRACKERS , score: 0.894
WHOLESALE-CHEMICALS-ALLIED_PRODUCTS , score: 0.8625474404418696
Skipping (good score) WHOLESALE-CHEMICALS-ALLIED_PRODUCTS , score: 0.863
TIRES-INNER_TUBES , score: 0.8206599652209826
Skipping (good score) TIRES-INNER_TUBES , score: 0.821
CONCRETE_PRODUCTS_EXCEPT_BLOCK-BRICK , score: 0.9494050747924437
Skipping (good score) CONCRETE_PRODUCTS_EXCEPT_BLOCK-BRICK , score: 0.949
PIPE_LINES_NO_NATURAL_GAS , score: 0.9189844949178931
Skipping (good score) PIPE_LINES_NO_NATURAL_GAS , score: 0.919
SERVICES-DIRECT_MAIL_ADVERTISING_SERVICES , score: 0.9297611401067111
Skipping (good score) SERVICES-DIRECT_MAIL_ADVERTISING_SERVICES , score: 0.930
MEAT_PACKING_PLANTS , score: 0.788348351722186
Skipping (good score) MEAT_PACKING_PLANTS , score: 0.788
BOTTLED-CANNED_SOFT_DRINKS-CARBONATED_WATERS , score: 0.9179240795866236
Skipping (good score) BOTTLED-CANNED_SOFT_DRINKS-CARBONATED_WATERS , score: 0.918
INVESTORS_NEC , score: 0.8291429108916525
Skipping (good score) INVESTORS_NEC , score: 0.829
CONVERTED_PAPER-PAPERBOARD_PRODS_NO_CONTANERS-BOXES , score: 0.8704427486734361
Skipping (good score) CONVERTED_PAPER-PAPERBOARD_PRODS_NO_CONTANERS-BOXES , score: 0.870
PHONOGRAPH_RECORDS-PRERECORDED_AUDIO_TAPES-DISKS , score: 0.955255099386221
Skipping (good score) PHONOGRAPH_RECORDS-PRERECORDED_AUDIO_TAPES-DISKS , score: 0.955
WHOLESALE-DRUGS_PROPRIETARIES-DRUGGISTS_SUNDRIES , score: 0.8899838319750861
Skipping (good score) WHOLESALE-DRUGS_PROPRIETARIES-DRUGGISTS_SUNDRIES , score: 0.890
MISCELLANEOUS_PUBLISHING , score: 0.8840567007605968
Skipping (good score) MISCELLANEOUS_PUBLISHING , score: 0.884
SECONDARY_SMELTING-REFINING_OF_NONFERROUS_METALS , score: 0.8904692804457454
Skipping (good score) SECONDARY_SMELTING-REFINING_OF_NONFERROUS_METALS , score: 0.890
GENERAL_INDUSTRIAL_MACHINERY-EQUIPMENT , score: 0.856831615925475
Skipping (good score) GENERAL_INDUSTRIAL_MACHINERY-EQUIPMENT , score: 0.857
SERVICES-ENGINEERING_SERVICES , score: 0.8530192927012143
Skipping (good score) SERVICES-ENGINEERING_SERVICES , score: 0.853
SERVICES-PREPACKAGED_SOFTWARE , score: 0.9494548418217577
Skipping (good score) SERVICES-PREPACKAGED_SOFTWARE , score: 0.949
FABRICATED_STRUCTURAL_METAL_PRODUCTS , score: 0.8619171544503657
Skipping (good score) FABRICATED_STRUCTURAL_METAL_PRODUCTS , score: 0.862
SERVICES-COMPUTER_RENTAL-LEASING , score: 0.9973928893335418
Skipping (good score) SERVICES-COMPUTER_RENTAL-LEASING , score: 0.997
HOTELS_ROOMING_HOUSES_CAMPS-OTHER_LODGING_PLACES , score: 0.8574552581349439
Skipping (good score) HOTELS_ROOMING_HOUSES_CAMPS-OTHER_LODGING_PLACES , score: 0.857
PAINTS_VARNISHES_LACQUERS_ENAMELS-ALLIED_PRODS , score: 0.8665805739634778
Skipping (good score) PAINTS_VARNISHES_LACQUERS_ENAMELS-ALLIED_PRODS , score: 0.867
LOAN_BROKERS , score: 0.8690936583525082
Skipping (good score) LOAN_BROKERS , score: 0.869
RETAIL-DRUG_STORES_AND_PROPRIETARY_STORES , score: 0.887154096481746
Skipping (good score) RETAIL-DRUG_STORES_AND_PROPRIETARY_STORES , score: 0.887
ELECTRONIC_CONNECTORS , score: 0.8447363321850286
Skipping (good score) ELECTRONIC_CONNECTORS , score: 0.845
REFUSE_SYSTEMS , score: 0.8553315601105594
Skipping (good score) REFUSE_SYSTEMS , score: 0.855
ELECTRIC_HOUSEWARES-FANS , score: 0.8269937973293284
Skipping (good score) ELECTRIC_HOUSEWARES-FANS , score: 0.827
RADIO-TV_BROADCASTING-COMMUNICATIONS_EQUIPMENT , score: 0.9399927350196077
Skipping (good score) RADIO-TV_BROADCASTING-COMMUNICATIONS_EQUIPMENT , score: 0.940
WHOLESALE-MISCELLANEOUS_NONDURABLE_GOODS , score: 0.782004549016303
Skipping (good score) WHOLESALE-MISCELLANEOUS_NONDURABLE_GOODS , score: 0.782
HAZARDOUS_WASTE_MANAGEMENT , score: 0.8665281725381224
Skipping (good score) HAZARDOUS_WASTE_MANAGEMENT , score: 0.867
SERVICES-EDUCATIONAL_SERVICES , score: 0.9431059240089779
Skipping (good score) SERVICES-EDUCATIONAL_SERVICES , score: 0.943
RETAIL-RETAIL_STORES_NEC , score: 0.8886765945184838
Skipping (good score) RETAIL-RETAIL_STORES_NEC , score: 0.889
POULTRY_SLAUGHTERING_AND_PROCESSING , score: 0.8496671782568367
Skipping (good score) POULTRY_SLAUGHTERING_AND_PROCESSING , score: 0.850
COMPUTER-OFFICE_EQUIPMENT , score: 0.85641486820312
Skipping (good score) COMPUTER-OFFICE_EQUIPMENT , score: 0.856
WHOLESALE-MISC_DURABLE_GOODS , score: 0.8509482051770874
Skipping (good score) WHOLESALE-MISC_DURABLE_GOODS , score: 0.851
SAWMILLS-PLANTING_MILLS_GENERAL , score: 0.7932839993292585
Skipping (good score) SAWMILLS-PLANTING_MILLS_GENERAL , score: 0.793
RETAIL-MISCELLANEOUS_RETAIL , score: 0.8890981789579593
Skipping (good score) RETAIL-MISCELLANEOUS_RETAIL , score: 0.889
OIL-GAS_FIELD_SERVICES_NEC , score: 0.8881102048678651
Skipping (good score) OIL-GAS_FIELD_SERVICES_NEC , score: 0.888
AIR_TRANSPORTATION_SCHEDULED , score: 0.9175843350729976
Skipping (good score) AIR_TRANSPORTATION_SCHEDULED , score: 0.918
MILLWOOD_VENEER_PLYWOOD-STRUCTURAL_WOOD_MEMBERS , score: 0.8231303359418173
Skipping (good score) MILLWOOD_VENEER_PLYWOOD-STRUCTURAL_WOOD_MEMBERS , score: 0.823
SERVICES-AUTOMOTIVE_REPAIR_SERVICES-PARKING , score: 0.8488332542077104
Skipping (good score) SERVICES-AUTOMOTIVE_REPAIR_SERVICES-PARKING , score: 0.849
ORTHOPEDIC_PROSTHETIC-SURGICAL_APPLIANCES-SUPPLIES , score: 0.9354066010657083
Skipping (good score) ORTHOPEDIC_PROSTHETIC-SURGICAL_APPLIANCES-SUPPLIES , score: 0.935
SERVICES-COMPUTER_PROGRAMMING_DATA_PROCESSING_ETC , score: 0.9228964403854599
Skipping (good score) SERVICES-COMPUTER_PROGRAMMING_DATA_PROCESSING_ETC , score: 0.923
WHOLESALE-PETROLEUM-PETROLEUM_PRODUCTS_NO_BULK_STATIONS , score: 0.8688832036998102
Skipping (good score) WHOLESALE-PETROLEUM-PETROLEUM_PRODUCTS_NO_BULK_STATIONS , score: 0.869
FIRE_MARINE-CASUALTY_INSURANCE , score: 0.9513147008976984
Skipping (good score) FIRE_MARINE-CASUALTY_INSURANCE , score: 0.951
LAWN-GARDEN_TRACTORS-HOME_LAWN-GARDENS_EQUIP , score: 0.8411563159518417
Skipping (good score) LAWN-GARDEN_TRACTORS-HOME_LAWN-GARDENS_EQUIP , score: 0.841
MISCELLANEOUS_BUSINESS_CREDIT_INSTITUTION , score: 0.8353724432558677
Skipping (good score) MISCELLANEOUS_BUSINESS_CREDIT_INSTITUTION , score: 0.835
LESSORS_OF_REAL_PROPERTY_NEC , score: 0.769111637664827
Skipping (good score) LESSORS_OF_REAL_PROPERTY_NEC , score: 0.769
NON-OPERATING_ESTABLISHMENTS , score: 0.9305513375938806
Skipping (good score) NON-OPERATING_ESTABLISHMENTS , score: 0.931
COMPUTER_PERIPHERAL_EQUIPMENT_NEC , score: 0.8840988757878963
Skipping (good score) COMPUTER_PERIPHERAL_EQUIPMENT_NEC , score: 0.884
CUT_STONE-STONE_PRODUCTS , score: 0.8856785683806118
Skipping (good score) CUT_STONE-STONE_PRODUCTS , score: 0.886
RETAIL-CONVENIENCE_STORES , score: 0.9512900450716497
Skipping (good score) RETAIL-CONVENIENCE_STORES , score: 0.951
HOUSEHOLD_APPLIANCES , score: 0.8210479216020607
Skipping (good score) HOUSEHOLD_APPLIANCES , score: 0.821
SERVICES-HEALTH_SERVICES , score: 0.8062347410783061
Skipping (good score) SERVICES-HEALTH_SERVICES , score: 0.806
CARPETS-RUGS , score: 0.827689883415816
Skipping (good score) CARPETS-RUGS , score: 0.828
MISCELLANEOUS_CHEMICAL_PRODUCTS , score: 0.8605217843288672
Skipping (good score) MISCELLANEOUS_CHEMICAL_PRODUCTS , score: 0.861
SERVICES-OFFICES-CLINICS_OF_DOCTORS_OF_MEDICINE , score: 0.8742957102211973
Skipping (good score) SERVICES-OFFICES-CLINICS_OF_DOCTORS_OF_MEDICINE , score: 0.874
GENERAL_INDUSTRIAL_MACHINERY-EQUIPMENT_NEC , score: 0.8311395715824893
Skipping (good score) GENERAL_INDUSTRIAL_MACHINERY-EQUIPMENT_NEC , score: 0.831
BOOKS_PUBLISHING_OR_PUBLISHING-PRINTING , score: 0.8005721612222578
Skipping (good score) BOOKS_PUBLISHING_OR_PUBLISHING-PRINTING , score: 0.801
FEDERAL-FEDERALLY-SPONSORED_CREDIT_AGENCIES , score: 0.7506752335622777
Skipping (good score) FEDERAL-FEDERALLY-SPONSORED_CREDIT_AGENCIES , score: 0.751
SERVICES-GENERAL_MEDICAL-SURGICAL_HOSPITALS_NEC , score: 0.8411363520416347
Skipping (good score) SERVICES-GENERAL_MEDICAL-SURGICAL_HOSPITALS_NEC , score: 0.841
TITLE_INSURANCE , score: 0.8615724886326559
Skipping (good score) TITLE_INSURANCE , score: 0.862
WHOLESALE-METALS_SERVICE_CENTERS-OFFICES , score: 0.8627221949241236
Skipping (good score) WHOLESALE-METALS_SERVICE_CENTERS-OFFICES , score: 0.863
STEEL_WORKS_BLAST_FURNACES-ROLLING-FINISHING_MILLS , score: 0.8617962597680365
Skipping (good score) STEEL_WORKS_BLAST_FURNACES-ROLLING-FINISHING_MILLS , score: 0.862
NONFERROUS_FOUNDRIES_CASTINGS , score: 0.8176128554729657
Skipping (good score) NONFERROUS_FOUNDRIES_CASTINGS , score: 0.818
RETAIL-VARIETY_STORES , score: 0.9473989224876986
Skipping (good score) RETAIL-VARIETY_STORES , score: 0.947
PETROLEUM_REFINING , score: 0.9038021690604799
Skipping (good score) PETROLEUM_REFINING , score: 0.904
RETAIL-AUTO-HOME_SUPPLY_STORES , score: 0.8550748801629456
Skipping (good score) RETAIL-AUTO-HOME_SUPPLY_STORES , score: 0.855
SERVICES-ADVERTISING_AGENCIES , score: 0.885675713835905
Skipping (good score) SERVICES-ADVERTISING_AGENCIES , score: 0.886
WHOLESALE-GROCERIES_GENERAL_LINE , score: 0.8297180651170163
Skipping (good score) WHOLESALE-GROCERIES_GENERAL_LINE , score: 0.830
PHARMACEUTICAL_PREPARATIONS , score: 0.9501172363805427
Skipping (good score) PHARMACEUTICAL_PREPARATIONS , score: 0.950
WHOLESALE-MEDICAL_DENTAL-HOSPITAL_EQUIPMENT-SUPPLIES , score: 0.8285350523118736
Skipping (good score) WHOLESALE-MEDICAL_DENTAL-HOSPITAL_EQUIPMENT-SUPPLIES , score: 0.829
MISCELLANEOUS_PRIMARY_METAL_PRODUCTS , score: 0.8174554234995839
Skipping (good score) MISCELLANEOUS_PRIMARY_METAL_PRODUCTS , score: 0.817
BALL-ROLLER_BEARINGS , score: 0.8073234067742632
Skipping (good score) BALL-ROLLER_BEARINGS , score: 0.807
WHOLESALE-HARDWARE , score: 0.9416635511327206
Skipping (good score) WHOLESALE-HARDWARE , score: 0.942
AGRICULTURAL_CHEMICALS , score: 0.9213342362305936
Skipping (good score) AGRICULTURAL_CHEMICALS , score: 0.921
SUGAR-CONFECTIONERY_PRODUCTS , score: 0.8788929126589107
Skipping (good score) SUGAR-CONFECTIONERY_PRODUCTS , score: 0.879
WHOLESALE-PROFESSIONAL-COMMERCIAL_EQUIPMENT-SUPPLIES , score: 0.9574773785303096
Skipping (good score) WHOLESALE-PROFESSIONAL-COMMERCIAL_EQUIPMENT-SUPPLIES , score: 0.957
CHEMICALS-ALLIED_PRODUCTS , score: 0.8802091345116952
Skipping (good score) CHEMICALS-ALLIED_PRODUCTS , score: 0.880
MACHINE_TOOLS_METAL_CUTTING_TYPES , score: 0.8863895643782352
Skipping (good score) MACHINE_TOOLS_METAL_CUTTING_TYPES , score: 0.886
WHOLESALE-COMPUTERS-PERIPHERAL_EQUIPMENT-SOFTWARE , score: 0.840094817591712
Skipping (good score) WHOLESALE-COMPUTERS-PERIPHERAL_EQUIPMENT-SOFTWARE , score: 0.840
RETAIL-APPAREL-ACCESSORY_STORES , score: 0.8570172747502703
Skipping (good score) RETAIL-APPAREL-ACCESSORY_STORES , score: 0.857
MOTOR_VEHICLE_PARTS-ACCESSORIES , score: 0.937974580858572
Skipping (good score) MOTOR_VEHICLE_PARTS-ACCESSORIES , score: 0.938
LUMBER-WOOD_PRODUCTS_NO_FURNITURE , score: 0.8575290540078707
Skipping (good score) LUMBER-WOOD_PRODUCTS_NO_FURNITURE , score: 0.858
PRIMARY_PRODUCTION_OF_ALUMINUM , score: 0.7923916301998242
Skipping (good score) PRIMARY_PRODUCTION_OF_ALUMINUM , score: 0.792
STEEL_PIPE-TUBES , score: 0.7997778638132272
Skipping (good score) STEEL_PIPE-TUBES , score: 0.800
RETAIL-MISCELLANEOUS_SHOPPING_GOODS_STORES , score: 0.8142468610220764
Skipping (good score) RETAIL-MISCELLANEOUS_SHOPPING_GOODS_STORES , score: 0.814
RAILROADS_LINE-HAUL_OPERATING , score: 0.8766870953952266
Skipping (good score) RAILROADS_LINE-HAUL_OPERATING , score: 0.877
COMMUNICATIONS_SERVICES_NEC , score: 0.875918689494685
Skipping (good score) COMMUNICATIONS_SERVICES_NEC , score: 0.876
SOAP_DETERGENTS_CLEANG_PREPARATIONS_PERFUMES_COSMETICS , score: 0.9098786952895793
Skipping (good score) SOAP_DETERGENTS_CLEANG_PREPARATIONS_PERFUMES_COSMETICS , score: 0.910
ELECTRONIC-OTHER_ELECTRICAL_EQUIPMENT_NO_COMPUTER_EQUIP , score: 0.8510173649716798
Skipping (good score) ELECTRONIC-OTHER_ELECTRICAL_EQUIPMENT_NO_COMPUTER_EQUIP , score: 0.851
BLANKBOOKS_LOOSELEAF_BINDERS-BOOKBINDG-RELATD_WORK , score: 0.8226803647354596
Skipping (good score) BLANKBOOKS_LOOSELEAF_BINDERS-BOOKBINDG-RELATD_WORK , score: 0.823
COMMUNICATIONS_EQUIPMENT_NEC , score: 0.864969384114545
Skipping (good score) COMMUNICATIONS_EQUIPMENT_NEC , score: 0.865
FISHING_HUNTING_AND_TRAPPING , score: 0.9560502926615558
Skipping (good score) FISHING_HUNTING_AND_TRAPPING , score: 0.956
MISCELLANEOUS_MANUFACTURING_INDUSTRIES , score: 0.9020963328168728
Skipping (good score) MISCELLANEOUS_MANUFACTURING_INDUSTRIES , score: 0.902
RAILROAD_EQUIPMENT , score: 0.7945042657128064
Skipping (good score) RAILROAD_EQUIPMENT , score: 0.795
LABORATORY_APPARATUS-FURNITURE , score: 0.9498887968610621
Skipping (good score) LABORATORY_APPARATUS-FURNITURE , score: 0.950
WATER_SEWER_PIPELINE_COMM-POWER_LINE_CONSTRUCTION , score: 0.8750990381258595
Skipping (good score) WATER_SEWER_PIPELINE_COMM-POWER_LINE_CONSTRUCTION , score: 0.875
WHOLESALE-GROCERIES-RELATED_PRODUCTS , score: 0.8542770038442942
Skipping (good score) WHOLESALE-GROCERIES-RELATED_PRODUCTS , score: 0.854
MEASURING-CONTROLLING_DEVICES_NEC , score: 0.904666181097713
Skipping (good score) MEASURING-CONTROLLING_DEVICES_NEC , score: 0.905
SERVICES-CONSUMER_CREDIT_REPORTING_COLLECTION_AGENCIES , score: 0.8651981942794107
Skipping (good score) SERVICES-CONSUMER_CREDIT_REPORTING_COLLECTION_AGENCIES , score: 0.865
SERVICES-TESTING_LABORATORIES , score: 0.8137878344010736
Skipping (good score) SERVICES-TESTING_LABORATORIES , score: 0.814
FINANCE_SERVICES , score: 0.9204564200643071
Skipping (good score) FINANCE_SERVICES , score: 0.920
WATER_SUPPLY , score: 0.9114018988152264
Skipping (good score) WATER_SUPPLY , score: 0.911
FABRICATED_RUBBER_PRODUCTS_NEC , score: 0.8476956432816777
Skipping (good score) FABRICATED_RUBBER_PRODUCTS_NEC , score: 0.848
BITUMINOUS_COAL-LIGNITE_SURFACE_MINING , score: 0.8641923150477437
Skipping (good score) BITUMINOUS_COAL-LIGNITE_SURFACE_MINING , score: 0.864
RETAIL-DEPARTMENT_STORES , score: 0.8650306780017843
Skipping (good score) RETAIL-DEPARTMENT_STORES , score: 0.865
SERVICES-ENGINEERING_ACCOUNTING_RESEARCH_MANAGEMENT , score: 0.8240075409074442
Skipping (good score) SERVICES-ENGINEERING_ACCOUNTING_RESEARCH_MANAGEMENT , score: 0.824
FATS-OILS , score: 0.8291230414641237
Skipping (good score) FATS-OILS , score: 0.829
STEEL_WORKS_BLAST_FURNACES-ROLLING_MILLS_COKE_OVENS , score: 0.9163976863220228
Skipping (good score) STEEL_WORKS_BLAST_FURNACES-ROLLING_MILLS_COKE_OVENS , score: 0.916
CRUDE_PETROLEUM-NATURAL_GAS , score: 0.9272845773017057
Skipping (good score) CRUDE_PETROLEUM-NATURAL_GAS , score: 0.927
INDUSTRIAL_INSTRUMENTS_FOR_MEASUREMENT_DISPLAY_AND_CONTROL , score: 0.9045151899338223
Skipping (good score) INDUSTRIAL_INSTRUMENTS_FOR_MEASUREMENT_DISPLAY_AND_CONTROL , score: 0.905
WHOLESALE-ELECTRICAL_APPARATUS-EQUIPMENT_WIRING_SUPPLIES , score: 0.8233332229047011
Skipping (good score) WHOLESALE-ELECTRICAL_APPARATUS-EQUIPMENT_WIRING_SUPPLIES , score: 0.823
AIRCRAFT_PARTS-AUXILIARY_EQUIPMENT_NEC , score: 0.8666773767334333
Skipping (good score) AIRCRAFT_PARTS-AUXILIARY_EQUIPMENT_NEC , score: 0.867
CONSTRUCTION_MACHINERY-EQUIP , score: 0.8533809676401022
Skipping (good score) CONSTRUCTION_MACHINERY-EQUIP , score: 0.853
BROADWOVEN_FABRIC_MILLS_COTTON , score: 0.9292038932498417
Skipping (good score) BROADWOVEN_FABRIC_MILLS_COTTON , score: 0.929
BIOLOGICAL_PRODUCTS_NO_DISGNOSTIC_SUBSTANCES , score: 0.9459837947564332
Skipping (good score) BIOLOGICAL_PRODUCTS_NO_DISGNOSTIC_SUBSTANCES , score: 0.946
HOUSEHOLD_AUDIO-VIDEO_EQUIPMENT , score: 0.849742859260846
Skipping (good score) HOUSEHOLD_AUDIO-VIDEO_EQUIPMENT , score: 0.850
MISCELLANEOUS_FOOD_PREPARATIONS-KINDRED_PRODUCTS , score: 0.8489496301338083
Skipping (good score) MISCELLANEOUS_FOOD_PREPARATIONS-KINDRED_PRODUCTS , score: 0.849
WOMENS_MISSES_CHILDRENS-INFANTS_UNDERGARMENTS , score: 0.880589795412604
Skipping (good score) WOMENS_MISSES_CHILDRENS-INFANTS_UNDERGARMENTS , score: 0.881
CONSTRUCTION_MINING-MATERIALS_HANDLING_MACHINERY-EQUIP , score: 0.8589886303126006
Skipping (good score) CONSTRUCTION_MINING-MATERIALS_HANDLING_MACHINERY-EQUIP , score: 0.859
ELECTRICAL_WORK , score: 0.8434433076121673
Skipping (good score) ELECTRICAL_WORK , score: 0.843
SAVINGS_INSTITUTIONS_NOT_FEDERALLY_CHARTERED , score: 0.8067122239726623
Skipping (good score) SAVINGS_INSTITUTIONS_NOT_FEDERALLY_CHARTERED , score: 0.807
BROADWOVEN_FABRIC_MILLS_MAN_MADE_FIBER-SILK , score: 0.8575010504132052
Skipping (good score) BROADWOVEN_FABRIC_MILLS_MAN_MADE_FIBER-SILK , score: 0.858
AIRCRAFT_ENGINES-ENGINE_PARTS , score: 0.8698953482415441
Skipping (good score) AIRCRAFT_ENGINES-ENGINE_PARTS , score: 0.870
CANNED_FROZEN-PRESERVD_FRUIT_VEG-FOOD_SPECIALTIES , score: 0.8239654135578321
Skipping (good score) CANNED_FROZEN-PRESERVD_FRUIT_VEG-FOOD_SPECIALTIES , score: 0.824
GAMES_TOYS-CHILDRENS_VEHICLES_NO_DOLLS-BICYCLES , score: 0.8713864920831
Skipping (good score) GAMES_TOYS-CHILDRENS_VEHICLES_NO_DOLLS-BICYCLES , score: 0.871
AIRPORTS_FLYING_FIELDS-AIRPORT_TERMINAL_SERVICES , score: 0.8670360489172025
Skipping (good score) AIRPORTS_FLYING_FIELDS-AIRPORT_TERMINAL_SERVICES , score: 0.867
HOTELS-MOTELS , score: 0.9065323497940432
Skipping (good score) HOTELS-MOTELS , score: 0.907
REAL_ESTATE_AGENTS-MANAGERS_FOR_OTHERS , score: 0.8788397128524204
Skipping (good score) REAL_ESTATE_AGENTS-MANAGERS_FOR_OTHERS , score: 0.879
OIL_ROYALTY_TRADERS , score: 0.8653884484179638
Skipping (good score) OIL_ROYALTY_TRADERS , score: 0.865
TRUCKING_NO_LOCAL , score: 0.903642601522613
Skipping (good score) TRUCKING_NO_LOCAL , score: 0.904
SERVICES-EQUIPMENT_RENTAL-LEASING_NEC , score: 0.9105078403780678
Skipping (good score) SERVICES-EQUIPMENT_RENTAL-LEASING_NEC , score: 0.911
ARRANGEMENT_OF_TRANSPORTATION_OF_FREIGHT-CARGO , score: 0.8857832805096886
Skipping (good score) ARRANGEMENT_OF_TRANSPORTATION_OF_FREIGHT-CARGO , score: 0.886
NATURAL_GAS_TRANSMISSION , score: 0.9306404351266138
Skipping (good score) NATURAL_GAS_TRANSMISSION , score: 0.931
LABORATORY_ANALYTICAL_INSTRUMENTS , score: 0.9068948596325058
Skipping (good score) LABORATORY_ANALYTICAL_INSTRUMENTS , score: 0.907
INSTRUMENTS_FOR_MEAS-TESTING_OF_ELECTRICITY-ELEC_SIGNALS , score: 0.8747528576661141
Skipping (good score) INSTRUMENTS_FOR_MEAS-TESTING_OF_ELECTRICITY-ELEC_SIGNALS , score: 0.875
COMMODITY_CONTRACTS_BROKERS-DEALERS , score: 0.7713928363824528
Skipping (good score) COMMODITY_CONTRACTS_BROKERS-DEALERS , score: 0.771
SERVICES-AMUSEMENT-RECREATION_SERVICES , score: 0.8802956146790568
Skipping (good score) SERVICES-AMUSEMENT-RECREATION_SERVICES , score: 0.880
POTTERY-RELATED_PRODUCTS , score: 0.9630570965417079
Skipping (good score) POTTERY-RELATED_PRODUCTS , score: 0.963
SERVICES-MISCELLANEOUS_AMUSEMENT-RECREATION , score: 0.9133841048143636
Skipping (good score) SERVICES-MISCELLANEOUS_AMUSEMENT-RECREATION , score: 0.913
CIGARETTES , score: 0.8251787017997307
Skipping (good score) CIGARETTES , score: 0.825
INDUSTRIAL_INORGANIC_CHEMICALS , score: 0.8852185797334488
Skipping (good score) INDUSTRIAL_INORGANIC_CHEMICALS , score: 0.885
TRUCK-BUS_BODIES , score: 0.8036012804185397
Skipping (good score) TRUCK-BUS_BODIES , score: 0.804
MOTOR_VEHICLES-PASSENGER_CAR_BODIES , score: 0.9480222066224653
Skipping (good score) MOTOR_VEHICLES-PASSENGER_CAR_BODIES , score: 0.948
MINING-QUARRYING_OF_NONMETALLIC_MINERALS_NO_FUELS , score: 0.9366135369422732
Skipping (good score) MINING-QUARRYING_OF_NONMETALLIC_MINERALS_NO_FUELS , score: 0.937
OFFICE_MACHINES_NEC , score: 0.8819695367482127
Skipping (good score) OFFICE_MACHINES_NEC , score: 0.882
AIRCRAFT-PARTS , score: 0.8526808537465252
Skipping (good score) AIRCRAFT-PARTS , score: 0.853
SERVICES-SKILLED_NURSING_CARE_FACILITIES , score: 0.770657826429035
Skipping (good score) SERVICES-SKILLED_NURSING_CARE_FACILITIES , score: 0.771
BOLTS_NUTS_SCREWS_RIVETS-WASHERS , score: 0.9185930883210727
Skipping (good score) BOLTS_NUTS_SCREWS_RIVETS-WASHERS , score: 0.919
CONSTRUCTION-SPECIAL_TRADE_CONTRACTORS , score: 0.8625174003447077
Skipping (good score) CONSTRUCTION-SPECIAL_TRADE_CONTRACTORS , score: 0.863
WHOLESALE-JEWELRY_WATCHES_PRECIOUS_STONES-METALS , score: 0.9092343758924976
Skipping (good score) WHOLESALE-JEWELRY_WATCHES_PRECIOUS_STONES-METALS , score: 0.909
SERVICES-MAILING_REPRODUCTION_COMMERCIAL_ART-PHOTOGRAPHY , score: 0.8820106128327809
Skipping (good score) SERVICES-MAILING_REPRODUCTION_COMMERCIAL_ART-PHOTOGRAPHY , score: 0.882
TELEPHONE_COMMUNICATIONS_NO_RADIOTELEPHONE , score: 0.9466032434089626
Skipping (good score) TELEPHONE_COMMUNICATIONS_NO_RADIOTELEPHONE , score: 0.947
DENTAL_EQUIPMENT-SUPPLIES , score: 0.8173881182900595
Skipping (good score) DENTAL_EQUIPMENT-SUPPLIES , score: 0.817
FORESTRY , score: 0.9559703455504696
Skipping (good score) FORESTRY , score: 0.956
SERVICES-MISCELLANEOUS_REPAIR_SERVICES , score: 0.8103802645467124
Skipping (good score) SERVICES-MISCELLANEOUS_REPAIR_SERVICES , score: 0.810
HOSPITAL-MEDICAL_SERVICE_PLANS , score: 0.9060373686187649
Skipping (good score) HOSPITAL-MEDICAL_SERVICE_PLANS , score: 0.906
WHOLESALE-HARDWARE-PLUMBING-HEATING_EQUIPMENT-SUPPLIES , score: 0.8961241009347416
Skipping (good score) WHOLESALE-HARDWARE-PLUMBING-HEATING_EQUIPMENT-SUPPLIES , score: 0.896
MORTGAGE_BANKERS-LOAN_CORRESPONDENTS , score: 0.8356895041295346
Skipping (good score) MORTGAGE_BANKERS-LOAN_CORRESPONDENTS , score: 0.836
SERVICES-COMPUTER_INTEGRATED_SYSTEMS_DESIGN , score: 0.9442813215528472
Skipping (good score) SERVICES-COMPUTER_INTEGRATED_SYSTEMS_DESIGN , score: 0.944
TELEVISION_BROADCASTING_STATIONS , score: 0.9187710117950212
Skipping (good score) TELEVISION_BROADCASTING_STATIONS , score: 0.919
RETAIL-RADIO_TV-CONSUMER_ELECTRONICS_STORES , score: 0.7016157550722698
Skipping (good score) RETAIL-RADIO_TV-CONSUMER_ELECTRONICS_STORES , score: 0.702
MOTORS-GENERATORS , score: 0.8106120246765894
Skipping (good score) MOTORS-GENERATORS , score: 0.811
PREFABRICATED_METAL_BUILDINGS-COMPONENTS , score: 0.9518906289981625
Skipping (good score) PREFABRICATED_METAL_BUILDINGS-COMPONENTS , score: 0.952
SECURITY_BROKERS_DEALERS-FLOTATION_COMPANIES , score: 0.9488852127542284
Skipping (good score) SECURITY_BROKERS_DEALERS-FLOTATION_COMPANIES , score: 0.949
PAPER_MILLS , score: 0.8348417624601987
Skipping (good score) PAPER_MILLS , score: 0.835
SPECIAL_INDUSTRY_MACHINERY_NEC , score: 0.8978626034767918
Skipping (good score) SPECIAL_INDUSTRY_MACHINERY_NEC , score: 0.898
MANIFOLD_BUSINESS_FORMS , score: 0.8349349577110984
Skipping (good score) MANIFOLD_BUSINESS_FORMS , score: 0.835
MEDICINAL_CHEMICALS-BOTANICAL_PRODUCTS , score: 0.8301850664102232
Skipping (good score) MEDICINAL_CHEMICALS-BOTANICAL_PRODUCTS , score: 0.830
GAS-OTHER_SERVICES_COMBINED , score: 0.860548876755051
Skipping (good score) GAS-OTHER_SERVICES_COMBINED , score: 0.861
PLASTIC_MATERIAL_SYNTH_RESIN-RUBBER_CELLULOS_NO_GLASS , score: 0.8366294310357509
Skipping (good score) PLASTIC_MATERIAL_SYNTH_RESIN-RUBBER_CELLULOS_NO_GLASS , score: 0.837
PERSONAL_CREDIT_INSTITUTIONS , score: 0.9217703711898292
Skipping (good score) PERSONAL_CREDIT_INSTITUTIONS , score: 0.922
SANITARY_SERVICES , score: 0.927029613980797
Skipping (good score) SANITARY_SERVICES , score: 0.927
WHOLESALE-BEER_WINE-DISTILLED_ALCOHOLIC_BEVERAGES , score: 0.8678798291193094
Skipping (good score) WHOLESALE-BEER_WINE-DISTILLED_ALCOHOLIC_BEVERAGES , score: 0.868
SERVICES-COMPUTER_PROCESSING-DATA_PREPARATION , score: 0.9475779928197491
Skipping (good score) SERVICES-COMPUTER_PROCESSING-DATA_PREPARATION , score: 0.948
RADIOTELEPHONE_COMMUNICATIONS , score: 0.937435066312499
Skipping (good score) RADIOTELEPHONE_COMMUNICATIONS , score: 0.937
WHOLESALE-APPAREL_PIECE_GOODS-NOTIONS , score: 0.9022341997063565
Skipping (good score) WHOLESALE-APPAREL_PIECE_GOODS-NOTIONS , score: 0.902
INDUSTRIAL_ORGANIC_CHEMICALS , score: 0.9494675442038796
Skipping (good score) INDUSTRIAL_ORGANIC_CHEMICALS , score: 0.949
GUIDED_MISSILES-SPACE_VEHICLES-PARTS , score: 0.8102924721635083
Skipping (good score) GUIDED_MISSILES-SPACE_VEHICLES-PARTS , score: 0.810
COMMERCIAL_PRINTING , score: 0.8037325110173583
Skipping (good score) COMMERCIAL_PRINTING , score: 0.804
WHOLESALE-ELECTRONIC_PARTS-EQUIPMENT_NEC , score: 0.8490571589800049
Skipping (good score) WHOLESALE-ELECTRONIC_PARTS-EQUIPMENT_NEC , score: 0.849
PLASTICS_FOAM_PRODUCTS , score: 0.9026959990240417
Skipping (good score) PLASTICS_FOAM_PRODUCTS , score: 0.903
SERVICES-RACING_INCLUDING_TRACK_OPERATION , score: 0.8836827425881161
Skipping (good score) SERVICES-RACING_INCLUDING_TRACK_OPERATION , score: 0.884
MISCELLANEOUS_PLASTICS_PRODUCTS , score: 0.8318958867205002
Skipping (good score) MISCELLANEOUS_PLASTICS_PRODUCTS , score: 0.832
MISCELLANEOUS_ELECTRICAL_MACHINERY_EQUIPMENT-SUPPLIES , score: 0.8869428534104961
Skipping (good score) MISCELLANEOUS_ELECTRICAL_MACHINERY_EQUIPMENT-SUPPLIES , score: 0.887
COMMERCIAL_BANKS_NEC , score: 0.9500250818907783
Skipping (good score) COMMERCIAL_BANKS_NEC , score: 0.950
ELECTRONIC_COMPUTERS , score: 0.9078988328632698
Skipping (good score) ELECTRONIC_COMPUTERS , score: 0.908
SERVICES-COMMERCIAL_PHYSICAL-BIOLOGICAL_RESEARCH , score: 0.9382012075002228
Skipping (good score) SERVICES-COMMERCIAL_PHYSICAL-BIOLOGICAL_RESEARCH , score: 0.938
GASKETS_PACKG-SEALG_DEVICES-RUBBER-PLASTICS_HOSE , score: 0.8715295435090779
Skipping (good score) GASKETS_PACKG-SEALG_DEVICES-RUBBER-PLASTICS_HOSE , score: 0.872
TRANSPORTATION_SERVICES , score: 0.9222300540785854
Skipping (good score) TRANSPORTATION_SERVICES , score: 0.922
WATCHES_CLOCKS_CLOCKWORK_OPERATED_DEVICES-PARTS , score: 0.8173041393236103
Skipping (good score) WATCHES_CLOCKS_CLOCKWORK_OPERATED_DEVICES-PARTS , score: 0.817
RETAIL-AUTO_DEALERS-GASOLINE_STATIONS , score: 0.9455340693073471
Skipping (good score) RETAIL-AUTO_DEALERS-GASOLINE_STATIONS , score: 0.946
PUBLIC_BLDG-RELATED_FURNITURE , score: 0.985798423150216
Skipping (good score) PUBLIC_BLDG-RELATED_FURNITURE , score: 0.986
GRAIN_MILL_PRODUCTS , score: 0.8986839200905293
Skipping (good score) GRAIN_MILL_PRODUCTS , score: 0.899
SERVICES-ALLIED_TO_MOTION_PICTURE_PRODUCTION , score: 0.9589620338845639
Skipping (good score) SERVICES-ALLIED_TO_MOTION_PICTURE_PRODUCTION , score: 0.959
PULP_MILLS , score: 0.8803731798763108
Skipping (good score) PULP_MILLS , score: 0.880
AGRICULTURAL_PROD-LIVESTOCK-ANIMAL_SPECIALTIES , score: 0.8248002231470118
Skipping (good score) AGRICULTURAL_PROD-LIVESTOCK-ANIMAL_SPECIALTIES , score: 0.825
MOTOR_HOMES , score: 0.8360051440628907
Skipping (good score) MOTOR_HOMES , score: 0.836
SERVICES-SPECIALTY_OUTPATIENT_FACILITIES_NEC , score: 0.9027876336491536
Skipping (good score) SERVICES-SPECIALTY_OUTPATIENT_FACILITIES_NEC , score: 0.903
AIR_COURIER_SERVICES , score: 0.8207644037229236
Skipping (good score) AIR_COURIER_SERVICES , score: 0.821
WHOLESALE-MOTOR_VEHICLES-MOTOR_VEHICLE_PARTS-SUPPLIES , score: 0.9155708247787887
Skipping (good score) WHOLESALE-MOTOR_VEHICLES-MOTOR_VEHICLE_PARTS-SUPPLIES , score: 0.916
HOUSEHOLD_FURNITURE , score: 0.8941447507978777
Skipping (good score) HOUSEHOLD_FURNITURE , score: 0.894
AGRICULTURAL_PRODUCTION-CROPS , score: 0.8578864661521679
Skipping (good score) AGRICULTURAL_PRODUCTION-CROPS , score: 0.858
PUBLIC_WAREHOUSING-STORAGE , score: 0.9924374219445865
Skipping (good score) PUBLIC_WAREHOUSING-STORAGE , score: 0.992
OFFICE_FURNITURE_NO_WOOD , score: 0.8118663012167965
Skipping (good score) OFFICE_FURNITURE_NO_WOOD , score: 0.812
GENERAL , score: 0.9466976015556159
Skipping (good score) GENERAL , score: 0.947
PLASTICS_PRODUCTS_NEC , score: 0.9152060943237504
Skipping (good score) PLASTICS_PRODUCTS_NEC , score: 0.915
WHOLESALE-FARM_PRODUCT_RAW_MATERIALS , score: 0.8923430929457459
Skipping (good score) WHOLESALE-FARM_PRODUCT_RAW_MATERIALS , score: 0.892
ORDNANCE-ACCESSORIES_NO_VEHICLES-GUIDED_MISSILES , score: 0.8917547522129666
Skipping (good score) ORDNANCE-ACCESSORIES_NO_VEHICLES-GUIDED_MISSILES , score: 0.892
DAIRY_PRODUCTS , score: 0.9454515860952086
Skipping (good score) DAIRY_PRODUCTS , score: 0.945
SERVICES-VIDEO_TAPE_RENTAL , score: 0.7956576114002423
Skipping (good score) SERVICES-VIDEO_TAPE_RENTAL , score: 0.796
process INVESTMENT_ADVICE lvl: 3
loaded ../GRQ-portfolio/best/industry/v6/INVESTMENT_ADVICE.json
2 mutations, mutation rate 5.0%, elitism 4, mutation FFW, selection FITNESS_PROPORTIONATE
Creature count: 50
Culling duplicate creature at 1 of 51
DeDuplication of 1 creatures to 50 in 120ms (previous experiment )
Training 6ee90704 with 1 binary file, target error: 0.05, iterations: 1, sample rate: 100%, sparse: 100%
Discovery 6ee90704 with 1 binary files, sample rate: 100%, batch size: 512
Discovery 6ee90704 initialize time 145ms
Discovery 6ee90704 processing .trainData-industry_87/INVESTMENT_ADVICE/data.bin
Discovery 6ee90704 read time 17ms for .trainData-industry_87/INVESTMENT_ADVICE/data.bin with 4603 records
Discovery 6ee90704 scanning time 6s 456ms
Discovery 6ee90704 recorded time 9s 351ms
Training 2a588d6c with 1 binary file, target error: 0.05, iterations: 1, sample rate: 100%, sparse: 100%
Training de39997c with 1 binary file, target error: 0.05, iterations: 1, sample rate: 100%, sparse: 100%
Fine tuning increased fitness by 5.004028569288721e-8 to 0.9302677721910088 adjusted 1 weight 
Discovered beneficial synapse from input-1152 to 823e9d34-e19a-41b5-85e1-74e62bfcd7ae with weight 1.0000, helping 60.1% more records than it harms (3349/4603)
Discovery 6ee90704 analyze time 20s 684ms found 1 candidates
Discovered harmful synapse from input-1623 to 823e9d34-e19a-41b5-85e1-74e62bfcd7ae, harming 61.4% more records than it helps (553/4603)
Discovery 6ee90704 analyze harmful time 3s 255ms found 1 candidates
Discovery 6ee90704 analyze squashes time 2s 679ms found 1 candidate, Summary: 823e9d34-e19a-41b5-85e1-74e62bfcd7ae LogSigmoid -> COMPLEMENT improved: 70.2% error: 4.451684290485265e+26 -> 1.3258042802171611e+26
Training 9a11bb5f with 1 binary file, target error: 0.05, iterations: 1, sample rate: 100%, sparse: 100%
Discovery 9a11bb5f with 1 binary files, sample rate: 100%, batch size: 512
Fine tuning increased fitness by 2.1812601946891164e-8 to 0.9302677940036107 adjusted 1 weight 
Discovery 9a11bb5f initialize time 114ms
Discovery 9a11bb5f processing .trainData-industry_87/INVESTMENT_ADVICE/data.bin
Discovery 9a11bb5f read time 13ms for .trainData-industry_87/INVESTMENT_ADVICE/data.bin with 4603 records
Discovery 9a11bb5f scanning time 6s 912ms
Discovery 9a11bb5f recorded time 9s 508ms
Training 66870660 with 1 binary file, target error: 0.05, iterations: 1, sample rate: 100%, sparse: 100%
Fine tuning increased fitness by 7.980721750122655e-9 to 0.9302678019843325 adjusted 1 weight 
Discovered beneficial synapse from input-1152 to 823e9d34-e19a-41b5-85e1-74e62bfcd7ae with weight 1.0000, helping 60.1% more records than it harms (3349/4603)
Discovery 9a11bb5f analyze time 17s 95ms found 1 candidates
Discovered harmful synapse from input-1623 to 823e9d34-e19a-41b5-85e1-74e62bfcd7ae, harming 61.4% more records than it helps (553/4603)
Discovery 9a11bb5f analyze harmful time 3s 554ms found 1 candidates
Training c227af42 with 1 binary file, target error: 0.05, iterations: 1, sample rate: 100%, sparse: 100%
Fine tuning increased fitness by 1.612925681904187e-9 to 0.9302678035972581 adjusted 1 weight 
Discovery 9a11bb5f analyze squashes time 1s 957ms found 1 candidate, Summary: 823e9d34-e19a-41b5-85e1-74e62bfcd7ae LogSigmoid -> COMPLEMENT improved: 70.2% error: 4.451684290485265e+26 -> 1.3258042802171611e+26
Training e824a465 with 1 binary file, target error: 0.05, iterations: 1, sample rate: 100%, sparse: 100%
Training d679ed32 with 1 binary file, target error: 0.05, iterations: 1, sample rate: 100%, sparse: 100%
Discovery d679ed32 with 1 binary files, sample rate: 100%, batch size: 512
Discovery d679ed32 initialize time 137ms
Discovery d679ed32 processing .trainData-industry_87/INVESTMENT_ADVICE/data.bin
Discovery d679ed32 read time 18ms for .trainData-industry_87/INVESTMENT_ADVICE/data.bin with 4603 records
Discovery d679ed32 scanning time 7s 827ms
Discovery d679ed32 recorded time 9s 904ms
Training 795fa081 with 1 binary file, target error: 0.05, iterations: 1, sample rate: 100%, sparse: 100%
Fine tuning increased fitness by 4.0013976798647377e-7 to 0.930269023826848 adjusted 3 weights 
Discovered beneficial synapse from input-1152 to 823e9d34-e19a-41b5-85e1-74e62bfcd7ae with weight 1.0000, helping 59.9% more records than it harms (3344/4603)
Discovery d679ed32 analyze time 21s 818ms found 1 candidates
Training 62804bee with 1 binary file, target error: 0.05, iterations: 1, sample rate: 100%, sparse: 100%
Discovered harmful synapse from input-1623 to 823e9d34-e19a-41b5-85e1-74e62bfcd7ae, harming 61.2% more records than it helps (555/4603)
Discovery d679ed32 analyze harmful time 3s 118ms found 1 candidates
Discovery d679ed32 analyze squashes time 2s 939ms found 1 candidate, Summary: 823e9d34-e19a-41b5-85e1-74e62bfcd7ae LogSigmoid -> COMPLEMENT improved: 69.9% error: 4.4409053938981334e+26 -> 1.3365831768042926e+26
Generation 10 score 0.9302700818235982  error 0.06969790717790962 avg time 14s 44ms
Training 4e1c412c with 1 binary file, target error: 0.05, iterations: 1, sample rate: 100%, sparse: 100%
Discovery 4e1c412c with 1 binary files, sample rate: 100%, batch size: 512
Discovery 4e1c412c initialize time 108ms
Discovery 4e1c412c processing .trainData-industry_87/INVESTMENT_ADVICE/data.bin
Fine tuning increased fitness by 0.0000012298893601325744 to 0.9302713117129583 adjusted 3 weights 
Discovery 4e1c412c read time 11ms for .trainData-industry_87/INVESTMENT_ADVICE/data.bin with 4603 records
Discovery 4e1c412c scanning time 6s 664ms
Discovery 4e1c412c recorded time 9s 301ms
Fine tuning increased fitness by 8.717770115795886e-7 to 0.9302721834899699 adjusted 3 weights 
Discovered beneficial synapse from input-1152 to 823e9d34-e19a-41b5-85e1-74e62bfcd7ae with weight 1.0000, helping 60.0% more records than it harms (3347/4603)
Discovery 4e1c412c analyze time 18s 137ms found 1 candidates
Discovered harmful synapse from input-1623 to 823e9d34-e19a-41b5-85e1-74e62bfcd7ae, harming 61.3% more records than it helps (554/4603)
Discovery 4e1c412c analyze harmful time 3s 473ms found 1 candidates
Discovery 4e1c412c analyze squashes time 2s 180ms found 1 candidate, Summary: 823e9d34-e19a-41b5-85e1-74e62bfcd7ae LogSigmoid -> COMPLEMENT improved: 70.0% error: 4.4436001180449164e+26 -> 1.3338884526575097e+26
Generation 13 score 0.9302721834899699  error 0.06969580551153724 avg time 4s 555ms
Set training/discovery clean up count to 2
Waiting for discovery to complete
Memory usage (Discovery in progress): 298MB used, 417MB total
Generation 14 score 0.9302721834899699  error 0.06969580551153724 avg time 1s 110ms
Waiting for training/discovery clean up 2
Generation 15 score 0.9302723618026676  error 0.0696956171988402 avg time 1s 117ms
Waiting for training/discovery clean up 1
Fine tuning increased fitness by 2.9831381176403937e-7 to 0.9302726601164794 adjusted 3 weights 
Generation 16 score 0.9302726601164794  error 0.06969531888502829 avg time 1s 41ms
{
  error: 0.06969531888502829,
  score: 0.9302726601164794,
  generation: 16,
  time: 218983,
  startScore: 0.9302677221507231
}
process ELECTRIC_LIGHTING-WIRING_EQUIPMENT lvl: 3
loaded ../GRQ-portfolio/best/industry/v6/ELECTRIC_LIGHTING-WIRING_EQUIPMENT.json
1 mutation, mutation rate 7.9%, elitism 6, mutation FFW, selection FITNESS_PROPORTIONATE
Creature count: 50
Culling duplicate creature at 1 of 51
DeDuplication of 1 creatures to 50 in 92ms (previous experiment )
Training 38aba14f with 1 binary file, target error: 0.05, iterations: 1, sample rate: 100%, sparse: 100%
Discovery 38aba14f with 1 binary files, sample rate: 100%, batch size: 512
Discovery 38aba14f initialize time 118ms
Discovery 38aba14f processing .trainData-industry_87/ELECTRIC_LIGHTING-WIRING_EQUIPMENT/data.bin
Discovery 38aba14f read time 17ms for .trainData-industry_87/ELECTRIC_LIGHTING-WIRING_EQUIPMENT/data.bin with 4603 records
Discovery 38aba14f scanning time 15s 486ms
Discovery 38aba14f recorded time 17s 804ms
Training 3ed9d06f with 1 binary file, target error: 0.05, iterations: 1, sample rate: 100%, sparse: 100%
Over populated 52, expected 50.
Training 0bfa1a52 with 1 binary file, target error: 0.05, iterations: 1, sample rate: 100%, sparse: 100%
Discovered beneficial synapse from input-1612 to 9ff48f20-6c8b-4430-89bc-196affc16ee3 with weight 1.0000, helping 76.7% more records than it harms (4044/4603)
Discovery 38aba14f analyze time 49s 260ms found 1 candidates
Over populated 52, expected 50.
Discovered harmful synapse from input-1606 to 9ff48f20-6c8b-4430-89bc-196affc16ee3, harming 86.8% more records than it helps (281/4603)
Discovery 38aba14f analyze harmful time 4s 560ms found 1 candidates
Discovery 38aba14f analyze squashes time 4s 902ms found 0 candidates
Discovery 5567e068 with 1 binary files, sample rate: 100%, batch size: 512
Discovery 5567e068 initialize time 142ms
Discovery 5567e068 processing .trainData-industry_87/ELECTRIC_LIGHTING-WIRING_EQUIPMENT/data.bin
Discovery 5567e068 read time 14ms for .trainData-industry_87/ELECTRIC_LIGHTING-WIRING_EQUIPMENT/data.bin with 4603 records
Discovery 5567e068 scanning time 14s 524ms
Discovery 5567e068 recorded time 16s 813ms
Training 377d56c5 with 1 binary file, target error: 0.05, iterations: 1, sample rate: 100%, sparse: 100%
Fine tuning increased fitness by 0.000004054198243008678 to 0.7847955628944546 adjusted 463 weights, 16 biases 
Over populated 52, expected 50.
Training 1ab6d0f7 with 1 binary file, target error: 0.05, iterations: 1, sample rate: 100%, sparse: 100%
Over populated 52, expected 50.
Discovered beneficial synapse from input-1612 to 9ff48f20-6c8b-4430-89bc-196affc16ee3 with weight 1.0000, helping 76.7% more records than it harms (4044/4603)
Discovery 5567e068 analyze time 51s 868ms found 1 candidates
Fine tuning increased fitness by 0.000029858833095253168 to 0.7848590148492454 adjusted 453 weights, 16 biases 
Discovered harmful synapse from input-1606 to 9ff48f20-6c8b-4430-89bc-196affc16ee3, harming 86.8% more records than it helps (281/4603)
Discovery 5567e068 analyze harmful time 4s 198ms found 1 candidates
Discovery 5567e068 analyze squashes time 3s 587ms found 0 candidates
Over populated 54, expected 50.
Generation 9 score 0.7848824319078621  error 0.21507924709298246 avg time 18s 697ms
Waiting for additional generation
Fine tuning increased fitness by 0.000011170806508364883 to 0.7848936027143705 adjusted 454 weights, 16 biases 
Generation 10 score 0.7848936027143705  error 0.21506807628647412 avg time 1s 505ms
{
  error: 0.21506807628647412,
  score: 0.7848936027143705,
  generation: 10,
  time: 202304,
  startScore: 0.7847867692018804
}
process FARM_MACHINERY-EQUIPMENT lvl: 3
loaded ../GRQ-portfolio/best/industry/v6/FARM_MACHINERY-EQUIPMENT.json
4 mutations, mutation rate 15.7%, elitism 3, mutation FFW, selection TOURNAMENT
Creature count: 50
Culling duplicate creature at 1 of 51
DeDuplication of 1 creatures to 50 in 32ms (previous experiment )
Training d6c50669 with 1 binary file, target error: 0.05, iterations: 1, sample rate: 100%, sparse: 100%
Discovery d6c50669 with 1 binary files, sample rate: 100%, batch size: 512
Discovery d6c50669 initialize time 141ms
Discovery d6c50669 processing .trainData-industry_87/FARM_MACHINERY-EQUIPMENT/data.bin
Discovery d6c50669 read time 9ms for .trainData-industry_87/FARM_MACHINERY-EQUIPMENT/data.bin with 4603 records
Discovery d6c50669 scanning time 9s 246ms
Discovery d6c50669 recorded time 11s 829ms
compactUnused hidden neuron 71093345 has no outward connections
Training 9dd4438e with 1 binary file, target error: 0.05, iterations: 1, sample rate: 100%, sparse: 100%
Over populated 52, expected 50.
compactUnused hidden neuron 71093345 has no outward connections
Training 273ada0d with 1 binary file, target error: 0.05, iterations: 1, sample rate: 100%, sparse: 100%
compactUnused hidden neuron 71093345 has no outward connections
Discovered beneficial synapse from input-1673 to 2b464ba9-3610-494a-99c0-646172fe1a52 with weight 1.0000, helping 14.7% more records than it harms (2493/4603)
Discovery d6c50669 analyze time 1m 1s 399ms found 1 candidates
Discovery d6c50669 analyze harmful time 1s 862ms found 0 candidates
Discovery d6c50669 analyze squashes time 3s 85ms found 0 candidates
Training ffa6be81 with 1 binary file, target error: 0.05, iterations: 1, sample rate: 100%, sparse: 100%
Discovery ffa6be81 with 1 binary files, sample rate: 100%, batch size: 512
Discovery ffa6be81 initialize time 114ms
Discovery ffa6be81 processing .trainData-industry_87/FARM_MACHINERY-EQUIPMENT/data.bin
Discovery ffa6be81 read time 9ms for .trainData-industry_87/FARM_MACHINERY-EQUIPMENT/data.bin with 4603 records
Discovery ffa6be81 scanning time 7s 568ms
Discovery ffa6be81 recorded time 10s 58ms
compactUnused hidden neuron 71093345 has no outward connections
Training 522d37b2 with 1 binary file, target error: 0.05, iterations: 1, sample rate: 100%, sparse: 100%
Discovery ffa6be81 analyze time 20s 973ms found 0 candidates
Over populated 52, expected 50.
Discovered harmful synapse from input-601 to 2b464ba9-3610-494a-99c0-646172fe1a52, harming 13.3% more records than it helps (1848/4603)
Discovery ffa6be81 analyze harmful time 4s 176ms found 1 candidates
Discovery ffa6be81 analyze squashes time 3s 487ms found 0 candidates
compactUnused hidden neuron 71093345 has no outward connections
Fine tuning increased fitness by 0.000006529256368459357 to 0.8651882590457676 adjusted 332 weights, 15 biases 
Over populated 52, expected 50.
Fine tuning increased fitness by 0.000007747495713861241 to 0.8651960065414814 adjusted 332 weights, 15 biases 
Generation 10 score 0.8652063204925533  error 0.13475773250867787 avg time 18s 874ms
{
  error: 0.13475773250867787,
  score: 0.8652063204925533,
  generation: 10,
  time: 188968,
  startScore: 0.8651805962083255
}
process PAPERBOARD_CONTAINERS-BOXES lvl: 3
loaded ../GRQ-portfolio/best/industry/v6/PAPERBOARD_CONTAINERS-BOXES.json
2 mutations, mutation rate 16.1%, elitism 3, mutation FFW, selection POWER
Creature count: 50
Culling duplicate creature at 1 of 51
DeDuplication of 1 creatures to 50 in 157ms (previous experiment )
Training 8dcd156d with 1 binary file, target error: 0.05, iterations: 1, sample rate: 100%, sparse: 100%
Discovery 8dcd156d with 1 binary files, sample rate: 100%, batch size: 512
Discovery 8dcd156d initialize time 149ms
Discovery 8dcd156d processing .trainData-industry_87/PAPERBOARD_CONTAINERS-BOXES/data.bin
Replacing HYPOT neuron f09e95c1-4e6e-4e26-955a-1611d3b4dfa9
Replacing HYPOT neuron f09e95c1-4e6e-4e26-955a-1611d3b4dfa9
Discovery 8dcd156d read time 14ms for .trainData-industry_87/PAPERBOARD_CONTAINERS-BOXES/data.bin with 4603 records
Discovery 8dcd156d scanning time 24s 322ms
Discovery 8dcd156d recorded time 26s 164ms
Training e98d5717 with 1 binary file, target error: 0.05, iterations: 1, sample rate: 100%, sparse: 100%
Discovered beneficial synapse from input-531 to 7fc59864-5170-42f7-ac8e-6a2abc726c66 with weight -1.0000, helping 24.2% more records than it harms (2823/4603)
Discovery 8dcd156d analyze time 32s 46ms found 1 candidates
Discovered harmful synapse from input-1334 to 7fc59864-5170-42f7-ac8e-6a2abc726c66, harming 16.6% more records than it helps (1885/4603)
Discovery 8dcd156d analyze harmful time 7s 738ms found 1 candidates
Training bd12e82f with 1 binary file, target error: 0.05, iterations: 1, sample rate: 100%, sparse: 100%
Discovery 8dcd156d analyze squashes time 6s 313ms found 1 candidate, Summary: 7fc59864-5170-42f7-ac8e-6a2abc726c66 ArcTan -> ABSOLUTE improved: 100.0% error: 2.2936505204537998e+26 -> 1.9097947251276155e+22
Discovery db761062 with 1 binary files, sample rate: 100%, batch size: 512
Discovery db761062 initialize time 136ms
Discovery db761062 processing .trainData-industry_87/PAPERBOARD_CONTAINERS-BOXES/data.bin
Over populated 52, expected 50.
Culling duplicate creature at 48 of 52
DeDuplication of 1 creatures to 51 in 39ms (previous experiment )
Discovery db761062 read time 11ms for .trainData-industry_87/PAPERBOARD_CONTAINERS-BOXES/data.bin with 4603 records
Training 0740a764 with 1 binary file, target error: 0.05, iterations: 1, sample rate: 100%, sparse: 100%
Discovery db761062 scanning time 20s 782ms
Fine tuning increased fitness by 8.326258820190446e-7 to 0.8699343160067948 adjusted 4 weights, 1 bias 
Discovery db761062 recorded time 22s 849ms
Training a6dde53d with 1 binary file, target error: 0.05, iterations: 1, sample rate: 100%, sparse: 100%
Discovered beneficial synapse from input-531 to 7fc59864-5170-42f7-ac8e-6a2abc726c66 with weight -1.0000, helping 24.6% more records than it harms (2832/4603)
Discovery db761062 analyze time 34s 316ms found 1 candidates
Discovered harmful synapse from input-1334 to 7fc59864-5170-42f7-ac8e-6a2abc726c66, harming 16.9% more records than it helps (1876/4603)
Discovery db761062 analyze harmful time 7s 556ms found 1 candidates
Discovery db761062 analyze squashes time 6s 349ms found 1 candidate, Summary: 7fc59864-5170-42f7-ac8e-6a2abc726c66 ArcTan -> ABSOLUTE improved: 100.0% error: 2.2936521394345718e+26 -> 1.9259845328441702e+22
Generation 9 score 0.8699374123495787  error 0.13002540365126447 avg time 18s 606ms
Waiting for additional generation
Fine tuning increased fitness by 4.355008575984698e-10 to 0.8699374127850795 adjusted 2 weights 
Generation 10 score 0.8699374127850795  error 0.13002540321576364 avg time 1s 284ms
{
  error: 0.13002540321576364,
  score: 0.8699374127850795,
  generation: 10,
  time: 199245,
  startScore: 0.8698481861854953
}
process PLASTIC_MATERIALS_SYNTH_RESINS-NONVULCAN_ELASTOMERS lvl: 3
loaded ../GRQ-portfolio/best/industry/v6/PLASTIC_MATERIALS_SYNTH_RESINS-NONVULCAN_ELASTOMERS.json
1 mutation, mutation rate 12.9%, elitism 2, mutation FFW, selection POWER
Creature count: 50
Culling duplicate creature at 1 of 51
DeDuplication of 1 creatures to 50 in 53ms (previous experiment )
Training fb11d690 with 1 binary file, target error: 0.05, iterations: 1, sample rate: 100%, sparse: 100%
Discovery fb11d690 with 1 binary files, sample rate: 100%, batch size: 512
Discovery fb11d690 initialize time 145ms
Discovery fb11d690 processing .trainData-industry_87/PLASTIC_MATERIALS_SYNTH_RESINS-NONVULCAN_ELASTOMERS/data.bin
Discovery fb11d690 read time 14ms for .trainData-industry_87/PLASTIC_MATERIALS_SYNTH_RESINS-NONVULCAN_ELASTOMERS/data.bin with 4603 records
Discovery fb11d690 scanning time 6s 529ms
Discovery fb11d690 recorded time 9s 21ms
Training c420db56 with 1 binary file, target error: 0.05, iterations: 1, sample rate: 100%, sparse: 100%
Training 096ace0d with 1 binary file, target error: 0.05, iterations: 1, sample rate: 100%, sparse: 100%
Fine tuning increased fitness by 0.0000012149687041995705 to 0.9100239251521841 adjusted 167 weights, 6 biases 
Discovered beneficial synapse from 9cdcd15f-f3ff-4c55-81ed-5020aba56424 to ce1aee3c-ab29-43dd-9dc2-cb5a6e72770f with weight -1.0000, helping 18.5% more records than it harms (2562/4603)
Discovery fb11d690 analyze time 37s 946ms found 1 candidates
Discovered harmful synapse from input-636 to ce1aee3c-ab29-43dd-9dc2-cb5a6e72770f, harming 11.6% more records than it helps (1869/4603)
Discovery fb11d690 analyze harmful time 3s 697ms found 1 candidates
Training 230b2d8a with 1 binary file, target error: 0.05, iterations: 1, sample rate: 100%, sparse: 100%
Discovery fb11d690 analyze squashes time 2s 836ms found 0 candidates
Training d7bbf216 with 1 binary file, target error: 0.05, iterations: 1, sample rate: 100%, sparse: 100%
Discovery d7bbf216 with 1 binary files, sample rate: 100%, batch size: 512
Discovery d7bbf216 initialize time 142ms
Discovery d7bbf216 processing .trainData-industry_87/PLASTIC_MATERIALS_SYNTH_RESINS-NONVULCAN_ELASTOMERS/data.bin
Fine tuning increased fitness by 0.00000392890630984688 to 0.9100303009576907 adjusted 58 weights, 2 biases 
Discovery d7bbf216 read time 11ms for .trainData-industry_87/PLASTIC_MATERIALS_SYNTH_RESINS-NONVULCAN_ELASTOMERS/data.bin with 4603 records
Discovery d7bbf216 scanning time 7s 159ms
Discovery d7bbf216 recorded time 9s 853ms
Training 94d19018 with 1 binary file, target error: 0.05, iterations: 1, sample rate: 100%, sparse: 100%
Fine tuning increased fitness by 0.000005907909013225243 to 0.9100362088667039 adjusted 58 weights, 2 biases 
Discovery d7bbf216 analyze time 20s 861ms found 0 candidates
Training acab4ca2 with 1 binary file, target error: 0.05, iterations: 1, sample rate: 100%, sparse: 100%
Fine tuning increased fitness by 0.000009956745921857468 to 0.9100461656126257 adjusted 58 weights, 2 biases 
Discovered harmful synapse from input-636 to ce1aee3c-ab29-43dd-9dc2-cb5a6e72770f, harming 11.7% more records than it helps (1866/4603)
Discovery d7bbf216 analyze harmful time 2s 749ms found 1 candidates
Discovery d7bbf216 analyze squashes time 2s 496ms found 0 candidates
Training ad988c58 with 1 binary file, target error: 0.05, iterations: 1, sample rate: 100%, sparse: 100%
Discovery ad988c58 with 1 binary files, sample rate: 100%, batch size: 512
Discovery ad988c58 initialize time 143ms
Discovery ad988c58 processing .trainData-industry_87/PLASTIC_MATERIALS_SYNTH_RESINS-NONVULCAN_ELASTOMERS/data.bin
Fine tuning increased fitness by 0.0000012690437934947951 to 0.9100474346564192 adjusted 58 weights, 2 biases 
Discovery ad988c58 read time 12ms for .trainData-industry_87/PLASTIC_MATERIALS_SYNTH_RESINS-NONVULCAN_ELASTOMERS/data.bin with 4603 records
Discovery ad988c58 scanning time 7s 96ms
Discovery ad988c58 recorded time 9s 650ms
Training 1979212c with 1 binary file, target error: 0.05, iterations: 1, sample rate: 100%, sparse: 100%
Fine tuning increased fitness by 0.000003424628876147473 to 0.9100508592852954 adjusted 58 weights, 2 biases 
Discovery ad988c58 analyze time 19s 366ms found 0 candidates
Discovered harmful synapse from input-636 to ce1aee3c-ab29-43dd-9dc2-cb5a6e72770f, harming 11.8% more records than it helps (1864/4603)
Discovery ad988c58 analyze harmful time 3s 521ms found 1 candidates
Fine tuning increased fitness by 0.000004539460623398384 to 0.9100553987459188 adjusted 58 weights, 2 biases 
Discovery ad988c58 analyze squashes time 1s 528ms found 0 candidates
Generation 10 score 0.9100553987459188  error 0.08991366425468425 avg time 15s 907ms
Fine tuning increased fitness by 0.000006308311156444368 to 0.9100617070570752 adjusted 58 weights, 2 biases 
Generation 12 score 0.9100631952564499  error 0.08990585774415336 avg time 2s 262ms
{
  error: 0.08990585774415336,
  score: 0.9100631952564499,
  generation: 12,
  time: 181934,
  startScore: 0.9100220287423169
}
process PHOTOGRAPHIC_EQUIPMENT-SUPPLIES lvl: 3
loaded ../GRQ-portfolio/best/industry/v6/PHOTOGRAPHIC_EQUIPMENT-SUPPLIES.json
6 mutations, mutation rate 38.5%, elitism 6, mutation ALL, selection FITNESS_PROPORTIONATE
Creature count: 50
Culling duplicate creature at 1 of 51
DeDuplication of 1 creatures to 50 in 31ms (previous experiment )
Training c26b8f8f with 1 binary file, target error: 0.05, iterations: 1, sample rate: 100%, sparse: 100%
Discovery c26b8f8f with 1 binary files, sample rate: 100%, batch size: 512
Discovery c26b8f8f initialize time 148ms
Discovery c26b8f8f processing .trainData-industry_87/PHOTOGRAPHIC_EQUIPMENT-SUPPLIES/data.bin
Discovery c26b8f8f read time 8ms for .trainData-industry_87/PHOTOGRAPHIC_EQUIPMENT-SUPPLIES/data.bin with 4603 records
Discovery c26b8f8f scanning time 13s 360ms
Discovery c26b8f8f recorded time 16s 95ms
compactUnused hidden neuron aafec6ba has no outward connections
Training 18e76f5d with 1 binary file, target error: 0.05, iterations: 1, sample rate: 100%, sparse: 100%
compactUnused hidden neuron aafec6ba has no outward connections
Training af06ccd0 with 1 binary file, target error: 0.05, iterations: 1, sample rate: 100%, sparse: 100%
compactUnused hidden neuron aafec6ba has no outward connections
Training 3e6ba215 with 1 binary file, target error: 0.05, iterations: 1, sample rate: 100%, sparse: 100%
Training b3a5df0b with 1 binary file, target error: 0.05, iterations: 1, sample rate: 100%, sparse: 100%
Remove neuron aa3044c9-96fa-4556-af23-c7ef2fad7654 as no longer connected
Remove neuron 9a5ea8f6-b172-4801-8b14-f2e41b38b9ce as no longer connected
Discovered beneficial synapse from input-55 to 28da30a0-1bab-4fb1-9e07-6935a65e3819 with weight -1.0000, helping 71.4% more records than it harms (3940/4603)
Discovery c26b8f8f analyze time 2m 539ms found 1 candidates
Discovered harmful synapse from input-1207 to 352c0886-aaf5-4894-a5a1-0c02787b0b1e, harming 69.6% more records than it helps (696/4603)
Discovery c26b8f8f analyze harmful time 7s 261ms found 1 candidates
Discovery c26b8f8f analyze squashes time 4s 739ms found 0 candidates
Remove neuron bd33d749-0c69-423e-a515-9453568f2671 as no longer connected
Generation 9 score 0.8485907635812648  error 0.1513649234198947 avg time 18s 815ms
{
  error: 0.1513649234198947,
  score: 0.8485907635812648,
  generation: 9,
  time: 188362,
  startScore: 0.8485907386849226
}
process REAL_ESTATE_INVESTMENT_TRUSTS lvl: 3
loaded ../GRQ-portfolio/best/industry/v6/REAL_ESTATE_INVESTMENT_TRUSTS.json
1 mutation, mutation rate 5.0%, elitism 8, mutation FFW, selection TOURNAMENT
Creature count: 50
Culling duplicate creature at 1 of 51
DeDuplication of 1 creatures to 50 in 91ms (previous experiment )
Training 1a26e9b5 with 1 binary file, target error: 0.05, iterations: 1, sample rate: 100%, sparse: 100%
Discovery 1a26e9b5 with 1 binary files, sample rate: 100%, batch size: 512
Discovery 1a26e9b5 initialize time 138ms
Discovery 1a26e9b5 processing .trainData-industry_87/REAL_ESTATE_INVESTMENT_TRUSTS/data.bin
Discovery 1a26e9b5 read time 10ms for .trainData-industry_87/REAL_ESTATE_INVESTMENT_TRUSTS/data.bin with 4603 records
Discovery 1a26e9b5 scanning time 7s 819ms
Discovery 1a26e9b5 recorded time 11s 406ms
Training 7af38732 with 1 binary file, target error: 0.05, iterations: 1, sample rate: 100%, sparse: 100%
Over populated 52, expected 50.
Training 82c167a7 with 1 binary file, target error: 0.05, iterations: 1, sample rate: 100%, sparse: 100%
Fine tuning increased fitness by 2.166201226172504e-7 to 0.9450728383084022 adjusted 5 weights, 1 bias 
Training 3315a409 with 1 binary file, target error: 0.05, iterations: 1, sample rate: 100%, sparse: 100%
Over populated 52, expected 50.
Training bb15b508 with 1 binary file, target error: 0.05, iterations: 1, sample rate: 100%, sparse: 100%
Fine tuning increased fitness by 3.3297450463543043e-8 to 0.9450729519963146 adjusted 5 weights, 1 bias 
Discovered beneficial synapse from 2ff6495e-b794-4bfe-a95b-0e78b0814ea4 to output-0 with weight -1.0000, helping 24.5% more records than it harms (2794/4603)
Discovery 1a26e9b5 analyze time 1m 4s 273ms found 1 candidates
Discovered harmful synapse from input-760 to 6586e3ac-8f24-49f1-b999-cacb1279ed48, harming 47.0% more records than it helps (1062/4603)
Discovery 1a26e9b5 analyze harmful time 3s 803ms found 1 candidates
Training b05ab4e9 with 1 binary file, target error: 0.05, iterations: 1, sample rate: 100%, sparse: 100%
Discovery 1a26e9b5 analyze squashes time 3s 331ms found 1 candidate, Summary: output-0 HARD_TANH -> ABSOLUTE improved: 100.0% error: 3.2773336615735475e+26 -> 1.5523
Over populated 52, expected 50.
Training 60ec459d with 1 binary file, target error: 0.05, iterations: 1, sample rate: 100%, sparse: 100%
Discovery 60ec459d with 1 binary files, sample rate: 100%, batch size: 512
Discovery 60ec459d initialize time 133ms
Discovery 60ec459d processing .trainData-industry_87/REAL_ESTATE_INVESTMENT_TRUSTS/data.bin
Over populated 56, expected 50.
Discovery 60ec459d read time 12ms for .trainData-industry_87/REAL_ESTATE_INVESTMENT_TRUSTS/data.bin with 4603 records
Discovery 60ec459d scanning time 7s 500ms
Discovery 60ec459d recorded time 9s 710ms
Training b19b8654 with 1 binary file, target error: 0.05, iterations: 1, sample rate: 100%, sparse: 100%
Fine tuning increased fitness by 4.85083754719895e-7 to 0.9451032378588509 adjusted 329 weights, 12 biases 
Discovered beneficial synapse from 07fa803a-8f43-4413-a440-f09297116b20 to 6586e3ac-8f24-49f1-b999-cacb1279ed48 with weight -1.0000, helping 23.7% more records than it harms (2689/4603)
Discovery 60ec459d analyze time 24s 830ms found 1 candidates
Training be9bd082 with 1 binary file, target error: 0.05, iterations: 1, sample rate: 100%, sparse: 100%
Fine tuning increased fitness by 0.000002037323120540613 to 0.9451052751819714 adjusted 329 weights, 12 biases 
Discovered harmful synapse from input-760 to 6586e3ac-8f24-49f1-b999-cacb1279ed48, harming 47.1% more records than it helps (1060/4603)
Discovery 60ec459d analyze harmful time 4s 6ms found 1 candidates
Discovery 60ec459d analyze squashes time 2s 896ms found 1 candidate, Summary: output-0 HARD_TANH -> ABSOLUTE improved: 100.0% error: 3.272741105068032e+26 -> 1.5484
Over populated 52, expected 50.
Over populated 56, expected 50.
Generation 10 score 0.9451067980064797  error 0.054861807994281045 avg time 15s 759ms
Generation 13 score 0.9451101393365754  error 0.05485846666418541 avg time 3s 244ms
{
  error: 0.05485846666418541,
  score: 0.9451101393365754,
  generation: 13,
  time: 190319,
  startScore: 0.9450725082709828
}
process AGRICULTURAL_SERVICES lvl: 3
loaded ../GRQ-portfolio/best/industry/v6/AGRICULTURAL_SERVICES.json
3 mutations, mutation rate 5.0%, elitism 6, mutation FFW, selection TOURNAMENT
Creature count: 50
Culling duplicate creature at 1 of 51
DeDuplication of 1 creatures to 50 in 96ms (previous experiment )
Training 5efd10e5 with 1 binary file, target error: 0.05, iterations: 1, sample rate: 100%, sparse: 100%
Discovery 5efd10e5 with 1 binary files, sample rate: 100%, batch size: 512
Discovery 5efd10e5 initialize time 115ms
Discovery 5efd10e5 processing .trainData-industry_87/AGRICULTURAL_SERVICES/data.bin
Training 5efd10e5 samples 1,561 of 4,603 33.9% error 0.180 time average: 38ms 440µs 102ns total: 1m 5ms
Discovery 5efd10e5 read time 21ms for .trainData-industry_87/AGRICULTURAL_SERVICES/data.bin with 4603 records
Discovery 5efd10e5 scanning time 1m 7s 87ms
Discovery 5efd10e5 recorded time 1m 10s 146ms
Training 5efd10e5 samples 3,229 of 4,603 70.1% error 0.177 time average: 37ms 168µs 473ns total: 2m 17ms
Fine tuning increased fitness by 0.000006411010645024362 to 0.8105238479522476 adjusted 584 weights, 13 biases 
Over populated 52, expected 50.
Generation 7 score 0.8105409195121386  error 0.18940933048795427 avg time 19s 614ms
Set training/discovery clean up count to 2
Waiting for discovery to complete
Memory usage (Discovery in progress): 317MB used, 420MB total
Generation 8 score 0.8105628291754664  error 0.18938742082462642 avg time 2s 382ms
Waiting for discovery to complete
Memory usage (Discovery in progress): 296MB used, 403MB total
Discovered beneficial synapse from input-1092 to 1af4261b-fe1d-4858-9ec4-265170c37f25 with weight 1.0000, helping 55.0% more records than it harms (3558/4603)
Discovery 5efd10e5 analyze time 2m 37s 385ms found 1 candidates
Generation 9 score 0.8105703472687257  error 0.18937990273136712 avg time 2s 308ms
Waiting for discovery to complete
Memory usage (Discovery in progress): 299MB used, 399MB total
Discovered harmful synapse from input-54 to 5d27af57-1c3b-429c-b7ea-b0c77cb4903e, harming 38.2% more records than it helps (1412/4603)
Discovery 5efd10e5 analyze harmful time 13s 236ms found 1 candidates
Discovery 5efd10e5 analyze squashes time 13s 525ms found 0 candidates
Generation 10 score 0.8106184241675591  error 0.1893318258325337 avg time 2s 288ms
Waiting for discovery to complete
Memory usage (Discovery in progress): 332MB used, 406MB total
Generation 11 score 0.8106184586936274  error 0.1893317813064655 avg time 1s 785ms
Waiting for training/discovery clean up 2
Generation 12 score 0.8106214049147784  error 0.18932883508531437 avg time 1s 706ms
Waiting for training/discovery clean up 1
Generation 13 score 0.8106678826339375  error 0.1892823573661553 avg time 1s 762ms
{
  error: 0.1892823573661553,
  score: 0.8106678826339375,
  generation: 13,
  time: 318734,
  startScore: 0.8104955876091525
}
process RETAIL-COMPUTER-COMPUTER_SOFTWARE_STORES lvl: 3
loaded ../GRQ-portfolio/best/industry/v6/RETAIL-COMPUTER-COMPUTER_SOFTWARE_STORES.json
2 mutations, mutation rate 43.4%, elitism 9, mutation ALL, selection FITNESS_PROPORTIONATE
Creature count: 50
Culling duplicate creature at 1 of 51
DeDuplication of 1 creatures to 50 in 131ms (previous experiment )
Training 6dba96bd with 1 binary file, target error: 0.05, iterations: 1, sample rate: 100%, sparse: 100%
Discovery 6dba96bd with 1 binary files, sample rate: 100%, batch size: 512
Discovery 6dba96bd initialize time 147ms
Discovery 6dba96bd processing .trainData-industry_87/RETAIL-COMPUTER-COMPUTER_SOFTWARE_STORES/data.bin
Discovery 6dba96bd read time 14ms for .trainData-industry_87/RETAIL-COMPUTER-COMPUTER_SOFTWARE_STORES/data.bin with 4603 records
Discovery 6dba96bd scanning time 32s 612ms
Discovery 6dba96bd recorded time 35s 547ms
Training 607096d7 with 1 binary file, target error: 0.05, iterations: 1, sample rate: 100%, sparse: 100%
Discovered beneficial synapse from input-67 to 9e960aaa-1cc1-484b-bf47-8e53070947eb with weight 1.0000, helping 20.2% more records than it harms (2766/4603)
Discovery 6dba96bd analyze time 1m 12s 44ms found 1 candidates
Discovery 6dba96bd analyze harmful time 7s 941ms found 0 candidates
Training 213cd7fe with 1 binary file, target error: 0.05, iterations: 1, sample rate: 100%, sparse: 100%
Discovery 6dba96bd analyze squashes time 8s 450ms found 0 candidates
Discovery ceac492a with 1 binary files, sample rate: 100%, batch size: 512
Discovery ceac492a initialize time 140ms
Discovery ceac492a processing .trainData-industry_87/RETAIL-COMPUTER-COMPUTER_SOFTWARE_STORES/data.bin
Fine tuning increased fitness by 0.000002654029538362579 to 0.9064426499970193 adjusted 110 weights, 3 biases 
Discovery ceac492a read time 13ms for .trainData-industry_87/RETAIL-COMPUTER-COMPUTER_SOFTWARE_STORES/data.bin with 4603 records
Discovery ceac492a scanning time 31s 618ms
Discovery ceac492a recorded time 34s 175ms
Fine tuning increased fitness by 2.4271483489712864e-7 to 0.9064428927118542 adjusted 110 weights, 3 biases 
Over populated 52, expected 50.
Generation 10 score 0.9064428927118542  error 0.09351280128892757 avg time 19s 785ms
Set training/discovery clean up count to 2
Waiting for discovery to complete
Memory usage (Discovery in progress): 350MB used, 417MB total
Fine tuning increased fitness by 4.766987027338132e-9 to 0.9064428974788412 adjusted 107 weights, 3 biases 
Remove neuron 81aef2bc-ec6a-4ca1-9bd7-56ac99320063 as no longer connected
Generation 11 score 0.9064428974788412  error 0.0935127965219406 avg time 1s 989ms
Waiting for discovery to complete
Memory usage (Discovery in progress): 325MB used, 442MB total
Generation 12 score 0.9064429227641313  error 0.09351277123665049 avg time 1s 835ms
Waiting for discovery to complete
Memory usage (Discovery in progress): 280MB used, 405MB total
Discovered beneficial synapse from input-67 to 9e960aaa-1cc1-484b-bf47-8e53070947eb with weight 1.0000, helping 20.1% more records than it harms (2764/4603)
Discovery ceac492a analyze time 1m 6s 807ms found 1 candidates
Discovery ceac492a analyze harmful time 5s 515ms found 0 candidates
Generation 13 score 0.9064497559868406  error 0.0935059380139193 avg time 1s 827ms
Waiting for discovery to complete
Memory usage (Discovery in progress): 324MB used, 401MB total
Discovery ceac492a analyze squashes time 9s 330ms found 1 candidate, Summary: f38f067b-0def-4cd6-a1af-e5a5c2d45a27 TANH -> COMPLEMENT improved: 60.0% error: 1.680755397429847e+26 -> 6.723021427511601e+25
Generation 14 score 0.9064532261656518  error 0.0935024678351299 avg time 1s 675ms
Waiting for training/discovery clean up 2
Generation 15 score 0.9064532261656518  error 0.0935024678351299 avg time 1s 497ms
Waiting for training/discovery clean up 1
Generation 16 score 0.9064627328258743  error 0.09349297117490458 avg time 1s 360ms
{
  error: 0.09349297117490458,
  score: 0.9064627328258743,
  generation: 16,
  time: 299996,
  startScore: 0.9064368644598773
}
process INDUSTRIAL_TRUCKS_TRACTORS_TRAILORS-STACKERS lvl: 3
loaded ../GRQ-portfolio/best/industry/v6/INDUSTRIAL_TRUCKS_TRACTORS_TRAILORS-STACKERS.json
3 mutations, mutation rate 10.4%, elitism 7, mutation ALL, selection TOURNAMENT
Creature count: 50
Culling duplicate creature at 1 of 51
DeDuplication of 1 creatures to 50 in 124ms (previous experiment )
Training d28e7fec with 1 binary file, target error: 0.05, iterations: 1, sample rate: 100%, sparse: 100%
Discovery d28e7fec with 1 binary files, sample rate: 100%, batch size: 512
Discovery d28e7fec initialize time 127ms
Discovery d28e7fec processing .trainData-industry_87/INDUSTRIAL_TRUCKS_TRACTORS_TRAILORS-STACKERS/data.bin
Replacing HYPOT neuron ec09068e-5771-4270-9a59-4ddc3439d9e1
Replacing HYPOT neuron ec09068e-5771-4270-9a59-4ddc3439d9e1
Remove neuron 501f66eb-d9c8-4533-b748-30d53e07015b as no longer connected
Fine tuning increased fitness by 2.6388075846650594e-7 to 0.8136786984813046 adjusted 1 weight Restored: 1
Training 367260ce with 1 binary file, target error: 0.05, iterations: 1, sample rate: 100%, sparse: 100%
Fine tuning increased fitness by 0.0000011051880965951 to 0.8136798036694012 adjusted 1 weight Restored: 1
Fine tuning increased fitness by 0.0000020651740045840583 to 0.8136818688434058 adjusted 1 weight Restored: 1
Fine tuning increased fitness by 1.3628570172397048e-7 to 0.8136820051291075 adjusted 1 weight Restored: 1
Training 41076c39 with 1 binary file, target error: 0.05, iterations: 1, sample rate: 100%, sparse: 100%
Discovery d28e7fec read time 12ms for .trainData-industry_87/INDUSTRIAL_TRUCKS_TRACTORS_TRAILORS-STACKERS/data.bin with 4603 records
Fine tuning increased fitness by 1.0286582696750202e-10 to 0.8136820052319733 adjusted 1 weight Restored: 1
Discovery d28e7fec scanning time 1m 37s 351ms
Discovery d28e7fec recorded time 1m 40s 268ms
Fine tuning increased fitness by 8.002254414662957e-11 to 0.8136820053119959 adjusted 1 weight Restored: 1
Training f3aa9b6c with 1 binary file, target error: 0.05, iterations: 1, sample rate: 100%, sparse: 100%
Generation 10 score 0.8136820053119959  error 0.18627840168865595 avg time 14s 16ms
Generation 14 score 0.8136820053119959  error 0.18627840168865595 avg time 4s 215ms
Set training/discovery clean up count to 2
Waiting for discovery to complete
Memory usage (Discovery in progress): 272MB used, 398MB total
Discovered beneficial synapse from input-1404 to 30f8604e-7520-4f6b-ad6f-a2bdf8c99063 with weight 1.0000, helping 26.6% more records than it harms (1518/4603)
Discovery d28e7fec analyze time 1m 15s 412ms found 1 candidates
Generation 15 score 0.8136820053119959  error 0.18627840168865595 avg time 865ms
Waiting for discovery to complete
Memory usage (Discovery in progress): 367MB used, 478MB total
Generation 16 score 0.8136820053119959  error 0.18627840168865595 avg time 935ms
Waiting for discovery to complete
Memory usage (Discovery in progress): 176MB used, 291MB total
Discovered harmful synapse from ab20312d-f6b7-4574-a4e3-2a4910bf1a21 to 14cdec3e-f9e1-4971-9667-d5c753da1bc3, harming 39.3% more records than it helps (671/4603)
Discovery d28e7fec analyze harmful time 16s 913ms found 1 candidates
Generation 17 score 0.8136820053119959  error 0.18627840168865595 avg time 877ms
Waiting for discovery to complete
Memory usage (Discovery in progress): 171MB used, 286MB total
Discovery d28e7fec analyze squashes time 16s 333ms found 1 candidate, Summary: f13dc5fa-d767-4dcb-89c7-1b2dc1d9440a ArcTan -> Cube improved: 8.8% error: 3.0192265668221776e+23 -> 2.7520664057984306e+23
Generation 18 score 0.8136820053119959  error 0.18627840168865595 avg time 948ms
Waiting for discovery to complete
Memory usage (Discovery in progress): 217MB used, 299MB total
Generation 19 score 0.8136820053119959  error 0.18627840168865595 avg time 755ms
Waiting for training/discovery clean up 2
Generation 20 score 0.8136820053119959  error 0.18627840168865595 avg time 861ms
Waiting for training/discovery clean up 1
Generation 21 score 0.8136820053119959  error 0.18627840168865595 avg time 784ms
{
  error: 0.18627840168865595,
  score: 0.8136820053119959,
  generation: 21,
  time: 242879,
  startScore: 0.8136784346005461
}
🔁 Attempt 1/12: git pull --rebase --autostash
From github.com:stSoftwareAU/GRQ-industryV2
   a143d85c..f51e3c80  main       -> origin/main
Updating a143d85c..f51e3c80
Created autostash: fc5538c5
Fast-forward
 ...TS_FLYING_FIELDS-AIRPORT_TERMINAL_SERVICES.json |  2748 ++---
 ...NGEMENT_OF_TRANSPORTATION_OF_FREIGHT-CARGO.json |  1699 +--
 v6/DOLLS-STUFFED_TOYS.json                         |   305 +-
 v6/FARM_MACHINERY-EQUIPMENT.json                   |  3842 ++----
 v6/FOOD_AND_KINDRED_PRODUCTS.json                  |   922 +-
 v6/FORESTRY.json                                   |  1394 +--
 ...QUIPMENT_EXCEPT_ELECTRIC-WARM_AIR_FURNACES.json |  6418 ++++++++--
 v6/LABORATORY_ANALYTICAL_INSTRUMENTS.json          |  1848 +--
 v6/METAL_CANS.json                                 |  3575 +-----
 ...LANEOUS_FOOD_PREPARATIONS-KINDRED_PRODUCTS.json |  1224 +-
 v6/MISCELLANEOUS_PRODUCTS_OF_PETROLEUM-COAL.json   |  4691 ++------
 v6/MISCELLANEOUS_TRANSPORTATION_EQUIPMENT.json     |   100 +-
 v6/MOTOR_HOMES.json                                |   112 +-
 v6/OPERATORS_OF_NONRESIDENTIAL_BUILDINGS.json      |   778 +-
 ...CE-ACCESSORIES_NO_VEHICLES-GUIDED_MISSILES.json |    36 +-
 v6/PUMPS-PUMPING_EQUIPMENT.json                    |    48 +-
 v6/RAILROADS_LINE-HAUL_OPERATING.json              | 11995 +++----------------
 v6/RETAIL-AUTO-HOME_SUPPLY_STORES.json             |   266 +-
 ...ING_DRAWING-EXTRUDING_OF_NONFERROUS_METALS.json |  1242 +-
 v6/SAUSAGES-OTHER_PREPARED_MEAT_PRODUCTS.json      |  1165 +-
 ...ERVICES-AUTOMOTIVE_REPAIR_SERVICES-PARKING.json |  5122 ++++++--
 ...VICES-COMPUTER_PROCESSING-DATA_PREPARATION.json |  1938 ++-
 v6/SERVICES-MANAGEMENT_SERVICES.json               |    37 +-
 v6/SPECIAL_INDUSTRY_MACHINERY_NEC.json             |   829 +-
 v6/TELEPHONE_COMMUNICATIONS_NO_RADIOTELEPHONE.json |    81 +-
 v6/WHOLESALE-PAPER-PAPER_PRODUCTS.json             |    37 +-
 ...ROLEUM-PETROLEUM_PRODUCTS_NO_BULK_STATIONS.json |   871 +-
 ...PROFESSIONAL-COMMERCIAL_EQUIPMENT-SUPPLIES.json |  2167 +---
 28 files changed, 21324 insertions(+), 34166 deletions(-)
Applying autostash resulted in conflicts.
Your changes are safe in the stash.
You can run "git stash pop" or "git stash drop" at any time.
❌ Merge conflicts found — reverting conflicting JSON files
↩️  Reverting: ./v6/FARM_MACHINERY-EQUIPMENT.json
📦 Changes detected — committing
[main 995dc6b1] GRQ-7 Improved Industry models
 9 files changed, 5387 insertions(+), 8680 deletions(-)
To github.com:stSoftwareAU/GRQ-industryV2.git
   f51e3c80..995dc6b1  main -> main
✅ Push succeeded
Starting Exchange... Mon 21 Jul 2025 05:50:50 AEST
Already up to date.
🔁 Attempting pull with rebase and conflict cleanup (attempt 1 of 6)...
✅ Git pull succeeded.
process (upgrade) OTCQB score: 1.000
try ../GRQ-portfolio/best/exchange/v1/OTCQB.json
loaded ../GRQ-portfolio/best/exchange/v1/OTCQB.json
4 mutations, mutation rate 5.0%, elitism 7, mutation FFW, selection TOURNAMENT
Creature count: 10
Training 60468447 with 1 binary file, target error: 0.05, iterations: 1, sample rate: 100%, sparse: 100%
Discovery 60468447 with 1 binary files, sample rate: 100%, batch size: 512
Discovery 60468447 initialize time 79ms
Discovery 60468447 processing .trainData-exchange_87/OTCQB/data.bin
Discovery 60468447 read time 11ms for .trainData-exchange_87/OTCQB/data.bin with 4603 records
Discovery 60468447 scanning time 2s 73ms
Generation 1 score 0.99999999  error 0 avg time 1s 535ms
Set training/discovery clean up count to 2
Waiting for discovery to complete
Memory usage (Discovery in progress): 145MB used, 305MB total
Discovery 60468447 recorded time 3s 410ms
Discovery 60468447 analyze time 41ms found 0 candidates
Discovery 60468447 analyze harmful time 30ms found 0 candidates
Discovery 60468447 analyze squashes time 22ms found 0 candidates
Generation 2 score 0.99999999  error 0 avg time 399ms
Waiting for training/discovery clean up 2
Generation 3 score 0.99999999  error 0 avg time 150ms
Waiting for training/discovery clean up 1
Generation 4 score 0.99999999  error 0 avg time 117ms
{
  error: 0,
  score: 0.99999999,
  generation: 4,
  time: 29393,
  startScore: 0.99999999
}
process (upgrade) AMEX score: 1.000
try ../GRQ-portfolio/best/exchange/v1/AMEX.json
loaded ../GRQ-portfolio/best/exchange/v1/AMEX.json
7 mutations, mutation rate 5.0%, elitism 7, mutation FFW, selection TOURNAMENT
Creature count: 10
Training 60468447 with 1 binary file, target error: 0.05, iterations: 1, sample rate: 100%, sparse: 100%
Discovery 60468447 with 1 binary files, sample rate: 100%, batch size: 512
Discovery 60468447 initialize time 71ms
Discovery 60468447 processing .trainData-exchange_87/AMEX/data.bin
Discovery 60468447 read time 9ms for .trainData-exchange_87/AMEX/data.bin with 4603 records
Discovery 60468447 scanning time 2s 32ms
Discovery 60468447 recorded time 2s 964ms
Discovery 60468447 analyze time 21ms found 0 candidates
Discovery 60468447 analyze harmful time 17ms found 0 candidates
Discovery 60468447 analyze squashes time 14ms found 0 candidates
Generation 1 score 0.99999999  error 0 avg time 1s 562ms
Set training/discovery clean up count to 2
Waiting for discovery to complete
Memory usage (Discovery in progress): 157MB used, 283MB total
Generation 2 score 0.99999999  error 0 avg time 544ms
Waiting for training/discovery clean up 2
Generation 3 score 0.99999999  error 0 avg time 234ms
Waiting for training/discovery clean up 1
Generation 4 score 0.99999999  error 0 avg time 37ms
{
  error: 0,
  score: 0.99999999,
  generation: 4,
  time: 35101,
  startScore: 0.99999999
}
process (upgrade) PINK score: 1.000
try ../GRQ-portfolio/best/exchange/v1/PINK.json
loaded ../GRQ-portfolio/best/exchange/v1/PINK.json
5 mutations, mutation rate 5.0%, elitism 8, mutation ALL, selection POWER
Creature count: 10
Training 27658cda with 1 binary file, target error: 0.05, iterations: 1, sample rate: 100%, sparse: 100%
Discovery 27658cda with 1 binary files, sample rate: 100%, batch size: 512
compactUnused hidden neuron a21056ee has no outward connections
Discovery 27658cda initialize time 103ms
Discovery 27658cda processing .trainData-exchange_87/PINK/data.bin
Generation 1 score 0.9999991760072379  error 1.8180354269855703e-15 avg time 370ms
Set training/discovery clean up count to 2
Waiting for discovery to complete
Memory usage (Discovery in progress): 158MB used, 346MB total
Generation 2 score 0.9999991760072379  error 1.8180354269855703e-15 avg time 138ms
Waiting for discovery to complete
Memory usage (Discovery in progress): 137MB used, 342MB total
Discovery 27658cda read time 4ms for .trainData-exchange_87/PINK/data.bin with 4603 records
Generation 3 score 0.9999991760072379  error 1.8180354269855703e-15 avg time 66ms
Waiting for discovery to complete
Memory usage (Discovery in progress): 148MB used, 342MB total
Discovery 27658cda scanning time 2s 597ms
Generation 4 score 0.9999991760072379  error 1.8180354269855703e-15 avg time 55ms
Waiting for discovery to complete
Memory usage (Discovery in progress): 194MB used, 342MB total
Generation 5 score 0.9999991760072379  error 1.8180354269855703e-15 avg time 80ms
Waiting for discovery to complete
Memory usage (Discovery in progress): 203MB used, 342MB total
Discovery 27658cda recorded time 4s 207ms
Generation 6 score 0.9999991760072379  error 1.8180354269855703e-15 avg time 46ms
Waiting for discovery to complete
Memory usage (Discovery in progress): 207MB used, 342MB total
Generation 7 score 0.9999991760072379  error 1.8180354269855703e-15 avg time 58ms
Waiting for discovery to complete
Memory usage (Discovery in progress): 217MB used, 342MB total
Generation 8 score 0.9999991760072379  error 1.8180354269855703e-15 avg time 41ms
Waiting for discovery to complete
Memory usage (Discovery in progress): 207MB used, 342MB total
Generation 9 score 0.9999991760072379  error 1.8180354269855703e-15 avg time 56ms
Waiting for discovery to complete
Memory usage (Discovery in progress): 252MB used, 342MB total
Generation 10 score 0.9999991760072379  error 1.8180354269855703e-15 avg time 56ms
Waiting for discovery to complete
Memory usage (Discovery in progress): 262MB used, 355MB total
Generation 11 score 0.9999991760072379  error 1.8180354269855703e-15 avg time 45ms
Waiting for discovery to complete
Memory usage (Discovery in progress): 262MB used, 368MB total
Generation 12 score 0.9999991760072379  error 1.8180354269855703e-15 avg time 59ms
Waiting for discovery to complete
Memory usage (Discovery in progress): 110MB used, 286MB total
Generation 13 score 0.9999991760072379  error 1.8180354269855703e-15 avg time 49ms
Waiting for discovery to complete
Memory usage (Discovery in progress): 120MB used, 286MB total
Generation 14 score 0.9999991760072379  error 1.8180354269855703e-15 avg time 61ms
Waiting for discovery to complete
Memory usage (Discovery in progress): 93MB used, 287MB total
Generation 15 score 0.9999991760072379  error 1.8180354269855703e-15 avg time 40ms
Waiting for discovery to complete
Memory usage (Discovery in progress): 141MB used, 287MB total
Generation 16 score 0.9999991760072379  error 1.8180354269855703e-15 avg time 57ms
Waiting for discovery to complete
Memory usage (Discovery in progress): 163MB used, 287MB total
Generation 17 score 0.9999991760072379  error 1.8180354269855703e-15 avg time 51ms
Waiting for discovery to complete
Memory usage (Discovery in progress): 170MB used, 287MB total
Generation 18 score 0.9999991760072379  error 1.8180354269855703e-15 avg time 48ms
Waiting for discovery to complete
Memory usage (Discovery in progress): 177MB used, 287MB total
Generation 19 score 0.9999991760072379  error 1.8180354269855703e-15 avg time 51ms
Waiting for discovery to complete
Memory usage (Discovery in progress): 191MB used, 287MB total
Generation 20 score 0.9999991760072379  error 1.8180354269855703e-15 avg time 44ms
Waiting for discovery to complete
Memory usage (Discovery in progress): 197MB used, 287MB total
Generation 21 score 0.9999991760072379  error 1.8180354269855703e-15 avg time 57ms
Waiting for discovery to complete
Memory usage (Discovery in progress): 226MB used, 298MB total
Generation 22 score 0.9999991760072379  error 1.8180354269855703e-15 avg time 55ms
Waiting for discovery to complete
Memory usage (Discovery in progress): 239MB used, 309MB total
Generation 23 score 0.9999991760072379  error 1.8180354269855703e-15 avg time 57ms
Waiting for discovery to complete
Memory usage (Discovery in progress): 106MB used, 267MB total
Generation 24 score 0.9999991760072379  error 1.8180354269855703e-15 avg time 56ms
Waiting for discovery to complete
Memory usage (Discovery in progress): 126MB used, 268MB total
Generation 25 score 0.9999991760072379  error 1.8180354269855703e-15 avg time 49ms
Waiting for discovery to complete
Memory usage (Discovery in progress): 135MB used, 268MB total
Generation 26 score 0.9999991760072379  error 1.8180354269855703e-15 avg time 52ms
Waiting for discovery to complete
Memory usage (Discovery in progress): 145MB used, 268MB total
Generation 27 score 0.9999991760072379  error 1.8180354269855703e-15 avg time 43ms
Waiting for discovery to complete
Memory usage (Discovery in progress): 153MB used, 268MB total
Generation 28 score 0.9999991760072379  error 1.8180354269855703e-15 avg time 59ms
Waiting for discovery to complete
Memory usage (Discovery in progress): 178MB used, 268MB total
Generation 29 score 0.9999991760072379  error 1.8180354269855703e-15 avg time 53ms
Waiting for discovery to complete
Memory usage (Discovery in progress): 145MB used, 270MB total
Generation 30 score 0.9999991760072379  error 1.8180354269855703e-15 avg time 53ms
Waiting for discovery to complete
Memory usage (Discovery in progress): 173MB used, 278MB total
Generation 31 score 0.9999991760072379  error 1.8180354269855703e-15 avg time 51ms
Waiting for discovery to complete
Memory usage (Discovery in progress): 181MB used, 292MB total
Generation 32 score 0.9999991760072379  error 1.8180354269855703e-15 avg time 56ms
Waiting for discovery to complete
Memory usage (Discovery in progress): 188MB used, 305MB total
Generation 33 score 0.9999991760072379  error 1.8180354269855703e-15 avg time 49ms
Waiting for discovery to complete
Memory usage (Discovery in progress): 98MB used, 282MB total
Generation 34 score 0.9999991760072379  error 1.8180354269855703e-15 avg time 54ms
Waiting for discovery to complete
Memory usage (Discovery in progress): 122MB used, 282MB total
Generation 35 score 0.9999991760072379  error 1.8180354269855703e-15 avg time 52ms
Waiting for discovery to complete
Memory usage (Discovery in progress): 138MB used, 282MB total
Generation 36 score 0.9999991760072379  error 1.8180354269855703e-15 avg time 42ms
Waiting for discovery to complete
Memory usage (Discovery in progress): 133MB used, 282MB total
Generation 37 score 0.9999991760072379  error 1.8180354269855703e-15 avg time 55ms
Waiting for discovery to complete
Memory usage (Discovery in progress): 146MB used, 283MB total
Generation 38 score 0.9999991760072379  error 1.8180354269855703e-15 avg time 48ms
Waiting for discovery to complete
Memory usage (Discovery in progress): 142MB used, 283MB total
Generation 39 score 0.9999991760072379  error 1.8180354269855703e-15 avg time 44ms
Waiting for discovery to complete
Memory usage (Discovery in progress): 136MB used, 283MB total
Generation 40 score 0.9999991760072379  error 1.8180354269855703e-15 avg time 61ms
Waiting for discovery to complete
Memory usage (Discovery in progress): 145MB used, 283MB total
Generation 41 score 0.9999991760072379  error 1.8180354269855703e-15 avg time 43ms
Waiting for discovery to complete
Memory usage (Discovery in progress): 202MB used, 283MB total
Generation 42 score 0.9999991760072379  error 1.8180354269855703e-15 avg time 63ms
Waiting for discovery to complete
Memory usage (Discovery in progress): 214MB used, 299MB total
Generation 43 score 0.9999991760072379  error 1.8180354269855703e-15 avg time 64ms
Waiting for discovery to complete
Memory usage (Discovery in progress): 116MB used, 275MB total
Generation 44 score 0.9999991760072379  error 1.8180354269855703e-15 avg time 48ms
Waiting for discovery to complete
Memory usage (Discovery in progress): 124MB used, 275MB total
Generation 45 score 0.9999991760072379  error 1.8180354269855703e-15 avg time 49ms
Waiting for discovery to complete
Memory usage (Discovery in progress): 142MB used, 275MB total
Generation 46 score 0.9999991760072379  error 1.8180354269855703e-15 avg time 55ms
Waiting for discovery to complete
Memory usage (Discovery in progress): 151MB used, 275MB total
Generation 47 score 0.9999991760072379  error 1.8180354269855703e-15 avg time 44ms
Waiting for discovery to complete
Memory usage (Discovery in progress): 149MB used, 275MB total
Generation 48 score 0.9999991760072379  error 1.8180354269855703e-15 avg time 52ms
Waiting for discovery to complete
Memory usage (Discovery in progress): 163MB used, 275MB total
Remove neuron 4f16dfe3-f269-4caa-8bb3-4501bb2da63e as no longer connected
Generation 49 score 0.9999991760072379  error 1.8180354269855703e-15 avg time 56ms
Waiting for discovery to complete
Memory usage (Discovery in progress): 177MB used, 275MB total
Generation 50 score 0.9999991760072379  error 1.8180354269855703e-15 avg time 52ms
Waiting for discovery to complete
Memory usage (Discovery in progress): 195MB used, 277MB total
Generation 51 score 0.9999991760072379  error 1.8180354269855703e-15 avg time 51ms
Waiting for discovery to complete
Memory usage (Discovery in progress): 195MB used, 289MB total
Generation 52 score 0.9999991760072379  error 1.8180354269855703e-15 avg time 51ms
Waiting for discovery to complete
Memory usage (Discovery in progress): 223MB used, 304MB total
Remove neuron b38aa37a-ba36-4886-b460-34000bd7ab3b as no longer connected
Generation 53 score 0.9999991760072379  error 1.8180354269855703e-15 avg time 58ms
Waiting for discovery to complete
Memory usage (Discovery in progress): 110MB used, 280MB total
Generation 54 score 0.9999991760072379  error 1.8180354269855703e-15 avg time 43ms
Waiting for discovery to complete
Memory usage (Discovery in progress): 111MB used, 280MB total
Generation 55 score 0.9999991760072379  error 1.8180354269855703e-15 avg time 57ms
Waiting for discovery to complete
Memory usage (Discovery in progress): 128MB used, 282MB total
Generation 56 score 0.9999991760072379  error 1.8180354269855703e-15 avg time 47ms
Waiting for discovery to complete
Memory usage (Discovery in progress): 128MB used, 282MB total
Generation 57 score 0.9999991760072379  error 1.8180354269855703e-15 avg time 60ms
Waiting for discovery to complete
Memory usage (Discovery in progress): 161MB used, 282MB total
Generation 58 score 0.9999991760072379  error 1.8180354269855703e-15 avg time 56ms
Waiting for discovery to complete
Memory usage (Discovery in progress): 183MB used, 282MB total
Generation 59 score 0.9999991760072379  error 1.8180354269855703e-15 avg time 47ms
Waiting for discovery to complete
Memory usage (Discovery in progress): 181MB used, 282MB total
Generation 60 score 0.9999991760072379  error 1.8180354269855703e-15 avg time 48ms
Waiting for discovery to complete
Memory usage (Discovery in progress): 188MB used, 282MB total
Generation 61 score 0.9999991760072379  error 1.8180354269855703e-15 avg time 53ms
Waiting for discovery to complete
Memory usage (Discovery in progress): 219MB used, 293MB total
Generation 62 score 0.9999991760072379  error 1.8180354269855703e-15 avg time 55ms
Waiting for discovery to complete
Memory usage (Discovery in progress): 181MB used, 308MB total
Generation 63 score 0.9999991760072379  error 1.8180354269855703e-15 avg time 55ms
Waiting for discovery to complete
Memory usage (Discovery in progress): 64MB used, 272MB total
Generation 64 score 0.9999991760072379  error 1.8180354269855703e-15 avg time 51ms
Waiting for discovery to complete
Memory usage (Discovery in progress): 125MB used, 272MB total
Generation 65 score 0.9999991760072379  error 1.8180354269855703e-15 avg time 55ms
Waiting for discovery to complete
Memory usage (Discovery in progress): 139MB used, 272MB total
Generation 66 score 0.9999991760072379  error 1.8180354269855703e-15 avg time 47ms
Waiting for discovery to complete
Memory usage (Discovery in progress): 145MB used, 272MB total
Generation 67 score 0.9999991760072379  error 1.8180354269855703e-15 avg time 61ms
Waiting for discovery to complete
Memory usage (Discovery in progress): 138MB used, 272MB total
Generation 68 score 0.9999991760072379  error 1.8180354269855703e-15 avg time 56ms
Waiting for discovery to complete
Memory usage (Discovery in progress): 161MB used, 272MB total
Generation 69 score 0.9999991760072379  error 1.8180354269855703e-15 avg time 41ms
Waiting for discovery to complete
Memory usage (Discovery in progress): 154MB used, 272MB total
Generation 70 score 0.9999991760072379  error 1.8180354269855703e-15 avg time 64ms
Waiting for discovery to complete
Memory usage (Discovery in progress): 175MB used, 280MB total
Generation 71 score 0.9999991760072379  error 1.8180354269855703e-15 avg time 47ms
Waiting for discovery to complete
Memory usage (Discovery in progress): 177MB used, 295MB total
Generation 72 score 0.9999991760072379  error 1.8180354269855703e-15 avg time 55ms
Waiting for discovery to complete
Memory usage (Discovery in progress): 184MB used, 307MB total
Generation 73 score 0.9999991760072379  error 1.8180354269855703e-15 avg time 47ms
Waiting for discovery to complete
Memory usage (Discovery in progress): 102MB used, 286MB total
Generation 74 score 0.9999991760072379  error 1.8180354269855703e-15 avg time 57ms
Waiting for discovery to complete
Memory usage (Discovery in progress): 124MB used, 286MB total
Remove neuron fffe7f58-f8c9-4644-a6c4-7125bcbdef19 as no longer connected
Generation 75 score 0.9999991760072379  error 1.8180354269855703e-15 avg time 48ms
Waiting for discovery to complete
Memory usage (Discovery in progress): 113MB used, 287MB total
Generation 76 score 0.9999991760072379  error 1.8180354269855703e-15 avg time 53ms
Waiting for discovery to complete
Memory usage (Discovery in progress): 135MB used, 287MB total
Generation 77 score 0.9999991760072379  error 1.8180354269855703e-15 avg time 48ms
Waiting for discovery to complete
Memory usage (Discovery in progress): 164MB used, 287MB total
Generation 78 score 0.9999991760072379  error 1.8180354269855703e-15 avg time 59ms
Waiting for discovery to complete
Memory usage (Discovery in progress): 140MB used, 287MB total
Generation 79 score 0.9999991760072379  error 1.8180354269855703e-15 avg time 49ms
Waiting for discovery to complete
Memory usage (Discovery in progress): 147MB used, 287MB total
Generation 80 score 0.9999991760072379  error 1.8180354269855703e-15 avg time 54ms
Waiting for discovery to complete
Memory usage (Discovery in progress): 209MB used, 287MB total
Generation 81 score 0.9999991760072379  error 1.8180354269855703e-15 avg time 45ms
Waiting for discovery to complete
Memory usage (Discovery in progress): 224MB used, 293MB total
Generation 82 score 0.9999991760072379  error 1.8180354269855703e-15 avg time 67ms
Waiting for discovery to complete
Memory usage (Discovery in progress): 92MB used, 273MB total
Generation 83 score 0.9999991760072379  error 1.8180354269855703e-15 avg time 53ms
Waiting for discovery to complete
Memory usage (Discovery in progress): 98MB used, 273MB total
Generation 84 score 0.9999991760072379  error 1.8180354269855703e-15 avg time 48ms
Waiting for discovery to complete
Memory usage (Discovery in progress): 99MB used, 273MB total
Generation 85 score 0.9999991760072379  error 1.8180354269855703e-15 avg time 50ms
Waiting for discovery to complete
Memory usage (Discovery in progress): 155MB used, 273MB total
Generation 86 score 0.9999991760072379  error 1.8180354269855703e-15 avg time 54ms
Waiting for discovery to complete
Memory usage (Discovery in progress): 146MB used, 273MB total
Generation 87 score 0.9999991760072379  error 1.8180354269855703e-15 avg time 55ms
Waiting for discovery to complete
Memory usage (Discovery in progress): 159MB used, 273MB total
Generation 88 score 0.9999991760072379  error 1.8180354269855703e-15 avg time 39ms
Waiting for discovery to complete
Memory usage (Discovery in progress): 151MB used, 273MB total
Discovery 27658cda analyze time 42s 940ms found 0 candidates
Discovery 27658cda analyze harmful time 484ms found 0 candidates
Generation 89 score 0.9999991760072379  error 1.8180354269855703e-15 avg time 56ms
Waiting for discovery to complete
Memory usage (Discovery in progress): 191MB used, 282MB total
Generation 90 score 0.9999991760072379  error 1.8180354269855703e-15 avg time 56ms
Waiting for discovery to complete
Memory usage (Discovery in progress): 204MB used, 296MB total
Generation 91 score 0.9999991760072379  error 1.8180354269855703e-15 avg time 42ms
Waiting for discovery to complete
Memory usage (Discovery in progress): 195MB used, 309MB total
Discovery 27658cda analyze squashes time 1s 293ms found 0 candidates
Generation 92 score 0.9999991760072379  error 1.8180354269855703e-15 avg time 62ms
Waiting for training/discovery clean up 2
Generation 93 score 0.9999991760072379  error 1.8180354269855703e-15 avg time 37ms
Waiting for training/discovery clean up 1
Generation 94 score 0.9999991760072379  error 1.8180354269855703e-15 avg time 42ms
{
  error: 1.8180354269855703e-15,
  score: 0.9999991760072379,
  generation: 94,
  time: 58133,
  startScore: 0.9999991760072379
}
process (upgrade) NASDAQ score: 0.911
try ../GRQ-portfolio/best/exchange/v1/NASDAQ.json
loaded ../GRQ-portfolio/best/exchange/v1/NASDAQ.json
5 mutations, mutation rate 10.7%, elitism 2, mutation ALL, selection POWER
Creature count: 10
Training 46138065 with 1 binary file, target error: 0.05, iterations: 1, sample rate: 100%, sparse: 100%
Discovery 46138065 with 1 binary files, sample rate: 100%, batch size: 512
Discovery 46138065 initialize time 149ms
Discovery 46138065 processing .trainData-exchange_87/NASDAQ/data.bin
Training 46138065 samples 1,076 of 4,603 23.4% error 0.104 time average: 55ms 768µs 587ns total: 1m 7ms
Discovery 46138065 read time 8ms for .trainData-exchange_87/NASDAQ/data.bin with 4603 records
Discovery 46138065 scanning time 1m 32s 767ms
Discovery 46138065 recorded time 1m 36s 930ms
Training 46138065 samples 2,254 of 4,603 49.0% error 0.079 time average: 53ms 247µs 116ns total: 2m 19ms
Fine tuning increased fitness by 2.459895664941314e-8 to 0.9111919915647434 adjusted 1 weight 
Training 46138065 samples 3,316 of 4,603 72.0% error 0.089 time average: 54ms 297µs 346ns total: 3m 50ms
Fine tuning increased fitness by 1.1791324583398932e-9 to 0.9111919927438759 adjusted 1 weight 
Training dec0d008 with 1 binary file, target error: 0.05, iterations: 1, sample rate: 100%, sparse: 100%
Fine tuning increased fitness by 1.2383664094173241e-9 to 0.9111919939822423 adjusted 1 weight 
Fine tuning increased fitness by 0.000006384021989491728 to 0.9111983780042318 adjusted 1 weight 
Generation 10 score 0.9111983780042318  error 0.0887310179958302 avg time 29s 924ms
Set training/discovery clean up count to 2
Waiting for discovery to complete
Memory usage (Discovery in progress): 161MB used, 278MB total
Training dec0d008 samples 1,233 of 4,603 26.8% error 0.102 time average: 48ms 682µs 887ns total: 1m 26ms
Training dec0d008 timed out after 1m 26ms
Fine tuning increased fitness by 6.0273398483357e-7 to 0.9111989807382166 adjusted 1 weight 
Generation 11 score 0.9111989807382166  error 0.08873041526184529 avg time 2s 717ms
Waiting for discovery to complete
Memory usage (Discovery in progress): 194MB used, 304MB total
Training dec0d008 caused a higher error of 0.10226166562483514 from 0.08873741201781969
Fine tuning increased fitness by 0.0000016255542795162725 to 0.9112006062924961 adjusted 1 weight 
Generation 12 score 0.9112006062924961  error 0.08872878970756584 avg time 1s 918ms
Waiting for discovery to complete
Memory usage (Discovery in progress): 323MB used, 411MB total
Fine tuning increased fitness by 0.000055423246314689756 to 0.9112560295388108 adjusted 1 weight 
Generation 13 score 0.9112560295388108  error 0.0886733664612511 avg time 1s 990ms
Waiting for discovery to complete
Memory usage (Discovery in progress): 176MB used, 301MB total
Fine tuning increased fitness by 4.1869349765022434e-8 to 0.9112560714081606 adjusted 1 weight 
Generation 14 score 0.9112560714081606  error 0.08867332459190132 avg time 1s 819ms
Waiting for discovery to complete
Memory usage (Discovery in progress): 329MB used, 406MB total
Fine tuning increased fitness by 1.5214837278954008e-8 to 0.9112560866229978 adjusted 1 weight 
Generation 15 score 0.9112560866229978  error 0.08867330937706411 avg time 1s 882ms
Waiting for discovery to complete
Memory usage (Discovery in progress): 214MB used, 291MB total
Generation 16 score 0.9112560866229978  error 0.08867330937706411 avg time 1s 773ms
Waiting for discovery to complete
Memory usage (Discovery in progress): 184MB used, 286MB total
Fine tuning increased fitness by 0.000001019195210782975 to 0.9112571058182086 adjusted 1 weight 
Generation 17 score 0.9112571058182086  error 0.0886722801818533 avg time 2s 97ms
Waiting for discovery to complete
Memory usage (Discovery in progress): 96MB used, 260MB total
Fine tuning increased fitness by 1.9788736094206172e-8 to 0.9112571256069447 adjusted 1 weight 
Constant neuron 0e0935a4-6ff7-4342-bc4a-63d7fe804a90 convert hidden to constant
Adjust neuron 0e0935a4-6ff7-4342-bc4a-63d7fe804a90 bias -0.006129540715705775 to -0.006129463952561075
Generation 18 score 0.9112571256069447  error 0.0886722503931172 avg time 2s 623ms
Waiting for discovery to complete
Memory usage (Discovery in progress): 155MB used, 294MB total
Fine tuning increased fitness by 7.465916229687508e-8 to 0.911257200266107 adjusted 1 weight 
Generation 19 score 0.911257200266107  error 0.0886721757339549 avg time 1s 944ms
Waiting for discovery to complete
Memory usage (Discovery in progress): 136MB used, 306MB total
Fine tuning increased fitness by 1.491992209778914e-7 to 0.911257349465328 adjusted 1 weight 
Generation 20 score 0.911257349465328  error 0.08867202653473391 avg time 1s 893ms
Waiting for discovery to complete
Memory usage (Discovery in progress): 266MB used, 360MB total
Fine tuning increased fitness by 4.415641783328539e-7 to 0.9112577910295063 adjusted 1 weight 
Generation 21 score 0.9112577910295063  error 0.08867158497055556 avg time 1s 776ms
Waiting for discovery to complete
Memory usage (Discovery in progress): 177MB used, 283MB total
Fine tuning increased fitness by 5.202347023169906e-7 to 0.9112583112642086 adjusted 1 weight 
Generation 22 score 0.9112583112642086  error 0.0886710647358533 avg time 1s 909ms
Waiting for discovery to complete
Memory usage (Discovery in progress): 217MB used, 290MB total
Discovered beneficial synapse from input-1120 to 3de9f258-3bd3-4f8d-8914-809f0bc4e6df with weight 1.0000, helping 45.7% more records than it harms (3151/4603)
Discovery 46138065 analyze time 7m 23s 911ms found 1 candidates
Fine tuning increased fitness by 2.750051426581024e-7 to 0.9112585862693513 adjusted 1 weight 
Generation 23 score 0.9112585862693513  error 0.08867078973071064 avg time 1s 811ms
Waiting for discovery to complete
Memory usage (Discovery in progress): 170MB used, 274MB total
Generation 24 score 0.9112585862693513  error 0.08867078973071064 avg time 1s 886ms
Waiting for discovery to complete
Memory usage (Discovery in progress): 215MB used, 341MB total
Discovered harmful synapse from input-1012 to beb8bf20-2995-4898-b3d4-a3ea78ff6d8d-2908, harming 39.0% more records than it helps (1201/4603)
Discovery 46138065 analyze harmful time 25s 883ms found 1 candidates
Generation 25 score 0.9112585862693513  error 0.08867078973071064 avg time 1s 754ms
Waiting for discovery to complete
Memory usage (Discovery in progress): 324MB used, 437MB total
Discovery 46138065 analyze squashes time 28s 284ms found 0 candidates
Generation 26 score 0.9112585862693513  error 0.08867078973071064 avg time 1s 848ms
Waiting for discovery to complete
Memory usage (Discovery in progress): 171MB used, 293MB total
Generation 27 score 0.9112585862693513  error 0.08867078973071064 avg time 1s 454ms
Waiting for training/discovery clean up 2
Fine tuning increased fitness by 2.9365258003011263e-9 to 0.9112585892058771 adjusted 1 weight 
Generation 28 score 0.9112585892058771  error 0.08867078679418479 avg time 1s 675ms
Waiting for training/discovery clean up 1
Fine tuning increased fitness by 5.708636008350254e-9 to 0.9112585949145131 adjusted 1 weight 
Generation 29 score 0.9112585949145131  error 0.08867078108554878 avg time 1s 398ms
{
  error: 0.08867078108554878,
  score: 0.9112585949145131,
  generation: 29,
  time: 672539,
  startScore: 0.911179203567532
}
🔁 Attempt 1/12: git pull --rebase --autostash
Already up to date.
📦 Changes detected — committing
[main 529cad0] GRQ-7 Improved exchange models
 1 file changed, 36 insertions(+), 31 deletions(-)
To github.com:stSoftwareAU/GRQ-exchange.git
   2faf047..529cad0  main -> main
✅ Push succeeded
🔁 Attempting pull with rebase and conflict cleanup (attempt 1 of 6)...
✅ Git pull succeeded.
[DEBUG] last_heartbeat=1753009124, hours_since_last=9, current_ts=1753041866
Updating health information...
[DEBUG] System info: {"uptime": 4301571, "free_disk_space": "385", "used_disk_percent": "11.2", "total_disk_gb": "457", "mem_usage_percent": "3.1", "total_mem_gb": "15.5", "cpu_load": "85.5%", "cpu_cores": "4", "cpu_model": "3.40 GHz", "cpu_breakdown": "top: 0.0%", "load_averages": "59.5% (1m), 76.7% (5m), 85.5% (15m)", "timezone": "AEST", "os_info": "Ubuntu", "os_version": "22.04.5 LTS (Jammy Jellyfish)", "network_status": "connected", "exception_count": 2, "exception_summary": "2 exceptions found (      2 MEMETIC)"}
[DEBUG] Current timestamp: 1753041866
[DEBUG] Hostname: GRQ-7
[DEBUG] Updating existing JSON file
Updated health information for GRQ-7
