================ Clean up START ================
Version 1.2.21
Filesystem        Size    Used   Avail Capacity iused ifree %iused  Mounted on
/dev/disk3s3s1   228Gi    13Gi    20Gi    41%    407k  205M    0%   /
devfs            199Ki   199Ki     0Bi   100%     690     0  100%   /dev
/dev/disk3s6     228Gi   6.0Gi    20Gi    24%       6  205M    0%   /System/Volumes/VM
/dev/disk3s4     228Gi    12Gi    20Gi    39%    1.5k  205M    0%   /System/Volumes/Preboot
/dev/disk3s2     228Gi   687Mi    20Gi     4%     322  205M    0%   /System/Volumes/Update
/dev/disk1s2     500Mi   6.0Mi   482Mi     2%       1  4.9M    0%   /System/Volumes/xarts
/dev/disk1s1     500Mi   5.4Mi   482Mi     2%      38  4.9M    0%   /System/Volumes/iSCPreboot
/dev/disk1s3     500Mi   1.7Mi   482Mi     1%      90  4.9M    0%   /System/Volumes/Hardware
/dev/disk3s1     228Gi   175Gi    20Gi    90%    1.6M  205M    1%   /System/Volumes/Data
map auto_home      0Bi     0Bi     0Bi   100%       0     0     -   /System/Volumes/Data/home
/dev/disk2s1     5.0Gi   1.7Gi   3.3Gi    35%      62   34M    0%   /System/Volumes/Update/SFR/mnt1
/dev/disk3s3     228Gi    13Gi    20Gi    41%    408k  205M    0%   /System/Volumes/Update/mnt1
USER    PID  PPID COMMAND
nigel 19944 19870 /Library/Application Support/Adobe/Adobe Desktop Common/ADS/Adobe Desktop Service.app/Contents/MacOS/Adobe Desktop Service --onOSstartup=true --showwindow=false --waitForRegistration=true
nigel 29267 27886 /Users/nigel/.deno/bin/deno lsp
root  19751 19653 login -pfl nigel /bin/bash -c exec -la zsh /bin/zsh
nigel 19755 19751 -zsh
nigel 29542 19755 /bin/bash ./run.sh
nigel 29552 29542 /bin/bash ./run.sh
nigel 29573 29552 /bin/bash worker/node.sh
root  29583 29573 ps -U nigel -o user,pid,ppid,command
root  26772 19653 login -pf nigel
nigel 26776 26772 -zsh
nigel 28189 28187 /bin/zsh -il
Host: Mac
IP: 192.168.0.178
Number of CPUs: 8
Available Memory: 7527M
================ Clean up ENDED ================
Use local deno
PATH: /Users/nigel/.deno/bin:/Users/nigel/.deno/bin:/usr/local/bin:/System/Cryptexes/App/usr/bin:/usr/bin:/bin:/usr/sbin:/sbin:/var/run/com.apple.security.cryptexd/codex.system/bootstrap/usr/local/bin:/var/run/com.apple.security.cryptexd/codex.system/bootstrap/usr/bin:/var/run/com.apple.security.cryptexd/codex.system/bootstrap/usr/appleinternal/bin
deno 2.1.4 (stable, release, aarch64-apple-darwin)
v8 13.0.245.12-rusty
typescript 5.6.2
Option: 6
Exchange Disabled
Starting Exchange... Sat 28 Dec 2024 20:44:11 AEDT
Already up to date.
Download https://jsr.io/@stsoftware/neat-ai/meta.json
Download https://jsr.io/@std/datetime/meta.json
Download https://jsr.io/@std/assert/meta.json
Download https://jsr.io/@stsoftware/tags/meta.json
Download https://jsr.io/@std/fs/meta.json
Download https://jsr.io/@std/csv/meta.json
Download https://jsr.io/@stsoftware/neat-ai/0.128.1_meta.json
Download https://jsr.io/@std/datetime/0.225.2_meta.json
Download https://jsr.io/@std/assert/1.0.10_meta.json
Download https://jsr.io/@stsoftware/tags/1.0.5_meta.json
Download https://jsr.io/@std/fs/1.0.8_meta.json
Download https://jsr.io/@std/csv/1.0.4_meta.json
Download https://jsr.io/@std/fmt/meta.json
Download https://jsr.io/@std/internal/meta.json
Download https://jsr.io/@std/path/meta.json
Download https://jsr.io/@std/streams/meta.json
Download https://jsr.io/@std/bytes/meta.json
Download https://jsr.io/@std/crypto/meta.json
Download https://jsr.io/@std/fmt/1.0.3_meta.json
Download https://jsr.io/@std/internal/1.0.5_meta.json
Download https://jsr.io/@std/path/1.0.8_meta.json
Download https://jsr.io/@std/streams/1.0.8_meta.json
Download https://jsr.io/@std/bytes/1.0.4_meta.json
Download https://jsr.io/@std/crypto/1.0.3_meta.json
Download https://jsr.io/@stsoftware/neat-ai/0.128.1/mod.ts
Download https://jsr.io/@std/datetime/0.225.2/mod.ts
Download https://jsr.io/@std/assert/1.0.10/mod.ts
Download https://jsr.io/@stsoftware/tags/1.0.5/mod.ts
Download https://jsr.io/@std/assert/1.0.10/assert.ts
Download https://jsr.io/@std/datetime/0.225.2/constants.ts
Download https://jsr.io/@std/fs/1.0.8/mod.ts
Download https://jsr.io/@std/csv/1.0.4/mod.ts
Download https://jsr.io/@stsoftware/neat-ai/0.128.1/src/Creature.ts
Download https://jsr.io/@stsoftware/neat-ai/0.128.1/src/architecture/CreatureUtils.ts
Download https://jsr.io/@stsoftware/neat-ai/0.128.1/src/methods/Selection.ts
Download https://jsr.io/@stsoftware/neat-ai/0.128.1/src/NEAT/Mutation.ts
Download https://jsr.io/@stsoftware/neat-ai/0.128.1/src/reconstruct/CRISPR.ts
Download https://jsr.io/@stsoftware/neat-ai/0.128.1/src/reconstruct/Upgrade.ts
Download https://jsr.io/@stsoftware/neat-ai/0.128.1/src/reconstruct/ConnectMissing.ts
Download https://jsr.io/@std/datetime/0.225.2/day_of_year.ts
Download https://jsr.io/@std/datetime/0.225.2/difference.ts
Download https://jsr.io/@std/datetime/0.225.2/format.ts
Download https://jsr.io/@std/datetime/0.225.2/is_leap.ts
Download https://jsr.io/@std/datetime/0.225.2/parse.ts
Download https://jsr.io/@std/datetime/0.225.2/week_of_year.ts
Download https://jsr.io/@std/assert/1.0.10/almost_equals.ts
Download https://jsr.io/@std/assert/1.0.10/array_includes.ts
Download https://jsr.io/@std/assert/1.0.10/equals.ts
Download https://jsr.io/@std/assert/1.0.10/exists.ts
Download https://jsr.io/@std/assert/1.0.10/false.ts
Download https://jsr.io/@std/assert/1.0.10/greater_or_equal.ts
Download https://jsr.io/@std/assert/1.0.10/greater.ts
Download https://jsr.io/@std/assert/1.0.10/instance_of.ts
Download https://jsr.io/@std/assert/1.0.10/is_error.ts
Download https://jsr.io/@std/assert/1.0.10/less_or_equal.ts
Download https://jsr.io/@std/assert/1.0.10/less.ts
Download https://jsr.io/@std/assert/1.0.10/match.ts
Download https://jsr.io/@std/assert/1.0.10/not_equals.ts
Download https://jsr.io/@std/assert/1.0.10/not_instance_of.ts
Download https://jsr.io/@std/assert/1.0.10/not_match.ts
Download https://jsr.io/@std/assert/1.0.10/not_strict_equals.ts
Download https://jsr.io/@std/assert/1.0.10/object_match.ts
Download https://jsr.io/@std/assert/1.0.10/rejects.ts
Download https://jsr.io/@std/assert/1.0.10/strict_equals.ts
Download https://jsr.io/@std/assert/1.0.10/string_includes.ts
Download https://jsr.io/@std/assert/1.0.10/throws.ts
Download https://jsr.io/@std/assert/1.0.10/assertion_error.ts
Download https://jsr.io/@std/assert/1.0.10/equal.ts
Download https://jsr.io/@std/assert/1.0.10/fail.ts
Download https://jsr.io/@std/assert/1.0.10/unimplemented.ts
Download https://jsr.io/@std/assert/1.0.10/unreachable.ts
Download https://jsr.io/@stsoftware/tags/1.0.5/src/TagAndRelease.ts
Download https://jsr.io/@stsoftware/tags/1.0.5/src/TagsInterface.ts
Download https://jsr.io/@std/fs/1.0.8/empty_dir.ts
Download https://jsr.io/@std/fs/1.0.8/ensure_dir.ts
Download https://jsr.io/@std/fs/1.0.8/ensure_file.ts
Download https://jsr.io/@std/fs/1.0.8/ensure_link.ts
Download https://jsr.io/@std/fs/1.0.8/ensure_symlink.ts
Download https://jsr.io/@std/fs/1.0.8/exists.ts
Download https://jsr.io/@std/fs/1.0.8/expand_glob.ts
Download https://jsr.io/@std/fs/1.0.8/move.ts
Download https://jsr.io/@std/fs/1.0.8/copy.ts
Download https://jsr.io/@std/fs/1.0.8/walk.ts
Download https://jsr.io/@std/fs/1.0.8/eol.ts
Download https://jsr.io/@std/csv/1.0.4/parse.ts
Download https://jsr.io/@std/csv/1.0.4/parse_stream.ts
Download https://jsr.io/@std/csv/1.0.4/stringify.ts
Download https://jsr.io/@std/csv/1.0.4/stringify_stream.ts
Download https://jsr.io/@stsoftware/neat-ai/0.128.1/src/architecture/CreatureState.ts
Download https://jsr.io/@stsoftware/neat-ai/0.128.1/src/architecture/CreatureValidate.ts
Download https://jsr.io/@stsoftware/neat-ai/0.128.1/src/architecture/DataSet.ts
Download https://jsr.io/@stsoftware/neat-ai/0.128.1/src/architecture/Neuron.ts
Download https://jsr.io/@stsoftware/neat-ai/0.128.1/src/architecture/Synapse.ts
Download https://jsr.io/@stsoftware/neat-ai/0.128.1/src/architecture/Training.ts
Download https://jsr.io/@stsoftware/neat-ai/0.128.1/src/compact/CompactUtils.ts
Download https://jsr.io/@stsoftware/neat-ai/0.128.1/src/config/NeatConfig.ts
Download https://jsr.io/@stsoftware/neat-ai/0.128.1/src/methods/activations/Activations.ts
Download https://jsr.io/@stsoftware/neat-ai/0.128.1/src/methods/activations/types/IDENTITY.ts
Download https://jsr.io/@stsoftware/neat-ai/0.128.1/src/methods/activations/types/LOGISTIC.ts
Download https://jsr.io/@stsoftware/neat-ai/0.128.1/src/multithreading/workers/WorkerHandler.ts
Download https://jsr.io/@stsoftware/neat-ai/0.128.1/src/mutate/AddBackCon.ts
Download https://jsr.io/@stsoftware/neat-ai/0.128.1/src/mutate/AddConnection.ts
Download https://jsr.io/@stsoftware/neat-ai/0.128.1/src/mutate/AddNeuron.ts
Download https://jsr.io/@stsoftware/neat-ai/0.128.1/src/mutate/AddSelfCon.ts
Download https://jsr.io/@stsoftware/neat-ai/0.128.1/src/mutate/ModActivation.ts
Download https://jsr.io/@stsoftware/neat-ai/0.128.1/src/mutate/ModBias.ts
Download https://jsr.io/@stsoftware/neat-ai/0.128.1/src/mutate/ModWeight.ts
Download https://jsr.io/@stsoftware/neat-ai/0.128.1/src/mutate/SubBackCon.ts
Download https://jsr.io/@stsoftware/neat-ai/0.128.1/src/mutate/SubConnection.ts
Download https://jsr.io/@stsoftware/neat-ai/0.128.1/src/mutate/SubNeuron.ts
Download https://jsr.io/@stsoftware/neat-ai/0.128.1/src/mutate/SubSelfCon.ts
Download https://jsr.io/@stsoftware/neat-ai/0.128.1/src/mutate/SwapNeurons.ts
Download https://jsr.io/@stsoftware/neat-ai/0.128.1/src/NEAT/Neat.ts
Download https://jsr.io/@stsoftware/neat-ai/0.128.1/src/architecture/SyncV5.ts
Download https://jsr.io/@std/datetime/0.225.2/_date_time_formatter.ts
Download https://jsr.io/@std/fs/1.0.8/_to_path_string.ts
Download https://jsr.io/@std/fs/1.0.8/_get_file_info_type.ts
Download https://jsr.io/@std/fs/1.0.8/_create_walk_entry.ts
Download https://jsr.io/@std/fs/1.0.8/_is_subdir.ts
Download https://jsr.io/@std/fs/1.0.8/_is_same_path.ts
Download https://jsr.io/@std/csv/1.0.4/_io.ts
Download https://jsr.io/@std/csv/1.0.4/_shared.ts
Download https://jsr.io/@stsoftware/neat-ai/0.128.1/src/propagate/SynapseState.ts
Download https://jsr.io/@stsoftware/neat-ai/0.128.1/src/errors/ValidationError.ts
Download https://jsr.io/@stsoftware/neat-ai/0.128.1/src/propagate/BackPropagation.ts
Download https://jsr.io/@stsoftware/neat-ai/0.128.1/src/propagate/Bias.ts
Download https://jsr.io/@stsoftware/neat-ai/0.128.1/src/propagate/Weight.ts
Download https://jsr.io/@stsoftware/neat-ai/0.128.1/src/architecture/NoChangePropagate.ts
Download https://jsr.io/@stsoftware/neat-ai/0.128.1/src/Costs.ts
Download https://jsr.io/@stsoftware/neat-ai/0.128.1/src/compact/CompactUnused.ts
Download https://jsr.io/@stsoftware/neat-ai/0.128.1/src/propagate/sparse/SparseConfig.ts
Download https://jsr.io/@stsoftware/neat-ai/0.128.1/src/methods/activations/aggregate/HYPOT.ts
Download https://jsr.io/@stsoftware/neat-ai/0.128.1/src/methods/activations/aggregate/HYPOTv2.ts
Download https://jsr.io/@stsoftware/neat-ai/0.128.1/src/methods/activations/aggregate/IF.ts
Download https://jsr.io/@stsoftware/neat-ai/0.128.1/src/methods/activations/aggregate/MAXIMUM.ts
Download https://jsr.io/@stsoftware/neat-ai/0.128.1/src/methods/activations/aggregate/MEAN.ts
Download https://jsr.io/@stsoftware/neat-ai/0.128.1/src/methods/activations/aggregate/MINIMUM.ts
Download https://jsr.io/@stsoftware/neat-ai/0.128.1/src/methods/activations/types/ABSOLUTE.ts
Download https://jsr.io/@stsoftware/neat-ai/0.128.1/src/methods/activations/types/ArcTan.ts
Download https://jsr.io/@stsoftware/neat-ai/0.128.1/src/methods/activations/types/BENT_IDENTITY.ts
Download https://jsr.io/@stsoftware/neat-ai/0.128.1/src/methods/activations/types/BIPOLAR.ts
Download https://jsr.io/@stsoftware/neat-ai/0.128.1/src/methods/activations/types/BIPOLAR_SIGMOID.ts
Download https://jsr.io/@stsoftware/neat-ai/0.128.1/src/methods/activations/types/CLIPPED.ts
Download https://jsr.io/@stsoftware/neat-ai/0.128.1/src/methods/activations/types/COMPLEMENT.ts
Download https://jsr.io/@stsoftware/neat-ai/0.128.1/src/methods/activations/types/Cosine.ts
Download https://jsr.io/@stsoftware/neat-ai/0.128.1/src/methods/activations/types/Cube.ts
Download https://jsr.io/@stsoftware/neat-ai/0.128.1/src/methods/activations/types/ELU.ts
Download https://jsr.io/@stsoftware/neat-ai/0.128.1/src/methods/activations/types/Exponential.ts
Download https://jsr.io/@stsoftware/neat-ai/0.128.1/src/methods/activations/types/GAUSSIAN.ts
Download https://jsr.io/@stsoftware/neat-ai/0.128.1/src/methods/activations/types/GELU.ts
Download https://jsr.io/@stsoftware/neat-ai/0.128.1/src/methods/activations/types/HARD_TANH.ts
Download https://jsr.io/@stsoftware/neat-ai/0.128.1/src/methods/activations/types/ISRU.ts
Download https://jsr.io/@stsoftware/neat-ai/0.128.1/src/methods/activations/types/LeakyReLU.ts
Download https://jsr.io/@stsoftware/neat-ai/0.128.1/src/methods/activations/types/LogSigmoid.ts
Download https://jsr.io/@stsoftware/neat-ai/0.128.1/src/methods/activations/types/Mish.ts
Download https://jsr.io/@stsoftware/neat-ai/0.128.1/src/methods/activations/types/RELU.ts
Download https://jsr.io/@stsoftware/neat-ai/0.128.1/src/methods/activations/types/ReLU6.ts
Download https://jsr.io/@stsoftware/neat-ai/0.128.1/src/methods/activations/types/SELU.ts
Download https://jsr.io/@stsoftware/neat-ai/0.128.1/src/methods/activations/types/SINE.ts
Download https://jsr.io/@stsoftware/neat-ai/0.128.1/src/methods/activations/types/SOFTSIGN.ts
Download https://jsr.io/@stsoftware/neat-ai/0.128.1/src/methods/activations/types/STEP.ts
Download https://jsr.io/@stsoftware/neat-ai/0.128.1/src/methods/activations/types/Softplus.ts
Download https://jsr.io/@stsoftware/neat-ai/0.128.1/src/methods/activations/types/StdInverse.ts
Download https://jsr.io/@stsoftware/neat-ai/0.128.1/src/methods/activations/types/Swish.ts
Download https://jsr.io/@stsoftware/neat-ai/0.128.1/src/methods/activations/types/TANH.ts
Download https://jsr.io/@stsoftware/neat-ai/0.128.1/src/propagate/ActivationRange.ts
Download https://jsr.io/@stsoftware/neat-ai/0.128.1/src/multithreading/workers/MockWorker.ts
Download https://jsr.io/@stsoftware/neat-ai/0.128.1/src/architecture/DeDuplicator.ts
Download https://jsr.io/@stsoftware/neat-ai/0.128.1/src/architecture/ElitismUtils.ts
Download https://jsr.io/@stsoftware/neat-ai/0.128.1/src/architecture/Fitness.ts
Download https://jsr.io/@stsoftware/neat-ai/0.128.1/src/architecture/Score.ts
Download https://jsr.io/@stsoftware/neat-ai/0.128.1/src/blackbox/FineTune.ts
Download https://jsr.io/@stsoftware/neat-ai/0.128.1/src/blackbox/FineTunePopulation.ts
Download https://jsr.io/@stsoftware/neat-ai/0.128.1/src/breed/Breed.ts
Download https://jsr.io/@stsoftware/neat-ai/0.128.1/src/NEAT/Genus.ts
Download https://jsr.io/@stsoftware/neat-ai/0.128.1/src/NEAT/Mutator.ts
Download https://jsr.io/@stsoftware/neat-ai/0.128.1/src/costs/BINARY.ts
Download https://jsr.io/@stsoftware/neat-ai/0.128.1/src/costs/CrossEntropy.ts
Download https://jsr.io/@stsoftware/neat-ai/0.128.1/src/costs/HINGE.ts
Download https://jsr.io/@stsoftware/neat-ai/0.128.1/src/costs/MAE.ts
Download https://jsr.io/@stsoftware/neat-ai/0.128.1/src/costs/MAPE.ts
Download https://jsr.io/@stsoftware/neat-ai/0.128.1/src/costs/MSE.ts
Download https://jsr.io/@stsoftware/neat-ai/0.128.1/src/costs/MSELimit.ts
Download https://jsr.io/@stsoftware/neat-ai/0.128.1/src/costs/MSLE.ts
Download https://jsr.io/@stsoftware/neat-ai/0.128.1/src/costs/TwelveSteps.ts
Download https://jsr.io/@stsoftware/neat-ai/0.128.1/src/propagate/sparse/CalculatePathsToOutput.ts
Download https://jsr.io/@stsoftware/neat-ai/0.128.1/src/propagate/sparse/ChooseNeurons.ts
Download https://jsr.io/@stsoftware/neat-ai/0.128.1/src/multithreading/workers/WorkerProcessor.ts
Download https://jsr.io/@stsoftware/neat-ai/0.128.1/src/NEAT/Species.ts
Download https://jsr.io/@stsoftware/neat-ai/0.128.1/src/NEAT/LogApproach.ts
Download https://jsr.io/@stsoftware/neat-ai/0.128.1/src/blackbox/RestoreSource.ts
Download https://jsr.io/@stsoftware/neat-ai/0.128.1/src/blackbox/Retry.ts
Download https://jsr.io/@stsoftware/neat-ai/0.128.1/src/architecture/Offspring.ts
Download https://jsr.io/@stsoftware/neat-ai/0.128.1/src/blackbox/Discover.ts
Download https://jsr.io/@stsoftware/neat-ai/0.128.1/src/breed/Father.ts
Download https://jsr.io/@stsoftware/neat-ai/0.128.1/src/architecture/GeneticIsolation.ts
Download https://jsr.io/@std/fmt/1.0.3/colors.ts
Download https://jsr.io/@std/fmt/1.0.3/duration.ts
Download https://jsr.io/@std/internal/1.0.5/format.ts
Download https://jsr.io/@std/internal/1.0.5/build_message.ts
Download https://jsr.io/@std/internal/1.0.5/diff.ts
Download https://jsr.io/@std/internal/1.0.5/diff_str.ts
Download https://jsr.io/@std/internal/1.0.5/styles.ts
Download https://jsr.io/@std/path/1.0.8/join.ts
Download https://jsr.io/@std/path/1.0.8/dirname.ts
Download https://jsr.io/@std/path/1.0.8/resolve.ts
Download https://jsr.io/@std/path/1.0.8/glob_to_regexp.ts
Download https://jsr.io/@std/path/1.0.8/join_globs.ts
Download https://jsr.io/@std/path/1.0.8/is_glob.ts
Download https://jsr.io/@std/path/1.0.8/is_absolute.ts
Download https://jsr.io/@std/path/1.0.8/constants.ts
Download https://jsr.io/@std/path/1.0.8/basename.ts
Download https://jsr.io/@std/streams/1.0.8/text_delimiter_stream.ts
Download https://jsr.io/@std/bytes/1.0.4/mod.ts
Download https://jsr.io/@std/crypto/1.0.3/mod.ts
Download https://jsr.io/@std/path/1.0.8/from_file_url.ts
Download https://jsr.io/@std/path/1.0.8/normalize.ts
Download https://jsr.io/@std/path/1.0.8/_os.ts
Download https://jsr.io/@std/path/1.0.8/posix/join.ts
Download https://jsr.io/@std/path/1.0.8/windows/join.ts
Download https://jsr.io/@std/path/1.0.8/posix/dirname.ts
Download https://jsr.io/@std/path/1.0.8/windows/dirname.ts
Download https://jsr.io/@std/path/1.0.8/posix/resolve.ts
Download https://jsr.io/@std/path/1.0.8/windows/resolve.ts
Download https://jsr.io/@std/path/1.0.8/posix/glob_to_regexp.ts
Download https://jsr.io/@std/path/1.0.8/windows/glob_to_regexp.ts
Download https://jsr.io/@std/path/1.0.8/posix/join_globs.ts
Download https://jsr.io/@std/path/1.0.8/windows/join_globs.ts
Download https://jsr.io/@std/path/1.0.8/posix/is_absolute.ts
Download https://jsr.io/@std/path/1.0.8/windows/is_absolute.ts
Download https://jsr.io/@std/path/1.0.8/posix/basename.ts
Download https://jsr.io/@std/path/1.0.8/windows/basename.ts
Download https://jsr.io/@std/streams/1.0.8/_common.ts
Download https://jsr.io/@std/bytes/1.0.4/concat.ts
Download https://jsr.io/@std/bytes/1.0.4/copy.ts
Download https://jsr.io/@std/bytes/1.0.4/ends_with.ts
Download https://jsr.io/@std/bytes/1.0.4/equals.ts
Download https://jsr.io/@std/bytes/1.0.4/includes_needle.ts
Download https://jsr.io/@std/bytes/1.0.4/index_of_needle.ts
Download https://jsr.io/@std/bytes/1.0.4/last_index_of_needle.ts
Download https://jsr.io/@std/bytes/1.0.4/repeat.ts
Download https://jsr.io/@std/bytes/1.0.4/starts_with.ts
Download https://jsr.io/@std/crypto/1.0.3/crypto.ts
Download https://jsr.io/@std/crypto/1.0.3/timing_safe_equal.ts
Download https://jsr.io/@std/path/1.0.8/posix/from_file_url.ts
Download https://jsr.io/@std/path/1.0.8/windows/from_file_url.ts
Download https://jsr.io/@std/path/1.0.8/posix/normalize.ts
Download https://jsr.io/@std/path/1.0.8/windows/normalize.ts
Download https://jsr.io/@std/path/1.0.8/_common/assert_path.ts
Download https://jsr.io/@std/path/1.0.8/windows/_util.ts
Download https://jsr.io/@std/path/1.0.8/_common/dirname.ts
Download https://jsr.io/@std/path/1.0.8/_common/strip_trailing_separators.ts
Download https://jsr.io/@std/path/1.0.8/posix/_util.ts
Download https://jsr.io/@std/path/1.0.8/_common/constants.ts
Download https://jsr.io/@std/path/1.0.8/_common/normalize_string.ts
Download https://jsr.io/@std/path/1.0.8/_common/glob_to_reg_exp.ts
Download https://jsr.io/@std/path/1.0.8/posix/constants.ts
Download https://jsr.io/@std/path/1.0.8/posix/normalize_glob.ts
Download https://jsr.io/@std/path/1.0.8/windows/constants.ts
Download https://jsr.io/@std/path/1.0.8/windows/normalize_glob.ts
Download https://jsr.io/@std/path/1.0.8/_common/basename.ts
Download https://jsr.io/@std/crypto/1.0.3/_wasm/mod.ts
Download https://jsr.io/@std/path/1.0.8/_common/from_file_url.ts
Download https://jsr.io/@std/path/1.0.8/_common/normalize.ts
Download https://jsr.io/@std/crypto/1.0.3/_wasm/lib/deno_std_wasm_crypto.generated.mjs
Fetching S3 checksum file from: s3://grq-trainingdata/train-exchange-binary-80/checksum.sha256
Checksum matches. Skipping data file download.
total 64
drwxr-xr-x  21 nigel  staff   672 28 Dec 20:44 .
drwxr-xr-x   6 nigel  staff   192 28 Dec 20:39 ..
drwxr-xr-x@  3 nigel  staff    96 28 Dec 20:39 .cache
-rw-r--r--@  1 nigel  staff    38 28 Dec 20:28 .env
drwxr-xr-x  14 nigel  staff   448 28 Dec 20:44 .git
drwxr-xr-x   3 nigel  staff    96 28 Dec 20:01 .github
-rw-r--r--   1 nigel  staff    57 28 Dec 20:01 .gitignore
-rw-r--r--   1 nigel  staff     6 28 Dec 20:44 .run.pid
drwxr-xr-x@ 12 nigel  staff   384 28 Dec 20:40 .train-exchange-binary-80
drwxr-xr-x  33 nigel  staff  1056 28 Dec 20:01 CRISPR
-rw-r--r--   1 nigel  staff   551 28 Dec 20:01 README.md
drwxr-xr-x   4 nigel  staff   128 28 Dec 20:01 bench
-rw-r--r--   1 nigel  staff   580 28 Dec 20:01 deno.json
-rw-r--r--   1 nigel  staff    75 28 Dec 20:01 exclude.json
-rw-r--r--   1 nigel  staff     0 28 Dec 20:01 help
drwxr-xr-x   4 nigel  staff   128 28 Dec 20:01 islands
-rwxr-xr-x   1 nigel  staff   459 28 Dec 20:01 quality.sh
-rwxr-xr-x   1 nigel  staff  3294 28 Dec 20:01 run.sh
drwxr-xr-x  20 nigel  staff   640 28 Dec 20:01 src
drwxr-xr-x  81 nigel  staff  2592 28 Dec 20:01 test
drwxr-xr-x  25 nigel  staff   800 28 Dec 20:01 worker
Download https://jsr.io/@std/cli/meta.json
Download https://jsr.io/@std/cli/1.0.9_meta.json
Download https://jsr.io/@std/cli/1.0.9/_data.json
Download https://jsr.io/@std/cli/1.0.9/mod.ts
Download https://jsr.io/@std/cli/1.0.9/parse_args.ts
Download https://jsr.io/@std/cli/1.0.9/prompt_secret.ts
Download https://jsr.io/@std/cli/1.0.9/unicode_width.ts
Download https://jsr.io/@std/cli/1.0.9/_run_length.ts
PINK score: -0.05419326421428659
process (poor score) PINK score: -0.05419326421428659
try ../GRQ-portfolio/best/exchange/v1/PINK.json
loaded ../GRQ-portfolio/best/exchange/v1/PINK.json
8 mutations, mutation rate 5.0%, elitism 8, mutation FFW, selection TOURNAMENT
Creature count: 10
Download https://jsr.io/@stsoftware/neat-ai/0.128.1/src/multithreading/workers/deno/worker.ts
Download https://jsr.io/@stsoftware/neat-ai/0.128.1/src/multithreading/workers/deno/worker.ts
Download https://jsr.io/@stsoftware/neat-ai/0.128.1/src/multithreading/workers/deno/worker.ts
Download https://jsr.io/@stsoftware/neat-ai/0.128.1/src/multithreading/workers/deno/worker.ts
Download https://jsr.io/@stsoftware/neat-ai/0.128.1/src/multithreading/workers/deno/worker.ts
Download https://jsr.io/@stsoftware/neat-ai/0.128.1/src/multithreading/workers/deno/worker.ts
Download https://jsr.io/@stsoftware/neat-ai/0.128.1/src/multithreading/workers/deno/worker.ts
Download https://jsr.io/@stsoftware/neat-ai/0.128.1/src/multithreading/workers/deno/worker.ts
Training d35874fe with 1 binary file, target error: 0.05, iterations: 1, sample rate: 100%, sparse: 66.0%
Training e06ba275 with 1 binary file, target error: 0.05, iterations: 1, sample rate: 100%, sparse: 66.0%
Training 28ac92e4 with 1 binary file, target error: 0.05, iterations: 1, sample rate: 100%, sparse: 66.0%
Training 34ddfa36 with 1 binary file, target error: 0.05, iterations: 1, sample rate: 100%, sparse: 66.0%
Training cba5194b with 1 binary file, target error: 0.05, iterations: 1, sample rate: 100%, sparse: 66.0%
Training ec5d0901 with 1 binary file, target error: 0.05, iterations: 1, sample rate: 100%, sparse: 66.0%
Training b386b132 with 1 binary file, target error: 0.05, iterations: 1, sample rate: 100%, sparse: 66.0%
Training 051761ad with 1 binary file, target error: 0.05, iterations: 1, sample rate: 100%, sparse: 66.0%
Training 909a2d4a with 1 binary file, target error: 0.05, iterations: 1, sample rate: 100%, sparse: 66.0%
Fine tuning increased fitness by 2.1465996341563098e-10 to -0.05419326399962663 adjusted 11 weights 
Training 47ee1c85 with 1 binary file, target error: 0.05, iterations: 1, sample rate: 100%, sparse: 66.0%
Fine tuning increased fitness by 5.653607859645859e-10 to -0.054193263434265844 adjusted 11 weights 
Generation 10 score -0.054193263434265844  error 0.05299352278370861 avg time 75ms
Training aa60e968 with 1 binary file, target error: 0.05, iterations: 1, sample rate: 100%, sparse: 66.0%
Fine tuning increased fitness by 6.738755733981527e-10 to -0.05419326276039027 adjusted 11 weights 
Training 129fecb5 with 1 binary file, target error: 0.05, iterations: 1, sample rate: 100%, sparse: 66.0%
Fine tuning increased fitness by 9.304792839004428e-10 to -0.05419326182991099 adjusted 11 weights 
Training a9d09ada with 1 binary file, target error: 0.05, iterations: 1, sample rate: 100%, sparse: 66.0%
Fine tuning increased fitness by 4.811246401281721e-10 to -0.05419326134878635 adjusted 11 weights 
Training 2e2198f3 with 1 binary file, target error: 0.05, iterations: 1, sample rate: 100%, sparse: 66.0%
Fine tuning increased fitness by 2.0669632672110083e-11 to -0.054193261328116714 adjusted 11 weights 
Training 9009d4e4 with 1 binary file, target error: 0.05, iterations: 1, sample rate: 100%, sparse: 66.0%
Fine tuning increased fitness by 8.091450426350733e-11 to -0.05419326124720221 adjusted 11 weights 
Training 44653e3c with 1 binary file, target error: 0.05, iterations: 1, sample rate: 100%, sparse: 66.0%
Training efba8f62 with 1 binary file, target error: 0.05, iterations: 1, sample rate: 100%, sparse: 66.0%
Training a46e2050 with 1 binary file, target error: 0.05, iterations: 1, sample rate: 100%, sparse: 66.0%
Training ed4cddc7 with 1 binary file, target error: 0.05, iterations: 1, sample rate: 100%, sparse: 66.0%
Training 03db2f9d with 1 binary file, target error: 0.05, iterations: 1, sample rate: 100%, sparse: 66.0%
Generation 20 score -0.05419326124720221  error 0.052993520594396666 avg time 39ms
Training 1e60db06 with 1 binary file, target error: 0.05, iterations: 1, sample rate: 100%, sparse: 66.0%
Training 9ab01bdf with 1 binary file, target error: 0.05, iterations: 1, sample rate: 100%, sparse: 66.0%
Training f99b6097 with 1 binary file, target error: 0.05, iterations: 1, sample rate: 100%, sparse: 66.0%
Training f5b33478 with 1 binary file, target error: 0.05, iterations: 1, sample rate: 100%, sparse: 66.0%
Generation 30 score -0.05419326124720221  error 0.052993520594396666 avg time 38ms
Training 6f443d0a with 1 binary file, target error: 0.05, iterations: 1, sample rate: 100%, sparse: 66.0%
Generation 40 score -0.05419326124720221  error 0.052993520594396666 avg time 37ms
Training 67a5a2f1 with 1 binary file, target error: 0.05, iterations: 1, sample rate: 100%, sparse: 66.0%
Training 9a29ced1 with 1 binary file, target error: 0.05, iterations: 1, sample rate: 100%, sparse: 66.0%
Fine tuning increased fitness by 1.5805551312197963e-12 to -0.054193261245621654 adjusted 11 weights 
Training e70f4240 with 1 binary file, target error: 0.05, iterations: 1, sample rate: 100%, sparse: 66.0%
Fine tuning increased fitness by 2.3689203376697776e-11 to -0.05419326122193245 adjusted 11 weights 
Training d46ed720 with 1 binary file, target error: 0.05, iterations: 1, sample rate: 100%, sparse: 66.0%
Fine tuning increased fitness by 1.780140618246051e-11 to -0.054193261204131045 adjusted 11 weights 
Training d2f0e079 with 1 binary file, target error: 0.05, iterations: 1, sample rate: 100%, sparse: 66.0%
Generation 50 score -0.054193261204131045  error 0.052993520551387965 avg time 37ms
Training e7c18f4a with 1 binary file, target error: 0.05, iterations: 1, sample rate: 100%, sparse: 66.0%
Fine tuning increased fitness by 4.6437090284179305e-12 to -0.054193261199487336 adjusted 11 weights 
Training efd31f96 with 1 binary file, target error: 0.05, iterations: 1, sample rate: 100%, sparse: 66.0%
Training ea3b73bb with 1 binary file, target error: 0.05, iterations: 1, sample rate: 100%, sparse: 66.0%
Training cacc9042 with 1 binary file, target error: 0.05, iterations: 1, sample rate: 100%, sparse: 66.0%
Generation 60 score -0.054193261199487336  error 0.05299352054674045 avg time 38ms
Generation 70 score -0.054193261199487336  error 0.05299352054674045 avg time 38ms
Generation 80 score -0.054193261199487336  error 0.05299352054674045 avg time 37ms
Training a86d7677 with 1 binary file, target error: 0.05, iterations: 1, sample rate: 100%, sparse: 66.0%
Training ec8f8014 with 1 binary file, target error: 0.05, iterations: 1, sample rate: 100%, sparse: 66.0%
Generation 90 score -0.054193261199487336  error 0.05299352054674045 avg time 38ms
Training 1bbe8d31 with 1 binary file, target error: 0.05, iterations: 1, sample rate: 100%, sparse: 66.0%
Generation 100 score -0.054193261199487336  error 0.05299352054674045 avg time 39ms
Generation 110 score -0.054193261199487336  error 0.05299352054674045 avg time 37ms
Training 0f760a07 with 1 binary file, target error: 0.05, iterations: 1, sample rate: 100%, sparse: 66.0%
Fine tuning increased fitness by 2.5847962659142354e-11 to -0.05419326117363937 adjusted 10 weights 
Training d820fd11 with 1 binary file, target error: 0.05, iterations: 1, sample rate: 100%, sparse: 66.0%
Generation 120 score -0.05419326117363937  error 0.052993520520895614 avg time 37ms
Training 3d4ee3e9 with 1 binary file, target error: 0.05, iterations: 1, sample rate: 100%, sparse: 66.0%
Generation 130 score -0.05419326117363937  error 0.052993520520895614 avg time 36ms
Generation 140 score -0.05419326117363937  error 0.052993520520895614 avg time 37ms
Training 34d7d402 with 1 binary file, target error: 0.05, iterations: 1, sample rate: 100%, sparse: 66.0%
Fine tuning increased fitness by 9.91617898904451e-12 to -0.054193261163723194 adjusted 9 weights 
Generation 150 score -0.054193261163723194  error 0.05299352051097557 avg time 37ms
Training c99dd7ce with 1 binary file, target error: 0.05, iterations: 1, sample rate: 100%, sparse: 66.0%
Training 6ec20c95 with 1 binary file, target error: 0.05, iterations: 1, sample rate: 100%, sparse: 66.0%
Generation 160 score -0.054193261163723194  error 0.05299352051097557 avg time 36ms
Generation 170 score -0.054193261163723194  error 0.05299352051097557 avg time 37ms
Generation 180 score -0.054193261163723194  error 0.05299352051097557 avg time 36ms
Training 1f4133a0 with 1 binary file, target error: 0.05, iterations: 1, sample rate: 100%, sparse: 66.0%
Generation 190 score -0.054193261163723194  error 0.05299352051097557 avg time 37ms
Training 3134b956 with 1 binary file, target error: 0.05, iterations: 1, sample rate: 100%, sparse: 66.0%
Generation 200 score -0.054193261163723194  error 0.05299352051097557 avg time 37ms
Generation 210 score -0.054193261163723194  error 0.05299352051097557 avg time 37ms
Training 34bc2f99 with 1 binary file, target error: 0.05, iterations: 1, sample rate: 100%, sparse: 66.0%
Fine tuning increased fitness by 1.2765642709577918e-11 to -0.05419326115095755 adjusted 7 weights 
Training 179cee6a with 1 binary file, target error: 0.05, iterations: 1, sample rate: 100%, sparse: 66.0%
Training 3be391f2 with 1 binary file, target error: 0.05, iterations: 1, sample rate: 100%, sparse: 66.0%
Generation 220 score -0.05419326115095755  error 0.05299352049820383 avg time 37ms
Generation 230 score -0.05419326115095755  error 0.05299352049820383 avg time 38ms
Training 47e042cf with 1 binary file, target error: 0.05, iterations: 1, sample rate: 100%, sparse: 66.0%
Generation 240 score -0.05419326115095755  error 0.05299352049820383 avg time 37ms
Training 95516b57 with 1 binary file, target error: 0.05, iterations: 1, sample rate: 100%, sparse: 66.0%
Fine tuning increased fitness by 1.1556061663142714e-11 to -0.05419326113940149 adjusted 7 weights 
Generation 250 score -0.05419326113940149  error 0.05299352048664686 avg time 38ms
Generation 260 score -0.05419326113940149  error 0.05299352048664686 avg time 37ms
Training 25f4a47c with 1 binary file, target error: 0.05, iterations: 1, sample rate: 100%, sparse: 66.0%
Generation 270 score -0.05419326113940149  error 0.05299352048664686 avg time 36ms
Generation 280 score -0.05419326113940149  error 0.05299352048664686 avg time 37ms
Training 63984b76 with 1 binary file, target error: 0.05, iterations: 1, sample rate: 100%, sparse: 66.0%
Generation 290 score -0.05419326113940149  error 0.05299352048664686 avg time 36ms
Training 8e08af00 with 1 binary file, target error: 0.05, iterations: 1, sample rate: 100%, sparse: 66.0%
Fine tuning increased fitness by 3.0388654093105316e-10 to -0.05419326083551495 adjusted 11 weights 
Training 09fe6944 with 1 binary file, target error: 0.05, iterations: 1, sample rate: 100%, sparse: 66.0%
Training 8e08af00 increased fitness by 2.9250166178051984e-10 to -0.05419326054301329
Training 6a233084 with 1 binary file, target error: 0.05, iterations: 1, sample rate: 100%, sparse: 66.0%
Fine tuning increased fitness by 5.278687834064932e-10 to -0.054193260015144504 adjusted 11 weights 
Training 179ffdfb with 1 binary file, target error: 0.05, iterations: 1, sample rate: 100%, sparse: 66.0%
Fine tuning increased fitness by 7.744267033205077e-10 to -0.0541932592407178 adjusted 11 weights 
Generation 300 score -0.0541932592407178  error 0.05299351858530225 avg time 37ms
Training 75719cc8 with 1 binary file, target error: 0.05, iterations: 1, sample rate: 100%, sparse: 66.0%
Fine tuning increased fitness by 9.51624404277318e-10 to -0.054193258289093396 adjusted 11 weights 
Training 165ed740 with 1 binary file, target error: 0.05, iterations: 1, sample rate: 100%, sparse: 66.0%
Fine tuning increased fitness by 9.451717186692576e-12 to -0.05419325827964168 adjusted 11 weights 
Training 00669285 with 1 binary file, target error: 0.05, iterations: 1, sample rate: 100%, sparse: 66.0%
Fine tuning increased fitness by 4.6519133684030933e-10 to -0.05419325781445034 adjusted 11 weights 
Training 85bb3555 with 1 binary file, target error: 0.05, iterations: 1, sample rate: 100%, sparse: 66.0%
Fine tuning increased fitness by 1.02002365581777e-9 to -0.054193256794426686 adjusted 11 weights 
Training 24e0a65e with 1 binary file, target error: 0.05, iterations: 1, sample rate: 100%, sparse: 66.0%
Fine tuning increased fitness by 1.4732078681967131e-9 to -0.05419325532121882 adjusted 11 weights 
Training 6826ad5c with 1 binary file, target error: 0.05, iterations: 1, sample rate: 100%, sparse: 66.0%
Fine tuning increased fitness by 1.1886971337804475e-9 to -0.054193254132521684 adjusted 11 weights 
Training 65e89082 with 1 binary file, target error: 0.05, iterations: 1, sample rate: 100%, sparse: 66.0%
Fine tuning increased fitness by 1.9786414659495044e-9 to -0.05419325215388022 adjusted 11 weights 
Training 5b4ec211 with 1 binary file, target error: 0.05, iterations: 1, sample rate: 100%, sparse: 66.0%
Fine tuning increased fitness by 7.264323934053074e-10 to -0.054193251427447825 adjusted 11 weights 
Training 47fb5ff4 with 1 binary file, target error: 0.05, iterations: 1, sample rate: 100%, sparse: 66.0%
Fine tuning increased fitness by 4.347339592480903e-9 to -0.05419324708010823 adjusted 11 weights 
Training d4172968 with 1 binary file, target error: 0.05, iterations: 1, sample rate: 100%, sparse: 66.0%
Fine tuning increased fitness by 1.2250878089758999e-10 to -0.05419324695759945 adjusted 11 weights 
Generation 310 score -0.05419324695759945  error 0.0529935062727917 avg time 38ms
Training fdfd4c3e with 1 binary file, target error: 0.05, iterations: 1, sample rate: 100%, sparse: 66.0%
Training 90a7db75 with 1 binary file, target error: 0.05, iterations: 1, sample rate: 100%, sparse: 66.0%
Training d4172968 increased fitness by 2.9772177084774754e-10 to -0.05419324665987768
Training 72ef0767 with 1 binary file, target error: 0.05, iterations: 1, sample rate: 100%, sparse: 66.0%
Fine tuning increased fitness by 6.126027116137855e-10 to -0.05419324604727497 adjusted 11 weights 
Training 0ba270f4 with 1 binary file, target error: 0.05, iterations: 1, sample rate: 100%, sparse: 66.0%
Fine tuning increased fitness by 4.564607303247925e-10 to -0.05419324559081424 adjusted 11 weights 
Training cff3e90c with 1 binary file, target error: 0.05, iterations: 1, sample rate: 100%, sparse: 66.0%
Fine tuning increased fitness by 6.36047076119084e-10 to -0.05419324495476716 adjusted 11 weights 
Training 309adc84 with 1 binary file, target error: 0.05, iterations: 1, sample rate: 100%, sparse: 66.0%
Fine tuning increased fitness by 3.280186261500617e-10 to -0.05419324462674854 adjusted 11 weights 
Training 5f3725d9 with 1 binary file, target error: 0.05, iterations: 1, sample rate: 100%, sparse: 66.0%
Fine tuning increased fitness by 8.153646646746893e-10 to -0.05419324381138387 adjusted 11 weights 
Training 43208375 with 1 binary file, target error: 0.05, iterations: 1, sample rate: 100%, sparse: 66.0%
Fine tuning increased fitness by 4.938368117213265e-10 to -0.05419324331754706 adjusted 11 weights 
Training 08a1ae34 with 1 binary file, target error: 0.05, iterations: 1, sample rate: 100%, sparse: 66.0%
Fine tuning increased fitness by 9.270466894140128e-10 to -0.05419324239050037 adjusted 11 weights 
Training 359abd69 with 1 binary file, target error: 0.05, iterations: 1, sample rate: 100%, sparse: 66.0%
Fine tuning increased fitness by 6.781633032915124e-10 to -0.05419324171233707 adjusted 11 weights 
Generation 320 score -0.05419324171233707  error 0.05299350102747485 avg time 37ms
Training 837ff010 with 1 binary file, target error: 0.05, iterations: 1, sample rate: 100%, sparse: 66.0%
Fine tuning increased fitness by 6.283827624908866e-11 to -0.05419324164949879 adjusted 11 weights 
Training 06e59280 with 1 binary file, target error: 0.05, iterations: 1, sample rate: 100%, sparse: 66.0%
Fine tuning increased fitness by 2.253776332228341e-11 to -0.05419324162696103 adjusted 11 weights 
Training 5bd38e3b with 1 binary file, target error: 0.05, iterations: 1, sample rate: 100%, sparse: 66.0%
Fine tuning increased fitness by 5.528010688093943e-11 to -0.05419324157168092 adjusted 11 weights 
Training 80e79cf3 with 1 binary file, target error: 0.05, iterations: 1, sample rate: 100%, sparse: 66.0%
Training 9b8aa327 with 1 binary file, target error: 0.05, iterations: 1, sample rate: 100%, sparse: 66.0%
Training a8a318e5 with 1 binary file, target error: 0.05, iterations: 1, sample rate: 100%, sparse: 66.0%
Training 07209a66 with 1 binary file, target error: 0.05, iterations: 1, sample rate: 100%, sparse: 66.0%
Training a1652e6c with 1 binary file, target error: 0.05, iterations: 1, sample rate: 100%, sparse: 66.0%
Generation 330 score -0.05419324157168092  error 0.05299350088668467 avg time 38ms
Training 94d51dc1 with 1 binary file, target error: 0.05, iterations: 1, sample rate: 100%, sparse: 66.0%
Fine tuning increased fitness by 2.470006144061898e-10 to -0.05419324132468031 adjusted 11 weights 
Generation 340 score -0.05419324132468031  error 0.052993500640084096 avg time 36ms
Training 118a669d with 1 binary file, target error: 0.05, iterations: 1, sample rate: 100%, sparse: 66.0%
Fine tuning increased fitness by 5.869867925056838e-10 to -0.054193240737693514 adjusted 11 weights 
Training 927a909a with 1 binary file, target error: 0.05, iterations: 1, sample rate: 100%, sparse: 66.0%
Fine tuning increased fitness by 2.240352001137147e-10 to -0.054193240513658314 adjusted 11 weights 
Training 0198187a with 1 binary file, target error: 0.05, iterations: 1, sample rate: 100%, sparse: 66.0%
Fine tuning increased fitness by 6.238919103562779e-10 to -0.054193239889766404 adjusted 11 weights 
Training 6c266c26 with 1 binary file, target error: 0.05, iterations: 1, sample rate: 100%, sparse: 66.0%
Fine tuning increased fitness by 6.022509851932867e-10 to -0.05419323928751542 adjusted 11 weights 
Training 575f6ee3 with 1 binary file, target error: 0.05, iterations: 1, sample rate: 100%, sparse: 66.0%
Fine tuning increased fitness by 3.0740676670859557e-10 to -0.05419323898010865 adjusted 11 weights 
Training d1868449 with 1 binary file, target error: 0.05, iterations: 1, sample rate: 100%, sparse: 66.0%
Fine tuning increased fitness by 4.690312235822169e-10 to -0.05419323851107743 adjusted 11 weights 
Training 93772b66 with 1 binary file, target error: 0.05, iterations: 1, sample rate: 100%, sparse: 66.0%
Fine tuning increased fitness by 3.9576976418320697e-10 to -0.054193238115307664 adjusted 11 weights 
Training d86731dc with 1 binary file, target error: 0.05, iterations: 1, sample rate: 100%, sparse: 66.0%
Fine tuning increased fitness by 3.2728323523523173e-10 to -0.05419323778802443 adjusted 11 weights 
Training b3248db5 with 1 binary file, target error: 0.05, iterations: 1, sample rate: 100%, sparse: 66.0%
Fine tuning increased fitness by 1.355216293352779e-9 to -0.054193236432808135 adjusted 11 weights 
Training 6e89f7fe with 1 binary file, target error: 0.05, iterations: 1, sample rate: 100%, sparse: 66.0%
Generation 350 score -0.054193236432808135  error 0.052993495753923654 avg time 37ms
Training a7bad9ca with 1 binary file, target error: 0.05, iterations: 1, sample rate: 100%, sparse: 66.0%
Fine tuning increased fitness by 4.27823999837873e-9 to -0.05419323215456814 adjusted 11 weights 
Training 94265852 with 1 binary file, target error: 0.05, iterations: 1, sample rate: 100%, sparse: 66.0%
Training c383af63 with 1 binary file, target error: 0.05, iterations: 1, sample rate: 100%, sparse: 66.0%
Training eb4aa3e5 with 1 binary file, target error: 0.05, iterations: 1, sample rate: 100%, sparse: 66.0%
Training 4fe4b2f0 with 1 binary file, target error: 0.05, iterations: 1, sample rate: 100%, sparse: 66.0%
Fine tuning increased fitness by 8.235964694958131e-9 to -0.05419322391860344 adjusted 11 weights 
Training 98a13684 with 1 binary file, target error: 0.05, iterations: 1, sample rate: 100%, sparse: 66.0%
Fine tuning increased fitness by 3.475097931637805e-9 to -0.05419322044350551 adjusted 11 weights 
Training ffbbfa2a with 1 binary file, target error: 0.05, iterations: 1, sample rate: 100%, sparse: 66.0%
Training 59db48bd with 1 binary file, target error: 0.05, iterations: 1, sample rate: 100%, sparse: 66.0%
Training 98a13684 increased fitness by 5.961942745047466e-11 to -0.05419322038388608
Training bc621707 with 1 binary file, target error: 0.05, iterations: 1, sample rate: 100%, sparse: 66.0%
Fine tuning increased fitness by 6.210264247297204e-11 to -0.05419322032178344 adjusted 10 weights 
Training 3fbce3ea with 1 binary file, target error: 0.05, iterations: 1, sample rate: 100%, sparse: 66.0%
Fine tuning increased fitness by 6.232028781916199e-11 to -0.05419322025946315 adjusted 10 weights 
Generation 360 score -0.05419322025946315  error 0.05299347957165435 avg time 38ms
Training 523d3f99 with 1 binary file, target error: 0.05, iterations: 1, sample rate: 100%, sparse: 66.0%
Training 7e86b96c with 1 binary file, target error: 0.05, iterations: 1, sample rate: 100%, sparse: 66.0%
Fine tuning increased fitness by 4.50817091990352e-11 to -0.05419322021438144 adjusted 10 weights 
Training 2891671c with 1 binary file, target error: 0.05, iterations: 1, sample rate: 100%, sparse: 66.0%
Training 5dff23de with 1 binary file, target error: 0.05, iterations: 1, sample rate: 100%, sparse: 66.0%
Fine tuning increased fitness by 6.976494382193721e-11 to -0.0541932201446165 adjusted 10 weights 
Training 428049a8 with 1 binary file, target error: 0.05, iterations: 1, sample rate: 100%, sparse: 66.0%
Fine tuning increased fitness by 1.877263136607077e-10 to -0.054193219956890186 adjusted 10 weights 
Training 2c6b5b3d with 1 binary file, target error: 0.05, iterations: 1, sample rate: 100%, sparse: 66.0%
Fine tuning increased fitness by 5.030723337906551e-10 to -0.05419321945381785 adjusted 10 weights 
Training 160b1917 with 1 binary file, target error: 0.05, iterations: 1, sample rate: 100%, sparse: 66.0%
Fine tuning increased fitness by 1.032807638023936e-9 to -0.054193218421010214 adjusted 10 weights 
Training 2f3cd57a with 1 binary file, target error: 0.05, iterations: 1, sample rate: 100%, sparse: 66.0%
Fine tuning increased fitness by 2.4025027245411223e-9 to -0.05419321601850749 adjusted 10 weights 
Training 4f821d44 with 1 binary file, target error: 0.05, iterations: 1, sample rate: 100%, sparse: 66.0%
Fine tuning increased fitness by 3.412460355955993e-9 to -0.054193212606047134 adjusted 10 weights 
Training 24c022f1 with 1 binary file, target error: 0.05, iterations: 1, sample rate: 100%, sparse: 66.0%
Fine tuning increased fitness by 2.841231763750507e-9 to -0.05419320976481537 adjusted 10 weights 
Generation 370 score -0.05419320976481537  error 0.05299346907608801 avg time 37ms
Training 0b41f650 with 1 binary file, target error: 0.05, iterations: 1, sample rate: 100%, sparse: 66.0%
Fine tuning increased fitness by 1.5832100908053093e-10 to -0.05419320960649436 adjusted 10 weights 
Training 0405fda7 with 1 binary file, target error: 0.05, iterations: 1, sample rate: 100%, sparse: 66.0%
Fine tuning increased fitness by 7.066538326716554e-11 to -0.05419320953582898 adjusted 10 weights 
Training febf8ab1 with 1 binary file, target error: 0.05, iterations: 1, sample rate: 100%, sparse: 66.0%
Fine tuning increased fitness by 1.2713819580456587e-10 to -0.05419320940869078 adjusted 10 weights 
Training cdf1e72b with 1 binary file, target error: 0.05, iterations: 1, sample rate: 100%, sparse: 66.0%
Fine tuning increased fitness by 1.3335108017820119e-10 to -0.0541932092753397 adjusted 10 weights 
Training 3a5cc685 with 1 binary file, target error: 0.05, iterations: 1, sample rate: 100%, sparse: 66.0%
Fine tuning increased fitness by 1.7644920941028985e-10 to -0.05419320909889049 adjusted 10 weights 
Training f0322041 with 1 binary file, target error: 0.05, iterations: 1, sample rate: 100%, sparse: 66.0%
Fine tuning increased fitness by 4.631287298106912e-10 to -0.05419320863576176 adjusted 10 weights 
Training 391d8ab4 with 1 binary file, target error: 0.05, iterations: 1, sample rate: 100%, sparse: 66.0%
Fine tuning increased fitness by 7.24354569381358e-10 to -0.05419320791140719 adjusted 10 weights 
Training 16cfe685 with 1 binary file, target error: 0.05, iterations: 1, sample rate: 100%, sparse: 66.0%
Fine tuning increased fitness by 1.0199485353523663e-9 to -0.05419320689145866 adjusted 10 weights 
Training bcef5cc6 with 1 binary file, target error: 0.05, iterations: 1, sample rate: 100%, sparse: 66.0%
Fine tuning increased fitness by 2.114522480722858e-9 to -0.05419320477693618 adjusted 10 weights 
Training 3e1a811c with 1 binary file, target error: 0.05, iterations: 1, sample rate: 100%, sparse: 66.0%
Fine tuning increased fitness by 3.3031120130755376e-9 to -0.054193201473824164 adjusted 10 weights 
Generation 380 score -0.054193201473824164  error 0.05299346078502855 avg time 38ms
Training 8a4e5d50 with 1 binary file, target error: 0.05, iterations: 1, sample rate: 100%, sparse: 66.0%
Fine tuning increased fitness by 4.621873224419648e-9 to -0.05419319685195094 adjusted 10 weights 
Training 97e8d5d7 with 1 binary file, target error: 0.05, iterations: 1, sample rate: 100%, sparse: 66.0%
Fine tuning increased fitness by 2.9623916930621164e-9 to -0.054193193889559246 adjusted 10 weights 
Training 6671f02a with 1 binary file, target error: 0.05, iterations: 1, sample rate: 100%, sparse: 66.0%
Fine tuning increased fitness by 4.653220031514138e-10 to -0.05419319342423724 adjusted 10 weights 
Training 1c220b6d with 1 binary file, target error: 0.05, iterations: 1, sample rate: 100%, sparse: 66.0%
Fine tuning increased fitness by 4.2282095880086246e-10 to -0.054193193001416284 adjusted 10 weights 
Training 1d0461a5 with 1 binary file, target error: 0.05, iterations: 1, sample rate: 100%, sparse: 66.0%
Fine tuning increased fitness by 7.15919747096283e-10 to -0.05419319228549654 adjusted 10 weights 
Training 655d7de5 with 1 binary file, target error: 0.05, iterations: 1, sample rate: 100%, sparse: 66.0%
Fine tuning increased fitness by 2.5930085162384486e-10 to -0.054193192026195686 adjusted 10 weights 
Training d3f2d9f9 with 1 binary file, target error: 0.05, iterations: 1, sample rate: 100%, sparse: 66.0%
Fine tuning increased fitness by 3.6365251088188444e-11 to -0.054193191989830435 adjusted 10 weights 
Training 0d3cdfe1 with 1 binary file, target error: 0.05, iterations: 1, sample rate: 100%, sparse: 66.0%
Training 34a5b42f with 1 binary file, target error: 0.05, iterations: 1, sample rate: 100%, sparse: 66.0%
Training cc5c6ecd with 1 binary file, target error: 0.05, iterations: 1, sample rate: 100%, sparse: 66.0%
Generation 390 score -0.054193191989830435  error 0.05299345130096697 avg time 37ms
Training 63cbfb4a with 1 binary file, target error: 0.05, iterations: 1, sample rate: 100%, sparse: 66.0%
Training 1234985e with 1 binary file, target error: 0.05, iterations: 1, sample rate: 100%, sparse: 66.0%
Training d813aaf9 with 1 binary file, target error: 0.05, iterations: 1, sample rate: 100%, sparse: 66.0%
Training d4fc2bbe with 1 binary file, target error: 0.05, iterations: 1, sample rate: 100%, sparse: 66.0%
Training a0c16d56 with 1 binary file, target error: 0.05, iterations: 1, sample rate: 100%, sparse: 66.0%
Generation 400 score -0.054193191989830435  error 0.05299345130096697 avg time 36ms
Training 9bbf3577 with 1 binary file, target error: 0.05, iterations: 1, sample rate: 100%, sparse: 66.0%
Training 26e91db0 with 1 binary file, target error: 0.05, iterations: 1, sample rate: 100%, sparse: 66.0%
Training 4b17a3c9 with 1 binary file, target error: 0.05, iterations: 1, sample rate: 100%, sparse: 66.0%
Training b00374ee with 1 binary file, target error: 0.05, iterations: 1, sample rate: 100%, sparse: 66.0%
Training 5ed15dc1 with 1 binary file, target error: 0.05, iterations: 1, sample rate: 100%, sparse: 66.0%
Fine tuning increased fitness by 2.5390398117330903e-11 to -0.054193191964440036 adjusted 11 weights 
Training 6e12a5c9 with 1 binary file, target error: 0.05, iterations: 1, sample rate: 100%, sparse: 66.0%
Fine tuning increased fitness by 1.2263103726928293e-10 to -0.054193191841809 adjusted 11 weights 
Training c080f5f0 with 1 binary file, target error: 0.05, iterations: 1, sample rate: 100%, sparse: 66.0%
Training f35bfbfe with 1 binary file, target error: 0.05, iterations: 1, sample rate: 100%, sparse: 66.0%
Training b8489117 with 1 binary file, target error: 0.05, iterations: 1, sample rate: 100%, sparse: 66.0%
Generation 410 score -0.054193191841809  error 0.05299345115300054 avg time 38ms
Training cbc83f41 with 1 binary file, target error: 0.05, iterations: 1, sample rate: 100%, sparse: 66.0%
Training 43271711 with 1 binary file, target error: 0.05, iterations: 1, sample rate: 100%, sparse: 66.0%
Training d1dbb5f6 with 1 binary file, target error: 0.05, iterations: 1, sample rate: 100%, sparse: 66.0%
Training dd89c1e5 with 1 binary file, target error: 0.05, iterations: 1, sample rate: 100%, sparse: 66.0%
Generation 420 score -0.054193191841809  error 0.05299345115300054 avg time 37ms
Training 67066dcb with 1 binary file, target error: 0.05, iterations: 1, sample rate: 100%, sparse: 66.0%
Training 4c55cfbb with 1 binary file, target error: 0.05, iterations: 1, sample rate: 100%, sparse: 66.0%
Training 80b28e72 with 1 binary file, target error: 0.05, iterations: 1, sample rate: 100%, sparse: 66.0%
Training c198e588 with 1 binary file, target error: 0.05, iterations: 1, sample rate: 100%, sparse: 66.0%
Generation 430 score -0.054193191841809  error 0.05299345115300054 avg time 37ms
Training c12273d7 with 1 binary file, target error: 0.05, iterations: 1, sample rate: 100%, sparse: 66.0%
Training 3bd7af59 with 1 binary file, target error: 0.05, iterations: 1, sample rate: 100%, sparse: 66.0%
Generation 440 score -0.054193191841809  error 0.05299345115300054 avg time 37ms
Generation 450 score -0.054193191841809  error 0.05299345115300054 avg time 37ms
Generation 460 score -0.054193191841809  error 0.05299345115300054 avg time 37ms
Training 221503a4 with 1 binary file, target error: 0.05, iterations: 1, sample rate: 100%, sparse: 66.0%
Generation 470 score -0.054193191841809  error 0.05299345115300054 avg time 36ms
Training 5c9cfaad with 1 binary file, target error: 0.05, iterations: 1, sample rate: 100%, sparse: 66.0%
Training f00e4699 with 1 binary file, target error: 0.05, iterations: 1, sample rate: 100%, sparse: 66.0%
Generation 480 score -0.054193191841809  error 0.05299345115300054 avg time 37ms
Training 37843fa1 with 1 binary file, target error: 0.05, iterations: 1, sample rate: 100%, sparse: 66.0%
Generation 490 score -0.054193191841809  error 0.05299345115300054 avg time 37ms
Training 45dff7fb with 1 binary file, target error: 0.05, iterations: 1, sample rate: 100%, sparse: 66.0%
Generation 500 score -0.054193191841809  error 0.05299345115300054 avg time 37ms
Generation 510 score -0.054193191841809  error 0.05299345115300054 avg time 37ms
Training 05071bbe with 1 binary file, target error: 0.05, iterations: 1, sample rate: 100%, sparse: 66.0%
Generation 520 score -0.054193191841809  error 0.05299345115300054 avg time 37ms
Training 81186223 with 1 binary file, target error: 0.05, iterations: 1, sample rate: 100%, sparse: 66.0%
Generation 530 score -0.054193191841809  error 0.05299345115300054 avg time 36ms
Generation 540 score -0.054193191841809  error 0.05299345115300054 avg time 37ms
Training 719cacf2 with 1 binary file, target error: 0.05, iterations: 1, sample rate: 100%, sparse: 66.0%
Generation 550 score -0.054193191841809  error 0.05299345115300054 avg time 37ms
Generation 560 score -0.054193191841809  error 0.05299345115300054 avg time 37ms
Generation 570 score -0.054193191841809  error 0.05299345115300054 avg time 37ms
Training 826fa824 with 1 binary file, target error: 0.05, iterations: 1, sample rate: 100%, sparse: 66.0%
Fine tuning increased fitness by 1.4224713074106887e-10 to -0.05419319169956187 adjusted 11 weights 
Training 595643ea with 1 binary file, target error: 0.05, iterations: 1, sample rate: 100%, sparse: 66.0%
Fine tuning increased fitness by 2.1005919920158433e-10 to -0.05419319148950267 adjusted 11 weights 
Generation 580 score -0.05419319148950267  error 0.05299345079952134 avg time 37ms
Training 307f549d with 1 binary file, target error: 0.05, iterations: 1, sample rate: 100%, sparse: 66.0%
Fine tuning increased fitness by 2.3937581777877526e-10 to -0.05419319125012685 adjusted 11 weights 
Training 9c3eb8eb with 1 binary file, target error: 0.05, iterations: 1, sample rate: 100%, sparse: 66.0%
Fine tuning increased fitness by 1.6205332215024626e-10 to -0.05419319108807353 adjusted 11 weights 
Training 24228fba with 1 binary file, target error: 0.05, iterations: 1, sample rate: 100%, sparse: 66.0%
Fine tuning increased fitness by 2.860479145216921e-10 to -0.054193190802025615 adjusted 11 weights 
Training 03a815b7 with 1 binary file, target error: 0.05, iterations: 1, sample rate: 100%, sparse: 66.0%
Fine tuning increased fitness by 5.059312691013673e-11 to -0.05419319075143249 adjusted 11 weights 
Training 81c17f00 with 1 binary file, target error: 0.05, iterations: 1, sample rate: 100%, sparse: 66.0%
Training 038fc307 with 1 binary file, target error: 0.05, iterations: 1, sample rate: 100%, sparse: 66.0%
Training 461488d2 with 1 binary file, target error: 0.05, iterations: 1, sample rate: 100%, sparse: 66.0%
Fine tuning increased fitness by 6.219201542645436e-11 to -0.05419319068924047 adjusted 11 weights 
Training 960f86ed with 1 binary file, target error: 0.05, iterations: 1, sample rate: 100%, sparse: 66.0%
Fine tuning increased fitness by 3.033029105647955e-10 to -0.05419319038593756 adjusted 11 weights 
Training b89462e2 with 1 binary file, target error: 0.05, iterations: 1, sample rate: 100%, sparse: 66.0%
Fine tuning increased fitness by 1.5682523613058663e-9 to -0.0541931888176852 adjusted 11 weights 
Training 8c12dbf8 with 1 binary file, target error: 0.05, iterations: 1, sample rate: 100%, sparse: 66.0%
Fine tuning increased fitness by 6.042300826347713e-10 to -0.05419318821345512 adjusted 11 weights 
Generation 590 score -0.05419318821345512  error 0.052993447518483006 avg time 37ms
Training b0a22baa with 1 binary file, target error: 0.05, iterations: 1, sample rate: 100%, sparse: 66.0%
Fine tuning increased fitness by 1.150481286626981e-9 to -0.05419318706297383 adjusted 11 weights 
Training 9efe2925 with 1 binary file, target error: 0.05, iterations: 1, sample rate: 100%, sparse: 66.0%
Fine tuning increased fitness by 7.932346376970933e-10 to -0.054193186269739194 adjusted 11 weights 
Training 9e644c1a with 1 binary file, target error: 0.05, iterations: 1, sample rate: 100%, sparse: 66.0%
Fine tuning increased fitness by 7.357171885602476e-10 to -0.054193185534022005 adjusted 11 weights 
Training c6eaaba5 with 1 binary file, target error: 0.05, iterations: 1, sample rate: 100%, sparse: 66.0%
Fine tuning increased fitness by 6.169188423998939e-10 to -0.05419318491710316 adjusted 11 weights 
Training 6fe20513 with 1 binary file, target error: 0.05, iterations: 1, sample rate: 100%, sparse: 66.0%
Fine tuning increased fitness by 4.885195234449746e-10 to -0.05419318442858364 adjusted 11 weights 
Training 2e8f87d9 with 1 binary file, target error: 0.05, iterations: 1, sample rate: 100%, sparse: 66.0%
Fine tuning increased fitness by 6.093674523310888e-10 to -0.05419318381921619 adjusted 11 weights 
Training c127b274 with 1 binary file, target error: 0.05, iterations: 1, sample rate: 100%, sparse: 66.0%
Fine tuning increased fitness by 5.591663729265228e-10 to -0.054193183260049814 adjusted 11 weights 
Training 697190b1 with 1 binary file, target error: 0.05, iterations: 1, sample rate: 100%, sparse: 66.0%
Fine tuning increased fitness by 6.2038013615151044e-12 to -0.05419318325384601 adjusted 11 weights 
Training f43caad7 with 1 binary file, target error: 0.05, iterations: 1, sample rate: 100%, sparse: 66.0%
Fine tuning increased fitness by 5.4515003622412905e-12 to -0.05419318324839451 adjusted 11 weights 
Training 15e50a4e with 1 binary file, target error: 0.05, iterations: 1, sample rate: 100%, sparse: 66.0%
Generation 600 score -0.05419318324839451  error 0.05299344254501794 avg time 39ms
Training 1948f735 with 1 binary file, target error: 0.05, iterations: 1, sample rate: 100%, sparse: 66.0%
Training 336df85c with 1 binary file, target error: 0.05, iterations: 1, sample rate: 100%, sparse: 66.0%
Training 468c7da9 with 1 binary file, target error: 0.05, iterations: 1, sample rate: 100%, sparse: 66.0%
Training e591ed58 with 1 binary file, target error: 0.05, iterations: 1, sample rate: 100%, sparse: 66.0%
Generation 610 score -0.05419318324839451  error 0.05299344254501794 avg time 37ms
Training 7f0f9ff5 with 1 binary file, target error: 0.05, iterations: 1, sample rate: 100%, sparse: 66.0%
Generation 620 score -0.05419318324839451  error 0.05299344254501794 avg time 37ms
Training 30249d53 with 1 binary file, target error: 0.05, iterations: 1, sample rate: 100%, sparse: 66.0%
Generation 630 score -0.05419318324839451  error 0.05299344254501794 avg time 37ms
Generation 640 score -0.05419318324839451  error 0.05299344254501794 avg time 36ms
Generation 650 score -0.05419318324839451  error 0.05299344254501794 avg time 37ms
Generation 660 score -0.05419318324839451  error 0.05299344254501794 avg time 38ms
Generation 670 score -0.05419318324839451  error 0.05299344254501794 avg time 37ms
Training 2f8638fb with 1 binary file, target error: 0.05, iterations: 1, sample rate: 100%, sparse: 66.0%
Fine tuning increased fitness by 5.817511750105808e-11 to -0.054193183190219395 adjusted 11 weights 
Training 65c93eec with 1 binary file, target error: 0.05, iterations: 1, sample rate: 100%, sparse: 66.0%
Generation 680 score -0.054193183190219395  error 0.05299344248680908 avg time 37ms
Training 5d1af3e1 with 1 binary file, target error: 0.05, iterations: 1, sample rate: 100%, sparse: 66.0%
Fine tuning increased fitness by 9.153094948644025e-12 to -0.0541931831810663 adjusted 11 weights 
Training dd0e1be8 with 1 binary file, target error: 0.05, iterations: 1, sample rate: 100%, sparse: 66.0%
Generation 690 score -0.0541931831810663  error 0.05299344247766382 avg time 37ms
Generation 700 score -0.0541931831810663  error 0.05299344247766382 avg time 36ms
Generation 710 score -0.0541931831810663  error 0.05299344247766382 avg time 37ms
Generation 720 score -0.0541931831810663  error 0.05299344247766382 avg time 37ms
Training 98877f40 with 1 binary file, target error: 0.05, iterations: 1, sample rate: 100%, sparse: 66.0%
Generation 730 score -0.0541931831810663  error 0.05299344247766382 avg time 38ms
Generation 740 score -0.0541931831810663  error 0.05299344247766382 avg time 38ms
Generation 750 score -0.0541931831810663  error 0.05299344247766382 avg time 37ms
Training 0c7354a5 with 1 binary file, target error: 0.05, iterations: 1, sample rate: 100%, sparse: 66.0%
Generation 760 score -0.0541931831810663  error 0.05299344247766382 avg time 37ms
Training d3b81802 with 1 binary file, target error: 0.05, iterations: 1, sample rate: 100%, sparse: 66.0%
Generation 770 score -0.0541931831810663  error 0.05299344247766382 avg time 37ms
Generation 780 score -0.0541931831810663  error 0.05299344247766382 avg time 38ms
Training 164f5d1a with 1 binary file, target error: 0.05, iterations: 1, sample rate: 100%, sparse: 66.0%
Generation 790 score -0.0541931831810663  error 0.05299344247766382 avg time 37ms
Generation 800 score -0.0541931831810663  error 0.05299344247766382 avg time 38ms
Generation 810 score -0.0541931831810663  error 0.05299344247766382 avg time 37ms
Generation 820 score -0.0541931831810663  error 0.05299344247766382 avg time 39ms
Training d25b2a20 with 1 binary file, target error: 0.05, iterations: 1, sample rate: 100%, sparse: 66.0%
Fine tuning increased fitness by 2.2518302500440512e-10 to -0.054193182955883275 adjusted 11 weights 
Training 774abd1c with 1 binary file, target error: 0.05, iterations: 1, sample rate: 100%, sparse: 66.0%
Training d25b2a20 increased fitness by 5.878449810259312e-11 to -0.05419318289709878
Training a3ff35fb with 1 binary file, target error: 0.05, iterations: 1, sample rate: 100%, sparse: 66.0%
Fine tuning increased fitness by 1.439311031470325e-10 to -0.054193182753167674 adjusted 11 weights 
Training a82309e8 with 1 binary file, target error: 0.05, iterations: 1, sample rate: 100%, sparse: 66.0%
Fine tuning increased fitness by 6.827142323695412e-11 to -0.05419318268489625 adjusted 11 weights 
Training 35c06e2a with 1 binary file, target error: 0.05, iterations: 1, sample rate: 100%, sparse: 66.0%
Training c8025f23 with 1 binary file, target error: 0.05, iterations: 1, sample rate: 100%, sparse: 66.0%
Training 72d5d0a1 with 1 binary file, target error: 0.05, iterations: 1, sample rate: 100%, sparse: 66.0%
Training 176f7183 with 1 binary file, target error: 0.05, iterations: 1, sample rate: 100%, sparse: 66.0%
Fine tuning increased fitness by 2.4158147704511634e-11 to -0.0541931826607381 adjusted 11 weights 
Training 02320943 with 1 binary file, target error: 0.05, iterations: 1, sample rate: 100%, sparse: 66.0%
Fine tuning increased fitness by 1.6430058702443517e-11 to -0.054193182644308044 adjusted 11 weights 
Generation 830 score -0.054193182644308044  error 0.05299344192314022 avg time 40ms
Training fe8aa10a with 1 binary file, target error: 0.05, iterations: 1, sample rate: 100%, sparse: 66.0%
Training 6eb07b5b with 1 binary file, target error: 0.05, iterations: 1, sample rate: 100%, sparse: 66.0%
Fine tuning increased fitness by 1.6168802408067506e-12 to -0.054193182642691164 adjusted 11 weights 
Training 16435886 with 1 binary file, target error: 0.05, iterations: 1, sample rate: 100%, sparse: 66.0%
Fine tuning increased fitness by 9.799423078549196e-11 to -0.05419318254469693 adjusted 11 weights 
Training c6cf0113 with 1 binary file, target error: 0.05, iterations: 1, sample rate: 100%, sparse: 66.0%
Fine tuning increased fitness by 8.020128311470032e-11 to -0.05419318246449565 adjusted 11 weights 
Training 14c554b8 with 1 binary file, target error: 0.05, iterations: 1, sample rate: 100%, sparse: 66.0%
Fine tuning increased fitness by 1.2561883477868463e-10 to -0.054193182338876815 adjusted 11 weights 
Training 0c7a53f9 with 1 binary file, target error: 0.05, iterations: 1, sample rate: 100%, sparse: 66.0%
Fine tuning increased fitness by 1.818422010191334e-10 to -0.054193182157034614 adjusted 11 weights 
Training 7a1dbc09 with 1 binary file, target error: 0.05, iterations: 1, sample rate: 100%, sparse: 66.0%
Fine tuning increased fitness by 4.998359365293581e-11 to -0.05419318210705102 adjusted 11 weights 
Training dde357b8 with 1 binary file, target error: 0.05, iterations: 1, sample rate: 100%, sparse: 66.0%
Fine tuning increased fitness by 1.5540873449237935e-10 to -0.054193181951642286 adjusted 11 weights 
Training eada603e with 1 binary file, target error: 0.05, iterations: 1, sample rate: 100%, sparse: 66.0%
Fine tuning increased fitness by 1.766450041795764e-10 to -0.05419318177499728 adjusted 11 weights 
Training bdaebf2e with 1 binary file, target error: 0.05, iterations: 1, sample rate: 100%, sparse: 66.0%
Fine tuning increased fitness by 6.596698881589091e-11 to -0.05419318170903029 adjusted 11 weights 
Generation 840 score -0.05419318170903029  error 0.05299344098715199 avg time 39ms
Training e4cae255 with 1 binary file, target error: 0.05, iterations: 1, sample rate: 100%, sparse: 66.0%
Fine tuning increased fitness by 4.420168606134034e-10 to -0.05419318126701343 adjusted 10 weights 
Training 7c89ae40 with 1 binary file, target error: 0.05, iterations: 1, sample rate: 100%, sparse: 66.0%
Fine tuning increased fitness by 1.951036110448001e-9 to -0.05419317931597732 adjusted 10 weights 
Training 31c6634a with 1 binary file, target error: 0.05, iterations: 1, sample rate: 100%, sparse: 66.0%
Fine tuning increased fitness by 4.0504545412156645e-9 to -0.05419317526552278 adjusted 10 weights 
Training f3314130 with 1 binary file, target error: 0.05, iterations: 1, sample rate: 100%, sparse: 66.0%
Fine tuning increased fitness by 1.4667981551585996e-9 to -0.054193173798724625 adjusted 10 weights 
Training aab0ab2c with 1 binary file, target error: 0.05, iterations: 1, sample rate: 100%, sparse: 66.0%
Training 77999f24 with 1 binary file, target error: 0.05, iterations: 1, sample rate: 100%, sparse: 66.0%
Training f3314130 increased fitness by 8.026437153807464e-11 to -0.054193173718460254
Training b06103a7 with 1 binary file, target error: 0.05, iterations: 1, sample rate: 100%, sparse: 66.0%
Fine tuning increased fitness by 2.7575929040235536e-10 to -0.05419317344270096 adjusted 11 weights 
Training 079a739a with 1 binary file, target error: 0.05, iterations: 1, sample rate: 100%, sparse: 66.0%
Fine tuning increased fitness by 3.498626249820447e-10 to -0.05419317309283834 adjusted 11 weights 
Training 9197fef7 with 1 binary file, target error: 0.05, iterations: 1, sample rate: 100%, sparse: 66.0%
Fine tuning increased fitness by 3.734718159731365e-10 to -0.05419317271936652 adjusted 11 weights 
Training 243a477d with 1 binary file, target error: 0.05, iterations: 1, sample rate: 100%, sparse: 66.0%
Fine tuning increased fitness by 6.722983975082641e-10 to -0.054193172047068125 adjusted 11 weights 
Generation 850 score -0.054193172047068125  error 0.052993431316366746 avg time 38ms
Training 3c1582fd with 1 binary file, target error: 0.05, iterations: 1, sample rate: 100%, sparse: 66.0%
Fine tuning increased fitness by 5.727778945585627e-10 to -0.05419317147429023 adjusted 11 weights 
Training 4746d1e1 with 1 binary file, target error: 0.05, iterations: 1, sample rate: 100%, sparse: 66.0%
Fine tuning increased fitness by 2.2493938517387235e-9 to -0.05419316922489638 adjusted 11 weights 
Training 8e5eb63a with 1 binary file, target error: 0.05, iterations: 1, sample rate: 100%, sparse: 66.0%
Fine tuning increased fitness by 1.5725934165988775e-9 to -0.05419316765230296 adjusted 11 weights 
Training 1a72a142 with 1 binary file, target error: 0.05, iterations: 1, sample rate: 100%, sparse: 66.0%
Fine tuning increased fitness by 5.707568653812167e-10 to -0.0541931670815461 adjusted 11 weights 
Training 38175d22 with 1 binary file, target error: 0.05, iterations: 1, sample rate: 100%, sparse: 66.0%
Fine tuning increased fitness by 8.529448605743006e-10 to -0.054193166228601236 adjusted 11 weights 
Training 4ddeae23 with 1 binary file, target error: 0.05, iterations: 1, sample rate: 100%, sparse: 66.0%
Fine tuning increased fitness by 8.688835692605146e-10 to -0.05419316535971767 adjusted 11 weights 
Training 83d2e255 with 1 binary file, target error: 0.05, iterations: 1, sample rate: 100%, sparse: 66.0%
Fine tuning increased fitness by 3.6279468318412e-10 to -0.054193164996922984 adjusted 11 weights 
Training 702a627e with 1 binary file, target error: 0.05, iterations: 1, sample rate: 100%, sparse: 66.0%
Training 66ca9e38 with 1 binary file, target error: 0.05, iterations: 1, sample rate: 100%, sparse: 66.0%
Training 7269db70 with 1 binary file, target error: 0.05, iterations: 1, sample rate: 100%, sparse: 66.0%
Generation 860 score -0.054193164996922984  error 0.05299342426166792 avg time 38ms
Training cd12e1fd with 1 binary file, target error: 0.05, iterations: 1, sample rate: 100%, sparse: 66.0%
Training 693e3315 with 1 binary file, target error: 0.05, iterations: 1, sample rate: 100%, sparse: 66.0%
Training 9fd8c54e with 1 binary file, target error: 0.05, iterations: 1, sample rate: 100%, sparse: 66.0%
Fine tuning increased fitness by 3.239417623035479e-10 to -0.05419316467298122 adjusted 11 weights 
Training 6fe08226 with 1 binary file, target error: 0.05, iterations: 1, sample rate: 100%, sparse: 66.0%
Fine tuning increased fitness by 2.1102710551224035e-10 to -0.054193164461954116 adjusted 11 weights 
Training 94c16a83 with 1 binary file, target error: 0.05, iterations: 1, sample rate: 100%, sparse: 66.0%
Fine tuning increased fitness by 4.253449190083636e-10 to -0.0541931640366092 adjusted 11 weights 
Training f46a2c37 with 1 binary file, target error: 0.05, iterations: 1, sample rate: 100%, sparse: 66.0%
Fine tuning increased fitness by 3.784502364267972e-10 to -0.05419316365815896 adjusted 11 weights 
Training 3fa9ba3a with 1 binary file, target error: 0.05, iterations: 1, sample rate: 100%, sparse: 66.0%
Fine tuning increased fitness by 6.801358365393639e-10 to -0.054193162978023124 adjusted 11 weights 
Training 0b534a6e with 1 binary file, target error: 0.05, iterations: 1, sample rate: 100%, sparse: 66.0%
Training f01c3bf5 with 1 binary file, target error: 0.05, iterations: 1, sample rate: 100%, sparse: 66.0%
Training 8dc4304e with 1 binary file, target error: 0.05, iterations: 1, sample rate: 100%, sparse: 66.0%
Generation 870 score -0.054193162978023124  error 0.0529934222513682 avg time 37ms
Training ee809588 with 1 binary file, target error: 0.05, iterations: 1, sample rate: 100%, sparse: 66.0%
Training d352b13a with 1 binary file, target error: 0.05, iterations: 1, sample rate: 100%, sparse: 66.0%
Training b715fbd1 with 1 binary file, target error: 0.05, iterations: 1, sample rate: 100%, sparse: 66.0%
Training e021598e with 1 binary file, target error: 0.05, iterations: 1, sample rate: 100%, sparse: 66.0%
Training 4486d1b0 with 1 binary file, target error: 0.05, iterations: 1, sample rate: 100%, sparse: 66.0%
Generation 880 score -0.054193162978023124  error 0.0529934222513682 avg time 37ms
Training 18b90dee with 1 binary file, target error: 0.05, iterations: 1, sample rate: 100%, sparse: 66.0%
Fine tuning increased fitness by 2.22224502688384e-10 to -0.05419316275579862 adjusted 11 weights 
Training c7187165 with 1 binary file, target error: 0.05, iterations: 1, sample rate: 100%, sparse: 66.0%
Fine tuning increased fitness by 5.054905383161667e-10 to -0.05419316225030808 adjusted 11 weights 
Training c4733679 with 1 binary file, target error: 0.05, iterations: 1, sample rate: 100%, sparse: 66.0%
Fine tuning increased fitness by 2.480460420395403e-10 to -0.05419316200226204 adjusted 11 weights 
Training 5a703bdb with 1 binary file, target error: 0.05, iterations: 1, sample rate: 100%, sparse: 66.0%
Fine tuning increased fitness by 4.2709008551966576e-10 to -0.054193161575171955 adjusted 11 weights 
Training 0eeeb3f7 with 1 binary file, target error: 0.05, iterations: 1, sample rate: 100%, sparse: 66.0%
Fine tuning increased fitness by 3.2606072702945355e-10 to -0.05419316124911123 adjusted 11 weights 
Training 2dc8637d with 1 binary file, target error: 0.05, iterations: 1, sample rate: 100%, sparse: 66.0%
Fine tuning increased fitness by 8.174545068628802e-11 to -0.05419316116736578 adjusted 11 weights 
Training 5ebf6631 with 1 binary file, target error: 0.05, iterations: 1, sample rate: 100%, sparse: 66.0%
Fine tuning increased fitness by 1.7956165720978134e-10 to -0.05419316098780412 adjusted 11 weights 
Training 4e90b702 with 1 binary file, target error: 0.05, iterations: 1, sample rate: 100%, sparse: 66.0%
Fine tuning increased fitness by 1.7654794293164855e-11 to -0.054193160970149326 adjusted 11 weights 
Generation 890 score -0.054193160970149326  error 0.05299342023916813 avg time 37ms
Training 62b939e9 with 1 binary file, target error: 0.05, iterations: 1, sample rate: 100%, sparse: 66.0%
Fine tuning increased fitness by 2.1674467776122697e-12 to -0.05419316096798188 adjusted 11 weights 
Training 1bd556df with 1 binary file, target error: 0.05, iterations: 1, sample rate: 100%, sparse: 66.0%
Training 78a7db18 with 1 binary file, target error: 0.05, iterations: 1, sample rate: 100%, sparse: 66.0%
Fine tuning increased fitness by 6.075806524563632e-10 to -0.05419316036040123 adjusted 11 weights 
Training dad7b351 with 1 binary file, target error: 0.05, iterations: 1, sample rate: 100%, sparse: 66.0%
Fine tuning increased fitness by 6.589665896283847e-10 to -0.05419315970143464 adjusted 11 weights 
Training 9d3ab30a with 1 binary file, target error: 0.05, iterations: 1, sample rate: 100%, sparse: 66.0%
Fine tuning increased fitness by 9.276971690841407e-10 to -0.05419315877373747 adjusted 11 weights 
Training ebc7fcdf with 1 binary file, target error: 0.05, iterations: 1, sample rate: 100%, sparse: 66.0%
Fine tuning increased fitness by 1.5507557737937105e-10 to -0.05419315861866189 adjusted 11 weights 
Training f38d27fa with 1 binary file, target error: 0.05, iterations: 1, sample rate: 100%, sparse: 66.0%
Fine tuning increased fitness by 1.7089715753648704e-10 to -0.05419315844776473 adjusted 11 weights 
Training 1321e09a with 1 binary file, target error: 0.05, iterations: 1, sample rate: 100%, sparse: 66.0%
Fine tuning increased fitness by 2.3169959700863885e-10 to -0.054193158216065136 adjusted 11 weights 
Training d1f1bdfd with 1 binary file, target error: 0.05, iterations: 1, sample rate: 100%, sparse: 66.0%
Fine tuning increased fitness by 1.4863936470543848e-10 to -0.05419315806742577 adjusted 11 weights 
Training 78d8d941 with 1 binary file, target error: 0.05, iterations: 1, sample rate: 100%, sparse: 66.0%
Fine tuning increased fitness by 4.149778576323371e-10 to -0.054193157652447914 adjusted 11 weights 
Generation 900 score -0.054193157652447914  error 0.05299341691225887 avg time 38ms
Training fd7113ca with 1 binary file, target error: 0.05, iterations: 1, sample rate: 100%, sparse: 66.0%
Fine tuning increased fitness by 1.989518758072073e-10 to -0.05419315745349604 adjusted 11 weights 
Training 5b9b169d with 1 binary file, target error: 0.05, iterations: 1, sample rate: 100%, sparse: 66.0%
Fine tuning increased fitness by 3.5911468937444013e-10 to -0.05419315709438135 adjusted 11 weights 
Training 17adb829 with 1 binary file, target error: 0.05, iterations: 1, sample rate: 100%, sparse: 66.0%
Fine tuning increased fitness by 3.392469916096985e-10 to -0.05419315675513436 adjusted 11 weights 
Training 38a3515e with 1 binary file, target error: 0.05, iterations: 1, sample rate: 100%, sparse: 66.0%
Training 6f37148f with 1 binary file, target error: 0.05, iterations: 1, sample rate: 100%, sparse: 66.0%
Training 3b6e9e67 with 1 binary file, target error: 0.05, iterations: 1, sample rate: 100%, sparse: 66.0%
Training 7f47d33a with 1 binary file, target error: 0.05, iterations: 1, sample rate: 100%, sparse: 66.0%
Training db16dfbf with 1 binary file, target error: 0.05, iterations: 1, sample rate: 100%, sparse: 66.0%
Training b6486343 with 1 binary file, target error: 0.05, iterations: 1, sample rate: 100%, sparse: 66.0%
Training 927f586a with 1 binary file, target error: 0.05, iterations: 1, sample rate: 100%, sparse: 66.0%
Generation 910 score -0.05419315675513436  error 0.05299341601500327 avg time 38ms
Training 73b240bb with 1 binary file, target error: 0.05, iterations: 1, sample rate: 100%, sparse: 66.0%
Training eb68300b with 1 binary file, target error: 0.05, iterations: 1, sample rate: 100%, sparse: 66.0%
Fine tuning increased fitness by 2.4597399117531893e-10 to -0.054193156509160366 adjusted 11 weights 
Generation 920 score -0.054193156509160366  error 0.052993415753537096 avg time 37ms
Generation 930 score -0.054193156509160366  error 0.052993415753537096 avg time 39ms
Generation 940 score -0.054193156509160366  error 0.052993415753537096 avg time 38ms
Generation 950 score -0.054193156509160366  error 0.052993415753537096 avg time 37ms
Generation 960 score -0.054193156509160366  error 0.052993415753537096 avg time 38ms
Generation 970 score -0.054193156509160366  error 0.052993415753537096 avg time 37ms
Generation 980 score -0.054193156509160366  error 0.052993415753537096 avg time 37ms
Generation 990 score -0.054193156509160366  error 0.052993415753537096 avg time 37ms
Generation 1000 score -0.054193156509160366  error 0.052993415753537096 avg time 36ms
Generation 1010 score -0.054193156509160366  error 0.052993415753537096 avg time 38ms
Generation 1020 score -0.054193156509160366  error 0.052993415753537096 avg time 37ms
Generation 1030 score -0.054193156509160366  error 0.052993415753537096 avg time 38ms
Generation 1040 score -0.054193156509160366  error 0.052993415753537096 avg time 37ms
Generation 1050 score -0.054193156509160366  error 0.052993415753537096 avg time 36ms
Generation 1060 score -0.054193156509160366  error 0.052993415753537096 avg time 36ms
Generation 1070 score -0.054193156509160366  error 0.052993415753537096 avg time 37ms
Generation 1080 score -0.054193156509160366  error 0.052993415753537096 avg time 37ms
Generation 1090 score -0.054193156509160366  error 0.052993415753537096 avg time 37ms
Generation 1100 score -0.054193156509160366  error 0.052993415753537096 avg time 37ms
Generation 1110 score -0.054193156509160366  error 0.052993415753537096 avg time 37ms
Generation 1120 score -0.054193156509160366  error 0.052993415753537096 avg time 38ms
Generation 1130 score -0.054193156509160366  error 0.052993415753537096 avg time 37ms
Generation 1140 score -0.054193156509160366  error 0.052993415753537096 avg time 37ms
Generation 1150 score -0.054193156509160366  error 0.052993415753537096 avg time 38ms
Generation 1160 score -0.054193156509160366  error 0.052993415753537096 avg time 37ms
Generation 1170 score -0.054193156509160366  error 0.052993415753537096 avg time 38ms
Generation 1180 score -0.054193156509160366  error 0.052993415753537096 avg time 38ms
Generation 1190 score -0.054193156509160366  error 0.052993415753537096 avg time 37ms
Generation 1200 score -0.054193156509160366  error 0.052993415753537096 avg time 37ms
Generation 1210 score -0.054193156509160366  error 0.052993415753537096 avg time 37ms
Generation 1220 score -0.054193156509160366  error 0.052993415753537096 avg time 37ms
Generation 1230 score -0.054193156509160366  error 0.052993415753537096 avg time 38ms
Training b25e4ee5 with 1 binary file, target error: 0.05, iterations: 1, sample rate: 100%, sparse: 66.0%
Fine tuning increased fitness by 3.323587793868654e-10 to -0.05419315617680159 adjusted 11 weights 
Training f49f9fcf with 1 binary file, target error: 0.05, iterations: 1, sample rate: 100%, sparse: 66.0%
Fine tuning increased fitness by 1.8918739005946428e-9 to -0.054193154284927686 adjusted 11 weights 
Generation 1240 score -0.054193154284927686  error 0.05299341348437863 avg time 36ms
Training cae76081 with 1 binary file, target error: 0.05, iterations: 1, sample rate: 100%, sparse: 66.0%
Fine tuning increased fitness by 1.7738610927353626e-9 to -0.05419315251106659 adjusted 11 weights 
Training 7a5b3723 with 1 binary file, target error: 0.05, iterations: 1, sample rate: 100%, sparse: 66.0%
Fine tuning increased fitness by 1.3129732648331505e-9 to -0.05419315119809333 adjusted 11 weights 
Training 92adcd28 with 1 binary file, target error: 0.05, iterations: 1, sample rate: 100%, sparse: 66.0%
Fine tuning increased fitness by 1.9385808652794267e-9 to -0.05419314925951246 adjusted 11 weights 
Training 2a95b80c with 1 binary file, target error: 0.05, iterations: 1, sample rate: 100%, sparse: 66.0%
Fine tuning increased fitness by 3.000692319621301e-9 to -0.05419314625882014 adjusted 11 weights 
Training e3b9ee6e with 1 binary file, target error: 0.05, iterations: 1, sample rate: 100%, sparse: 66.0%
Fine tuning increased fitness by 2.2920524853087265e-9 to -0.05419314396676766 adjusted 11 weights 
Training f1952d09 with 1 binary file, target error: 0.05, iterations: 1, sample rate: 100%, sparse: 66.0%
Training edab760b with 1 binary file, target error: 0.05, iterations: 1, sample rate: 100%, sparse: 66.0%
Fine tuning increased fitness by 1.7565715548784055e-10 to -0.0541931437911105 adjusted 11 weights 
Training 079b7942 with 1 binary file, target error: 0.05, iterations: 1, sample rate: 100%, sparse: 66.0%
Fine tuning increased fitness by 2.1369614411348437e-10 to -0.05419314357741436 adjusted 11 weights 
Training af0acd0b with 1 binary file, target error: 0.05, iterations: 1, sample rate: 100%, sparse: 66.0%
Training fdf611a0 with 1 binary file, target error: 0.05, iterations: 1, sample rate: 100%, sparse: 66.0%
Generation 1250 score -0.05419314357741436  error 0.05299340212857854 avg time 37ms
Training 1256d2a6 with 1 binary file, target error: 0.05, iterations: 1, sample rate: 100%, sparse: 66.0%
Training 15fbc4e0 with 1 binary file, target error: 0.05, iterations: 1, sample rate: 100%, sparse: 66.0%
Training ea7aaa8c with 1 binary file, target error: 0.05, iterations: 1, sample rate: 100%, sparse: 66.0%
Training e62b27e7 with 1 binary file, target error: 0.05, iterations: 1, sample rate: 100%, sparse: 66.0%
Training 88606553 with 1 binary file, target error: 0.05, iterations: 1, sample rate: 100%, sparse: 66.0%
Training 624892c1 with 1 binary file, target error: 0.05, iterations: 1, sample rate: 100%, sparse: 66.0%
Training 5590f92a with 1 binary file, target error: 0.05, iterations: 1, sample rate: 100%, sparse: 66.0%
Generation 1260 score -0.05419314357741436  error 0.05299340212857854 avg time 37ms
Training b1fd77b3 with 1 binary file, target error: 0.05, iterations: 1, sample rate: 100%, sparse: 66.0%
Training ee9ec082 with 1 binary file, target error: 0.05, iterations: 1, sample rate: 100%, sparse: 66.0%
Training e6d37b68 with 1 binary file, target error: 0.05, iterations: 1, sample rate: 100%, sparse: 66.0%
Training 42ded6ec with 1 binary file, target error: 0.05, iterations: 1, sample rate: 100%, sparse: 66.0%
Generation 1270 score -0.05419314357741436  error 0.05299340212857854 avg time 36ms
Training 10dbf389 with 1 binary file, target error: 0.05, iterations: 1, sample rate: 100%, sparse: 66.0%
Training d8a3cb1c with 1 binary file, target error: 0.05, iterations: 1, sample rate: 100%, sparse: 66.0%
Training 2dd67556 with 1 binary file, target error: 0.05, iterations: 1, sample rate: 100%, sparse: 66.0%
Training cd37dbdd with 1 binary file, target error: 0.05, iterations: 1, sample rate: 100%, sparse: 66.0%
Generation 1280 score -0.05419314357741436  error 0.05299340212857854 avg time 37ms
Generation 1290 score -0.05419314357741436  error 0.05299340212857854 avg time 36ms
Training 152f9565 with 1 binary file, target error: 0.05, iterations: 1, sample rate: 100%, sparse: 66.0%
Training b2d9d6ce with 1 binary file, target error: 0.05, iterations: 1, sample rate: 100%, sparse: 66.0%
Training 9a3c4e66 with 1 binary file, target error: 0.05, iterations: 1, sample rate: 100%, sparse: 66.0%
Generation 1300 score -0.05419314357741436  error 0.05299340212857854 avg time 37ms
Training 093626e3 with 1 binary file, target error: 0.05, iterations: 1, sample rate: 100%, sparse: 66.0%
Generation 1310 score -0.05419314357741436  error 0.05299340212857854 avg time 37ms
Generation 1320 score -0.05419314357741436  error 0.05299340212857854 avg time 36ms
Training f026cf1f with 1 binary file, target error: 0.05, iterations: 1, sample rate: 100%, sparse: 66.0%
Generation 1330 score -0.05419314357741436  error 0.05299340212857854 avg time 37ms
Training db62b523 with 1 binary file, target error: 0.05, iterations: 1, sample rate: 100%, sparse: 66.0%
Generation 1340 score -0.05419314357741436  error 0.05299340212857854 avg time 37ms
Training 2ed812b8 with 1 binary file, target error: 0.05, iterations: 1, sample rate: 100%, sparse: 66.0%
Generation 1350 score -0.05419314357741436  error 0.05299340212857854 avg time 36ms
Training 243dfd5f with 1 binary file, target error: 0.05, iterations: 1, sample rate: 100%, sparse: 66.0%
Training b26a6a0e with 1 binary file, target error: 0.05, iterations: 1, sample rate: 100%, sparse: 66.0%
Generation 1360 score -0.05419314357741436  error 0.05299340212857854 avg time 37ms
Generation 1370 score -0.05419314357741436  error 0.05299340212857854 avg time 37ms
Training b8354abf with 1 binary file, target error: 0.05, iterations: 1, sample rate: 100%, sparse: 66.0%
Training 09b949a3 with 1 binary file, target error: 0.05, iterations: 1, sample rate: 100%, sparse: 66.0%
Fine tuning increased fitness by 2.592703829407128e-12 to -0.054193143574821655 adjusted 10 weights 
Generation 1380 score -0.054193143574821655  error 0.05299340211029582 avg time 38ms
Training 04e65d57 with 1 binary file, target error: 0.05, iterations: 1, sample rate: 100%, sparse: 66.0%
Fine tuning increased fitness by 7.80046166548587e-12 to -0.05419314356702119 adjusted 10 weights 
Generation 1390 score -0.05419314356702119  error 0.05299340210793875 avg time 37ms
Generation 1400 score -0.05419314356702119  error 0.05299340210793875 avg time 37ms
Generation 1410 score -0.05419314356702119  error 0.05299340210793875 avg time 37ms
Generation 1420 score -0.05419314356702119  error 0.05299340210793875 avg time 37ms
Generation 1430 score -0.05419314356702119  error 0.05299340210793875 avg time 38ms
Generation 1440 score -0.05419314356702119  error 0.05299340210793875 avg time 38ms
Training 309c3097 with 1 binary file, target error: 0.05, iterations: 1, sample rate: 100%, sparse: 66.0%
Generation 1450 score -0.05419314356702119  error 0.05299340210793875 avg time 38ms
Generation 1460 score -0.05419314356702119  error 0.05299340210793875 avg time 37ms
Generation 1470 score -0.05419314356702119  error 0.05299340210793875 avg time 38ms
Generation 1480 score -0.05419314356702119  error 0.05299340210793875 avg time 38ms
Training 57506a3a with 1 binary file, target error: 0.05, iterations: 1, sample rate: 100%, sparse: 66.0%
Generation 1490 score -0.05419314356702119  error 0.05299340210793875 avg time 38ms
Generation 1500 score -0.05419314356702119  error 0.05299340210793875 avg time 38ms
Generation 1510 score -0.05419314356702119  error 0.05299340210793875 avg time 38ms
Generation 1520 score -0.05419314356702119  error 0.05299340210793875 avg time 37ms
Generation 1530 score -0.05419314356702119  error 0.05299340210793875 avg time 38ms
Generation 1540 score -0.05419314356702119  error 0.05299340210793875 avg time 39ms
Generation 1550 score -0.05419314356702119  error 0.05299340210793875 avg time 37ms
Generation 1560 score -0.05419314356702119  error 0.05299340210793875 avg time 37ms
Generation 1570 score -0.05419314356702119  error 0.05299340210793875 avg time 39ms
Generation 1580 score -0.05419314356702119  error 0.05299340210793875 avg time 38ms
Generation 1590 score -0.05419314356702119  error 0.05299340210793875 avg time 38ms
Generation 1600 score -0.05419314356702119  error 0.05299340210793875 avg time 37ms
Generation 1610 score -0.05419314356702119  error 0.05299340210793875 avg time 37ms
Training 39540978 with 1 binary file, target error: 0.05, iterations: 1, sample rate: 100%, sparse: 66.0%
Generation 1620 score -0.05419314356702119  error 0.05299340210793875 avg time 38ms
Generation 1630 score -0.05419314356702119  error 0.05299340210793875 avg time 38ms
Generation 1640 score -0.05419314356702119  error 0.05299340210793875 avg time 37ms
Generation 1650 score -0.05419314356702119  error 0.05299340210793875 avg time 38ms
Generation 1660 score -0.05419314356702119  error 0.05299340210793875 avg time 37ms
Generation 1670 score -0.05419314356702119  error 0.05299340210793875 avg time 37ms
Generation 1680 score -0.05419314356702119  error 0.05299340210793875 avg time 38ms
Generation 1690 score -0.05419314356702119  error 0.05299340210793875 avg time 37ms
Training 4796f693 with 1 binary file, target error: 0.05, iterations: 1, sample rate: 100%, sparse: 66.0%
Generation 1700 score -0.05419314356702119  error 0.05299340210793875 avg time 38ms
Generation 1710 score -0.05419314356702119  error 0.05299340210793875 avg time 39ms
Generation 1720 score -0.05419314356702119  error 0.05299340210793875 avg time 42ms
Generation 1730 score -0.05419314356702119  error 0.05299340210793875 avg time 60ms
Generation 1740 score -0.05419314356702119  error 0.05299340210793875 avg time 46ms
Training c43c69cd with 1 binary file, target error: 0.05, iterations: 1, sample rate: 100%, sparse: 66.0%
Generation 1750 score -0.05419314356702119  error 0.05299340210793875 avg time 45ms
Generation 1760 score -0.05419314356702119  error 0.05299340210793875 avg time 40ms
Generation 1770 score -0.05419314356702119  error 0.05299340210793875 avg time 39ms
Generation 1780 score -0.05419314356702119  error 0.05299340210793875 avg time 39ms
Generation 1790 score -0.05419314356702119  error 0.05299340210793875 avg time 40ms
Training a69a2cff with 1 binary file, target error: 0.05, iterations: 1, sample rate: 100%, sparse: 66.0%
Generation 1800 score -0.05419314356702119  error 0.05299340210793875 avg time 41ms
Generation 1810 score -0.05419314356702119  error 0.05299340210793875 avg time 40ms
Generation 1820 score -0.05419314356702119  error 0.05299340210793875 avg time 40ms
Generation 1830 score -0.05419314356702119  error 0.05299340210793875 avg time 38ms
Generation 1840 score -0.05419314356702119  error 0.05299340210793875 avg time 38ms
Generation 1850 score -0.05419314356702119  error 0.05299340210793875 avg time 39ms
Generation 1860 score -0.05419314356702119  error 0.05299340210793875 avg time 37ms
Generation 1870 score -0.05419314356702119  error 0.05299340210793875 avg time 38ms
Generation 1880 score -0.05419314356702119  error 0.05299340210793875 avg time 38ms
Generation 1890 score -0.05419314356702119  error 0.05299340210793875 avg time 38ms
Generation 1900 score -0.05419314356702119  error 0.05299340210793875 avg time 39ms
Generation 1910 score -0.05419314356702119  error 0.05299340210793875 avg time 38ms
Generation 1920 score -0.05419314356702119  error 0.05299340210793875 avg time 38ms
Generation 1930 score -0.05419314356702119  error 0.05299340210793875 avg time 39ms
Generation 1940 score -0.05419314356702119  error 0.05299340210793875 avg time 38ms
Generation 1950 score -0.05419314356702119  error 0.05299340210793875 avg time 38ms
Generation 1960 score -0.05419314356702119  error 0.05299340210793875 avg time 39ms
Generation 1970 score -0.05419314356702119  error 0.05299340210793875 avg time 39ms
Generation 1980 score -0.05419314356702119  error 0.05299340210793875 avg time 39ms
Generation 1990 score -0.05419314356702119  error 0.05299340210793875 avg time 39ms
Generation 2000 score -0.05419314356702119  error 0.05299340210793875 avg time 39ms
Generation 2010 score -0.05419314356702119  error 0.05299340210793875 avg time 38ms
Generation 2020 score -0.05419314356702119  error 0.05299340210793875 avg time 38ms
Generation 2030 score -0.05419314356702119  error 0.05299340210793875 avg time 38ms
Generation 2040 score -0.05419314356702119  error 0.05299340210793875 avg time 39ms
Generation 2050 score -0.05419314356702119  error 0.05299340210793875 avg time 39ms
Generation 2060 score -0.05419314356702119  error 0.05299340210793875 avg time 38ms
Generation 2070 score -0.05419314356702119  error 0.05299340210793875 avg time 39ms
Generation 2080 score -0.05419314356702119  error 0.05299340210793875 avg time 38ms
Generation 2090 score -0.05419314356702119  error 0.05299340210793875 avg time 39ms
Generation 2100 score -0.05419314356702119  error 0.05299340210793875 avg time 38ms
Generation 2110 score -0.05419314356702119  error 0.05299340210793875 avg time 38ms
Generation 2120 score -0.05419314356702119  error 0.05299340210793875 avg time 39ms
Generation 2130 score -0.05419314356702119  error 0.05299340210793875 avg time 39ms
Generation 2140 score -0.05419314356702119  error 0.05299340210793875 avg time 39ms
Generation 2150 score -0.05419314356702119  error 0.05299340210793875 avg time 39ms
Generation 2160 score -0.05419314356702119  error 0.05299340210793875 avg time 39ms
Generation 2170 score -0.05419314356702119  error 0.05299340210793875 avg time 39ms
Generation 2180 score -0.05419314356702119  error 0.05299340210793875 avg time 39ms
Generation 2190 score -0.05419314356702119  error 0.05299340210793875 avg time 38ms
Generation 2200 score -0.05419314356702119  error 0.05299340210793875 avg time 39ms
Generation 2210 score -0.05419314356702119  error 0.05299340210793875 avg time 38ms
Generation 2220 score -0.05419314356702119  error 0.05299340210793875 avg time 38ms
Generation 2230 score -0.05419314356702119  error 0.05299340210793875 avg time 38ms
Generation 2240 score -0.05419314356702119  error 0.05299340210793875 avg time 38ms
Generation 2250 score -0.05419314356702119  error 0.05299340210793875 avg time 37ms
Generation 2260 score -0.05419314356702119  error 0.05299340210793875 avg time 40ms
Generation 2270 score -0.05419314356702119  error 0.05299340210793875 avg time 38ms
Generation 2280 score -0.05419314356702119  error 0.05299340210793875 avg time 39ms
Generation 2290 score -0.05419314356702119  error 0.05299340210793875 avg time 41ms
Generation 2300 score -0.05419314356702119  error 0.05299340210793875 avg time 37ms
Generation 2310 score -0.05419314356702119  error 0.05299340210793875 avg time 41ms
Generation 2320 score -0.05419314356702119  error 0.05299340210793875 avg time 43ms
Generation 2330 score -0.05419314356702119  error 0.05299340210793875 avg time 42ms
Generation 2340 score -0.05419314356702119  error 0.05299340210793875 avg time 43ms
Generation 2350 score -0.05419314356702119  error 0.05299340210793875 avg time 42ms
Generation 2360 score -0.05419314356702119  error 0.05299340210793875 avg time 44ms
Generation 2370 score -0.05419314356702119  error 0.05299340210793875 avg time 40ms
Generation 2380 score -0.05419314356702119  error 0.05299340210793875 avg time 41ms
Generation 2390 score -0.05419314356702119  error 0.05299340210793875 avg time 40ms
Generation 2400 score -0.05419314356702119  error 0.05299340210793875 avg time 49ms
Generation 2410 score -0.05419314356702119  error 0.05299340210793875 avg time 42ms
Generation 2420 score -0.05419314356702119  error 0.05299340210793875 avg time 40ms
Generation 2430 score -0.05419314356702119  error 0.05299340210793875 avg time 41ms
Generation 2440 score -0.05419314356702119  error 0.05299340210793875 avg time 39ms
Generation 2450 score -0.05419314356702119  error 0.05299340210793875 avg time 42ms
Generation 2460 score -0.05419314356702119  error 0.05299340210793875 avg time 43ms
Generation 2470 score -0.05419314356702119  error 0.05299340210793875 avg time 43ms
Generation 2480 score -0.05419314356702119  error 0.05299340210793875 avg time 40ms
Generation 2490 score -0.05419314356702119  error 0.05299340210793875 avg time 40ms
Generation 2500 score -0.05419314356702119  error 0.05299340210793875 avg time 39ms
Generation 2510 score -0.05419314356702119  error 0.05299340210793875 avg time 39ms
Generation 2520 score -0.05419314356702119  error 0.05299340210793875 avg time 39ms
Generation 2530 score -0.05419314356702119  error 0.05299340210793875 avg time 50ms
Generation 2540 score -0.05419314356702119  error 0.05299340210793875 avg time 40ms
Generation 2550 score -0.05419314356702119  error 0.05299340210793875 avg time 43ms
Generation 2560 score -0.05419314356702119  error 0.05299340210793875 avg time 40ms
Generation 2570 score -0.05419314356702119  error 0.05299340210793875 avg time 39ms
Generation 2580 score -0.05419314356702119  error 0.05299340210793875 avg time 40ms
Generation 2590 score -0.05419314356702119  error 0.05299340210793875 avg time 40ms
Generation 2600 score -0.05419314356702119  error 0.05299340210793875 avg time 39ms
Generation 2610 score -0.05419314356702119  error 0.05299340210793875 avg time 39ms
Generation 2620 score -0.05419314356702119  error 0.05299340210793875 avg time 38ms
Generation 2630 score -0.05419314356702119  error 0.05299340210793875 avg time 38ms
Generation 2640 score -0.05419314356702119  error 0.05299340210793875 avg time 39ms
Generation 2650 score -0.05419314356702119  error 0.05299340210793875 avg time 42ms
Generation 2660 score -0.05419314356702119  error 0.05299340210793875 avg time 40ms
Generation 2670 score -0.05419314356702119  error 0.05299340210793875 avg time 38ms
Generation 2680 score -0.05419314356702119  error 0.05299340210793875 avg time 37ms
Generation 2690 score -0.05419314356702119  error 0.05299340210793875 avg time 38ms
Generation 2700 score -0.05419314356702119  error 0.05299340210793875 avg time 37ms
Generation 2710 score -0.05419314356702119  error 0.05299340210793875 avg time 37ms
Generation 2720 score -0.05419314356702119  error 0.05299340210793875 avg time 37ms
Generation 2730 score -0.05419314356702119  error 0.05299340210793875 avg time 39ms
Generation 2740 score -0.05419314356702119  error 0.05299340210793875 avg time 38ms
Generation 2750 score -0.05419314356702119  error 0.05299340210793875 avg time 37ms
Generation 2760 score -0.05419314356702119  error 0.05299340210793875 avg time 37ms
Generation 2770 score -0.05419314356702119  error 0.05299340210793875 avg time 56ms
Generation 2780 score -0.05419314356702119  error 0.05299340210793875 avg time 37ms
Generation 2790 score -0.05419314356702119  error 0.05299340210793875 avg time 60ms
Generation 2800 score -0.05419314356702119  error 0.05299340210793875 avg time 37ms
Generation 2810 score -0.05419314356702119  error 0.05299340210793875 avg time 37ms
Generation 2820 score -0.05419314356702119  error 0.05299340210793875 avg time 37ms
Generation 2830 score -0.05419314356702119  error 0.05299340210793875 avg time 37ms
Generation 2840 score -0.05419314356702119  error 0.05299340210793875 avg time 37ms
Generation 2850 score -0.05419314356702119  error 0.05299340210793875 avg time 37ms
Generation 2860 score -0.05419314356702119  error 0.05299340210793875 avg time 38ms
Generation 2870 score -0.05419314356702119  error 0.05299340210793875 avg time 38ms
Generation 2880 score -0.05419314356702119  error 0.05299340210793875 avg time 37ms
Generation 2890 score -0.05419314356702119  error 0.05299340210793875 avg time 37ms
Generation 2900 score -0.05419314356702119  error 0.05299340210793875 avg time 38ms
Generation 2910 score -0.05419314356702119  error 0.05299340210793875 avg time 37ms
Generation 2920 score -0.05419314356702119  error 0.05299340210793875 avg time 38ms
Generation 2930 score -0.05419314356702119  error 0.05299340210793875 avg time 37ms
Generation 2940 score -0.05419314356702119  error 0.05299340210793875 avg time 45ms
Generation 2950 score -0.05419314356702119  error 0.05299340210793875 avg time 37ms
Generation 2960 score -0.05419314356702119  error 0.05299340210793875 avg time 37ms
Generation 2970 score -0.05419314356702119  error 0.05299340210793875 avg time 37ms
Generation 2980 score -0.05419314356702119  error 0.05299340210793875 avg time 38ms
Generation 2990 score -0.05419314356702119  error 0.05299340210793875 avg time 37ms
Generation 3000 score -0.05419314356702119  error 0.05299340210793875 avg time 37ms
Generation 3010 score -0.05419314356702119  error 0.05299340210793875 avg time 38ms
Generation 3020 score -0.05419314356702119  error 0.05299340210793875 avg time 37ms
Generation 3030 score -0.05419314356702119  error 0.05299340210793875 avg time 38ms
Generation 3040 score -0.05419314356702119  error 0.05299340210793875 avg time 37ms
Generation 3050 score -0.05419314356702119  error 0.05299340210793875 avg time 37ms
Generation 3060 score -0.05419314356702119  error 0.05299340210793875 avg time 37ms
Generation 3070 score -0.05419314356702119  error 0.05299340210793875 avg time 37ms
Generation 3080 score -0.05419314356702119  error 0.05299340210793875 avg time 37ms
Generation 3090 score -0.05419314356702119  error 0.05299340210793875 avg time 37ms
Generation 3100 score -0.05419314356702119  error 0.05299340210793875 avg time 37ms
Generation 3110 score -0.05419314356702119  error 0.05299340210793875 avg time 37ms
Generation 3120 score -0.05419314356702119  error 0.05299340210793875 avg time 37ms
Generation 3130 score -0.05419314356702119  error 0.05299340210793875 avg time 37ms
Generation 3140 score -0.05419314356702119  error 0.05299340210793875 avg time 37ms
Generation 3150 score -0.05419314356702119  error 0.05299340210793875 avg time 37ms
Generation 3160 score -0.05419314356702119  error 0.05299340210793875 avg time 37ms
Generation 3170 score -0.05419314356702119  error 0.05299340210793875 avg time 37ms
Generation 3180 score -0.05419314356702119  error 0.05299340210793875 avg time 37ms
Generation 3190 score -0.05419314356702119  error 0.05299340210793875 avg time 37ms
Generation 3200 score -0.05419314356702119  error 0.05299340210793875 avg time 38ms
Generation 3210 score -0.05419314356702119  error 0.05299340210793875 avg time 37ms
Generation 3220 score -0.05419314356702119  error 0.05299340210793875 avg time 37ms
Generation 3230 score -0.05419314356702119  error 0.05299340210793875 avg time 37ms
Generation 3240 score -0.05419314356702119  error 0.05299340210793875 avg time 40ms
Generation 3250 score -0.05419314356702119  error 0.05299340210793875 avg time 37ms
Generation 3260 score -0.05419314356702119  error 0.05299340210793875 avg time 37ms
Generation 3270 score -0.05419314356702119  error 0.05299340210793875 avg time 37ms
Generation 3280 score -0.05419314356702119  error 0.05299340210793875 avg time 38ms
Generation 3290 score -0.05419314356702119  error 0.05299340210793875 avg time 37ms
Generation 3300 score -0.05419314356702119  error 0.05299340210793875 avg time 38ms
Generation 3310 score -0.05419314356702119  error 0.05299340210793875 avg time 37ms
Generation 3320 score -0.05419314356702119  error 0.05299340210793875 avg time 37ms
Generation 3330 score -0.05419314356702119  error 0.05299340210793875 avg time 37ms
Generation 3340 score -0.05419314356702119  error 0.05299340210793875 avg time 37ms
Generation 3350 score -0.05419314356702119  error 0.05299340210793875 avg time 37ms
Generation 3360 score -0.05419314356702119  error 0.05299340210793875 avg time 37ms
Generation 3370 score -0.05419314356702119  error 0.05299340210793875 avg time 37ms
Generation 3380 score -0.05419314356702119  error 0.05299340210793875 avg time 37ms
Generation 3390 score -0.05419314356702119  error 0.05299340210793875 avg time 37ms
Generation 3400 score -0.05419314356702119  error 0.05299340210793875 avg time 37ms
Generation 3410 score -0.05419314356702119  error 0.05299340210793875 avg time 38ms
Generation 3420 score -0.05419314356702119  error 0.05299340210793875 avg time 43ms
Generation 3430 score -0.05419314356702119  error 0.05299340210793875 avg time 37ms
Generation 3440 score -0.05419314356702119  error 0.05299340210793875 avg time 37ms
Generation 3450 score -0.05419314356702119  error 0.05299340210793875 avg time 38ms
Generation 3460 score -0.05419314356702119  error 0.05299340210793875 avg time 37ms
Training 76f8543a with 1 binary file, target error: 0.05, iterations: 1, sample rate: 100%, sparse: 66.0%
Fine tuning increased fitness by 2.2414625711064673e-11 to -0.05419314354460657 adjusted 10 weights 
Training 74fd4923 with 1 binary file, target error: 0.05, iterations: 1, sample rate: 100%, sparse: 66.0%
Generation 3470 score -0.05419314354460657  error 0.052993402080864574 avg time 38ms
Generation 3480 score -0.05419314354460657  error 0.052993402080864574 avg time 38ms
Generation 3490 score -0.05419314354460657  error 0.052993402080864574 avg time 37ms
Generation 3500 score -0.05419314354460657  error 0.052993402080864574 avg time 37ms
Generation 3510 score -0.05419314354460657  error 0.052993402080864574 avg time 38ms
Generation 3520 score -0.05419314354460657  error 0.052993402080864574 avg time 37ms
Generation 3530 score -0.05419314354460657  error 0.052993402080864574 avg time 38ms
Generation 3540 score -0.05419314354460657  error 0.052993402080864574 avg time 37ms
Generation 3550 score -0.05419314354460657  error 0.052993402080864574 avg time 37ms
Generation 3560 score -0.05419314354460657  error 0.052993402080864574 avg time 37ms
Generation 3570 score -0.05419314354460657  error 0.052993402080864574 avg time 37ms
Generation 3580 score -0.05419314354460657  error 0.052993402080864574 avg time 37ms
Generation 3590 score -0.05419314354460657  error 0.052993402080864574 avg time 37ms
Generation 3600 score -0.05419314354460657  error 0.052993402080864574 avg time 37ms
Generation 3610 score -0.05419314354460657  error 0.052993402080864574 avg time 37ms
Generation 3620 score -0.05419314354460657  error 0.052993402080864574 avg time 37ms
Generation 3630 score -0.05419314354460657  error 0.052993402080864574 avg time 36ms
Generation 3640 score -0.05419314354460657  error 0.052993402080864574 avg time 37ms
Generation 3650 score -0.05419314354460657  error 0.052993402080864574 avg time 37ms
Generation 3660 score -0.05419314354460657  error 0.052993402080864574 avg time 38ms
Generation 3670 score -0.05419314354460657  error 0.052993402080864574 avg time 39ms
Generation 3680 score -0.05419314354460657  error 0.052993402080864574 avg time 37ms
Generation 3690 score -0.05419314354460657  error 0.052993402080864574 avg time 37ms
Training 0541afe9 with 1 binary file, target error: 0.05, iterations: 1, sample rate: 100%, sparse: 66.0%
Generation 3700 score -0.05419314354460657  error 0.052993402080864574 avg time 37ms
Generation 3710 score -0.05419314354460657  error 0.052993402080864574 avg time 37ms
Generation 3720 score -0.05419314354460657  error 0.052993402080864574 avg time 38ms
Generation 3730 score -0.05419314354460657  error 0.052993402080864574 avg time 37ms
Generation 3740 score -0.05419314354460657  error 0.052993402080864574 avg time 37ms
Generation 3750 score -0.05419314354460657  error 0.052993402080864574 avg time 37ms
Generation 3760 score -0.05419314354460657  error 0.052993402080864574 avg time 38ms
Generation 3770 score -0.05419314354460657  error 0.052993402080864574 avg time 38ms
Generation 3780 score -0.05419314354460657  error 0.052993402080864574 avg time 37ms
Generation 3790 score -0.05419314354460657  error 0.052993402080864574 avg time 37ms
Generation 3800 score -0.05419314354460657  error 0.052993402080864574 avg time 37ms
Generation 3810 score -0.05419314354460657  error 0.052993402080864574 avg time 38ms
Generation 3820 score -0.05419314354460657  error 0.052993402080864574 avg time 37ms
Generation 3830 score -0.05419314354460657  error 0.052993402080864574 avg time 37ms
Generation 3840 score -0.05419314354460657  error 0.052993402080864574 avg time 37ms
Generation 3850 score -0.05419314354460657  error 0.052993402080864574 avg time 38ms
Generation 3860 score -0.05419314354460657  error 0.052993402080864574 avg time 37ms
Generation 3870 score -0.05419314354460657  error 0.052993402080864574 avg time 38ms
Generation 3880 score -0.05419314354460657  error 0.052993402080864574 avg time 38ms
Generation 3890 score -0.05419314354460657  error 0.052993402080864574 avg time 37ms
Generation 3900 score -0.05419314354460657  error 0.052993402080864574 avg time 38ms
Generation 3910 score -0.05419314354460657  error 0.052993402080864574 avg time 37ms
Generation 3920 score -0.05419314354460657  error 0.052993402080864574 avg time 37ms
Generation 3930 score -0.05419314354460657  error 0.052993402080864574 avg time 37ms
Generation 3940 score -0.05419314354460657  error 0.052993402080864574 avg time 37ms
Generation 3950 score -0.05419314354460657  error 0.052993402080864574 avg time 38ms
Generation 3960 score -0.05419314354460657  error 0.052993402080864574 avg time 38ms
Generation 3970 score -0.05419314354460657  error 0.052993402080864574 avg time 38ms
Generation 3980 score -0.05419314354460657  error 0.052993402080864574 avg time 38ms
Generation 3990 score -0.05419314354460657  error 0.052993402080864574 avg time 38ms
Generation 4000 score -0.05419314354460657  error 0.052993402080864574 avg time 38ms
Generation 4010 score -0.05419314354460657  error 0.052993402080864574 avg time 38ms
Generation 4020 score -0.05419314354460657  error 0.052993402080864574 avg time 37ms
Generation 4030 score -0.05419314354460657  error 0.052993402080864574 avg time 37ms
Generation 4040 score -0.05419314354460657  error 0.052993402080864574 avg time 38ms
Generation 4050 score -0.05419314354460657  error 0.052993402080864574 avg time 39ms
Generation 4060 score -0.05419314354460657  error 0.052993402080864574 avg time 38ms
Generation 4070 score -0.05419314354460657  error 0.052993402080864574 avg time 40ms
Generation 4080 score -0.05419314354460657  error 0.052993402080864574 avg time 38ms
Generation 4090 score -0.05419314354460657  error 0.052993402080864574 avg time 38ms
Generation 4100 score -0.05419314354460657  error 0.052993402080864574 avg time 38ms
Generation 4110 score -0.05419314354460657  error 0.052993402080864574 avg time 39ms
Generation 4120 score -0.05419314354460657  error 0.052993402080864574 avg time 40ms
Generation 4130 score -0.05419314354460657  error 0.052993402080864574 avg time 39ms
Generation 4140 score -0.05419314354460657  error 0.052993402080864574 avg time 43ms
Generation 4150 score -0.05419314354460657  error 0.052993402080864574 avg time 39ms
Generation 4160 score -0.05419314354460657  error 0.052993402080864574 avg time 38ms
Generation 4170 score -0.05419314354460657  error 0.052993402080864574 avg time 38ms
Generation 4180 score -0.05419314354460657  error 0.052993402080864574 avg time 38ms
Generation 4190 score -0.05419314354460657  error 0.052993402080864574 avg time 38ms
Generation 4200 score -0.05419314354460657  error 0.052993402080864574 avg time 37ms
Generation 4210 score -0.05419314354460657  error 0.052993402080864574 avg time 37ms
Generation 4220 score -0.05419314354460657  error 0.052993402080864574 avg time 38ms
Generation 4230 score -0.05419314354460657  error 0.052993402080864574 avg time 38ms
Generation 4240 score -0.05419314354460657  error 0.052993402080864574 avg time 38ms
Generation 4250 score -0.05419314354460657  error 0.052993402080864574 avg time 38ms
Generation 4260 score -0.05419314354460657  error 0.052993402080864574 avg time 39ms
Generation 4270 score -0.05419314354460657  error 0.052993402080864574 avg time 37ms
Generation 4280 score -0.05419314354460657  error 0.052993402080864574 avg time 38ms
Generation 4290 score -0.05419314354460657  error 0.052993402080864574 avg time 37ms
Generation 4300 score -0.05419314354460657  error 0.052993402080864574 avg time 38ms
Generation 4310 score -0.05419314354460657  error 0.052993402080864574 avg time 38ms
Generation 4320 score -0.05419314354460657  error 0.052993402080864574 avg time 37ms
Generation 4330 score -0.05419314354460657  error 0.052993402080864574 avg time 39ms
Generation 4340 score -0.05419314354460657  error 0.052993402080864574 avg time 38ms
Generation 4350 score -0.05419314354460657  error 0.052993402080864574 avg time 38ms
Generation 4360 score -0.05419314354460657  error 0.052993402080864574 avg time 38ms
Generation 4370 score -0.05419314354460657  error 0.052993402080864574 avg time 38ms
Generation 4380 score -0.05419314354460657  error 0.052993402080864574 avg time 38ms
Generation 4390 score -0.05419314354460657  error 0.052993402080864574 avg time 37ms
Generation 4400 score -0.05419314354460657  error 0.052993402080864574 avg time 38ms
Generation 4410 score -0.05419314354460657  error 0.052993402080864574 avg time 38ms
Generation 4420 score -0.05419314354460657  error 0.052993402080864574 avg time 38ms
Generation 4430 score -0.05419314354460657  error 0.052993402080864574 avg time 38ms
Generation 4440 score -0.05419314354460657  error 0.052993402080864574 avg time 38ms
Generation 4450 score -0.05419314354460657  error 0.052993402080864574 avg time 38ms
Generation 4460 score -0.05419314354460657  error 0.052993402080864574 avg time 37ms
Generation 4470 score -0.05419314354460657  error 0.052993402080864574 avg time 37ms
Generation 4480 score -0.05419314354460657  error 0.052993402080864574 avg time 37ms
Generation 4490 score -0.05419314354460657  error 0.052993402080864574 avg time 37ms
Generation 4500 score -0.05419314354460657  error 0.052993402080864574 avg time 37ms
Generation 4510 score -0.05419314354460657  error 0.052993402080864574 avg time 37ms
Generation 4520 score -0.05419314354460657  error 0.052993402080864574 avg time 37ms
Generation 4530 score -0.05419314354460657  error 0.052993402080864574 avg time 37ms
Generation 4540 score -0.05419314354460657  error 0.052993402080864574 avg time 37ms
Generation 4550 score -0.05419314354460657  error 0.052993402080864574 avg time 37ms
Generation 4560 score -0.05419314354460657  error 0.052993402080864574 avg time 37ms
Generation 4570 score -0.05419314354460657  error 0.052993402080864574 avg time 37ms
Generation 4580 score -0.05419314354460657  error 0.052993402080864574 avg time 37ms
Generation 4590 score -0.05419314354460657  error 0.052993402080864574 avg time 37ms
Generation 4600 score -0.05419314354460657  error 0.052993402080864574 avg time 37ms
Generation 4610 score -0.05419314354460657  error 0.052993402080864574 avg time 37ms
Generation 4620 score -0.05419314354460657  error 0.052993402080864574 avg time 38ms
Generation 4630 score -0.05419314354460657  error 0.052993402080864574 avg time 65ms
Generation 4640 score -0.05419314354460657  error 0.052993402080864574 avg time 66ms
Generation 4650 score -0.05419314354460657  error 0.052993402080864574 avg time 47ms
Generation 4660 score -0.05419314354460657  error 0.052993402080864574 avg time 40ms
Generation 4670 score -0.05419314354460657  error 0.052993402080864574 avg time 41ms
Generation 4680 score -0.05419314354460657  error 0.052993402080864574 avg time 38ms
Generation 4690 score -0.05419314354460657  error 0.052993402080864574 avg time 68ms
Generation 4700 score -0.05419314354460657  error 0.052993402080864574 avg time 46ms
Generation 4710 score -0.05419314354460657  error 0.052993402080864574 avg time 39ms
Generation 4720 score -0.05419314354460657  error 0.052993402080864574 avg time 39ms
Generation 4730 score -0.05419314354460657  error 0.052993402080864574 avg time 41ms
Generation 4740 score -0.05419314354460657  error 0.052993402080864574 avg time 38ms
Generation 4750 score -0.05419314354460657  error 0.052993402080864574 avg time 38ms
Generation 4760 score -0.05419314354460657  error 0.052993402080864574 avg time 39ms
Generation 4770 score -0.05419314354460657  error 0.052993402080864574 avg time 43ms
Generation 4780 score -0.05419314354460657  error 0.052993402080864574 avg time 38ms
Generation 4790 score -0.05419314354460657  error 0.052993402080864574 avg time 39ms
Generation 4800 score -0.05419314354460657  error 0.052993402080864574 avg time 43ms
Generation 4810 score -0.05419314354460657  error 0.052993402080864574 avg time 38ms
Generation 4820 score -0.05419314354460657  error 0.052993402080864574 avg time 40ms
Generation 4830 score -0.05419314354460657  error 0.052993402080864574 avg time 39ms
Generation 4840 score -0.05419314354460657  error 0.052993402080864574 avg time 39ms
Generation 4850 score -0.05419314354460657  error 0.052993402080864574 avg time 40ms
Generation 4860 score -0.05419314354460657  error 0.052993402080864574 avg time 40ms
Generation 4870 score -0.05419314354460657  error 0.052993402080864574 avg time 47ms
Generation 4880 score -0.05419314354460657  error 0.052993402080864574 avg time 49ms
Generation 4890 score -0.05419314354460657  error 0.052993402080864574 avg time 40ms
Generation 4900 score -0.05419314354460657  error 0.052993402080864574 avg time 39ms
Generation 4910 score -0.05419314354460657  error 0.052993402080864574 avg time 38ms
Generation 4920 score -0.05419314354460657  error 0.052993402080864574 avg time 38ms
Generation 4930 score -0.05419314354460657  error 0.052993402080864574 avg time 39ms
Generation 4940 score -0.05419314354460657  error 0.052993402080864574 avg time 38ms
Generation 4950 score -0.05419314354460657  error 0.052993402080864574 avg time 39ms
Training e4a474a4 with 1 binary file, target error: 0.05, iterations: 1, sample rate: 100%, sparse: 66.0%
Generation 4960 score -0.05419314354460657  error 0.052993402080864574 avg time 38ms
Generation 4970 score -0.05419314354460657  error 0.052993402080864574 avg time 40ms
Generation 4980 score -0.05419314354460657  error 0.052993402080864574 avg time 39ms
Generation 4990 score -0.05419314354460657  error 0.052993402080864574 avg time 38ms
Generation 5000 score -0.05419314354460657  error 0.052993402080864574 avg time 39ms
Generation 5010 score -0.05419314354460657  error 0.052993402080864574 avg time 40ms
Generation 5020 score -0.05419314354460657  error 0.052993402080864574 avg time 39ms
Generation 5030 score -0.05419314354460657  error 0.052993402080864574 avg time 38ms
Generation 5040 score -0.05419314354460657  error 0.052993402080864574 avg time 38ms
Generation 5050 score -0.05419314354460657  error 0.052993402080864574 avg time 38ms
Generation 5060 score -0.05419314354460657  error 0.052993402080864574 avg time 39ms
Generation 5070 score -0.05419314354460657  error 0.052993402080864574 avg time 38ms
Generation 5080 score -0.05419314354460657  error 0.052993402080864574 avg time 39ms
Generation 5090 score -0.05419314354460657  error 0.052993402080864574 avg time 39ms
Generation 5100 score -0.05419314354460657  error 0.052993402080864574 avg time 39ms
Generation 5110 score -0.05419314354460657  error 0.052993402080864574 avg time 38ms
Generation 5120 score -0.05419314354460657  error 0.052993402080864574 avg time 39ms
Generation 5130 score -0.05419314354460657  error 0.052993402080864574 avg time 38ms
Generation 5140 score -0.05419314354460657  error 0.052993402080864574 avg time 39ms
Generation 5150 score -0.05419314354460657  error 0.052993402080864574 avg time 39ms
Generation 5160 score -0.05419314354460657  error 0.052993402080864574 avg time 38ms
Generation 5170 score -0.05419314354460657  error 0.052993402080864574 avg time 38ms
Generation 5180 score -0.05419314354460657  error 0.052993402080864574 avg time 39ms
Generation 5190 score -0.05419314354460657  error 0.052993402080864574 avg time 38ms
Generation 5200 score -0.05419314354460657  error 0.052993402080864574 avg time 38ms
Generation 5210 score -0.05419314354460657  error 0.052993402080864574 avg time 39ms
Generation 5220 score -0.05419314354460657  error 0.052993402080864574 avg time 38ms
Generation 5230 score -0.05419314354460657  error 0.052993402080864574 avg time 38ms
Generation 5240 score -0.05419314354460657  error 0.052993402080864574 avg time 38ms
Generation 5250 score -0.05419314354460657  error 0.052993402080864574 avg time 37ms
Generation 5260 score -0.05419314354460657  error 0.052993402080864574 avg time 37ms
Generation 5270 score -0.05419314354460657  error 0.052993402080864574 avg time 37ms
Generation 5280 score -0.05419314354460657  error 0.052993402080864574 avg time 41ms
Generation 5290 score -0.05419314354460657  error 0.052993402080864574 avg time 39ms
Generation 5300 score -0.05419314354460657  error 0.052993402080864574 avg time 38ms
Generation 5310 score -0.05419314354460657  error 0.052993402080864574 avg time 39ms
Generation 5320 score -0.05419314354460657  error 0.052993402080864574 avg time 39ms
Generation 5330 score -0.05419314354460657  error 0.052993402080864574 avg time 39ms
Generation 5340 score -0.05419314354460657  error 0.052993402080864574 avg time 38ms
Generation 5350 score -0.05419314354460657  error 0.052993402080864574 avg time 38ms
Generation 5360 score -0.05419314354460657  error 0.052993402080864574 avg time 39ms
Generation 5370 score -0.05419314354460657  error 0.052993402080864574 avg time 38ms
Generation 5380 score -0.05419314354460657  error 0.052993402080864574 avg time 39ms
Generation 5390 score -0.05419314354460657  error 0.052993402080864574 avg time 38ms
Generation 5400 score -0.05419314354460657  error 0.052993402080864574 avg time 39ms
Generation 5410 score -0.05419314354460657  error 0.052993402080864574 avg time 38ms
Generation 5420 score -0.05419314354460657  error 0.052993402080864574 avg time 38ms
Generation 5430 score -0.05419314354460657  error 0.052993402080864574 avg time 38ms
Generation 5440 score -0.05419314354460657  error 0.052993402080864574 avg time 38ms
Generation 5450 score -0.05419314354460657  error 0.052993402080864574 avg time 38ms
Generation 5460 score -0.05419314354460657  error 0.052993402080864574 avg time 38ms
Generation 5470 score -0.05419314354460657  error 0.052993402080864574 avg time 38ms
Generation 5480 score -0.05419314354460657  error 0.052993402080864574 avg time 38ms
Generation 5490 score -0.05419314354460657  error 0.052993402080864574 avg time 38ms
Generation 5500 score -0.05419314354460657  error 0.052993402080864574 avg time 38ms
Generation 5510 score -0.05419314354460657  error 0.052993402080864574 avg time 38ms
Generation 5520 score -0.05419314354460657  error 0.052993402080864574 avg time 38ms
Generation 5530 score -0.05419314354460657  error 0.052993402080864574 avg time 38ms
Generation 5540 score -0.05419314354460657  error 0.052993402080864574 avg time 39ms
Generation 5550 score -0.05419314354460657  error 0.052993402080864574 avg time 38ms
Generation 5560 score -0.05419314354460657  error 0.052993402080864574 avg time 38ms
Generation 5570 score -0.05419314354460657  error 0.052993402080864574 avg time 39ms
Generation 5580 score -0.05419314354460657  error 0.052993402080864574 avg time 38ms
Generation 5590 score -0.05419314354460657  error 0.052993402080864574 avg time 38ms
Generation 5600 score -0.05419314354460657  error 0.052993402080864574 avg time 39ms
Training 9f2757ba with 1 binary file, target error: 0.05, iterations: 1, sample rate: 100%, sparse: 66.0%
Generation 5610 score -0.05419314354460657  error 0.052993402080864574 avg time 39ms
Generation 5620 score -0.05419314354460657  error 0.052993402080864574 avg time 38ms
Generation 5630 score -0.05419314354460657  error 0.052993402080864574 avg time 39ms
Generation 5640 score -0.05419314354460657  error 0.052993402080864574 avg time 38ms
Generation 5650 score -0.05419314354460657  error 0.052993402080864574 avg time 38ms
Generation 5660 score -0.05419314354460657  error 0.052993402080864574 avg time 38ms
Generation 5670 score -0.05419314354460657  error 0.052993402080864574 avg time 39ms
Generation 5680 score -0.05419314354460657  error 0.052993402080864574 avg time 38ms
Generation 5690 score -0.05419314354460657  error 0.052993402080864574 avg time 43ms
Generation 5700 score -0.05419314354460657  error 0.052993402080864574 avg time 49ms
Generation 5710 score -0.05419314354460657  error 0.052993402080864574 avg time 43ms
Generation 5720 score -0.05419314354460657  error 0.052993402080864574 avg time 42ms
Generation 5730 score -0.05419314354460657  error 0.052993402080864574 avg time 44ms
Generation 5740 score -0.05419314354460657  error 0.052993402080864574 avg time 41ms
Generation 5750 score -0.05419314354460657  error 0.052993402080864574 avg time 39ms
Generation 5760 score -0.05419314354460657  error 0.052993402080864574 avg time 39ms
Generation 5770 score -0.05419314354460657  error 0.052993402080864574 avg time 38ms
Generation 5780 score -0.05419314354460657  error 0.052993402080864574 avg time 38ms
Generation 5790 score -0.05419314354460657  error 0.052993402080864574 avg time 38ms
Generation 5800 score -0.05419314354460657  error 0.052993402080864574 avg time 39ms
Generation 5810 score -0.05419314354460657  error 0.052993402080864574 avg time 38ms
Generation 5820 score -0.05419314354460657  error 0.052993402080864574 avg time 38ms
Generation 5830 score -0.05419314354460657  error 0.052993402080864574 avg time 38ms
Generation 5840 score -0.05419314354460657  error 0.052993402080864574 avg time 39ms
Generation 5850 score -0.05419314354460657  error 0.052993402080864574 avg time 39ms
Generation 5860 score -0.05419314354460657  error 0.052993402080864574 avg time 47ms
Generation 5870 score -0.05419314354460657  error 0.052993402080864574 avg time 41ms
Training ae8a5815 with 1 binary file, target error: 0.05, iterations: 1, sample rate: 100%, sparse: 66.0%
Generation 5880 score -0.05419314354460657  error 0.052993402080864574 avg time 39ms
Generation 5890 score -0.05419314354460657  error 0.052993402080864574 avg time 40ms
Generation 5900 score -0.05419314354460657  error 0.052993402080864574 avg time 38ms
Generation 5910 score -0.05419314354460657  error 0.052993402080864574 avg time 39ms
Generation 5920 score -0.05419314354460657  error 0.052993402080864574 avg time 39ms
Generation 5930 score -0.05419314354460657  error 0.052993402080864574 avg time 38ms
Generation 5940 score -0.05419314354460657  error 0.052993402080864574 avg time 38ms
Generation 5950 score -0.05419314354460657  error 0.052993402080864574 avg time 38ms
Generation 5960 score -0.05419314354460657  error 0.052993402080864574 avg time 39ms
Generation 5970 score -0.05419314354460657  error 0.052993402080864574 avg time 38ms
Generation 5980 score -0.05419314354460657  error 0.052993402080864574 avg time 39ms
Generation 5990 score -0.05419314354460657  error 0.052993402080864574 avg time 38ms
Generation 6000 score -0.05419314354460657  error 0.052993402080864574 avg time 39ms
Generation 6010 score -0.05419314354460657  error 0.052993402080864574 avg time 38ms
Generation 6020 score -0.05419314354460657  error 0.052993402080864574 avg time 39ms
Generation 6030 score -0.05419314354460657  error 0.052993402080864574 avg time 38ms
Generation 6040 score -0.05419314354460657  error 0.052993402080864574 avg time 38ms
Generation 6050 score -0.05419314354460657  error 0.052993402080864574 avg time 38ms
Generation 6060 score -0.05419314354460657  error 0.052993402080864574 avg time 39ms
Generation 6070 score -0.05419314354460657  error 0.052993402080864574 avg time 38ms
Generation 6080 score -0.05419314354460657  error 0.052993402080864574 avg time 38ms
Generation 6090 score -0.05419314354460657  error 0.052993402080864574 avg time 39ms
Generation 6100 score -0.05419314354460657  error 0.052993402080864574 avg time 38ms
Generation 6110 score -0.05419314354460657  error 0.052993402080864574 avg time 72ms
Generation 6120 score -0.05419314354460657  error 0.052993402080864574 avg time 48ms
Generation 6130 score -0.05419314354460657  error 0.052993402080864574 avg time 44ms
Generation 6140 score -0.05419314354460657  error 0.052993402080864574 avg time 40ms
Generation 6150 score -0.05419314354460657  error 0.052993402080864574 avg time 39ms
Generation 6160 score -0.05419314354460657  error 0.052993402080864574 avg time 39ms
Generation 6170 score -0.05419314354460657  error 0.052993402080864574 avg time 38ms
Generation 6180 score -0.05419314354460657  error 0.052993402080864574 avg time 40ms
Generation 6190 score -0.05419314354460657  error 0.052993402080864574 avg time 42ms
Generation 6200 score -0.05419314354460657  error 0.052993402080864574 avg time 39ms
Generation 6210 score -0.05419314354460657  error 0.052993402080864574 avg time 39ms
Generation 6220 score -0.05419314354460657  error 0.052993402080864574 avg time 39ms
Generation 6230 score -0.05419314354460657  error 0.052993402080864574 avg time 38ms
Generation 6240 score -0.05419314354460657  error 0.052993402080864574 avg time 38ms
Generation 6250 score -0.05419314354460657  error 0.052993402080864574 avg time 38ms
Generation 6260 score -0.05419314354460657  error 0.052993402080864574 avg time 38ms
Generation 6270 score -0.05419314354460657  error 0.052993402080864574 avg time 38ms
Generation 6280 score -0.05419314354460657  error 0.052993402080864574 avg time 38ms
Generation 6290 score -0.05419314354460657  error 0.052993402080864574 avg time 38ms
Generation 6300 score -0.05419314354460657  error 0.052993402080864574 avg time 38ms
Generation 6310 score -0.05419314354460657  error 0.052993402080864574 avg time 39ms
Generation 6320 score -0.05419314354460657  error 0.052993402080864574 avg time 38ms
Generation 6330 score -0.05419314354460657  error 0.052993402080864574 avg time 39ms
Generation 6340 score -0.05419314354460657  error 0.052993402080864574 avg time 37ms
Generation 6350 score -0.05419314354460657  error 0.052993402080864574 avg time 38ms
Generation 6360 score -0.05419314354460657  error 0.052993402080864574 avg time 38ms
Generation 6370 score -0.05419314354460657  error 0.052993402080864574 avg time 39ms
Generation 6380 score -0.05419314354460657  error 0.052993402080864574 avg time 38ms
Generation 6390 score -0.05419314354460657  error 0.052993402080864574 avg time 48ms
Generation 6400 score -0.05419314354460657  error 0.052993402080864574 avg time 39ms
Generation 6410 score -0.05419314354460657  error 0.052993402080864574 avg time 40ms
Generation 6420 score -0.05419314354460657  error 0.052993402080864574 avg time 37ms
Generation 6430 score -0.05419314354460657  error 0.052993402080864574 avg time 38ms
Generation 6440 score -0.05419314354460657  error 0.052993402080864574 avg time 38ms
Generation 6450 score -0.05419314354460657  error 0.052993402080864574 avg time 38ms
Training f4b7cb7a with 1 binary file, target error: 0.05, iterations: 1, sample rate: 100%, sparse: 66.0%
Generation 6460 score -0.05419314354460657  error 0.052993402080864574 avg time 38ms
Generation 6470 score -0.05419314354460657  error 0.052993402080864574 avg time 38ms
Generation 6480 score -0.05419314354460657  error 0.052993402080864574 avg time 38ms
Generation 6490 score -0.05419314354460657  error 0.052993402080864574 avg time 37ms
Generation 6500 score -0.05419314354460657  error 0.052993402080864574 avg time 38ms
Generation 6510 score -0.05419314354460657  error 0.052993402080864574 avg time 38ms
Generation 6520 score -0.05419314354460657  error 0.052993402080864574 avg time 48ms
Generation 6530 score -0.05419314354460657  error 0.052993402080864574 avg time 41ms
Generation 6540 score -0.05419314354460657  error 0.052993402080864574 avg time 39ms
Generation 6550 score -0.05419314354460657  error 0.052993402080864574 avg time 41ms
Generation 6560 score -0.05419314354460657  error 0.052993402080864574 avg time 41ms
Generation 6570 score -0.05419314354460657  error 0.052993402080864574 avg time 42ms
Generation 6580 score -0.05419314354460657  error 0.052993402080864574 avg time 41ms
Generation 6590 score -0.05419314354460657  error 0.052993402080864574 avg time 41ms
Generation 6600 score -0.05419314354460657  error 0.052993402080864574 avg time 43ms
Generation 6610 score -0.05419314354460657  error 0.052993402080864574 avg time 42ms
Generation 6620 score -0.05419314354460657  error 0.052993402080864574 avg time 41ms
Generation 6630 score -0.05419314354460657  error 0.052993402080864574 avg time 42ms
Generation 6640 score -0.05419314354460657  error 0.052993402080864574 avg time 41ms
Generation 6650 score -0.05419314354460657  error 0.052993402080864574 avg time 41ms
Generation 6660 score -0.05419314354460657  error 0.052993402080864574 avg time 42ms
Generation 6670 score -0.05419314354460657  error 0.052993402080864574 avg time 41ms
Generation 6680 score -0.05419314354460657  error 0.052993402080864574 avg time 47ms
Generation 6690 score -0.05419314354460657  error 0.052993402080864574 avg time 40ms
Generation 6700 score -0.05419314354460657  error 0.052993402080864574 avg time 42ms
Generation 6710 score -0.05419314354460657  error 0.052993402080864574 avg time 45ms
Generation 6720 score -0.05419314354460657  error 0.052993402080864574 avg time 42ms
Generation 6730 score -0.05419314354460657  error 0.052993402080864574 avg time 40ms
Generation 6740 score -0.05419314354460657  error 0.052993402080864574 avg time 54ms
Generation 6750 score -0.05419314354460657  error 0.052993402080864574 avg time 42ms
Generation 6760 score -0.05419314354460657  error 0.052993402080864574 avg time 44ms
Generation 6770 score -0.05419314354460657  error 0.052993402080864574 avg time 42ms
Generation 6780 score -0.05419314354460657  error 0.052993402080864574 avg time 43ms
Generation 6790 score -0.05419314354460657  error 0.052993402080864574 avg time 42ms
Generation 6800 score -0.05419314354460657  error 0.052993402080864574 avg time 41ms
Generation 6810 score -0.05419314354460657  error 0.052993402080864574 avg time 40ms
Generation 6820 score -0.05419314354460657  error 0.052993402080864574 avg time 43ms
Generation 6830 score -0.05419314354460657  error 0.052993402080864574 avg time 40ms
Generation 6840 score -0.05419314354460657  error 0.052993402080864574 avg time 40ms
Generation 6850 score -0.05419314354460657  error 0.052993402080864574 avg time 40ms
Generation 6860 score -0.05419314354460657  error 0.052993402080864574 avg time 39ms
Generation 6870 score -0.05419314354460657  error 0.052993402080864574 avg time 39ms
Generation 6880 score -0.05419314354460657  error 0.052993402080864574 avg time 43ms
Generation 6890 score -0.05419314354460657  error 0.052993402080864574 avg time 38ms
Generation 6900 score -0.05419314354460657  error 0.052993402080864574 avg time 39ms
Generation 6910 score -0.05419314354460657  error 0.052993402080864574 avg time 44ms
Generation 6920 score -0.05419314354460657  error 0.052993402080864574 avg time 41ms
Generation 6930 score -0.05419314354460657  error 0.052993402080864574 avg time 42ms
Generation 6940 score -0.05419314354460657  error 0.052993402080864574 avg time 42ms
Generation 6950 score -0.05419314354460657  error 0.052993402080864574 avg time 41ms
Generation 6960 score -0.05419314354460657  error 0.052993402080864574 avg time 40ms
Generation 6970 score -0.05419314354460657  error 0.052993402080864574 avg time 39ms
Generation 6980 score -0.05419314354460657  error 0.052993402080864574 avg time 42ms
Generation 6990 score -0.05419314354460657  error 0.052993402080864574 avg time 42ms
Generation 7000 score -0.05419314354460657  error 0.052993402080864574 avg time 38ms
Generation 7010 score -0.05419314354460657  error 0.052993402080864574 avg time 39ms
Generation 7020 score -0.05419314354460657  error 0.052993402080864574 avg time 41ms
Generation 7030 score -0.05419314354460657  error 0.052993402080864574 avg time 42ms
Generation 7040 score -0.05419314354460657  error 0.052993402080864574 avg time 41ms
Generation 7050 score -0.05419314354460657  error 0.052993402080864574 avg time 39ms
Generation 7060 score -0.05419314354460657  error 0.052993402080864574 avg time 39ms
Generation 7070 score -0.05419314354460657  error 0.052993402080864574 avg time 41ms
Generation 7080 score -0.05419314354460657  error 0.052993402080864574 avg time 41ms
Generation 7090 score -0.05419314354460657  error 0.052993402080864574 avg time 39ms
Generation 7100 score -0.05419314354460657  error 0.052993402080864574 avg time 40ms
Generation 7110 score -0.05419314354460657  error 0.052993402080864574 avg time 40ms
Generation 7120 score -0.05419314354460657  error 0.052993402080864574 avg time 39ms
Generation 7130 score -0.05419314354460657  error 0.052993402080864574 avg time 38ms
Generation 7140 score -0.05419314354460657  error 0.052993402080864574 avg time 39ms
Generation 7150 score -0.05419314354460657  error 0.052993402080864574 avg time 38ms
Generation 7160 score -0.05419314354460657  error 0.052993402080864574 avg time 38ms
Generation 7170 score -0.05419314354460657  error 0.052993402080864574 avg time 40ms
Generation 7180 score -0.05419314354460657  error 0.052993402080864574 avg time 40ms
Generation 7190 score -0.05419314354460657  error 0.052993402080864574 avg time 38ms
Generation 7200 score -0.05419314354460657  error 0.052993402080864574 avg time 39ms
Generation 7210 score -0.05419314354460657  error 0.052993402080864574 avg time 43ms
Generation 7220 score -0.05419314354460657  error 0.052993402080864574 avg time 45ms
Generation 7230 score -0.05419314354460657  error 0.052993402080864574 avg time 41ms
Generation 7240 score -0.05419314354460657  error 0.052993402080864574 avg time 41ms
Generation 7250 score -0.05419314354460657  error 0.052993402080864574 avg time 39ms
Generation 7260 score -0.05419314354460657  error 0.052993402080864574 avg time 39ms
Generation 7270 score -0.05419314354460657  error 0.052993402080864574 avg time 41ms
Generation 7280 score -0.05419314354460657  error 0.052993402080864574 avg time 39ms
Generation 7290 score -0.05419314354460657  error 0.052993402080864574 avg time 44ms
Generation 7300 score -0.05419314354460657  error 0.052993402080864574 avg time 39ms
Generation 7310 score -0.05419314354460657  error 0.052993402080864574 avg time 40ms
Generation 7320 score -0.05419314354460657  error 0.052993402080864574 avg time 39ms
Generation 7330 score -0.05419314354460657  error 0.052993402080864574 avg time 39ms
Generation 7340 score -0.05419314354460657  error 0.052993402080864574 avg time 39ms
Generation 7350 score -0.05419314354460657  error 0.052993402080864574 avg time 39ms
Generation 7360 score -0.05419314354460657  error 0.052993402080864574 avg time 41ms
Generation 7370 score -0.05419314354460657  error 0.052993402080864574 avg time 42ms
Generation 7380 score -0.05419314354460657  error 0.052993402080864574 avg time 40ms
Generation 7390 score -0.05419314354460657  error 0.052993402080864574 avg time 41ms
Generation 7400 score -0.05419314354460657  error 0.052993402080864574 avg time 39ms
Generation 7410 score -0.05419314354460657  error 0.052993402080864574 avg time 39ms
Generation 7420 score -0.05419314354460657  error 0.052993402080864574 avg time 39ms
Generation 7430 score -0.05419314354460657  error 0.052993402080864574 avg time 41ms
Generation 7440 score -0.05419314354460657  error 0.052993402080864574 avg time 38ms
Generation 7450 score -0.05419314354460657  error 0.052993402080864574 avg time 39ms
Generation 7460 score -0.05419314354460657  error 0.052993402080864574 avg time 39ms
Generation 7470 score -0.05419314354460657  error 0.052993402080864574 avg time 40ms
Generation 7480 score -0.05419314354460657  error 0.052993402080864574 avg time 40ms
Generation 7490 score -0.05419314354460657  error 0.052993402080864574 avg time 39ms
Generation 7500 score -0.05419314354460657  error 0.052993402080864574 avg time 39ms
Generation 7510 score -0.05419314354460657  error 0.052993402080864574 avg time 41ms
Generation 7520 score -0.05419314354460657  error 0.052993402080864574 avg time 40ms
Generation 7530 score -0.05419314354460657  error 0.052993402080864574 avg time 43ms
Generation 7540 score -0.05419314354460657  error 0.052993402080864574 avg time 40ms
Generation 7550 score -0.05419314354460657  error 0.052993402080864574 avg time 40ms
Generation 7560 score -0.05419314354460657  error 0.052993402080864574 avg time 40ms
Generation 7570 score -0.05419314354460657  error 0.052993402080864574 avg time 39ms
Generation 7580 score -0.05419314354460657  error 0.052993402080864574 avg time 39ms
Generation 7590 score -0.05419314354460657  error 0.052993402080864574 avg time 38ms
Generation 7600 score -0.05419314354460657  error 0.052993402080864574 avg time 38ms
Generation 7610 score -0.05419314354460657  error 0.052993402080864574 avg time 38ms
Generation 7620 score -0.05419314354460657  error 0.052993402080864574 avg time 39ms
Generation 7630 score -0.05419314354460657  error 0.052993402080864574 avg time 39ms
Generation 7640 score -0.05419314354460657  error 0.052993402080864574 avg time 39ms
Generation 7650 score -0.05419314354460657  error 0.052993402080864574 avg time 39ms
Generation 7660 score -0.05419314354460657  error 0.052993402080864574 avg time 38ms
Generation 7670 score -0.05419314354460657  error 0.052993402080864574 avg time 38ms
Generation 7680 score -0.05419314354460657  error 0.052993402080864574 avg time 38ms
Generation 7690 score -0.05419314354460657  error 0.052993402080864574 avg time 38ms
Generation 7700 score -0.05419314354460657  error 0.052993402080864574 avg time 38ms
Generation 7710 score -0.05419314354460657  error 0.052993402080864574 avg time 39ms
Generation 7718 score -0.05419314354460657  error 0.052993402080864574 avg time 31ms
{
  error: 0.052993402080864574,
  score: -0.05419314354460657,
  generation: 7718,
  time: 300029,
  startScore: -0.05419326421428659
}
NYSE_MKT score: -0.25745266812318945
process (poor score) NYSE_MKT score: -0.25745266812318945
try ../GRQ-portfolio/best/exchange/v1/NYSE_MKT.json
loaded ../GRQ-portfolio/best/exchange/v1/NYSE_MKT.json
1 mutation, mutation rate 5.1%, elitism 6, mutation FFW, selection POWER
Creature count: 10
Training 01611c21 with 1 binary file, target error: 0.05, iterations: 1, sample rate: 100%, sparse: 28.0%
Fine tuning increased fitness by 2.5955458782256358e-8 to -0.2574526282870693 adjusted 1 weight, 1 bias 
Training 5fd32ee1 with 1 binary file, target error: 0.05, iterations: 1, sample rate: 100%, sparse: 28.0%
Fine tuning increased fitness by 7.621913539201941e-8 to -0.2574525520679339 adjusted 1 weight, 1 bias 
Fine tuning increased fitness by 1.2620787598338623e-7 to -0.2574524258600579 adjusted 1 weight, 1 bias 
Fine tuning increased fitness by 2.2874678945461469e-7 to -0.25745219711326844 adjusted 1 weight, 1 bias 
Fine tuning increased fitness by 5.11501148381388e-7 to -0.25745168561212006 adjusted 1 weight, 1 bias 
Training dd56525f with 1 binary file, target error: 0.05, iterations: 1, sample rate: 100%, sparse: 28.0%
Fine tuning increased fitness by 9.154970939118101e-7 to -0.25745077011502615 adjusted 1 weight, 1 bias 
Fine tuning increased fitness by 5.148652037489931e-7 to -0.2574502552498224 adjusted 1 weight, 1 bias 
Generation 10 score -0.2574502552498224  error 0.23415031369367365 avg time 155ms
Training 1facf79f with 1 binary file, target error: 0.05, iterations: 1, sample rate: 100%, sparse: 28.0%
Training b732e0f7 with 1 binary file, target error: 0.05, iterations: 1, sample rate: 100%, sparse: 28.0%
Fine tuning increased fitness by 7.758066411511777e-11 to -0.25745025517224174 adjusted 1 weight, 1 bias 
Fine tuning increased fitness by 5.820199877604182e-11 to -0.25745025511403974 adjusted 1 weight, 1 bias 
Training ce1955cd with 1 binary file, target error: 0.05, iterations: 1, sample rate: 100%, sparse: 28.0%
Fine tuning increased fitness by 4.330243941197409e-10 to -0.25745025468101534 adjusted 1 weight, 1 bias 
Training b732e0f7 increased fitness by 1.47702762687274e-7 to -0.25745010697825266
Fine tuning increased fitness by 2.680198692428526e-7 to -0.25744966992568 adjusted 1 weight, 2 biases 
Generation 20 score -0.25744966992568  error 0.23414972836954506 avg time 150ms
Fine tuning increased fitness by 3.793463170809197e-7 to -0.25744929057936294 adjusted 1 weight, 2 biases 
Training 4b7e1831 with 1 binary file, target error: 0.05, iterations: 1, sample rate: 100%, sparse: 28.0%
Fine tuning increased fitness by 2.2857004078336018e-7 to -0.25744906200932216 adjusted 1 weight, 2 biases 
Fine tuning increased fitness by 1.1806206012821008e-10 to -0.25744906185986577 adjusted 1 bias 
Fine tuning increased fitness by 2.7506064093074656e-10 to -0.25744906158480513 adjusted 1 bias 
Fine tuning increased fitness by 2.7773783273232766e-11 to -0.25744906155703134 adjusted 1 bias 
Training 6fc678df with 1 binary file, target error: 0.05, iterations: 1, sample rate: 100%, sparse: 28.0%
Generation 30 score -0.25744906155703134  error 0.2341491200009456 avg time 145ms
Training 84a04016 with 1 binary file, target error: 0.05, iterations: 1, sample rate: 100%, sparse: 28.0%
Fine tuning increased fitness by 5.679340331354865e-11 to -0.25744906150023794 adjusted 1 bias 
Training 8d0b11ee with 1 binary file, target error: 0.05, iterations: 1, sample rate: 100%, sparse: 28.0%
Generation 40 score -0.25744906150023794  error 0.23414911994415222 avg time 155ms
Training c0f8dd68 with 1 binary file, target error: 0.05, iterations: 1, sample rate: 100%, sparse: 28.0%
Training 9bc6f4f7 with 1 binary file, target error: 0.05, iterations: 1, sample rate: 100%, sparse: 28.0%
Training 1c8787a2 with 1 binary file, target error: 0.05, iterations: 1, sample rate: 100%, sparse: 28.0%
Generation 50 score -0.25744906150023794  error 0.23414911994415222 avg time 145ms
Training c6ae7dbb with 1 binary file, target error: 0.05, iterations: 1, sample rate: 100%, sparse: 28.0%
Generation 60 score -0.25744906150023794  error 0.23414911994415222 avg time 140ms
Training ec2b9c71 with 1 binary file, target error: 0.05, iterations: 1, sample rate: 100%, sparse: 28.0%
Fine tuning increased fitness by 7.1206374130383665e-12 to -0.2574490614931173 adjusted 1 bias 
Training 493f2831 with 1 binary file, target error: 0.05, iterations: 1, sample rate: 100%, sparse: 28.0%
Generation 70 score -0.2574490614931173  error 0.23414911993703155 avg time 132ms
Training b108e955 with 1 binary file, target error: 0.05, iterations: 1, sample rate: 100%, sparse: 28.0%
Generation 80 score -0.2574490614931173  error 0.23414911993703155 avg time 127ms
Generation 90 score -0.2574490614931173  error 0.23414911993703155 avg time 121ms
Generation 100 score -0.2574490614931173  error 0.23414911993703155 avg time 125ms
Training dec594de with 1 binary file, target error: 0.05, iterations: 1, sample rate: 100%, sparse: 28.0%
Training 8c8beaef with 1 binary file, target error: 0.05, iterations: 1, sample rate: 100%, sparse: 28.0%
Generation 110 score -0.2574490614931173  error 0.23414911993703155 avg time 142ms
Training 7cfd2afd with 1 binary file, target error: 0.05, iterations: 1, sample rate: 100%, sparse: 28.0%
Generation 120 score -0.2574490614931173  error 0.23414911993703155 avg time 129ms
Generation 130 score -0.2574490614931173  error 0.23414911993703155 avg time 122ms
Generation 140 score -0.2574490614931173  error 0.23414911993703155 avg time 124ms
Generation 150 score -0.2574490614931173  error 0.23414911993703155 avg time 132ms
Training e84d4bbf with 1 binary file, target error: 0.05, iterations: 1, sample rate: 100%, sparse: 28.0%
Generation 160 score -0.2574490614931173  error 0.23414911993703155 avg time 147ms
Generation 170 score -0.2574490614931173  error 0.23414911993703155 avg time 127ms
Generation 180 score -0.2574490614931173  error 0.23414911993703155 avg time 125ms
Training 33d4c3bc with 1 binary file, target error: 0.05, iterations: 1, sample rate: 100%, sparse: 28.0%
Fine tuning increased fitness by 1.1489997842062394e-10 to -0.2574490613782173 adjusted 1 bias 
Generation 190 score -0.2574490613782173  error 0.2341491198221314 avg time 128ms
Can't deDuplicate creature at 25 of 26
Training 3762ca04 with 1 binary file, target error: 0.05, iterations: 1, sample rate: 100%, sparse: 28.0%
Generation 200 score -0.2574490613782173  error 0.2341491198221314 avg time 143ms
Training bd1ab938 with 1 binary file, target error: 0.05, iterations: 1, sample rate: 100%, sparse: 28.0%
Generation 210 score -0.2574490613782173  error 0.2341491198221314 avg time 168ms
Generation 220 score -0.2574490613782173  error 0.2341491198221314 avg time 160ms
Generation 230 score -0.2574490613782173  error 0.2341491198221314 avg time 165ms
Generation 240 score -0.2574490613782173  error 0.2341491198221314 avg time 142ms
Generation 250 score -0.2574490613782173  error 0.2341491198221314 avg time 137ms
Training 52732d69 with 1 binary file, target error: 0.05, iterations: 1, sample rate: 100%, sparse: 28.0%
Generation 260 score -0.2574490613782173  error 0.2341491198221314 avg time 150ms
Generation 270 score -0.2574490613782173  error 0.2341491198221314 avg time 140ms
Training d6084d93 with 1 binary file, target error: 0.05, iterations: 1, sample rate: 100%, sparse: 28.0%
Generation 280 score -0.2574490613782173  error 0.2341491198221314 avg time 136ms
Generation 290 score -0.2574490613782173  error 0.2341491198221314 avg time 152ms
Generation 300 score -0.2574490613782173  error 0.2341491198221314 avg time 144ms
Generation 310 score -0.2574490613782173  error 0.2341491198221314 avg time 137ms
Can't deDuplicate creature at 26 of 27
Generation 320 score -0.2574490613782173  error 0.2341491198221314 avg time 160ms
Generation 330 score -0.2574490613782173  error 0.2341491198221314 avg time 135ms
Generation 340 score -0.2574490613782173  error 0.2341491198221314 avg time 132ms
Training 6692b31e with 1 binary file, target error: 0.05, iterations: 1, sample rate: 100%, sparse: 28.0%
Generation 350 score -0.2574490613782173  error 0.2341491198221314 avg time 163ms
Can't deDuplicate creature at 25 of 27
Generation 360 score -0.2574490613782173  error 0.2341491198221314 avg time 147ms
Generation 370 score -0.2574490613782173  error 0.2341491198221314 avg time 134ms
Generation 380 score -0.2574490613782173  error 0.2341491198221314 avg time 146ms
Can't deDuplicate creature at 21 of 23
Generation 390 score -0.2574490613782173  error 0.2341491198221314 avg time 149ms
Generation 400 score -0.2574490613782173  error 0.2341491198221314 avg time 132ms
Generation 410 score -0.2574490613782173  error 0.2341491198221314 avg time 144ms
Generation 420 score -0.2574490613782173  error 0.2341491198221314 avg time 128ms
Can't deDuplicate creature at 24 of 26
Generation 430 score -0.2574490613782173  error 0.2341491198221314 avg time 164ms
Generation 440 score -0.2574490613782173  error 0.2341491198221314 avg time 124ms
Generation 450 score -0.2574490613782173  error 0.2341491198221314 avg time 125ms
Generation 460 score -0.2574490613782173  error 0.2341491198221314 avg time 162ms
Generation 470 score -0.2574490613782173  error 0.2341491198221314 avg time 158ms
Generation 480 score -0.2574490613782173  error 0.2341491198221314 avg time 159ms
Generation 490 score -0.2574490613782173  error 0.2341491198221314 avg time 127ms
Generation 500 score -0.2574490613782173  error 0.2341491198221314 avg time 146ms
Generation 510 score -0.2574490613782173  error 0.2341491198221314 avg time 141ms
Generation 520 score -0.2574490613782173  error 0.2341491198221314 avg time 146ms
Generation 530 score -0.2574490613782173  error 0.2341491198221314 avg time 139ms
Can't deDuplicate creature at 21 of 23
Generation 540 score -0.2574490613782173  error 0.2341491198221314 avg time 147ms
Generation 550 score -0.2574490613782173  error 0.2341491198221314 avg time 134ms
Can't deDuplicate creature at 26 of 28
Generation 560 score -0.2574490613782173  error 0.2341491198221314 avg time 150ms
Generation 570 score -0.2574490613782173  error 0.2341491198221314 avg time 130ms
Generation 580 score -0.2574490613782173  error 0.2341491198221314 avg time 140ms
Generation 590 score -0.2574490613782173  error 0.2341491198221314 avg time 149ms
Generation 600 score -0.2574490613782173  error 0.2341491198221314 avg time 134ms
Generation 610 score -0.2574490613782173  error 0.2341491198221314 avg time 143ms
Generation 620 score -0.2574490613782173  error 0.2341491198221314 avg time 149ms
Generation 630 score -0.2574490613782173  error 0.2341491198221314 avg time 145ms
Generation 640 score -0.2574490613782173  error 0.2341491198221314 avg time 146ms
Generation 650 score -0.2574490613782173  error 0.2341491198221314 avg time 134ms
Generation 660 score -0.2574490613782173  error 0.2341491198221314 avg time 132ms
Generation 670 score -0.2574490613782173  error 0.2341491198221314 avg time 131ms
Generation 680 score -0.2574490613782173  error 0.2341491198221314 avg time 146ms
Generation 690 score -0.2574490613782173  error 0.2341491198221314 avg time 122ms
Generation 700 score -0.2574490613782173  error 0.2341491198221314 avg time 132ms
Generation 710 score -0.2574490613782173  error 0.2341491198221314 avg time 138ms
Generation 720 score -0.2574490613782173  error 0.2341491198221314 avg time 128ms
Generation 730 score -0.2574490613782173  error 0.2341491198221314 avg time 124ms
Generation 740 score -0.2574490613782173  error 0.2341491198221314 avg time 146ms
Generation 750 score -0.2574490613782173  error 0.2341491198221314 avg time 138ms
Generation 760 score -0.2574490613782173  error 0.2341491198221314 avg time 125ms
Can't deDuplicate creature at 29 of 31
Generation 770 score -0.2574490613782173  error 0.2341491198221314 avg time 140ms
Generation 780 score -0.2574490613782173  error 0.2341491198221314 avg time 139ms
Training 5ede13b3 with 1 binary file, target error: 0.05, iterations: 1, sample rate: 100%, sparse: 28.0%
Generation 790 score -0.2574490613782173  error 0.2341491198221314 avg time 140ms
Generation 800 score -0.2574490613782173  error 0.2341491198221314 avg time 141ms
Generation 810 score -0.2574490613782173  error 0.2341491198221314 avg time 132ms
Can't deDuplicate creature at 25 of 28
Generation 820 score -0.2574490613782173  error 0.2341491198221314 avg time 153ms
Generation 830 score -0.2574490613782173  error 0.2341491198221314 avg time 140ms
Generation 840 score -0.2574490613782173  error 0.2341491198221314 avg time 135ms
Generation 850 score -0.2574490613782173  error 0.2341491198221314 avg time 157ms
Generation 860 score -0.2574490613782173  error 0.2341491198221314 avg time 160ms
Generation 870 score -0.2574490613782173  error 0.2341491198221314 avg time 132ms
Generation 880 score -0.2574490613782173  error 0.2341491198221314 avg time 132ms
Training 40de0f36 with 1 binary file, target error: 0.05, iterations: 1, sample rate: 100%, sparse: 28.0%
Generation 890 score -0.2574490613782173  error 0.2341491198221314 avg time 155ms
Can't deDuplicate creature at 25 of 27
Training 1ad83ae4 with 1 binary file, target error: 0.05, iterations: 1, sample rate: 100%, sparse: 28.0%
Generation 900 score -0.2574490613782173  error 0.2341491198221314 avg time 161ms
Generation 910 score -0.2574490613782173  error 0.2341491198221314 avg time 163ms
Generation 920 score -0.2574490613782173  error 0.2341491198221314 avg time 140ms
Generation 930 score -0.2574490613782173  error 0.2341491198221314 avg time 152ms
Training 06d93bfa with 1 binary file, target error: 0.05, iterations: 1, sample rate: 100%, sparse: 28.0%
Generation 940 score -0.2574490613782173  error 0.2341491198221314 avg time 170ms
Generation 950 score -0.2574490613782173  error 0.2341491198221314 avg time 136ms
Generation 960 score -0.2574490613782173  error 0.2341491198221314 avg time 153ms
Generation 970 score -0.2574490613782173  error 0.2341491198221314 avg time 160ms
Generation 980 score -0.2574490613782173  error 0.2341491198221314 avg time 159ms
Generation 990 score -0.2574490613782173  error 0.2341491198221314 avg time 155ms
Generation 1000 score -0.2574490613782173  error 0.2341491198221314 avg time 147ms
Generation 1010 score -0.2574490613782173  error 0.2341491198221314 avg time 145ms
Generation 1020 score -0.2574490613782173  error 0.2341491198221314 avg time 160ms
Generation 1030 score -0.2574490613782173  error 0.2341491198221314 avg time 124ms
Generation 1040 score -0.2574490613782173  error 0.2341491198221314 avg time 144ms
Generation 1050 score -0.2574490613782173  error 0.2341491198221314 avg time 148ms
Generation 1060 score -0.2574490613782173  error 0.2341491198221314 avg time 145ms
Generation 1070 score -0.2574490613782173  error 0.2341491198221314 avg time 134ms
Generation 1080 score -0.2574490613782173  error 0.2341491198221314 avg time 143ms
Generation 1090 score -0.2574490613782173  error 0.2341491198221314 avg time 153ms
Generation 1100 score -0.2574490613782173  error 0.2341491198221314 avg time 142ms
Can't deDuplicate creature at 30 of 31
Generation 1110 score -0.2574490613782173  error 0.2341491198221314 avg time 206ms
Can't deDuplicate creature at 26 of 30
Generation 1120 score -0.2574490613782173  error 0.2341491198221314 avg time 152ms
Training 4286cf16 with 1 binary file, target error: 0.05, iterations: 1, sample rate: 100%, sparse: 28.0%
Fine tuning increased fitness by 0.00001528043089649156 to -0.2574251657535132 adjusted 1 weight, 1 bias 
Generation 1130 score -0.2574251657535132  error 0.23412522419739373 avg time 147ms
Training f346e9e2 with 1 binary file, target error: 0.05, iterations: 1, sample rate: 100%, sparse: 28.0%
Fine tuning increased fitness by 0.000021259790812577783 to -0.25740390596270063 adjusted 1 weight, 1 bias 
Fine tuning increased fitness by 2.407153854022681e-8 to -0.2574035614864527 adjusted 1 weight 
Training 04b141d8 with 1 binary file, target error: 0.05, iterations: 1, sample rate: 100%, sparse: 28.0%
Fine tuning increased fitness by 1.345056377388687e-8 to -0.25740354803588894 adjusted 1 weight 
Fine tuning increased fitness by 1.0484643153674256e-9 to -0.2574035469874246 adjusted 1 weight 
Generation 1140 score -0.2574035469874246  error 0.2341036054312713 avg time 161ms
Training cfd9b301 with 1 binary file, target error: 0.05, iterations: 1, sample rate: 100%, sparse: 28.0%
Training 1657cbb7 with 1 binary file, target error: 0.05, iterations: 1, sample rate: 100%, sparse: 28.0%
Fine tuning increased fitness by 2.003130994410185e-11 to -0.2574035469673933 adjusted 1 weight 
Training b5b89f93 with 1 binary file, target error: 0.05, iterations: 1, sample rate: 100%, sparse: 28.0%
Fine tuning increased fitness by 5.3070992045434195e-11 to -0.2574035469143223 adjusted 1 weight 
Training 66a09f2a with 1 binary file, target error: 0.05, iterations: 1, sample rate: 100%, sparse: 28.0%
Generation 1150 score -0.2574035469143223  error 0.23410360535816893 avg time 163ms
Can't deDuplicate creature at 26 of 28
Training 764cbae9 with 1 binary file, target error: 0.05, iterations: 1, sample rate: 100%, sparse: 28.0%
Fine tuning increased fitness by 6.57670818360323e-8 to -0.2574034415874401 adjusted 5 weights, 2 biases 
Fine tuning increased fitness by 1.191168722547431e-7 to -0.25740332247056785 adjusted 5 weights, 2 biases 
Training 32d16ef8 with 1 binary file, target error: 0.05, iterations: 1, sample rate: 100%, sparse: 28.0%
Fine tuning increased fitness by 2.67237779461027e-7 to -0.2574027836069805 adjusted 4 weights, 1 bias 
Generation 1160 score -0.2574027836069805  error 0.23410284205082701 avg time 171ms
Fine tuning increased fitness by 1.0461613808576686e-7 to -0.2574026789908424 adjusted 4 weights, 1 bias 
Fine tuning increased fitness by 4.584497936832577e-8 to -0.25740263314586304 adjusted 4 weights, 1 bias 
Training 487c14a8 with 1 binary file, target error: 0.05, iterations: 1, sample rate: 100%, sparse: 28.0%
Fine tuning increased fitness by 7.106039923154839e-8 to -0.25740251057726765 adjusted 4 weights, 1 bias 
Fine tuning increased fitness by 1.9762798919575886e-7 to -0.25740231294927846 adjusted 4 weights, 1 bias 
Training 7f45c764 with 1 binary file, target error: 0.05, iterations: 1, sample rate: 100%, sparse: 28.0%
Fine tuning increased fitness by 5.070947038943174e-7 to -0.25740180585457456 adjusted 4 weights, 1 bias 
Fine tuning increased fitness by 6.474749590923423e-7 to -0.25740115837961547 adjusted 4 weights, 1 bias 
Fine tuning increased fitness by 2.3496376139187092e-7 to -0.2574009234158541 adjusted 4 weights, 1 bias 
Training e5751169 with 1 binary file, target error: 0.05, iterations: 1, sample rate: 100%, sparse: 28.0%
Fine tuning increased fitness by 2.2153886336528927e-8 to -0.25740090126196774 adjusted 4 weights, 1 bias 
Fine tuning increased fitness by 4.462929115156555e-8 to -0.2574008566326766 adjusted 4 weights, 1 bias 
Generation 1170 score -0.2574008566326766  error 0.23410091507651878 avg time 210ms
Fine tuning increased fitness by 5.8133707958596403e-8 to -0.2574007442168588 adjusted 4 weights, 1 bias 
Fine tuning increased fitness by 6.728408052936174e-8 to -0.2574006769327783 adjusted 4 weights, 1 bias 
Training fd796c03 with 1 binary file, target error: 0.05, iterations: 1, sample rate: 100%, sparse: 28.0%
Fine tuning increased fitness by 5.048434764676202e-8 to -0.25740062644843065 adjusted 4 weights, 1 bias 
Fine tuning increased fitness by 1.0517876014581873e-9 to -0.25740062525514945 adjusted 3 weights, 1 bias 
Training 404cee8a with 1 binary file, target error: 0.05, iterations: 1, sample rate: 100%, sparse: 28.0%
Fine tuning increased fitness by 1.387048420564696e-9 to -0.25740062386810103 adjusted 3 weights, 1 bias 
Fine tuning increased fitness by 3.0245123072702995e-9 to -0.2574006208435887 adjusted 3 weights, 1 bias 
Fine tuning increased fitness by 5.9698892496129474e-9 to -0.2574006148736995 adjusted 3 weights, 1 bias 
Fine tuning increased fitness by 1.0198479338807687e-8 to -0.25740060467522013 adjusted 3 weights, 1 bias 
Generation 1180 score -0.25740060467522013  error 0.23410066311906216 avg time 192ms
Fine tuning increased fitness by 1.7292334897334172e-8 to -0.25740058738288524 adjusted 3 weights, 1 bias 
Fine tuning increased fitness by 3.537620740790004e-8 to -0.25740055200667783 adjusted 4 weights, 1 bias 
Training 191e68db with 1 binary file, target error: 0.05, iterations: 1, sample rate: 100%, sparse: 28.0%
Fine tuning increased fitness by 5.316237783326017e-9 to -0.25740054669044005 adjusted 4 weights, 1 bias 
Fine tuning increased fitness by 8.345548918597956e-9 to -0.25740053331379764 adjusted 3 weights, 1 bias 
Fine tuning increased fitness by 1.0356015933687956e-8 to -0.2574005229577817 adjusted 3 weights, 1 bias 
Fine tuning increased fitness by 3.1194011818058698e-9 to -0.2574005198383805 adjusted 3 weights, 1 bias 
Training 0973758d with 1 binary file, target error: 0.05, iterations: 1, sample rate: 100%, sparse: 28.0%
Fine tuning increased fitness by 6.059499013666425e-10 to -0.2574005192324306 adjusted 3 weights, 1 bias 
Fine tuning increased fitness by 4.805152942211066e-10 to -0.25740051875191533 adjusted 3 weights, 1 bias 
Generation 1190 score -0.25740051875191533  error 0.2341005771957565 avg time 148ms
Fine tuning increased fitness by 1.0068790801120997e-9 to -0.25740051774503625 adjusted 3 weights, 1 bias 
Training 8e1d4d22 with 1 binary file, target error: 0.05, iterations: 1, sample rate: 100%, sparse: 28.0%
Fine tuning increased fitness by 3.7042462985859004e-9 to -0.25740051404078995 adjusted 3 weights, 1 bias 
Training 74dd37e5 with 1 binary file, target error: 0.05, iterations: 1, sample rate: 100%, sparse: 28.0%
Fine tuning increased fitness by 2.1514409143108537e-9 to -0.25740051188934904 adjusted 3 weights, 1 bias 
Fine tuning increased fitness by 2.3421893868835753e-9 to -0.25740050954715965 adjusted 3 weights, 1 bias 
Fine tuning increased fitness by 3.0576673970550416e-9 to -0.25740050648949225 adjusted 3 weights, 1 bias 
Fine tuning increased fitness by 5.478992981533537e-9 to -0.25740050101049927 adjusted 3 weights, 1 bias 
Fine tuning increased fitness by 1.2212597100269562e-8 to -0.25740048879790217 adjusted 3 weights, 1 bias 
Training 20df0da4 with 1 binary file, target error: 0.05, iterations: 1, sample rate: 100%, sparse: 28.0%
Fine tuning increased fitness by 2.227535694787619e-8 to -0.2574004665225452 adjusted 3 weights, 1 bias 
Fine tuning increased fitness by 4.4820856581750945e-8 to -0.25740042170168864 adjusted 3 weights, 1 bias 
Fine tuning increased fitness by 7.641395888269287e-8 to -0.25740034528772976 adjusted 3 weights, 1 bias 
Generation 1200 score -0.25740034528772976  error 0.23410040373157054 avg time 244ms
Fine tuning increased fitness by 1.3755687022776186e-7 to -0.25740020773085953 adjusted 3 weights, 1 bias 
Fine tuning increased fitness by 2.1797159438508018e-7 to -0.25739998975926515 adjusted 3 weights, 1 bias 
Fine tuning increased fitness by 3.5113792806740207e-7 to -0.2573996386213371 adjusted 3 weights, 1 bias 
Fine tuning increased fitness by 1.203814160022354e-7 to -0.2573995182399211 adjusted 3 weights, 1 bias 
Training 9a7081cd with 1 binary file, target error: 0.05, iterations: 1, sample rate: 100%, sparse: 28.0%
Fine tuning increased fitness by 2.9953026720042075e-7 to -0.2573992187096539 adjusted 3 weights, 1 bias 
Fine tuning increased fitness by 2.9169205278956056e-7 to -0.2573989270176011 adjusted 3 weights, 1 bias 
Fine tuning increased fitness by 4.073742930765789e-7 to -0.257398519643308 adjusted 3 weights, 1 bias 
Fine tuning increased fitness by 0.0000012196965146205052 to -0.2573972999467934 adjusted 3 weights, 1 bias 
Fine tuning increased fitness by 0.000001895170726851081 to -0.25739540477606654 adjusted 3 weights, 1 bias 
Fine tuning increased fitness by 0.0000018054980348569671 to -0.2573935992780317 adjusted 3 weights, 1 bias 
Generation 1210 score -0.2573935992780317  error 0.23409365772187146 avg time 133ms
Training 6cc19130 with 1 binary file, target error: 0.05, iterations: 1, sample rate: 100%, sparse: 28.0%
Fine tuning increased fitness by 0.0000014920113697303172 to -0.25739210726666195 adjusted 3 weights, 1 bias 
Training 9d7dc20f with 1 binary file, target error: 0.05, iterations: 1, sample rate: 100%, sparse: 28.0%
Training 00e7ed84 with 1 binary file, target error: 0.05, iterations: 1, sample rate: 100%, sparse: 28.0%
Training d4e45e5b with 1 binary file, target error: 0.05, iterations: 1, sample rate: 100%, sparse: 28.0%
Generation 1220 score -0.25739210726666195  error 0.2340921657105007 avg time 151ms
Fine tuning increased fitness by 2.3165545587344738e-7 to -0.2573918756112061 adjusted 3 weights, 1 bias 
Training b63575cb with 1 binary file, target error: 0.05, iterations: 1, sample rate: 100%, sparse: 28.0%
Fine tuning increased fitness by 8.53940701484035e-9 to -0.25739186707179906 adjusted 3 weights, 1 bias 
Training 7fff694d with 1 binary file, target error: 0.05, iterations: 1, sample rate: 100%, sparse: 28.0%
Fine tuning increased fitness by 2.578935842656449e-9 to -0.2573918644928632 adjusted 3 weights, 1 bias 
Generation 1230 score -0.2573918644928632  error 0.23409192293670156 avg time 146ms
Fine tuning increased fitness by 1.8316434480247779e-9 to -0.2573918626612198 adjusted 3 weights, 1 bias 
Fine tuning increased fitness by 2.8202754021044996e-9 to -0.25739185984094437 adjusted 3 weights, 1 bias 
Fine tuning increased fitness by 4.639029105302228e-9 to -0.25739185520191527 adjusted 3 weights, 1 bias 
Fine tuning increased fitness by 8.100026926971537e-9 to -0.25739184710188834 adjusted 3 weights, 1 bias 
Fine tuning increased fitness by 1.183402487114904e-8 to -0.25739183526786347 adjusted 3 weights, 1 bias 
Fine tuning increased fitness by 1.4204164566766764e-8 to -0.2573918210636989 adjusted 3 weights, 1 bias 
Training 7bba60b8 with 1 binary file, target error: 0.05, iterations: 1, sample rate: 100%, sparse: 28.0%
Fine tuning increased fitness by 2.6367283134653974e-8 to -0.25739179469641577 adjusted 3 weights, 1 bias 
Fine tuning increased fitness by 4.821605009697194e-8 to -0.25739174648036567 adjusted 3 weights, 1 bias 
Fine tuning increased fitness by 7.489596071108551e-8 to -0.25739167158440496 adjusted 3 weights, 1 bias 
Fine tuning increased fitness by 1.3817429023177397e-7 to -0.2573915334101147 adjusted 3 weights, 1 bias 
Generation 1240 score -0.2573915334101147  error 0.23409159185395093 avg time 141ms
Training 2e333135 with 1 binary file, target error: 0.05, iterations: 1, sample rate: 100%, sparse: 28.0%
Fine tuning increased fitness by 2.3753308742158197e-7 to -0.2573912958770273 adjusted 3 weights, 1 bias 
Fine tuning increased fitness by 3.3161438167672586e-7 to -0.2573909642626456 adjusted 3 weights, 1 bias 
Fine tuning increased fitness by 1.6677952935362228e-7 to -0.2573907974831163 adjusted 3 weights, 1 bias 
Training dd3eede3 with 1 binary file, target error: 0.05, iterations: 1, sample rate: 100%, sparse: 28.0%
Fine tuning increased fitness by 4.436834233345621e-11 to -0.25739079743874793 adjusted 3 weights, 1 bias 
Fine tuning increased fitness by 3.624068267704672e-10 to -0.2573907970763411 adjusted 3 weights, 1 bias 
Fine tuning increased fitness by 1.0893613788809375e-10 to -0.25739079696740497 adjusted 3 weights, 1 bias 
Fine tuning increased fitness by 2.3908097723790434e-12 to -0.25739079696501416 adjusted 3 weights, 1 bias 
Training 2a606808 with 1 binary file, target error: 0.05, iterations: 1, sample rate: 100%, sparse: 28.0%
Fine tuning increased fitness by 7.953659952875114e-11 to -0.25739079688547756 adjusted 3 weights, 1 bias 
Generation 1250 score -0.25739079688547756  error 0.234090855329304 avg time 141ms
Training 1c412239 with 1 binary file, target error: 0.05, iterations: 1, sample rate: 100%, sparse: 28.0%
Training 05687141 with 1 binary file, target error: 0.05, iterations: 1, sample rate: 100%, sparse: 28.0%
Training 32f6b911 with 1 binary file, target error: 0.05, iterations: 1, sample rate: 100%, sparse: 28.0%
Generation 1260 score -0.25739079688547756  error 0.234090855329304 avg time 147ms
Training b868f816 with 1 binary file, target error: 0.05, iterations: 1, sample rate: 100%, sparse: 28.0%
Training 2ab51b85 with 1 binary file, target error: 0.05, iterations: 1, sample rate: 100%, sparse: 28.0%
Training b868f816 increased fitness by 1.011459449529184e-8 to -0.25739078677088306
Generation 1270 score -0.25739078677088306  error 0.23409084521473236 avg time 146ms
Fine tuning increased fitness by 1.6228340615764836e-8 to -0.25739075858364063 adjusted 4 weights, 2 biases 
Training 2facce62 with 1 binary file, target error: 0.05, iterations: 1, sample rate: 100%, sparse: 28.0%
Fine tuning increased fitness by 4.577283829743095e-8 to -0.25739071281080234 adjusted 4 weights, 1 bias 
Fine tuning increased fitness by 6.812268810163502e-8 to -0.25739064468811423 adjusted 4 weights, 1 bias 
Fine tuning increased fitness by 1.9665767980736604e-7 to -0.2573904480304344 adjusted 4 weights, 1 bias 
Training a3d53efa with 1 binary file, target error: 0.05, iterations: 1, sample rate: 100%, sparse: 28.0%
Fine tuning increased fitness by 4.442552714589709e-9 to -0.2573902966488285 adjusted 3 weights, 1 bias 
Fine tuning increased fitness by 1.3137752885583609e-8 to -0.2573902835110756 adjusted 3 weights, 1 bias 
Training 9a2048ff with 1 binary file, target error: 0.05, iterations: 1, sample rate: 100%, sparse: 28.0%
Fine tuning increased fitness by 1.8670765655759425e-8 to -0.25739026484030997 adjusted 3 weights, 1 bias 
Fine tuning increased fitness by 2.482743205467486e-8 to -0.2573902400128779 adjusted 3 weights, 1 bias 
Generation 1280 score -0.2573902400128779  error 0.2340902984567251 avg time 173ms
Fine tuning increased fitness by 2.7710823524706996e-8 to -0.2573902123020544 adjusted 3 weights, 1 bias 
Training 38e6ff39 with 1 binary file, target error: 0.05, iterations: 1, sample rate: 100%, sparse: 28.0%
Fine tuning increased fitness by 1.2637512092350534e-8 to -0.2573901996645423 adjusted 3 weights, 1 bias 
Fine tuning increased fitness by 3.431765427386324e-8 to -0.257390165346888 adjusted 3 weights, 1 bias 
Training ec9f913f with 1 binary file, target error: 0.05, iterations: 1, sample rate: 100%, sparse: 28.0%
Fine tuning increased fitness by 4.7611887210585735e-9 to -0.2573901605856993 adjusted 3 weights, 1 bias 
Fine tuning increased fitness by 5.430119687233059e-10 to -0.25739016004268733 adjusted 3 weights, 1 bias 
Generation 1290 score -0.25739016004268733  error 0.23409021848653394 avg time 134ms
Training 74d2e883 with 1 binary file, target error: 0.05, iterations: 1, sample rate: 100%, sparse: 28.0%
Fine tuning increased fitness by 1.6568478811151977e-9 to -0.25739015838583945 adjusted 3 weights, 1 bias 
Fine tuning increased fitness by 1.8446871807853427e-10 to -0.25739015820137073 adjusted 3 weights, 1 bias 
Fine tuning increased fitness by 9.386836863356507e-10 to -0.25739015726268705 adjusted 3 weights, 1 bias 
Fine tuning increased fitness by 4.1383124704807983e-10 to -0.2573901568488558 adjusted 3 weights, 1 bias 
Training 58cf6765 with 1 binary file, target error: 0.05, iterations: 1, sample rate: 100%, sparse: 28.0%
Fine tuning increased fitness by 8.224151915037226e-10 to -0.2573901560264406 adjusted 3 weights, 1 bias 
Fine tuning increased fitness by 1.2828852979929195e-9 to -0.2573901547435553 adjusted 3 weights, 1 bias 
Fine tuning increased fitness by 1.5697378397128148e-9 to -0.25739015317381747 adjusted 3 weights, 1 bias 
Fine tuning increased fitness by 8.163965059537759e-10 to -0.25739015235742096 adjusted 3 weights, 1 bias 
Fine tuning increased fitness by 2.76603240312312e-10 to -0.2573901520808177 adjusted 3 weights, 1 bias 
Fine tuning increased fitness by 1.0798333893724532e-9 to -0.25739015100098434 adjusted 3 weights, 1 bias 
Generation 1300 score -0.25739015100098434  error 0.23409020944483078 avg time 135ms
Fine tuning increased fitness by 2.614813365831026e-10 to -0.257390150739503 adjusted 3 weights, 1 bias 
Training 81151333 with 1 binary file, target error: 0.05, iterations: 1, sample rate: 100%, sparse: 28.0%
Fine tuning increased fitness by 1.1712164571520134e-10 to -0.25739015062238135 adjusted 3 weights, 1 bias 
Fine tuning increased fitness by 1.3816708888114704e-10 to -0.25739015048421426 adjusted 3 weights, 1 bias 
Fine tuning increased fitness by 1.4755718868997292e-10 to -0.2573901503366571 adjusted 3 weights, 1 bias 
Fine tuning increased fitness by 6.950606756817024e-12 to -0.25739015032970647 adjusted 3 weights, 1 bias 
Fine tuning increased fitness by 3.2958358264778553e-10 to -0.2573901500001229 adjusted 3 weights, 1 bias 
Training f078b416 with 1 binary file, target error: 0.05, iterations: 1, sample rate: 100%, sparse: 28.0%
Generation 1310 score -0.2573901500001229  error 0.23409020844396933 avg time 140ms
Training 4577f5a4 with 1 binary file, target error: 0.05, iterations: 1, sample rate: 100%, sparse: 28.0%
Training 2ca77286 with 1 binary file, target error: 0.05, iterations: 1, sample rate: 100%, sparse: 28.0%
Generation 1320 score -0.2573901500001229  error 0.23409020844396933 avg time 141ms
Training 871d1d56 with 1 binary file, target error: 0.05, iterations: 1, sample rate: 100%, sparse: 28.0%
Training 28e52d63 with 1 binary file, target error: 0.05, iterations: 1, sample rate: 100%, sparse: 28.0%
Generation 1330 score -0.2573901500001229  error 0.23409020844396933 avg time 143ms
Training 8b94ed10 with 1 binary file, target error: 0.05, iterations: 1, sample rate: 100%, sparse: 28.0%
Generation 1340 score -0.2573901500001229  error 0.23409020844396933 avg time 135ms
Generation 1350 score -0.2573901500001229  error 0.23409020844396933 avg time 121ms
Generation 1360 score -0.2573901500001229  error 0.23409020844396933 avg time 133ms
Generation 1370 score -0.2573901500001229  error 0.23409020844396933 avg time 144ms
Generation 1380 score -0.2573901500001229  error 0.23409020844396933 avg time 137ms
Training 53d2615e with 1 binary file, target error: 0.05, iterations: 1, sample rate: 100%, sparse: 28.0%
Fine tuning increased fitness by 1.4764633959885032e-10 to -0.25739014985247655 adjusted 3 weights, 1 bias 
Generation 1390 score -0.25739014985247655  error 0.23409020829632288 avg time 140ms
Generation 1400 score -0.25739014985247655  error 0.23409020829632288 avg time 144ms
Training 5b5a4570 with 1 binary file, target error: 0.05, iterations: 1, sample rate: 100%, sparse: 28.0%
Fine tuning increased fitness by 4.4969650225823443e-10 to -0.25739014940278004 adjusted 3 weights, 1 bias 
Fine tuning increased fitness by 1.6557899495950323e-10 to -0.25739014923720105 adjusted 3 weights, 1 bias 
Fine tuning increased fitness by 9.1134821911254e-11 to -0.2573901491460662 adjusted 3 weights, 1 bias 
Training 8fb83153 with 1 binary file, target error: 0.05, iterations: 1, sample rate: 100%, sparse: 28.0%
Training 5b5a4570 increased fitness by 3.2373255298701054e-8 to -0.25739011677281093
Fine tuning increased fitness by 1.8783449462489443e-8 to -0.25739009798936147 adjusted 43 weights, 5 biases 
Fine tuning increased fitness by 8.33588786885997e-9 to -0.2573900896534736 adjusted 43 weights, 5 biases 
Generation 1410 score -0.2573900896534736  error 0.23409014809732454 avg time 290ms
Fine tuning increased fitness by 1.7565409848874225e-8 to -0.2573900612903763 adjusted 38 weights, 4 biases 
Fine tuning increased fitness by 1.0980989506581551e-8 to -0.2573900503093868 adjusted 38 weights, 4 biases 
Training 42fbf169 with 1 binary file, target error: 0.05, iterations: 1, sample rate: 100%, sparse: 28.0%
Training 080f4f34 with 1 binary file, target error: 0.05, iterations: 1, sample rate: 100%, sparse: 28.0%
Fine tuning increased fitness by 5.711453143764089e-9 to -0.25739003956150086 adjusted 38 weights, 4 biases 
Fine tuning increased fitness by 8.017242703051153e-9 to -0.25739003154425816 adjusted 38 weights, 4 biases 
Fine tuning increased fitness by 1.2498748758194012e-8 to -0.2573900190455094 adjusted 38 weights, 4 biases 
Fine tuning increased fitness by 2.366676210563412e-8 to -0.2573899953787473 adjusted 34 weights, 4 biases 
Fine tuning increased fitness by 1.8628265596731808e-9 to -0.25738999351592073 adjusted 33 weights, 3 biases 
Fine tuning increased fitness by 1.5169388301039533e-8 to -0.25738997834653243 adjusted 31 weights, 3 biases 
Generation 1420 score -0.25738997834653243  error 0.23409003679031598 avg time 426ms
Fine tuning increased fitness by 4.02296639334665e-8 to -0.2573899381168685 adjusted 29 weights, 3 biases 
Training b2900bb7 with 1 binary file, target error: 0.05, iterations: 1, sample rate: 100%, sparse: 28.0%
Fine tuning increased fitness by 4.864378222446675e-8 to -0.2573898894730863 adjusted 29 weights, 3 biases 
Fine tuning increased fitness by 2.0902679753742603e-8 to -0.2573898685704065 adjusted 29 weights, 3 biases 
Fine tuning increased fitness by 2.986200703380959e-8 to -0.2573898387083995 adjusted 29 weights, 3 biases 
Training 1234ac4b with 1 binary file, target error: 0.05, iterations: 1, sample rate: 100%, sparse: 28.0%
Fine tuning increased fitness by 1.826744161492755e-8 to -0.25738979977099213 adjusted 15 weights, 2 biases 
Fine tuning increased fitness by 2.291578443669451e-8 to -0.2573897768552077 adjusted 15 weights, 2 biases 
Generation 1430 score -0.25738975866861574  error 0.23408981711217772 avg time 400ms
Fine tuning increased fitness by 3.4364634249328674e-8 to -0.2573897243039815 adjusted 13 weights 
Fine tuning increased fitness by 6.655440454306216e-8 to -0.25738965774957695 adjusted 12 weights 
Fine tuning increased fitness by 2.126860297324562e-7 to -0.2573894450635472 adjusted 12 weights 
Training 047fcaac with 1 binary file, target error: 0.05, iterations: 1, sample rate: 100%, sparse: 28.0%
Fine tuning increased fitness by 3.7956585646758967e-7 to -0.25738906549769075 adjusted 12 weights 
Fine tuning increased fitness by 7.492544598641793e-7 to -0.2573883162432309 adjusted 12 weights 
Fine tuning increased fitness by 0.0000010915186087201434 to -0.25738722472462217 adjusted 12 weights 
Fine tuning increased fitness by 0.0000017446926718900357 to -0.2573854800319503 adjusted 12 weights 
Generation 1440 score -0.2573854800319503  error 0.23408553847551758 avg time 292ms
Training 7ecdd1cb with 1 binary file, target error: 0.05, iterations: 1, sample rate: 100%, sparse: 28.0%
Fine tuning increased fitness by 9.906944875570645e-9 to -0.2573854701250054 adjusted 11 weights 
Fine tuning increased fitness by 2.3995726128323014e-8 to -0.25738544612927927 adjusted 11 weights 
Fine tuning increased fitness by 3.9258896356031414e-8 to -0.2573854068703829 adjusted 11 weights 
Fine tuning increased fitness by 6.215247289054204e-8 to -0.25738534471791 adjusted 11 weights 
Fine tuning increased fitness by 8.302366882873002e-8 to -0.2573852616942412 adjusted 11 weights 
Fine tuning increased fitness by 1.1464785554249346e-7 to -0.25738514704638565 adjusted 11 weights 
Fine tuning increased fitness by 1.9526720629325922e-7 to -0.25738495177917936 adjusted 11 weights 
Training 9fe2b7ab with 1 binary file, target error: 0.05, iterations: 1, sample rate: 100%, sparse: 28.0%
Fine tuning increased fitness by 3.501793368054784e-7 to -0.25738460159984256 adjusted 11 weights 
Fine tuning increased fitness by 3.9583111338670207e-7 to -0.25738420576872917 adjusted 11 weights 
Fine tuning increased fitness by 6.81056239626443e-7 to -0.25738352471248954 adjusted 11 weights 
Generation 1450 score -0.25738352471248954  error 0.2340835831560643 avg time 281ms
Training 66a0f2b2 with 1 binary file, target error: 0.05, iterations: 1, sample rate: 100%, sparse: 28.0%
Fine tuning increased fitness by 0.000001094705215420877 to -0.2573824300072741 adjusted 11 weights 
Fine tuning increased fitness by 0.0000016462698245178764 to -0.2573807837374496 adjusted 11 weights 
Fine tuning increased fitness by 0.0000017050153201525475 to -0.25737907872212945 adjusted 11 weights 
Training 6dfe01e2 with 1 binary file, target error: 0.05, iterations: 1, sample rate: 100%, sparse: 28.0%
Fine tuning increased fitness by 0.000002926634602828937 to -0.2573761520875266 adjusted 11 weights 
Fine tuning increased fitness by 0.000003870226525926057 to -0.2573722818610007 adjusted 10 weights 
Fine tuning increased fitness by 0.000005755104002358458 to -0.25736652675699834 adjusted 10 weights 
Training ea51e76a with 1 binary file, target error: 0.05, iterations: 1, sample rate: 100%, sparse: 28.0%
Generation 1460 score -0.25736652675699834  error 0.23406658520064544 avg time 250ms
Fine tuning increased fitness by 1.883090721688241e-7 to -0.25736633844792617 adjusted 10 weights 
Fine tuning increased fitness by 3.5501775830226734e-7 to -0.25736598343016787 adjusted 10 weights 
Training 3de619ac with 1 binary file, target error: 0.05, iterations: 1, sample rate: 100%, sparse: 28.0%
Fine tuning increased fitness by 3.1230587282937705e-8 to -0.2573659521995806 adjusted 10 weights 
Fine tuning increased fitness by 7.178274641361782e-11 to -0.25736595212779784 adjusted 10 weights 
Fine tuning increased fitness by 2.7118697287775717e-9 to -0.2573659494159281 adjusted 10 weights 
Fine tuning increased fitness by 3.1393938004775634e-9 to -0.2573659462765343 adjusted 10 weights 
Generation 1470 score -0.2573659462765343  error 0.23406600472018335 avg time 164ms
Training 6961ba56 with 1 binary file, target error: 0.05, iterations: 1, sample rate: 100%, sparse: 28.0%
Training fa750131 with 1 binary file, target error: 0.05, iterations: 1, sample rate: 100%, sparse: 28.0%
Generation 1480 score -0.2573659462765343  error 0.23406600472018335 avg time 181ms
Training f037d7aa with 1 binary file, target error: 0.05, iterations: 1, sample rate: 100%, sparse: 28.0%
Fine tuning increased fitness by 3.3235614260718194e-10 to -0.25736594594417816 adjusted 9 weights 
Training 006cd49a with 1 binary file, target error: 0.05, iterations: 1, sample rate: 100%, sparse: 28.0%
Generation 1490 score -0.25736594594417816  error 0.2340660043878272 avg time 178ms
Training 366b051a with 1 binary file, target error: 0.05, iterations: 1, sample rate: 100%, sparse: 28.0%
Fine tuning increased fitness by 3.1033114966660946e-10 to -0.257365945633847 adjusted 9 weights 
Training f7fb52f2 with 1 binary file, target error: 0.05, iterations: 1, sample rate: 100%, sparse: 28.0%
Fine tuning increased fitness by 6.855843670550144e-11 to -0.2573659455652886 adjusted 9 weights 
Fine tuning increased fitness by 4.02953392875105e-10 to -0.2573659451623352 adjusted 9 weights 
Training 99b0472c with 1 binary file, target error: 0.05, iterations: 1, sample rate: 100%, sparse: 28.0%
Generation 1500 score -0.2573659451623352  error 0.2340660036059842 avg time 172ms
Training 54e1915f with 1 binary file, target error: 0.05, iterations: 1, sample rate: 100%, sparse: 28.0%
Training 8d24c0ac with 1 binary file, target error: 0.05, iterations: 1, sample rate: 100%, sparse: 28.0%
Generation 1510 score -0.2573659451623352  error 0.2340660036059842 avg time 172ms
Training bef7c3bd with 1 binary file, target error: 0.05, iterations: 1, sample rate: 100%, sparse: 28.0%
Training 36c33e7a with 1 binary file, target error: 0.05, iterations: 1, sample rate: 100%, sparse: 28.0%
Generation 1520 score -0.2573659451623352  error 0.2340660036059842 avg time 219ms
Training 7e450483 with 1 binary file, target error: 0.05, iterations: 1, sample rate: 100%, sparse: 28.0%
Training 5f2b0607 with 1 binary file, target error: 0.05, iterations: 1, sample rate: 100%, sparse: 28.0%
Training 7e450483 increased fitness by 3.312962709722811e-8 to -0.2573659120327081
Fine tuning increased fitness by 2.5483149423966012e-8 to -0.25736588654955866 adjusted 45 weights, 5 biases 
Generation 1530 score -0.25736588654955866  error 0.23406594499322336 avg time 239ms
Training 8dd34f42 with 1 binary file, target error: 0.05, iterations: 1, sample rate: 100%, sparse: 28.0%
Fine tuning increased fitness by 2.525617426307747e-8 to -0.25736583847284233 adjusted 41 weights, 5 biases 
Training 1a192d0b with 1 binary file, target error: 0.05, iterations: 1, sample rate: 100%, sparse: 28.0%
Fine tuning increased fitness by 1.6855078444066862e-8 to -0.2573658041230422 adjusted 41 weights, 5 biases 
Fine tuning increased fitness by 1.8909924570653658e-8 to -0.25736578521311765 adjusted 37 weights, 5 biases 
Fine tuning increased fitness by 4.646757456594486e-8 to -0.2573657387455431 adjusted 36 weights, 5 biases 
Training 951f1764 with 1 binary file, target error: 0.05, iterations: 1, sample rate: 100%, sparse: 28.0%
Fine tuning increased fitness by 1.302047852869137e-8 to -0.25736567673977695 adjusted 32 weights, 2 biases 
Fine tuning increased fitness by 1.0394141658487399e-8 to -0.2573656663456353 adjusted 32 weights, 2 biases 
Generation 1540 score -0.25736565189534155  error 0.23406571033891274 avg time 370ms
Training 62747f11 with 1 binary file, target error: 0.05, iterations: 1, sample rate: 100%, sparse: 28.0%
Fine tuning increased fitness by 1.9390823113862865e-8 to -0.25736563250451844 adjusted 32 weights, 2 biases 
Fine tuning increased fitness by 3.750155469495198e-8 to -0.25736559500296374 adjusted 32 weights, 2 biases 
Training 27542214 with 1 binary file, target error: 0.05, iterations: 1, sample rate: 100%, sparse: 28.0%
Fine tuning increased fitness by 6.501029664596203e-8 to -0.2573655299926671 adjusted 32 weights, 2 biases 
Training 1e304c09 with 1 binary file, target error: 0.05, iterations: 1, sample rate: 100%, sparse: 28.0%
Fine tuning increased fitness by 2.1927670112997788e-7 to -0.25736531071596597 adjusted 29 weights, 2 biases 
Fine tuning increased fitness by 5.70878594396973e-7 to -0.25736473983737157 adjusted 27 weights, 2 biases 
Fine tuning increased fitness by 0.0000010912501331450386 to -0.2573628391734967 adjusted 16 weights, 1 bias 
Fine tuning increased fitness by 7.41578532414966e-7 to -0.2573620975949643 adjusted 16 weights, 1 bias 
Training f0a09277 with 1 binary file, target error: 0.05, iterations: 1, sample rate: 100%, sparse: 28.0%
Fine tuning increased fitness by 1.4689449101545904e-9 to -0.2573620961260194 adjusted 10 weights, 1 bias 
Generation 1550 score -0.2573620961260194  error 0.23406215456977592 avg time 331ms
Fine tuning increased fitness by 1.130198323817666e-9 to -0.2573620949958211 adjusted 10 weights, 1 bias 
Fine tuning increased fitness by 2.8225249915081463e-10 to -0.2573620947135686 adjusted 10 weights, 1 bias 
Training e78b6072 with 1 binary file, target error: 0.05, iterations: 1, sample rate: 100%, sparse: 28.0%
Training 19636a0d with 1 binary file, target error: 0.05, iterations: 1, sample rate: 100%, sparse: 28.0%
Training 0a99ea83 with 1 binary file, target error: 0.05, iterations: 1, sample rate: 100%, sparse: 28.0%
Generation 1560 score -0.2573620947135686  error 0.23406215315732193 avg time 293ms
Training 2254ab43 with 1 binary file, target error: 0.05, iterations: 1, sample rate: 100%, sparse: 28.0%
Generation 1570 score -0.2573620947135686  error 0.23406215315732193 avg time 281ms
Training 04516a2e with 1 binary file, target error: 0.05, iterations: 1, sample rate: 100%, sparse: 28.0%
Training f1a1e3a0 with 1 binary file, target error: 0.05, iterations: 1, sample rate: 100%, sparse: 28.0%
Generation 1580 score -0.2573620947135686  error 0.23406215315732193 avg time 269ms
Training be52f7c7 with 1 binary file, target error: 0.05, iterations: 1, sample rate: 100%, sparse: 28.0%
Can't deDuplicate creature at 26 of 27
Training 2bd63c54 with 1 binary file, target error: 0.05, iterations: 1, sample rate: 100%, sparse: 28.0%
Generation 1590 score -0.2573620947135686  error 0.23406215315732193 avg time 327ms
Generation 1600 score -0.2573620947135686  error 0.23406215315732193 avg time 262ms
Training eaa22627 with 1 binary file, target error: 0.05, iterations: 1, sample rate: 100%, sparse: 28.0%
Fine tuning increased fitness by 6.291121512624898e-10 to -0.2573620940844564 adjusted 16 weights, 1 bias 
Fine tuning increased fitness by 6.062292889907894e-10 to -0.25736209347822714 adjusted 16 weights, 1 bias 
Fine tuning increased fitness by 1.1851870040935353e-9 to -0.25736209229304013 adjusted 16 weights, 1 bias 
Fine tuning increased fitness by 1.1334305716204085e-9 to -0.25736209115960956 adjusted 16 weights, 1 bias 
Fine tuning increased fitness by 2.6062230151779886e-9 to -0.25736208855338655 adjusted 16 weights, 1 bias 
Fine tuning increased fitness by 3.689651306704178e-9 to -0.25736208486373524 adjusted 16 weights, 1 bias 
Fine tuning increased fitness by 8.805717488513665e-9 to -0.25736207605801775 adjusted 16 weights, 1 bias 
Training 2352662a with 1 binary file, target error: 0.05, iterations: 1, sample rate: 100%, sparse: 28.0%
Fine tuning increased fitness by 1.7015618414273348e-8 to -0.25736205904239934 adjusted 16 weights, 1 bias 
Fine tuning increased fitness by 4.199652225977957e-8 to -0.2573620170458771 adjusted 16 weights, 1 bias 
Fine tuning increased fitness by 4.248552359920055e-8 to -0.2573619745603535 adjusted 16 weights, 1 bias 
Generation 1610 score -0.2573619745603535  error 0.23406203300412678 avg time 272ms
Fine tuning increased fitness by 1.3146260169349944e-7 to -0.2573618430977518 adjusted 16 weights, 1 bias 
Fine tuning increased fitness by 1.3266522952415372e-7 to -0.25736171043252226 adjusted 16 weights, 1 bias 
Fine tuning increased fitness by 9.030929837283708e-9 to -0.2573617014015924 adjusted 16 weights, 1 bias 
Training d7f9ae97 with 1 binary file, target error: 0.05, iterations: 1, sample rate: 100%, sparse: 28.0%
Fine tuning increased fitness by 2.272459109775582e-9 to -0.2573616991291333 adjusted 16 weights, 1 bias 
Fine tuning increased fitness by 1.8205162377604722e-9 to -0.2573616973086171 adjusted 16 weights, 1 bias 
Training a79d35c9 with 1 binary file, target error: 0.05, iterations: 1, sample rate: 100%, sparse: 28.0%
Fine tuning increased fitness by 2.3513634928029603e-9 to -0.2573616949572536 adjusted 16 weights, 1 bias 
Fine tuning increased fitness by 9.060835970409187e-10 to -0.25736169405117 adjusted 16 weights, 1 bias 
Training 8be4ade6 with 1 binary file, target error: 0.05, iterations: 1, sample rate: 100%, sparse: 28.0%
Generation 1620 score -0.25736169405117  error 0.23406175249491842 avg time 278ms
Training 8278c01a with 1 binary file, target error: 0.05, iterations: 1, sample rate: 100%, sparse: 28.0%
Training edf77490 with 1 binary file, target error: 0.05, iterations: 1, sample rate: 100%, sparse: 28.0%
Fine tuning increased fitness by 1.7664220086643923e-10 to -0.2573616938745278 adjusted 10 weights 
Fine tuning increased fitness by 3.8983566374994894e-10 to -0.2573616934846921 adjusted 10 weights 
Fine tuning increased fitness by 1.6154855231320653e-10 to -0.25736169332314357 adjusted 8 weights 
Generation 1630 score -0.25736169332314357  error 0.2340617517668925 avg time 251ms
Training 53d1dda8 with 1 binary file, target error: 0.05, iterations: 1, sample rate: 100%, sparse: 28.0%
Training b6d8b005 with 1 binary file, target error: 0.05, iterations: 1, sample rate: 100%, sparse: 28.0%
Generation 1640 score -0.25736169332314357  error 0.2340617517668925 avg time 192ms
Training 0662198d with 1 binary file, target error: 0.05, iterations: 1, sample rate: 100%, sparse: 28.0%
Training b8dfc462 with 1 binary file, target error: 0.05, iterations: 1, sample rate: 100%, sparse: 28.0%
Generation 1650 score -0.25736169332314357  error 0.2340617517668925 avg time 183ms
Training a133036e with 1 binary file, target error: 0.05, iterations: 1, sample rate: 100%, sparse: 28.0%
Generation 1660 score -0.25736169332314357  error 0.2340617517668925 avg time 175ms
Generation 1670 score -0.25736169332314357  error 0.2340617517668925 avg time 160ms
Generation 1680 score -0.25736169332314357  error 0.2340617517668925 avg time 166ms
Generation 1690 score -0.25736169332314357  error 0.2340617517668925 avg time 162ms
Generation 1700 score -0.25736169332314357  error 0.2340617517668925 avg time 192ms
Generation 1710 score -0.25736169332314357  error 0.2340617517668925 avg time 218ms
Generation 1720 score -0.25736169332314357  error 0.2340617517668925 avg time 236ms
Generation 1730 score -0.25736169332314357  error 0.2340617517668925 avg time 259ms
Fine tuning increased fitness by 1.5329175706568776e-9 to -0.257361691790226 adjusted 16 weights, 1 bias 
Fine tuning increased fitness by 2.537369980792903e-9 to -0.257361689252856 adjusted 16 weights, 1 bias 
Fine tuning increased fitness by 5.482542031476356e-9 to -0.257361683770314 adjusted 16 weights, 1 bias 
Fine tuning increased fitness by 5.940908709423098e-9 to -0.2573616778294053 adjusted 16 weights, 1 bias 
Fine tuning increased fitness by 1.0427205987539878e-8 to -0.2573616674021993 adjusted 16 weights, 1 bias 
Fine tuning increased fitness by 1.678095296053783e-8 to -0.25736165062124633 adjusted 16 weights, 1 bias 
Fine tuning increased fitness by 2.2161653900898415e-8 to -0.25736162845959243 adjusted 16 weights, 1 bias 
Generation 1740 score -0.25736162845959243  error 0.2340616869033322 avg time 253ms
Fine tuning increased fitness by 1.6711408201697253e-8 to -0.2573616117481842 adjusted 16 weights, 1 bias 
Fine tuning increased fitness by 4.051897706247587e-11 to -0.25736161170766525 adjusted 16 weights, 1 bias 
Fine tuning increased fitness by 1.6969009530853896e-10 to -0.25736161153797515 adjusted 16 weights, 1 bias 
Fine tuning increased fitness by 1.7512158390076138e-9 to -0.2573616097867593 adjusted 16 weights, 1 bias 
Generation 1750 score -0.2573616097867593  error 0.23406166823049188 avg time 259ms
Fine tuning increased fitness by 9.978094461793319e-10 to -0.25736160878894987 adjusted 16 weights, 1 bias 
Fine tuning increased fitness by 7.849114691538261e-10 to -0.2573616080040384 adjusted 16 weights, 1 bias 
Fine tuning increased fitness by 3.915352653205417e-9 to -0.25736160408868575 adjusted 16 weights, 1 bias 
Fine tuning increased fitness by 7.819707381617746e-9 to -0.25736159626897837 adjusted 16 weights, 1 bias 
Fine tuning increased fitness by 1.0338626732497858e-8 to -0.25736158593035163 adjusted 16 weights, 1 bias 
Fine tuning increased fitness by 1.9952017926705423e-8 to -0.2573615659783337 adjusted 16 weights, 1 bias 
Fine tuning increased fitness by 3.395485315138558e-8 to -0.25736153202348055 adjusted 16 weights, 1 bias 
Fine tuning increased fitness by 5.0906198090228116e-8 to -0.25736148111728246 adjusted 16 weights, 1 bias 
Fine tuning increased fitness by 7.65949111913855e-8 to -0.2573614045223713 adjusted 16 weights, 1 bias 
Fine tuning increased fitness by 4.5941369875013294e-8 to -0.2573613585810014 adjusted 16 weights, 1 bias 
Generation 1760 score -0.2573613585810014  error 0.2340614170247334 avg time 284ms
Fine tuning increased fitness by 4.0195591299863054e-10 to -0.2573613581790455 adjusted 10 weights, 1 bias 
Fine tuning increased fitness by 3.422201966252203e-10 to -0.2573613578368253 adjusted 10 weights, 1 bias 
Fine tuning increased fitness by 5.79839176673147e-10 to -0.2573613572569861 adjusted 10 weights, 1 bias 
Fine tuning increased fitness by 3.3466096560630376e-10 to -0.25736135692232515 adjusted 10 weights, 1 bias 
Generation 1770 score -0.25736135692232515  error 0.23406141536605712 avg time 272ms
Fine tuning increased fitness by 1.9968911924017618e-7 to -0.2573611572332059 adjusted 16 weights, 1 bias 
Fine tuning increased fitness by 7.013087194307488e-8 to -0.25736108710233396 adjusted 16 weights, 1 bias 
Fine tuning increased fitness by 2.13244332192275e-8 to -0.25736106577790074 adjusted 16 weights, 1 bias 
Fine tuning increased fitness by 3.696929862240239e-8 to -0.2573610288086021 adjusted 16 weights, 1 bias 
Fine tuning increased fitness by 5.209438669329103e-8 to -0.25736097671421543 adjusted 16 weights, 1 bias 
Fine tuning increased fitness by 5.410306924691355e-9 to -0.2573609713039085 adjusted 16 weights, 1 bias 
Generation 1780 score -0.2573609713039085  error 0.23406102974770662 avg time 264ms
Fine tuning increased fitness by 2.903111473440134e-9 to -0.25736096840079703 adjusted 16 weights, 1 bias 
Fine tuning increased fitness by 3.808753701317613e-9 to -0.25736096459204333 adjusted 16 weights, 1 bias 
Fine tuning increased fitness by 5.681111636679503e-9 to -0.2573609589109317 adjusted 16 weights, 1 bias 
Fine tuning increased fitness by 4.742795212120399e-9 to -0.2573609541681365 adjusted 16 weights, 1 bias 
Fine tuning increased fitness by 1.513597081004292e-9 to -0.2573609526545394 adjusted 16 weights, 1 bias 
Fine tuning increased fitness by 8.669291395868584e-10 to -0.25736095178761026 adjusted 16 weights, 1 bias 
Fine tuning increased fitness by 9.380006771309013e-10 to -0.2573609508496096 adjusted 16 weights, 1 bias 
Generation 1789 score -0.2573609508496096  error 0.2340610092934057 avg time 237ms
{
  error: 0.2340610092934057,
  score: -0.2573609508496096,
  generation: 1789,
  time: 300070,
  startScore: -0.25745266812318945
}
NYSE score: -0.15063085415563404
process (poor score) NYSE score: -0.15063085415563404
try ../GRQ-portfolio/best/exchange/v1/NYSE.json
loaded ../GRQ-portfolio/best/exchange/v1/NYSE.json
6 mutations, mutation rate 28.8%, elitism 7, mutation ALL, selection FITNESS_PROPORTIONATE
Creature count: 10
Training 93da2b9d with 1 binary file, target error: 0.05, iterations: 1, sample rate: 100%, sparse: 23.8%
Fine tuning increased fitness by 9.948127342451762e-7 to -0.15062918391086363 adjusted 2 weights, 1 bias 
Fine tuning increased fitness by 4.863545677302739e-10 to -0.15062845394785884 adjusted 1 weight 
Generation 10 score -0.15062838631009268  error 0.12732846052813213 avg time 427ms
Training b4c0bfc1 with 1 binary file, target error: 0.05, iterations: 1, sample rate: 100%, sparse: 23.8%
Fine tuning increased fitness by 3.4721544667215554e-8 to -0.15062831966552323 adjusted 2 weights 
Fine tuning increased fitness by 1.5306627215716517e-8 to -0.15062830435889601 adjusted 2 weights 
Training d7f8c4c3 with 1 binary file, target error: 0.05, iterations: 1, sample rate: 100%, sparse: 23.8%
Generation 20 score -0.15062830435889601  error 0.12732837857691598 avg time 263ms
Training 99ab300e with 1 binary file, target error: 0.05, iterations: 1, sample rate: 100%, sparse: 23.8%
Generation 30 score -0.15062830385380163  error 0.12732837807182346 avg time 276ms
Fine tuning increased fitness by 0.000001543893886152281 to -0.15062507657531587 adjusted 2 weights 
Training 80f108e3 with 1 binary file, target error: 0.05, iterations: 1, sample rate: 100%, sparse: 23.8%
Fine tuning increased fitness by 2.404844256231886e-7 to -0.15062483609089025 adjusted 2 weights 
Fine tuning increased fitness by 6.775632971356416e-9 to -0.15062482931525728 adjusted 2 weights 
Training 7fa5671a with 1 binary file, target error: 0.05, iterations: 1, sample rate: 100%, sparse: 23.8%
Fine tuning increased fitness by 6.902886068305136e-9 to -0.1506248224123712 adjusted 2 weights 
Generation 40 score -0.1506248224123712  error 0.12732489663061877 avg time 253ms
Fine tuning increased fitness by 1.498736829086411e-8 to -0.15062480742500292 adjusted 2 weights 
Training 9839f6b5 with 1 binary file, target error: 0.05, iterations: 1, sample rate: 100%, sparse: 23.8%
Training 002b0cff with 1 binary file, target error: 0.05, iterations: 1, sample rate: 100%, sparse: 23.8%
Generation 50 score -0.15062480742500292  error 0.12732488164325642 avg time 251ms
Training 778a5979 with 1 binary file, target error: 0.05, iterations: 1, sample rate: 100%, sparse: 23.8%
Generation 60 score -0.15062480742500292  error 0.12732488164325642 avg time 251ms
Generation 70 score -0.15062480742500292  error 0.12732488164325642 avg time 305ms
Training a9cb7cf5 with 1 binary file, target error: 0.05, iterations: 1, sample rate: 100%, sparse: 23.8%
Fine tuning increased fitness by 3.6913835876895007e-10 to -0.15062480705586456 adjusted 2 weights 
Fine tuning increased fitness by 1.2526015780167654e-9 to -0.15062480580326298 adjusted 2 weights 
Fine tuning increased fitness by 2.1783713721745812e-10 to -0.15062480558542585 adjusted 2 weights 
Fine tuning increased fitness by 3.957639771456911e-11 to -0.15062480554584945 adjusted 2 weights 
Generation 80 score -0.15062480554584945  error 0.12732487976410295 avg time 370ms
Training be1913bc with 1 binary file, target error: 0.05, iterations: 1, sample rate: 100%, sparse: 23.8%
Generation 90 score -0.15062480554584945  error 0.12732487976410295 avg time 373ms
Generation 100 score -0.15062480554584945  error 0.12732487976410295 avg time 374ms
Training e7f9e75d with 1 binary file, target error: 0.05, iterations: 1, sample rate: 100%, sparse: 23.8%
Generation 110 score -0.15062480389433291  error 0.1273248781125852 avg time 311ms
Training 3514482c with 1 binary file, target error: 0.05, iterations: 1, sample rate: 100%, sparse: 23.8%
Generation 120 score -0.15062480389433291  error 0.1273248781125852 avg time 210ms
Generation 130 score -0.15062480389433291  error 0.1273248781125852 avg time 208ms
Training 05c3df5d with 1 binary file, target error: 0.05, iterations: 1, sample rate: 100%, sparse: 23.8%
Training fb55c5fb with 1 binary file, target error: 0.05, iterations: 1, sample rate: 100%, sparse: 23.8%
Generation 140 score -0.15062480389433291  error 0.1273248781125852 avg time 225ms
Generation 150 score -0.15062480389433291  error 0.1273248781125852 avg time 241ms
Training 1974e0ca with 1 binary file, target error: 0.05, iterations: 1, sample rate: 100%, sparse: 23.8%
Generation 160 score -0.15062480302118514  error 0.12732487723943742 avg time 220ms
Training 92d23567 with 1 binary file, target error: 0.05, iterations: 1, sample rate: 100%, sparse: 23.8%
Fine tuning increased fitness by 1.2869004750726276e-9 to -0.15062480128338043 adjusted 13 weights, 2 biases 
Fine tuning increased fitness by 1.4147211457871123e-9 to -0.1506247998686593 adjusted 13 weights, 2 biases 
Fine tuning increased fitness by 4.26598559255531e-9 to -0.1506247956026737 adjusted 13 weights, 2 biases 
Fine tuning increased fitness by 2.387443354123775e-9 to -0.15062479321523034 adjusted 13 weights, 2 biases 
Fine tuning increased fitness by 1.0715713039122221e-9 to -0.15062479214365904 adjusted 13 weights, 2 biases 
Fine tuning increased fitness by 3.047585350746118e-9 to -0.15062478909607369 adjusted 11 weights, 2 biases 
Fine tuning increased fitness by 5.02018876469279e-9 to -0.15062478407588492 adjusted 11 weights, 2 biases 
Generation 170 score -0.15062478407588492  error 0.1273248582941373 avg time 270ms
Fine tuning increased fitness by 6.367406435447975e-9 to -0.15062477770847849 adjusted 11 weights, 2 biases 
Fine tuning increased fitness by 5.029650224086524e-9 to -0.15062477056199172 adjusted 12 weights, 2 biases 
Fine tuning increased fitness by 4.17794646101477e-9 to -0.15062476638404526 adjusted 12 weights, 2 biases 
Fine tuning increased fitness by 6.909289390621964e-9 to -0.15062475947475587 adjusted 12 weights, 2 biases 
Training 6bcc5e92 with 1 binary file, target error: 0.05, iterations: 1, sample rate: 100%, sparse: 23.8%
Fine tuning increased fitness by 2.751632477426824e-8 to -0.15062472063979515 adjusted 8 weights 
Fine tuning increased fitness by 4.9214385539064764e-8 to -0.1506246714254096 adjusted 8 weights 
Fine tuning increased fitness by 9.486813248860138e-8 to -0.15062457655727712 adjusted 8 weights 
Fine tuning increased fitness by 1.7555033193783487e-7 to -0.15062440100694519 adjusted 8 weights 
Generation 180 score -0.15062440100694519  error 0.12732447522519397 avg time 289ms
Fine tuning increased fitness by 3.293180073637991e-7 to -0.15062407168893782 adjusted 8 weights 
Fine tuning increased fitness by 0.0000010826139903163945 to -0.1506229890749475 adjusted 11 weights, 2 biases 
Fine tuning increased fitness by 0.0000033288862881508674 to -0.1506178198946128 adjusted 11 weights, 2 biases 
Fine tuning increased fitness by 0.000005028395221678972 to -0.1506127914993911 adjusted 11 weights, 2 biases 
Fine tuning increased fitness by 0.000014754027404445536 to -0.15059803747198666 adjusted 12 weights, 2 biases 
Fine tuning increased fitness by 0.00002012297621717396 to -0.1505779144957695 adjusted 12 weights, 2 biases 
Training aae9874b with 1 binary file, target error: 0.05, iterations: 1, sample rate: 100%, sparse: 23.8%
Fine tuning increased fitness by 0.000007725916847362013 to -0.15057018857892213 adjusted 12 weights, 2 biases 
Generation 190 score -0.15057018857892213  error 0.12727026279612402 avg time 346ms
Fine tuning increased fitness by 1.107570904435029e-8 to -0.15057017750321308 adjusted 11 weights, 2 biases 
Fine tuning increased fitness by 1.7922603928743897e-8 to -0.15057015958060915 adjusted 11 weights, 2 biases 
Fine tuning increased fitness by 1.6645537309623037e-8 to -0.15057013438139646 adjusted 11 weights, 2 biases 
Fine tuning increased fitness by 1.483938985580302e-8 to -0.1505701195420066 adjusted 11 weights, 2 biases 
Fine tuning increased fitness by 3.236429985120637e-9 to -0.15057011630557662 adjusted 10 weights, 2 biases 
Fine tuning increased fitness by 2.892909523044551e-10 to -0.15057011601628567 adjusted 10 weights, 2 biases 
Fine tuning increased fitness by 1.048841874462525e-9 to -0.1505701149674438 adjusted 10 weights, 2 biases 
Generation 200 score -0.150570109216933  error 0.127270183434121 avg time 397ms
Fine tuning increased fitness by 4.672932235605387e-9 to -0.15057010454400077 adjusted 10 weights, 2 biases 
Fine tuning increased fitness by 6.734142937725451e-9 to -0.15057009780985783 adjusted 10 weights, 2 biases 
Training ebccbc0b with 1 binary file, target error: 0.05, iterations: 1, sample rate: 100%, sparse: 23.8%
Fine tuning increased fitness by 1.0363461394602425e-8 to -0.15057008744639644 adjusted 10 weights, 2 biases 
Fine tuning increased fitness by 1.6716742573530396e-8 to -0.15057007072965387 adjusted 10 weights, 2 biases 
Training 06679391 with 1 binary file, target error: 0.05, iterations: 1, sample rate: 100%, sparse: 23.8%
Fine tuning increased fitness by 2.4787134650372522e-8 to -0.15057004594251922 adjusted 10 weights, 2 biases 
Fine tuning increased fitness by 4.1568803843539115e-8 to -0.15057000437371537 adjusted 10 weights, 2 biases 
Fine tuning increased fitness by 6.377274003321887e-8 to -0.15056994060097534 adjusted 10 weights, 2 biases 
Fine tuning increased fitness by 1.1885043399439965e-7 to -0.15056982175054134 adjusted 10 weights, 2 biases 
Fine tuning increased fitness by 2.4795128733545724e-7 to -0.15056938746844062 adjusted 10 weights, 2 biases 
Generation 210 score -0.15056938746844062  error 0.12726946168562886 avg time 413ms
Fine tuning increased fitness by 2.8802963764062994e-7 to -0.15056909943880298 adjusted 10 weights, 2 biases 
Fine tuning increased fitness by 3.044630171311624e-7 to -0.15056879497578585 adjusted 10 weights, 2 biases 
Fine tuning increased fitness by 6.586592993240714e-9 to -0.15056878838919285 adjusted 9 weights, 2 biases 
Fine tuning increased fitness by 3.8235239113726394e-8 to -0.15056875015395374 adjusted 9 weights, 2 biases 
Fine tuning increased fitness by 5.012787326896806e-8 to -0.15056870002608047 adjusted 9 weights, 2 biases 
Fine tuning increased fitness by 6.650846159916846e-8 to -0.15056863351761887 adjusted 9 weights, 2 biases 
Fine tuning increased fitness by 2.314355007082547e-7 to -0.15056840208211816 adjusted 9 weights, 2 biases 
Fine tuning increased fitness by 3.2981899206196985e-7 to -0.1505680722631261 adjusted 9 weights, 2 biases 
Fine tuning increased fitness by 4.361225079130282e-7 to -0.1505676361406182 adjusted 9 weights, 2 biases 
Generation 220 score -0.1505676361406182  error 0.12726771035780718 avg time 445ms
Fine tuning increased fitness by 7.405141921879022e-7 to -0.150566895626426 adjusted 9 weights, 2 biases 
Fine tuning increased fitness by 0.0000031598751825956395 to -0.1505637357512434 adjusted 9 weights, 2 biases 
Training c83a8416 with 1 binary file, target error: 0.05, iterations: 1, sample rate: 100%, sparse: 23.8%
Fine tuning increased fitness by 0.0000027528219839756396 to -0.15055509437440034 adjusted 9 weights, 2 biases 
Fine tuning increased fitness by 3.205747573786777e-7 to -0.15055477379964297 adjusted 9 weights, 2 biases 
Fine tuning increased fitness by 3.3072092286978716e-7 to -0.1505544430787201 adjusted 9 weights, 2 biases 
Fine tuning increased fitness by 5.158702983676378e-7 to -0.15055392720842173 adjusted 9 weights, 2 biases 
Fine tuning increased fitness by 4.906107951840877e-7 to -0.15055343659762654 adjusted 9 weights, 2 biases 
Fine tuning increased fitness by 5.99498704900725e-7 to -0.15055283709892164 adjusted 9 weights, 2 biases 
Generation 230 score -0.15055283709892164  error 0.12725291131612185 avg time 426ms
Fine tuning increased fitness by 0.0000017116118878057751 to -0.15055112548703384 adjusted 9 weights, 2 biases 
Training 38aabb46 with 1 binary file, target error: 0.05, iterations: 1, sample rate: 100%, sparse: 23.8%
Fine tuning increased fitness by 0.0000035101042005492022 to -0.1505476153828333 adjusted 9 weights, 2 biases 
Fine tuning increased fitness by 0.0000045120784686047966 to -0.15054310330436468 adjusted 9 weights, 2 biases 
Fine tuning increased fitness by 0.000006386372461586465 to -0.1505367169319031 adjusted 9 weights, 2 biases 
Fine tuning increased fitness by 0.000015322987837101953 to -0.15051402972644168 adjusted 9 weights, 2 biases 
Fine tuning increased fitness by 0.000004339013251364321 to -0.15050969071319031 adjusted 9 weights, 2 biases 
Fine tuning increased fitness by 0.0000017278851676960638 to -0.15050796282802262 adjusted 9 weights, 2 biases 
Fine tuning increased fitness by 8.127461176288264e-7 to -0.150507150081905 adjusted 9 weights, 2 biases 
Generation 240 score -0.15050677669269044  error 0.12720685091008765 avg time 406ms
Fine tuning increased fitness by 3.0901628025881145e-7 to -0.15050646767641018 adjusted 1 bias 
Fine tuning increased fitness by 2.109034141772881e-8 to -0.15050644658606877 adjusted 1 bias 
Fine tuning increased fitness by 2.182045803489352e-7 to -0.15050615150703278 adjusted 1 weight, 1 bias 
Fine tuning increased fitness by 3.604928049127931e-7 to -0.15050579101422787 adjusted 1 weight, 1 bias 
Training 2f536223 with 1 binary file, target error: 0.05, iterations: 1, sample rate: 100%, sparse: 23.8%
Fine tuning increased fitness by 4.397709096048974e-7 to -0.15050535124331826 adjusted 1 weight, 1 bias 
Fine tuning increased fitness by 5.15634157594036e-7 to -0.15050483560916067 adjusted 1 weight, 1 bias 
Fine tuning increased fitness by 3.3522093434434908e-9 to -0.15050483225695133 adjusted 1 weight, 1 bias 
Fine tuning increased fitness by 1.9376089344103065e-9 to -0.1505048303193424 adjusted 1 weight, 1 bias 
Fine tuning increased fitness by 5.45723605194226e-10 to -0.1505048297736188 adjusted 1 weight, 1 bias 
Generation 250 score -0.1505048297736188  error 0.12720490399115653 avg time 355ms
Fine tuning increased fitness by 1.4296089312360039e-10 to -0.15050482352612646 adjusted 1 weight, 1 bias 
Fine tuning increased fitness by 3.4721808761517536e-10 to -0.15050482317890837 adjusted 1 weight, 1 bias 
Fine tuning increased fitness by 2.0683360579809573e-10 to -0.15050482297207476 adjusted 1 weight, 1 bias 
Generation 260 score -0.15050482297207476  error 0.1272048971896217 avg time 263ms
Training 340b29bc with 1 binary file, target error: 0.05, iterations: 1, sample rate: 100%, sparse: 23.8%
Generation 270 score -0.15050482297207476  error 0.1272048971896217 avg time 253ms
Training f805ec82 with 1 binary file, target error: 0.05, iterations: 1, sample rate: 100%, sparse: 23.8%
Fine tuning increased fitness by 2.8585467326536218e-11 to -0.15050482290067294 adjusted 1 weight, 1 bias 
Training 735da721 with 1 binary file, target error: 0.05, iterations: 1, sample rate: 100%, sparse: 23.8%
Generation 280 score -0.1505048227680651  error 0.12720489698561163 avg time 249ms
Training 700f4839 with 1 binary file, target error: 0.05, iterations: 1, sample rate: 100%, sparse: 23.8%
Training 6c4a64ef with 1 binary file, target error: 0.05, iterations: 1, sample rate: 100%, sparse: 23.8%
Generation 290 score -0.1505048227680651  error 0.12720489698561163 avg time 263ms
Generation 300 score -0.1505048227680651  error 0.12720489698561163 avg time 258ms
Training 6640a126 with 1 binary file, target error: 0.05, iterations: 1, sample rate: 100%, sparse: 23.8%
Generation 310 score -0.1505048227680651  error 0.12720489698561163 avg time 381ms
Generation 320 score -0.1505048227680651  error 0.12720489698561163 avg time 403ms
Training 8f5bbc33 with 1 binary file, target error: 0.05, iterations: 1, sample rate: 100%, sparse: 23.8%
Fine tuning increased fitness by 6.393377494084973e-11 to -0.15050482270413132 adjusted 1 weight, 1 bias 
Generation 330 score -0.15050482270413132  error 0.12720489692167844 avg time 415ms
Fine tuning increased fitness by 1.612753541824219e-10 to -0.15050482254285596 adjusted 1 weight, 1 bias 
Training ca3bc559 with 1 binary file, target error: 0.05, iterations: 1, sample rate: 100%, sparse: 23.8%
Generation 340 score -0.15050482254285596  error 0.1272048967604028 avg time 405ms
Generation 350 score -0.15050482254285596  error 0.1272048967604028 avg time 387ms
Training ba61d042 with 1 binary file, target error: 0.05, iterations: 1, sample rate: 100%, sparse: 23.8%
Generation 360 score -0.15050482254285596  error 0.1272048967604028 avg time 288ms
Training 8b781b8e with 1 binary file, target error: 0.05, iterations: 1, sample rate: 100%, sparse: 23.8%
Training 681804e7 with 1 binary file, target error: 0.05, iterations: 1, sample rate: 100%, sparse: 23.8%
Generation 370 score -0.15050482254285596  error 0.1272048967604028 avg time 257ms
Training 43169a73 with 1 binary file, target error: 0.05, iterations: 1, sample rate: 100%, sparse: 23.8%
Generation 380 score -0.15050482254285596  error 0.1272048967604028 avg time 249ms
Fine tuning increased fitness by 2.7301342020447095e-9 to -0.15050481981272176 adjusted 5 weights, 2 biases 
Training 6884f731 with 1 binary file, target error: 0.05, iterations: 1, sample rate: 100%, sparse: 23.8%
Fine tuning increased fitness by 3.341152271518766e-9 to -0.1505048164715695 adjusted 5 weights, 2 biases 
Fine tuning increased fitness by 9.283289970074549e-10 to -0.1505048155432405 adjusted 5 weights, 2 biases 
Training 30a60ffb with 1 binary file, target error: 0.05, iterations: 1, sample rate: 100%, sparse: 23.8%
Fine tuning increased fitness by 4.839123546318547e-10 to -0.15050481505932814 adjusted 5 weights, 2 biases 
Fine tuning increased fitness by 6.461350621211892e-10 to -0.15050481441319308 adjusted 5 weights, 2 biases 
Generation 390 score -0.15050481441319308  error 0.12720488863073925 avg time 255ms
Fine tuning increased fitness by 6.072123359679438e-11 to -0.15050481435247184 adjusted 5 weights, 2 biases 
Training 4e2cf967 with 1 binary file, target error: 0.05, iterations: 1, sample rate: 100%, sparse: 23.8%
Training a702a82b with 1 binary file, target error: 0.05, iterations: 1, sample rate: 100%, sparse: 23.8%
Training 4e2cf967 increased fitness by 4.747504056545893e-10 to -0.15050481387772144
Generation 400 score -0.15050481387772144  error 0.127204888095268 avg time 263ms
Fine tuning increased fitness by 1.1802776755942546e-8 to -0.15050480207494468 adjusted 1 bias 
Fine tuning increased fitness by 9.789892840839087e-9 to -0.15050479228505184 adjusted 1 bias 
Fine tuning increased fitness by 3.963583572463847e-9 to -0.15050478832146827 adjusted 1 bias 
Training 91ec8d06 with 1 binary file, target error: 0.05, iterations: 1, sample rate: 100%, sparse: 23.8%
Generation 410 score -0.15050478832146827  error 0.12720486253901497 avg time 239ms
Generation 420 score -0.15050478832146827  error 0.12720486253901497 avg time 238ms
Fine tuning increased fitness by 3.402010062547589e-10 to -0.15050478798126726 adjusted 1 bias 
Generation 430 score -0.15050478798126726  error 0.12720486219881397 avg time 260ms
Training 0d0dfec7 with 1 binary file, target error: 0.05, iterations: 1, sample rate: 100%, sparse: 23.8%
Generation 440 score -0.15050478798126726  error 0.12720486219881397 avg time 254ms
Fine tuning increased fitness by 1.4806111614529271e-9 to -0.1505047865006561 adjusted 1 bias 
Generation 450 score -0.1505047865006561  error 0.12720486071820283 avg time 260ms
Generation 460 score -0.1505047865006561  error 0.12720486071820283 avg time 260ms
Training b835b57c with 1 binary file, target error: 0.05, iterations: 1, sample rate: 100%, sparse: 23.8%
Generation 470 score -0.1505047865006561  error 0.12720486071820283 avg time 207ms
Generation 480 score -0.1505047865006561  error 0.12720486071820283 avg time 160ms
Training a0dbcc32 with 1 binary file, target error: 0.05, iterations: 1, sample rate: 100%, sparse: 23.8%
Generation 490 score -0.1505047865006561  error 0.12720486071820283 avg time 161ms
Training 4ebe599c with 1 binary file, target error: 0.05, iterations: 1, sample rate: 100%, sparse: 23.8%
Generation 500 score -0.1505047865006561  error 0.12720486071820283 avg time 159ms
Training af598865 with 1 binary file, target error: 0.05, iterations: 1, sample rate: 100%, sparse: 23.8%
Generation 510 score -0.1505047865006561  error 0.12720486071820283 avg time 163ms
Training a84071ca with 1 binary file, target error: 0.05, iterations: 1, sample rate: 100%, sparse: 23.8%
Generation 520 score -0.1505047865006561  error 0.12720486071820283 avg time 164ms
Training 06c56c56 with 1 binary file, target error: 0.05, iterations: 1, sample rate: 100%, sparse: 23.8%
Generation 530 score -0.1505047865006561  error 0.12720486071820283 avg time 186ms
Generation 540 score -0.1505047865006561  error 0.12720486071820283 avg time 243ms
Generation 550 score -0.1505047865006561  error 0.12720486071820283 avg time 243ms
Generation 560 score -0.1505047865006561  error 0.12720486071820283 avg time 218ms
Training da333b18 with 1 binary file, target error: 0.05, iterations: 1, sample rate: 100%, sparse: 23.8%
Generation 570 score -0.1505047865006561  error 0.12720486071820283 avg time 251ms
Generation 580 score -0.1505047865006561  error 0.12720486071820283 avg time 249ms
Generation 590 score -0.1505047865006561  error 0.12720486071820283 avg time 158ms
Training c27aa38f with 1 binary file, target error: 0.05, iterations: 1, sample rate: 100%, sparse: 23.8%
Generation 600 score -0.1505047865006561  error 0.12720486071820283 avg time 153ms
Generation 610 score -0.1505047865006561  error 0.12720486071820283 avg time 137ms
Generation 620 score -0.1505047865006561  error 0.12720486071820283 avg time 125ms
Generation 630 score -0.1505047865006561  error 0.12720486071820283 avg time 120ms
Training 4b9e243f with 1 binary file, target error: 0.05, iterations: 1, sample rate: 100%, sparse: 23.8%
Generation 640 score -0.1505047865006561  error 0.12720486071820283 avg time 188ms
Generation 650 score -0.1505047865006561  error 0.12720486071820283 avg time 241ms
Generation 660 score -0.1505047865006561  error 0.12720486071820283 avg time 239ms
Generation 670 score -0.1505047865006561  error 0.12720486071820283 avg time 223ms
Generation 680 score -0.1505047865006561  error 0.12720486071820283 avg time 154ms
Generation 690 score -0.1505047865006561  error 0.12720486071820283 avg time 124ms
Training d084fa39 with 1 binary file, target error: 0.05, iterations: 1, sample rate: 100%, sparse: 23.8%
Generation 700 score -0.1505047865006561  error 0.12720486071820283 avg time 133ms
Generation 710 score -0.1505047865006561  error 0.12720486071820283 avg time 139ms
Generation 720 score -0.1505047865006561  error 0.12720486071820283 avg time 143ms
Generation 730 score -0.1505047865006561  error 0.12720486071820283 avg time 127ms
Generation 740 score -0.1505047865006561  error 0.12720486071820283 avg time 126ms
Generation 750 score -0.1505047865006561  error 0.12720486071820283 avg time 125ms
Generation 760 score -0.1505047865006561  error 0.12720486071820283 avg time 123ms
Training 7bc186b9 with 1 binary file, target error: 0.05, iterations: 1, sample rate: 100%, sparse: 23.8%
Generation 770 score -0.1505047865006561  error 0.12720486071820283 avg time 182ms
Generation 780 score -0.1505047865006561  error 0.12720486071820283 avg time 259ms
Generation 790 score -0.1505047865006561  error 0.12720486071820283 avg time 241ms
Generation 800 score -0.1505047865006561  error 0.12720486071820283 avg time 236ms
Generation 810 score -0.1505047865006561  error 0.12720486071820283 avg time 235ms
Training f4f80209 with 1 binary file, target error: 0.05, iterations: 1, sample rate: 100%, sparse: 23.8%
Generation 820 score -0.1505047865006561  error 0.12720486071820283 avg time 221ms
Generation 830 score -0.1505047865006561  error 0.12720486071820283 avg time 149ms
Generation 840 score -0.1505047865006561  error 0.12720486071820283 avg time 127ms
Generation 850 score -0.1505047865006561  error 0.12720486071820283 avg time 123ms
Generation 860 score -0.1505047865006561  error 0.12720486071820283 avg time 124ms
Generation 870 score -0.1505047865006561  error 0.12720486071820283 avg time 122ms
Generation 880 score -0.1505047865006561  error 0.12720486071820283 avg time 149ms
Generation 890 score -0.1505047865006561  error 0.12720486071820283 avg time 244ms
Generation 900 score -0.1505047865006561  error 0.12720486071820283 avg time 230ms
Generation 910 score -0.1505047865006561  error 0.12720486071820283 avg time 232ms
Generation 920 score -0.1505047865006561  error 0.12720486071820283 avg time 146ms
Generation 930 score -0.1505047865006561  error 0.12720486071820283 avg time 122ms
Generation 940 score -0.1505047865006561  error 0.12720486071820283 avg time 126ms
Generation 950 score -0.1505047865006561  error 0.12720486071820283 avg time 130ms
Generation 960 score -0.1505047865006561  error 0.12720486071820283 avg time 130ms
Generation 970 score -0.1505047865006561  error 0.12720486071820283 avg time 135ms
Generation 980 score -0.1505047865006561  error 0.12720486071820283 avg time 128ms
Generation 990 score -0.1505047865006561  error 0.12720486071820283 avg time 129ms
Generation 1000 score -0.1505047865006561  error 0.12720486071820283 avg time 125ms
Generation 1010 score -0.1505047865006561  error 0.12720486071820283 avg time 125ms
Training 5ed1e5a9 with 1 binary file, target error: 0.05, iterations: 1, sample rate: 100%, sparse: 23.8%
Generation 1020 score -0.1505047865006561  error 0.12720486071820283 avg time 126ms
Generation 1030 score -0.1505047865006561  error 0.12720486071820283 avg time 164ms
Generation 1040 score -0.1505047865006561  error 0.12720486071820283 avg time 334ms
Generation 1050 score -0.1505047865006561  error 0.12720486071820283 avg time 290ms
Generation 1060 score -0.1505047865006561  error 0.12720486071820283 avg time 249ms
Generation 1070 score -0.1505047865006561  error 0.12720486071820283 avg time 237ms
Generation 1080 score -0.1505047865006561  error 0.12720486071820283 avg time 222ms
Generation 1090 score -0.1505047865006561  error 0.12720486071820283 avg time 247ms
Generation 1100 score -0.1505047865006561  error 0.12720486071820283 avg time 260ms
Generation 1110 score -0.1505047865006561  error 0.12720486071820283 avg time 261ms
Generation 1120 score -0.1505047865006561  error 0.12720486071820283 avg time 244ms
Generation 1130 score -0.1505047865006561  error 0.12720486071820283 avg time 246ms
Generation 1140 score -0.1505047865006561  error 0.12720486071820283 avg time 237ms
Generation 1150 score -0.1505047865006561  error 0.12720486071820283 avg time 260ms
Generation 1160 score -0.1505047865006561  error 0.12720486071820283 avg time 255ms
Generation 1170 score -0.1505047865006561  error 0.12720486071820283 avg time 261ms
Generation 1180 score -0.1505047865006561  error 0.12720486071820283 avg time 250ms
Generation 1190 score -0.1505047865006561  error 0.12720486071820283 avg time 254ms
Generation 1200 score -0.1505047865006561  error 0.12720486071820283 avg time 252ms
Generation 1210 score -0.1505047865006561  error 0.12720486071820283 avg time 254ms
Generation 1220 score -0.1505047865006561  error 0.12720486071820283 avg time 292ms
Generation 1230 score -0.1505047865006561  error 0.12720486071820283 avg time 244ms
Generation 1240 score -0.1505047865006561  error 0.12720486071820283 avg time 233ms
Generation 1250 score -0.1505047865006561  error 0.12720486071820283 avg time 252ms
Generation 1260 score -0.1505047865006561  error 0.12720486071820283 avg time 237ms
Generation 1270 score -0.1505047865006561  error 0.12720486071820283 avg time 245ms
Generation 1278 score -0.1505047865006561  error 0.12720486071820283 avg time 195ms
{
  error: 0.12720486071820283,
  score: -0.1505047865006561,
  generation: 1278,
  time: 300067,
  startScore: -0.15063085415563404
}
AMEX score: -0.0001
process (poor score) AMEX score: -0.0001
try ../GRQ-portfolio/best/exchange/v1/AMEX.json
loaded ../GRQ-portfolio/best/exchange/v1/AMEX.json
1 mutation, mutation rate 5.0%, elitism 2, mutation FFW, selection FITNESS_PROPORTIONATE
Creature count: 10
Training 60468447 with 1 binary file, target error: 0.05, iterations: 1, sample rate: 100%, sparse: 21.1%
Generation 1 score -0.0001  error 0 avg time 34ms
Waiting for training to complete
Generation 2 score -0.0001  error 0 avg time 18ms
Waiting for training clean up 2
Generation 3 score -0.0001  error 0 avg time 14ms
Waiting for training clean up 1
Generation 4 score -0.0001  error 0 avg time 10ms
{
  error: 0,
  score: -0.0001,
  generation: 4,
  time: 1341,
  startScore: -0.0001
}
GIT pull --rebase --autostash 1 of 12
Already up to date.
[main d62ec2a] Mac Improved exchange models
 3 files changed, 357 insertions(+), 260 deletions(-)
To github.com:stSoftwareAU/GRQ-exchange.git
   26069ff..d62ec2a  main -> main
