================ Clean up START ================
Version 1.3.3
Disk usage:
Filesystem        Size  Used Avail Use% Mounted on
devtmpfs          4.0M     0  4.0M   0% /dev
tmpfs             7.7G     0  7.7G   0% /dev/shm
tmpfs             3.1G  448K  3.1G   1% /run
/dev/nvme0n1p1     40G  2.4G   38G   6% /
tmpfs             7.7G  4.0K  7.7G   1% /tmp
/dev/nvme0n1p128   10M  1.4M  8.7M  14% /boot/efi
/dev/nvme1n1      434G  1.6G  410G   1% /data
tmpfs             1.6G     0  1.6G   0% /run/user/1001
Uptime:  06:03:23 up  8:09,  0 users,  load average: 2.19, 4.22, 4.48
USER         PID    PPID COMMAND
GRQ        22480   22434 (sd-pam)
GRQ        22601   22206 /bin/bash /data/GRQ/run.sh --option=fx
GRQ        26612   22601 /bin/bash ./check_spot_termination.sh
GRQ       106689   22601 /bin/bash ./run.sh --run-once
GRQ       106703   26612 sleep 5
GRQ       106708  106689 /bin/bash worker/node.sh
GRQ       106717  106708 ps -U GRQ -o user,pid,ppid,command
Host: ip-10-0-33-87
IP: 10.0.33.87
Number of CPUs: 8
Available Memory: 15Gi
================ Clean up ENDED ================
Use local deno
PATH: /data/GRQ/.deno/bin:/usr/local/sbin:/usr/local/bin:/usr/sbin:/usr/bin:/sbin:/bin:/var/lib/snapd/snap/bin
deno 2.4.3 (stable, release, aarch64-unknown-linux-gnu)
v8 13.7.152.14-rusty
typescript 5.8.3
aws-cli/2.23.11 Python/3.9.21 Linux/6.1.130-139.222.amzn2023.aarch64 source/aarch64.amzn.2023
Option: fx
Starting FX... Wed Aug  6 06:03:24 AM UTC 2025
📥 Pulling GRQ-FX-models with --ours strategy...
📦 No local changes or untracked files - checking remote state
🔄 Resetting to remote state (commit: 64279dc7)
HEAD is now at 64279dc ip-10-0-33-87 Improved FX models
✅ Successfully reset to remote state - all models updated by another machine
✅ GRQ-FX-models pull succeeded in 7 seconds
Already up to date.
Starting ... Fetching S3 checksum file from: s3://grq-trainingdata/trainData-fx_c_88/checksum.sha256
Checksum matches. Skipping data file download.
🧹 Removing: trainData-fx_c_*
📥 Pulling GRQ-portfolio with --ours strategy...
📦 No local changes or untracked files - checking remote state
🔄 Resetting to remote state (commit: 6efea1f5)
HEAD is now at 6efea1f REJECTED 38.66% -> 29.83% Delta -8.831
✅ Successfully reset to remote state - all models updated by another machine
✅ GRQ-portfolio pull succeeded in 7 seconds
FX pairs to process: 10

=== Processing EURCNY (1/10) ===
1 mutation, mutation rate 23.3%, elitism 3, mutation FFW, selection POWER
Creature count: 48
Training 6d7c0ba9 with 1 binary file, target error: 0.000001, iterations: 1, sample rate: 100%, sparse: 100%
Discovery 6d7c0ba9 with 1 binary files, sample rate: 100%, batch size: 512
Discovery 6d7c0ba9 initialize time 89ms
Discovery 6d7c0ba9 processing .trainData-fx_c_88/EURCNY/data.bin
Training 24f63f41 with 1 binary file, target error: 0.000001, iterations: 1, sample rate: 100%, sparse: 100%
Fine tuning increased fitness by 9.094877895243769e-8 to 0.9978865408540532 adjusted 1 weight 
Discovery 6d7c0ba9 read time 9ms for .trainData-fx_c_88/EURCNY/data.bin with 3359 records
Discovery 6d7c0ba9 scanning time 1s 222ms
Fine tuning increased fitness by 3.160744599384202e-8 to 0.9978865724614991 adjusted 1 weight 
Discovery 6d7c0ba9 recorded time 1s 947ms
Training bccce067 with 1 binary file, target error: 0.000001, iterations: 1, sample rate: 100%, sparse: 100%
Fine tuning increased fitness by 1.4256021918512829e-9 to 0.9978865738871013 adjusted 1 weight 
Training 24f63f41 increased fitness by 1.9095577452610257e-8 to 0.9978865929826788
Training 8bc11abe with 1 binary file, target error: 0.000001, iterations: 1, sample rate: 100%, sparse: 100%
Over populated 52, expected 50.
Training a2b88e27 with 1 binary file, target error: 0.000001, iterations: 1, sample rate: 100%, sparse: 100%
Over populated 52, expected 50.
Training 4e5cfb28 with 1 binary file, target error: 0.000001, iterations: 1, sample rate: 100%, sparse: 100%
Fine tuning increased fitness by 1.2268727367370502e-8 to 0.9978867320565882 adjusted 403 weights, 3 biases 
Training cbd7ba47 with 1 binary file, target error: 0.000001, iterations: 1, sample rate: 100%, sparse: 100%
Fine tuning increased fitness by 2.5014213367313687e-8 to 0.9978867570708015 adjusted 403 weights, 3 biases 
Training ed206d8d with 1 binary file, target error: 0.000001, iterations: 1, sample rate: 100%, sparse: 100%
Fine tuning increased fitness by 4.2071574113400345e-8 to 0.9978867991423757 adjusted 1 weight 
Generation 10 score 0.9978867991423757  error 0.002105710022920844 avg time 1s 122ms
Training 7895ea20 with 1 binary file, target error: 0.000001, iterations: 1, sample rate: 100%, sparse: 100%
Fine tuning increased fitness by 1.3150741340339778e-7 to 0.9978869306497891 adjusted 1 weight 
Fine tuning increased fitness by 1.832233530452143e-7 to 0.9978871138731421 adjusted 1 weight 
Training 19b7798f with 1 binary file, target error: 0.000001, iterations: 1, sample rate: 100%, sparse: 100%
Fine tuning increased fitness by 2.459014835087814e-7 to 0.9978873597746256 adjusted 1 weight 
Discovered beneficial synapse from input-1304 to output-2 with weight -1.0000, helping 24.1% more records than it harms (2084/3359)
Discovery 6d7c0ba9 analyze time 10s 921ms found 1 candidates
Fine tuning increased fitness by 4.815852716610891e-7 to 0.9978878413598973 adjusted 1 weight 
Discovered harmful synapse from input-1369 to output-2, harming 16.0% more records than it helps (1411/3359)
Discovery 6d7c0ba9 analyze harmful time 532ms found 1 candidates
Training d377ce75 with 1 binary file, target error: 0.000001, iterations: 1, sample rate: 100%, sparse: 100%
Fine tuning increased fitness by 2.056209646994489e-7 to 0.997888046980862 adjusted 1 weight 
Discovery 6d7c0ba9 analyze squashes time 561ms found 2 candidates, Summary: output-0 LeakyReLU -> LogSigmoid improved: 25.5% error: 3.0770 -> 2.2913,output-2 LeakyReLU -> IDENTITY improved: 22.3% error: 15.0216 -> 11.6692
Fine tuning increased fitness by 1.1157060830768728e-9 to 0.9978880480965681 adjusted 1 weight 
Discovery a68fa149 with 1 binary files, sample rate: 100%, batch size: 512
Discovery a68fa149 initialize time 89ms
Discovery a68fa149 processing .trainData-fx_c_88/EURCNY/data.bin
Training 1546f6db with 1 binary file, target error: 0.000001, iterations: 1, sample rate: 100%, sparse: 100%
Fine tuning increased fitness by 3.995503927711752e-11 to 0.9978880481365231 adjusted 1 weight 
Discovery a68fa149 read time 3ms for .trainData-fx_c_88/EURCNY/data.bin with 3359 records
Discovery a68fa149 scanning time 1s 12ms
Fine tuning increased fitness by 1.0188405674682599e-11 to 0.9978880481467115 adjusted 1 weight 
Discovery a68fa149 recorded time 1s 945ms
Training 83a9cd30 with 1 binary file, target error: 0.000001, iterations: 1, sample rate: 100%, sparse: 100%
Training 0bda2550 with 1 binary file, target error: 0.000001, iterations: 1, sample rate: 100%, sparse: 100%
Fine tuning increased fitness by 5.478106934742044e-8 to 0.9978881126744277 adjusted 430 weights, 3 biases 
Generation 20 score 0.9978881126744277  error 0.0021043964908690734 avg time 902ms
Training 7b9ab5de with 1 binary file, target error: 0.000001, iterations: 1, sample rate: 100%, sparse: 100%
Training 2ca4bd30 with 1 binary file, target error: 0.000001, iterations: 1, sample rate: 100%, sparse: 100%
Fine tuning increased fitness by 3.181272664187773e-7 to 0.99788900659232 adjusted 323 weights, 2 biases 
Training 3fb94580 with 1 binary file, target error: 0.000001, iterations: 1, sample rate: 100%, sparse: 100%
Training ca81bab5 with 1 binary file, target error: 0.000001, iterations: 1, sample rate: 100%, sparse: 100%
Fine tuning increased fitness by 1.3696311040867215e-7 to 0.9978897971245638 adjusted 322 weights, 2 biases 
Training a84f4375 with 1 binary file, target error: 0.000001, iterations: 1, sample rate: 100%, sparse: 100%
Training 39339744 with 1 binary file, target error: 0.000001, iterations: 1, sample rate: 100%, sparse: 100%
Fine tuning increased fitness by 7.216762076822647e-9 to 0.9978898076647459 adjusted 144 weights, 1 bias 
Training 73961c43 with 1 binary file, target error: 0.000001, iterations: 1, sample rate: 100%, sparse: 100%
Fine tuning increased fitness by 1.1363991747614932e-8 to 0.9978898190287376 adjusted 144 weights, 1 bias 
Training d49bb970 with 1 binary file, target error: 0.000001, iterations: 1, sample rate: 100%, sparse: 100%
Fine tuning increased fitness by 8.61642690530573e-9 to 0.9978898276451645 adjusted 144 weights, 1 bias 
Training d97396a7 with 1 binary file, target error: 0.000001, iterations: 1, sample rate: 100%, sparse: 100%
Fine tuning increased fitness by 1.628975276890543e-8 to 0.9978898439349173 adjusted 144 weights, 1 bias 
Fine tuning increased fitness by 2.8990101208492547e-8 to 0.9978898729250185 adjusted 1 weight 
Generation 30 score 0.9978898729250185  error 0.002102626240454344 avg time 1s 80ms
Training e7f4a5c9 with 1 binary file, target error: 0.000001, iterations: 1, sample rate: 100%, sparse: 100%
Fine tuning increased fitness by 3.6016836291175025e-8 to 0.9978899089418548 adjusted 1 weight 
Fine tuning increased fitness by 1.0311600573409407e-8 to 0.9978899192534554 adjusted 1 weight 
Training 8cecf4f6 with 1 binary file, target error: 0.000001, iterations: 1, sample rate: 100%, sparse: 100%
Discovered beneficial synapse from input-1509 to output-4 with weight 0.5980, helping 28.7% more records than it harms (2162/3359)
Discovery a68fa149 analyze time 15s 598ms found 1 candidates
Training efcfcdd4 with 1 binary file, target error: 0.000001, iterations: 1, sample rate: 100%, sparse: 100%
Fine tuning increased fitness by 4.201480163779081e-8 to 0.9978900825449064 adjusted 123 weights, 2 biases 
Discovered harmful synapse from input-825 to output-4, harming 20.8% more records than it helps (1095/3359)
Discovery a68fa149 analyze harmful time 1s 637ms found 1 candidates
Training c779b55b with 1 binary file, target error: 0.000001, iterations: 1, sample rate: 100%, sparse: 100%
Fine tuning increased fitness by 5.319816420712442e-8 to 0.9978901357430706 adjusted 122 weights, 2 biases 
Discovery a68fa149 analyze squashes time 415ms found 2 candidates, Summary: output-0 LeakyReLU -> LogSigmoid improved: 25.5% error: 3.0770 -> 2.2913,output-2 LeakyReLU -> IDENTITY improved: 22.3% error: 15.0152 -> 11.6657
Training 281e6d8f with 1 binary file, target error: 0.000001, iterations: 1, sample rate: 100%, sparse: 100%
Discovery 281e6d8f with 1 binary files, sample rate: 100%, batch size: 512
Discovery 281e6d8f initialize time 89ms
Discovery 281e6d8f processing .trainData-fx_c_88/EURCNY/data.bin
Training ed2976ff with 1 binary file, target error: 0.000001, iterations: 1, sample rate: 100%, sparse: 100%
Discovery 281e6d8f read time 4ms for .trainData-fx_c_88/EURCNY/data.bin with 3359 records
Discovery 281e6d8f scanning time 997ms
Discovery 281e6d8f recorded time 1s 664ms
Fine tuning increased fitness by 8.505321769103347e-8 to 0.9978902705962309 adjusted 33 weights, 1 bias 
Training 190a6b3e with 1 binary file, target error: 0.000001, iterations: 1, sample rate: 100%, sparse: 100%
Fine tuning increased fitness by 8.429952891297887e-8 to 0.9978903548957598 adjusted 33 weights, 1 bias 
Fine tuning increased fitness by 3.689365246639653e-8 to 0.9978903917894123 adjusted 33 weights, 1 bias 
Generation 40 score 0.9978903917894123  error 0.002102107376064065 avg time 949ms
Training 4f091058 with 1 binary file, target error: 0.000001, iterations: 1, sample rate: 100%, sparse: 100%
Fine tuning increased fitness by 5.953393888979974e-9 to 0.9978903977428062 adjusted 33 weights, 1 bias 
Fine tuning increased fitness by 4.572699330296359e-9 to 0.9978904023155055 adjusted 33 weights, 1 bias 
Training f438b29b with 1 binary file, target error: 0.000001, iterations: 1, sample rate: 100%, sparse: 100%
Fine tuning increased fitness by 4.6116790386463435e-9 to 0.9978904069271846 adjusted 33 weights, 1 bias 
Fine tuning increased fitness by 8.150776165116724e-9 to 0.9978904150779607 adjusted 33 weights, 1 bias 
Training 30d08903 with 1 binary file, target error: 0.000001, iterations: 1, sample rate: 100%, sparse: 100%
Fine tuning increased fitness by 1.520189929493654e-8 to 0.99789043027986 adjusted 33 weights, 1 bias 
Fine tuning increased fitness by 2.817306488100968e-8 to 0.9978904584529249 adjusted 33 weights, 1 bias 
Training 159c18fd with 1 binary file, target error: 0.000001, iterations: 1, sample rate: 100%, sparse: 100%
Fine tuning increased fitness by 1.3020214395531582e-7 to 0.9978905886550689 adjusted 123 weights, 2 biases 
Training 98da775c with 1 binary file, target error: 0.000001, iterations: 1, sample rate: 100%, sparse: 100%
Fine tuning increased fitness by 3.0503198622522376e-7 to 0.9978908936870551 adjusted 123 weights, 2 biases 
Training 1bf76098 with 1 binary file, target error: 0.000001, iterations: 1, sample rate: 100%, sparse: 100%
Training 3f8019c9 with 1 binary file, target error: 0.000001, iterations: 1, sample rate: 100%, sparse: 100%
Generation 50 score 0.9978910116721312  error 0.002101487493323565 avg time 950ms
Training bf70efa9 with 1 binary file, target error: 0.000001, iterations: 1, sample rate: 100%, sparse: 100%
Training 28eaa944 with 1 binary file, target error: 0.000001, iterations: 1, sample rate: 100%, sparse: 100%
Training 3f532476 with 1 binary file, target error: 0.000001, iterations: 1, sample rate: 100%, sparse: 100%
Training 79bb9fd2 with 1 binary file, target error: 0.000001, iterations: 1, sample rate: 100%, sparse: 100%
Fine tuning increased fitness by 1.2117182690563055e-7 to 0.9978916576537507 adjusted 1 weight 
Discovered beneficial synapse from input-1509 to output-4 with weight 0.6007, helping 27.0% more records than it harms (2133/3359)
Discovery 281e6d8f analyze time 16s 981ms found 1 candidates
Training f8ed8751 with 1 binary file, target error: 0.000001, iterations: 1, sample rate: 100%, sparse: 100%
Discovered harmful synapse from input-1369 to output-2, harming 16.0% more records than it helps (1410/3359)
Discovery 281e6d8f analyze harmful time 586ms found 1 candidates
Discovery 281e6d8f analyze squashes time 653ms found 2 candidates, Summary: output-0 LeakyReLU -> LogSigmoid improved: 25.5% error: 3.0770 -> 2.2913,output-2 LeakyReLU -> IDENTITY improved: 22.3% error: 15.0152 -> 11.6657
Training 2809b89c with 1 binary file, target error: 0.000001, iterations: 1, sample rate: 100%, sparse: 100%
Fine tuning increased fitness by 3.9814123886650066e-8 to 0.9978917174962448 adjusted 88 weights, 1 bias 
Discovery 2809b89c with 1 binary files, sample rate: 100%, batch size: 512
Discovery 2809b89c initialize time 88ms
Discovery 2809b89c processing .trainData-fx_c_88/EURCNY/data.bin
Training 86b61043 with 1 binary file, target error: 0.000001, iterations: 1, sample rate: 100%, sparse: 100%
Fine tuning increased fitness by 2.8945187580120546e-8 to 0.9978917464414324 adjusted 88 weights, 1 bias 
Discovery 2809b89c read time 2ms for .trainData-fx_c_88/EURCNY/data.bin with 3359 records
Discovery 2809b89c scanning time 1s 20ms
Discovery 2809b89c recorded time 1s 654ms
Fine tuning increased fitness by 4.161594047147332e-8 to 0.9978917880573729 adjusted 88 weights, 1 bias 
Training ed0b2c8d with 1 binary file, target error: 0.000001, iterations: 1, sample rate: 100%, sparse: 100%
Fine tuning increased fitness by 6.580590750093762e-8 to 0.9978918538632804 adjusted 88 weights, 1 bias 
Generation 60 score 0.9978918538632804  error 0.00210064530226236 avg time 1s 11ms
Fine tuning increased fitness by 1.0331675470709456e-7 to 0.9978919571800351 adjusted 88 weights, 1 bias 
Training 2bf3d2ab with 1 binary file, target error: 0.000001, iterations: 1, sample rate: 100%, sparse: 100%
Fine tuning increased fitness by 1.6073430131324784e-7 to 0.9978921179143364 adjusted 88 weights, 1 bias 
Fine tuning increased fitness by 1.7989840639387467e-7 to 0.9978922978127428 adjusted 88 weights, 1 bias 
Training ea4fd33d with 1 binary file, target error: 0.000001, iterations: 1, sample rate: 100%, sparse: 100%
Fine tuning increased fitness by 5.7011449006161286e-8 to 0.9978923548241918 adjusted 88 weights, 1 bias 
Fine tuning increased fitness by 2.0620546936633843e-8 to 0.9978923754447387 adjusted 88 weights, 1 bias 
Training 123d69f1 with 1 binary file, target error: 0.000001, iterations: 1, sample rate: 100%, sparse: 100%
Fine tuning increased fitness by 1.0075230760797638e-8 to 0.9978923855199695 adjusted 88 weights, 1 bias 
Fine tuning increased fitness by 7.1087470354669335e-9 to 0.9978923926287165 adjusted 88 weights, 1 bias 
Training d1bddffb with 1 binary file, target error: 0.000001, iterations: 1, sample rate: 100%, sparse: 100%
Fine tuning increased fitness by 2.2036156122062778e-8 to 0.9978924146648727 adjusted 88 weights, 1 bias 
Fine tuning increased fitness by 2.9681377355927907e-8 to 0.99789244434625 adjusted 88 weights, 1 bias 
Training 33315f01 with 1 binary file, target error: 0.000001, iterations: 1, sample rate: 100%, sparse: 100%
Fine tuning increased fitness by 2.8040402222373473e-8 to 0.9978924723866522 adjusted 88 weights, 1 bias 
Generation 70 score 0.9978924723866522  error 0.002100026778889396 avg time 820ms
Fine tuning increased fitness by 4.296602706954644e-8 to 0.9978925153526793 adjusted 88 weights, 1 bias 
Training 86adc3dc with 1 binary file, target error: 0.000001, iterations: 1, sample rate: 100%, sparse: 100%
Training 13c29e08 with 1 binary file, target error: 0.000001, iterations: 1, sample rate: 100%, sparse: 100%
Fine tuning increased fitness by 3.46136574957967e-8 to 0.9978926405434043 adjusted 121 weights, 2 biases 
Training 73695888 with 1 binary file, target error: 0.000001, iterations: 1, sample rate: 100%, sparse: 100%
Training d1e9750c with 1 binary file, target error: 0.000001, iterations: 1, sample rate: 100%, sparse: 100%
Fine tuning increased fitness by 6.283400888484891e-8 to 0.9978927559829915 adjusted 33 weights, 1 bias 
Fine tuning increased fitness by 8.544628238293939e-8 to 0.9978928414292739 adjusted 33 weights, 1 bias 
Training 015dc9da with 1 binary file, target error: 0.000001, iterations: 1, sample rate: 100%, sparse: 100%
Fine tuning increased fitness by 1.2437454721681007e-7 to 0.9978929658038211 adjusted 33 weights, 1 bias 
Discovered beneficial synapse from input-1304 to output-2 with weight -1.0000, helping 24.1% more records than it harms (2085/3359)
Discovery 2809b89c analyze time 16s 31ms found 1 candidates
Fine tuning increased fitness by 1.754347848104132e-7 to 0.997893141238606 adjusted 33 weights, 1 bias 
Discovered harmful synapse from input-1251 to cbf46b09-303e-49e9-b54b-d3e6ed2c5d38, harming 25.7% more records than it helps (761/3359)
Discovery 2809b89c analyze harmful time 663ms found 1 candidates
Discovery 2809b89c analyze squashes time 365ms found 2 candidates, Summary: output-2 LeakyReLU -> IDENTITY improved: 22.3% error: 15.0152 -> 11.6657,output-0 LeakyReLU -> LogSigmoid improved: 25.5% error: 3.0770 -> 2.2913
Training c421d06b with 1 binary file, target error: 0.000001, iterations: 1, sample rate: 100%, sparse: 100%
Fine tuning increased fitness by 1.8221110065219648e-7 to 0.9978933234497066 adjusted 33 weights, 1 bias 
Discovery c421d06b with 1 binary files, sample rate: 100%, batch size: 512
Discovery c421d06b initialize time 84ms
Discovery c421d06b processing .trainData-fx_c_88/EURCNY/data.bin
Fine tuning increased fitness by 2.785834646301666e-7 to 0.9978936020331712 adjusted 33 weights, 1 bias 
Discovery c421d06b read time 5ms for .trainData-fx_c_88/EURCNY/data.bin with 3359 records
Discovery c421d06b scanning time 949ms
Generation 80 score 0.9978936020331712  error 0.00209889713194771 avg time 939ms
Training fa897d45 with 1 binary file, target error: 0.000001, iterations: 1, sample rate: 100%, sparse: 100%
Discovery c421d06b recorded time 1s 709ms
Fine tuning increased fitness by 3.7183649492789073e-9 to 0.9978936057515362 adjusted 33 weights, 1 bias 
Fine tuning increased fitness by 7.827316017561259e-9 to 0.9978936135788522 adjusted 33 weights, 1 bias 
Training 930f73a4 with 1 binary file, target error: 0.000001, iterations: 1, sample rate: 100%, sparse: 100%
Fine tuning increased fitness by 6.391011164730287e-9 to 0.9978936199698634 adjusted 33 weights, 1 bias 
Fine tuning increased fitness by 9.469025230579575e-9 to 0.9978936294388886 adjusted 33 weights, 1 bias 
Training 46098bf4 with 1 binary file, target error: 0.000001, iterations: 1, sample rate: 100%, sparse: 100%
Fine tuning increased fitness by 7.841883922221626e-7 to 0.9978945042187559 adjusted 36 weights, 1 bias 
Training 4df32f08 with 1 binary file, target error: 0.000001, iterations: 1, sample rate: 100%, sparse: 100%
Training ed450fb1 with 1 binary file, target error: 0.000001, iterations: 1, sample rate: 100%, sparse: 100%
Training 3cafcf71 with 1 binary file, target error: 0.000001, iterations: 1, sample rate: 100%, sparse: 100%
Fine tuning increased fitness by 3.2319619236442776e-7 to 0.9978970189377429 adjusted 35 weights, 1 bias 
Training d5e54b25 with 1 binary file, target error: 0.000001, iterations: 1, sample rate: 100%, sparse: 100%
Generation 90 score 0.9978970189377429  error 0.0020954802273464757 avg time 964ms
Training 3099739d with 1 binary file, target error: 0.000001, iterations: 1, sample rate: 100%, sparse: 100%
Training 8307e452 with 1 binary file, target error: 0.000001, iterations: 1, sample rate: 100%, sparse: 100%
Training 40d4b79d with 1 binary file, target error: 0.000001, iterations: 1, sample rate: 100%, sparse: 100%
Training c03765c7 with 1 binary file, target error: 0.000001, iterations: 1, sample rate: 100%, sparse: 100%
Training 9f5b0e29 with 1 binary file, target error: 0.000001, iterations: 1, sample rate: 100%, sparse: 100%
Fine tuning increased fitness by 8.107288951286762e-8 to 0.9978971930426977 adjusted 93 weights, 2 biases 
Discovered beneficial synapse from input-1509 to output-4 with weight 0.6019, helping 26.6% more records than it harms (2127/3359)
Discovery c421d06b analyze time 15s 904ms found 1 candidates
Discovered harmful synapse from input-1369 to output-2, harming 16.0% more records than it helps (1410/3359)
Discovery c421d06b analyze harmful time 522ms found 1 candidates
Discovery c421d06b analyze squashes time 411ms found 2 candidates, Summary: output-0 LeakyReLU -> LogSigmoid improved: 25.5% error: 3.0770 -> 2.2913,output-2 LeakyReLU -> IDENTITY improved: 22.3% error: 15.0152 -> 11.6657
Training 056ce98a with 1 binary file, target error: 0.000001, iterations: 1, sample rate: 100%, sparse: 100%
Discovery 056ce98a with 1 binary files, sample rate: 100%, batch size: 512
Discovery 056ce98a initialize time 87ms
Discovery 056ce98a processing .trainData-fx_c_88/EURCNY/data.bin
Discovery 056ce98a read time 4ms for .trainData-fx_c_88/EURCNY/data.bin with 3359 records
Training 69c72a1f with 1 binary file, target error: 0.000001, iterations: 1, sample rate: 100%, sparse: 100%
Discovery 056ce98a scanning time 952ms
Fine tuning increased fitness by 7.052161099529997e-8 to 0.9978972700609346 adjusted 88 weights, 1 bias 
Discovery 056ce98a recorded time 1s 649ms
Training 447bb972 with 1 binary file, target error: 0.000001, iterations: 1, sample rate: 100%, sparse: 100%
Fine tuning increased fitness by 2.4965540412758003e-8 to 0.9978972950264751 adjusted 88 weights, 1 bias 
Fine tuning increased fitness by 5.301301519988755e-8 to 0.9978973480394903 adjusted 88 weights, 1 bias 
Generation 100 score 0.9978973480394903  error 0.002095151125598134 avg time 1s 142ms
Training afbcdfbe with 1 binary file, target error: 0.000001, iterations: 1, sample rate: 100%, sparse: 100%
Fine tuning increased fitness by 4.7871894115480984e-8 to 0.9978973959113844 adjusted 88 weights, 1 bias 
Fine tuning increased fitness by 2.6217293225272442e-8 to 0.9978974221286776 adjusted 88 weights, 1 bias 
Training f088e6f4 with 1 binary file, target error: 0.000001, iterations: 1, sample rate: 100%, sparse: 100%
Fine tuning increased fitness by 3.179484819870737e-8 to 0.9978974539235258 adjusted 88 weights, 1 bias 
Fine tuning increased fitness by 2.901136841870766e-8 to 0.9978974829348942 adjusted 88 weights, 1 bias 
Training b2e98610 with 1 binary file, target error: 0.000001, iterations: 1, sample rate: 100%, sparse: 100%
Fine tuning increased fitness by 2.0655905319522105e-8 to 0.9978975035907995 adjusted 88 weights, 1 bias 
Fine tuning increased fitness by 2.86331799381756e-8 to 0.9978975322239795 adjusted 88 weights, 1 bias 
Training 97d52f27 with 1 binary file, target error: 0.000001, iterations: 1, sample rate: 100%, sparse: 100%
Fine tuning increased fitness by 3.3959086542800776e-8 to 0.997897566183066 adjusted 88 weights, 1 bias 
Fine tuning increased fitness by 5.33815865955134e-8 to 0.9978976195646526 adjusted 88 weights, 1 bias 
Training 94e9b810 with 1 binary file, target error: 0.000001, iterations: 1, sample rate: 100%, sparse: 100%
Fine tuning increased fitness by 6.477992664510879e-8 to 0.9978976843445793 adjusted 88 weights, 1 bias 
Fine tuning increased fitness by 3.9468617041293896e-8 to 0.9978977238131963 adjusted 88 weights, 1 bias 
Generation 110 score 0.9978977238131963  error 0.0020947753518936623 avg time 881ms
Discovered beneficial synapse from input-1304 to output-2 with weight -1.0000, helping 24.1% more records than it harms (2085/3359)
Discovery 056ce98a analyze time 10s 828ms found 1 candidates
Training fd1f16ae with 1 binary file, target error: 0.000001, iterations: 1, sample rate: 100%, sparse: 100%
Fine tuning increased fitness by 4.0060015193965626e-8 to 0.9978977638732115 adjusted 88 weights, 1 bias 
Fine tuning increased fitness by 4.557020272244472e-8 to 0.9978978094434142 adjusted 88 weights, 1 bias 
Discovered harmful synapse from input-825 to output-4, harming 21.8% more records than it helps (1079/3359)
Discovery 056ce98a analyze harmful time 1s 206ms found 1 candidates
Discovery 056ce98a analyze squashes time 578ms found 2 candidates, Summary: output-2 LeakyReLU -> IDENTITY improved: 22.3% error: 15.0152 -> 11.6657,output-0 LeakyReLU -> LogSigmoid improved: 25.5% error: 3.0770 -> 2.2913
Training e052459f with 1 binary file, target error: 0.000001, iterations: 1, sample rate: 100%, sparse: 100%
Fine tuning increased fitness by 4.1981611631491944e-8 to 0.9978978514250259 adjusted 88 weights, 1 bias 
Discovery e052459f with 1 binary files, sample rate: 100%, batch size: 512
Discovery e052459f initialize time 84ms
Discovery e052459f processing .trainData-fx_c_88/EURCNY/data.bin
Fine tuning increased fitness by 2.8571857435544246e-8 to 0.9978978799968833 adjusted 88 weights, 1 bias 
Discovery e052459f read time 2ms for .trainData-fx_c_88/EURCNY/data.bin with 3359 records
Discovery e052459f scanning time 949ms
Discovery e052459f recorded time 1s 695ms
Training a85d98c6 with 1 binary file, target error: 0.000001, iterations: 1, sample rate: 100%, sparse: 100%
Training 5531ba45 with 1 binary file, target error: 0.000001, iterations: 1, sample rate: 100%, sparse: 100%
Fine tuning increased fitness by 6.119460493891893e-11 to 0.9978978800871047 adjusted 27 weights, 1 bias 
Training c184bdad with 1 binary file, target error: 0.000001, iterations: 1, sample rate: 100%, sparse: 100%
Training 79632061 with 1 binary file, target error: 0.000001, iterations: 1, sample rate: 100%, sparse: 100%
Training 6ed7e09b with 1 binary file, target error: 0.000001, iterations: 1, sample rate: 100%, sparse: 100%
Fine tuning increased fitness by 3.002960657916276e-9 to 0.9978978866947471 adjusted 294 weights, 3 biases 
Training fdba3958 with 1 binary file, target error: 0.000001, iterations: 1, sample rate: 100%, sparse: 100%
Generation 120 score 0.9978979131310262  error 0.0020945760342081536 avg time 1s 80ms
Training fc46918f with 1 binary file, target error: 0.000001, iterations: 1, sample rate: 100%, sparse: 100%
Fine tuning increased fitness by 6.06535754954507e-8 to 0.9978979737846017 adjusted 209 weights, 2 biases 
Training fd7ccadb with 1 binary file, target error: 0.000001, iterations: 1, sample rate: 100%, sparse: 100%
Fine tuning increased fitness by 7.437387361530767e-8 to 0.9978980481584753 adjusted 209 weights, 2 biases 
Training 4dcbe28d with 1 binary file, target error: 0.000001, iterations: 1, sample rate: 100%, sparse: 100%
Fine tuning increased fitness by 1.5502025330071945e-8 to 0.9978980636605006 adjusted 209 weights, 2 biases 
Discovered beneficial synapse from input-1304 to output-2 with weight -1.0000, helping 24.1% more records than it harms (2085/3359)
Discovery e052459f analyze time 10s 754ms found 1 candidates
Training 9c45f604 with 1 binary file, target error: 0.000001, iterations: 1, sample rate: 100%, sparse: 100%
Fine tuning increased fitness by 1.3045668989519754e-9 to 0.9978980649650675 adjusted 209 weights, 2 biases 
Discovered harmful synapse from input-825 to output-4, harming 21.8% more records than it helps (1079/3359)
Discovery e052459f analyze harmful time 1s 207ms found 1 candidates
Training 0c15cd16 with 1 binary file, target error: 0.000001, iterations: 1, sample rate: 100%, sparse: 100%
Fine tuning increased fitness by 2.0471938588784155e-9 to 0.9978980670122614 adjusted 209 weights, 2 biases 
Discovery e052459f analyze squashes time 614ms found 2 candidates, Summary: output-2 LeakyReLU -> IDENTITY improved: 22.3% error: 15.0152 -> 11.6657,output-0 LeakyReLU -> LogSigmoid improved: 25.5% error: 3.0770 -> 2.2913
Training 0281c142 with 1 binary file, target error: 0.000001, iterations: 1, sample rate: 100%, sparse: 100%
Discovery 0281c142 with 1 binary files, sample rate: 100%, batch size: 512
Discovery 0281c142 initialize time 90ms
Discovery 0281c142 processing .trainData-fx_c_88/EURCNY/data.bin
Discovery 0281c142 read time 4ms for .trainData-fx_c_88/EURCNY/data.bin with 3359 records
Discovery 0281c142 scanning time 961ms
Training 9d16548d with 1 binary file, target error: 0.000001, iterations: 1, sample rate: 100%, sparse: 100%
Fine tuning increased fitness by 5.551856974150837e-9 to 0.9978980760727142 adjusted 174 weights, 1 bias 
Discovery 0281c142 recorded time 1s 633ms
Training 608605c7 with 1 binary file, target error: 0.000001, iterations: 1, sample rate: 100%, sparse: 100%
Training 494d9594 with 1 binary file, target error: 0.000001, iterations: 1, sample rate: 100%, sparse: 100%
Training ead096b5 with 1 binary file, target error: 0.000001, iterations: 1, sample rate: 100%, sparse: 100%
Fine tuning increased fitness by 1.4418495508650153e-8 to 0.9978981917819658 adjusted 174 weights, 1 bias 
Generation 130 score 0.9978981917819658  error 0.0020942873833334104 avg time 1s 252ms
Training 2f19bdab with 1 binary file, target error: 0.000001, iterations: 1, sample rate: 100%, sparse: 100%
Fine tuning increased fitness by 2.8529122397813467e-8 to 0.9978982203110882 adjusted 126 weights, 1 bias 
Training 33efd34c with 1 binary file, target error: 0.000001, iterations: 1, sample rate: 100%, sparse: 100%
Training 1b299edb with 1 binary file, target error: 0.000001, iterations: 1, sample rate: 100%, sparse: 100%
Training 89f3c8fa with 1 binary file, target error: 0.000001, iterations: 1, sample rate: 100%, sparse: 100%
Training d7482fad with 1 binary file, target error: 0.000001, iterations: 1, sample rate: 100%, sparse: 100%
Training 75365d4f with 1 binary file, target error: 0.000001, iterations: 1, sample rate: 100%, sparse: 100%
Discovered beneficial synapse from input-1304 to output-2 with weight -1.0000, helping 24.1% more records than it harms (2085/3359)
Discovery 0281c142 analyze time 10s 522ms found 1 candidates
Discovered harmful synapse from input-1369 to output-2, harming 16.0% more records than it helps (1410/3359)
Discovery 0281c142 analyze harmful time 520ms found 1 candidates
Training f6f2c8f8 with 1 binary file, target error: 0.000001, iterations: 1, sample rate: 100%, sparse: 100%
Fine tuning increased fitness by 1.1463604288053375e-8 to 0.9978983550455761 adjusted 115 weights, 1 bias 
Discovery 0281c142 analyze squashes time 407ms found 2 candidates, Summary: output-2 LeakyReLU -> IDENTITY improved: 22.3% error: 15.0153 -> 11.6657,output-0 LeakyReLU -> LogSigmoid improved: 25.5% error: 3.0769 -> 2.2913
Training a8e3aca6 with 1 binary file, target error: 0.000001, iterations: 1, sample rate: 100%, sparse: 100%
Fine tuning increased fitness by 2.304616464332554e-8 to 0.9978983780917408 adjusted 111 weights, 1 bias 
Discovery a8e3aca6 with 1 binary files, sample rate: 100%, batch size: 512
Discovery a8e3aca6 initialize time 85ms
Discovery a8e3aca6 processing .trainData-fx_c_88/EURCNY/data.bin
Discovery a8e3aca6 read time 3ms for .trainData-fx_c_88/EURCNY/data.bin with 3359 records
Training ea144d14 with 1 binary file, target error: 0.000001, iterations: 1, sample rate: 100%, sparse: 100%
Discovery a8e3aca6 scanning time 1s 12ms
Fine tuning increased fitness by 5.893756993557986e-8 to 0.9978984370293107 adjusted 111 weights, 1 bias 
Discovery a8e3aca6 recorded time 1s 693ms
Training 33c8d15a with 1 binary file, target error: 0.000001, iterations: 1, sample rate: 100%, sparse: 100%
Fine tuning increased fitness by 2.084953621972474e-7 to 0.9978986455246729 adjusted 106 weights, 1 bias 
Generation 140 score 0.9978986455246729  error 0.0020938336406257853 avg time 1s 142ms
Training 5dc0658e with 1 binary file, target error: 0.000001, iterations: 1, sample rate: 100%, sparse: 100%
Fine tuning increased fitness by 1.530808204641687e-7 to 0.9978987986054934 adjusted 106 weights, 1 bias 
Training 00a299c2 with 1 binary file, target error: 0.000001, iterations: 1, sample rate: 100%, sparse: 100%
Fine tuning increased fitness by 1.671707295924918e-7 to 0.997898965776223 adjusted 106 weights, 1 bias 
Training b12ac863 with 1 binary file, target error: 0.000001, iterations: 1, sample rate: 100%, sparse: 100%
Training 6a273088 with 1 binary file, target error: 0.000001, iterations: 1, sample rate: 100%, sparse: 100%
Fine tuning increased fitness by 1.0846433318167925e-7 to 0.9978991179480432 adjusted 106 weights, 1 bias 
Training 48307df8 with 1 binary file, target error: 0.000001, iterations: 1, sample rate: 100%, sparse: 100%
Fine tuning increased fitness by 3.229264478044058e-8 to 0.997899150240688 adjusted 106 weights, 1 bias 
Training 6344c2a5 with 1 binary file, target error: 0.000001, iterations: 1, sample rate: 100%, sparse: 100%
Fine tuning increased fitness by 6.176065991958524e-9 to 0.997899156416754 adjusted 106 weights, 1 bias 
Training 874e0b35 with 1 binary file, target error: 0.000001, iterations: 1, sample rate: 100%, sparse: 100%
Fine tuning increased fitness by 1.0032896735623353e-8 to 0.9978991664496507 adjusted 106 weights, 1 bias 
Fine tuning increased fitness by 1.6606915953509827e-8 to 0.9978991830565667 adjusted 106 weights, 1 bias 
Fine tuning increased fitness by 2.0736200312398978e-8 to 0.997899203792767 adjusted 106 weights, 1 bias 
Discovered beneficial synapse from input-1304 to output-2 with weight -1.0000, helping 24.1% more records than it harms (2085/3359)
Discovery a8e3aca6 analyze time 11s 422ms found 1 candidates
Fine tuning increased fitness by 2.5711872075895315e-8 to 0.997899229504639 adjusted 106 weights, 1 bias 
Discovered harmful synapse from input-825 to output-4, harming 22.9% more records than it helps (1060/3359)
Discovery a8e3aca6 analyze harmful time 1s 112ms found 1 candidates
Discovery a8e3aca6 analyze squashes time 426ms found 2 candidates, Summary: output-0 LeakyReLU -> LogSigmoid improved: 25.5% error: 3.0769 -> 2.2913,output-2 LeakyReLU -> IDENTITY improved: 22.3% error: 15.0153 -> 11.6657
Generation 150 score 0.997899229504639  error 0.0020932496606584543 avg time 1s 166ms
Fine tuning increased fitness by 2.7119178347412287e-8 to 0.9978992566238174 adjusted 106 weights, 1 bias 
Fine tuning increased fitness by 6.938883800877704e-9 to 0.9978992676421385 adjusted 106 weights, 1 bias 
Generation 160 score 0.9978992676431636  error 0.0020932115221320006 avg time 964ms
Fine tuning increased fitness by 1.0919855131241718e-8 to 0.9978994158291072 adjusted 102 weights, 1 bias 
Fine tuning increased fitness by 3.0835216935365395e-8 to 0.9978994466643242 adjusted 102 weights, 1 bias 
Fine tuning increased fitness by 3.760540068231677e-8 to 0.9978994842697249 adjusted 102 weights, 1 bias 
Fine tuning increased fitness by 6.558764298336683e-8 to 0.9978995498573678 adjusted 102 weights, 1 bias 
Fine tuning increased fitness by 1.2719935782445901e-7 to 0.9978996770567257 adjusted 102 weights, 1 bias 
Fine tuning increased fitness by 2.125412461584375e-7 to 0.9978998895979718 adjusted 102 weights, 1 bias 
Generation 170 score 0.9978998895979718  error 0.0020925895673244515 avg time 898ms
Fine tuning increased fitness by 3.807493715868304e-7 to 0.9979002703473434 adjusted 102 weights, 1 bias 
Fine tuning increased fitness by 5.488754306615107e-7 to 0.9979008192227741 adjusted 102 weights, 1 bias 
Fine tuning increased fitness by 5.28507356656327e-7 to 0.9979013477301307 adjusted 102 weights, 1 bias 
Fine tuning increased fitness by 1.1215186446200676e-8 to 0.9979013589453172 adjusted 102 weights, 1 bias 
Fine tuning increased fitness by 2.923897901574435e-8 to 0.9979013881842962 adjusted 102 weights, 1 bias 
Fine tuning increased fitness by 2.9875160789671895e-8 to 0.997901418059457 adjusted 102 weights, 1 bias 
Fine tuning increased fitness by 8.036237453268313e-9 to 0.9979014260956944 adjusted 102 weights, 1 bias 
Fine tuning increased fitness by 9.609127937793005e-10 to 0.9979014270566072 adjusted 102 weights, 1 bias 
Fine tuning increased fitness by 7.715618144388259e-10 to 0.997901427828169 adjusted 102 weights, 1 bias 
Fine tuning increased fitness by 1.2342389332786752e-9 to 0.997901429062408 adjusted 102 weights, 1 bias 
Generation 180 score 0.997901429062408  error 0.002091050102889703 avg time 789ms
{
  error: 0.002091050102889703,
  score: 0.997901429062408,
  generation: 180,
  time: 180772
}

=== Processing USDSEK (2/10) ===
9 mutations, mutation rate 5.1%, elitism 8, mutation ALL, selection POWER
Creature count: 48
Training 99afb18b with 1 binary file, target error: 0.000001, iterations: 1, sample rate: 100%, sparse: 100%
Discovery 99afb18b with 1 binary files, sample rate: 100%, batch size: 512
Discovery 99afb18b initialize time 90ms
Discovery 99afb18b processing .trainData-fx_c_88/USDSEK/data.bin
Discovery 99afb18b read time 6ms for .trainData-fx_c_88/USDSEK/data.bin with 3359 records
Discovery 99afb18b scanning time 1s 98ms
Discovery 99afb18b recorded time 1s 946ms
Training 49391609 with 1 binary file, target error: 0.000001, iterations: 1, sample rate: 100%, sparse: 100%
Fine tuning increased fitness by 2.836161949737459e-8 to 0.9978516105838501 adjusted 348 weights, 12 biases 
Training 3d86b67f with 1 binary file, target error: 0.000001, iterations: 1, sample rate: 100%, sparse: 100%
Over populated 52, expected 50.
Training 9e8a73a6 with 1 binary file, target error: 0.000001, iterations: 1, sample rate: 100%, sparse: 100%
Fine tuning increased fitness by 1.3663704279132105e-8 to 0.997851675841602 adjusted 328 weights, 12 biases 
Fine tuning increased fitness by 2.2516847164588683e-8 to 0.9978516983584491 adjusted 309 weights, 12 biases 
Training 7704d232 with 1 binary file, target error: 0.000001, iterations: 1, sample rate: 100%, sparse: 100%
Fine tuning increased fitness by 2.9429197634378568e-8 to 0.9978517277876467 adjusted 309 weights, 12 biases 
Over populated 52, expected 50.
Fine tuning increased fitness by 3.578426632788734e-8 to 0.9978517635719131 adjusted 305 weights, 12 biases 
Discovered beneficial synapse from input-790 to cc590223-9b44-4ad4-b0a3-9863b1f15ac4 with weight 1.0000, helping 45.4% more records than it harms (2095/3359)
Discovery 99afb18b analyze time 11s 818ms found 1 candidates
Generation 10 score 0.9978517635719131  error 0.0021370155593140156 avg time 1s 522ms
Training 10ab90ce with 1 binary file, target error: 0.000001, iterations: 1, sample rate: 100%, sparse: 100%
Fine tuning increased fitness by 8.133930140541423e-8 to 0.9978518449112145 adjusted 298 weights, 12 biases 
Discovered harmful synapse from input-791 to cc590223-9b44-4ad4-b0a3-9863b1f15ac4, harming 52.0% more records than it helps (460/3359)
Discovery 99afb18b analyze harmful time 1s 509ms found 1 candidates
Discovery 99afb18b analyze squashes time 617ms found 3 candidates, Summary: output-0 LOGISTIC -> LogSigmoid improved: 30.9% error: 392.9151 -> 271.4745,cc590223-9b44-4ad4-b0a3-9863b1f15ac4 HARD_TANH -> Cosine improved: 7.3% error: 65.8343 -> 60.9998,output-2 LeakyReLU -> LogSigmoid improved: 33.4% error: 2.3084 -> 1.5377
Over populated 52, expected 50.
Fine tuning increased fitness by 1.9272547802096085e-7 to 0.9978520376366925 adjusted 293 weights, 11 biases 
Discovery 3c0aec36 with 1 binary files, sample rate: 100%, batch size: 512
Discovery 3c0aec36 initialize time 89ms
Discovery 3c0aec36 processing .trainData-fx_c_88/USDSEK/data.bin
Over populated 53, expected 50.
Discovery 3c0aec36 read time 4ms for .trainData-fx_c_88/USDSEK/data.bin with 3359 records
Discovery 3c0aec36 scanning time 1s 193ms
Training 9aa9a6df with 1 binary file, target error: 0.000001, iterations: 1, sample rate: 100%, sparse: 100%
Fine tuning increased fitness by 9.890609642404513e-8 to 0.9978521365427889 adjusted 293 weights, 11 biases 
Discovery 3c0aec36 recorded time 2s 71ms
Training c9a2705f with 1 binary file, target error: 0.000001, iterations: 1, sample rate: 100%, sparse: 100%
Training 63728ad9 with 1 binary file, target error: 0.000001, iterations: 1, sample rate: 100%, sparse: 100%
Fine tuning increased fitness by 0.000001330782217423554 to 0.9978554374778456 adjusted 289 weights, 11 biases 
Training 175359a2 with 1 binary file, target error: 0.000001, iterations: 1, sample rate: 100%, sparse: 100%
Fine tuning increased fitness by 0.0000026115443250152026 to 0.9978580490221706 adjusted 282 weights, 11 biases 
Over populated 52, expected 50.
Fine tuning increased fitness by 3.3131495669191935e-7 to 0.9978583803371273 adjusted 282 weights, 11 biases 
Generation 20 score 0.9978583803371273  error 0.002130398794137484 avg time 1s 565ms
Training 1bd0aea8 with 1 binary file, target error: 0.000001, iterations: 1, sample rate: 100%, sparse: 100%
Fine tuning increased fitness by 5.148544234279129e-7 to 0.9978588951915507 adjusted 282 weights, 11 biases 
Over populated 52, expected 50.
Fine tuning increased fitness by 0.0000018352143763555873 to 0.997860730405927 adjusted 1046 weights, 12 biases 
Training 097535e6 with 1 binary file, target error: 0.000001, iterations: 1, sample rate: 100%, sparse: 100%
Fine tuning increased fitness by 8.388580912122023e-7 to 0.9978615692640183 adjusted 1013 weights, 12 biases 
Over populated 52, expected 50.
Discovered beneficial synapse from input-790 to cc590223-9b44-4ad4-b0a3-9863b1f15ac4 with weight 1.0000, helping 45.4% more records than it harms (2094/3359)
Discovery 3c0aec36 analyze time 17s 978ms found 1 candidates
Training 586bba3c with 1 binary file, target error: 0.000001, iterations: 1, sample rate: 100%, sparse: 100%
Fine tuning increased fitness by 0.0000010396541163526507 to 0.9978661498157706 adjusted 1013 weights, 12 biases 
Discovered harmful synapse from input-791 to cc590223-9b44-4ad4-b0a3-9863b1f15ac4, harming 52.0% more records than it helps (458/3359)
Discovery 3c0aec36 analyze harmful time 1s 112ms found 1 candidates
Discovery 3c0aec36 analyze squashes time 510ms found 2 candidates, Summary: output-0 LOGISTIC -> LogSigmoid improved: 30.9% error: 394.5220 -> 272.6452,cc590223-9b44-4ad4-b0a3-9863b1f15ac4 HARD_TANH -> Cosine improved: 7.3% error: 65.9117 -> 61.0881
Over populated 52, expected 50.
Fine tuning increased fitness by 9.630214177214214e-7 to 0.9978671128371883 adjusted 1013 weights, 12 biases 
Discovery 8dc2d5b0 with 1 binary files, sample rate: 100%, batch size: 512
Discovery 8dc2d5b0 initialize time 90ms
Discovery 8dc2d5b0 processing .trainData-fx_c_88/USDSEK/data.bin
Discovery 8dc2d5b0 read time 7ms for .trainData-fx_c_88/USDSEK/data.bin with 3359 records
Discovery 8dc2d5b0 scanning time 1s 174ms
Over populated 53, expected 50.
Training e9506f1d with 1 binary file, target error: 0.000001, iterations: 1, sample rate: 100%, sparse: 100%
Discovery 8dc2d5b0 recorded time 1s 926ms
Over populated 52, expected 50.
Training 3a908560 with 1 binary file, target error: 0.000001, iterations: 1, sample rate: 100%, sparse: 100%
Fine tuning increased fitness by 0.0000014745952005013052 to 0.9978711230207217 adjusted 500 weights, 3 biases 
Generation 30 score 0.9978711230207217  error 0.0021176561105267543 avg time 1s 773ms
Training b06601cc with 1 binary file, target error: 0.000001, iterations: 1, sample rate: 100%, sparse: 100%
Fine tuning increased fitness by 8.140113150201245e-7 to 0.9978719370320367 adjusted 500 weights, 3 biases 
Fine tuning increased fitness by 5.287239417395284e-7 to 0.9978724657559784 adjusted 500 weights, 3 biases 
Training 55d113ef with 1 binary file, target error: 0.000001, iterations: 1, sample rate: 100%, sparse: 100%
Fine tuning increased fitness by 5.441451750298754e-7 to 0.9978730099011535 adjusted 500 weights, 3 biases 
Discovered beneficial synapse from input-790 to cc590223-9b44-4ad4-b0a3-9863b1f15ac4 with weight 1.0000, helping 45.7% more records than it harms (2094/3359)
Discovery 8dc2d5b0 analyze time 12s 422ms found 1 candidates
Discovered harmful synapse from input-791 to cc590223-9b44-4ad4-b0a3-9863b1f15ac4, harming 52.5% more records than it helps (445/3359)
Discovery 8dc2d5b0 analyze harmful time 1s 187ms found 1 candidates
Training 9034f75f with 1 binary file, target error: 0.000001, iterations: 1, sample rate: 100%, sparse: 100%
Discovery 8dc2d5b0 analyze squashes time 459ms found 2 candidates, Summary: output-0 LOGISTIC -> LogSigmoid improved: 31.0% error: 393.0380 -> 271.3531,cc590223-9b44-4ad4-b0a3-9863b1f15ac4 HARD_TANH -> Cosine improved: 7.3% error: 66.3387 -> 61.5030
Discovery bce677e1 with 1 binary files, sample rate: 100%, batch size: 512
Discovery bce677e1 initialize time 86ms
Discovery bce677e1 processing .trainData-fx_c_88/USDSEK/data.bin
Discovery bce677e1 read time 3ms for .trainData-fx_c_88/USDSEK/data.bin with 3359 records
Discovery bce677e1 scanning time 1s 107ms
Training 2b32157a with 1 binary file, target error: 0.000001, iterations: 1, sample rate: 100%, sparse: 100%
Discovery bce677e1 recorded time 1s 874ms
Training 05d3e611 with 1 binary file, target error: 0.000001, iterations: 1, sample rate: 100%, sparse: 100%
Fine tuning increased fitness by 9.554059099414758e-9 to 0.9978745876351522 adjusted 36 weights, 1 bias 
Generation 40 score 0.9978746515272083  error 0.002114127603518097 avg time 1s 677ms
Training 899fcae3 with 1 binary file, target error: 0.000001, iterations: 1, sample rate: 100%, sparse: 100%
Fine tuning increased fitness by 6.218478409980577e-8 to 0.9978747137119924 adjusted 194 weights, 1 bias 
Training 05d3e611 increased fitness by 6.220825488068016e-8 to 0.9978747759202473
Training db7e77eb with 1 binary file, target error: 0.000001, iterations: 1, sample rate: 100%, sparse: 100%
Fine tuning increased fitness by 3.6887734289337004e-7 to 0.9978751447975902 adjusted 535 weights, 12 biases 
Over populated 52, expected 50.
Fine tuning increased fitness by 4.148123470271159e-7 to 0.9978755596099372 adjusted 515 weights, 12 biases 
Training 62a197ae with 1 binary file, target error: 0.000001, iterations: 1, sample rate: 100%, sparse: 100%
Fine tuning increased fitness by 2.015982040193265e-7 to 0.9978757612081413 adjusted 499 weights, 12 biases 
Over populated 52, expected 50.
Fine tuning increased fitness by 1.1100550367793005e-7 to 0.9978758722136449 adjusted 499 weights, 12 biases 
Training b521914b with 1 binary file, target error: 0.000001, iterations: 1, sample rate: 100%, sparse: 100%
Fine tuning increased fitness by 2.2937894894603517e-7 to 0.9978761015925939 adjusted 499 weights, 12 biases 
Over populated 52, expected 50.
Training e9fad984 with 1 binary file, target error: 0.000001, iterations: 1, sample rate: 100%, sparse: 100%
Fine tuning increased fitness by 5.849469464358492e-8 to 0.997876197735575 adjusted 258 weights, 5 biases 
Discovered beneficial synapse from input-790 to cc590223-9b44-4ad4-b0a3-9863b1f15ac4 with weight 1.0000, helping 43.6% more records than it harms (2057/3359)
Discovery bce677e1 analyze time 20s 196ms found 1 candidates
Fine tuning increased fitness by 5.1474435713849687e-8 to 0.9978762492100107 adjusted 493 weights, 11 biases 
Discovered harmful synapse from input-791 to cc590223-9b44-4ad4-b0a3-9863b1f15ac4, harming 50.8% more records than it helps (471/3359)
Discovery bce677e1 analyze harmful time 594ms found 1 candidates
Discovery bce677e1 analyze squashes time 652ms found 3 candidates, Summary: output-0 LOGISTIC -> LogSigmoid improved: 30.9% error: 394.9464 -> 272.7620,cc590223-9b44-4ad4-b0a3-9863b1f15ac4 HARD_TANH -> Cosine improved: 7.2% error: 64.2829 -> 59.6608,output-2 LeakyReLU -> LogSigmoid improved: 33.3% error: 2.3140 -> 1.5433
Generation 50 score 0.9978762492100107  error 0.0021125299207073343 avg time 1s 593ms
Training 37f7a427 with 1 binary file, target error: 0.000001, iterations: 1, sample rate: 100%, sparse: 100%
Discovery 37f7a427 with 1 binary files, sample rate: 100%, batch size: 512
Discovery 37f7a427 initialize time 87ms
Discovery 37f7a427 processing .trainData-fx_c_88/USDSEK/data.bin
Over populated 55, expected 50.
Discovery 37f7a427 read time 5ms for .trainData-fx_c_88/USDSEK/data.bin with 3359 records
Discovery 37f7a427 scanning time 1s 91ms
Fine tuning increased fitness by 6.206637603867193e-8 to 0.9978763389734819 adjusted 493 weights, 11 biases 
Discovery 37f7a427 recorded time 2s 45ms
Training 6abc93b4 with 1 binary file, target error: 0.000001, iterations: 1, sample rate: 100%, sparse: 100%
Fine tuning increased fitness by 1.2791318415583675e-7 to 0.997876497610189 adjusted 290 weights, 6 biases 
Training cc14e18f with 1 binary file, target error: 0.000001, iterations: 1, sample rate: 100%, sparse: 100%
Fine tuning increased fitness by 1.8232586396216277e-7 to 0.997876679936053 adjusted 290 weights, 6 biases 
Fine tuning increased fitness by 1.8701037030055545e-7 to 0.9978768669464233 adjusted 290 weights, 6 biases 
Training ade6a667 with 1 binary file, target error: 0.000001, iterations: 1, sample rate: 100%, sparse: 100%
Over populated 52, expected 50.
Fine tuning increased fitness by 8.738660417506594e-8 to 0.9978770726747103 adjusted 456 weights, 9 biases 
Training dfcbb036 with 1 binary file, target error: 0.000001, iterations: 1, sample rate: 100%, sparse: 100%
Fine tuning increased fitness by 7.194825157874618e-8 to 0.9978771446229618 adjusted 456 weights, 9 biases 
Over populated 52, expected 50.
Generation 60 score 0.9978772337074887  error 0.0021115454231351092 avg time 1s 657ms
Training 183f3930 with 1 binary file, target error: 0.000001, iterations: 1, sample rate: 100%, sparse: 100%
Fine tuning increased fitness by 1.3334097537232026e-7 to 0.9978773670484641 adjusted 284 weights, 5 biases 
Fine tuning increased fitness by 9.1198784191171e-8 to 0.9978774582472483 adjusted 284 weights, 5 biases 
Discovered beneficial synapse from input-790 to cc590223-9b44-4ad4-b0a3-9863b1f15ac4 with weight 1.0000, helping 43.4% more records than it harms (2061/3359)
Discovery 37f7a427 analyze time 17s 178ms found 1 candidates
Training c1a4076c with 1 binary file, target error: 0.000001, iterations: 1, sample rate: 100%, sparse: 100%
Fine tuning increased fitness by 1.1191797644194423e-7 to 0.9978775701652247 adjusted 284 weights, 5 biases 
Discovered harmful synapse from input-791 to cc590223-9b44-4ad4-b0a3-9863b1f15ac4, harming 50.8% more records than it helps (479/3359)
Discovery 37f7a427 analyze harmful time 1s 101ms found 1 candidates
Over populated 52, expected 50.
Discovery 37f7a427 analyze squashes time 651ms found 3 candidates, Summary: output-0 LOGISTIC -> LogSigmoid improved: 30.9% error: 395.3164 -> 273.0318,cc590223-9b44-4ad4-b0a3-9863b1f15ac4 HARD_TANH -> Cosine improved: 7.2% error: 63.8779 -> 59.3001,output-2 LeakyReLU -> LogSigmoid improved: 33.3% error: 2.3125 -> 1.5420
Discovery 1d531c25 with 1 binary files, sample rate: 100%, batch size: 512
Discovery 1d531c25 initialize time 83ms
Discovery 1d531c25 processing .trainData-fx_c_88/USDSEK/data.bin
Discovery 1d531c25 read time 2ms for .trainData-fx_c_88/USDSEK/data.bin with 3359 records
Over populated 52, expected 50.
Discovery 1d531c25 scanning time 1s 65ms
Training 60844f0f with 1 binary file, target error: 0.000001, iterations: 1, sample rate: 100%, sparse: 100%
Discovery 1d531c25 recorded time 1s 850ms
Training 6c7d5881 with 1 binary file, target error: 0.000001, iterations: 1, sample rate: 100%, sparse: 100%
Fine tuning increased fitness by 4.081157600754892e-8 to 0.9978782625663565 adjusted 269 weights, 5 biases 
Training 3f46b151 with 1 binary file, target error: 0.000001, iterations: 1, sample rate: 100%, sparse: 100%
Fine tuning increased fitness by 1.4854775520767305e-8 to 0.9978782975271899 adjusted 269 weights, 5 biases 
Over populated 52, expected 50.
Fine tuning increased fitness by 2.234419393953857e-8 to 0.9978783198713839 adjusted 269 weights, 5 biases 
Generation 70 score 0.9978783198713839  error 0.002110459259004816 avg time 1s 623ms
Training 1f73b023 with 1 binary file, target error: 0.000001, iterations: 1, sample rate: 100%, sparse: 100%
Training f36d28e3 with 1 binary file, target error: 0.000001, iterations: 1, sample rate: 100%, sparse: 100%
Fine tuning increased fitness by 1.301851774160312e-7 to 0.9978786133825935 adjusted 175 weights, 2 biases 
Training 7112a971 with 1 binary file, target error: 0.000001, iterations: 1, sample rate: 100%, sparse: 100%
Fine tuning increased fitness by 7.8558561544817e-8 to 0.9978788252715768 adjusted 155 weights, 1 bias 
Training 92e2915b with 1 binary file, target error: 0.000001, iterations: 1, sample rate: 100%, sparse: 100%
Fine tuning increased fitness by 4.653309293445318e-9 to 0.9978788299248861 adjusted 155 weights, 1 bias 
Discovered beneficial synapse from input-790 to cc590223-9b44-4ad4-b0a3-9863b1f15ac4 with weight 1.0000, helping 44.1% more records than it harms (2072/3359)
Discovery 1d531c25 analyze time 18s 777ms found 1 candidates
Discovered harmful synapse from input-791 to cc590223-9b44-4ad4-b0a3-9863b1f15ac4, harming 51.5% more records than it helps (467/3359)
Discovery 1d531c25 analyze harmful time 1s 125ms found 1 candidates
Discovery 1d531c25 analyze squashes time 644ms found 3 candidates, Summary: cc590223-9b44-4ad4-b0a3-9863b1f15ac4 HARD_TANH -> Cosine improved: 7.0% error: 65.8182 -> 61.1804,387a76c6-268c-4a43-a89f-23a63647fd41 LOGISTIC -> Softplus improved: 8.8% error: 29.2875 -> 26.7065,output-0 LOGISTIC -> LogSigmoid improved: 30.9% error: 395.4514 -> 273.1050
Training a0f30a84 with 1 binary file, target error: 0.000001, iterations: 1, sample rate: 100%, sparse: 100%
Fine tuning increased fitness by 1.796067172765703e-8 to 0.9978788942789559 adjusted 102 weights, 3 biases 
Discovery 8f96b38a with 1 binary files, sample rate: 100%, batch size: 512
Discovery 8f96b38a initialize time 89ms
Discovery 8f96b38a processing .trainData-fx_c_88/USDSEK/data.bin
Discovery 8f96b38a read time 3ms for .trainData-fx_c_88/USDSEK/data.bin with 3359 records
Discovery 8f96b38a scanning time 1s 65ms
Generation 80 score 0.9978788942789559  error 0.002109884851457542 avg time 1s 476ms
Training 93df90ea with 1 binary file, target error: 0.000001, iterations: 1, sample rate: 100%, sparse: 100%
Fine tuning increased fitness by 8.717066513064253e-9 to 0.9978789029960224 adjusted 102 weights, 3 biases 
Discovery 8f96b38a recorded time 1s 953ms
Fine tuning increased fitness by 6.455424639284502e-9 to 0.9978789094514471 adjusted 102 weights, 3 biases 
Training 24ea6bc6 with 1 binary file, target error: 0.000001, iterations: 1, sample rate: 100%, sparse: 100%
Training 8bc1ee7a with 1 binary file, target error: 0.000001, iterations: 1, sample rate: 100%, sparse: 100%
Fine tuning increased fitness by 1.0090965252285145e-7 to 0.9978790866715552 adjusted 1 weight 
Training 27f4c880 with 1 binary file, target error: 0.000001, iterations: 1, sample rate: 100%, sparse: 100%
Fine tuning increased fitness by 1.1643909203495895e-7 to 0.9978792031106473 adjusted 1 weight 
Fine tuning increased fitness by 1.9691608021954465e-7 to 0.9978794000267275 adjusted 1 weight 
Fine tuning increased fitness by 7.872919568496783e-7 to 0.9978801873186843 adjusted 1 weight 
Training 516e75a8 with 1 binary file, target error: 0.000001, iterations: 1, sample rate: 100%, sparse: 100%
Fine tuning increased fitness by 9.375718977855385e-7 to 0.9978811248905821 adjusted 1 weight 
Generation 90 score 0.9978811248905821  error 0.002107644239920954 avg time 1s 298ms
Fine tuning increased fitness by 7.572472083827719e-7 to 0.9978818821377905 adjusted 1 weight 
Training 488d20ff with 1 binary file, target error: 0.000001, iterations: 1, sample rate: 100%, sparse: 100%
Training 4537986e with 1 binary file, target error: 0.000001, iterations: 1, sample rate: 100%, sparse: 100%
Training c8f6bd80 with 1 binary file, target error: 0.000001, iterations: 1, sample rate: 100%, sparse: 100%
Discovered beneficial synapse from input-790 to cc590223-9b44-4ad4-b0a3-9863b1f15ac4 with weight 1.0000, helping 44.7% more records than it harms (2073/3359)
Discovery 8f96b38a analyze time 20s 128ms found 1 candidates
Fine tuning increased fitness by 2.9114075594804945e-9 to 0.9978819296051917 adjusted 15 weights, 1 bias 
Discovered harmful synapse from input-791 to cc590223-9b44-4ad4-b0a3-9863b1f15ac4, harming 52.0% more records than it helps (449/3359)
Discovery 8f96b38a analyze harmful time 1s 127ms found 1 candidates
Training 4537986e increased fitness by 7.067460083831634e-8 to 0.9978820002797926
Discovery 8f96b38a analyze squashes time 417ms found 2 candidates, Summary: cc590223-9b44-4ad4-b0a3-9863b1f15ac4 HARD_TANH -> Cosine improved: 7.1% error: 65.6480 -> 61.0106,output-0 LOGISTIC -> LogSigmoid improved: 30.9% error: 394.9126 -> 272.7233
Fine tuning increased fitness by 5.323124152578629e-8 to 0.9978820535110341 adjusted 392 weights, 12 biases 
Over populated 55, expected 50.
Fine tuning increased fitness by 3.4789914837851654e-8 to 0.9978820883009489 adjusted 370 weights, 12 biases 
Generation 100 score 0.9978820883009489  error 0.00210667082964021 avg time 1s 293ms
Fine tuning increased fitness by 1.2531166260210114e-7 to 0.997882328817031 adjusted 385 weights, 12 biases 
Fine tuning increased fitness by 1.6346726039451198e-7 to 0.9978824922842914 adjusted 385 weights, 12 biases 
Fine tuning increased fitness by 3.0142100371222114e-8 to 0.9978825224263917 adjusted 385 weights, 12 biases 
Fine tuning increased fitness by 5.99294261993677e-8 to 0.997882582355818 adjusted 385 weights, 12 biases 
Fine tuning increased fitness by 5.7342639525614914e-8 to 0.9978826396984575 adjusted 385 weights, 12 biases 
Fine tuning increased fitness by 1.0787946069790166e-7 to 0.9978827475779182 adjusted 385 weights, 12 biases 
Generation 110 score 0.9978830794047011  error 0.0021056797259478796 avg time 1s 481ms
Fine tuning increased fitness by 5.213256359937191e-7 to 0.9978842391384763 adjusted 159 weights, 3 biases 
Fine tuning increased fitness by 8.727932284680051e-7 to 0.9978851119317048 adjusted 159 weights, 3 biases 
Fine tuning increased fitness by 9.10701846823514e-7 to 0.9978860226335516 adjusted 159 weights, 3 biases 
Fine tuning increased fitness by 9.497052144702423e-9 to 0.9978860658148003 adjusted 110 weights, 4 biases 
Fine tuning increased fitness by 2.981287883230266e-9 to 0.9978860687960882 adjusted 110 weights, 4 biases 
Generation 118 score 0.9978860687960882  error 0.002102690334542668 avg time 1s 153ms
{
  error: 0.002102690334542668,
  score: 0.9978860687960882,
  generation: 118,
  time: 181266
}

=== Processing USDAED (3/10) ===
5 mutations, mutation rate 10.8%, elitism 3, mutation FFW, selection TOURNAMENT
Creature count: 48
Training 511c797f with 1 binary file, target error: 0.000001, iterations: 1, sample rate: 100%, sparse: 100%
Discovery 511c797f with 1 binary files, sample rate: 100%, batch size: 512
Discovery 511c797f initialize time 87ms
Discovery 511c797f processing .trainData-fx_c_88/USDAED/data.bin
Discovery 511c797f read time 3ms for .trainData-fx_c_88/USDAED/data.bin with 1432 records
Discovery 511c797f scanning time 396ms
Generation 1 score 0.9999999423676955  error 7.632304477887409e-9 avg time 101ms
Set training/discovery clean up count to 2
Waiting for discovery to complete
Discovery 511c797f recorded time 710ms
Generation 2 score 0.9999999423676955  error 7.632304477887409e-9 avg time 37ms
Waiting for discovery to complete
Generation 3 score 0.9999999423676955  error 7.632304477887409e-9 avg time 30ms
Waiting for discovery to complete
Generation 4 score 0.9999999423676955  error 7.632304477887409e-9 avg time 28ms
Waiting for discovery to complete
Generation 5 score 0.9999999423676955  error 7.632304477887409e-9 avg time 25ms
Waiting for discovery to complete
Generation 6 score 0.9999999423676958  error 7.63230412862667e-9 avg time 27ms
Waiting for discovery to complete
Fine tuning increased fitness by 6.661338147750939e-16 to 0.9999999423676965 adjusted 4 weights, 1 bias 
Constant neuron 539501bd-a0f2-427a-bdf6-cae606e6f559 convert hidden to constant
Adjust neuron 539501bd-a0f2-427a-bdf6-cae606e6f559 bias -0.06614946569923166 to -0.06505672183531033
Generation 7 score 0.9999999423676965  error 7.632303462985023e-9 avg time 27ms
Waiting for discovery to complete
Fine tuning increased fitness by 9.992007221626409e-16 to 0.9999999423676975 adjusted 4 weights, 1 bias 
Generation 8 score 0.9999999423676975  error 7.632302462452008e-9 avg time 28ms
Waiting for discovery to complete
Fine tuning increased fitness by 1.887379141862766e-15 to 0.9999999423676994 adjusted 4 weights, 1 bias 
Generation 9 score 0.9999999423676994  error 7.632300571494749e-9 avg time 30ms
Waiting for discovery to complete
Fine tuning increased fitness by 2.4424906541753444e-15 to 0.9999999423677018 adjusted 4 weights, 1 bias 
Generation 10 score 0.9999999423677018  error 7.632298153959685e-9 avg time 27ms
Waiting for discovery to complete
Fine tuning increased fitness by 3.885780586188048e-15 to 0.9999999423677057 adjusted 4 weights, 1 bias 
Generation 11 score 0.9999999423677057  error 7.632294199044852e-9 avg time 24ms
Waiting for discovery to complete
Fine tuning increased fitness by 4.440892098500626e-15 to 0.9999999423677102 adjusted 4 weights, 1 bias 
Generation 12 score 0.9999999423677102  error 7.632289846885874e-9 avg time 24ms
Waiting for discovery to complete
Fine tuning increased fitness by 4.440892098500626e-16 to 0.9999999423677106 adjusted 4 weights, 1 bias 
Generation 13 score 0.9999999423677106  error 7.632289348993611e-9 avg time 24ms
Waiting for discovery to complete
Constant neuron 8cf24f09-8830-45e2-80a4-52c1e24fb9b5 convert hidden to constant
Adjust neuron 8cf24f09-8830-45e2-80a4-52c1e24fb9b5 bias -0.025469186745573233 to -0.012475835818239878
Generation 14 score 0.9999999423677106  error 7.632289348993611e-9 avg time 26ms
Waiting for discovery to complete
Generation 15 score 0.9999999423677106  error 7.632289348993611e-9 avg time 25ms
Waiting for discovery to complete
Generation 16 score 0.9999999423677106  error 7.632289348993611e-9 avg time 26ms
Waiting for discovery to complete
Generation 17 score 0.9999999423677106  error 7.632289348993611e-9 avg time 27ms
Waiting for discovery to complete
Generation 18 score 0.9999999423677106  error 7.632289348993611e-9 avg time 29ms
Waiting for discovery to complete
Generation 19 score 0.9999999423677106  error 7.632289348993611e-9 avg time 28ms
Waiting for discovery to complete
Generation 20 score 0.9999999423677106  error 7.632289348993611e-9 avg time 29ms
Waiting for discovery to complete
Generation 21 score 0.9999999423677106  error 7.632289348993611e-9 avg time 27ms
Waiting for discovery to complete
Remove neuron 855c272f-034b-4d53-992d-e04a054c9f08 as no longer connected
Generation 22 score 0.9999999423677106  error 7.632289348993611e-9 avg time 29ms
Waiting for discovery to complete
Generation 23 score 0.9999999423677106  error 7.632289348993611e-9 avg time 28ms
Waiting for discovery to complete
Generation 24 score 0.9999999423677106  error 7.632289348993611e-9 avg time 25ms
Waiting for discovery to complete
Generation 25 score 0.9999999423677106  error 7.632289348993611e-9 avg time 41ms
Waiting for discovery to complete
Constant neuron 6565bca4-bd64-4039-ad75-6acd43c930a1 convert hidden to constant
Adjust neuron 6565bca4-bd64-4039-ad75-6acd43c930a1 bias 0.0015385926568096397 to 0.000769888145128968
Generation 26 score 0.9999999423677106  error 7.632289348993611e-9 avg time 29ms
Waiting for discovery to complete
Generation 27 score 0.9999999423677106  error 7.632289348993611e-9 avg time 27ms
Waiting for discovery to complete
Generation 28 score 0.9999999423677106  error 7.632289348993611e-9 avg time 26ms
Waiting for discovery to complete
Generation 29 score 0.9999999423677106  error 7.632289348993611e-9 avg time 29ms
Waiting for discovery to complete
Generation 30 score 0.9999999423677106  error 7.632289348993611e-9 avg time 29ms
Waiting for discovery to complete
Generation 31 score 0.9999999423677106  error 7.632289348993611e-9 avg time 27ms
Waiting for discovery to complete
Generation 32 score 0.9999999423677106  error 7.632289348993611e-9 avg time 26ms
Waiting for discovery to complete
Generation 33 score 0.9999999423677106  error 7.632289348993611e-9 avg time 26ms
Waiting for discovery to complete
Generation 34 score 0.9999999423677106  error 7.632289348993611e-9 avg time 26ms
Waiting for discovery to complete
Generation 35 score 0.9999999423677106  error 7.632289348993611e-9 avg time 25ms
Waiting for discovery to complete
Constant neuron b30c3617-f1c2-424a-8bb4-a50583f5510b convert hidden to constant
Adjust neuron b30c3617-f1c2-424a-8bb4-a50583f5510b bias -0.0028089060359646617 to -0.002806933551575616
Generation 36 score 0.9999999423677106  error 7.632289348993611e-9 avg time 27ms
Waiting for discovery to complete
Generation 37 score 0.9999999423677106  error 7.632289348993611e-9 avg time 27ms
Waiting for discovery to complete
Generation 38 score 0.9999999423677106  error 7.632289348993611e-9 avg time 28ms
Waiting for discovery to complete
Generation 39 score 0.9999999423677106  error 7.632289348993611e-9 avg time 32ms
Waiting for discovery to complete
Generation 40 score 0.9999999423677106  error 7.632289348993611e-9 avg time 29ms
Waiting for discovery to complete
Generation 41 score 0.9999999423677106  error 7.632289348993611e-9 avg time 26ms
Waiting for discovery to complete
Generation 42 score 0.9999999423677106  error 7.632289348993611e-9 avg time 27ms
Waiting for discovery to complete
Generation 43 score 0.9999999423677106  error 7.632289348993611e-9 avg time 28ms
Waiting for discovery to complete
Remove neuron ead1171c-0284-43ec-b33f-12a1af7ef5c8 as no longer connected
Remove neuron 837322d0-74bd-4e37-86f3-eef447bd0179 as no longer connected
Generation 44 score 0.9999999423677106  error 7.632289348993611e-9 avg time 31ms
Waiting for discovery to complete
Generation 45 score 0.9999999423677106  error 7.632289348993611e-9 avg time 24ms
Waiting for discovery to complete
Generation 46 score 0.9999999423677106  error 7.632289348993611e-9 avg time 27ms
Waiting for discovery to complete
Generation 47 score 0.9999999423677106  error 7.632289348993611e-9 avg time 28ms
Waiting for discovery to complete
Generation 48 score 0.9999999423677106  error 7.632289348993611e-9 avg time 27ms
Waiting for discovery to complete
Generation 49 score 0.9999999423677106  error 7.632289348993611e-9 avg time 26ms
Waiting for discovery to complete
Discovered beneficial synapse from input-11 to output-2 with weight 1.0000, helping 37.4% more records than it harms (535/1432)
Discovery 511c797f analyze time 13s 239ms found 1 candidates
Discovered harmful synapse from input-364 to output-3, harming 18.6% more records than it helps (583/1432)
Discovery 511c797f analyze harmful time 39ms found 1 candidates
Generation 50 score 0.9999999423677106  error 7.632289348993611e-9 avg time 30ms
Waiting for discovery to complete
Generation 51 score 0.9999999423677106  error 7.632289348993611e-9 avg time 26ms
Waiting for discovery to complete
Discovery 511c797f analyze squashes time 409ms found 2 candidates, Summary: output-0 ReLU -> LOGISTIC improved: 31.5% error: 0.2865 -> 0.1962,output-2 ReLU6 -> SQUARE improved: 35.7% error: 0.0323 -> 0.0208
Generation 52 score 0.9999999423677106  error 7.632289348993611e-9 avg time 27ms
Waiting for discovery to complete
Generation 53 score 0.9999999423677106  error 7.632289348993611e-9 avg time 26ms
Waiting for training/discovery clean up 2
Generation 54 score 0.9999999423677106  error 7.632289348993611e-9 avg time 28ms
Waiting for training/discovery clean up 1
Generation 55 score 0.9999999423677106  error 7.632289348993611e-9 avg time 25ms
{
  error: 7.632289348993611e-9,
  score: 0.9999999423677106,
  generation: 55,
  time: 16065
}

=== Processing CADCNY (4/10) ===
3 mutations, mutation rate 5.0%, elitism 5, mutation FFW, selection FITNESS_PROPORTIONATE
Creature count: 48
Training 9116d43a with 1 binary file, target error: 0.000001, iterations: 1, sample rate: 100%, sparse: 100%
Discovery 9116d43a with 1 binary files, sample rate: 100%, batch size: 512
Discovery 9116d43a initialize time 89ms
Discovery 9116d43a processing .trainData-fx_c_88/CADCNY/data.bin
Discovery 9116d43a read time 3ms for .trainData-fx_c_88/CADCNY/data.bin with 3359 records
Discovery 9116d43a scanning time 931ms
Training 09cbfa25 with 1 binary file, target error: 0.000001, iterations: 1, sample rate: 100%, sparse: 100%
Fine tuning increased fitness by 4.462769154223167e-9 to 0.9983187501181082 adjusted 62 weights, 1 bias 
Discovery 9116d43a recorded time 1s 620ms
Training 27014588 with 1 binary file, target error: 0.000001, iterations: 1, sample rate: 100%, sparse: 100%
Training 2b71be97 with 1 binary file, target error: 0.000001, iterations: 1, sample rate: 100%, sparse: 100%
Fine tuning increased fitness by 6.406585373319729e-9 to 0.9983187565246936 adjusted 58 weights, 1 bias 
Training e4cd9211 with 1 binary file, target error: 0.000001, iterations: 1, sample rate: 100%, sparse: 100%
Fine tuning increased fitness by 3.199019937838443e-9 to 0.9983187597237135 adjusted 58 weights, 1 bias 
Training 9d1cb2be with 1 binary file, target error: 0.000001, iterations: 1, sample rate: 100%, sparse: 100%
Training 813aad3c with 1 binary file, target error: 0.000001, iterations: 1, sample rate: 100%, sparse: 100%
Training 3890963f with 1 binary file, target error: 0.000001, iterations: 1, sample rate: 100%, sparse: 100%
Fine tuning increased fitness by 3.934152337237151e-9 to 0.9983187661009567 adjusted 167 weights, 2 biases 
Training eadcdfaf with 1 binary file, target error: 0.000001, iterations: 1, sample rate: 100%, sparse: 100%
Training 1d3f8198 with 1 binary file, target error: 0.000001, iterations: 1, sample rate: 100%, sparse: 100%
Fine tuning increased fitness by 1.276932082294735e-8 to 0.9983187873550475 adjusted 167 weights, 2 biases 
Generation 10 score 0.9983187873550475  error 0.0016745718950941174 avg time 1s 104ms
Training c0b06e2c with 1 binary file, target error: 0.000001, iterations: 1, sample rate: 100%, sparse: 100%
Fine tuning increased fitness by 2.1315208598160496e-8 to 0.9983188086702561 adjusted 167 weights, 2 biases 
Training 1887d4fa with 1 binary file, target error: 0.000001, iterations: 1, sample rate: 100%, sparse: 100%
Fine tuning increased fitness by 2.796824416506638e-8 to 0.9983188366385003 adjusted 167 weights, 2 biases 
Training c60ba565 with 1 binary file, target error: 0.000001, iterations: 1, sample rate: 100%, sparse: 100%
Training f4e11c92 with 1 binary file, target error: 0.000001, iterations: 1, sample rate: 100%, sparse: 100%
Training 0082b22d with 1 binary file, target error: 0.000001, iterations: 1, sample rate: 100%, sparse: 100%
Fine tuning increased fitness by 9.45627320891873e-9 to 0.9983188748267677 adjusted 165 weights, 2 biases 
Training 046c6a3b with 1 binary file, target error: 0.000001, iterations: 1, sample rate: 100%, sparse: 100%
Fine tuning increased fitness by 8.027566167356781e-9 to 0.9983188828543339 adjusted 165 weights, 2 biases 
Training 05034225 with 1 binary file, target error: 0.000001, iterations: 1, sample rate: 100%, sparse: 100%
Fine tuning increased fitness by 8.488718838961518e-9 to 0.9983188913430527 adjusted 165 weights, 2 biases 
Training 0e96d273 with 1 binary file, target error: 0.000001, iterations: 1, sample rate: 100%, sparse: 100%
Fine tuning increased fitness by 2.018176459284149e-8 to 0.9983189115248173 adjusted 168 weights, 2 biases 
Training 9dc06839 with 1 binary file, target error: 0.000001, iterations: 1, sample rate: 100%, sparse: 100%
Fine tuning increased fitness by 4.812473752835444e-10 to 0.9983189120060647 adjusted 168 weights, 2 biases 
Training f9c4ff86 with 1 binary file, target error: 0.000001, iterations: 1, sample rate: 100%, sparse: 100%
Fine tuning increased fitness by 2.130076448558782e-9 to 0.9983189141361412 adjusted 168 weights, 2 biases 
Generation 20 score 0.9983189141361412  error 0.0016744451139914878 avg time 1s 87ms
Training 47f9b73e with 1 binary file, target error: 0.000001, iterations: 1, sample rate: 100%, sparse: 100%
Fine tuning increased fitness by 2.2718499415042004e-8 to 0.9983189368546406 adjusted 168 weights, 2 biases 
Training f043cd8e with 1 binary file, target error: 0.000001, iterations: 1, sample rate: 100%, sparse: 100%
Training d48ea376 with 1 binary file, target error: 0.000001, iterations: 1, sample rate: 100%, sparse: 100%
Training 6a45158b with 1 binary file, target error: 0.000001, iterations: 1, sample rate: 100%, sparse: 100%
Over populated 52, expected 50.
Training 257b95c2 with 1 binary file, target error: 0.000001, iterations: 1, sample rate: 100%, sparse: 100%
Training 4d36fb77 with 1 binary file, target error: 0.000001, iterations: 1, sample rate: 100%, sparse: 100%
Fine tuning increased fitness by 3.9836078880028936e-10 to 0.9983189939391938 adjusted 11 weights 
Training 7a8cc005 with 1 binary file, target error: 0.000001, iterations: 1, sample rate: 100%, sparse: 100%
Fine tuning increased fitness by 1.1068712613138132e-10 to 0.9983189940498809 adjusted 11 weights 
Training 661d6033 with 1 binary file, target error: 0.000001, iterations: 1, sample rate: 100%, sparse: 100%
Training b478a960 with 1 binary file, target error: 0.000001, iterations: 1, sample rate: 100%, sparse: 100%
Fine tuning increased fitness by 3.1701271607786907e-9 to 0.9983189996359787 adjusted 15 weights 
Training 9a5db2f6 with 1 binary file, target error: 0.000001, iterations: 1, sample rate: 100%, sparse: 100%
Fine tuning increased fitness by 4.6373254125597896e-9 to 0.9983190042733041 adjusted 15 weights 
Generation 30 score 0.9983190042733041  error 0.001674354976833501 avg time 1s 13ms
Training 81f68068 with 1 binary file, target error: 0.000001, iterations: 1, sample rate: 100%, sparse: 100%
Fine tuning increased fitness by 6.008510688992885e-9 to 0.9983190102818148 adjusted 15 weights 
Training 92832dc6 with 1 binary file, target error: 0.000001, iterations: 1, sample rate: 100%, sparse: 100%
Training c8269323 with 1 binary file, target error: 0.000001, iterations: 1, sample rate: 100%, sparse: 100%
Discovered beneficial synapse from input-1196 to f338aa36-4db5-4ef0-8d4b-891e9b983802 with weight -0.0149, helping 46.7% more records than it harms (2261/3359)
Discovery 9116d43a analyze time 32s 170ms found 1 candidates
Training 649b93a2 with 1 binary file, target error: 0.000001, iterations: 1, sample rate: 100%, sparse: 100%
Training f8f336f3 with 1 binary file, target error: 0.000001, iterations: 1, sample rate: 100%, sparse: 100%
Fine tuning increased fitness by 2.8610484903435207e-7 to 0.9983194775290778 adjusted 13 weights 
Training df2f2763 with 1 binary file, target error: 0.000001, iterations: 1, sample rate: 100%, sparse: 100%
Discovered harmful synapse from input-916 to f338aa36-4db5-4ef0-8d4b-891e9b983802, harming 45.3% more records than it helps (716/3359)
Discovery 9116d43a analyze harmful time 2s 574ms found 1 candidates
Fine tuning increased fitness by 4.436114346972886e-7 to 0.9983199211405125 adjusted 13 weights 
Training ab046dfe with 1 binary file, target error: 0.000001, iterations: 1, sample rate: 100%, sparse: 100%
Fine tuning increased fitness by 4.7358582566658924e-7 to 0.9983203947263382 adjusted 13 weights 
Discovery 9116d43a analyze squashes time 1s 253ms found 2 candidates, Summary: output-2 LeakyReLU -> LogSigmoid improved: 21.1% error: 13.1093 -> 10.3495,output-0 LeakyReLU -> LogSigmoid improved: 23.8% error: 2.7752 -> 2.1144
Training 98cfc429 with 1 binary file, target error: 0.000001, iterations: 1, sample rate: 100%, sparse: 100%
Fine tuning increased fitness by 5.5647882857279285e-8 to 0.998320450374221 adjusted 13 weights 
Discovery 98cfc429 with 1 binary files, sample rate: 100%, batch size: 512
Discovery 98cfc429 initialize time 87ms
Discovery 98cfc429 processing .trainData-fx_c_88/CADCNY/data.bin
Culling duplicate creature at 45 of 51
DeDuplication of 1 creatures to 50 in 10ms (previous experiment )
Training 29467d9e with 1 binary file, target error: 0.000001, iterations: 1, sample rate: 100%, sparse: 100%
Discovery 98cfc429 read time 1ms for .trainData-fx_c_88/CADCNY/data.bin with 3359 records
Discovery 98cfc429 scanning time 1s 37ms
Discovery 98cfc429 recorded time 1s 679ms
Training 044bf273 with 1 binary file, target error: 0.000001, iterations: 1, sample rate: 100%, sparse: 100%
Fine tuning increased fitness by 1.8291289594074556e-9 to 0.99832045220335 adjusted 525 weights, 5 biases 
Generation 40 score 0.99832045220335  error 0.0016728970461180929 avg time 980ms
Training b3f15793 with 1 binary file, target error: 0.000001, iterations: 1, sample rate: 100%, sparse: 100%
Fine tuning increased fitness by 5.771679689736686e-9 to 0.9983204579750297 adjusted 525 weights, 5 biases 
Over populated 52, expected 50.
Training 69c983bb with 1 binary file, target error: 0.000001, iterations: 1, sample rate: 100%, sparse: 100%
Fine tuning increased fitness by 2.969530288332578e-9 to 0.99832046094456 adjusted 525 weights, 5 biases 
Training 093808f6 with 1 binary file, target error: 0.000001, iterations: 1, sample rate: 100%, sparse: 100%
Fine tuning increased fitness by 8.98972773999418e-9 to 0.9983204699342877 adjusted 525 weights, 5 biases 
Training 7fffaff9 with 1 binary file, target error: 0.000001, iterations: 1, sample rate: 100%, sparse: 100%
Fine tuning increased fitness by 7.787836375783286e-9 to 0.9983204777221241 adjusted 1 weight 
Training c6724d2f with 1 binary file, target error: 0.000001, iterations: 1, sample rate: 100%, sparse: 100%
Fine tuning increased fitness by 7.104513644051735e-10 to 0.9983204784325754 adjusted 1 weight 
Training cd12752d with 1 binary file, target error: 0.000001, iterations: 1, sample rate: 100%, sparse: 100%
Fine tuning increased fitness by 8.785605576377975e-11 to 0.9983204785204315 adjusted 1 weight 
Training afb57ea4 with 1 binary file, target error: 0.000001, iterations: 1, sample rate: 100%, sparse: 100%
Training 9fd8a456 with 1 binary file, target error: 0.000001, iterations: 1, sample rate: 100%, sparse: 100%
Fine tuning increased fitness by 2.8055829881523664e-9 to 0.9983204842373651 adjusted 255 weights, 2 biases 
Training 4062f506 with 1 binary file, target error: 0.000001, iterations: 1, sample rate: 100%, sparse: 100%
Fine tuning increased fitness by 2.7300421923115437e-9 to 0.9983204869674073 adjusted 255 weights, 2 biases 
Training f616c9b1 with 1 binary file, target error: 0.000001, iterations: 1, sample rate: 100%, sparse: 100%
Fine tuning increased fitness by 9.062168127016434e-9 to 0.9983204960295754 adjusted 253 weights, 2 biases 
Generation 50 score 0.9983204960295754  error 0.0016728432200621528 avg time 1s 63ms
Training 9ea37faa with 1 binary file, target error: 0.000001, iterations: 1, sample rate: 100%, sparse: 100%
Fine tuning increased fitness by 1.7126225659858108e-8 to 0.9983205131558011 adjusted 253 weights, 2 biases 
Training c6198666 with 1 binary file, target error: 0.000001, iterations: 1, sample rate: 100%, sparse: 100%
Fine tuning increased fitness by 1.3134863530162022e-8 to 0.9983205262906646 adjusted 248 weights, 2 biases 
Training 77938c05 with 1 binary file, target error: 0.000001, iterations: 1, sample rate: 100%, sparse: 100%
Fine tuning increased fitness by 3.069671961064557e-8 to 0.9983205569873842 adjusted 248 weights, 2 biases 
Training bfda1047 with 1 binary file, target error: 0.000001, iterations: 1, sample rate: 100%, sparse: 100%
Fine tuning increased fitness by 2.3087115108566536e-8 to 0.9983205800744993 adjusted 248 weights, 2 biases 
Training ee1b2c66 with 1 binary file, target error: 0.000001, iterations: 1, sample rate: 100%, sparse: 100%
Fine tuning increased fitness by 3.641316592695176e-8 to 0.9983206164876652 adjusted 248 weights, 2 biases 
Training 3667bd9e with 1 binary file, target error: 0.000001, iterations: 1, sample rate: 100%, sparse: 100%
Fine tuning increased fitness by 1.6200941033162053e-8 to 0.9983206326886063 adjusted 248 weights, 2 biases 
Training b7a0c2ac with 1 binary file, target error: 0.000001, iterations: 1, sample rate: 100%, sparse: 100%
Fine tuning increased fitness by 5.229745525525686e-9 to 0.9983206379183518 adjusted 248 weights, 2 biases 
Training f2a4cc52 with 1 binary file, target error: 0.000001, iterations: 1, sample rate: 100%, sparse: 100%
Training dc2e1964 with 1 binary file, target error: 0.000001, iterations: 1, sample rate: 100%, sparse: 100%
Fine tuning increased fitness by 2.2820828227132495e-8 to 0.998320680385541 adjusted 245 weights, 2 biases 
Training 91a7a558 with 1 binary file, target error: 0.000001, iterations: 1, sample rate: 100%, sparse: 100%
Fine tuning increased fitness by 3.9324101863691396e-8 to 0.9983207197096429 adjusted 245 weights, 2 biases 
Generation 60 score 0.9983207197096429  error 0.0016726195397477554 avg time 1s 56ms
Training 8397b644 with 1 binary file, target error: 0.000001, iterations: 1, sample rate: 100%, sparse: 100%
Training f5c04d85 with 1 binary file, target error: 0.000001, iterations: 1, sample rate: 100%, sparse: 100%
Fine tuning increased fitness by 3.126491865401704e-8 to 0.9983208108410908 adjusted 242 weights, 2 biases 
Training 79ea3c9c with 1 binary file, target error: 0.000001, iterations: 1, sample rate: 100%, sparse: 100%
Fine tuning increased fitness by 4.1489885416190475e-8 to 0.9983208523309762 adjusted 242 weights, 2 biases 
Training 922e7312 with 1 binary file, target error: 0.000001, iterations: 1, sample rate: 100%, sparse: 100%
Fine tuning increased fitness by 7.693408099473942e-8 to 0.9983209292650572 adjusted 242 weights, 2 biases 
Training b9f7e03e with 1 binary file, target error: 0.000001, iterations: 1, sample rate: 100%, sparse: 100%
Fine tuning increased fitness by 1.9731368872122346e-8 to 0.9983209489964261 adjusted 242 weights, 2 biases 
Training 1185da32 with 1 binary file, target error: 0.000001, iterations: 1, sample rate: 100%, sparse: 100%
Training 75afcd82 with 1 binary file, target error: 0.000001, iterations: 1, sample rate: 100%, sparse: 100%
Training 19885697 with 1 binary file, target error: 0.000001, iterations: 1, sample rate: 100%, sparse: 100%
Training d979af69 with 1 binary file, target error: 0.000001, iterations: 1, sample rate: 100%, sparse: 100%
Training c1cd1c61 with 1 binary file, target error: 0.000001, iterations: 1, sample rate: 100%, sparse: 100%
Generation 70 score 0.9983210008893321  error 0.0016723383600719777 avg time 1s 47ms
Discovered beneficial synapse from input-1196 to f338aa36-4db5-4ef0-8d4b-891e9b983802 with weight -0.0150, helping 46.4% more records than it harms (2257/3359)
Discovery 98cfc429 analyze time 32s 625ms found 1 candidates
Training 6d2bc94e with 1 binary file, target error: 0.000001, iterations: 1, sample rate: 100%, sparse: 100%
Fine tuning increased fitness by 5.762817112398011e-9 to 0.9983210066521492 adjusted 174 weights, 1 bias 
Training 8af995d0 with 1 binary file, target error: 0.000001, iterations: 1, sample rate: 100%, sparse: 100%
Fine tuning increased fitness by 1.9005180762476925e-8 to 0.9983210256573299 adjusted 174 weights, 1 bias 
Training 5696ead4 with 1 binary file, target error: 0.000001, iterations: 1, sample rate: 100%, sparse: 100%
Fine tuning increased fitness by 7.622838693599476e-9 to 0.9983210332801686 adjusted 174 weights, 1 bias 
Discovered harmful synapse from input-916 to f338aa36-4db5-4ef0-8d4b-891e9b983802, harming 44.9% more records than it helps (724/3359)
Discovery 98cfc429 analyze harmful time 2s 592ms found 1 candidates
Training 9d0410fb with 1 binary file, target error: 0.000001, iterations: 1, sample rate: 100%, sparse: 100%
Fine tuning increased fitness by 1.1467310434554179e-9 to 0.9983210344268997 adjusted 174 weights, 1 bias 
Discovery 98cfc429 analyze squashes time 1s 250ms found 2 candidates, Summary: output-2 LeakyReLU -> LogSigmoid improved: 21.1% error: 13.1061 -> 10.3437,output-0 LeakyReLU -> LogSigmoid improved: 23.8% error: 2.7754 -> 2.1144
Training 39034c8a with 1 binary file, target error: 0.000001, iterations: 1, sample rate: 100%, sparse: 100%
Fine tuning increased fitness by 2.191254733219239e-9 to 0.9983210366181544 adjusted 174 weights, 1 bias 
Discovery 39034c8a with 1 binary files, sample rate: 100%, batch size: 512
Discovery 39034c8a initialize time 82ms
Discovery 39034c8a processing .trainData-fx_c_88/CADCNY/data.bin
Training 83603a89 with 1 binary file, target error: 0.000001, iterations: 1, sample rate: 100%, sparse: 100%
Fine tuning increased fitness by 4.081959215085362e-9 to 0.9983210407001136 adjusted 462 weights, 5 biases 
Discovery 39034c8a read time 8ms for .trainData-fx_c_88/CADCNY/data.bin with 3359 records
Discovery 39034c8a scanning time 1s 14ms
Discovery 39034c8a recorded time 1s 563ms
Training 14cbacd6 with 1 binary file, target error: 0.000001, iterations: 1, sample rate: 100%, sparse: 100%
Training 5b1e43f1 with 1 binary file, target error: 0.000001, iterations: 1, sample rate: 100%, sparse: 100%
Fine tuning increased fitness by 1.8593062645066993e-9 to 0.9983210437351736 adjusted 442 weights, 5 biases 
Training a07679a0 with 1 binary file, target error: 0.000001, iterations: 1, sample rate: 100%, sparse: 100%
Fine tuning increased fitness by 1.274167660270109e-9 to 0.9983210450093413 adjusted 442 weights, 5 biases 
Training a47492f2 with 1 binary file, target error: 0.000001, iterations: 1, sample rate: 100%, sparse: 100%
Fine tuning increased fitness by 1.886899747560733e-9 to 0.998321046896241 adjusted 442 weights, 5 biases 
Over populated 52, expected 50.
Generation 80 score 0.998321046896241  error 0.0016722923531657895 avg time 1s 83ms
Training ac174290 with 1 binary file, target error: 0.000001, iterations: 1, sample rate: 100%, sparse: 100%
Over populated 52, expected 50.
Training 65276993 with 1 binary file, target error: 0.000001, iterations: 1, sample rate: 100%, sparse: 100%
Training df5dee48 with 1 binary file, target error: 0.000001, iterations: 1, sample rate: 100%, sparse: 100%
Fine tuning increased fitness by 2.7114853695664465e-9 to 0.9983210613607223 adjusted 549 weights, 5 biases 
Training ec220234 with 1 binary file, target error: 0.000001, iterations: 1, sample rate: 100%, sparse: 100%
Training 77903f37 with 1 binary file, target error: 0.000001, iterations: 1, sample rate: 100%, sparse: 100%
Fine tuning increased fitness by 5.306475037158975e-9 to 0.9983210770035662 adjusted 578 weights, 5 biases 
Training c2898ad5 with 1 binary file, target error: 0.000001, iterations: 1, sample rate: 100%, sparse: 100%
Training 9b05fa2e with 1 binary file, target error: 0.000001, iterations: 1, sample rate: 100%, sparse: 100%
Fine tuning increased fitness by 5.487657772640375e-9 to 0.9983210915047565 adjusted 578 weights, 5 biases 
Training 2100bf2f with 1 binary file, target error: 0.000001, iterations: 1, sample rate: 100%, sparse: 100%
Fine tuning increased fitness by 9.088104935273122e-9 to 0.9983211005928614 adjusted 578 weights, 5 biases 
Over populated 52, expected 50.
Training 73a27828 with 1 binary file, target error: 0.000001, iterations: 1, sample rate: 100%, sparse: 100%
Training 99a3df59 with 1 binary file, target error: 0.000001, iterations: 1, sample rate: 100%, sparse: 100%
Fine tuning increased fitness by 7.926888256903908e-9 to 0.9983211151340072 adjusted 578 weights, 5 biases 
Generation 90 score 0.9983211151340072  error 0.001672224115418596 avg time 1s 174ms
Training 0a22ed38 with 1 binary file, target error: 0.000001, iterations: 1, sample rate: 100%, sparse: 100%
Fine tuning increased fitness by 4.239562811925168e-9 to 0.99832111937357 adjusted 578 weights, 5 biases 
Over populated 52, expected 50.
Training e916bef9 with 1 binary file, target error: 0.000001, iterations: 1, sample rate: 100%, sparse: 100%
Fine tuning increased fitness by 8.328873701834993e-9 to 0.9983211277024437 adjusted 578 weights, 5 biases 
Training 6568394b with 1 binary file, target error: 0.000001, iterations: 1, sample rate: 100%, sparse: 100%
Over populated 52, expected 50.
Training a4e5bcb5 with 1 binary file, target error: 0.000001, iterations: 1, sample rate: 100%, sparse: 100%
Fine tuning increased fitness by 2.054645342752792e-9 to 0.9983211386886894 adjusted 577 weights, 5 biases 
Training 6a1c8b23 with 1 binary file, target error: 0.000001, iterations: 1, sample rate: 100%, sparse: 100%
Training 7669354d with 1 binary file, target error: 0.000001, iterations: 1, sample rate: 100%, sparse: 100%
Fine tuning increased fitness by 7.648434219298395e-9 to 0.9983211810246929 adjusted 570 weights, 5 biases 
Training 58479d15 with 1 binary file, target error: 0.000001, iterations: 1, sample rate: 100%, sparse: 100%
Fine tuning increased fitness by 1.4633811495912141e-8 to 0.9983211956585044 adjusted 570 weights, 5 biases 
Training ab72521c with 1 binary file, target error: 0.000001, iterations: 1, sample rate: 100%, sparse: 100%
Training f3748c40 with 1 binary file, target error: 0.000001, iterations: 1, sample rate: 100%, sparse: 100%
Over populated 52, expected 50.
Training 1df560c6 with 1 binary file, target error: 0.000001, iterations: 1, sample rate: 100%, sparse: 100%
Fine tuning increased fitness by 5.383095080802036e-9 to 0.9983212178667733 adjusted 563 weights, 5 biases 
Over populated 52, expected 50.
Generation 100 score 0.9983212178667733  error 0.0016721113828674105 avg time 1s 188ms
Training ec61f672 with 1 binary file, target error: 0.000001, iterations: 1, sample rate: 100%, sparse: 100%
Over populated 52, expected 50.
Training 5dc0f6b6 with 1 binary file, target error: 0.000001, iterations: 1, sample rate: 100%, sparse: 100%
Training 35271514 with 1 binary file, target error: 0.000001, iterations: 1, sample rate: 100%, sparse: 100%
Training 72058d07 with 1 binary file, target error: 0.000001, iterations: 1, sample rate: 100%, sparse: 100%
Discovered beneficial synapse from input-1196 to f338aa36-4db5-4ef0-8d4b-891e9b983802 with weight -0.0151, helping 46.6% more records than it harms (2260/3359)
Discovery 39034c8a analyze time 32s 287ms found 1 candidates
Training 85e0d991 with 1 binary file, target error: 0.000001, iterations: 1, sample rate: 100%, sparse: 100%
Training f18ad7f5 with 1 binary file, target error: 0.000001, iterations: 1, sample rate: 100%, sparse: 100%
Fine tuning increased fitness by 9.863669658827234e-9 to 0.9983212758649118 adjusted 262 weights, 2 biases 
Discovered harmful synapse from input-916 to f338aa36-4db5-4ef0-8d4b-891e9b983802, harming 45.3% more records than it helps (717/3359)
Discovery 39034c8a analyze harmful time 2s 630ms found 1 candidates
Training 2c7a4d6a with 1 binary file, target error: 0.000001, iterations: 1, sample rate: 100%, sparse: 100%
Fine tuning increased fitness by 7.447494398959975e-9 to 0.9983212833124062 adjusted 262 weights, 2 biases 
Discovery 39034c8a analyze squashes time 1s 377ms found 2 candidates, Summary: output-2 LeakyReLU -> LogSigmoid improved: 21.1% error: 13.1027 -> 10.3367,output-0 LeakyReLU -> LogSigmoid improved: 23.8% error: 2.7748 -> 2.1142
Training 54df2bdb with 1 binary file, target error: 0.000001, iterations: 1, sample rate: 100%, sparse: 100%
Discovery 54df2bdb with 1 binary files, sample rate: 100%, batch size: 512
Discovery 54df2bdb initialize time 92ms
Discovery 54df2bdb processing .trainData-fx_c_88/CADCNY/data.bin
Over populated 54, expected 50.
Discovery 54df2bdb read time 3ms for .trainData-fx_c_88/CADCNY/data.bin with 3359 records
Discovery 54df2bdb scanning time 978ms
Training 4aacaa6d with 1 binary file, target error: 0.000001, iterations: 1, sample rate: 100%, sparse: 100%
Discovery 54df2bdb recorded time 1s 738ms
Training 2aa46694 with 1 binary file, target error: 0.000001, iterations: 1, sample rate: 100%, sparse: 100%
Generation 110 score 0.9983213045045761  error 0.0016720247451238006 avg time 1s 190ms
Training 3c2db1f9 with 1 binary file, target error: 0.000001, iterations: 1, sample rate: 100%, sparse: 100%
Fine tuning increased fitness by 1.315313413741137e-10 to 0.9983213046361075 adjusted 11 weights 
Training a7173900 with 1 binary file, target error: 0.000001, iterations: 1, sample rate: 100%, sparse: 100%
Fine tuning increased fitness by 2.6893742788303143e-10 to 0.9983213049050449 adjusted 11 weights 
Training 6411b9ac with 1 binary file, target error: 0.000001, iterations: 1, sample rate: 100%, sparse: 100%
Training 6e74541b with 1 binary file, target error: 0.000001, iterations: 1, sample rate: 100%, sparse: 100%
Training 220c3a69 with 1 binary file, target error: 0.000001, iterations: 1, sample rate: 100%, sparse: 100%
Fine tuning increased fitness by 6.851707090582693e-9 to 0.9983213230106467 adjusted 218 weights, 3 biases 
Training 3da64589 with 1 binary file, target error: 0.000001, iterations: 1, sample rate: 100%, sparse: 100%
Training bfc6141f with 1 binary file, target error: 0.000001, iterations: 1, sample rate: 100%, sparse: 100%
Training b7515042 with 1 binary file, target error: 0.000001, iterations: 1, sample rate: 100%, sparse: 100%
Fine tuning increased fitness by 4.013592902474272e-9 to 0.9983213331684854 adjusted 212 weights, 2 biases 
Training 073e707c with 1 binary file, target error: 0.000001, iterations: 1, sample rate: 100%, sparse: 100%
Fine tuning increased fitness by 5.346547649054401e-9 to 0.998321338515033 adjusted 212 weights, 2 biases 
Training a6fdc8f7 with 1 binary file, target error: 0.000001, iterations: 1, sample rate: 100%, sparse: 100%
Fine tuning increased fitness by 3.2992099052719936e-9 to 0.9983213418142429 adjusted 212 weights, 2 biases 
Generation 120 score 0.9983213418142429  error 0.0016719874354475656 avg time 1s 158ms
Training 0dc8c6b4 with 1 binary file, target error: 0.000001, iterations: 1, sample rate: 100%, sparse: 100%
Training bed16c94 with 1 binary file, target error: 0.000001, iterations: 1, sample rate: 100%, sparse: 100%
Fine tuning increased fitness by 4.203764780719155e-9 to 0.9983213493271671 adjusted 191 weights, 1 bias 
Training 88766ee2 with 1 binary file, target error: 0.000001, iterations: 1, sample rate: 100%, sparse: 100%
Fine tuning increased fitness by 4.032535860787334e-9 to 0.998321353359703 adjusted 191 weights, 1 bias 
Training 0399a70a with 1 binary file, target error: 0.000001, iterations: 1, sample rate: 100%, sparse: 100%
Training 61fc87fa with 1 binary file, target error: 0.000001, iterations: 1, sample rate: 100%, sparse: 100%
Fine tuning increased fitness by 3.761447375794091e-9 to 0.9983213612160451 adjusted 191 weights, 1 bias 
Training f742844c with 1 binary file, target error: 0.000001, iterations: 1, sample rate: 100%, sparse: 100%
Fine tuning increased fitness by 1.6829450055766415e-9 to 0.9983213628989901 adjusted 191 weights, 1 bias 
Training 2b628121 with 1 binary file, target error: 0.000001, iterations: 1, sample rate: 100%, sparse: 100%
Fine tuning increased fitness by 1.6394408053344023e-10 to 0.9983213630629342 adjusted 191 weights, 1 bias 
Training 765741be with 1 binary file, target error: 0.000001, iterations: 1, sample rate: 100%, sparse: 100%
Training 571d4f4d with 1 binary file, target error: 0.000001, iterations: 1, sample rate: 100%, sparse: 100%
Fine tuning increased fitness by 2.0557555657774174e-11 to 0.9983213656084856 adjusted 367 weights, 2 biases 
Over populated 52, expected 50.
Training a5e6c83b with 1 binary file, target error: 0.000001, iterations: 1, sample rate: 100%, sparse: 100%
Fine tuning increased fitness by 1.2615073430310986e-9 to 0.998321366869993 adjusted 367 weights, 2 biases 
Generation 130 score 0.998321366869993  error 0.0016719623796936942 avg time 1s 178ms
Training 2901266e with 1 binary file, target error: 0.000001, iterations: 1, sample rate: 100%, sparse: 100%
Training 86c6f145 with 1 binary file, target error: 0.000001, iterations: 1, sample rate: 100%, sparse: 100%
Training fb00f51e with 1 binary file, target error: 0.000001, iterations: 1, sample rate: 100%, sparse: 100%
Fine tuning increased fitness by 4.563327382633986e-9 to 0.9983213753132867 adjusted 330 weights, 4 biases 
Training 777bb999 with 1 binary file, target error: 0.000001, iterations: 1, sample rate: 100%, sparse: 100%
Training b70ff0cb with 1 binary file, target error: 0.000001, iterations: 1, sample rate: 100%, sparse: 100%
Fine tuning increased fitness by 4.720269286551115e-9 to 0.9983213824527885 adjusted 518 weights, 5 biases 
Over populated 52, expected 50.
Training 312abdc1 with 1 binary file, target error: 0.000001, iterations: 1, sample rate: 100%, sparse: 100%
Fine tuning increased fitness by 5.736833785796591e-9 to 0.9983213881896222 adjusted 518 weights, 5 biases 
Fine tuning increased fitness by 5.173816375325657e-9 to 0.9983213933634386 adjusted 518 weights, 5 biases 
Discovered beneficial synapse from input-1196 to f338aa36-4db5-4ef0-8d4b-891e9b983802 with weight -0.0151, helping 46.5% more records than it harms (2262/3359)
Discovery 54df2bdb analyze time 32s 238ms found 1 candidates
Fine tuning increased fitness by 4.167030609458777e-9 to 0.9983213975304692 adjusted 518 weights, 5 biases 
Fine tuning increased fitness by 7.938330548462602e-9 to 0.9983214054687998 adjusted 518 weights, 5 biases 
Discovered harmful synapse from input-916 to f338aa36-4db5-4ef0-8d4b-891e9b983802, harming 45.2% more records than it helps (722/3359)
Discovery 54df2bdb analyze harmful time 2s 599ms found 1 candidates
Fine tuning increased fitness by 1.0784000803454319e-8 to 0.9983214162528006 adjusted 518 weights, 5 biases 
Discovery 54df2bdb analyze squashes time 1s 265ms found 2 candidates, Summary: output-2 LeakyReLU -> LogSigmoid improved: 21.1% error: 13.1047 -> 10.3367,output-0 LeakyReLU -> LogSigmoid improved: 23.8% error: 2.7757 -> 2.1144
Generation 140 score 0.9983214162528006  error 0.0016719129968869424 avg time 1s 203ms
Fine tuning increased fitness by 1.1259693954990269e-8 to 0.9983214275124945 adjusted 518 weights, 5 biases 
Over populated 53, expected 50.
Fine tuning increased fitness by 1.5188761359752334e-9 to 0.9983214290313707 adjusted 518 weights, 5 biases 
Fine tuning increased fitness by 4.550386734081258e-9 to 0.9983214363530347 adjusted 444 weights, 3 biases 
Fine tuning increased fitness by 3.6399278036114424e-9 to 0.9983214399929625 adjusted 444 weights, 3 biases 
Fine tuning increased fitness by 5.6762959887990405e-9 to 0.9983214456692585 adjusted 444 weights, 3 biases 
Fine tuning increased fitness by 7.087760711677049e-9 to 0.9983214578033306 adjusted 555 weights, 4 biases 
Fine tuning increased fitness by 1.1396028010146608e-8 to 0.9983214691993586 adjusted 555 weights, 4 biases 
Fine tuning increased fitness by 1.0289825769227434e-8 to 0.9983214794891844 adjusted 555 weights, 4 biases 
Generation 150 score 0.9983214794891844  error 0.001671849760489161 avg time 1s 168ms
Fine tuning increased fitness by 1.5415058784995495e-8 to 0.9983214949042432 adjusted 555 weights, 4 biases 
Fine tuning increased fitness by 4.718251400692708e-8 to 0.9983215726682709 adjusted 530 weights, 4 biases 
Fine tuning increased fitness by 4.6674298204152365e-8 to 0.9983216193425691 adjusted 530 weights, 4 biases 
Fine tuning increased fitness by 8.572600407319442e-9 to 0.9983216519917184 adjusted 513 weights, 4 biases 
Generation 160 score 0.9983216740635943  error 0.0016716551861256693 avg time 1s 162ms
Fine tuning increased fitness by 3.5805874931682524e-9 to 0.9983216825775741 adjusted 204 weights, 2 biases 
Generation 162 score 0.9983216825775741  error 0.0016716466721561432 avg time 228ms
{
  error: 0.0016716466721561432,
  score: 0.9983216825775741,
  generation: 162,
  time: 181004
}

=== Processing AUDCNY (5/10) ===
../GRQ-FX-models/v1//AUDCNY.json NotFound: No such file or directory (os error 2): readfile '../GRQ-FX-models/v1//AUDCNY.json'
    at Object.readTextFileSync (ext:deno_fs/30_fs.js:770:10)
    at file:///data/GRQ/GRQ/src/fx/EvolveApp.ts:137:12
    at eventLoopTick (ext:core/01_core.js:179:7) {
  name: "NotFound",
  code: "ENOENT"
}
6 mutations, mutation rate 24.0%, elitism 6, mutation ALL, selection TOURNAMENT
Creature count: 48
Training 4985992a with 1 binary file, target error: 0.000001, iterations: 1, sample rate: 100%, sparse: 100%
Discovery 4985992a with 1 binary files, sample rate: 100%, batch size: 512
Discovery 4985992a initialize time 89ms
Discovery 4985992a processing .trainData-fx_c_88/AUDCNY/data.bin
Discovery 4985992a read time 2ms for .trainData-fx_c_88/AUDCNY/data.bin with 3359 records
Discovery 4985992a scanning time 1s 30ms
Training 980aa55d with 1 binary file, target error: 0.000001, iterations: 1, sample rate: 100%, sparse: 100%
Fine tuning increased fitness by 3.8201430663242775e-7 to 0.997295050193667 adjusted 28 weights, 1 bias 
Discovery 4985992a recorded time 1s 896ms
Fine tuning increased fitness by 0.0000012667367333962787 to 0.9972963169304004 adjusted 625 weights, 12 biases 
Training 36773bc6 with 1 binary file, target error: 0.000001, iterations: 1, sample rate: 100%, sparse: 100%
Over populated 52, expected 50.
Training f0289b44 with 1 binary file, target error: 0.000001, iterations: 1, sample rate: 100%, sparse: 100%
Over populated 52, expected 50.
Training ca5c981c with 1 binary file, target error: 0.000001, iterations: 1, sample rate: 100%, sparse: 100%
Fine tuning increased fitness by 0.00000419632743087206 to 0.9973044408446718 adjusted 763 weights, 14 biases 
Over populated 52, expected 50.
Training 32876f72 with 1 binary file, target error: 0.000001, iterations: 1, sample rate: 100%, sparse: 100%
Over populated 52, expected 50.
Training 255c1b82 with 1 binary file, target error: 0.000001, iterations: 1, sample rate: 100%, sparse: 100%
Fine tuning increased fitness by 0.0000011692401405971609 to 0.9973080085690952 adjusted 642 weights, 12 biases 
Training 696dcbfe with 1 binary file, target error: 0.000001, iterations: 1, sample rate: 100%, sparse: 100%
Discovered beneficial synapse from input-1199 to output-0 with weight -1.0000, helping 44.8% more records than it harms (1604/3359)
Discovery 4985992a analyze time 10s 806ms found 1 candidates
Discovered harmful synapse from input-928 to output-0, harming 44.7% more records than it helps (101/3359)
Discovery 4985992a analyze harmful time 536ms found 1 candidates
Training 5e1b7d36 with 1 binary file, target error: 0.000001, iterations: 1, sample rate: 100%, sparse: 100%
Discovery 4985992a analyze squashes time 628ms found 1 candidate, Summary: output-2 LeakyReLU -> LogSigmoid improved: 15.6% error: 25.9734 -> 21.9312
Generation 10 score 0.9973083511910649  error 0.0026828379593239852 avg time 1s 621ms
Training a0c1a7ad with 1 binary file, target error: 0.000001, iterations: 1, sample rate: 100%, sparse: 100%
Discovery a0c1a7ad with 1 binary files, sample rate: 100%, batch size: 512
Discovery a0c1a7ad initialize time 90ms
Discovery a0c1a7ad processing .trainData-fx_c_88/AUDCNY/data.bin
Discovery a0c1a7ad read time 4ms for .trainData-fx_c_88/AUDCNY/data.bin with 3359 records
Over populated 56, expected 50.
Discovery a0c1a7ad scanning time 1s 47ms
Training be2e4b6d with 1 binary file, target error: 0.000001, iterations: 1, sample rate: 100%, sparse: 100%
Fine tuning increased fitness by 3.672893640338515e-7 to 0.9973090649796554 adjusted 376 weights, 9 biases 
Discovery a0c1a7ad recorded time 2s 47ms
Training d8f2b320 with 1 binary file, target error: 0.000001, iterations: 1, sample rate: 100%, sparse: 100%
Over populated 52, expected 50.
Training 0c6492cc with 1 binary file, target error: 0.000001, iterations: 1, sample rate: 100%, sparse: 100%
Over populated 52, expected 50.
Training 69f1daf0 with 1 binary file, target error: 0.000001, iterations: 1, sample rate: 100%, sparse: 100%
Training 4c7f862d with 1 binary file, target error: 0.000001, iterations: 1, sample rate: 100%, sparse: 100%
Training 4cac4f56 with 1 binary file, target error: 0.000001, iterations: 1, sample rate: 100%, sparse: 100%
Over populated 52, expected 50.
Training 312b2b5a with 1 binary file, target error: 0.000001, iterations: 1, sample rate: 100%, sparse: 100%
Fine tuning increased fitness by 0.0000025467696281866736 to 0.9973140948160029 adjusted 379 weights, 10 biases 
Training 9bb4c2b3 with 1 binary file, target error: 0.000001, iterations: 1, sample rate: 100%, sparse: 100%
Over populated 52, expected 50.
Training 0205271e with 1 binary file, target error: 0.000001, iterations: 1, sample rate: 100%, sparse: 100%
Fine tuning increased fitness by 0.000002310290145413063 to 0.9973200565614652 adjusted 301 weights, 8 biases 
Over populated 52, expected 50.
Generation 20 score 0.9973200565614652  error 0.0026711325889179787 avg time 1s 607ms
Training 6bc96446 with 1 binary file, target error: 0.000001, iterations: 1, sample rate: 100%, sparse: 100%
Training 8fcadfb2 with 1 binary file, target error: 0.000001, iterations: 1, sample rate: 100%, sparse: 100%
Over populated 52, expected 50.
Training 6dc37de3 with 1 binary file, target error: 0.000001, iterations: 1, sample rate: 100%, sparse: 100%
Discovered beneficial synapse from input-1199 to output-0 with weight -1.0000, helping 44.8% more records than it harms (1604/3359)
Discovery a0c1a7ad analyze time 17s 81ms found 1 candidates
Discovered harmful synapse from input-928 to output-0, harming 44.7% more records than it helps (101/3359)
Discovery a0c1a7ad analyze harmful time 535ms found 1 candidates
Over populated 52, expected 50.
Discovery a0c1a7ad analyze squashes time 481ms found 1 candidate, Summary: output-2 LeakyReLU -> LogSigmoid improved: 15.5% error: 25.9440 -> 21.9254
Training 06b90db1 with 1 binary file, target error: 0.000001, iterations: 1, sample rate: 100%, sparse: 100%
Over populated 56, expected 50.
Training cdd8db4d with 1 binary file, target error: 0.000001, iterations: 1, sample rate: 100%, sparse: 100%
Over populated 52, expected 50.
Training e7160859 with 1 binary file, target error: 0.000001, iterations: 1, sample rate: 100%, sparse: 100%
Fine tuning increased fitness by 2.0335445027885868e-7 to 0.9973202599159154 adjusted 629 weights, 12 biases 
Discovery e7160859 with 1 binary files, sample rate: 100%, batch size: 512
Discovery e7160859 initialize time 87ms
Discovery e7160859 processing .trainData-fx_c_88/AUDCNY/data.bin
Over populated 52, expected 50.
Discovery e7160859 read time 3ms for .trainData-fx_c_88/AUDCNY/data.bin with 3359 records
Discovery e7160859 scanning time 996ms
Training 3db94c50 with 1 binary file, target error: 0.000001, iterations: 1, sample rate: 100%, sparse: 100%
Fine tuning increased fitness by 7.7559615063727e-8 to 0.9973203374755305 adjusted 629 weights, 12 biases 
Discovery e7160859 recorded time 1s 927ms
Training 49238dc0 with 1 binary file, target error: 0.000001, iterations: 1, sample rate: 100%, sparse: 100%
Fine tuning increased fitness by 4.901704619975078e-8 to 0.9973203864925767 adjusted 629 weights, 12 biases 
Over populated 52, expected 50.
Training e3d188a3 with 1 binary file, target error: 0.000001, iterations: 1, sample rate: 100%, sparse: 100%
Over populated 52, expected 50.
Training a0c681fa with 1 binary file, target error: 0.000001, iterations: 1, sample rate: 100%, sparse: 100%
Fine tuning increased fitness by 5.467700437966627e-7 to 0.9973214930871296 adjusted 761 weights, 13 biases 
Generation 30 score 0.9973214930871296  error 0.0026696960632586566 avg time 1s 574ms
Training 1acc7a06 with 1 binary file, target error: 0.000001, iterations: 1, sample rate: 100%, sparse: 100%
Fine tuning increased fitness by 4.551558788756793e-7 to 0.9973219482430085 adjusted 761 weights, 13 biases 
Over populated 52, expected 50.
Training df6a56ef with 1 binary file, target error: 0.000001, iterations: 1, sample rate: 100%, sparse: 100%
Fine tuning increased fitness by 3.490372827430477e-7 to 0.9973222972802912 adjusted 761 weights, 13 biases 
Training fceae458 with 1 binary file, target error: 0.000001, iterations: 1, sample rate: 100%, sparse: 100%
Over populated 52, expected 50.
Training a88c092d with 1 binary file, target error: 0.000001, iterations: 1, sample rate: 100%, sparse: 100%
Over populated 52, expected 50.
Training 16361e73 with 1 binary file, target error: 0.000001, iterations: 1, sample rate: 100%, sparse: 100%
Fine tuning increased fitness by 1.0156295249252878e-7 to 0.9973239287948826 adjusted 638 weights, 12 biases 
Over populated 52, expected 50.
Training f94f21e1 with 1 binary file, target error: 0.000001, iterations: 1, sample rate: 100%, sparse: 100%
Fine tuning increased fitness by 0.0000024618700338319144 to 0.9973263906649165 adjusted 750 weights, 14 biases 
Over populated 52, expected 50.
Training 2a66ef1e with 1 binary file, target error: 0.000001, iterations: 1, sample rate: 100%, sparse: 100%
Over populated 52, expected 50.
Training 57ec744b with 1 binary file, target error: 0.000001, iterations: 1, sample rate: 100%, sparse: 100%
Training f94f21e1 increased fitness by 6.322126625546431e-7 to 0.997327022877579
Over populated 52, expected 50.
Training 50448947 with 1 binary file, target error: 0.000001, iterations: 1, sample rate: 100%, sparse: 100%
Fine tuning increased fitness by 7.155066364950002e-7 to 0.9973277383842155 adjusted 606 weights, 12 biases 
Training a61efde2 with 1 binary file, target error: 0.000001, iterations: 1, sample rate: 100%, sparse: 100%
Over populated 52, expected 50.
Generation 40 score 0.9973290443831442  error 0.002662144767231621 avg time 1s 584ms
Training b1e925c2 with 1 binary file, target error: 0.000001, iterations: 1, sample rate: 100%, sparse: 100%
Discovered beneficial synapse from input-862 to output-0 with weight -1.0000, helping 44.7% more records than it harms (1603/3359)
Discovery e7160859 analyze time 21s 737ms found 1 candidates
Over populated 52, expected 50.
Discovered harmful synapse from input-928 to output-0, harming 44.7% more records than it helps (100/3359)
Discovery e7160859 analyze harmful time 1s 163ms found 1 candidates
Training 0b22176b with 1 binary file, target error: 0.000001, iterations: 1, sample rate: 100%, sparse: 100%
Discovery e7160859 analyze squashes time 720ms found 1 candidate, Summary: output-2 LeakyReLU -> LogSigmoid improved: 15.5% error: 25.9521 -> 21.9290
Over populated 52, expected 50.
Training 7039f536 with 1 binary file, target error: 0.000001, iterations: 1, sample rate: 100%, sparse: 100%
Discovery 7039f536 with 1 binary files, sample rate: 100%, batch size: 512
Discovery 7039f536 initialize time 83ms
Discovery 7039f536 processing .trainData-fx_c_88/AUDCNY/data.bin
Discovery 7039f536 read time 3ms for .trainData-fx_c_88/AUDCNY/data.bin with 3359 records
Discovery 7039f536 scanning time 945ms
Over populated 55, expected 50.
Training efbce541 with 1 binary file, target error: 0.000001, iterations: 1, sample rate: 100%, sparse: 100%
Discovery 7039f536 recorded time 1s 842ms
Over populated 52, expected 50.
Training 5f6beabc with 1 binary file, target error: 0.000001, iterations: 1, sample rate: 100%, sparse: 100%
Training 28fd6485 with 1 binary file, target error: 0.000001, iterations: 1, sample rate: 100%, sparse: 100%
Over populated 52, expected 50.
Training 02010767 with 1 binary file, target error: 0.000001, iterations: 1, sample rate: 100%, sparse: 100%
Training 10a3d5bd with 1 binary file, target error: 0.000001, iterations: 1, sample rate: 100%, sparse: 100%
Training 44d4c23a with 1 binary file, target error: 0.000001, iterations: 1, sample rate: 100%, sparse: 100%
Fine tuning increased fitness by 4.4422197820193077e-7 to 0.997333955266259 adjusted 420 weights, 10 biases 
Over populated 52, expected 50.
Training 5d740b38 with 1 binary file, target error: 0.000001, iterations: 1, sample rate: 100%, sparse: 100%
Over populated 52, expected 50.
Generation 50 score 0.9973352085380436  error 0.0026559806123455853 avg time 1s 534ms
Training d7329060 with 1 binary file, target error: 0.000001, iterations: 1, sample rate: 100%, sparse: 100%
Fine tuning increased fitness by 7.365058232178257e-7 to 0.9973359450438668 adjusted 420 weights, 10 biases 
Training 043c4e30 with 1 binary file, target error: 0.000001, iterations: 1, sample rate: 100%, sparse: 100%
Fine tuning increased fitness by 3.0610171564138255e-7 to 0.9973362511455824 adjusted 420 weights, 10 biases 
Discovered beneficial synapse from output-1 to output-2 with weight 1.0000, helping 32.6% more records than it harms (2227/3359)
Discovery 7039f536 analyze time 11s 841ms found 1 candidates
Discovered harmful synapse from input-928 to output-0, harming 44.4% more records than it helps (105/3359)
Discovery 7039f536 analyze harmful time 710ms found 1 candidates
Over populated 52, expected 50.
Discovery 7039f536 analyze squashes time 484ms found 1 candidate, Summary: output-2 LeakyReLU -> LogSigmoid improved: 15.5% error: 25.9493 -> 21.9277
Training 47463c28 with 1 binary file, target error: 0.000001, iterations: 1, sample rate: 100%, sparse: 100%
Fine tuning increased fitness by 4.803105861928003e-7 to 0.9973367314561686 adjusted 420 weights, 10 biases 
Discovery 47463c28 with 1 binary files, sample rate: 100%, batch size: 512
Discovery 47463c28 initialize time 80ms
Discovery 47463c28 processing .trainData-fx_c_88/AUDCNY/data.bin
Discovery 47463c28 read time 4ms for .trainData-fx_c_88/AUDCNY/data.bin with 3359 records
Discovery 47463c28 scanning time 990ms
Over populated 56, expected 50.
Training a52145a1 with 1 binary file, target error: 0.000001, iterations: 1, sample rate: 100%, sparse: 100%
Fine tuning increased fitness by 4.813253966506892e-7 to 0.9973372127815653 adjusted 420 weights, 10 biases 
Discovery 47463c28 recorded time 1s 772ms
Training aa7098cc with 1 binary file, target error: 0.000001, iterations: 1, sample rate: 100%, sparse: 100%
Fine tuning increased fitness by 9.46147249325513e-7 to 0.9973381589288146 adjusted 420 weights, 10 biases 
Over populated 52, expected 50.
Training 90b5fe6a with 1 binary file, target error: 0.000001, iterations: 1, sample rate: 100%, sparse: 100%
Training 246a3a70 with 1 binary file, target error: 0.000001, iterations: 1, sample rate: 100%, sparse: 100%
Over populated 52, expected 50.
Training 94a376d2 with 1 binary file, target error: 0.000001, iterations: 1, sample rate: 100%, sparse: 100%
Fine tuning increased fitness by 2.5652857771341075e-7 to 0.997340087049965 adjusted 368 weights, 9 biases 
Over populated 52, expected 50.
Training e362b7ac with 1 binary file, target error: 0.000001, iterations: 1, sample rate: 100%, sparse: 100%
Fine tuning increased fitness by 6.624332289373314e-7 to 0.997340749483194 adjusted 368 weights, 9 biases 
Over populated 52, expected 50.
Training c97e34cd with 1 binary file, target error: 0.000001, iterations: 1, sample rate: 100%, sparse: 100%
Over populated 52, expected 50.
Generation 60 score 0.9973415783947875  error 0.0026496107555921975 avg time 1s 529ms
Training b62675df with 1 binary file, target error: 0.000001, iterations: 1, sample rate: 100%, sparse: 100%
Discovered beneficial synapse from input-1199 to output-0 with weight -1.0000, helping 44.7% more records than it harms (1603/3359)
Discovery 47463c28 analyze time 10s 881ms found 1 candidates
Over populated 52, expected 50.
Discovered harmful synapse from input-11 to output-0, harming 44.6% more records than it helps (103/3359)
Discovery 47463c28 analyze harmful time 538ms found 1 candidates
Training f0f82ad0 with 1 binary file, target error: 0.000001, iterations: 1, sample rate: 100%, sparse: 100%
Fine tuning increased fitness by 9.655138455411105e-8 to 0.9973417775933855 adjusted 342 weights, 9 biases 
Discovery 47463c28 analyze squashes time 750ms found 2 candidates, Summary: output-2 LeakyReLU -> LogSigmoid improved: 15.5% error: 25.9519 -> 21.9281,e3db0e48-43ab-4e95-a08f-0998ff961cca TAN -> SELU improved: 4.2% error: 0.0057 -> 0.0055
Training f4083ac9 with 1 binary file, target error: 0.000001, iterations: 1, sample rate: 100%, sparse: 100%
Discovery f4083ac9 with 1 binary files, sample rate: 100%, batch size: 512
Discovery f4083ac9 initialize time 90ms
Discovery f4083ac9 processing .trainData-fx_c_88/AUDCNY/data.bin
Remove neuron f35d2092-5537-4a93-be42-ba24b89239f5 as no longer connected
Over populated 54, expected 50.
Discovery f4083ac9 read time 5ms for .trainData-fx_c_88/AUDCNY/data.bin with 3359 records
Discovery f4083ac9 scanning time 977ms
Training a73b5cdd with 1 binary file, target error: 0.000001, iterations: 1, sample rate: 100%, sparse: 100%
Discovery f4083ac9 recorded time 1s 857ms
Over populated 52, expected 50.
Training 5bcc311c with 1 binary file, target error: 0.000001, iterations: 1, sample rate: 100%, sparse: 100%
Training 727572b4 with 1 binary file, target error: 0.000001, iterations: 1, sample rate: 100%, sparse: 100%
Fine tuning increased fitness by 6.504349592262315e-8 to 0.9973421676615182 adjusted 324 weights, 5 biases 
Training 51c2c8ef with 1 binary file, target error: 0.000001, iterations: 1, sample rate: 100%, sparse: 100%
Fine tuning increased fitness by 6.375331884633795e-8 to 0.997342231414837 adjusted 324 weights, 5 biases 
Over populated 52, expected 50.
Training 92cf9a39 with 1 binary file, target error: 0.000001, iterations: 1, sample rate: 100%, sparse: 100%
Fine tuning increased fitness by 4.496773386986064e-8 to 0.9973422763825709 adjusted 324 weights, 5 biases 
Training 1750ad2f with 1 binary file, target error: 0.000001, iterations: 1, sample rate: 100%, sparse: 100%
Fine tuning increased fitness by 2.0342161288766647e-10 to 0.9973422765859925 adjusted 324 weights, 5 biases 
Training f4b5b5b1 with 1 binary file, target error: 0.000001, iterations: 1, sample rate: 100%, sparse: 100%
Fine tuning increased fitness by 3.994076847035899e-9 to 0.9973422805800694 adjusted 324 weights, 5 biases 
Over populated 52, expected 50.
Generation 70 score 0.9973422805800694  error 0.002648908570326647 avg time 1s 506ms
Training 4674c05f with 1 binary file, target error: 0.000001, iterations: 1, sample rate: 100%, sparse: 100%
Fine tuning increased fitness by 7.0288503906112965e-9 to 0.9973422876089197 adjusted 324 weights, 5 biases 
Discovered beneficial synapse from input-1199 to output-0 with weight -1.0000, helping 44.7% more records than it harms (1603/3359)
Discovery f4083ac9 analyze time 10s 781ms found 1 candidates
Over populated 52, expected 50.
Training 9cbf9a7e with 1 binary file, target error: 0.000001, iterations: 1, sample rate: 100%, sparse: 100%
Fine tuning increased fitness by 6.664902840736175e-8 to 0.9973423542579481 adjusted 575 weights, 11 biases 
Discovered harmful synapse from input-928 to output-0, harming 44.6% more records than it helps (102/3359)
Discovery f4083ac9 analyze harmful time 1s 342ms found 1 candidates
Discovery f4083ac9 analyze squashes time 461ms found 1 candidate, Summary: output-2 LeakyReLU -> LogSigmoid improved: 15.5% error: 25.9518 -> 21.9280
Over populated 52, expected 50.
Training 93551adc with 1 binary file, target error: 0.000001, iterations: 1, sample rate: 100%, sparse: 100%
Over populated 54, expected 50.
Training e71891a1 with 1 binary file, target error: 0.000001, iterations: 1, sample rate: 100%, sparse: 100%
Training 9cbf9a7e increased fitness by 3.2569368868529125e-8 to 0.997342386827317
Discovery e71891a1 with 1 binary files, sample rate: 100%, batch size: 512
Discovery e71891a1 initialize time 84ms
Discovery e71891a1 processing .trainData-fx_c_88/AUDCNY/data.bin
Discovery e71891a1 read time 5ms for .trainData-fx_c_88/AUDCNY/data.bin with 3359 records
Discovery e71891a1 scanning time 995ms
Training 144fca5e with 1 binary file, target error: 0.000001, iterations: 1, sample rate: 100%, sparse: 100%
Discovery e71891a1 recorded time 1s 752ms
Over populated 52, expected 50.
Training 485f055f with 1 binary file, target error: 0.000001, iterations: 1, sample rate: 100%, sparse: 100%
Over populated 52, expected 50.
Training 17512a83 with 1 binary file, target error: 0.000001, iterations: 1, sample rate: 100%, sparse: 100%
Over populated 52, expected 50.
Training d304c53f with 1 binary file, target error: 0.000001, iterations: 1, sample rate: 100%, sparse: 100%
Fine tuning increased fitness by 1.9014867347344477e-8 to 0.9973431178000507 adjusted 551 weights, 7 biases 
Training 21a386d6 with 1 binary file, target error: 0.000001, iterations: 1, sample rate: 100%, sparse: 100%
Over populated 52, expected 50.
Training 95aebc3b with 1 binary file, target error: 0.000001, iterations: 1, sample rate: 100%, sparse: 100%
Generation 80 score 0.9973432138927667  error 0.0026479652578263522 avg time 1s 527ms
Training 6ed33b2b with 1 binary file, target error: 0.000001, iterations: 1, sample rate: 100%, sparse: 100%
Fine tuning increased fitness by 8.45558199014107e-8 to 0.9973432984485866 adjusted 766 weights, 14 biases 
Training 0bb13ebf with 1 binary file, target error: 0.000001, iterations: 1, sample rate: 100%, sparse: 100%
Fine tuning increased fitness by 2.5706653083990005e-7 to 0.9973435555151174 adjusted 766 weights, 14 biases 
Training eb39d16a with 1 binary file, target error: 0.000001, iterations: 1, sample rate: 100%, sparse: 100%
Over populated 52, expected 50.
Training e3ea2b76 with 1 binary file, target error: 0.000001, iterations: 1, sample rate: 100%, sparse: 100%
Fine tuning increased fitness by 2.3585044162111046e-7 to 0.9973440174771607 adjusted 109 weights, 4 biases 
Training f940d2f5 with 1 binary file, target error: 0.000001, iterations: 1, sample rate: 100%, sparse: 100%
Fine tuning increased fitness by 3.3564561485732725e-7 to 0.9973443531227756 adjusted 109 weights, 4 biases 
Training 8af33045 with 1 binary file, target error: 0.000001, iterations: 1, sample rate: 100%, sparse: 100%
Fine tuning increased fitness by 3.4619818889414233e-7 to 0.9973446993209645 adjusted 109 weights, 4 biases 
Discovered beneficial synapse from input-924 to output-0 with weight -1.0000, helping 45.0% more records than it harms (1608/3359)
Discovery e71891a1 analyze time 17s 188ms found 1 candidates
Training e3dd109d with 1 binary file, target error: 0.000001, iterations: 1, sample rate: 100%, sparse: 100%
Discovered harmful synapse from input-928 to output-0, harming 45.0% more records than it helps (95/3359)
Discovery e71891a1 analyze harmful time 1s 282ms found 1 candidates
Discovery e71891a1 analyze squashes time 444ms found 1 candidate, Summary: output-2 LeakyReLU -> LogSigmoid improved: 15.5% error: 25.9463 -> 21.9252
Training e0fc45ba with 1 binary file, target error: 0.000001, iterations: 1, sample rate: 100%, sparse: 100%
Discovery e0fc45ba with 1 binary files, sample rate: 100%, batch size: 512
Discovery e0fc45ba initialize time 81ms
Discovery e0fc45ba processing .trainData-fx_c_88/AUDCNY/data.bin
Over populated 56, expected 50.
Discovery e0fc45ba read time 3ms for .trainData-fx_c_88/AUDCNY/data.bin with 3359 records
Discovery e0fc45ba scanning time 1s 22ms
Training c5e47235 with 1 binary file, target error: 0.000001, iterations: 1, sample rate: 100%, sparse: 100%
Discovery e0fc45ba recorded time 1s 763ms
Over populated 52, expected 50.
Training 45baf087 with 1 binary file, target error: 0.000001, iterations: 1, sample rate: 100%, sparse: 100%
Generation 90 score 0.9973463892686879  error 0.0026447898818767147 avg time 1s 538ms
Training c5faad3e with 1 binary file, target error: 0.000001, iterations: 1, sample rate: 100%, sparse: 100%
Fine tuning increased fitness by 2.067411984940648e-7 to 0.9973465960098864 adjusted 437 weights, 6 biases 
Training ae5bedf6 with 1 binary file, target error: 0.000001, iterations: 1, sample rate: 100%, sparse: 100%
Fine tuning increased fitness by 3.7626666193890657e-7 to 0.9973469722765483 adjusted 437 weights, 6 biases 
Over populated 52, expected 50.
Discovered beneficial synapse from output-1 to output-2 with weight 1.0000, helping 32.2% more records than it harms (2220/3359)
Discovery e0fc45ba analyze time 5s 597ms found 1 candidates
Training dac6a3b9 with 1 binary file, target error: 0.000001, iterations: 1, sample rate: 100%, sparse: 100%
Fine tuning increased fitness by 4.397524601129632e-7 to 0.9973474120290085 adjusted 437 weights, 6 biases 
Discovered harmful synapse from input-415 to output-2, harming 18.3% more records than it helps (1372/3359)
Discovery e0fc45ba analyze harmful time 876ms found 1 candidates
Discovery e0fc45ba analyze squashes time 422ms found 1 candidate, Summary: output-2 LeakyReLU -> LogSigmoid improved: 15.5% error: 25.9567 -> 21.9249
Training f1131a1b with 1 binary file, target error: 0.000001, iterations: 1, sample rate: 100%, sparse: 100%
Over populated 55, expected 50.
Training 5bea2199 with 1 binary file, target error: 0.000001, iterations: 1, sample rate: 100%, sparse: 100%
Discovery 5bea2199 with 1 binary files, sample rate: 100%, batch size: 512
Discovery 5bea2199 initialize time 91ms
Discovery 5bea2199 processing .trainData-fx_c_88/AUDCNY/data.bin
Discovery 5bea2199 read time 3ms for .trainData-fx_c_88/AUDCNY/data.bin with 3359 records
Discovery 5bea2199 scanning time 991ms
Training 264e1639 with 1 binary file, target error: 0.000001, iterations: 1, sample rate: 100%, sparse: 100%
Fine tuning increased fitness by 2.8370125448873296e-7 to 0.9973478245920562 adjusted 399 weights, 6 biases 
Discovery 5bea2199 recorded time 1s 953ms
Fine tuning increased fitness by 1.1143812483904725e-7 to 0.997347936030181 adjusted 399 weights, 6 biases 
Over populated 52, expected 50.
Fine tuning increased fitness by 2.705519168699766e-7 to 0.9973484154370205 adjusted 399 weights, 6 biases 
Fine tuning increased fitness by 1.728284131363722e-7 to 0.9973485882654336 adjusted 399 weights, 6 biases 
Generation 100 score 0.9973485882654336  error 0.002642590885129707 avg time 1s 590ms
Fine tuning increased fitness by 5.868704300304728e-8 to 0.9973486469524766 adjusted 399 weights, 6 biases 
Fine tuning increased fitness by 1.7218687931030985e-7 to 0.9973488191393559 adjusted 399 weights, 6 biases 
Fine tuning increased fitness by 1.285530493166931e-7 to 0.9973489476924052 adjusted 399 weights, 6 biases 
Discovered beneficial synapse from input-924 to output-0 with weight -1.0000, helping 45.2% more records than it harms (1611/3359)
Discovery 5bea2199 analyze time 10s 779ms found 1 candidates
Discovered harmful synapse from input-928 to output-0, harming 45.2% more records than it helps (92/3359)
Discovery 5bea2199 analyze harmful time 1s 250ms found 1 candidates
Fine tuning increased fitness by 1.0817518503181134e-7 to 0.9973490558675903 adjusted 399 weights, 6 biases 
Discovery 5bea2199 analyze squashes time 507ms found 1 candidate, Summary: output-2 LeakyReLU -> LogSigmoid improved: 15.5% error: 25.9593 -> 21.9263
Over populated 53, expected 50.
Fine tuning increased fitness by 1.1604924332608846e-7 to 0.9973492874116376 adjusted 399 weights, 6 biases 
Fine tuning increased fitness by 1.1412919487252537e-7 to 0.9973494015408325 adjusted 399 weights, 6 biases 
Fine tuning increased fitness by 1.3619863237224195e-7 to 0.9973495377394649 adjusted 399 weights, 6 biases 
Fine tuning increased fitness by 4.040578327479949e-8 to 0.9973496138388624 adjusted 341 weights, 6 biases 
Generation 110 score 0.9973496138388624  error 0.0026415653117013646 avg time 1s 498ms
Fine tuning increased fitness by 7.915450217499398e-8 to 0.9973503808811626 adjusted 248 weights, 7 biases 
Fine tuning increased fitness by 3.884368487971912e-7 to 0.9973507693180114 adjusted 236 weights, 6 biases 
Generation 117 score 0.9973507693180114  error 0.0026403998326711415 avg time 991ms
{
  error: 0.0026403998326711415,
  score: 0.9973507693180114,
  generation: 117,
  time: 181143
}

=== Processing USDPEN (6/10) ===
1 mutation, mutation rate 14.7%, elitism 7, mutation FFW, selection FITNESS_PROPORTIONATE
Creature count: 49
Training 0ee0e10e with 1 binary file, target error: 0.000001, iterations: 1, sample rate: 100%, sparse: 100%
Discovery 0ee0e10e with 1 binary files, sample rate: 100%, batch size: 512
Discovery 0ee0e10e initialize time 87ms
Discovery 0ee0e10e processing .trainData-fx_c_88/USDPEN/data.bin
Discovery 0ee0e10e read time 6ms for .trainData-fx_c_88/USDPEN/data.bin with 3359 records
Discovery 0ee0e10e scanning time 1s 14ms
Training d110d461 with 1 binary file, target error: 0.000001, iterations: 1, sample rate: 100%, sparse: 100%
Discovery 0ee0e10e recorded time 1s 685ms
Over populated 52, expected 50.
Training bf66ea4d with 1 binary file, target error: 0.000001, iterations: 1, sample rate: 100%, sparse: 100%
Over populated 52, expected 50.
Training 1641ca1e with 1 binary file, target error: 0.000001, iterations: 1, sample rate: 100%, sparse: 100%
Training 8d4e799c with 1 binary file, target error: 0.000001, iterations: 1, sample rate: 100%, sparse: 100%
Training 6adb68a0 with 1 binary file, target error: 0.000001, iterations: 1, sample rate: 100%, sparse: 100%
Fine tuning increased fitness by 2.880611305045022e-9 to 0.99918132727083 adjusted 44 weights, 2 biases 
Over populated 52, expected 50.
Culling duplicate creature at 36 of 52
DeDuplication of 1 creatures to 51 in 16ms (previous experiment )
Training 627871b4 with 1 binary file, target error: 0.000001, iterations: 1, sample rate: 100%, sparse: 100%
Fine tuning increased fitness by 1.1557815371432412e-8 to 0.9991813388286453 adjusted 44 weights, 2 biases 
Training 799912ec with 1 binary file, target error: 0.000001, iterations: 1, sample rate: 100%, sparse: 100%
Fine tuning increased fitness by 5.086259158293416e-8 to 0.9991813896912369 adjusted 44 weights, 2 biases 
Training 3852769a with 1 binary file, target error: 0.000001, iterations: 1, sample rate: 100%, sparse: 100%
Fine tuning increased fitness by 6.485929193722484e-8 to 0.9991814545505289 adjusted 44 weights, 2 biases 
Generation 10 score 0.9991814545505289  error 0.0008106645972622818 avg time 1s 216ms
Fine tuning increased fitness by 3.3624901751849734e-8 to 0.9991814881754306 adjusted 44 weights, 2 biases 
Training a8feb3f7 with 1 binary file, target error: 0.000001, iterations: 1, sample rate: 100%, sparse: 100%
Fine tuning increased fitness by 3.64048403644901e-8 to 0.999181524580271 adjusted 44 weights, 2 biases 
Discovered beneficial synapse from input-41 to output-2 with weight 1.0000, helping 100.0% more records than it harms (3359/3359)
Discovery 0ee0e10e analyze time 12s 180ms found 1 candidates
Training d461279e with 1 binary file, target error: 0.000001, iterations: 1, sample rate: 100%, sparse: 100%
Discovered harmful synapse from input-17 to output-2, harming 100.0% more records than it helps (0/3359)
Discovery 0ee0e10e analyze harmful time 319ms found 1 candidates
Fine tuning increased fitness by 3.309265395046168e-8 to 0.9991815576729249 adjusted 44 weights, 2 biases 
Discovery 0ee0e10e analyze squashes time 597ms found 2 candidates, Summary: output-2 Swish -> ABSOLUTE improved: 91.2% error: 70.2489 -> 6.2045,output-0 Softplus -> TAN improved: 8.9% error: 126.8638 -> 115.5359
Training c13e5dfd with 1 binary file, target error: 0.000001, iterations: 1, sample rate: 100%, sparse: 100%
Fine tuning increased fitness by 3.455967489962575e-8 to 0.9991815922325998 adjusted 44 weights, 2 biases 
Discovery c13e5dfd with 1 binary files, sample rate: 100%, batch size: 512
Discovery c13e5dfd initialize time 90ms
Discovery c13e5dfd processing .trainData-fx_c_88/USDPEN/data.bin
Training 2bacd23e with 1 binary file, target error: 0.000001, iterations: 1, sample rate: 100%, sparse: 100%
Fine tuning increased fitness by 9.71538427485541e-8 to 0.9991816893864426 adjusted 44 weights, 2 biases 
Discovery c13e5dfd read time 6ms for .trainData-fx_c_88/USDPEN/data.bin with 3359 records
Discovery c13e5dfd scanning time 1s 148ms
Discovery c13e5dfd recorded time 1s 838ms
Training dad33ee1 with 1 binary file, target error: 0.000001, iterations: 1, sample rate: 100%, sparse: 100%
Fine tuning increased fitness by 8.165956288941345e-8 to 0.9991818665576223 adjusted 27 weights 
Training 29af12c4 with 1 binary file, target error: 0.000001, iterations: 1, sample rate: 100%, sparse: 100%
Fine tuning increased fitness by 9.460196292998546e-9 to 0.9991818760178186 adjusted 35 weights, 1 bias 
Generation 20 score 0.9991818842097229  error 0.0008102349381830088 avg time 1s 126ms
Training 752ea6f4 with 1 binary file, target error: 0.000001, iterations: 1, sample rate: 100%, sparse: 100%
Training 608865e3 with 1 binary file, target error: 0.000001, iterations: 1, sample rate: 100%, sparse: 100%
Fine tuning increased fitness by 1.29101701773493e-7 to 0.9991826628366082 adjusted 38 weights, 1 bias 
Training 8798d127 with 1 binary file, target error: 0.000001, iterations: 1, sample rate: 100%, sparse: 100%
Training c4d880d7 with 1 binary file, target error: 0.000001, iterations: 1, sample rate: 100%, sparse: 100%
Discovered beneficial synapse from input-41 to output-2 with weight 1.0000, helping 100.0% more records than it harms (3359/3359)
Discovery c13e5dfd analyze time 13s found 1 candidates
Discovered harmful synapse from input-17 to output-2, harming 100.0% more records than it helps (0/3359)
Discovery c13e5dfd analyze harmful time 237ms found 1 candidates
Discovery c13e5dfd analyze squashes time 392ms found 2 candidates, Summary: output-2 Swish -> ABSOLUTE improved: 91.2% error: 69.2713 -> 6.1184,output-0 Softplus -> TAN improved: 8.9% error: 126.8638 -> 115.5359
Training 9c868ae2 with 1 binary file, target error: 0.000001, iterations: 1, sample rate: 100%, sparse: 100%
Over populated 53, expected 50.
Discovery 597040cc with 1 binary files, sample rate: 100%, batch size: 512
Discovery 597040cc initialize time 88ms
Discovery 597040cc processing .trainData-fx_c_88/USDPEN/data.bin
Generation 30 score 0.9991828414193571  error 0.0008092677283803403 avg time 1s 84ms
Training 597040cc with 1 binary file, target error: 0.000001, iterations: 1, sample rate: 100%, sparse: 100%
Discovery 597040cc read time 3ms for .trainData-fx_c_88/USDPEN/data.bin with 3359 records
Discovery 597040cc scanning time 1s 56ms
Discovery 597040cc recorded time 2s 1ms
Training 201718f3 with 1 binary file, target error: 0.000001, iterations: 1, sample rate: 100%, sparse: 100%
Training f4f35b49 with 1 binary file, target error: 0.000001, iterations: 1, sample rate: 100%, sparse: 100%
Training 7842bc8c with 1 binary file, target error: 0.000001, iterations: 1, sample rate: 100%, sparse: 100%
Training de5127aa with 1 binary file, target error: 0.000001, iterations: 1, sample rate: 100%, sparse: 100%
Generation 40 score 0.9991860195574378  error 0.0008060595907367972 avg time 1s 98ms
Training 05d86eba with 1 binary file, target error: 0.000001, iterations: 1, sample rate: 100%, sparse: 100%
Fine tuning increased fitness by 2.7744276764885e-8 to 0.9991860473017146 adjusted 160 weights, 2 biases 
Fine tuning increased fitness by 1.9570401632584833e-8 to 0.9991860668721162 adjusted 160 weights, 2 biases 
Training 2ef5b35d with 1 binary file, target error: 0.000001, iterations: 1, sample rate: 100%, sparse: 100%
Fine tuning increased fitness by 3.3972197277520877e-9 to 0.9991860702693359 adjusted 160 weights, 2 biases 
Discovered beneficial synapse from input-41 to output-2 with weight 1.0000, helping 100.0% more records than it harms (3359/3359)
Discovery 597040cc analyze time 12s 625ms found 1 candidates
Discovered harmful synapse from input-17 to output-2, harming 100.0% more records than it helps (0/3359)
Discovery 597040cc analyze harmful time 289ms found 1 candidates
Discovery 597040cc analyze squashes time 590ms found 2 candidates, Summary: output-2 Swish -> ABSOLUTE improved: 91.1% error: 68.6533 -> 6.1385,output-0 Softplus -> TAN improved: 8.9% error: 126.8638 -> 115.5359
Training 5df6580b with 1 binary file, target error: 0.000001, iterations: 1, sample rate: 100%, sparse: 100%
Fine tuning increased fitness by 1.256883186417923e-8 to 0.9991860872418638 adjusted 215 weights, 2 biases 
Discovery 5df6580b with 1 binary files, sample rate: 100%, batch size: 512
Discovery 5df6580b initialize time 89ms
Discovery 5df6580b processing .trainData-fx_c_88/USDPEN/data.bin
Training c2c02e68 with 1 binary file, target error: 0.000001, iterations: 1, sample rate: 100%, sparse: 100%
Discovery 5df6580b read time 5ms for .trainData-fx_c_88/USDPEN/data.bin with 3359 records
Discovery 5df6580b scanning time 1s 84ms
Fine tuning increased fitness by 7.388298750576894e-9 to 0.9991860946301625 adjusted 190 weights, 2 biases 
Discovery 5df6580b recorded time 1s 807ms
Training 933288bd with 1 binary file, target error: 0.000001, iterations: 1, sample rate: 100%, sparse: 100%
Fine tuning increased fitness by 2.6702637323516853e-8 to 0.9991861476170917 adjusted 661 weights, 4 biases 
Training ce8f79ff with 1 binary file, target error: 0.000001, iterations: 1, sample rate: 100%, sparse: 100%
Fine tuning increased fitness by 2.890530648169687e-8 to 0.9991861765223982 adjusted 618 weights, 4 biases 
Training b37611a9 with 1 binary file, target error: 0.000001, iterations: 1, sample rate: 100%, sparse: 100%
Fine tuning increased fitness by 6.911763594796838e-8 to 0.9991862456400341 adjusted 621 weights, 4 biases 
Generation 50 score 0.9991862456400341  error 0.00080583350814897 avg time 1s 180ms
Training d127bc28 with 1 binary file, target error: 0.000001, iterations: 1, sample rate: 100%, sparse: 100%
Fine tuning increased fitness by 1.1037963176807608e-7 to 0.9991863560196659 adjusted 587 weights, 4 biases 
Training 7994cd14 with 1 binary file, target error: 0.000001, iterations: 1, sample rate: 100%, sparse: 100%
Fine tuning increased fitness by 9.391529176561164e-8 to 0.9991864499349576 adjusted 587 weights, 4 biases 
Training 88c8f25d with 1 binary file, target error: 0.000001, iterations: 1, sample rate: 100%, sparse: 100%
Fine tuning increased fitness by 1.1115694720231772e-7 to 0.9991865610919048 adjusted 565 weights, 4 biases 
Training 33ca1b13 with 1 binary file, target error: 0.000001, iterations: 1, sample rate: 100%, sparse: 100%
Fine tuning increased fitness by 3.1256297328141613e-8 to 0.9991865923482022 adjusted 565 weights, 4 biases 
Training 63e3bffd with 1 binary file, target error: 0.000001, iterations: 1, sample rate: 100%, sparse: 100%
Fine tuning increased fitness by 6.632219329283373e-8 to 0.9991866586703955 adjusted 554 weights, 4 biases 
Training c81bd020 with 1 binary file, target error: 0.000001, iterations: 1, sample rate: 100%, sparse: 100%
Fine tuning increased fitness by 1.0714336329264995e-7 to 0.9991867658137588 adjusted 554 weights, 4 biases 
Discovered beneficial synapse from input-41 to output-2 with weight 1.0000, helping 100.0% more records than it harms (3359/3359)
Discovery 5df6580b analyze time 13s 226ms found 1 candidates
Training e05ccea7 with 1 binary file, target error: 0.000001, iterations: 1, sample rate: 100%, sparse: 100%
Fine tuning increased fitness by 3.801521752944126e-8 to 0.9991868038289763 adjusted 554 weights, 4 biases 
Discovered harmful synapse from input-17 to output-2, harming 100.0% more records than it helps (0/3359)
Discovery 5df6580b analyze harmful time 222ms found 1 candidates
Discovery 5df6580b analyze squashes time 684ms found 2 candidates, Summary: output-2 Swish -> ABSOLUTE improved: 91.0% error: 68.3438 -> 6.1686,output-0 Softplus -> TAN improved: 9.1% error: 126.7840 -> 115.2597
Fine tuning increased fitness by 1.1881256201107249e-8 to 0.9991868157102325 adjusted 554 weights, 4 biases 
Discovery a9f61fce with 1 binary files, sample rate: 100%, batch size: 512
Discovery a9f61fce initialize time 83ms
Discovery a9f61fce processing .trainData-fx_c_88/USDPEN/data.bin
Discovery a9f61fce read time 7ms for .trainData-fx_c_88/USDPEN/data.bin with 3359 records
Discovery a9f61fce scanning time 969ms
Training 928a130a with 1 binary file, target error: 0.000001, iterations: 1, sample rate: 100%, sparse: 100%
Discovery a9f61fce recorded time 1s 754ms
Training f626bfe7 with 1 binary file, target error: 0.000001, iterations: 1, sample rate: 100%, sparse: 100%
Fine tuning increased fitness by 3.564928685584334e-8 to 0.999186868119612 adjusted 534 weights, 4 biases 
Generation 60 score 0.999186868119612  error 0.000805211028767609 avg time 1s 313ms
Training 9d50f642 with 1 binary file, target error: 0.000001, iterations: 1, sample rate: 100%, sparse: 100%
Fine tuning increased fitness by 6.354061321545146e-8 to 0.9991869316602252 adjusted 534 weights, 4 biases 
Training 62967000 with 1 binary file, target error: 0.000001, iterations: 1, sample rate: 100%, sparse: 100%
Fine tuning increased fitness by 7.763560716522733e-8 to 0.9991870092958324 adjusted 534 weights, 4 biases 
Training cef52dfa with 1 binary file, target error: 0.000001, iterations: 1, sample rate: 100%, sparse: 100%
Fine tuning increased fitness by 8.073129453833872e-8 to 0.9991870900271269 adjusted 534 weights, 4 biases 
Training 48af66f8 with 1 binary file, target error: 0.000001, iterations: 1, sample rate: 100%, sparse: 100%
Fine tuning increased fitness by 1.0160460972574725e-7 to 0.9991871916317366 adjusted 534 weights, 4 biases 
Training e5eeb199 with 1 binary file, target error: 0.000001, iterations: 1, sample rate: 100%, sparse: 100%
Fine tuning increased fitness by 4.6880543225213955e-8 to 0.9991872385122799 adjusted 534 weights, 4 biases 
Training 7a4a89e2 with 1 binary file, target error: 0.000001, iterations: 1, sample rate: 100%, sparse: 100%
Fine tuning increased fitness by 3.575808504852063e-8 to 0.9991872742703649 adjusted 534 weights, 4 biases 
Training a4ed23c4 with 1 binary file, target error: 0.000001, iterations: 1, sample rate: 100%, sparse: 100%
Fine tuning increased fitness by 1.9009530616287407e-8 to 0.9991872932798955 adjusted 534 weights, 4 biases 
Training ee22673e with 1 binary file, target error: 0.000001, iterations: 1, sample rate: 100%, sparse: 100%
Fine tuning increased fitness by 2.4909875162570927e-8 to 0.9991873181897707 adjusted 534 weights, 4 biases 
Discovered beneficial synapse from input-41 to output-2 with weight 1.0000, helping 100.0% more records than it harms (3359/3359)
Discovery a9f61fce analyze time 12s 146ms found 1 candidates
Training 026264eb with 1 binary file, target error: 0.000001, iterations: 1, sample rate: 100%, sparse: 100%
Discovered harmful synapse from input-17 to output-2, harming 100.0% more records than it helps (0/3359)
Discovery a9f61fce analyze harmful time 254ms found 1 candidates
Fine tuning increased fitness by 3.494319067431917e-8 to 0.9991873531329614 adjusted 534 weights, 4 biases 
Discovery a9f61fce analyze squashes time 620ms found 2 candidates, Summary: output-2 Swish -> ABSOLUTE improved: 90.8% error: 67.7977 -> 6.2568,output-0 Softplus -> TAN improved: 9.1% error: 126.7746 -> 115.2271
Training dcd6e42d with 1 binary file, target error: 0.000001, iterations: 1, sample rate: 100%, sparse: 100%
Discovery dcd6e42d with 1 binary files, sample rate: 100%, batch size: 512
Discovery dcd6e42d initialize time 86ms
Discovery dcd6e42d processing .trainData-fx_c_88/USDPEN/data.bin
Over populated 55, expected 50.
Generation 70 score 0.9991874256025961  error 0.0008046635456748635 avg time 1s 298ms
Discovery dcd6e42d read time 7ms for .trainData-fx_c_88/USDPEN/data.bin with 3359 records
Discovery dcd6e42d scanning time 1s 94ms
Fine tuning increased fitness by 1.0506583369984668e-7 to 0.9991875306684298 adjusted 148 weights, 2 biases 
Discovery dcd6e42d recorded time 1s 818ms
Training b342b3b4 with 1 binary file, target error: 0.000001, iterations: 1, sample rate: 100%, sparse: 100%
Fine tuning increased fitness by 1.772982893832875e-8 to 0.9991875483982587 adjusted 148 weights, 2 biases 
Training 464bb819 with 1 binary file, target error: 0.000001, iterations: 1, sample rate: 100%, sparse: 100%
Fine tuning increased fitness by 2.551765965197461e-8 to 0.9991875887020163 adjusted 4 weights, 1 bias 
Training 329201d4 with 1 binary file, target error: 0.000001, iterations: 1, sample rate: 100%, sparse: 100%
Fine tuning increased fitness by 6.129752261330168e-10 to 0.9991875893149915 adjusted 4 weights, 1 bias 
Fine tuning increased fitness by 7.068435836643516e-10 to 0.9991875900218351 adjusted 4 weights, 1 bias 
Training e58c0b75 with 1 binary file, target error: 0.000001, iterations: 1, sample rate: 100%, sparse: 100%
Fine tuning increased fitness by 4.937892661427412e-8 to 0.9991876394007617 adjusted 4 weights, 1 bias 
Fine tuning increased fitness by 8.580421517745407e-8 to 0.9991877252049769 adjusted 1 weight 
Training 6fafcf5e with 1 binary file, target error: 0.000001, iterations: 1, sample rate: 100%, sparse: 100%
Fine tuning increased fitness by 5.639901046183837e-8 to 0.9991877816039874 adjusted 1 weight 
Generation 80 score 0.9991877816039874  error 0.0008042875445622572 avg time 1s 84ms
Training 9886b217 with 1 binary file, target error: 0.000001, iterations: 1, sample rate: 100%, sparse: 100%
Fine tuning increased fitness by 3.874505272172257e-8 to 0.9991878362800575 adjusted 2 weights 
Discovered beneficial synapse from input-41 to output-2 with weight 1.0000, helping 100.0% more records than it harms (3359/3359)
Discovery dcd6e42d analyze time 12s 75ms found 1 candidates
Discovered harmful synapse from input-17 to output-2, harming 100.0% more records than it helps (0/3359)
Discovery dcd6e42d analyze harmful time 273ms found 1 candidates
Discovery dcd6e42d analyze squashes time 383ms found 2 candidates, Summary: output-2 Swish -> ABSOLUTE improved: 90.9% error: 67.6882 -> 6.1901,output-0 Softplus -> SELU improved: 3.6% error: 229.7056 -> 221.4888
Training edb8b7f6 with 1 binary file, target error: 0.000001, iterations: 1, sample rate: 100%, sparse: 100%
Discovery edb8b7f6 with 1 binary files, sample rate: 100%, batch size: 512
Discovery edb8b7f6 initialize time 85ms
Discovery edb8b7f6 processing .trainData-fx_c_88/USDPEN/data.bin
Discovery edb8b7f6 read time 5ms for .trainData-fx_c_88/USDPEN/data.bin with 3359 records
Training 837ac1fd with 1 binary file, target error: 0.000001, iterations: 1, sample rate: 100%, sparse: 100%
Discovery edb8b7f6 scanning time 1s 55ms
Fine tuning increased fitness by 6.9888743681190135e-9 to 0.9991878568172924 adjusted 45 weights, 2 biases 
Discovery edb8b7f6 recorded time 1s 722ms
Training 398fbddf with 1 binary file, target error: 0.000001, iterations: 1, sample rate: 100%, sparse: 100%
Training f901385d with 1 binary file, target error: 0.000001, iterations: 1, sample rate: 100%, sparse: 100%
Training 235ad4a7 with 1 binary file, target error: 0.000001, iterations: 1, sample rate: 100%, sparse: 100%
Over populated 52, expected 50.
Training 3cb9de9a with 1 binary file, target error: 0.000001, iterations: 1, sample rate: 100%, sparse: 100%
Fine tuning increased fitness by 6.34760355389119e-9 to 0.9991878631648959 adjusted 45 weights, 2 biases 
Over populated 52, expected 50.
Training b522525c with 1 binary file, target error: 0.000001, iterations: 1, sample rate: 100%, sparse: 100%
Generation 90 score 0.999187863677581  error 0.0008041954711031701 avg time 1s 160ms
Training 09a5d0cd with 1 binary file, target error: 0.000001, iterations: 1, sample rate: 100%, sparse: 100%
Fine tuning increased fitness by 3.272589532699044e-9 to 0.9991878684603437 adjusted 68 weights, 3 biases 
Training f380f48e with 1 binary file, target error: 0.000001, iterations: 1, sample rate: 100%, sparse: 100%
Fine tuning increased fitness by 3.5949692112069442e-9 to 0.9991878885482226 adjusted 110 weights, 4 biases 
Training 78b7da75 with 1 binary file, target error: 0.000001, iterations: 1, sample rate: 100%, sparse: 100%
Over populated 52, expected 50.
Training bc207600 with 1 binary file, target error: 0.000001, iterations: 1, sample rate: 100%, sparse: 100%
Fine tuning increased fitness by 1.0531891248000136e-8 to 0.9991879077242759 adjusted 105 weights, 4 biases 
Discovered beneficial synapse from input-41 to output-2 with weight 1.0000, helping 100.0% more records than it harms (3359/3359)
Discovery edb8b7f6 analyze time 13s 681ms found 1 candidates
Discovered harmful synapse from input-17 to output-2, harming 100.0% more records than it helps (0/3359)
Discovery edb8b7f6 analyze harmful time 233ms found 1 candidates
Discovery edb8b7f6 analyze squashes time 450ms found 1 candidate, Summary: output-2 Swish -> ABSOLUTE improved: 90.5% error: 67.3589 -> 6.4213
Fine tuning increased fitness by 1.797529869396186e-8 to 0.9991879256995746 adjusted 102 weights, 4 biases 
Training 6a78afc4 with 1 binary file, target error: 0.000001, iterations: 1, sample rate: 100%, sparse: 100%
Discovery 6a78afc4 with 1 binary files, sample rate: 100%, batch size: 512
Discovery 6a78afc4 initialize time 85ms
Discovery 6a78afc4 processing .trainData-fx_c_88/USDPEN/data.bin
Over populated 55, expected 50.
Discovery 6a78afc4 read time 3ms for .trainData-fx_c_88/USDPEN/data.bin with 3359 records
Training 1e7928d7 with 1 binary file, target error: 0.000001, iterations: 1, sample rate: 100%, sparse: 100%
Discovery 6a78afc4 scanning time 1s 98ms
Fine tuning increased fitness by 2.269449961289638e-8 to 0.9991879822412199 adjusted 100 weights, 4 biases 
Discovery 6a78afc4 recorded time 1s 779ms
Generation 100 score 0.9991879822412199  error 0.000804076907519786 avg time 1s 123ms
Fine tuning increased fitness by 2.3345369526417414e-8 to 0.9991880055865894 adjusted 100 weights, 4 biases 
Training 5d71695b with 1 binary file, target error: 0.000001, iterations: 1, sample rate: 100%, sparse: 100%
Fine tuning increased fitness by 2.5722173169206997e-8 to 0.9991880313087625 adjusted 100 weights, 4 biases 
Fine tuning increased fitness by 2.6239971417929553e-8 to 0.999188057548734 adjusted 100 weights, 4 biases 
Training a41b72be with 1 binary file, target error: 0.000001, iterations: 1, sample rate: 100%, sparse: 100%
Training dc27dcc4 with 1 binary file, target error: 0.000001, iterations: 1, sample rate: 100%, sparse: 100%
Over populated 52, expected 50.
Fine tuning increased fitness by 1.0552554496889854e-8 to 0.9991880696717749 adjusted 357 weights, 6 biases 
Training e1d58882 with 1 binary file, target error: 0.000001, iterations: 1, sample rate: 100%, sparse: 100%
Fine tuning increased fitness by 1.99164990055678e-8 to 0.9991880895882739 adjusted 357 weights, 6 biases 
Fine tuning increased fitness by 4.4561144441068734e-8 to 0.9991881341494183 adjusted 357 weights, 6 biases 
Training e250ac88 with 1 binary file, target error: 0.000001, iterations: 1, sample rate: 100%, sparse: 100%
Fine tuning increased fitness by 2.530766574082577e-8 to 0.9991881594570841 adjusted 357 weights, 6 biases 
Generation 110 score 0.9991881594570841  error 0.0008038896918888041 avg time 1s 156ms
Training 7c79158b with 1 binary file, target error: 0.000001, iterations: 1, sample rate: 100%, sparse: 100%
Discovered beneficial synapse from input-41 to output-2 with weight 1.0000, helping 100.0% more records than it harms (3359/3359)
Discovery 6a78afc4 analyze time 12s 687ms found 1 candidates
Over populated 52, expected 50.
Discovered harmful synapse from input-17 to output-2, harming 100.0% more records than it helps (0/3359)
Discovery 6a78afc4 analyze harmful time 235ms found 1 candidates
Training 349bde97 with 1 binary file, target error: 0.000001, iterations: 1, sample rate: 100%, sparse: 100%
Discovery 6a78afc4 analyze squashes time 457ms found 2 candidates, Summary: output-0 Softplus -> SELU improved: 3.6% error: 229.7042 -> 221.4876,output-2 Swish -> ABSOLUTE improved: 90.6% error: 67.6020 -> 6.3270
Discovery 0133d66b with 1 binary files, sample rate: 100%, batch size: 512
Discovery 0133d66b initialize time 85ms
Discovery 0133d66b processing .trainData-fx_c_88/USDPEN/data.bin
Over populated 53, expected 50.
Discovery 0133d66b read time 5ms for .trainData-fx_c_88/USDPEN/data.bin with 3359 records
Discovery 0133d66b scanning time 983ms
Training c1ac0b1d with 1 binary file, target error: 0.000001, iterations: 1, sample rate: 100%, sparse: 100%
Discovery 0133d66b recorded time 1s 712ms
Training 54cbe95e with 1 binary file, target error: 0.000001, iterations: 1, sample rate: 100%, sparse: 100%
Fine tuning increased fitness by 5.98591478606636e-8 to 0.9991884040862741 adjusted 123 weights, 3 biases 
Fine tuning increased fitness by 7.131808033022935e-9 to 0.9991884112180821 adjusted 123 weights, 3 biases 
Training 3fcd26c0 with 1 binary file, target error: 0.000001, iterations: 1, sample rate: 100%, sparse: 100%
Fine tuning increased fitness by 1.2617011879711981e-9 to 0.9991884124797833 adjusted 123 weights, 3 biases 
Fine tuning increased fitness by 1.5963806276886316e-8 to 0.9991884284435896 adjusted 123 weights, 3 biases 
Training f2ece9f4 with 1 binary file, target error: 0.000001, iterations: 1, sample rate: 100%, sparse: 100%
Generation 120 score 0.9991884501762534  error 0.0008035989728037525 avg time 1s 215ms
Training b3ba0711 with 1 binary file, target error: 0.000001, iterations: 1, sample rate: 100%, sparse: 100%
Training 2dac0edc with 1 binary file, target error: 0.000001, iterations: 1, sample rate: 100%, sparse: 100%
Fine tuning increased fitness by 5.3897087903820307e-8 to 0.9991886462762416 adjusted 317 weights, 3 biases 
Training aeef402b with 1 binary file, target error: 0.000001, iterations: 1, sample rate: 100%, sparse: 100%
Training 8bd883ef with 1 binary file, target error: 0.000001, iterations: 1, sample rate: 100%, sparse: 100%
Fine tuning increased fitness by 6.419766418463979e-8 to 0.9991887280064669 adjusted 317 weights, 3 biases 
Discovered beneficial synapse from input-41 to output-2 with weight 1.0000, helping 100.0% more records than it harms (3359/3359)
Discovery 0133d66b analyze time 13s 132ms found 1 candidates
Discovered harmful synapse from input-17 to output-2, harming 100.0% more records than it helps (0/3359)
Discovery 0133d66b analyze harmful time 235ms found 1 candidates
Discovery 0133d66b analyze squashes time 394ms found 2 candidates, Summary: output-0 Softplus -> SELU improved: 3.6% error: 229.7015 -> 221.4859,output-2 Swish -> ABSOLUTE improved: 90.6% error: 66.3807 -> 6.2675
Training 1a807640 with 1 binary file, target error: 0.000001, iterations: 1, sample rate: 100%, sparse: 100%
Fine tuning increased fitness by 6.904526717033121e-8 to 0.999188797051734 adjusted 317 weights, 3 biases 
Discovery 1a807640 with 1 binary files, sample rate: 100%, batch size: 512
Discovery 1a807640 initialize time 90ms
Discovery 1a807640 processing .trainData-fx_c_88/USDPEN/data.bin
Over populated 53, expected 50.
Discovery 1a807640 read time 5ms for .trainData-fx_c_88/USDPEN/data.bin with 3359 records
Discovery 1a807640 scanning time 1s 97ms
Training e843fafb with 1 binary file, target error: 0.000001, iterations: 1, sample rate: 100%, sparse: 100%
Discovery 1a807640 recorded time 1s 816ms
Training 55ef610e with 1 binary file, target error: 0.000001, iterations: 1, sample rate: 100%, sparse: 100%
Fine tuning increased fitness by 1.3003482068896233e-7 to 0.9991890131838908 adjusted 412 weights, 4 biases 
Fine tuning increased fitness by 1.2621276657132086e-7 to 0.9991891393966573 adjusted 412 weights, 4 biases 
Generation 130 score 0.9991893590115477  error 0.0008026901376729116 avg time 1s 259ms
Fine tuning increased fitness by 0.000001352614232841276 to 0.9991921783480615 adjusted 415 weights, 5 biases 
Fine tuning increased fitness by 0.000003357297815753668 to 0.9991955356458773 adjusted 513 weights, 6 biases 
Fine tuning increased fitness by 0.000003995344744045504 to 0.9992030528066702 adjusted 513 weights, 6 biases 
Fine tuning increased fitness by 3.156027585937693e-7 to 0.9992033684094288 adjusted 513 weights, 6 biases 
Fine tuning increased fitness by 7.939568247294915e-7 to 0.9992041623662535 adjusted 513 weights, 6 biases 
Discovered beneficial synapse from input-41 to output-2 with weight 1.0000, helping 100.0% more records than it harms (3359/3359)
Discovery 1a807640 analyze time 12s 188ms found 1 candidates
Discovered harmful synapse from input-17 to output-2, harming 100.0% more records than it helps (0/3359)
Discovery 1a807640 analyze harmful time 232ms found 1 candidates
Discovery 1a807640 analyze squashes time 629ms found 2 candidates, Summary: output-0 Softplus -> SELU improved: 3.6% error: 229.7015 -> 221.4859,output-2 Swish -> ABSOLUTE improved: 90.5% error: 66.0408 -> 6.2681
Fine tuning increased fitness by 1.9261291073213727e-7 to 0.9992046864322525 adjusted 437 weights, 5 biases 
Over populated 52, expected 50.
Fine tuning increased fitness by 1.4860311947639815e-7 to 0.9992048350353719 adjusted 437 weights, 5 biases 
Generation 140 score 0.9992048350353719  error 0.0007872141138457388 avg time 1s 236ms
Fine tuning increased fitness by 2.6675450814916957e-7 to 0.9992051017898801 adjusted 437 weights, 5 biases 
Fine tuning increased fitness by 1.4469489861834717e-7 to 0.9992052464847787 adjusted 437 weights, 5 biases 
Fine tuning increased fitness by 0.0000017583301616941327 to 0.9992073707278459 adjusted 506 weights, 6 biases 
Fine tuning increased fitness by 1.2908787150323064e-8 to 0.9992074856006105 adjusted 195 weights, 3 biases 
Fine tuning increased fitness by 1.8280301172790558e-7 to 0.9992082500001129 adjusted 505 weights, 6 biases 
Generation 150 score 0.9992082500001129  error 0.0007837791494805962 avg time 1s 187ms
Generation 153 score 0.9992109062877977  error 0.0007811228619235962 avg time 338ms
{
  error: 0.0007811228619235962,
  score: 0.9992109062877977,
  generation: 153,
  time: 180901
}

=== Processing USDCLP (7/10) ===
../GRQ-FX-models/v1//USDCLP.json NotFound: No such file or directory (os error 2): readfile '../GRQ-FX-models/v1//USDCLP.json'
    at Object.readTextFileSync (ext:deno_fs/30_fs.js:770:10)
    at file:///data/GRQ/GRQ/src/fx/EvolveApp.ts:137:12
    at eventLoopTick (ext:core/01_core.js:179:7) {
  name: "NotFound",
  code: "ENOENT"
}
7 mutations, mutation rate 15.3%, elitism 2, mutation FFW, selection POWER
Creature count: 49
Training 1fdb722b with 1 binary file, target error: 0.000001, iterations: 1, sample rate: 100%, sparse: 100%
Discovery 1fdb722b with 1 binary files, sample rate: 100%, batch size: 512
Discovery 1fdb722b initialize time 89ms
Discovery 1fdb722b processing .trainData-fx_c_88/USDCLP/data.bin
Discovery 1fdb722b read time 6ms for .trainData-fx_c_88/USDCLP/data.bin with 3359 records
Discovery 1fdb722b scanning time 1s 116ms
Fine tuning increased fitness by 0.00005221022758528093 to 0.9961635179859171 adjusted 35 weights, 1 bias 
Discovery 1fdb722b recorded time 1s 933ms
Training 268cae00 with 1 binary file, target error: 0.000001, iterations: 1, sample rate: 100%, sparse: 100%
Training b20b7a95 with 1 binary file, target error: 0.000001, iterations: 1, sample rate: 100%, sparse: 100%
Fine tuning increased fitness by 0.000003596775118852591 to 0.9961761907238889 adjusted 33 weights, 1 bias 
Discovered beneficial synapse from input-1301 to output-0 with weight 1.0000, helping 14.3% more records than it harms (1914/3359)
Discovery 1fdb722b analyze time 5s 640ms found 1 candidates
Discovered harmful synapse from input-425 to output-0, harming 10.6% more records than it helps (1495/3359)
Discovery 1fdb722b analyze harmful time 810ms found 1 candidates
Discovery 1fdb722b analyze squashes time 255ms found 1 candidate, Summary: output-0 LOGISTIC -> LogSigmoid improved: 27.8% error: 390.6311 -> 282.0757
Training ea64a3bb with 1 binary file, target error: 0.000001, iterations: 1, sample rate: 100%, sparse: 100%
Discovery ea64a3bb with 1 binary files, sample rate: 100%, batch size: 512
Discovery ea64a3bb initialize time 85ms
Discovery ea64a3bb processing .trainData-fx_c_88/USDCLP/data.bin
Discovery ea64a3bb read time 4ms for .trainData-fx_c_88/USDCLP/data.bin with 3359 records
Discovery ea64a3bb scanning time 1s 123ms
Fine tuning increased fitness by 0.000001659606300052907 to 0.9961910220550385 adjusted 33 weights, 1 bias 
Discovery ea64a3bb recorded time 1s 836ms
Training 8425c939 with 1 binary file, target error: 0.000001, iterations: 1, sample rate: 100%, sparse: 100%
Fine tuning increased fitness by 6.367874068047286e-7 to 0.9961924084163013 adjusted 33 weights, 1 bias 
Generation 10 score 0.9961924084163013  error 0.0037953206180147215 avg time 1s 803ms
Training e63e5d2f with 1 binary file, target error: 0.000001, iterations: 1, sample rate: 100%, sparse: 100%
Fine tuning increased fitness by 9.66332694640748e-7 to 0.9961933747489959 adjusted 33 weights, 1 bias 
Fine tuning increased fitness by 0.000001257432788115409 to 0.9961946321817841 adjusted 33 weights, 1 bias 
Training fb51e3c1 with 1 binary file, target error: 0.000001, iterations: 1, sample rate: 100%, sparse: 100%
Fine tuning increased fitness by 5.403199525577662e-7 to 0.9961951725017366 adjusted 33 weights, 1 bias 
Fine tuning increased fitness by 7.025537318572361e-8 to 0.9961952427571098 adjusted 33 weights, 1 bias 
Discovered beneficial synapse from input-421 to output-3 with weight -1.0000, helping 22.9% more records than it harms (2064/3359)
Discovery ea64a3bb analyze time 11s 352ms found 1 candidates
Discovered harmful synapse from input-425 to output-0, harming 10.6% more records than it helps (1495/3359)
Discovery ea64a3bb analyze harmful time 243ms found 1 candidates
Training 65de524a with 1 binary file, target error: 0.000001, iterations: 1, sample rate: 100%, sparse: 100%
Fine tuning increased fitness by 1.855921454296805e-7 to 0.9961954283492552 adjusted 33 weights, 1 bias 
Discovery ea64a3bb analyze squashes time 469ms found 1 candidate, Summary: output-0 LOGISTIC -> LogSigmoid improved: 27.8% error: 390.6341 -> 282.0790
Fine tuning increased fitness by 3.001807882263563e-7 to 0.9961957285300435 adjusted 33 weights, 1 bias 
Discovery 5ac38a4c with 1 binary files, sample rate: 100%, batch size: 512
Discovery 5ac38a4c initialize time 89ms
Discovery 5ac38a4c processing .trainData-fx_c_88/USDCLP/data.bin
Discovery 5ac38a4c read time 4ms for .trainData-fx_c_88/USDCLP/data.bin with 3359 records
Discovery 5ac38a4c scanning time 1s 46ms
Training 669ea651 with 1 binary file, target error: 0.000001, iterations: 1, sample rate: 100%, sparse: 100%
Discovery ea64a3bb beneficial increased fitness by 0.00008111866859217276 to 0.9962768471986356
Discovery 5ac38a4c recorded time 1s 879ms
Fine tuning increased fitness by 0.00010251332710486949 to 0.9963793605257405 adjusted 1 weight 
Training a6e94558 with 1 binary file, target error: 0.000001, iterations: 1, sample rate: 100%, sparse: 100%
Fine tuning increased fitness by 0.000028083719791682782 to 0.9964074442455322 adjusted 1 weight 
Generation 20 score 0.9964074442455322  error 0.0035802747888001875 avg time 1s 619ms
Training 4bb17bb3 with 1 binary file, target error: 0.000001, iterations: 1, sample rate: 100%, sparse: 100%
Discovered beneficial synapse from input-1301 to output-0 with weight 1.0000, helping 14.3% more records than it harms (1914/3359)
Discovery 5ac38a4c analyze time 5s 585ms found 1 candidates
Discovered harmful synapse from input-425 to output-0, harming 10.6% more records than it helps (1495/3359)
Discovery 5ac38a4c analyze harmful time 220ms found 1 candidates
Discovery 5ac38a4c analyze squashes time 206ms found 1 candidate, Summary: output-0 LOGISTIC -> LogSigmoid improved: 27.8% error: 390.6387 -> 282.0848
Discovery e378dd79 with 1 binary files, sample rate: 100%, batch size: 512
Discovery e378dd79 initialize time 87ms
Discovery e378dd79 processing .trainData-fx_c_88/USDCLP/data.bin
Training a6e94558 increased fitness by 0.000005288048840257353 to 0.9964127322943724
Discovery e378dd79 read time 2ms for .trainData-fx_c_88/USDCLP/data.bin with 3359 records
Discovery e378dd79 scanning time 1s 28ms
Over populated 52, expected 50.
Training 6029cb63 with 1 binary file, target error: 0.000001, iterations: 1, sample rate: 100%, sparse: 100%
Discovery e378dd79 recorded time 1s 960ms
Training 6fd6275b with 1 binary file, target error: 0.000001, iterations: 1, sample rate: 100%, sparse: 100%
Fine tuning increased fitness by 0.000003851250399145023 to 0.9964297543188629 adjusted 985 weights 
Training 91ecf37e with 1 binary file, target error: 0.000001, iterations: 1, sample rate: 100%, sparse: 100%
Discovered beneficial synapse from input-1301 to output-0 with weight 1.0000, helping 17.1% more records than it harms (1960/3359)
Discovery e378dd79 analyze time 5s 653ms found 1 candidates
Discovered harmful synapse from input-1108 to db99cf34-4bf7-4506-8afe-01abdd43b92b, harming 15.9% more records than it helps (1412/3359)
Discovery e378dd79 analyze harmful time 466ms found 1 candidates
Discovery e378dd79 analyze squashes time 255ms found 1 candidate, Summary: output-0 LOGISTIC -> LogSigmoid improved: 28.4% error: 405.6545 -> 290.5409
Training 58db386f with 1 binary file, target error: 0.000001, iterations: 1, sample rate: 100%, sparse: 100%
Fine tuning increased fitness by 0.0000025956056104448066 to 0.9964349695081199 adjusted 985 weights 
Discovery 58db386f with 1 binary files, sample rate: 100%, batch size: 512
Discovery 58db386f initialize time 89ms
Discovery 58db386f processing .trainData-fx_c_88/USDCLP/data.bin
Discovery 58db386f read time 4ms for .trainData-fx_c_88/USDCLP/data.bin with 3359 records
Discovery 58db386f scanning time 1s 65ms
Over populated 55, expected 50.
Discovery 58db386f recorded time 1s 876ms
Training ec65b1c9 with 1 binary file, target error: 0.000001, iterations: 1, sample rate: 100%, sparse: 100%
Fine tuning increased fitness by 0.000002345123573999075 to 0.9964373146316939 adjusted 985 weights 
Training d15a3d90 with 1 binary file, target error: 0.000001, iterations: 1, sample rate: 100%, sparse: 100%
Fine tuning increased fitness by 0.0000027640725999145133 to 0.9964400787042939 adjusted 985 weights 
Fine tuning increased fitness by 0.0000022475107396280336 to 0.9964423262150335 adjusted 985 weights 
Discovered beneficial synapse from input-1301 to output-0 with weight 1.0000, helping 14.3% more records than it harms (1914/3359)
Discovery 58db386f analyze time 5s 883ms found 1 candidates
Discovered harmful synapse from input-425 to output-0, harming 10.6% more records than it helps (1495/3359)
Discovery 58db386f analyze harmful time 225ms found 1 candidates
Discovery 58db386f analyze squashes time 208ms found 1 candidate, Summary: output-0 LOGISTIC -> LogSigmoid improved: 27.8% error: 390.6415 -> 282.0797
Training caf2908c with 1 binary file, target error: 0.000001, iterations: 1, sample rate: 100%, sparse: 100%
Fine tuning increased fitness by 0.0000029212814300905166 to 0.9964452474964636 adjusted 985 weights 
Discovery caf2908c with 1 binary files, sample rate: 100%, batch size: 512
Discovery caf2908c initialize time 87ms
Discovery caf2908c processing .trainData-fx_c_88/USDCLP/data.bin
Discovery caf2908c read time 4ms for .trainData-fx_c_88/USDCLP/data.bin with 3359 records
Discovery caf2908c scanning time 1s 135ms
Over populated 53, expected 50.
Generation 30 score 0.9964452474964636  error 0.003542471537873756 avg time 2s 167ms
Discovery caf2908c recorded time 1s 910ms
Training f7ae54ae with 1 binary file, target error: 0.000001, iterations: 1, sample rate: 100%, sparse: 100%
Training 6d3de550 with 1 binary file, target error: 0.000001, iterations: 1, sample rate: 100%, sparse: 100%
Fine tuning increased fitness by 0.00000816120522784125 to 0.996462514524596 adjusted 375 weights 
Fine tuning increased fitness by 0.00001113025417021074 to 0.9964736447787662 adjusted 375 weights 
Discovered beneficial synapse from input-1301 to output-0 with weight 1.0000, helping 14.3% more records than it harms (1914/3359)
Discovery caf2908c analyze time 5s 788ms found 1 candidates
Discovered harmful synapse from input-425 to output-0, harming 10.6% more records than it helps (1495/3359)
Discovery caf2908c analyze harmful time 225ms found 1 candidates
Discovery caf2908c analyze squashes time 225ms found 1 candidate, Summary: output-0 LOGISTIC -> LogSigmoid improved: 27.8% error: 390.6234 -> 282.0654
Training c2f9e35d with 1 binary file, target error: 0.000001, iterations: 1, sample rate: 100%, sparse: 100%
Discovery c2f9e35d with 1 binary files, sample rate: 100%, batch size: 512
Discovery c2f9e35d initialize time 88ms
Discovery c2f9e35d processing .trainData-fx_c_88/USDCLP/data.bin
Discovery c2f9e35d read time 4ms for .trainData-fx_c_88/USDCLP/data.bin with 3359 records
Discovery c2f9e35d scanning time 1s 43ms
Over populated 53, expected 50.
Culling duplicate creature at 43 of 53
DeDuplication of 1 creatures to 52 in 19ms (previous experiment )
Discovery c2f9e35d recorded time 2s 38ms
Fine tuning increased fitness by 0.000019104138933800918 to 0.9965096404803226 adjusted 375 weights 
Training d267e05e with 1 binary file, target error: 0.000001, iterations: 1, sample rate: 100%, sparse: 100%
Fine tuning increased fitness by 0.000005197523597511022 to 0.9965148380039202 adjusted 375 weights 
Fine tuning increased fitness by 0.000001935664101893053 to 0.996516773668022 adjusted 375 weights 
Discovered beneficial synapse from input-1301 to output-0 with weight 1.0000, helping 14.3% more records than it harms (1914/3359)
Discovery c2f9e35d analyze time 5s 585ms found 1 candidates
Discovered harmful synapse from input-425 to output-0, harming 10.6% more records than it helps (1495/3359)
Discovery c2f9e35d analyze harmful time 221ms found 1 candidates
Discovery c2f9e35d analyze squashes time 214ms found 1 candidate, Summary: output-0 LOGISTIC -> LogSigmoid improved: 27.8% error: 390.5621 -> 282.0120
Training cbb984e5 with 1 binary file, target error: 0.000001, iterations: 1, sample rate: 100%, sparse: 100%
Fine tuning increased fitness by 5.405796947854924e-7 to 0.9965173142477168 adjusted 375 weights 
Discovery cbb984e5 with 1 binary files, sample rate: 100%, batch size: 512
Discovery cbb984e5 initialize time 89ms
Discovery cbb984e5 processing .trainData-fx_c_88/USDCLP/data.bin
Discovery cbb984e5 read time 2ms for .trainData-fx_c_88/USDCLP/data.bin with 3359 records
Discovery cbb984e5 scanning time 1s 58ms
Discovery cbb984e5 recorded time 1s 922ms
Training fb0cfef0 with 1 binary file, target error: 0.000001, iterations: 1, sample rate: 100%, sparse: 100%
Fine tuning increased fitness by 4.359402017151126e-7 to 0.9965177501879185 adjusted 375 weights 
Training f67d0282 with 1 binary file, target error: 0.000001, iterations: 1, sample rate: 100%, sparse: 100%
Fine tuning increased fitness by 5.586509291832797e-7 to 0.9965183088388477 adjusted 375 weights 
Generation 40 score 0.9965183088388477  error 0.00346941019555533 avg time 2s 342ms
Fine tuning increased fitness by 5.626420020998779e-7 to 0.9965188714808498 adjusted 375 weights 
Discovered beneficial synapse from input-1301 to output-0 with weight 1.0000, helping 14.3% more records than it harms (1914/3359)
Discovery cbb984e5 analyze time 6s 94ms found 1 candidates
Discovered harmful synapse from input-400 to output-2, harming 16.5% more records than it helps (1403/3359)
Discovery cbb984e5 analyze harmful time 788ms found 1 candidates
Discovery cbb984e5 analyze squashes time 255ms found 1 candidate, Summary: output-0 LOGISTIC -> LogSigmoid improved: 27.8% error: 390.5640 -> 282.0161
Training 3b49b439 with 1 binary file, target error: 0.000001, iterations: 1, sample rate: 100%, sparse: 100%
Fine tuning increased fitness by 5.66827277226345e-7 to 0.9965194383081271 adjusted 375 weights 
Fine tuning increased fitness by 5.331789297846612e-7 to 0.9965199714870568 adjusted 375 weights 
Discovery 97050d67 with 1 binary files, sample rate: 100%, batch size: 512
Discovery 97050d67 initialize time 91ms
Discovery 97050d67 processing .trainData-fx_c_88/USDCLP/data.bin
Discovery 97050d67 read time 4ms for .trainData-fx_c_88/USDCLP/data.bin with 3359 records
Discovery 97050d67 scanning time 1s 45ms
Discovery 97050d67 recorded time 1s 783ms
Training ab8e5d8b with 1 binary file, target error: 0.000001, iterations: 1, sample rate: 100%, sparse: 100%
Fine tuning increased fitness by 5.554412044750379e-7 to 0.9965205269282613 adjusted 375 weights 
Fine tuning increased fitness by 4.920938129204799e-7 to 0.9965210190220742 adjusted 375 weights 
Training 139469fe with 1 binary file, target error: 0.000001, iterations: 1, sample rate: 100%, sparse: 100%
Fine tuning increased fitness by 6.192244321745477e-7 to 0.9965216382465064 adjusted 375 weights 
Discovered beneficial synapse from input-1301 to output-0 with weight 1.0000, helping 14.3% more records than it harms (1914/3359)
Discovery 97050d67 analyze time 6s 243ms found 1 candidates
Discovered harmful synapse from input-1108 to db99cf34-4bf7-4506-8afe-01abdd43b92b, harming 15.3% more records than it helps (1422/3359)
Discovery 97050d67 analyze harmful time 495ms found 1 candidates
Training bc7d6980 with 1 binary file, target error: 0.000001, iterations: 1, sample rate: 100%, sparse: 100%
Discovery 97050d67 analyze squashes time 449ms found 1 candidate, Summary: output-0 LOGISTIC -> LogSigmoid improved: 27.8% error: 390.5909 -> 282.0367
Discovery d12b14bc with 1 binary files, sample rate: 100%, batch size: 512
Discovery d12b14bc initialize time 86ms
Discovery d12b14bc processing .trainData-fx_c_88/USDCLP/data.bin
Discovery d12b14bc read time 4ms for .trainData-fx_c_88/USDCLP/data.bin with 3359 records
Discovery d12b14bc scanning time 1s 19ms
Discovery d12b14bc recorded time 1s 773ms
Training c7b08255 with 1 binary file, target error: 0.000001, iterations: 1, sample rate: 100%, sparse: 100%
Fine tuning increased fitness by 8.76301015084735e-8 to 0.9965221984348072 adjusted 241 weights 
Training 167b9213 with 1 binary file, target error: 0.000001, iterations: 1, sample rate: 100%, sparse: 100%
Fine tuning increased fitness by 4.8904810201477744e-8 to 0.9965222473396174 adjusted 241 weights 
Generation 50 score 0.9965222473396174  error 0.0034654716947869046 avg time 2s 234ms
Training c7b08255 increased fitness by 8.643506987926486e-8 to 0.9965223337746872
Training 7218fbb2 with 1 binary file, target error: 0.000001, iterations: 1, sample rate: 100%, sparse: 100%
Training 0a7eb35d with 1 binary file, target error: 0.000001, iterations: 1, sample rate: 100%, sparse: 100%
Fine tuning increased fitness by 4.507373322359953e-7 to 0.9965232400148164 adjusted 1011 weights, 7 biases 
Discovered beneficial synapse from input-379 to output-2 with weight 1.0000, helping 21.4% more records than it harms (2039/3359)
Discovery d12b14bc analyze time 10s 902ms found 1 candidates
Discovered harmful synapse from input-425 to output-0, harming 10.6% more records than it helps (1495/3359)
Discovery d12b14bc analyze harmful time 233ms found 1 candidates
Discovery d12b14bc analyze squashes time 255ms found 1 candidate, Summary: output-0 LOGISTIC -> LogSigmoid improved: 27.8% error: 390.6040 -> 282.0469
Training 49272468 with 1 binary file, target error: 0.000001, iterations: 1, sample rate: 100%, sparse: 100%
Discovery 592abb37 with 1 binary files, sample rate: 100%, batch size: 512
Discovery 592abb37 initialize time 80ms
Discovery 592abb37 processing .trainData-fx_c_88/USDCLP/data.bin
Discovery 592abb37 read time 2ms for .trainData-fx_c_88/USDCLP/data.bin with 3359 records
Discovery 592abb37 scanning time 1s 44ms
Discovery 592abb37 recorded time 1s 676ms
Training 1d6b2ac4 with 1 binary file, target error: 0.000001, iterations: 1, sample rate: 100%, sparse: 100%
Discovery d12b14bc beneficial increased fitness by 0.000008693575611062876 to 0.9965335680770744
Fine tuning increased fitness by 0.000010170359398098405 to 0.9965437384364725 adjusted 1 weight 
Training 274169f8 with 1 binary file, target error: 0.000001, iterations: 1, sample rate: 100%, sparse: 100%
Fine tuning increased fitness by 0.000002366519109453513 to 0.9965461049555819 adjusted 1 weight 
Fine tuning increased fitness by 8.923043859354607e-9 to 0.9965461138786258 adjusted 1 weight 
Discovered beneficial synapse from input-1301 to output-0 with weight 1.0000, helping 15.0% more records than it harms (1926/3359)
Discovery 592abb37 analyze time 5s 735ms found 1 candidates
Training eb7fe65d with 1 binary file, target error: 0.000001, iterations: 1, sample rate: 100%, sparse: 100%
Discovered harmful synapse from input-496 to output-0, harming 10.9% more records than it helps (1490/3359)
Discovery 592abb37 analyze harmful time 267ms found 1 candidates
Fine tuning increased fitness by 5.24045742356094e-8 to 0.9965461662832 adjusted 1 weight 
Discovery 592abb37 analyze squashes time 203ms found 1 candidate, Summary: output-0 LOGISTIC -> LogSigmoid improved: 27.9% error: 392.8505 -> 283.1228
Generation 60 score 0.9965461662832  error 0.0034415327512493997 avg time 1s 825ms
Discovery 3b515645 with 1 binary files, sample rate: 100%, batch size: 512
Fine tuning increased fitness by 1.1306704250646504e-7 to 0.9965462793502425 adjusted 1 weight 
Discovery 3b515645 initialize time 81ms
Discovery 3b515645 processing .trainData-fx_c_88/USDCLP/data.bin
Discovery 3b515645 read time 6ms for .trainData-fx_c_88/USDCLP/data.bin with 3359 records
Discovery 3b515645 scanning time 1s 58ms
Training 18ecb926 with 1 binary file, target error: 0.000001, iterations: 1, sample rate: 100%, sparse: 100%
Fine tuning increased fitness by 2.3145328986728941e-7 to 0.9965465108035324 adjusted 1 weight 
Discovery 3b515645 recorded time 1s 816ms
Fine tuning increased fitness by 1.6192525142955105e-7 to 0.9965466727287838 adjusted 1 weight 
Training 7027a1fe with 1 binary file, target error: 0.000001, iterations: 1, sample rate: 100%, sparse: 100%
Fine tuning increased fitness by 2.468203419425663e-11 to 0.9965466727534659 adjusted 1 weight 
Training 6b887506 with 1 binary file, target error: 0.000001, iterations: 1, sample rate: 100%, sparse: 100%
Discovered beneficial synapse from input-1301 to output-0 with weight 1.0000, helping 15.0% more records than it harms (1926/3359)
Discovery 3b515645 analyze time 6s 82ms found 1 candidates
Discovered harmful synapse from input-496 to output-0, harming 10.9% more records than it helps (1490/3359)
Discovery 3b515645 analyze harmful time 244ms found 1 candidates
Discovery 3b515645 analyze squashes time 235ms found 1 candidate, Summary: output-0 LOGISTIC -> LogSigmoid improved: 27.9% error: 392.8505 -> 283.1228
Fine tuning increased fitness by 0.0000024111214361743905 to 0.9965532162693179 adjusted 706 weights, 3 biases 
Training 078e02ff with 1 binary file, target error: 0.000001, iterations: 1, sample rate: 100%, sparse: 100%
Fine tuning increased fitness by 0.0000033239475181190414 to 0.996556540216836 adjusted 695 weights, 3 biases 
Discovery 078e02ff with 1 binary files, sample rate: 100%, batch size: 512
Discovery 078e02ff initialize time 81ms
Discovery 078e02ff processing .trainData-fx_c_88/USDCLP/data.bin
Discovery 078e02ff read time 4ms for .trainData-fx_c_88/USDCLP/data.bin with 3359 records
Discovery 078e02ff scanning time 1s 49ms
Discovery 078e02ff recorded time 1s 944ms
Fine tuning increased fitness by 0.0000025857013262742257 to 0.9965591259181623 adjusted 687 weights, 3 biases 
Training 1f6f6d13 with 1 binary file, target error: 0.000001, iterations: 1, sample rate: 100%, sparse: 100%
Fine tuning increased fitness by 0.0000022699470560993973 to 0.9965613958652184 adjusted 687 weights, 3 biases 
Generation 70 score 0.9965613958652184  error 0.0034263031692301324 avg time 1s 716ms
Training c6570ba1 with 1 binary file, target error: 0.000001, iterations: 1, sample rate: 100%, sparse: 100%
Fine tuning increased fitness by 0.0000038583810176850974 to 0.9965652542462361 adjusted 680 weights, 2 biases 
Training 7e54feeb with 1 binary file, target error: 0.000001, iterations: 1, sample rate: 100%, sparse: 100%
Fine tuning increased fitness by 0.000006844152403595594 to 0.9965720983986397 adjusted 665 weights, 2 biases 
Fine tuning increased fitness by 0.000008519798106565446 to 0.9965806181967463 adjusted 653 weights, 2 biases 
Training ee266076 with 1 binary file, target error: 0.000001, iterations: 1, sample rate: 100%, sparse: 100%
Fine tuning increased fitness by 0.000016007443973231616 to 0.9965966256407195 adjusted 641 weights, 2 biases 
Discovered beneficial synapse from input-557 to output-2 with weight -1.0000, helping 18.0% more records than it harms (1982/3359)
Discovery 078e02ff analyze time 11s 750ms found 1 candidates
Discovered harmful synapse from input-496 to output-0, harming 10.9% more records than it helps (1490/3359)
Discovery 078e02ff analyze harmful time 227ms found 1 candidates
Discovery 078e02ff analyze squashes time 443ms found 1 candidate, Summary: output-0 LOGISTIC -> LogSigmoid improved: 27.9% error: 392.8413 -> 283.1015
Discovery d9ce3676 with 1 binary files, sample rate: 100%, batch size: 512
Discovery d9ce3676 initialize time 85ms
Discovery d9ce3676 processing .trainData-fx_c_88/USDCLP/data.bin
Discovery d9ce3676 read time 7ms for .trainData-fx_c_88/USDCLP/data.bin with 3359 records
Discovery d9ce3676 scanning time 1s 17ms
Discovery d9ce3676 recorded time 1s 898ms
Training 9370a412 with 1 binary file, target error: 0.000001, iterations: 1, sample rate: 100%, sparse: 100%
Fine tuning increased fitness by 0.0000140059937459025 to 0.9966547667081362 adjusted 639 weights, 2 biases 
Fine tuning increased fitness by 0.000012503173641320586 to 0.9966672698817776 adjusted 639 weights, 2 biases 
Discovered beneficial synapse from input-1301 to output-0 with weight 1.0000, helping 15.0% more records than it harms (1925/3359)
Discovery d9ce3676 analyze time 6s 5ms found 1 candidates
Discovered harmful synapse from input-425 to output-0, harming 10.9% more records than it helps (1490/3359)
Discovery d9ce3676 analyze harmful time 244ms found 1 candidates
Discovery d9ce3676 analyze squashes time 216ms found 1 candidate, Summary: output-0 LOGISTIC -> LogSigmoid improved: 28.0% error: 392.6209 -> 282.6315
Fine tuning increased fitness by 0.000005578336646938631 to 0.9966810283215689 adjusted 638 weights, 2 biases 
Generation 80 score 0.9966810283215689  error 0.003306670712883834 avg time 2s 164ms
Fine tuning increased fitness by 0.00000911270217363036 to 0.9966901410237425 adjusted 638 weights, 2 biases 
Fine tuning increased fitness by 0.000008805233984832128 to 0.9966989462577274 adjusted 638 weights, 2 biases 
Fine tuning increased fitness by 0.0000039159493900875475 to 0.9967028622071175 adjusted 638 weights, 2 biases 
Fine tuning increased fitness by 0.00000799794099382023 to 0.9967108601481113 adjusted 638 weights, 2 biases 
Fine tuning increased fitness by 0.000007396309198881568 to 0.9967182564573102 adjusted 638 weights, 2 biases 
Fine tuning increased fitness by 0.000011153962096277503 to 0.9967294104194064 adjusted 638 weights, 2 biases 
Fine tuning increased fitness by 0.00001556785762280022 to 0.9967449782770292 adjusted 638 weights, 2 biases 
Fine tuning increased fitness by 0.000006682322285844755 to 0.996763301280027 adjusted 638 weights, 2 biases 
Fine tuning increased fitness by 0.000004480100989745495 to 0.9967677813810167 adjusted 638 weights, 2 biases 
Generation 90 score 0.9967677813810167  error 0.003219917653433904 avg time 1s 941ms
Fine tuning increased fitness by 0.00000368233333281065 to 0.9967714637143495 adjusted 638 weights, 2 biases 
Fine tuning increased fitness by 0.000009507934068508916 to 0.9967809716484181 adjusted 633 weights, 2 biases 
Generation 92 score 0.9967809716484181  error 0.003206727386034092 avg time 385ms
{
  error: 0.003206727386034092,
  score: 0.9967809716484181,
  generation: 92,
  time: 182101
}

=== Processing USDKRW (8/10) ===
2 mutations, mutation rate 36.2%, elitism 7, mutation FFW, selection POWER
Creature count: 50
Culling duplicate creature at 22 of 51
DeDuplication of 1 creatures to 50 in  (previous experiment )
Training 92ae05dd with 1 binary file, target error: 0.000001, iterations: 1, sample rate: 100%, sparse: 100%
Discovery 92ae05dd with 1 binary files, sample rate: 100%, batch size: 512
Discovery 92ae05dd initialize time 90ms
Discovery 92ae05dd processing .trainData-fx_c_88/USDKRW/data.bin
Discovery 92ae05dd read time 9ms for .trainData-fx_c_88/USDKRW/data.bin with 3359 records
Discovery 92ae05dd scanning time 1s 7ms
Training 5a1e3974 with 1 binary file, target error: 0.000001, iterations: 1, sample rate: 100%, sparse: 100%
Discovery 92ae05dd recorded time 1s 924ms
Over populated 52, expected 50.
Training fbb3e5c2 with 1 binary file, target error: 0.000001, iterations: 1, sample rate: 100%, sparse: 100%
Training 7739a5cb with 1 binary file, target error: 0.000001, iterations: 1, sample rate: 100%, sparse: 100%
Training 5275320e with 1 binary file, target error: 0.000001, iterations: 1, sample rate: 100%, sparse: 100%
Training 4bb1e034 with 1 binary file, target error: 0.000001, iterations: 1, sample rate: 100%, sparse: 100%
Training 59c88024 with 1 binary file, target error: 0.000001, iterations: 1, sample rate: 100%, sparse: 100%
Fine tuning increased fitness by 3.147513489842879e-7 to 0.9794770118899676 adjusted 954 weights, 11 biases 
Training 58f973aa with 1 binary file, target error: 0.000001, iterations: 1, sample rate: 100%, sparse: 100%
Fine tuning increased fitness by 6.756136294860937e-7 to 0.9794776875035971 adjusted 944 weights, 11 biases 
Discovered beneficial synapse from input-1301 to fca2ee06-1f40-47b2-a6c8-f62e16900c91 with weight 1.0000, helping 49.3% more records than it harms (2508/3359)
Discovery 92ae05dd analyze time 11s 598ms found 1 candidates
Discovered harmful synapse from 6e59fdb1-a7dd-4ae2-92f8-48b3d2c1010a to output-0, harming 28.8% more records than it helps (192/3359)
Discovery 92ae05dd analyze harmful time 288ms found 1 candidates
Over populated 52, expected 50.
Discovery 92ae05dd analyze squashes time 456ms found 1 candidate, Summary: fca2ee06-1f40-47b2-a6c8-f62e16900c91 Softplus -> IDENTITY improved: 57.0% error: 154.1664 -> 66.2563
Training c53d3fc2 with 1 binary file, target error: 0.000001, iterations: 1, sample rate: 100%, sparse: 100%
Fine tuning increased fitness by 8.66314795455736e-7 to 0.9794785538183925 adjusted 944 weights, 11 biases 
Discovery c53d3fc2 with 1 binary files, sample rate: 100%, batch size: 512
Discovery c53d3fc2 initialize time 91ms
Discovery c53d3fc2 processing .trainData-fx_c_88/USDKRW/data.bin
Discovery c53d3fc2 read time 6ms for .trainData-fx_c_88/USDKRW/data.bin with 3359 records
Discovery c53d3fc2 scanning time 1s 104ms
Over populated 56, expected 50.
Training a81564d8 with 1 binary file, target error: 0.000001, iterations: 1, sample rate: 100%, sparse: 100%
Discovery c53d3fc2 recorded time 2s 11ms
Fine tuning increased fitness by 0.0000011064611440403382 to 0.9794796602795366 adjusted 944 weights, 11 biases 
Generation 10 score 0.9794796602795366  error 0.020508308737996108 avg time 1s 913ms
Training 4a900cfc with 1 binary file, target error: 0.000001, iterations: 1, sample rate: 100%, sparse: 100%
Fine tuning increased fitness by 6.363133316922287e-7 to 0.9794802965928683 adjusted 944 weights, 11 biases 
Training 9d39f0f6 with 1 binary file, target error: 0.000001, iterations: 1, sample rate: 100%, sparse: 100%
Fine tuning increased fitness by 0.0000010108081986981432 to 0.979481307401067 adjusted 944 weights, 11 biases 
Over populated 52, expected 50.
Training ca1ac88f with 1 binary file, target error: 0.000001, iterations: 1, sample rate: 100%, sparse: 100%
Fine tuning increased fitness by 0.0000010388306386222013 to 0.9794823462317056 adjusted 944 weights, 11 biases 
Over populated 52, expected 50.
Training a8176847 with 1 binary file, target error: 0.000001, iterations: 1, sample rate: 100%, sparse: 100%
Fine tuning increased fitness by 0.0000012417727995872596 to 0.9794835880045052 adjusted 944 weights, 11 biases 
Training a4f65e7b with 1 binary file, target error: 0.000001, iterations: 1, sample rate: 100%, sparse: 100%
Fine tuning increased fitness by 0.000001499475828503627 to 0.9794850874803337 adjusted 944 weights, 11 biases 
Training d0797c01 with 1 binary file, target error: 0.000001, iterations: 1, sample rate: 100%, sparse: 100%
Discovered beneficial synapse from input-1301 to fca2ee06-1f40-47b2-a6c8-f62e16900c91 with weight 1.0000, helping 49.0% more records than it harms (2502/3359)
Discovery c53d3fc2 analyze time 11s 865ms found 1 candidates
Discovered harmful synapse from 6e59fdb1-a7dd-4ae2-92f8-48b3d2c1010a to output-0, harming 29.0% more records than it helps (183/3359)
Discovery c53d3fc2 analyze harmful time 293ms found 1 candidates
Discovery c53d3fc2 analyze squashes time 434ms found 1 candidate, Summary: fca2ee06-1f40-47b2-a6c8-f62e16900c91 Softplus -> IDENTITY improved: 56.9% error: 153.6646 -> 66.1546
Over populated 52, expected 50.
Training e892cb42 with 1 binary file, target error: 0.000001, iterations: 1, sample rate: 100%, sparse: 100%
Discovery e892cb42 with 1 binary files, sample rate: 100%, batch size: 512
Discovery e892cb42 initialize time 86ms
Discovery e892cb42 processing .trainData-fx_c_88/USDKRW/data.bin
Discovery e892cb42 read time 6ms for .trainData-fx_c_88/USDKRW/data.bin with 3359 records
Discovery e892cb42 scanning time 1s 6ms
Over populated 55, expected 50.
Training 0131a1f6 with 1 binary file, target error: 0.000001, iterations: 1, sample rate: 100%, sparse: 100%
Discovery e892cb42 recorded time 1s 863ms
Fine tuning increased fitness by 2.2239793773248806e-7 to 0.979485902874021 adjusted 939 weights, 11 biases 
Over populated 52, expected 50.
Training d172e8a4 with 1 binary file, target error: 0.000001, iterations: 1, sample rate: 100%, sparse: 100%
Fine tuning increased fitness by 5.546246089060958e-7 to 0.97948645749863 adjusted 935 weights, 11 biases 
Over populated 52, expected 50.
Training fdc8e875 with 1 binary file, target error: 0.000001, iterations: 1, sample rate: 100%, sparse: 100%
Fine tuning increased fitness by 5.966896702291891e-7 to 0.9794870541883002 adjusted 983 weights, 11 biases 
Generation 20 score 0.9794870541883002  error 0.020500914829232338 avg time 1s 958ms
Training 7f938bc9 with 1 binary file, target error: 0.000001, iterations: 1, sample rate: 100%, sparse: 100%
Fine tuning increased fitness by 4.172389515000319e-7 to 0.9794874714272517 adjusted 961 weights, 10 biases 
Over populated 52, expected 50.
Training 11404963 with 1 binary file, target error: 0.000001, iterations: 1, sample rate: 100%, sparse: 100%
Over populated 52, expected 50.
Training 16588505 with 1 binary file, target error: 0.000001, iterations: 1, sample rate: 100%, sparse: 100%
Fine tuning increased fitness by 5.405313974193859e-7 to 0.9794886974366324 adjusted 959 weights, 10 biases 
Over populated 52, expected 50.
Training c709230c with 1 binary file, target error: 0.000001, iterations: 1, sample rate: 100%, sparse: 100%
Discovered beneficial synapse from input-1301 to fca2ee06-1f40-47b2-a6c8-f62e16900c91 with weight 1.0000, helping 49.5% more records than it harms (2511/3359)
Discovery e892cb42 analyze time 12s 118ms found 1 candidates
Discovered harmful synapse from 6e59fdb1-a7dd-4ae2-92f8-48b3d2c1010a to output-0, harming 29.0% more records than it helps (183/3359)
Discovery e892cb42 analyze harmful time 300ms found 1 candidates
Discovery e892cb42 analyze squashes time 488ms found 1 candidate, Summary: fca2ee06-1f40-47b2-a6c8-f62e16900c91 Softplus -> IDENTITY improved: 57.1% error: 154.4363 -> 66.2035
Over populated 52, expected 50.
Training 0db648de with 1 binary file, target error: 0.000001, iterations: 1, sample rate: 100%, sparse: 100%
Discovery 0db648de with 1 binary files, sample rate: 100%, batch size: 512
Discovery 0db648de initialize time 89ms
Discovery 0db648de processing .trainData-fx_c_88/USDKRW/data.bin
Discovery 0db648de read time 5ms for .trainData-fx_c_88/USDKRW/data.bin with 3359 records
Discovery 0db648de scanning time 1s 1ms
Over populated 56, expected 50.
Training 3f5fd230 with 1 binary file, target error: 0.000001, iterations: 1, sample rate: 100%, sparse: 100%
Discovery 0db648de recorded time 1s 894ms
Training 7d026619 with 1 binary file, target error: 0.000001, iterations: 1, sample rate: 100%, sparse: 100%
Fine tuning increased fitness by 4.271498118546546e-7 to 0.9794920826020915 adjusted 662 weights, 6 biases 
Training b127a9c1 with 1 binary file, target error: 0.000001, iterations: 1, sample rate: 100%, sparse: 100%
Training 2a76b276 with 1 binary file, target error: 0.000001, iterations: 1, sample rate: 100%, sparse: 100%
Fine tuning increased fitness by 5.114890445634401e-7 to 0.9794935520310588 adjusted 662 weights, 6 biases 
Discovered beneficial synapse from input-1301 to fca2ee06-1f40-47b2-a6c8-f62e16900c91 with weight 1.0000, helping 49.4% more records than it harms (2509/3359)
Discovery 0db648de analyze time 6s 264ms found 1 candidates
Discovered harmful synapse from 6e59fdb1-a7dd-4ae2-92f8-48b3d2c1010a to output-0, harming 29.1% more records than it helps (182/3359)
Discovery 0db648de analyze harmful time 295ms found 1 candidates
Discovery 0db648de analyze squashes time 421ms found 1 candidate, Summary: fca2ee06-1f40-47b2-a6c8-f62e16900c91 Softplus -> IDENTITY improved: 56.9% error: 153.5659 -> 66.1523
Over populated 52, expected 50.
Training baf6240f with 1 binary file, target error: 0.000001, iterations: 1, sample rate: 100%, sparse: 100%
Fine tuning increased fitness by 8.941970286446832e-7 to 0.9794944462280875 adjusted 662 weights, 6 biases 
Discovery baf6240f with 1 binary files, sample rate: 100%, batch size: 512
Discovery baf6240f initialize time 89ms
Discovery baf6240f processing .trainData-fx_c_88/USDKRW/data.bin
Discovery baf6240f read time 5ms for .trainData-fx_c_88/USDKRW/data.bin with 3359 records
Discovery baf6240f scanning time 1s 20ms
Over populated 56, expected 50.
Generation 30 score 0.9794944462280875  error 0.020493522789444146 avg time 2s 11ms
Training 24e2aaa4 with 1 binary file, target error: 0.000001, iterations: 1, sample rate: 100%, sparse: 100%
Fine tuning increased fitness by 3.484717303603446e-7 to 0.9794947946998178 adjusted 662 weights, 6 biases 
Discovery baf6240f recorded time 2s 25ms
Training 5871b675 with 1 binary file, target error: 0.000001, iterations: 1, sample rate: 100%, sparse: 100%
Fine tuning increased fitness by 6.292072967095663e-7 to 0.9794954239071145 adjusted 662 weights, 6 biases 
Over populated 52, expected 50.
Training 6fb03c06 with 1 binary file, target error: 0.000001, iterations: 1, sample rate: 100%, sparse: 100%
Fine tuning increased fitness by 4.439348079143812e-7 to 0.9794958678419224 adjusted 662 weights, 6 biases 
Training 7c485cee with 1 binary file, target error: 0.000001, iterations: 1, sample rate: 100%, sparse: 100%
Fine tuning increased fitness by 7.498410065087668e-7 to 0.979496617682929 adjusted 662 weights, 6 biases 
Over populated 52, expected 50.
Training 705a8ac0 with 1 binary file, target error: 0.000001, iterations: 1, sample rate: 100%, sparse: 100%
Remove neuron 5df6ddd4-334d-4b72-988a-9b960aff2110 as no longer connected
Over populated 52, expected 50.
Training fa9ffebf with 1 binary file, target error: 0.000001, iterations: 1, sample rate: 100%, sparse: 100%
Fine tuning increased fitness by 0.000001416968266720886 to 0.9794990012516518 adjusted 464 weights, 5 biases 
Over populated 52, expected 50.
Culling duplicate creature at 49 of 52
DeDuplication of 1 creatures to 51 in 31ms (previous experiment )
Training 8a7661f3 with 1 binary file, target error: 0.000001, iterations: 1, sample rate: 100%, sparse: 100%
Over populated 52, expected 50.
Training 0fa8501e with 1 binary file, target error: 0.000001, iterations: 1, sample rate: 100%, sparse: 100%
Fine tuning increased fitness by 0.0000026260315859616412 to 0.9795033537124455 adjusted 464 weights, 5 biases 
Over populated 52, expected 50.
Training d5572c5f with 1 binary file, target error: 0.000001, iterations: 1, sample rate: 100%, sparse: 100%
Fine tuning increased fitness by 0.000004149228525318627 to 0.9795075029409708 adjusted 464 weights, 5 biases 
Over populated 52, expected 50.
Training 385c32f5 with 1 binary file, target error: 0.000001, iterations: 1, sample rate: 100%, sparse: 100%
Fine tuning increased fitness by 0.000005645941110188346 to 0.979513148882081 adjusted 464 weights, 5 biases 
Generation 40 score 0.979513148882081  error 0.020474820135439324 avg time 1s 969ms
Discovered beneficial synapse from input-1301 to fca2ee06-1f40-47b2-a6c8-f62e16900c91 with weight 1.0000, helping 49.5% more records than it harms (2511/3359)
Discovery baf6240f analyze time 19s 61ms found 1 candidates
Discovery baf6240f analyze harmful time 190ms found 0 candidates
Training e7631ee1 with 1 binary file, target error: 0.000001, iterations: 1, sample rate: 100%, sparse: 100%
Fine tuning increased fitness by 0.0000026329047368989222 to 0.9795157817868179 adjusted 464 weights, 5 biases 
Discovery baf6240f analyze squashes time 468ms found 1 candidate, Summary: fca2ee06-1f40-47b2-a6c8-f62e16900c91 Softplus -> IDENTITY improved: 57.0% error: 153.9288 -> 66.1740
Over populated 52, expected 50.
Training ff172b54 with 1 binary file, target error: 0.000001, iterations: 1, sample rate: 100%, sparse: 100%
Fine tuning increased fitness by 2.190360929299473e-7 to 0.9795160008229108 adjusted 464 weights, 5 biases 
Discovery ff172b54 with 1 binary files, sample rate: 100%, batch size: 512
Discovery ff172b54 initialize time 90ms
Discovery ff172b54 processing .trainData-fx_c_88/USDKRW/data.bin
Discovery ff172b54 read time 5ms for .trainData-fx_c_88/USDKRW/data.bin with 3359 records
Discovery ff172b54 scanning time 983ms
Over populated 54, expected 50.
Training b96150a6 with 1 binary file, target error: 0.000001, iterations: 1, sample rate: 100%, sparse: 100%
Fine tuning increased fitness by 1.229615060882594e-7 to 0.9795161237844169 adjusted 464 weights, 5 biases 
Discovery ff172b54 recorded time 1s 947ms
Training e3660c22 with 1 binary file, target error: 0.000001, iterations: 1, sample rate: 100%, sparse: 100%
Fine tuning increased fitness by 1.6491046628264172e-7 to 0.9795162886948832 adjusted 464 weights, 5 biases 
Over populated 52, expected 50.
Training c7896959 with 1 binary file, target error: 0.000001, iterations: 1, sample rate: 100%, sparse: 100%
Training 79571dd3 with 1 binary file, target error: 0.000001, iterations: 1, sample rate: 100%, sparse: 100%
Training 8ec7543f with 1 binary file, target error: 0.000001, iterations: 1, sample rate: 100%, sparse: 100%
Fine tuning increased fitness by 1.6237656152995328e-7 to 0.9795204474433578 adjusted 192 weights, 2 biases 
Fine tuning increased fitness by 2.3907914348253456e-7 to 0.9795206865225012 adjusted 838 weights, 10 biases 
Training 326e7110 with 1 binary file, target error: 0.000001, iterations: 1, sample rate: 100%, sparse: 100%
Fine tuning increased fitness by 4.186264238592585e-7 to 0.9795211051489251 adjusted 867 weights, 10 biases 
Training 0eb0d00b with 1 binary file, target error: 0.000001, iterations: 1, sample rate: 100%, sparse: 100%
Fine tuning increased fitness by 2.264316818489931e-7 to 0.979521331580607 adjusted 867 weights, 10 biases 
Generation 50 score 0.979521331580607  error 0.02046662743692173 avg time 1s 875ms
Training 01019853 with 1 binary file, target error: 0.000001, iterations: 1, sample rate: 100%, sparse: 100%
Fine tuning increased fitness by 2.4053649438915414e-7 to 0.9795215721171013 adjusted 867 weights, 10 biases 
Training f9ef19c4 with 1 binary file, target error: 0.000001, iterations: 1, sample rate: 100%, sparse: 100%
Fine tuning increased fitness by 2.2869835036853914e-7 to 0.9795218008154517 adjusted 867 weights, 10 biases 
Over populated 52, expected 50.
Training af8b9374 with 1 binary file, target error: 0.000001, iterations: 1, sample rate: 100%, sparse: 100%
Over populated 52, expected 50.
Training 464728d0 with 1 binary file, target error: 0.000001, iterations: 1, sample rate: 100%, sparse: 100%
Over populated 52, expected 50.
Training ecb26b41 with 1 binary file, target error: 0.000001, iterations: 1, sample rate: 100%, sparse: 100%
Discovered beneficial synapse from input-1301 to fca2ee06-1f40-47b2-a6c8-f62e16900c91 with weight 1.0000, helping 49.5% more records than it harms (2511/3359)
Discovery ff172b54 analyze time 22s 515ms found 1 candidates
Discovered harmful synapse from input-831 to 6e59fdb1-a7dd-4ae2-92f8-48b3d2c1010a, harming 28.5% more records than it helps (966/3359)
Discovery ff172b54 analyze harmful time 488ms found 1 candidates
Discovery ff172b54 analyze squashes time 441ms found 1 candidate, Summary: fca2ee06-1f40-47b2-a6c8-f62e16900c91 Softplus -> IDENTITY improved: 57.0% error: 153.8135 -> 66.1206
Over populated 52, expected 50.
Training 9710478b with 1 binary file, target error: 0.000001, iterations: 1, sample rate: 100%, sparse: 100%
Discovery 9710478b with 1 binary files, sample rate: 100%, batch size: 512
Discovery 9710478b initialize time 88ms
Discovery 9710478b processing .trainData-fx_c_88/USDKRW/data.bin
Discovery 9710478b read time 8ms for .trainData-fx_c_88/USDKRW/data.bin with 3359 records
Discovery 9710478b scanning time 1s 9ms
Over populated 54, expected 50.
Training 1c02a1f5 with 1 binary file, target error: 0.000001, iterations: 1, sample rate: 100%, sparse: 100%
Discovery 9710478b recorded time 1s 904ms
Fine tuning increased fitness by 2.627070474492399e-7 to 0.9795264559515312 adjusted 598 weights, 6 biases 
Training bd9be400 with 1 binary file, target error: 0.000001, iterations: 1, sample rate: 100%, sparse: 100%
Over populated 52, expected 50.
Training c0c1fb4a with 1 binary file, target error: 0.000001, iterations: 1, sample rate: 100%, sparse: 100%
Training 7b3eb29f with 1 binary file, target error: 0.000001, iterations: 1, sample rate: 100%, sparse: 100%
Over populated 52, expected 50.
Generation 60 score 0.9795280740762647  error 0.020459864941293322 avg time 1s 890ms
Training 6a4026b9 with 1 binary file, target error: 0.000001, iterations: 1, sample rate: 100%, sparse: 100%
Training 16a82723 with 1 binary file, target error: 0.000001, iterations: 1, sample rate: 100%, sparse: 100%
Over populated 52, expected 50.
Training 31d1f195 with 1 binary file, target error: 0.000001, iterations: 1, sample rate: 100%, sparse: 100%
Fine tuning increased fitness by 0.0000022344277125219136 to 0.9795325597862282 adjusted 533 weights, 5 biases 
Over populated 52, expected 50.
Discovered beneficial synapse from input-1301 to fca2ee06-1f40-47b2-a6c8-f62e16900c91 with weight 1.0000, helping 49.3% more records than it harms (2508/3359)
Discovery 9710478b analyze time 12s 714ms found 1 candidates
Training 4d381ce0 with 1 binary file, target error: 0.000001, iterations: 1, sample rate: 100%, sparse: 100%
Discovered harmful synapse from 6e59fdb1-a7dd-4ae2-92f8-48b3d2c1010a to output-0, harming 29.1% more records than it helps (181/3359)
Discovery 9710478b analyze harmful time 315ms found 1 candidates
Discovery 9710478b analyze squashes time 479ms found 1 candidate, Summary: fca2ee06-1f40-47b2-a6c8-f62e16900c91 Softplus -> IDENTITY improved: 57.1% error: 154.6916 -> 66.4067
Training d3d87f21 with 1 binary file, target error: 0.000001, iterations: 1, sample rate: 100%, sparse: 100%
Discovery d3d87f21 with 1 binary files, sample rate: 100%, batch size: 512
Discovery d3d87f21 initialize time 89ms
Discovery d3d87f21 processing .trainData-fx_c_88/USDKRW/data.bin
Discovery d3d87f21 read time 4ms for .trainData-fx_c_88/USDKRW/data.bin with 3359 records
Discovery d3d87f21 scanning time 988ms
Over populated 56, expected 50.
Training 82bb3199 with 1 binary file, target error: 0.000001, iterations: 1, sample rate: 100%, sparse: 100%
Fine tuning increased fitness by 0.0000024653743985192378 to 0.9795353891253017 adjusted 536 weights, 5 biases 
Discovery d3d87f21 recorded time 1s 933ms
Over populated 52, expected 50.
Training dcc99e7f with 1 binary file, target error: 0.000001, iterations: 1, sample rate: 100%, sparse: 100%
Training e7788c22 with 1 binary file, target error: 0.000001, iterations: 1, sample rate: 100%, sparse: 100%
Training 9588feef with 1 binary file, target error: 0.000001, iterations: 1, sample rate: 100%, sparse: 100%
Generation 70 score 0.9795427322737611  error 0.020445196743808982 avg time 1s 786ms
Training a7c308cc with 1 binary file, target error: 0.000001, iterations: 1, sample rate: 100%, sparse: 100%
Fine tuning increased fitness by 0.0000013375195684339758 to 0.9795440697933295 adjusted 3 weights 
Training 1f595fd5 with 1 binary file, target error: 0.000001, iterations: 1, sample rate: 100%, sparse: 100%
Training db328632 with 1 binary file, target error: 0.000001, iterations: 1, sample rate: 100%, sparse: 100%
Fine tuning increased fitness by 3.782420576747825e-8 to 0.9795444701743486 adjusted 3 weights 
Discovered beneficial synapse from input-1301 to fca2ee06-1f40-47b2-a6c8-f62e16900c91 with weight 1.0000, helping 49.2% more records than it harms (2505/3359)
Discovery d3d87f21 analyze time 12s 670ms found 1 candidates
Remove neuron fca2ee06-1f40-47b2-a6c8-f62e16900c91 as no longer connected
Training a1592d4d with 1 binary file, target error: 0.000001, iterations: 1, sample rate: 100%, sparse: 100%
Discovered harmful synapse from 6e59fdb1-a7dd-4ae2-92f8-48b3d2c1010a to output-0, harming 29.1% more records than it helps (180/3359)
Discovery d3d87f21 analyze harmful time 1s 147ms found 1 candidates
Discovery d3d87f21 analyze squashes time 416ms found 1 candidate, Summary: fca2ee06-1f40-47b2-a6c8-f62e16900c91 Softplus -> IDENTITY improved: 57.0% error: 154.7181 -> 66.5989
Training dfc5b722 with 1 binary file, target error: 0.000001, iterations: 1, sample rate: 100%, sparse: 100%
Discovery dfc5b722 with 1 binary files, sample rate: 100%, batch size: 512
Discovery dfc5b722 initialize time 82ms
Discovery dfc5b722 processing .trainData-fx_c_88/USDKRW/data.bin
Discovery dfc5b722 read time 2ms for .trainData-fx_c_88/USDKRW/data.bin with 3359 records
Discovery dfc5b722 scanning time 990ms
Over populated 52, expected 50.
Training 9018d476 with 1 binary file, target error: 0.000001, iterations: 1, sample rate: 100%, sparse: 100%
Discovery dfc5b722 recorded time 1s 923ms
Training 1a9ca8fe with 1 binary file, target error: 0.000001, iterations: 1, sample rate: 100%, sparse: 100%
Fine tuning increased fitness by 0.0000029557857478268446 to 0.9795541264498145 adjusted 35 weights, 1 bias 
Training 17f262ce with 1 binary file, target error: 0.000001, iterations: 1, sample rate: 100%, sparse: 100%
Training c148717f with 1 binary file, target error: 0.000001, iterations: 1, sample rate: 100%, sparse: 100%
Generation 80 score 0.9795581236855277  error 0.020429805332027665 avg time 1s 649ms
Fine tuning increased fitness by 2.3137290972030655e-9 to 0.9795581883260732 adjusted 2 weights, 1 bias 
Fine tuning increased fitness by 3.332218612150939e-9 to 0.9795581916582918 adjusted 2 weights, 1 bias 
Fine tuning increased fitness by 1.955641082407311e-8 to 0.9795582252230938 adjusted 2 weights, 1 bias 
Fine tuning increased fitness by 2.8106476035461014e-8 to 0.9795582533295698 adjusted 2 weights, 1 bias 
Fine tuning increased fitness by 1.6152072679354035e-8 to 0.9795582694816425 adjusted 2 weights, 1 bias 
Discovered beneficial synapse from input-1301 to fca2ee06-1f40-47b2-a6c8-f62e16900c91 with weight 1.0000, helping 49.3% more records than it harms (2508/3359)
Discovery dfc5b722 analyze time 18s 736ms found 1 candidates
Discovered harmful synapse from 6e59fdb1-a7dd-4ae2-92f8-48b3d2c1010a to output-0, harming 29.1% more records than it helps (180/3359)
Discovery dfc5b722 analyze harmful time 301ms found 1 candidates
Generation 90 score 0.9795582694816425  error 0.02042965953591307 avg time 1s 220ms
Discovery dfc5b722 analyze squashes time 419ms found 1 candidate, Summary: fca2ee06-1f40-47b2-a6c8-f62e16900c91 Softplus -> IDENTITY improved: 57.0% error: 154.8026 -> 66.5074
Fine tuning increased fitness by 1.2508349356288306e-8 to 0.9795582819899918 adjusted 2 weights, 1 bias 
Fine tuning increased fitness by 4.3337930466513797e-8 to 0.9795583253279223 adjusted 1 weight 
Fine tuning increased fitness by 7.224771392255747e-8 to 0.9795583975756362 adjusted 1 weight 
Fine tuning increased fitness by 1.1406521382983925e-7 to 0.9795585116408501 adjusted 1 weight 
Fine tuning increased fitness by 2.920440570486349e-7 to 0.9795588036849071 adjusted 1 weight 
Fine tuning increased fitness by 8.094923868995352e-7 to 0.979559613177294 adjusted 1 weight 
Fine tuning increased fitness by 0.0000014260581040481668 to 0.9795610392353981 adjusted 1 weight 
Fine tuning increased fitness by 0.000002201888513742034 to 0.9795632411239118 adjusted 1 weight 
Generation 100 score 0.9795632411239118  error 0.02042467789365874 avg time 1s 187ms
Fine tuning increased fitness by 0.0000013313892487376577 to 0.9795645725131605 adjusted 1 weight 
Fine tuning increased fitness by 1.327769016956637e-8 to 0.9795645857908507 adjusted 1 weight 
Fine tuning increased fitness by 9.850231852404079e-9 to 0.9795645956410826 adjusted 1 weight 
Fine tuning increased fitness by 4.2065506633548466e-10 to 0.9795645960617376 adjusted 1 weight 
Fine tuning increased fitness by 3.057818442897542e-10 to 0.9795645963675195 adjusted 1 weight 
Fine tuning increased fitness by 7.896017173436576e-12 to 0.9795645963754155 adjusted 1 weight 
Generation 106 score 0.9795645963754155  error 0.02042332264215509 avg time 628ms
{
  error: 0.02042332264215509,
  score: 0.9795645963754155,
  generation: 106,
  time: 181012
}

=== Processing AUDEUR (9/10) ===
9 mutations, mutation rate 6.2%, elitism 5, mutation ALL, selection FITNESS_PROPORTIONATE
Creature count: 50
Culling duplicate creature at 15 of 51
DeDuplication of 1 creatures to 50 in  (previous experiment )
Training 97d2302a with 1 binary file, target error: 0.000001, iterations: 1, sample rate: 100%, sparse: 100%
Discovery 97d2302a with 1 binary files, sample rate: 100%, batch size: 512
Discovery 97d2302a initialize time 88ms
Discovery 97d2302a processing .trainData-fx_c_88/AUDEUR/data.bin
Discovery 97d2302a read time 5ms for .trainData-fx_c_88/AUDEUR/data.bin with 2728 records
Discovery 97d2302a scanning time 847ms
Training e83feb54 with 1 binary file, target error: 0.000001, iterations: 1, sample rate: 100%, sparse: 100%
Discovery 97d2302a recorded time 1s 487ms
Training 8b973b28 with 1 binary file, target error: 0.000001, iterations: 1, sample rate: 100%, sparse: 100%
Fine tuning increased fitness by 1.4940212922365248e-7 to 0.9975445109057925 adjusted 255 weights, 4 biases 
Remove neuron a7fb6d1c-1830-4b0d-85b1-3f0236625d04 as no longer connected
Training 48a623f7 with 1 binary file, target error: 0.000001, iterations: 1, sample rate: 100%, sparse: 100%
Training 99c19b0e with 1 binary file, target error: 0.000001, iterations: 1, sample rate: 100%, sparse: 100%
Fine tuning increased fitness by 8.318209870905591e-7 to 0.9975462519664329 adjusted 255 weights, 4 biases 
Discovered beneficial synapse from input-17 to output-0 with weight 1.0000, helping 53.0% more records than it harms (1447/2728)
Discovery 97d2302a analyze time 4s 782ms found 1 candidates
Discovered harmful synapse from input-960 to output-0, harming 53.0% more records than it helps (0/2728)
Discovery 97d2302a analyze harmful time 110ms found 1 candidates
Training 3f30c59d with 1 binary file, target error: 0.000001, iterations: 1, sample rate: 100%, sparse: 100%
Discovery 97d2302a analyze squashes time 262ms found 1 candidate, Summary: output-0 LOGISTIC -> ABSOLUTE improved: 3.9% error: 6237.7683 -> 5992.0529
Fine tuning increased fitness by 0.0000016068616605080521 to 0.9975478588280934 adjusted 254 weights, 4 biases 
Over populated 52, expected 50.
Training aba7bcff with 1 binary file, target error: 0.000001, iterations: 1, sample rate: 100%, sparse: 100%
Fine tuning increased fitness by 5.567096152958584e-7 to 0.9975484155377087 adjusted 254 weights, 4 biases 
Discovery aba7bcff with 1 binary files, sample rate: 100%, batch size: 512
Discovery aba7bcff initialize time 90ms
Discovery aba7bcff processing .trainData-fx_c_88/AUDEUR/data.bin
Over populated 56, expected 50.
Discovery aba7bcff read time 4ms for .trainData-fx_c_88/AUDEUR/data.bin with 2728 records
Discovery aba7bcff scanning time 1s 125ms
Training 52e8897e with 1 binary file, target error: 0.000001, iterations: 1, sample rate: 100%, sparse: 100%
Fine tuning increased fitness by 0.0000023399412990565693 to 0.9975507554790077 adjusted 254 weights, 4 biases 
Discovery aba7bcff recorded time 1s 668ms
Training 7641fc76 with 1 binary file, target error: 0.000001, iterations: 1, sample rate: 100%, sparse: 100%
Fine tuning increased fitness by 4.97858568149212e-7 to 0.9975512533375759 adjusted 254 weights, 4 biases 
Training c912d9b2 with 1 binary file, target error: 0.000001, iterations: 1, sample rate: 100%, sparse: 100%
Fine tuning increased fitness by 4.1671514028340795e-7 to 0.9975516700527162 adjusted 254 weights, 4 biases 
Generation 10 score 0.9975516700527162  error 0.002439799029459496 avg time 1s 369ms
Training d0e7b1d2 with 1 binary file, target error: 0.000001, iterations: 1, sample rate: 100%, sparse: 100%
Fine tuning increased fitness by 1.8496782017152213e-7 to 0.9975518550205363 adjusted 254 weights, 4 biases 
Training f143528a with 1 binary file, target error: 0.000001, iterations: 1, sample rate: 100%, sparse: 100%
Fine tuning increased fitness by 6.045331424342493e-8 to 0.9975519154738506 adjusted 254 weights, 4 biases 
Training 23529778 with 1 binary file, target error: 0.000001, iterations: 1, sample rate: 100%, sparse: 100%
Compacting increased fitness by 5.9546444219904515e-8 to 0.9975519750202948 neurons: 5 was: 6 synapses: 791 was: 793
Training e0dcd743 with 1 binary file, target error: 0.000001, iterations: 1, sample rate: 100%, sparse: 100%
Compacting increased fitness by 6.045331424342493e-8 to 0.997552035473609 neurons: 5 was: 6 synapses: 791 was: 793
Training 7fc19962 with 1 binary file, target error: 0.000001, iterations: 1, sample rate: 100%, sparse: 100%
Fine tuning increased fitness by 3.463394371294726e-8 to 0.9975520701075528 adjusted 254 weights, 4 biases 
Discovered beneficial synapse from input-17 to output-0 with weight 1.0000, helping 53.0% more records than it harms (1447/2728)
Discovery aba7bcff analyze time 9s 846ms found 1 candidates
Training e8c69625 with 1 binary file, target error: 0.000001, iterations: 1, sample rate: 100%, sparse: 100%
Discovered harmful synapse from input-960 to output-0, harming 53.0% more records than it helps (0/2728)
Discovery aba7bcff analyze harmful time 105ms found 1 candidates
Discovery aba7bcff analyze squashes time 179ms found 1 candidate, Summary: output-0 LOGISTIC -> ABSOLUTE improved: 3.9% error: 6237.7683 -> 5992.0529
Training 0c4a1253 with 1 binary file, target error: 0.000001, iterations: 1, sample rate: 100%, sparse: 100%
Discovery 0c4a1253 with 1 binary files, sample rate: 100%, batch size: 512
Discovery 0c4a1253 initialize time 90ms
Discovery 0c4a1253 processing .trainData-fx_c_88/AUDEUR/data.bin
Over populated 55, expected 50.
Discovery 0c4a1253 read time 2ms for .trainData-fx_c_88/AUDEUR/data.bin with 2728 records
Discovery 0c4a1253 scanning time 1s 145ms
Training d1623386 with 1 binary file, target error: 0.000001, iterations: 1, sample rate: 100%, sparse: 100%
Discovery 0c4a1253 recorded time 1s 680ms
Training 2be9d642 with 1 binary file, target error: 0.000001, iterations: 1, sample rate: 100%, sparse: 100%
Training 0c4a1253 increased fitness by 6.238242100664593e-8 to 0.9975525230362686
Training a33c9973 with 1 binary file, target error: 0.000001, iterations: 1, sample rate: 100%, sparse: 100%
Fine tuning increased fitness by 5.691309745703421e-8 to 0.9975525799493661 adjusted 717 weights, 10 biases 
Over populated 52, expected 50.
Generation 20 score 0.9975525799493661  error 0.002439009132726356 avg time 1s 323ms
Training 979f7acf with 1 binary file, target error: 0.000001, iterations: 1, sample rate: 100%, sparse: 100%
Fine tuning increased fitness by 8.474162116467454e-8 to 0.9975526646909872 adjusted 674 weights, 10 biases 
Over populated 52, expected 50.
Discovered beneficial synapse from input-17 to output-0 with weight 1.0000, helping 53.0% more records than it harms (1447/2728)
Discovery 0c4a1253 analyze time 4s 828ms found 1 candidates
Discovered harmful synapse from input-960 to output-0, harming 53.0% more records than it helps (0/2728)
Discovery 0c4a1253 analyze harmful time 110ms found 1 candidates
Training 9232e6e9 with 1 binary file, target error: 0.000001, iterations: 1, sample rate: 100%, sparse: 100%
Fine tuning increased fitness by 1.3268389242870882e-7 to 0.9975527973748797 adjusted 655 weights, 10 biases 
Discovery 0c4a1253 analyze squashes time 524ms found 1 candidate, Summary: output-0 LOGISTIC -> ABSOLUTE improved: 3.9% error: 6237.7698 -> 5992.0637
Over populated 52, expected 50.
Training a5e6d9e6 with 1 binary file, target error: 0.000001, iterations: 1, sample rate: 100%, sparse: 100%
Fine tuning increased fitness by 1.7001059138266328e-7 to 0.9975529673854711 adjusted 637 weights, 10 biases 
Discovery a5e6d9e6 with 1 binary files, sample rate: 100%, batch size: 512
Discovery a5e6d9e6 initialize time 88ms
Discovery a5e6d9e6 processing .trainData-fx_c_88/AUDEUR/data.bin
Discovery a5e6d9e6 read time 5ms for .trainData-fx_c_88/AUDEUR/data.bin with 2728 records
Discovery a5e6d9e6 scanning time 856ms
Over populated 56, expected 50.
Training 427ca60a with 1 binary file, target error: 0.000001, iterations: 1, sample rate: 100%, sparse: 100%
Fine tuning increased fitness by 1.5003573838878737e-7 to 0.9975531174212094 adjusted 637 weights, 10 biases 
Discovery a5e6d9e6 recorded time 1s 466ms
Training 830d18c7 with 1 binary file, target error: 0.000001, iterations: 1, sample rate: 100%, sparse: 100%
Fine tuning increased fitness by 1.5329316771506285e-7 to 0.9975532707143772 adjusted 637 weights, 10 biases 
Over populated 52, expected 50.
Training 4e7d860b with 1 binary file, target error: 0.000001, iterations: 1, sample rate: 100%, sparse: 100%
Fine tuning increased fitness by 4.159995513619563e-7 to 0.9975536867139285 adjusted 627 weights, 10 biases 
Over populated 52, expected 50.
Training e90db8fd with 1 binary file, target error: 0.000001, iterations: 1, sample rate: 100%, sparse: 100%
Fine tuning increased fitness by 5.164855128025891e-7 to 0.9975542031994413 adjusted 627 weights, 10 biases 
Discovered beneficial synapse from input-17 to output-0 with weight 1.0000, helping 53.0% more records than it harms (1447/2728)
Discovery a5e6d9e6 analyze time 4s 631ms found 1 candidates
Discovered harmful synapse from input-960 to output-0, harming 53.0% more records than it helps (0/2728)
Discovery a5e6d9e6 analyze harmful time 98ms found 1 candidates
Discovery a5e6d9e6 analyze squashes time 211ms found 1 candidate, Summary: output-0 LOGISTIC -> ABSOLUTE improved: 3.8% error: 6060.3695 -> 5828.4285
Training 3b9c405e with 1 binary file, target error: 0.000001, iterations: 1, sample rate: 100%, sparse: 100%
Fine tuning increased fitness by 8.678896659120028e-7 to 0.9975550710891072 adjusted 623 weights, 10 biases 
Discovery 3b9c405e with 1 binary files, sample rate: 100%, batch size: 512
Discovery 3b9c405e initialize time 87ms
Discovery 3b9c405e processing .trainData-fx_c_88/AUDEUR/data.bin
Over populated 56, expected 50.
Discovery 3b9c405e read time 3ms for .trainData-fx_c_88/AUDEUR/data.bin with 2728 records
Discovery 3b9c405e scanning time 861ms
Training 2ec805ae with 1 binary file, target error: 0.000001, iterations: 1, sample rate: 100%, sparse: 100%
Fine tuning increased fitness by 7.343285899352736e-7 to 0.9975558054176972 adjusted 623 weights, 10 biases 
Discovery 3b9c405e recorded time 1s 506ms
Over populated 52, expected 50.
Training 080858a2 with 1 binary file, target error: 0.000001, iterations: 1, sample rate: 100%, sparse: 100%
Fine tuning increased fitness by 4.6048393476105787e-7 to 0.9975562659016319 adjusted 623 weights, 10 biases 
Over populated 52, expected 50.
Generation 30 score 0.9975562659016319  error 0.0024353231805629588 avg time 1s 415ms
Training 97f3a0c6 with 1 binary file, target error: 0.000001, iterations: 1, sample rate: 100%, sparse: 100%
Fine tuning increased fitness by 8.473969144162652e-7 to 0.9975571132985463 adjusted 623 weights, 10 biases 
Over populated 52, expected 50.
Training 15b9863e with 1 binary file, target error: 0.000001, iterations: 1, sample rate: 100%, sparse: 100%
Fine tuning increased fitness by 0.0000012576806720510092 to 0.9975583709792184 adjusted 623 weights, 10 biases 
Discovered beneficial synapse from input-17 to output-0 with weight 1.0000, helping 53.0% more records than it harms (1447/2728)
Discovery 3b9c405e analyze time 4s 851ms found 1 candidates
Discovered harmful synapse from input-960 to output-0, harming 53.0% more records than it helps (0/2728)
Discovery 3b9c405e analyze harmful time 93ms found 1 candidates
Over populated 52, expected 50.
Discovery 3b9c405e analyze squashes time 203ms found 1 candidate, Summary: output-0 LOGISTIC -> ABSOLUTE improved: 3.7% error: 5810.1262 -> 5597.2563
Training 89a4281f with 1 binary file, target error: 0.000001, iterations: 1, sample rate: 100%, sparse: 100%
Fine tuning increased fitness by 0.000002125239096595344 to 0.997560496218315 adjusted 623 weights, 10 biases 
Discovery 89a4281f with 1 binary files, sample rate: 100%, batch size: 512
Discovery 89a4281f initialize time 86ms
Discovery 89a4281f processing .trainData-fx_c_88/AUDEUR/data.bin
Discovery 89a4281f read time 7ms for .trainData-fx_c_88/AUDEUR/data.bin with 2728 records
Discovery 89a4281f scanning time 830ms
Over populated 55, expected 50.
Training c2a50ee2 with 1 binary file, target error: 0.000001, iterations: 1, sample rate: 100%, sparse: 100%
Discovery 89a4281f recorded time 1s 488ms
Over populated 52, expected 50.
Training a33209d4 with 1 binary file, target error: 0.000001, iterations: 1, sample rate: 100%, sparse: 100%
Fine tuning increased fitness by 0.0000030986317726133805 to 0.997567532390097 adjusted 620 weights, 10 biases 
Over populated 52, expected 50.
Training 47cd27ab with 1 binary file, target error: 0.000001, iterations: 1, sample rate: 100%, sparse: 100%
Fine tuning increased fitness by 0.0000025992199410573846 to 0.997570131610038 adjusted 613 weights, 10 biases 
Over populated 52, expected 50.
Training f4d1cede with 1 binary file, target error: 0.000001, iterations: 1, sample rate: 100%, sparse: 100%
Fine tuning increased fitness by 0.0000027849832403559205 to 0.9975729165932784 adjusted 613 weights, 10 biases 
Discovered beneficial synapse from input-17 to output-0 with weight 1.0000, helping 53.0% more records than it harms (1447/2728)
Discovery 89a4281f analyze time 4s 779ms found 1 candidates
Discovered harmful synapse from input-960 to output-0, harming 53.0% more records than it helps (0/2728)
Discovery 89a4281f analyze harmful time 92ms found 1 candidates
Over populated 52, expected 50.
Discovery 89a4281f analyze squashes time 182ms found 1 candidate, Summary: output-0 LOGISTIC -> ABSOLUTE improved: 3.7% error: 5874.4210 -> 5656.4462
Training 18d751df with 1 binary file, target error: 0.000001, iterations: 1, sample rate: 100%, sparse: 100%
Fine tuning increased fitness by 4.4138347621291985e-7 to 0.9975733579767546 adjusted 613 weights, 10 biases 
Discovery 18d751df with 1 binary files, sample rate: 100%, batch size: 512
Discovery 18d751df initialize time 89ms
Discovery 18d751df processing .trainData-fx_c_88/AUDEUR/data.bin
Discovery 18d751df read time 4ms for .trainData-fx_c_88/AUDEUR/data.bin with 2728 records
Discovery 18d751df scanning time 904ms
Over populated 56, expected 50.
Training a35b3f33 with 1 binary file, target error: 0.000001, iterations: 1, sample rate: 100%, sparse: 100%
Fine tuning increased fitness by 0.0000011324769696452464 to 0.9975744904537243 adjusted 613 weights, 10 biases 
Discovery 18d751df recorded time 1s 545ms
Over populated 52, expected 50.
Training 1b500f45 with 1 binary file, target error: 0.000001, iterations: 1, sample rate: 100%, sparse: 100%
Fine tuning increased fitness by 0.0000016169771500651464 to 0.9975761074308743 adjusted 613 weights, 10 biases 
Generation 40 score 0.9975761074308743  error 0.0024154816514593267 avg time 1s 441ms
Training 35c6fd44 with 1 binary file, target error: 0.000001, iterations: 1, sample rate: 100%, sparse: 100%
Training 1231132e with 1 binary file, target error: 0.000001, iterations: 1, sample rate: 100%, sparse: 100%
Fine tuning increased fitness by 0.000002180938010520883 to 0.9975806881453744 adjusted 277 weights, 6 biases 
Discovered beneficial synapse from input-17 to output-0 with weight 1.0000, helping 53.0% more records than it harms (1447/2728)
Discovery 18d751df analyze time 4s 501ms found 1 candidates
Discovered harmful synapse from input-960 to output-0, harming 53.0% more records than it helps (0/2728)
Discovery 18d751df analyze harmful time 97ms found 1 candidates
Discovery 18d751df analyze squashes time 198ms found 1 candidate, Summary: output-0 LOGISTIC -> ABSOLUTE improved: 3.1% error: 5113.8506 -> 4952.7728
Over populated 52, expected 50.
Training b8811d5a with 1 binary file, target error: 0.000001, iterations: 1, sample rate: 100%, sparse: 100%
Fine tuning increased fitness by 0.0000018224090048146735 to 0.9975825105543792 adjusted 277 weights, 6 biases 
Discovery b8811d5a with 1 binary files, sample rate: 100%, batch size: 512
Discovery b8811d5a initialize time 82ms
Discovery b8811d5a processing .trainData-fx_c_88/AUDEUR/data.bin
Discovery b8811d5a read time 5ms for .trainData-fx_c_88/AUDEUR/data.bin with 2728 records
Discovery b8811d5a scanning time 839ms
Over populated 56, expected 50.
Training 4ba065d1 with 1 binary file, target error: 0.000001, iterations: 1, sample rate: 100%, sparse: 100%
Fine tuning increased fitness by 3.0274422313514293e-7 to 0.9975828132986023 adjusted 277 weights, 6 biases 
Discovery b8811d5a recorded time 1s 493ms
Over populated 52, expected 50.
Training cf9ade87 with 1 binary file, target error: 0.000001, iterations: 1, sample rate: 100%, sparse: 100%
Over populated 52, expected 50.
Training 13a3d394 with 1 binary file, target error: 0.000001, iterations: 1, sample rate: 100%, sparse: 100%
Fine tuning increased fitness by 5.510678510178835e-7 to 0.9975849869699992 adjusted 275 weights, 6 biases 
Training f9da4fe0 with 1 binary file, target error: 0.000001, iterations: 1, sample rate: 100%, sparse: 100%
Fine tuning increased fitness by 0.0000010556843332842902 to 0.9975860426543325 adjusted 275 weights, 6 biases 
Training 19bcfbee with 1 binary file, target error: 0.000001, iterations: 1, sample rate: 100%, sparse: 100%
Fine tuning increased fitness by 4.1245165349756974e-7 to 0.997586455105986 adjusted 275 weights, 6 biases 
Training 5c2da0a3 with 1 binary file, target error: 0.000001, iterations: 1, sample rate: 100%, sparse: 100%
Fine tuning increased fitness by 7.961780255083539e-7 to 0.9975872512840115 adjusted 275 weights, 6 biases 
Over populated 52, expected 50.
Training 85222838 with 1 binary file, target error: 0.000001, iterations: 1, sample rate: 100%, sparse: 100%
Fine tuning increased fitness by 9.08744659522398e-7 to 0.997588160028671 adjusted 275 weights, 6 biases 
Over populated 52, expected 50.
Generation 50 score 0.997588160028671  error 0.0024034290535332645 avg time 1s 408ms
Training a3542e8a with 1 binary file, target error: 0.000001, iterations: 1, sample rate: 100%, sparse: 100%
Fine tuning increased fitness by 0.0000010092990224697118 to 0.9975891693276935 adjusted 275 weights, 6 biases 
Training 141c53bb with 1 binary file, target error: 0.000001, iterations: 1, sample rate: 100%, sparse: 100%
Fine tuning increased fitness by 2.5642184242613553e-7 to 0.9975894257495359 adjusted 275 weights, 6 biases 
Discovered beneficial synapse from input-17 to output-0 with weight 1.0000, helping 53.0% more records than it harms (1447/2728)
Discovery b8811d5a analyze time 11s 135ms found 1 candidates
Discovered harmful synapse from input-960 to output-0, harming 53.0% more records than it helps (0/2728)
Discovery b8811d5a analyze harmful time 93ms found 1 candidates
Discovery b8811d5a analyze squashes time 198ms found 1 candidate, Summary: output-0 LOGISTIC -> ABSOLUTE improved: 3.1% error: 5108.5861 -> 4947.8887
Over populated 52, expected 50.
Training 2f2b5425 with 1 binary file, target error: 0.000001, iterations: 1, sample rate: 100%, sparse: 100%
Over populated 55, expected 50.
Training f47ac86d with 1 binary file, target error: 0.000001, iterations: 1, sample rate: 100%, sparse: 100%
Discovery f47ac86d with 1 binary files, sample rate: 100%, batch size: 512
Discovery f47ac86d initialize time 89ms
Discovery f47ac86d processing .trainData-fx_c_88/AUDEUR/data.bin
Discovery f47ac86d read time 5ms for .trainData-fx_c_88/AUDEUR/data.bin with 2728 records
Discovery f47ac86d scanning time 812ms
Over populated 52, expected 50.
Training 72bf809d with 1 binary file, target error: 0.000001, iterations: 1, sample rate: 100%, sparse: 100%
Fine tuning increased fitness by 2.9805073964439543e-7 to 0.9975899023479199 adjusted 561 weights, 8 biases 
Discovery f47ac86d recorded time 1s 423ms
Over populated 52, expected 50.
Training ca958867 with 1 binary file, target error: 0.000001, iterations: 1, sample rate: 100%, sparse: 100%
Fine tuning increased fitness by 3.2665702709433475e-7 to 0.997590229004947 adjusted 561 weights, 8 biases 
Training 7c948c60 with 1 binary file, target error: 0.000001, iterations: 1, sample rate: 100%, sparse: 100%
Training 208a0be4 with 1 binary file, target error: 0.000001, iterations: 1, sample rate: 100%, sparse: 100%
Discovered beneficial synapse from input-17 to output-0 with weight 1.0000, helping 53.0% more records than it harms (1447/2728)
Discovery f47ac86d analyze time 4s 753ms found 1 candidates
Discovered harmful synapse from input-960 to output-0, harming 53.0% more records than it helps (0/2728)
Discovery f47ac86d analyze harmful time 95ms found 1 candidates
Discovery f47ac86d analyze squashes time 208ms found 1 candidate, Summary: output-0 LOGISTIC -> ABSOLUTE improved: 3.1% error: 5108.5861 -> 4947.8887
Training 677f4a81 with 1 binary file, target error: 0.000001, iterations: 1, sample rate: 100%, sparse: 100%
Discovery 677f4a81 with 1 binary files, sample rate: 100%, batch size: 512
Discovery 677f4a81 initialize time 82ms
Discovery 677f4a81 processing .trainData-fx_c_88/AUDEUR/data.bin
Discovery 677f4a81 read time 5ms for .trainData-fx_c_88/AUDEUR/data.bin with 2728 records
Over populated 53, expected 50.
Discovery 677f4a81 scanning time 830ms
Training 9e93408b with 1 binary file, target error: 0.000001, iterations: 1, sample rate: 100%, sparse: 100%
Discovery 677f4a81 recorded time 1s 465ms
Over populated 52, expected 50.
Generation 60 score 0.9975915576175887  error 0.002400021464583722 avg time 1s 390ms
Training ff4ba587 with 1 binary file, target error: 0.000001, iterations: 1, sample rate: 100%, sparse: 100%
Fine tuning increased fitness by 4.228799770356062e-7 to 0.9975919804975657 adjusted 342 weights, 4 biases 
Training feda4c04 with 1 binary file, target error: 0.000001, iterations: 1, sample rate: 100%, sparse: 100%
Fine tuning increased fitness by 3.9599069767692896e-7 to 0.9975923764882634 adjusted 338 weights, 4 biases 
Over populated 52, expected 50.
Training 4c3a21b7 with 1 binary file, target error: 0.000001, iterations: 1, sample rate: 100%, sparse: 100%
Fine tuning increased fitness by 2.664936120666539e-7 to 0.9975926429818754 adjusted 338 weights, 4 biases 
Discovered beneficial synapse from input-17 to output-0 with weight 1.0000, helping 53.0% more records than it harms (1447/2728)
Discovery 677f4a81 analyze time 4s 788ms found 1 candidates
Discovered harmful synapse from input-960 to output-0, harming 53.0% more records than it helps (0/2728)
Discovery 677f4a81 analyze harmful time 100ms found 1 candidates
Training f638f087 with 1 binary file, target error: 0.000001, iterations: 1, sample rate: 100%, sparse: 100%
Discovery 677f4a81 analyze squashes time 174ms found 1 candidate, Summary: output-0 LOGISTIC -> ABSOLUTE improved: 3.1% error: 5108.5861 -> 4947.8887
Training c434a697 with 1 binary file, target error: 0.000001, iterations: 1, sample rate: 100%, sparse: 100%
Discovery c434a697 with 1 binary files, sample rate: 100%, batch size: 512
Discovery c434a697 initialize time 87ms
Discovery c434a697 processing .trainData-fx_c_88/AUDEUR/data.bin
Discovery c434a697 read time 2ms for .trainData-fx_c_88/AUDEUR/data.bin with 2728 records
Over populated 54, expected 50.
Discovery c434a697 scanning time 839ms
Training 6edace9f with 1 binary file, target error: 0.000001, iterations: 1, sample rate: 100%, sparse: 100%
Fine tuning increased fitness by 8.207134944981931e-7 to 0.9975946289074568 adjusted 355 weights, 6 biases 
Discovery c434a697 recorded time 1s 481ms
Over populated 52, expected 50.
Training 86b3b0ea with 1 binary file, target error: 0.000001, iterations: 1, sample rate: 100%, sparse: 100%
Over populated 52, expected 50.
Training 70f6cfb5 with 1 binary file, target error: 0.000001, iterations: 1, sample rate: 100%, sparse: 100%
Training c0c7b2db with 1 binary file, target error: 0.000001, iterations: 1, sample rate: 100%, sparse: 100%
Training 86b3b0ea increased fitness by 1.6990076012746158e-10 to 0.9975949077772941
Discovered beneficial synapse from input-17 to output-0 with weight 1.0000, helping 53.0% more records than it harms (1447/2728)
Discovery c434a697 analyze time 4s 482ms found 1 candidates
Discovered harmful synapse from input-960 to output-0, harming 53.0% more records than it helps (0/2728)
Discovery c434a697 analyze harmful time 96ms found 1 candidates
Discovery c434a697 analyze squashes time 175ms found 1 candidate, Summary: output-0 LOGISTIC -> ABSOLUTE improved: 3.1% error: 5108.7815 -> 4948.0704
Training d8116473 with 1 binary file, target error: 0.000001, iterations: 1, sample rate: 100%, sparse: 100%
Discovery d8116473 with 1 binary files, sample rate: 100%, batch size: 512
Discovery d8116473 initialize time 87ms
Discovery d8116473 processing .trainData-fx_c_88/AUDEUR/data.bin
Over populated 55, expected 50.
Generation 70 score 0.9975951202327239  error 0.0023964588494472857 avg time 1s 348ms
Discovery d8116473 read time 4ms for .trainData-fx_c_88/AUDEUR/data.bin with 2728 records
Discovery d8116473 scanning time 855ms
Training 5015e4e6 with 1 binary file, target error: 0.000001, iterations: 1, sample rate: 100%, sparse: 100%
Discovery d8116473 recorded time 1s 523ms
Training 1268033c with 1 binary file, target error: 0.000001, iterations: 1, sample rate: 100%, sparse: 100%
Training 5aacf6cd with 1 binary file, target error: 0.000001, iterations: 1, sample rate: 100%, sparse: 100%
Over populated 52, expected 50.
Training 53730b16 with 1 binary file, target error: 0.000001, iterations: 1, sample rate: 100%, sparse: 100%
Fine tuning increased fitness by 4.533324826638818e-10 to 0.9975951688602582 adjusted 239 weights, 10 biases 
Over populated 52, expected 50.
Training 347f774a with 1 binary file, target error: 0.000001, iterations: 1, sample rate: 100%, sparse: 100%
Over populated 52, expected 50.
Training cf4e3fd6 with 1 binary file, target error: 0.000001, iterations: 1, sample rate: 100%, sparse: 100%
Discovered beneficial synapse from input-781 to 01ca855a-cbd9-46fa-a40e-2a02e8c391db with weight -1.0000, helping 18.3% more records than it harms (1614/2728)
Discovery d8116473 analyze time 6s 543ms found 1 candidates
Discovered harmful synapse from input-960 to output-0, harming 53.0% more records than it helps (0/2728)
Discovery d8116473 analyze harmful time 330ms found 1 candidates
Discovery d8116473 analyze squashes time 380ms found 0 candidates
Training c4e38b8e with 1 binary file, target error: 0.000001, iterations: 1, sample rate: 100%, sparse: 100%
Over populated 52, expected 50.
Training fd5d1934 with 1 binary file, target error: 0.000001, iterations: 1, sample rate: 100%, sparse: 100%
Discovery d8116473 beneficial increased fitness by 4.5877430965290955e-8 to 0.9975959830154539
Discovery fd5d1934 with 1 binary files, sample rate: 100%, batch size: 512
Discovery fd5d1934 initialize time 83ms
Discovery fd5d1934 processing .trainData-fx_c_88/AUDEUR/data.bin
Discovery fd5d1934 read time 5ms for .trainData-fx_c_88/AUDEUR/data.bin with 2728 records
Discovery fd5d1934 scanning time 888ms
Training 03e97445 with 1 binary file, target error: 0.000001, iterations: 1, sample rate: 100%, sparse: 100%
Fine tuning increased fitness by 1.0848749665282043e-7 to 0.9975960915029506 adjusted 1 weight 
Discovery fd5d1934 recorded time 1s 499ms
Training 4933a3a7 with 1 binary file, target error: 0.000001, iterations: 1, sample rate: 100%, sparse: 100%
Generation 80 score 0.9975963730305236  error 0.0023951960516804477 avg time 1s 335ms
Training 086e9691 with 1 binary file, target error: 0.000001, iterations: 1, sample rate: 100%, sparse: 100%
Fine tuning increased fitness by 4.09137739576515e-7 to 0.9975967821682632 adjusted 97 weights 
Training 72822dc3 with 1 binary file, target error: 0.000001, iterations: 1, sample rate: 100%, sparse: 100%
Fine tuning increased fitness by 4.686906310835681e-7 to 0.9975972508588943 adjusted 97 weights 
Training 69ec34e0 with 1 binary file, target error: 0.000001, iterations: 1, sample rate: 100%, sparse: 100%
Fine tuning increased fitness by 4.3606041411070606e-7 to 0.9975976869193084 adjusted 97 weights 
Training f7faaa1d with 1 binary file, target error: 0.000001, iterations: 1, sample rate: 100%, sparse: 100%
Training 9e063235 with 1 binary file, target error: 0.000001, iterations: 1, sample rate: 100%, sparse: 100%
Fine tuning increased fitness by 0.0000012250926875179147 to 0.9976000527831302 adjusted 97 weights, 1 bias 
Training 4be51f60 with 1 binary file, target error: 0.000001, iterations: 1, sample rate: 100%, sparse: 100%
Training 7ae5fad5 with 1 binary file, target error: 0.000001, iterations: 1, sample rate: 100%, sparse: 100%
Fine tuning increased fitness by 3.490704846287329e-7 to 0.9976011862135319 adjusted 97 weights, 1 bias 
Training 96b45971 with 1 binary file, target error: 0.000001, iterations: 1, sample rate: 100%, sparse: 100%
Discovered beneficial synapse from input-17 to output-0 with weight 1.0000, helping 53.0% more records than it harms (1447/2728)
Discovery fd5d1934 analyze time 11s 356ms found 1 candidates
Discovered harmful synapse from input-960 to output-0, harming 53.0% more records than it helps (0/2728)
Discovery fd5d1934 analyze harmful time 431ms found 1 candidates
Training b86f7745 with 1 binary file, target error: 0.000001, iterations: 1, sample rate: 100%, sparse: 100%
Fine tuning increased fitness by 1.1178185055360501e-7 to 0.9976016314394643 adjusted 97 weights, 1 bias 
Discovery fd5d1934 analyze squashes time 337ms found 1 candidate, Summary: output-0 LOGISTIC -> ABSOLUTE improved: 3.1% error: 5109.4770 -> 4948.7221
Training cfff051a with 1 binary file, target error: 0.000001, iterations: 1, sample rate: 100%, sparse: 100%
Fine tuning increased fitness by 2.1529930971375677e-7 to 0.9976018467387741 adjusted 97 weights, 1 bias 
Discovery cfff051a with 1 binary files, sample rate: 100%, batch size: 512
Discovery cfff051a initialize time 82ms
Discovery cfff051a processing .trainData-fx_c_88/AUDEUR/data.bin
Over populated 52, expected 50.
Generation 90 score 0.9976018467387741  error 0.0023897223408776147 avg time 1s 236ms
Discovery cfff051a read time 3ms for .trainData-fx_c_88/AUDEUR/data.bin with 2728 records
Discovery cfff051a scanning time 845ms
Training 735e0adf with 1 binary file, target error: 0.000001, iterations: 1, sample rate: 100%, sparse: 100%
Training b86f7745 increased fitness by 3.8148498671120024e-7 to 0.9976022282237608
Discovery cfff051a recorded time 1s 448ms
Training a34c8fbc with 1 binary file, target error: 0.000001, iterations: 1, sample rate: 100%, sparse: 100%
Fine tuning increased fitness by 3.6786060553239963e-7 to 0.9976025960843663 adjusted 768 weights, 10 biases 
Training c24a72b3 with 1 binary file, target error: 0.000001, iterations: 1, sample rate: 100%, sparse: 100%
Fine tuning increased fitness by 4.535527674542905e-7 to 0.9976030496371338 adjusted 748 weights, 10 biases 
Over populated 52, expected 50.
Training 39b348b6 with 1 binary file, target error: 0.000001, iterations: 1, sample rate: 100%, sparse: 100%
Fine tuning increased fitness by 3.822879480752661e-7 to 0.9976034319250818 adjusted 738 weights, 10 biases 
Discovered beneficial synapse from input-17 to output-0 with weight 1.0000, helping 53.0% more records than it harms (1447/2728)
Discovery cfff051a analyze time 4s 751ms found 1 candidates
Over populated 52, expected 50.
Discovered harmful synapse from input-960 to output-0, harming 53.0% more records than it helps (0/2728)
Discovery cfff051a analyze harmful time 93ms found 1 candidates
Training a3dd120e with 1 binary file, target error: 0.000001, iterations: 1, sample rate: 100%, sparse: 100%
Discovery cfff051a analyze squashes time 382ms found 1 candidate, Summary: output-0 LOGISTIC -> ABSOLUTE improved: 3.1% error: 5109.2358 -> 4948.4983
Fine tuning increased fitness by 1.1430469992745884e-7 to 0.9976035462297818 adjusted 738 weights, 10 biases 
Training ae202647 with 1 binary file, target error: 0.000001, iterations: 1, sample rate: 100%, sparse: 100%
Fine tuning increased fitness by 1.3711885327172268e-7 to 0.997603683348635 adjusted 738 weights, 10 biases 
Discovery ae202647 with 1 binary files, sample rate: 100%, batch size: 512
Discovery ae202647 initialize time 87ms
Discovery ae202647 processing .trainData-fx_c_88/AUDEUR/data.bin
Discovery ae202647 read time 1ms for .trainData-fx_c_88/AUDEUR/data.bin with 2728 records
Discovery ae202647 scanning time 847ms
Over populated 55, expected 50.
Training 97a9d603 with 1 binary file, target error: 0.000001, iterations: 1, sample rate: 100%, sparse: 100%
Fine tuning increased fitness by 1.9873730250363764e-7 to 0.9976038820859375 adjusted 738 weights, 10 biases 
Discovery ae202647 recorded time 1s 540ms
Over populated 52, expected 50.
Training 14e15e01 with 1 binary file, target error: 0.000001, iterations: 1, sample rate: 100%, sparse: 100%
Fine tuning increased fitness by 3.0252169880284896e-7 to 0.9976041846076363 adjusted 738 weights, 10 biases 
Over populated 52, expected 50.
Training b6decb6e with 1 binary file, target error: 0.000001, iterations: 1, sample rate: 100%, sparse: 100%
Fine tuning increased fitness by 3.1790146981514056e-7 to 0.9976045025091062 adjusted 738 weights, 10 biases 
Over populated 52, expected 50.
Training b76ba5e9 with 1 binary file, target error: 0.000001, iterations: 1, sample rate: 100%, sparse: 100%
Fine tuning increased fitness by 2.8456456735437285e-7 to 0.9976047870736735 adjusted 738 weights, 10 biases 
Discovered beneficial synapse from input-17 to output-0 with weight 1.0000, helping 53.0% more records than it harms (1447/2728)
Discovery ae202647 analyze time 4s 784ms found 1 candidates
Discovered harmful synapse from input-960 to output-0, harming 53.0% more records than it helps (0/2728)
Discovery ae202647 analyze harmful time 93ms found 1 candidates
Discovery ae202647 analyze squashes time 199ms found 1 candidate, Summary: output-0 LOGISTIC -> ABSOLUTE improved: 3.1% error: 5035.9333 -> 4880.4517
Generation 100 score 0.9976047870736735  error 0.0023867820059539344 avg time 1s 423ms
Training a502ccdd with 1 binary file, target error: 0.000001, iterations: 1, sample rate: 100%, sparse: 100%
Fine tuning increased fitness by 1.6487988629965145e-7 to 0.9976049519535598 adjusted 738 weights, 10 biases 
Discovery a502ccdd with 1 binary files, sample rate: 100%, batch size: 512
Discovery a502ccdd initialize time 80ms
Discovery a502ccdd processing .trainData-fx_c_88/AUDEUR/data.bin
Discovery a502ccdd read time 5ms for .trainData-fx_c_88/AUDEUR/data.bin with 2728 records
Discovery a502ccdd scanning time 830ms
Over populated 56, expected 50.
Training 7c2e96c5 with 1 binary file, target error: 0.000001, iterations: 1, sample rate: 100%, sparse: 100%
Fine tuning increased fitness by 1.5650557516622143e-7 to 0.997605108459135 adjusted 738 weights, 10 biases 
Discovery a502ccdd recorded time 1s 503ms
Over populated 52, expected 50.
Training 8f15f847 with 1 binary file, target error: 0.000001, iterations: 1, sample rate: 100%, sparse: 100%
Training 7be37873 with 1 binary file, target error: 0.000001, iterations: 1, sample rate: 100%, sparse: 100%
Fine tuning increased fitness by 2.0516343002263682e-7 to 0.9976057257106377 adjusted 728 weights, 10 biases 
Over populated 52, expected 50.
Training fcd55b19 with 1 binary file, target error: 0.000001, iterations: 1, sample rate: 100%, sparse: 100%
Fine tuning increased fitness by 0.0000010853878159577945 to 0.9976068110984536 adjusted 728 weights, 10 biases 
Training 1d4a849f with 1 binary file, target error: 0.000001, iterations: 1, sample rate: 100%, sparse: 100%
Discovered beneficial synapse from input-77 to 01ca855a-cbd9-46fa-a40e-2a02e8c391db with weight 1.0000, helping 18.4% more records than it harms (1602/2728)
Discovery a502ccdd analyze time 6s 357ms found 1 candidates
Over populated 52, expected 50.
Discovered harmful synapse from input-780 to 01ca855a-cbd9-46fa-a40e-2a02e8c391db, harming 16.3% more records than it helps (1135/2728)
Discovery a502ccdd analyze harmful time 407ms found 1 candidates
Training 4b95719a with 1 binary file, target error: 0.000001, iterations: 1, sample rate: 100%, sparse: 100%
Training fcd55b19 increased fitness by 4.379329866521786e-7 to 0.9976072490314403
Discovery a502ccdd analyze squashes time 394ms found 0 candidates
Over populated 52, expected 50.
Training 060cfa9a with 1 binary file, target error: 0.000001, iterations: 1, sample rate: 100%, sparse: 100%
Discovery 060cfa9a with 1 binary files, sample rate: 100%, batch size: 512
Discovery 060cfa9a initialize time 81ms
Discovery 060cfa9a processing .trainData-fx_c_88/AUDEUR/data.bin
Discovery 060cfa9a read time 5ms for .trainData-fx_c_88/AUDEUR/data.bin with 2728 records
Discovery 060cfa9a scanning time 836ms
Over populated 54, expected 50.
Training dd36be91 with 1 binary file, target error: 0.000001, iterations: 1, sample rate: 100%, sparse: 100%
Discovery 060cfa9a recorded time 1s 500ms
Fine tuning increased fitness by 0.0000016049280787688858 to 0.9976110269472813 adjusted 782 weights, 10 biases 
Generation 110 score 0.9976110269472813  error 0.002380542132262376 avg time 1s 448ms
Fine tuning increased fitness by 0.0000017498800387594216 to 0.9976127768273201 adjusted 782 weights, 10 biases 
Discovered beneficial synapse from input-17 to output-0 with weight 1.0000, helping 53.0% more records than it harms (1447/2728)
Discovery 060cfa9a analyze time 9s 243ms found 1 candidates
Discovered harmful synapse from input-960 to output-0, harming 53.0% more records than it helps (0/2728)
Discovery 060cfa9a analyze harmful time 95ms found 1 candidates
Discovery 060cfa9a analyze squashes time 203ms found 1 candidate, Summary: output-0 LOGISTIC -> ABSOLUTE improved: 3.1% error: 5036.0955 -> 4880.5958
Fine tuning increased fitness by 3.1571339020874944e-7 to 0.9976140872277354 adjusted 380 weights, 7 biases 
Over populated 53, expected 50.
Fine tuning increased fitness by 7.119886319406632e-7 to 0.9976185371425655 adjusted 321 weights, 5 biases 
Generation 120 score 0.9976185371425655  error 0.0023730319370618667 avg time 1s 403ms
Fine tuning increased fitness by 2.3667932680382364e-7 to 0.9976187738218923 adjusted 321 weights, 5 biases 
Fine tuning increased fitness by 5.92811773003632e-8 to 0.9976188331030696 adjusted 321 weights, 5 biases 
Fine tuning increased fitness by 1.1224473606130658e-7 to 0.9976189453478057 adjusted 321 weights, 5 biases 
Fine tuning increased fitness by 1.790031793902358e-7 to 0.9976191243509851 adjusted 321 weights, 5 biases 
Fine tuning increased fitness by 2.5245515533622864e-7 to 0.9976193768061404 adjusted 321 weights, 5 biases 
Fine tuning increased fitness by 1.4150577698490707e-7 to 0.9976197682780057 adjusted 409 weights, 6 biases 
Fine tuning increased fitness by 8.100046355874468e-8 to 0.9976198492784693 adjusted 409 weights, 6 biases 
Fine tuning increased fitness by 4.838500022863457e-8 to 0.9976198976634695 adjusted 409 weights, 6 biases 
Fine tuning increased fitness by 2.7307063832360257e-8 to 0.9976199249705333 adjusted 409 weights, 6 biases 
Generation 130 score 0.9976199249705333  error 0.0023716441090708114 avg time 1s 374ms
Generation 131 score 0.9976200476341497  error 0.002371521445483488 avg time 136ms
{
  error: 0.002371521445483488,
  score: 0.9976200476341497,
  generation: 131,
  time: 180619
}

=== Processing USDZAR (10/10) ===
5 mutations, mutation rate 31.9%, elitism 2, mutation FFW, selection TOURNAMENT
Creature count: 50
Culling duplicate creature at 41 of 51
DeDuplication of 1 creatures to 50 in  (previous experiment )
Training a7456319 with 1 binary file, target error: 0.000001, iterations: 1, sample rate: 100%, sparse: 100%
Discovery a7456319 with 1 binary files, sample rate: 100%, batch size: 512
Discovery a7456319 initialize time 89ms
Discovery a7456319 processing .trainData-fx_c_88/USDZAR/data.bin
Discovery a7456319 read time 4ms for .trainData-fx_c_88/USDZAR/data.bin with 3359 records
Discovery a7456319 scanning time 1s 56ms
Discovery a7456319 recorded time 1s 854ms
Training 7fefd80d with 1 binary file, target error: 0.000001, iterations: 1, sample rate: 100%, sparse: 100%
Training a7456319 increased fitness by 1.1064726912479728e-10 to 0.9954027678812597
Training 367f46a5 with 1 binary file, target error: 0.000001, iterations: 1, sample rate: 100%, sparse: 100%
Training 7f59ca82 with 1 binary file, target error: 0.000001, iterations: 1, sample rate: 100%, sparse: 100%
Fine tuning increased fitness by 6.466255714210334e-7 to 0.9954243990734373 adjusted 215 weights, 2 biases 
Training 3727427c with 1 binary file, target error: 0.000001, iterations: 1, sample rate: 100%, sparse: 100%
Fine tuning increased fitness by 0.0000030821497316591007 to 0.9954274812231689 adjusted 215 weights, 2 biases 
Fine tuning increased fitness by 0.000003979381994478892 to 0.9954314606051634 adjusted 215 weights, 2 biases 
Training 26a430ea with 1 binary file, target error: 0.000001, iterations: 1, sample rate: 100%, sparse: 100%
Over populated 52, expected 50.
Generation 10 score 0.9954362835380026  error 0.004551865495226295 avg time 2s 131ms
Training 4c4d33d4 with 1 binary file, target error: 0.000001, iterations: 1, sample rate: 100%, sparse: 100%
Fine tuning increased fitness by 0.000009001788407125844 to 0.9954452853264097 adjusted 207 weights, 2 biases 
Training 91a8d671 with 1 binary file, target error: 0.000001, iterations: 1, sample rate: 100%, sparse: 100%
Training 5bbf889b with 1 binary file, target error: 0.000001, iterations: 1, sample rate: 100%, sparse: 100%
Fine tuning increased fitness by 0.00000815959057465232 to 0.995484046192826 adjusted 209 weights, 2 biases 
Fine tuning increased fitness by 0.00000598897366543838 to 0.9954900351664915 adjusted 209 weights, 2 biases 
Training fde86114 with 1 binary file, target error: 0.000001, iterations: 1, sample rate: 100%, sparse: 100%
Fine tuning increased fitness by 0.000004696184250918556 to 0.9954947313507424 adjusted 209 weights, 2 biases 
Discovered beneficial synapse from input-413 to output-3 with weight 1.0000, helping 21.6% more records than it harms (2042/3359)
Discovery a7456319 analyze time 33s 862ms found 1 candidates
Training f695b103 with 1 binary file, target error: 0.000001, iterations: 1, sample rate: 100%, sparse: 100%
Fine tuning increased fitness by 0.000003677520705402948 to 0.9955037106212262 adjusted 209 weights, 2 biases 
Discovered harmful synapse from input-841 to output-2, harming 17.3% more records than it helps (1155/3359)
Discovery a7456319 analyze harmful time 4s 848ms found 1 candidates
Generation 20 score 0.9955041295296699  error 0.00448401950355877 avg time 2s 82ms
Discovery a7456319 analyze squashes time 1s 256ms found 3 candidates, Summary: output-0 LOGISTIC -> LogSigmoid improved: 26.9% error: 400.0621 -> 292.6021,output-4 Swish -> BIPOLAR_SIGMOID improved: 3.5% error: 0.0275 -> 0.0265,output-2 GELU -> BIPOLAR_SIGMOID improved: 3.5% error: 0.0244 -> 0.0235
Training bae4ff7d with 1 binary file, target error: 0.000001, iterations: 1, sample rate: 100%, sparse: 100%
Discovery 4213bb0f with 1 binary files, sample rate: 100%, batch size: 512
Discovery 4213bb0f initialize time 91ms
Discovery 4213bb0f processing .trainData-fx_c_88/USDZAR/data.bin
Discovery 4213bb0f read time 1ms for .trainData-fx_c_88/USDZAR/data.bin with 3359 records
Discovery 4213bb0f scanning time 1s 70ms
Over populated 52, expected 50.
Training b05bf19c with 1 binary file, target error: 0.000001, iterations: 1, sample rate: 100%, sparse: 100%
Discovery a7456319 beneficial increased fitness by 0.000003617918434950518 to 0.9955174857729873
Discovery 4213bb0f recorded time 1s 977ms
Training 240b9670 with 1 binary file, target error: 0.000001, iterations: 1, sample rate: 100%, sparse: 100%
Fine tuning increased fitness by 5.083027575514265e-7 to 0.9955216497149654 adjusted 41 weights, 1 bias 
Training f8baeb90 with 1 binary file, target error: 0.000001, iterations: 1, sample rate: 100%, sparse: 100%
Training 77b1cb93 with 1 binary file, target error: 0.000001, iterations: 1, sample rate: 100%, sparse: 100%
Training c99a1440 with 1 binary file, target error: 0.000001, iterations: 1, sample rate: 100%, sparse: 100%
Fine tuning increased fitness by 7.887346793467032e-7 to 0.9955231856112347 adjusted 693 weights, 3 biases 
Generation 30 score 0.9955231856112347  error 0.004464933422066042 avg time 2s
Fine tuning increased fitness by 4.1319096200087557e-7 to 0.9955235988021967 adjusted 648 weights, 3 biases 
Training 2dcfcfc8 with 1 binary file, target error: 0.000001, iterations: 1, sample rate: 100%, sparse: 100%
Fine tuning increased fitness by 3.956709269115066e-7 to 0.9955239944731236 adjusted 648 weights, 3 biases 
Training ddb0e729 with 1 binary file, target error: 0.000001, iterations: 1, sample rate: 100%, sparse: 100%
Training 35070f44 with 1 binary file, target error: 0.000001, iterations: 1, sample rate: 100%, sparse: 100%
Training 7bb59c86 with 1 binary file, target error: 0.000001, iterations: 1, sample rate: 100%, sparse: 100%
Fine tuning increased fitness by 0.000002373284345380533 to 0.9955309870532195 adjusted 733 weights, 3 biases 
Training ecbd4177 with 1 binary file, target error: 0.000001, iterations: 1, sample rate: 100%, sparse: 100%
Fine tuning increased fitness by 0.000005222790918413267 to 0.9955390932701882 adjusted 760 weights, 3 biases 
Discovered beneficial synapse from input-757 to output-2 with weight -1.0000, helping 20.9% more records than it harms (2031/3359)
Discovery 4213bb0f analyze time 33s 673ms found 1 candidates
Training bba71946 with 1 binary file, target error: 0.000001, iterations: 1, sample rate: 100%, sparse: 100%
Training a7bd074f with 1 binary file, target error: 0.000001, iterations: 1, sample rate: 100%, sparse: 100%
Fine tuning increased fitness by 0.00000965157315202525 to 0.9955621738090651 adjusted 760 weights, 3 biases 
Generation 40 score 0.9955621738090651  error 0.004425945224236768 avg time 2s 288ms
Discovered harmful synapse from input-841 to output-2, harming 17.3% more records than it helps (1155/3359)
Discovery 4213bb0f analyze harmful time 4s 891ms found 1 candidates
Training 9e2a53bf with 1 binary file, target error: 0.000001, iterations: 1, sample rate: 100%, sparse: 100%
Fine tuning increased fitness by 0.0000240084450487954 to 0.9955861822541139 adjusted 748 weights, 3 biases 
Discovery 4213bb0f analyze squashes time 1s 320ms found 3 candidates, Summary: output-0 LOGISTIC -> LogSigmoid improved: 25.9% error: 385.4376 -> 285.6958,output-2 GELU -> BIPOLAR_SIGMOID improved: 3.5% error: 0.0244 -> 0.0235,output-4 Swish -> BIPOLAR_SIGMOID improved: 3.5% error: 0.0264 -> 0.0255
Discovery 00855817 with 1 binary files, sample rate: 100%, batch size: 512
Discovery 00855817 initialize time 90ms
Discovery 00855817 processing .trainData-fx_c_88/USDZAR/data.bin
Discovery 00855817 read time 3ms for .trainData-fx_c_88/USDZAR/data.bin with 3359 records
Discovery 00855817 scanning time 1s 19ms
Over populated 53, expected 50.
Discovery 00855817 recorded time 1s 779ms
Training e0239c53 with 1 binary file, target error: 0.000001, iterations: 1, sample rate: 100%, sparse: 100%
Training a9b39be8 with 1 binary file, target error: 0.000001, iterations: 1, sample rate: 100%, sparse: 100%
Fine tuning increased fitness by 0.000004856869467939617 to 0.9956010886477733 adjusted 747 weights, 3 biases 
Training 46dca5ac with 1 binary file, target error: 0.000001, iterations: 1, sample rate: 100%, sparse: 100%
Training 98701651 with 1 binary file, target error: 0.000001, iterations: 1, sample rate: 100%, sparse: 100%
Training 458b4ab8 with 1 binary file, target error: 0.000001, iterations: 1, sample rate: 100%, sparse: 100%
Fine tuning increased fitness by 0.0000035076598871031095 to 0.9956171640230501 adjusted 752 weights, 3 biases 
Training 3b11a6e3 with 1 binary file, target error: 0.000001, iterations: 1, sample rate: 100%, sparse: 100%
Fine tuning increased fitness by 4.150472815434014e-7 to 0.9956175790703317 adjusted 752 weights, 3 biases 
Fine tuning increased fitness by 0.0000033863394830468962 to 0.9956209654098147 adjusted 752 weights, 3 biases 
Generation 50 score 0.9956209654098147  error 0.004367153623487923 avg time 2s 296ms
Training 8fa14f82 with 1 binary file, target error: 0.000001, iterations: 1, sample rate: 100%, sparse: 100%
Fine tuning increased fitness by 0.000006496504223574284 to 0.9956274619140383 adjusted 752 weights, 3 biases 
Training 0c634903 with 1 binary file, target error: 0.000001, iterations: 1, sample rate: 100%, sparse: 100%
Training 492628aa with 1 binary file, target error: 0.000001, iterations: 1, sample rate: 100%, sparse: 100%
Training 55c1fcea with 1 binary file, target error: 0.000001, iterations: 1, sample rate: 100%, sparse: 100%
Fine tuning increased fitness by 0.000008389630807403847 to 0.9956653638653455 adjusted 706 weights, 3 biases 
Training 37d643ce with 1 binary file, target error: 0.000001, iterations: 1, sample rate: 100%, sparse: 100%
Fine tuning increased fitness by 0.000005884913795717317 to 0.9956712487791413 adjusted 706 weights, 3 biases 
Training bafcb565 with 1 binary file, target error: 0.000001, iterations: 1, sample rate: 100%, sparse: 100%
Fine tuning increased fitness by 0.00000408345157865142 to 0.9956753322307199 adjusted 706 weights, 3 biases 
Training 84c9fe8e with 1 binary file, target error: 0.000001, iterations: 1, sample rate: 100%, sparse: 100%
Discovered beneficial synapse from input-387 to output-4 with weight 1.0000, helping 22.2% more records than it harms (2053/3359)
Discovery 00855817 analyze time 36s 171ms found 1 candidates
Training 1ea3b049 with 1 binary file, target error: 0.000001, iterations: 1, sample rate: 100%, sparse: 100%
Training 31b25015 with 1 binary file, target error: 0.000001, iterations: 1, sample rate: 100%, sparse: 100%
Fine tuning increased fitness by 0.0000037488915923811206 to 0.9956839236014124 adjusted 698 weights, 3 biases 
Generation 60 score 0.9956839236014124  error 0.004304195431878609 avg time 2s 309ms
Discovered harmful synapse from input-841 to output-2, harming 17.2% more records than it helps (1156/3359)
Discovery 00855817 analyze harmful time 5s 262ms found 1 candidates
Training c328b9d9 with 1 binary file, target error: 0.000001, iterations: 1, sample rate: 100%, sparse: 100%
Fine tuning increased fitness by 0.0000017026477711068466 to 0.9956856262491836 adjusted 698 weights, 3 biases 
Discovery 00855817 analyze squashes time 1s 152ms found 3 candidates, Summary: output-0 LOGISTIC -> LogSigmoid improved: 26.6% error: 395.4984 -> 290.1029,output-2 GELU -> BIPOLAR_SIGMOID improved: 3.3% error: 0.0242 -> 0.0234,output-4 Swish -> BIPOLAR_SIGMOID improved: 5.3% error: 0.0256 -> 0.0243
Training 0a27af55 with 1 binary file, target error: 0.000001, iterations: 1, sample rate: 100%, sparse: 100%
Fine tuning increased fitness by 0.0000035765913791729886 to 0.9956892028405627 adjusted 698 weights, 3 biases 
Discovery 0a27af55 with 1 binary files, sample rate: 100%, batch size: 512
Discovery 0a27af55 initialize time 85ms
Discovery 0a27af55 processing .trainData-fx_c_88/USDZAR/data.bin
Discovery 0a27af55 read time 5ms for .trainData-fx_c_88/USDZAR/data.bin with 3359 records
Discovery 0a27af55 scanning time 1s 38ms
Over populated 53, expected 50.
Discovery 0a27af55 recorded time 1s 758ms
Training d4918094 with 1 binary file, target error: 0.000001, iterations: 1, sample rate: 100%, sparse: 100%
Discovery 00855817 beneficial increased fitness by 0.000013297780678267479 to 0.995702500621241
Training 3faa4f0c with 1 binary file, target error: 0.000001, iterations: 1, sample rate: 100%, sparse: 100%
Fine tuning increased fitness by 0.000011683687318853053 to 0.9957141843085598 adjusted 1 weight 
Fine tuning increased fitness by 1.579089859982119e-7 to 0.9957143422175458 adjusted 1 weight 
Training 25308406 with 1 binary file, target error: 0.000001, iterations: 1, sample rate: 100%, sparse: 100%
Fine tuning increased fitness by 3.3751974548579255e-9 to 0.9957143455927433 adjusted 1 weight 
Fine tuning increased fitness by 2.7919211387228415e-10 to 0.9957143458719354 adjusted 1 weight 
Training 7a470dda with 1 binary file, target error: 0.000001, iterations: 1, sample rate: 100%, sparse: 100%
Fine tuning increased fitness by 1.0571465924869017e-10 to 0.9957143459776501 adjusted 1 weight 
Training 25308406 increased fitness by 8.414247187893409e-9 to 0.9957143543918973
Training 95e98c3d with 1 binary file, target error: 0.000001, iterations: 1, sample rate: 100%, sparse: 100%
Fine tuning increased fitness by 3.7716827883116366e-8 to 0.9957143921087251 adjusted 215 weights, 5 biases 
Generation 70 score 0.9957143921087251  error 0.0042737169245840615 avg time 1s 750ms
Fine tuning increased fitness by 5.33212636599778e-7 to 0.9957149253213617 adjusted 871 weights, 6 biases 
Fine tuning increased fitness by 5.554082891379153e-7 to 0.9957162703831047 adjusted 836 weights, 6 biases 
Fine tuning increased fitness by 6.890901990130871e-7 to 0.9957184005422576 adjusted 328 weights, 4 biases 
Fine tuning increased fitness by 1.67230634451343e-7 to 0.995718567772892 adjusted 328 weights, 4 biases 
Fine tuning increased fitness by 1.0190873611648499e-7 to 0.9957186696816281 adjusted 328 weights, 4 biases 
Generation 80 score 0.9957188417951752  error 0.004269267238132962 avg time 2s 225ms
Discovered beneficial synapse from input-368 to output-3 with weight 1.0000, helping 22.5% more records than it harms (2058/3359)
Discovery 0a27af55 analyze time 36s 784ms found 1 candidates
Fine tuning increased fitness by 7.754800541714957e-7 to 0.9957204175611725 adjusted 585 weights, 5 biases 
Discovered harmful synapse from input-1374 to output-1, harming 15.2% more records than it helps (1424/3359)
Discovery 0a27af55 analyze harmful time 5s 296ms found 1 candidates
Discovery 0a27af55 analyze squashes time 1s 175ms found 3 candidates, Summary: output-0 LOGISTIC -> LogSigmoid improved: 26.7% error: 396.3398 -> 290.5329,output-2 GELU -> BIPOLAR_SIGMOID improved: 3.2% error: 0.0239 -> 0.0231,output-4 Swish -> BIPOLAR_SIGMOID improved: 4.6% error: 0.0256 -> 0.0244
Generation 84 score 0.9957215467845921  error 0.004266562248716146 avg time 940ms
Set training/discovery clean up count to 2
Waiting for discovery to complete
Fine tuning increased fitness by 0.0000014120215838797634 to 0.995722958806176 adjusted 585 weights, 5 biases 
Generation 85 score 0.995722958806176  error 0.0042651502271323785 avg time 197ms
Waiting for training/discovery clean up 2
Discovery 0a27af55 beneficial increased fitness by 0.000007700102404695208 to 0.9957306589085807
Generation 86 score 0.9957306589085807  error 0.004257440124751933 avg time 201ms
Waiting for training/discovery clean up 1
Generation 87 score 0.9957306589085807  error 0.004257440124751933 avg time 173ms
{
  error: 0.004257440124751933,
  score: 0.9957306589085807,
  generation: 87,
  time: 186065
}
🧹 Cleaning up any inconsistent git state
✅ Git state cleanup completed
✅ Already on proper branch: Develop
From github.com:stSoftwareAU/GRQ-FX-models
 + 64279dc...41f757e Develop    -> origin/Develop  (forced update)
Created autostash: 8bb3940
Applying autostash resulted in conflicts.
Your changes are safe in the stash.
You can run "git stash pop" or "git stash drop" at any time.
Successfully rebased and updated refs/heads/Develop.
✅ Already on proper branch: Develop
📦 Changes detected — staging files and validating JSON
[0;32m🔍 Validating staged JSON files...[0m
[0;32m🔍 Validating: v1/AUDCNY.json[0m
[0;32m   ✅ PASSED: File is valid[0m
[0;32m🔍 Validating: v1/USDCLP.json[0m
[0;32m   ✅ PASSED: File is valid[0m
[0;32m🔍 Validating: v1/AUDEUR.json[0m
[0;31m🚨 MERGE CONFLICT DETECTED in: v1/AUDEUR.json[0m
[1;33m   This file contains unresolved merge conflict markers:[0m
6:<<<<<<< Updated upstream
9:=======
12:>>>>>>> Stashed changes
36:<<<<<<< Updated upstream
38:=======
[0;31m   ❌ FAILED: Merge conflicts detected[0m
[0;32m🔍 Validating: v1/CADCNY.json[0m
[0;31m🚨 MERGE CONFLICT DETECTED in: v1/CADCNY.json[0m
[1;33m   This file contains unresolved merge conflict markers:[0m
19:<<<<<<< Updated upstream
21:=======
23:>>>>>>> Stashed changes
29:<<<<<<< Updated upstream
31:=======
[0;31m   ❌ FAILED: Merge conflicts detected[0m
[0;32m🔍 Validating: v1/EURCNY.json[0m
[0;31m🚨 MERGE CONFLICT DETECTED in: v1/EURCNY.json[0m
[1;33m   This file contains unresolved merge conflict markers:[0m
7:<<<<<<< Updated upstream
9:=======
11:>>>>>>> Stashed changes
17:<<<<<<< Updated upstream
19:=======
[0;31m   ❌ FAILED: Merge conflicts detected[0m
[0;32m🔍 Validating: v1/USDAED.json[0m
[0;31m🚨 MERGE CONFLICT DETECTED in: v1/USDAED.json[0m
[1;33m   This file contains unresolved merge conflict markers:[0m
13:<<<<<<< Updated upstream
15:=======
17:>>>>>>> Stashed changes
64:<<<<<<< Updated upstream
66:=======
[0;31m   ❌ FAILED: Merge conflicts detected[0m
[0;32m🔍 Validating: v1/USDKRW.json[0m
[0;31m🚨 MERGE CONFLICT DETECTED in: v1/USDKRW.json[0m
[1;33m   This file contains unresolved merge conflict markers:[0m
6:<<<<<<< Updated upstream
10:=======
20:>>>>>>> Stashed changes
48:<<<<<<< Updated upstream
69:=======
[0;31m   ❌ FAILED: Merge conflicts detected[0m
[0;32m🔍 Validating: v1/USDPEN.json[0m
[0;31m🚨 MERGE CONFLICT DETECTED in: v1/USDPEN.json[0m
[1;33m   This file contains unresolved merge conflict markers:[0m
7:<<<<<<< Updated upstream
10:=======
13:>>>>>>> Stashed changes
30:<<<<<<< Updated upstream
33:=======
[0;31m   ❌ FAILED: Merge conflicts detected[0m
[0;32m🔍 Validating: v1/USDSEK.json[0m
[0;32m   ✅ PASSED: File is valid[0m
[0;32m🔍 Validating: v1/USDZAR.json[0m
[0;31m🚨 MERGE CONFLICT DETECTED in: v1/USDZAR.json[0m
[1;33m   This file contains unresolved merge conflict markers:[0m
7:<<<<<<< Updated upstream
9:=======
11:>>>>>>> Stashed changes
23:<<<<<<< Updated upstream
25:=======
[0;31m   ❌ FAILED: Merge conflicts detected[0m

[0;31m❌ Commit blocked due to invalid JSON files[0m
❌ JSON validation failed — aborting commit
🧹 Cleaning up staged changes
Unstaged changes after reset:
M	v1/AUDEUR.json
M	v1/CADCNY.json
M	v1/EURCNY.json
M	v1/USDAED.json
M	v1/USDKRW.json
M	v1/USDPEN.json
M	v1/USDSEK.json
M	v1/USDZAR.json
💥 Commit blocked due to invalid JSON files
🧹 Performing final git cleanup on exit...
✅ Final cleanup completed
Cloning into 'GRQ-logs'...
[Develop 35a4b2f] ip-10-0-33-87 status 1
 1 file changed, 1933 insertions(+), 1933 deletions(-)
To github.com:stSoftwareAU/GRQ-logs.git
   d252005..35a4b2f  Develop -> Develop
📥 Pulling GRQ-health with --ours strategy...
From github.com:stSoftwareAU/GRQ-health
   b306a81..ab3d3ce  Develop    -> origin/Develop
📦 No local changes or untracked files - checking remote state
🔄 Resetting to remote state (commit: ab3d3ce3)
HEAD is now at ab3d3ce Update health status for ip-10-0-19-226 at Wed Aug  6 06:29:26 AM UTC 2025
✅ Successfully reset to remote state - all models updated by another machine
✅ GRQ-health pull succeeded in 7 seconds
Updating health information...
Updated health information for ip-10-0-33-87
