================ Clean up START ================
Version 1.3.3
Disk usage:
Filesystem        Size  Used Avail Use% Mounted on
devtmpfs          4.0M     0  4.0M   0% /dev
tmpfs             7.7G     0  7.7G   0% /dev/shm
tmpfs             3.1G  448K  3.1G   1% /run
/dev/nvme0n1p1     40G  2.4G   38G   6% /
tmpfs             7.7G  4.0K  7.7G   1% /tmp
/dev/nvme0n1p128   10M  1.4M  8.7M  14% /boot/efi
/dev/nvme1n1      434G  102M  412G   1% /data
tmpfs             1.6G     0  1.6G   0% /run/user/1001
Uptime:  21:55:03 up 0 min,  0 users,  load average: 0.81, 0.28, 0.10
USER         PID    PPID COMMAND
GRQ        22564   22518 (sd-pam)
GRQ        22668   22315 /bin/bash /data/GRQ/run.sh --option=fx
GRQ        26593   22668 /bin/bash ./check_spot_termination.sh
GRQ        26594   22668 /bin/bash ./run.sh --run-once
GRQ        26600   26593 sleep 5
GRQ        26614   26594 /bin/bash worker/node.sh
GRQ        26624   26614 ps -U GRQ -o user,pid,ppid,command
Host: ip-10-0-41-142
IP: 10.0.41.142
Number of CPUs: 8
Available Memory: 15Gi
================ Clean up ENDED ================
Use local deno
PATH: /data/GRQ/.deno/bin:/usr/local/sbin:/usr/local/bin:/usr/sbin:/usr/bin:/sbin:/bin:/var/lib/snapd/snap/bin
deno 2.4.3 (stable, release, aarch64-unknown-linux-gnu)
v8 13.7.152.14-rusty
typescript 5.8.3
aws-cli/2.23.11 Python/3.9.21 Linux/6.1.130-139.222.amzn2023.aarch64 source/aarch64.amzn.2023
Upgrading Deno to version v2.4.3...
Current Deno version: v2.4.3
Version 2.4.3 is already installed
Option: fx
Starting FX... Tue Aug  5 09:55:04 PM UTC 2025
📦 Cloning GRQ-FX-models
Cloning into 'GRQ-FX-models'...
Already up to date.
Starting ... Fetching S3 checksum file from: s3://grq-trainingdata/trainData-fx_c_88/checksum.sha256
Checksum differs or not found locally. Downloading data file.
Decompressing S3 data file: ../../.cache/v2/trainData-fx_c_88/data.tgz
S3 data successfully fetched and decompressed
🧹 Removing: trainData-fx_c_*
📦 Cloning GRQ-portfolio
Cloning into 'GRQ-portfolio'...
Download https://jsr.io/@std/cli/meta.json
Download https://jsr.io/@std/fmt/meta.json
Download https://jsr.io/@std/fs/meta.json
Download https://jsr.io/@stsoftware/neat-ai/meta.json
Download https://jsr.io/@stsoftware/tags/meta.json
Download https://jsr.io/@std/assert/meta.json
Download https://jsr.io/@std/datetime/meta.json
Download https://jsr.io/@std/csv/meta.json
Download https://jsr.io/@std/cli/1.0.21_meta.json
Download https://jsr.io/@std/fmt/1.0.8_meta.json
Download https://jsr.io/@std/fs/1.0.19_meta.json
Download https://jsr.io/@stsoftware/neat-ai/0.181.0_meta.json
Download https://jsr.io/@stsoftware/tags/1.0.13_meta.json
Download https://jsr.io/@std/assert/1.0.13_meta.json
Download https://jsr.io/@std/datetime/0.225.5_meta.json
Download https://jsr.io/@std/csv/1.0.6_meta.json
Download https://jsr.io/@std/cli/1.0.21/_data.json
Download https://jsr.io/@std/path/meta.json
Download https://jsr.io/@std/internal/meta.json
Download https://jsr.io/@std/streams/meta.json
Download https://jsr.io/@std/bytes/meta.json
Download https://jsr.io/@std/crypto/meta.json
Download https://jsr.io/@std/path/1.1.1_meta.json
Download https://jsr.io/@std/internal/1.0.10_meta.json
Download https://jsr.io/@std/streams/1.0.10_meta.json
Download https://jsr.io/@std/bytes/1.0.6_meta.json
Download https://jsr.io/@std/crypto/1.0.5_meta.json
Download https://jsr.io/@std/cli/1.0.21/mod.ts
Download https://jsr.io/@std/fmt/1.0.8/colors.ts
Download https://jsr.io/@std/fs/1.0.19/mod.ts
Download https://jsr.io/@stsoftware/neat-ai/0.181.0/mod.ts
Download https://jsr.io/@stsoftware/tags/1.0.13/mod.ts
Download https://jsr.io/@std/assert/1.0.13/assert.ts
Download https://jsr.io/@std/fmt/1.0.8/duration.ts
Download https://jsr.io/@std/datetime/0.225.5/mod.ts
Download https://jsr.io/@std/assert/1.0.13/mod.ts
Download https://jsr.io/@std/csv/1.0.6/mod.ts
Download https://jsr.io/@std/datetime/0.225.5/constants.ts
Download https://jsr.io/@std/cli/1.0.21/parse_args.ts
Download https://jsr.io/@std/cli/1.0.21/prompt_secret.ts
Download https://jsr.io/@std/cli/1.0.21/unicode_width.ts
Download https://jsr.io/@std/fs/1.0.19/empty_dir.ts
Download https://jsr.io/@std/fs/1.0.19/ensure_dir.ts
Download https://jsr.io/@std/fs/1.0.19/ensure_file.ts
Download https://jsr.io/@std/fs/1.0.19/ensure_link.ts
Download https://jsr.io/@std/fs/1.0.19/ensure_symlink.ts
Download https://jsr.io/@std/fs/1.0.19/exists.ts
Download https://jsr.io/@std/fs/1.0.19/expand_glob.ts
Download https://jsr.io/@std/fs/1.0.19/move.ts
Download https://jsr.io/@std/fs/1.0.19/copy.ts
Download https://jsr.io/@std/fs/1.0.19/walk.ts
Download https://jsr.io/@std/fs/1.0.19/eol.ts
Download https://jsr.io/@stsoftware/neat-ai/0.181.0/src/Creature.ts
Download https://jsr.io/@stsoftware/neat-ai/0.181.0/src/architecture/CreatureUtils.ts
Download https://jsr.io/@stsoftware/neat-ai/0.181.0/src/methods/Selection.ts
Download https://jsr.io/@stsoftware/neat-ai/0.181.0/src/NEAT/Mutation.ts
Download https://jsr.io/@stsoftware/neat-ai/0.181.0/src/reconstruct/CRISPR.ts
Download https://jsr.io/@stsoftware/neat-ai/0.181.0/src/reconstruct/Upgrade.ts
Download https://jsr.io/@stsoftware/neat-ai/0.181.0/src/reconstruct/ConnectMissing.ts
Download https://jsr.io/@stsoftware/neat-ai/0.181.0/src/architecture/NeuronInterfaces.ts
Download https://jsr.io/@stsoftware/neat-ai/0.181.0/src/architecture/SynapseInterfaces.ts
Download https://jsr.io/@stsoftware/neat-ai/0.181.0/src/upgrade/UpgradeTwo.ts
Download https://jsr.io/@stsoftware/tags/1.0.13/src/TagAndRelease.ts
Download https://jsr.io/@stsoftware/tags/1.0.13/src/TagsInterface.ts
Download https://jsr.io/@std/assert/1.0.13/assertion_error.ts
Download https://jsr.io/@std/datetime/0.225.5/day_of_year.ts
Download https://jsr.io/@std/datetime/0.225.5/difference.ts
Download https://jsr.io/@std/datetime/0.225.5/format.ts
Download https://jsr.io/@std/datetime/0.225.5/is_leap.ts
Download https://jsr.io/@std/datetime/0.225.5/parse.ts
Download https://jsr.io/@std/datetime/0.225.5/week_of_year.ts
Download https://jsr.io/@std/assert/1.0.13/almost_equals.ts
Download https://jsr.io/@std/assert/1.0.13/array_includes.ts
Download https://jsr.io/@std/assert/1.0.13/equals.ts
Download https://jsr.io/@std/assert/1.0.13/exists.ts
Download https://jsr.io/@std/assert/1.0.13/false.ts
Download https://jsr.io/@std/assert/1.0.13/greater_or_equal.ts
Download https://jsr.io/@std/assert/1.0.13/greater.ts
Download https://jsr.io/@std/assert/1.0.13/instance_of.ts
Download https://jsr.io/@std/assert/1.0.13/is_error.ts
Download https://jsr.io/@std/assert/1.0.13/less_or_equal.ts
Download https://jsr.io/@std/assert/1.0.13/less.ts
Download https://jsr.io/@std/assert/1.0.13/match.ts
Download https://jsr.io/@std/assert/1.0.13/not_equals.ts
Download https://jsr.io/@std/assert/1.0.13/not_instance_of.ts
Download https://jsr.io/@std/assert/1.0.13/not_match.ts
Download https://jsr.io/@std/assert/1.0.13/not_strict_equals.ts
Download https://jsr.io/@std/assert/1.0.13/object_match.ts
Download https://jsr.io/@std/assert/1.0.13/rejects.ts
Download https://jsr.io/@std/assert/1.0.13/strict_equals.ts
Download https://jsr.io/@std/assert/1.0.13/string_includes.ts
Download https://jsr.io/@std/assert/1.0.13/throws.ts
Download https://jsr.io/@std/assert/1.0.13/equal.ts
Download https://jsr.io/@std/assert/1.0.13/fail.ts
Download https://jsr.io/@std/assert/1.0.13/unimplemented.ts
Download https://jsr.io/@std/assert/1.0.13/unreachable.ts
Download https://jsr.io/@std/csv/1.0.6/parse.ts
Download https://jsr.io/@std/csv/1.0.6/parse_stream.ts
Download https://jsr.io/@std/csv/1.0.6/stringify.ts
Download https://jsr.io/@std/csv/1.0.6/stringify_stream.ts
Download https://jsr.io/@std/cli/1.0.21/_run_length.ts
Download https://jsr.io/@std/fs/1.0.19/_to_path_string.ts
Download https://jsr.io/@std/fs/1.0.19/_get_file_info_type.ts
Download https://jsr.io/@std/fs/1.0.19/_create_walk_entry.ts
Download https://jsr.io/@std/fs/1.0.19/_is_subdir.ts
Download https://jsr.io/@std/fs/1.0.19/_is_same_path.ts
Download https://jsr.io/@stsoftware/neat-ai/0.181.0/src/architecture/CreatureState.ts
Download https://jsr.io/@stsoftware/neat-ai/0.181.0/src/architecture/CreatureValidate.ts
Download https://jsr.io/@stsoftware/neat-ai/0.181.0/src/architecture/DataSet.ts
Download https://jsr.io/@stsoftware/neat-ai/0.181.0/src/architecture/Neuron.ts
Download https://jsr.io/@stsoftware/neat-ai/0.181.0/src/architecture/Score.ts
Download https://jsr.io/@stsoftware/neat-ai/0.181.0/src/architecture/Synapse.ts
Download https://jsr.io/@stsoftware/neat-ai/0.181.0/src/architecture/Training.ts
Download https://jsr.io/@stsoftware/neat-ai/0.181.0/src/compact/CompactCreature.ts
Download https://jsr.io/@stsoftware/neat-ai/0.181.0/src/compact/CompactUtils.ts
Download https://jsr.io/@stsoftware/neat-ai/0.181.0/src/config/NeatConfig.ts
Download https://jsr.io/@stsoftware/neat-ai/0.181.0/src/Costs.ts
Download https://jsr.io/@stsoftware/neat-ai/0.181.0/src/methods/activations/Activations.ts
Download https://jsr.io/@stsoftware/neat-ai/0.181.0/src/multithreading/workers/WorkerHandler.ts
Download https://jsr.io/@stsoftware/neat-ai/0.181.0/src/NEAT/Neat.ts
Download https://jsr.io/@stsoftware/neat-ai/0.181.0/src/optimize/MakeCreatureActivationFunction.ts
Download https://jsr.io/@stsoftware/neat-ai/0.181.0/src/propagate/BackPropagation.ts
Download https://jsr.io/@stsoftware/neat-ai/0.181.0/src/propagate/sparse/SparseConfig.ts
Download https://jsr.io/@stsoftware/neat-ai/0.181.0/src/upgrade/UpgradeOne.ts
Download https://jsr.io/@stsoftware/neat-ai/0.181.0/src/utils/CreatureExportBuilder.ts
Download https://jsr.io/@stsoftware/neat-ai/0.181.0/src/architecture/SyncV5.ts
Download https://jsr.io/@stsoftware/neat-ai/0.181.0/src/mutate/AddConnection.ts
Download https://jsr.io/@stsoftware/neat-ai/0.181.0/src/methods/activations/types/IDENTITY.ts
Download https://jsr.io/@stsoftware/neat-ai/0.181.0/src/methods/activations/types/SQRT.ts
Download https://jsr.io/@stsoftware/neat-ai/0.181.0/src/methods/activations/types/SQUARE.ts
Download https://jsr.io/@std/datetime/0.225.5/_date_time_formatter.ts
Download https://jsr.io/@std/csv/1.0.6/_io.ts
Download https://jsr.io/@std/csv/1.0.6/_shared.ts
Download https://jsr.io/@stsoftware/neat-ai/0.181.0/src/propagate/SynapseState.ts
Download https://jsr.io/@stsoftware/neat-ai/0.181.0/src/errors/ValidationError.ts
Download https://jsr.io/@stsoftware/neat-ai/0.181.0/src/optimize/FunctionCache.ts
Download https://jsr.io/@stsoftware/neat-ai/0.181.0/src/propagate/Bias.ts
Download https://jsr.io/@stsoftware/neat-ai/0.181.0/src/propagate/Weight.ts
Download https://jsr.io/@stsoftware/neat-ai/0.181.0/src/architecture/NoChangePropagate.ts
Download https://jsr.io/@stsoftware/neat-ai/0.181.0/src/upgrade/Upgrade.ts
Download https://jsr.io/@stsoftware/neat-ai/0.181.0/src/compact/CompactUnused.ts
Download https://jsr.io/@stsoftware/neat-ai/0.181.0/src/methods/activations/types/LOGISTIC.ts
Download https://jsr.io/@stsoftware/neat-ai/0.181.0/src/costs/CrossEntropy.ts
Download https://jsr.io/@stsoftware/neat-ai/0.181.0/src/costs/HINGE.ts
Download https://jsr.io/@stsoftware/neat-ai/0.181.0/src/costs/MAE.ts
Download https://jsr.io/@stsoftware/neat-ai/0.181.0/src/costs/MAPE.ts
Download https://jsr.io/@stsoftware/neat-ai/0.181.0/src/costs/MSE.ts
Download https://jsr.io/@stsoftware/neat-ai/0.181.0/src/costs/MSLE.ts
Download https://jsr.io/@stsoftware/neat-ai/0.181.0/src/deprecated/MEAN.ts
Download https://jsr.io/@stsoftware/neat-ai/0.181.0/src/deprecated/HYPOT.ts
Download https://jsr.io/@stsoftware/neat-ai/0.181.0/src/deprecated/HYPOTv2.ts
Download https://jsr.io/@stsoftware/neat-ai/0.181.0/src/methods/activations/aggregate/IF.ts
Download https://jsr.io/@stsoftware/neat-ai/0.181.0/src/methods/activations/aggregate/MAXIMUM.ts
Download https://jsr.io/@stsoftware/neat-ai/0.181.0/src/methods/activations/aggregate/MINIMUM.ts
Download https://jsr.io/@stsoftware/neat-ai/0.181.0/src/methods/activations/types/ABSOLUTE.ts
Download https://jsr.io/@stsoftware/neat-ai/0.181.0/src/methods/activations/types/ArcTan.ts
Download https://jsr.io/@stsoftware/neat-ai/0.181.0/src/methods/activations/types/BENT_IDENTITY.ts
Download https://jsr.io/@stsoftware/neat-ai/0.181.0/src/methods/activations/types/BIPOLAR.ts
Download https://jsr.io/@stsoftware/neat-ai/0.181.0/src/methods/activations/types/BIPOLAR_SIGMOID.ts
Download https://jsr.io/@stsoftware/neat-ai/0.181.0/src/methods/activations/types/COMPLEMENT.ts
Download https://jsr.io/@stsoftware/neat-ai/0.181.0/src/methods/activations/types/Cosine.ts
Download https://jsr.io/@stsoftware/neat-ai/0.181.0/src/methods/activations/types/Cube.ts
Download https://jsr.io/@stsoftware/neat-ai/0.181.0/src/methods/activations/types/ELU.ts
Download https://jsr.io/@stsoftware/neat-ai/0.181.0/src/methods/activations/types/Exponential.ts
Download https://jsr.io/@stsoftware/neat-ai/0.181.0/src/methods/activations/types/GAUSSIAN.ts
Download https://jsr.io/@stsoftware/neat-ai/0.181.0/src/methods/activations/types/GELU.ts
Download https://jsr.io/@stsoftware/neat-ai/0.181.0/src/methods/activations/types/HARD_TANH.ts
Download https://jsr.io/@stsoftware/neat-ai/0.181.0/src/methods/activations/types/ISRU.ts
Download https://jsr.io/@stsoftware/neat-ai/0.181.0/src/methods/activations/types/LeakyReLU.ts
Download https://jsr.io/@stsoftware/neat-ai/0.181.0/src/methods/activations/types/LogSigmoid.ts
Download https://jsr.io/@stsoftware/neat-ai/0.181.0/src/methods/activations/types/Mish.ts
Download https://jsr.io/@stsoftware/neat-ai/0.181.0/src/methods/activations/types/ReLU.ts
Download https://jsr.io/@stsoftware/neat-ai/0.181.0/src/methods/activations/types/ReLU6.ts
Download https://jsr.io/@stsoftware/neat-ai/0.181.0/src/methods/activations/types/SELU.ts
Download https://jsr.io/@stsoftware/neat-ai/0.181.0/src/methods/activations/types/SINE.ts
Download https://jsr.io/@stsoftware/neat-ai/0.181.0/src/methods/activations/types/SOFTSIGN.ts
Download https://jsr.io/@stsoftware/neat-ai/0.181.0/src/methods/activations/types/STEP.ts
Download https://jsr.io/@stsoftware/neat-ai/0.181.0/src/methods/activations/types/Softplus.ts
Download https://jsr.io/@stsoftware/neat-ai/0.181.0/src/methods/activations/types/StdInverse.ts
Download https://jsr.io/@stsoftware/neat-ai/0.181.0/src/methods/activations/types/Swish.ts
Download https://jsr.io/@stsoftware/neat-ai/0.181.0/src/methods/activations/types/TAN.ts
Download https://jsr.io/@stsoftware/neat-ai/0.181.0/src/methods/activations/types/TANH.ts
Download https://jsr.io/@stsoftware/neat-ai/0.181.0/src/multithreading/workers/MockWorker.ts
Download https://jsr.io/@stsoftware/neat-ai/0.181.0/src/architecture/DeDuplicator.ts
Download https://jsr.io/@stsoftware/neat-ai/0.181.0/src/architecture/ElitismUtils.ts
Download https://jsr.io/@stsoftware/neat-ai/0.181.0/src/architecture/Fitness.ts
Download https://jsr.io/@stsoftware/neat-ai/0.181.0/src/blackbox/FineTune.ts
Download https://jsr.io/@stsoftware/neat-ai/0.181.0/src/blackbox/FineTunePopulation.ts
Download https://jsr.io/@stsoftware/neat-ai/0.181.0/src/breed/Breed.ts
Download https://jsr.io/@stsoftware/neat-ai/0.181.0/src/NEAT/Genus.ts
Download https://jsr.io/@stsoftware/neat-ai/0.181.0/src/NEAT/Mutator.ts
Download https://jsr.io/@stsoftware/neat-ai/0.181.0/src/optimize/Simplify.ts
Download https://jsr.io/@stsoftware/neat-ai/0.181.0/src/architecture/ErrorGuidedStructuralEvolution/DiscoverStructure.ts
Download https://jsr.io/@stsoftware/neat-ai/0.181.0/src/optimize/MakeNeuronActivation.ts
Download https://jsr.io/@stsoftware/neat-ai/0.181.0/src/propagate/sparse/CalculatePathsToOutput.ts
Download https://jsr.io/@stsoftware/neat-ai/0.181.0/src/propagate/sparse/ChooseNeurons.ts
Download https://jsr.io/@stsoftware/neat-ai/0.181.0/src/propagate/ActivationRange.ts
Download https://jsr.io/@stsoftware/neat-ai/0.181.0/src/propagate/ErrorHelper.ts
Download https://jsr.io/@stsoftware/neat-ai/0.181.0/src/methods/activations/AbstractActivationInterface.ts
Download https://jsr.io/@stsoftware/neat-ai/0.181.0/src/multithreading/workers/WorkerProcessor.ts
Download https://jsr.io/@stsoftware/neat-ai/0.181.0/src/NEAT/Species.ts
Download https://jsr.io/@stsoftware/neat-ai/0.181.0/src/NEAT/LogApproach.ts
Download https://jsr.io/@stsoftware/neat-ai/0.181.0/src/blackbox/RestoreSource.ts
Download https://jsr.io/@stsoftware/neat-ai/0.181.0/src/blackbox/Retry.ts
Download https://jsr.io/@stsoftware/neat-ai/0.181.0/src/architecture/Offspring.ts
Download https://jsr.io/@stsoftware/neat-ai/0.181.0/src/blackbox/Discover.ts
Download https://jsr.io/@stsoftware/neat-ai/0.181.0/src/breed/Father.ts
Download https://jsr.io/@stsoftware/neat-ai/0.181.0/src/blackbox/MemeticUpdate.ts
Download https://jsr.io/@stsoftware/neat-ai/0.181.0/src/mutate/AddNeuron.ts
Download https://jsr.io/@stsoftware/neat-ai/0.181.0/src/mutate/SubNeuron.ts
Download https://jsr.io/@stsoftware/neat-ai/0.181.0/src/mutate/SubConnection.ts
Download https://jsr.io/@stsoftware/neat-ai/0.181.0/src/mutate/ModWeight.ts
Download https://jsr.io/@stsoftware/neat-ai/0.181.0/src/mutate/ModBias.ts
Download https://jsr.io/@stsoftware/neat-ai/0.181.0/src/mutate/ModSquash.ts
Download https://jsr.io/@stsoftware/neat-ai/0.181.0/src/mutate/AddSelfCon.ts
Download https://jsr.io/@stsoftware/neat-ai/0.181.0/src/mutate/SubSelfCon.ts
Download https://jsr.io/@stsoftware/neat-ai/0.181.0/src/mutate/AddBackCon.ts
Download https://jsr.io/@stsoftware/neat-ai/0.181.0/src/mutate/SubBackCon.ts
Download https://jsr.io/@stsoftware/neat-ai/0.181.0/src/mutate/SwapNeurons.ts
Download https://jsr.io/@stsoftware/neat-ai/0.181.0/src/architecture/ErrorGuidedStructuralEvolution/DiscoverDirectory.ts
Download https://jsr.io/@stsoftware/neat-ai/0.181.0/src/breed/EditParentByIndex.ts
Download https://jsr.io/@stsoftware/neat-ai/0.181.0/src/breed/GeneticCompatibility.ts
Download https://jsr.io/@std/path/1.1.1/join.ts
Download https://jsr.io/@std/path/1.1.1/dirname.ts
Download https://jsr.io/@std/path/1.1.1/resolve.ts
Download https://jsr.io/@std/internal/1.0.10/os.ts
Download https://jsr.io/@std/path/1.1.1/glob_to_regexp.ts
Download https://jsr.io/@std/path/1.1.1/join_globs.ts
Download https://jsr.io/@std/path/1.1.1/is_glob.ts
Download https://jsr.io/@std/path/1.1.1/is_absolute.ts
Download https://jsr.io/@std/path/1.1.1/constants.ts
Download https://jsr.io/@std/path/1.1.1/basename.ts
Download https://jsr.io/@std/internal/1.0.10/format.ts
Download https://jsr.io/@std/internal/1.0.10/build_message.ts
Download https://jsr.io/@std/internal/1.0.10/diff.ts
Download https://jsr.io/@std/internal/1.0.10/diff_str.ts
Download https://jsr.io/@std/internal/1.0.10/styles.ts
Download https://jsr.io/@std/streams/1.0.10/text_delimiter_stream.ts
Download https://jsr.io/@std/path/1.1.1/from_file_url.ts
Download https://jsr.io/@std/path/1.1.1/normalize.ts
Download https://jsr.io/@std/bytes/1.0.6/mod.ts
Download https://jsr.io/@std/crypto/1.0.5/mod.ts
Download https://jsr.io/@std/path/1.1.1/posix/join.ts
Download https://jsr.io/@std/path/1.1.1/windows/join.ts
Download https://jsr.io/@std/path/1.1.1/posix/dirname.ts
Download https://jsr.io/@std/path/1.1.1/windows/dirname.ts
Download https://jsr.io/@std/path/1.1.1/posix/resolve.ts
Download https://jsr.io/@std/path/1.1.1/windows/resolve.ts
Download https://jsr.io/@std/internal/1.0.10/_os.ts
Download https://jsr.io/@std/path/1.1.1/posix/glob_to_regexp.ts
Download https://jsr.io/@std/path/1.1.1/windows/glob_to_regexp.ts
Download https://jsr.io/@std/path/1.1.1/posix/join_globs.ts
Download https://jsr.io/@std/path/1.1.1/windows/join_globs.ts
Download https://jsr.io/@std/path/1.1.1/posix/is_absolute.ts
Download https://jsr.io/@std/path/1.1.1/windows/is_absolute.ts
Download https://jsr.io/@std/path/1.1.1/posix/basename.ts
Download https://jsr.io/@std/path/1.1.1/windows/basename.ts
Download https://jsr.io/@std/streams/1.0.10/_common.ts
Download https://jsr.io/@std/path/1.1.1/posix/from_file_url.ts
Download https://jsr.io/@std/path/1.1.1/windows/from_file_url.ts
Download https://jsr.io/@std/path/1.1.1/posix/normalize.ts
Download https://jsr.io/@std/path/1.1.1/windows/normalize.ts
Download https://jsr.io/@std/bytes/1.0.6/concat.ts
Download https://jsr.io/@std/bytes/1.0.6/copy.ts
Download https://jsr.io/@std/bytes/1.0.6/ends_with.ts
Download https://jsr.io/@std/bytes/1.0.6/equals.ts
Download https://jsr.io/@std/bytes/1.0.6/includes_needle.ts
Download https://jsr.io/@std/bytes/1.0.6/index_of_needle.ts
Download https://jsr.io/@std/bytes/1.0.6/last_index_of_needle.ts
Download https://jsr.io/@std/bytes/1.0.6/repeat.ts
Download https://jsr.io/@std/bytes/1.0.6/starts_with.ts
Download https://jsr.io/@std/crypto/1.0.5/crypto.ts
Download https://jsr.io/@std/crypto/1.0.5/timing_safe_equal.ts
Download https://jsr.io/@std/path/1.1.1/_common/assert_path.ts
Download https://jsr.io/@std/path/1.1.1/windows/_util.ts
Download https://jsr.io/@std/path/1.1.1/_common/dirname.ts
Download https://jsr.io/@std/path/1.1.1/_common/strip_trailing_separators.ts
Download https://jsr.io/@std/path/1.1.1/posix/_util.ts
Download https://jsr.io/@std/path/1.1.1/_common/constants.ts
Download https://jsr.io/@std/path/1.1.1/_common/normalize_string.ts
Download https://jsr.io/@std/path/1.1.1/_common/glob_to_reg_exp.ts
Download https://jsr.io/@std/path/1.1.1/posix/constants.ts
Download https://jsr.io/@std/path/1.1.1/posix/normalize_glob.ts
Download https://jsr.io/@std/path/1.1.1/windows/constants.ts
Download https://jsr.io/@std/path/1.1.1/windows/normalize_glob.ts
Download https://jsr.io/@std/path/1.1.1/_common/basename.ts
Download https://jsr.io/@std/path/1.1.1/_common/from_file_url.ts
Download https://jsr.io/@std/path/1.1.1/_common/normalize.ts
Download https://jsr.io/@std/crypto/1.0.5/_wasm/mod.ts
Download https://jsr.io/@std/crypto/1.0.5/_wasm/lib/deno_std_wasm_crypto.mjs
Download https://jsr.io/@std/crypto/1.0.5/_wasm/lib/deno_std_wasm_crypto.internal.mjs
FX pairs to process: 10

=== Processing USDAUD (1/10) ===
1 mutation, mutation rate 50.0%, elitism 8, mutation ALL, selection TOURNAMENT
Creature count: 50
Download https://jsr.io/@stsoftware/neat-ai/0.181.0/src/multithreading/workers/deno/worker.ts
Culling duplicate creature at 36 of 51
DeDuplication of 1 creatures to 50 in  (previous experiment )
Training 91fdf0d5 with 1 binary file, target error: 0.000001, iterations: 1, sample rate: 100%, sparse: 100%
Discovery 91fdf0d5 with 1 binary files, sample rate: 100%, batch size: 512
Discovery 91fdf0d5 initialize time 90ms
Discovery 91fdf0d5 processing .trainData-fx_c_88/USDAUD/data.bin
Discovery 91fdf0d5 read time 7ms for .trainData-fx_c_88/USDAUD/data.bin with 3359 records
Discovery 91fdf0d5 scanning time 1s 333ms
Fine tuning increased fitness by 9.320742111462721e-8 to 0.9985030806624531 adjusted 457 weights, 7 biases 
Discovery 91fdf0d5 recorded time 2s 157ms
Training 4638530c with 1 binary file, target error: 0.000001, iterations: 1, sample rate: 100%, sparse: 100%
Fine tuning increased fitness by 6.55294682960772e-8 to 0.9985031461919214 adjusted 457 weights, 7 biases 
Training ee400a73 with 1 binary file, target error: 0.000001, iterations: 1, sample rate: 100%, sparse: 100%
Discovered beneficial synapse from input-1298 to output-0 with weight 1.0000, helping 17.1% more records than it harms (1966/3359)
Discovery 91fdf0d5 analyze time 5s 582ms found 1 candidates
Discovered harmful synapse from input-1128 to output-0, harming 12.9% more records than it helps (1461/3359)
Discovery 91fdf0d5 analyze harmful time 471ms found 1 candidates
Discovery 91fdf0d5 analyze squashes time 432ms found 2 candidates, Summary: output-0 LOGISTIC -> LogSigmoid improved: 28.4% error: 405.6691 -> 290.5951,output-4 Swish -> BIPOLAR_SIGMOID improved: 2.9% error: 0.0252 -> 0.0244
Training 9be5e4d2 with 1 binary file, target error: 0.000001, iterations: 1, sample rate: 100%, sparse: 100%
Discovery 9be5e4d2 with 1 binary files, sample rate: 100%, batch size: 512
Discovery 9be5e4d2 initialize time 87ms
Discovery 9be5e4d2 processing .trainData-fx_c_88/USDAUD/data.bin
Over populated 56, expected 50.
Discovery 9be5e4d2 read time 7ms for .trainData-fx_c_88/USDAUD/data.bin with 3359 records
Discovery 9be5e4d2 scanning time 1s 152ms
Discovery 9be5e4d2 recorded time 2s 184ms
Training 46015771 with 1 binary file, target error: 0.000001, iterations: 1, sample rate: 100%, sparse: 100%
Fine tuning increased fitness by 1.458802639797696e-7 to 0.99850339404291 adjusted 328 weights, 5 biases 
Fine tuning increased fitness by 1.2009469019247376e-7 to 0.9985035141376002 adjusted 328 weights, 5 biases 
Generation 10 score 0.9985035141376002  error 0.0014841948965060596 avg time 1s 811ms
Training 586b56c2 with 1 binary file, target error: 0.000001, iterations: 1, sample rate: 100%, sparse: 100%
Discovered beneficial synapse from input-1298 to output-0 with weight 1.0000, helping 17.0% more records than it harms (1963/3359)
Discovery 9be5e4d2 analyze time 5s 767ms found 1 candidates
Discovery 9be5e4d2 analyze harmful time 218ms found 0 candidates
Discovery 9be5e4d2 analyze squashes time 214ms found 1 candidate, Summary: output-0 LOGISTIC -> LogSigmoid improved: 28.2% error: 403.6536 -> 289.7423
Fine tuning increased fitness by 8.163028354379875e-7 to 0.9985050179848708 adjusted 324 weights, 5 biases 
Discovery 2358a4b8 with 1 binary files, sample rate: 100%, batch size: 512
Discovery 2358a4b8 initialize time 87ms
Discovery 2358a4b8 processing .trainData-fx_c_88/USDAUD/data.bin
Discovery 2358a4b8 read time 9ms for .trainData-fx_c_88/USDAUD/data.bin with 3359 records
Discovery 2358a4b8 scanning time 1s 66ms
Training 2f54e445 with 1 binary file, target error: 0.000001, iterations: 1, sample rate: 100%, sparse: 100%
Fine tuning increased fitness by 5.43471385672234e-7 to 0.9985055614562565 adjusted 323 weights, 5 biases 
Discovery 2358a4b8 recorded time 2s 4ms
Fine tuning increased fitness by 4.807848608123777e-8 to 0.9985056095347425 adjusted 323 weights, 5 biases 
Training e4e7221e with 1 binary file, target error: 0.000001, iterations: 1, sample rate: 100%, sparse: 100%
Fine tuning increased fitness by 2.629339517223883e-7 to 0.9985058724686943 adjusted 323 weights, 5 biases 
Discovered beneficial synapse from input-1298 to output-0 with weight 1.0000, helping 16.7% more records than it harms (1958/3359)
Discovery 2358a4b8 analyze time 5s 605ms found 1 candidates
Discovery 2358a4b8 analyze harmful time 215ms found 0 candidates
Discovery 2358a4b8 analyze squashes time 216ms found 1 candidate, Summary: output-0 LOGISTIC -> LogSigmoid improved: 28.2% error: 402.9893 -> 289.1660
Training edd7a5cf with 1 binary file, target error: 0.000001, iterations: 1, sample rate: 100%, sparse: 100%
Discovery edd7a5cf with 1 binary files, sample rate: 100%, batch size: 512
Discovery edd7a5cf initialize time 85ms
Discovery edd7a5cf processing .trainData-fx_c_88/USDAUD/data.bin
Discovery edd7a5cf read time 9ms for .trainData-fx_c_88/USDAUD/data.bin with 3359 records
Discovery edd7a5cf scanning time 1s 43ms
Over populated 52, expected 50.
Fine tuning increased fitness by 1.1312112779826577e-7 to 0.9985063451528664 adjusted 324 weights, 5 biases 
Discovery edd7a5cf recorded time 2s 42ms
Training cfa76fe2 with 1 binary file, target error: 0.000001, iterations: 1, sample rate: 100%, sparse: 100%
Over populated 52, expected 50.
Fine tuning increased fitness by 5.731474761461186e-8 to 0.9985066334682958 adjusted 149 weights, 2 biases 
Generation 20 score 0.9985066334682958  error 0.0014810755658029933 avg time 1s 760ms
Training 330c25f0 with 1 binary file, target error: 0.000001, iterations: 1, sample rate: 100%, sparse: 100%
Fine tuning increased fitness by 1.0022847418689196e-7 to 0.99850673369677 adjusted 149 weights, 2 biases 
Discovered beneficial synapse from input-1298 to output-0 with weight 1.0000, helping 17.1% more records than it harms (1966/3359)
Discovery edd7a5cf analyze time 6s 59ms found 1 candidates
Discovered harmful synapse from input-1432 to output-0, harming 10.2% more records than it helps (1506/3359)
Discovery edd7a5cf analyze harmful time 271ms found 1 candidates
Discovery edd7a5cf analyze squashes time 275ms found 1 candidate, Summary: output-0 LOGISTIC -> LogSigmoid improved: 28.4% error: 405.8074 -> 290.3636
Fine tuning increased fitness by 4.906077322175406e-8 to 0.9985067827575432 adjusted 149 weights, 2 biases 
Training 609244b0 with 1 binary file, target error: 0.000001, iterations: 1, sample rate: 100%, sparse: 100%
Fine tuning increased fitness by 3.7444183642598716e-8 to 0.9985068202017269 adjusted 149 weights, 2 biases 
Discovery 609244b0 with 1 binary files, sample rate: 100%, batch size: 512
Discovery 609244b0 initialize time 86ms
Discovery 609244b0 processing .trainData-fx_c_88/USDAUD/data.bin
Discovery 609244b0 read time 5ms for .trainData-fx_c_88/USDAUD/data.bin with 3359 records
Discovery 609244b0 scanning time 1s 33ms
Over populated 55, expected 50.
Fine tuning increased fitness by 2.88201831288859e-8 to 0.99850684902191 adjusted 149 weights, 2 biases 
Discovery 609244b0 recorded time 2s 12ms
Training ee91165a with 1 binary file, target error: 0.000001, iterations: 1, sample rate: 100%, sparse: 100%
Fine tuning increased fitness by 5.469785657741255e-8 to 0.9985069037197666 adjusted 149 weights, 2 biases 
Fine tuning increased fitness by 6.685657505389742e-8 to 0.9985069705763416 adjusted 149 weights, 2 biases 
Training b0dabee7 with 1 binary file, target error: 0.000001, iterations: 1, sample rate: 100%, sparse: 100%
Discovered beneficial synapse from input-1298 to output-0 with weight 1.0000, helping 17.4% more records than it harms (1970/3359)
Discovery 609244b0 analyze time 5s 587ms found 1 candidates
Discovered harmful synapse from input-1109 to f981b152-486e-43a0-82f0-65a294d013f9, harming 68.9% more records than it helps (29/3359)
Discovery 609244b0 analyze harmful time 226ms found 1 candidates
Discovery 609244b0 analyze squashes time 238ms found 1 candidate, Summary: output-0 LOGISTIC -> LogSigmoid improved: 28.6% error: 407.6734 -> 291.0547
Fine tuning increased fitness by 1.6315192685745217e-7 to 0.9985104701827946 adjusted 149 weights, 2 biases 
Discovery 564ec3b9 with 1 binary files, sample rate: 100%, batch size: 512
Discovery 564ec3b9 initialize time 86ms
Discovery 564ec3b9 processing .trainData-fx_c_88/USDAUD/data.bin
Discovery 564ec3b9 read time 6ms for .trainData-fx_c_88/USDAUD/data.bin with 3359 records
Discovery 564ec3b9 scanning time 1s 27ms
Training f75375d8 with 1 binary file, target error: 0.000001, iterations: 1, sample rate: 100%, sparse: 100%
Discovery 564ec3b9 recorded time 1s 946ms
Generation 30 score 0.9985106136462397  error 0.0014770953878583027 avg time 1s 741ms
Training 1e5e0e18 with 1 binary file, target error: 0.000001, iterations: 1, sample rate: 100%, sparse: 100%
Fine tuning increased fitness by 3.07984052705379e-8 to 0.9985106476571759 adjusted 673 weights, 8 biases 
Discovered beneficial synapse from input-1298 to output-0 with weight 1.0000, helping 17.4% more records than it harms (1970/3359)
Discovery 564ec3b9 analyze time 5s 796ms found 1 candidates
Discovered harmful synapse from input-1432 to output-0, harming 10.5% more records than it helps (1502/3359)
Discovery 564ec3b9 analyze harmful time 255ms found 1 candidates
Training d5f7968e with 1 binary file, target error: 0.000001, iterations: 1, sample rate: 100%, sparse: 100%
Discovery 564ec3b9 analyze squashes time 235ms found 1 candidate, Summary: output-0 LOGISTIC -> LogSigmoid improved: 28.6% error: 407.6734 -> 291.0547
Fine tuning increased fitness by 3.958702965434213e-8 to 0.9985107006118832 adjusted 654 weights, 8 biases 
Discovery 740415e9 with 1 binary files, sample rate: 100%, batch size: 512
Discovery 740415e9 initialize time 86ms
Discovery 740415e9 processing .trainData-fx_c_88/USDAUD/data.bin
Discovery 740415e9 read time 5ms for .trainData-fx_c_88/USDAUD/data.bin with 3359 records
Discovery 740415e9 scanning time 1s 54ms
Over populated 53, expected 50.
Training 488f59cf with 1 binary file, target error: 0.000001, iterations: 1, sample rate: 100%, sparse: 100%
Discovery 740415e9 recorded time 1s 970ms
Fine tuning increased fitness by 1.4251911462093148e-7 to 0.9985110875401437 adjusted 2 weights 
Training 7c49f9b2 with 1 binary file, target error: 0.000001, iterations: 1, sample rate: 100%, sparse: 100%
Fine tuning increased fitness by 3.503646561764384e-8 to 0.9985111225766093 adjusted 2 weights 
Discovered beneficial synapse from input-1298 to output-0 with weight 1.0000, helping 17.6% more records than it harms (1974/3359)
Discovery 740415e9 analyze time 5s 590ms found 1 candidates
Training 21cebcbc with 1 binary file, target error: 0.000001, iterations: 1, sample rate: 100%, sparse: 100%
Discovered harmful synapse from input-1432 to output-0, harming 10.7% more records than it helps (1498/3359)
Discovery 740415e9 analyze harmful time 234ms found 1 candidates
Fine tuning increased fitness by 1.5877722803203653e-8 to 0.9985111816114866 adjusted 2 weights 
Discovery 740415e9 analyze squashes time 239ms found 1 candidate, Summary: output-0 LOGISTIC -> LogSigmoid improved: 28.6% error: 408.0968 -> 291.3945
Discovery f2d8c74d with 1 binary files, sample rate: 100%, batch size: 512
Discovery f2d8c74d initialize time 85ms
Discovery f2d8c74d processing .trainData-fx_c_88/USDAUD/data.bin
Discovery f2d8c74d read time 6ms for .trainData-fx_c_88/USDAUD/data.bin with 3359 records
Generation 40 score 0.9985112813651582  error 0.0014763976690157982 avg time 1s 606ms
Discovery f2d8c74d scanning time 1s 114ms
Training 83eb201f with 1 binary file, target error: 0.000001, iterations: 1, sample rate: 100%, sparse: 100%
Fine tuning increased fitness by 1.4510260437639033e-7 to 0.9985114264677626 adjusted 3 weights 
Discovery f2d8c74d recorded time 1s 844ms
Fine tuning increased fitness by 2.401686322039964e-7 to 0.9985116666363948 adjusted 3 weights 
Training 8fa78253 with 1 binary file, target error: 0.000001, iterations: 1, sample rate: 100%, sparse: 100%
Fine tuning increased fitness by 3.679285743851679e-7 to 0.9985120345649692 adjusted 3 weights 
Training 866cee5a with 1 binary file, target error: 0.000001, iterations: 1, sample rate: 100%, sparse: 100%
Discovered beneficial synapse from input-1298 to output-0 with weight 1.0000, helping 17.6% more records than it harms (1973/3359)
Discovery f2d8c74d analyze time 6s 218ms found 1 candidates
Discovered harmful synapse from input-1432 to output-0, harming 10.7% more records than it helps (1499/3359)
Discovery f2d8c74d analyze harmful time 281ms found 1 candidates
Discovery f2d8c74d analyze squashes time 210ms found 1 candidate, Summary: output-0 LOGISTIC -> LogSigmoid improved: 28.6% error: 408.0732 -> 291.4016
Training 18313774 with 1 binary file, target error: 0.000001, iterations: 1, sample rate: 100%, sparse: 100%
Discovery 18313774 with 1 binary files, sample rate: 100%, batch size: 512
Discovery 18313774 initialize time 84ms
Discovery 18313774 processing .trainData-fx_c_88/USDAUD/data.bin
Discovery 18313774 read time 6ms for .trainData-fx_c_88/USDAUD/data.bin with 3359 records
Discovery 18313774 scanning time 1s 246ms
Fine tuning increased fitness by 7.076101179448457e-7 to 0.998516645141089 adjusted 4 weights 
Discovery 18313774 recorded time 1s 921ms
Training 27bbc6cd with 1 binary file, target error: 0.000001, iterations: 1, sample rate: 100%, sparse: 100%
Generation 50 score 0.998516645141089  error 0.0014710138931247757 avg time 1s 477ms
Training 6563b96b with 1 binary file, target error: 0.000001, iterations: 1, sample rate: 100%, sparse: 100%
Fine tuning increased fitness by 2.9423665059979953e-8 to 0.998516674564754 adjusted 4 weights 
Discovered beneficial synapse from input-1298 to output-0 with weight 1.0000, helping 17.6% more records than it harms (1973/3359)
Discovery 18313774 analyze time 5s 582ms found 1 candidates
Discovered harmful synapse from input-1432 to output-0, harming 10.7% more records than it helps (1498/3359)
Discovery 18313774 analyze harmful time 247ms found 1 candidates
Discovery 18313774 analyze squashes time 216ms found 1 candidate, Summary: output-0 LOGISTIC -> LogSigmoid improved: 28.4% error: 407.4601 -> 291.5646
Training ba31041b with 1 binary file, target error: 0.000001, iterations: 1, sample rate: 100%, sparse: 100%
Discovery ba31041b with 1 binary files, sample rate: 100%, batch size: 512
Discovery ba31041b initialize time 84ms
Discovery ba31041b processing .trainData-fx_c_88/USDAUD/data.bin
Discovery ba31041b read time 6ms for .trainData-fx_c_88/USDAUD/data.bin with 3359 records
Over populated 55, expected 50.
Discovery ba31041b scanning time 1s 29ms
Fine tuning increased fitness by 9.360248098833068e-8 to 0.9985172753575019 adjusted 5 weights 
Discovery ba31041b recorded time 1s 986ms
Training 4ad1c841 with 1 binary file, target error: 0.000001, iterations: 1, sample rate: 100%, sparse: 100%
Training b174cd0c with 1 binary file, target error: 0.000001, iterations: 1, sample rate: 100%, sparse: 100%
Discovered beneficial synapse from input-1298 to output-0 with weight 1.0000, helping 17.6% more records than it harms (1973/3359)
Discovery ba31041b analyze time 5s 559ms found 1 candidates
Discovered harmful synapse from input-1432 to output-0, harming 10.7% more records than it helps (1498/3359)
Discovery ba31041b analyze harmful time 277ms found 1 candidates
Fine tuning increased fitness by 7.143987756919046e-8 to 0.9985178502142359 adjusted 4 weights 
Discovery ba31041b analyze squashes time 206ms found 1 candidate, Summary: output-0 LOGISTIC -> LogSigmoid improved: 28.4% error: 407.4601 -> 291.5646
Training 7cf521dc with 1 binary file, target error: 0.000001, iterations: 1, sample rate: 100%, sparse: 100%
Fine tuning increased fitness by 9.171861048429264e-9 to 0.9985178593860969 adjusted 4 weights 
Discovery 7cf521dc with 1 binary files, sample rate: 100%, batch size: 512
Discovery 7cf521dc initialize time 84ms
Discovery 7cf521dc processing .trainData-fx_c_88/USDAUD/data.bin
Discovery 7cf521dc read time 3ms for .trainData-fx_c_88/USDAUD/data.bin with 3359 records
Discovery 7cf521dc scanning time 1s 66ms
Discovery 7cf521dc recorded time 1s 987ms
Generation 60 score 0.9985178916897453  error 0.0014696573445189861 avg time 1s 621ms
Training 47563a73 with 1 binary file, target error: 0.000001, iterations: 1, sample rate: 100%, sparse: 100%
Fine tuning increased fitness by 5.024253124652489e-9 to 0.9985178967139984 adjusted 5 weights 
Training 631541d9 with 1 binary file, target error: 0.000001, iterations: 1, sample rate: 100%, sparse: 100%
Fine tuning increased fitness by 3.2111524772560074e-8 to 0.9985179980707566 adjusted 5 weights 
Discovered beneficial synapse from input-1298 to output-0 with weight 1.0000, helping 17.6% more records than it harms (1973/3359)
Discovery 7cf521dc analyze time 6s 80ms found 1 candidates
Discovered harmful synapse from input-1432 to output-0, harming 10.7% more records than it helps (1498/3359)
Discovery 7cf521dc analyze harmful time 226ms found 1 candidates
Discovery 7cf521dc analyze squashes time 414ms found 1 candidate, Summary: output-0 LOGISTIC -> LogSigmoid improved: 28.4% error: 407.4340 -> 291.5669
Training df04be94 with 1 binary file, target error: 0.000001, iterations: 1, sample rate: 100%, sparse: 100%
Discovery df04be94 with 1 binary files, sample rate: 100%, batch size: 512
Discovery df04be94 initialize time 85ms
Discovery df04be94 processing .trainData-fx_c_88/USDAUD/data.bin
Over populated 52, expected 50.
Discovery df04be94 read time 8ms for .trainData-fx_c_88/USDAUD/data.bin with 3359 records
Discovery df04be94 scanning time 1s 38ms
Discovery df04be94 recorded time 1s 926ms
Training 23f9826a with 1 binary file, target error: 0.000001, iterations: 1, sample rate: 100%, sparse: 100%
Training 4d848805 with 1 binary file, target error: 0.000001, iterations: 1, sample rate: 100%, sparse: 100%
Fine tuning increased fitness by 1.948356886938285e-8 to 0.9985187137091388 adjusted 6 weights 
Discovered beneficial synapse from input-1298 to output-0 with weight 1.0000, helping 17.6% more records than it harms (1973/3359)
Discovery df04be94 analyze time 5s 723ms found 1 candidates
Discovered harmful synapse from input-1194 to db99cf34-4bf7-4506-8afe-01abdd43b92b, harming 13.1% more records than it helps (1460/3359)
Discovery df04be94 analyze harmful time 497ms found 1 candidates
Discovery df04be94 analyze squashes time 220ms found 1 candidate, Summary: output-0 LOGISTIC -> LogSigmoid improved: 28.5% error: 407.5058 -> 291.5606
Generation 70 score 0.9985187150054273  error 0.0014688240288619847 avg time 1s 611ms
Training af3047c1 with 1 binary file, target error: 0.000001, iterations: 1, sample rate: 100%, sparse: 100%
Fine tuning increased fitness by 1.10716191770166e-9 to 0.9985187161125892 adjusted 6 weights 
Discovery af3047c1 with 1 binary files, sample rate: 100%, batch size: 512
Discovery af3047c1 initialize time 82ms
Discovery af3047c1 processing .trainData-fx_c_88/USDAUD/data.bin
Over populated 53, expected 50.
Discovery af3047c1 read time 6ms for .trainData-fx_c_88/USDAUD/data.bin with 3359 records
Discovery af3047c1 scanning time 1s 38ms
Fine tuning increased fitness by 4.637877859536843e-10 to 0.998518716576377 adjusted 6 weights 
Discovery af3047c1 recorded time 1s 999ms
Training c7857acb with 1 binary file, target error: 0.000001, iterations: 1, sample rate: 100%, sparse: 100%
Fine tuning increased fitness by 5.36637956294328e-10 to 0.998518717113015 adjusted 6 weights 
Fine tuning increased fitness by 8.14354028655373e-10 to 0.998518717927369 adjusted 6 weights 
Training 2058da87 with 1 binary file, target error: 0.000001, iterations: 1, sample rate: 100%, sparse: 100%
Discovered beneficial synapse from input-1298 to output-0 with weight 1.0000, helping 17.6% more records than it harms (1973/3359)
Discovery af3047c1 analyze time 6s 91ms found 1 candidates
Discovered harmful synapse from input-1432 to output-0, harming 10.7% more records than it helps (1498/3359)
Discovery af3047c1 analyze harmful time 228ms found 1 candidates
Discovery af3047c1 analyze squashes time 411ms found 2 candidates, Summary: output-0 LOGISTIC -> LogSigmoid improved: 28.5% error: 407.5056 -> 291.5606,output-4 Swish -> BIPOLAR_SIGMOID improved: 3.4% error: 0.0252 -> 0.0244
Training f0f7da54 with 1 binary file, target error: 0.000001, iterations: 1, sample rate: 100%, sparse: 100%
Discovery f0f7da54 with 1 binary files, sample rate: 100%, batch size: 512
Discovery f0f7da54 initialize time 85ms
Discovery f0f7da54 processing .trainData-fx_c_88/USDAUD/data.bin
Discovery f0f7da54 read time 9ms for .trainData-fx_c_88/USDAUD/data.bin with 3359 records
Over populated 54, expected 50.
Discovery f0f7da54 scanning time 1s 45ms
Fine tuning increased fitness by 8.680871876887153e-8 to 0.9985188518698308 adjusted 122 weights, 4 biases 
Discovery f0f7da54 recorded time 2s 13ms
Training ce2895a1 with 1 binary file, target error: 0.000001, iterations: 1, sample rate: 100%, sparse: 100%
Fine tuning increased fitness by 1.1664064492045156e-8 to 0.9985188635338953 adjusted 116 weights, 4 biases 
Generation 80 score 0.998519135583048  error 0.0014683934512674482 avg time 1s 636ms
Training 47f59bc5 with 1 binary file, target error: 0.000001, iterations: 1, sample rate: 100%, sparse: 100%
Fine tuning increased fitness by 5.006084896619356e-7 to 0.9985196361915376 adjusted 103 weights, 4 biases 
Discovered beneficial synapse from input-1298 to output-0 with weight 1.0000, helping 17.6% more records than it harms (1973/3359)
Discovery f0f7da54 analyze time 5s 633ms found 1 candidates
Discovered harmful synapse from input-1432 to output-0, harming 10.7% more records than it helps (1498/3359)
Discovery f0f7da54 analyze harmful time 1s 949ms found 1 candidates
Training 948bd41f with 1 binary file, target error: 0.000001, iterations: 1, sample rate: 100%, sparse: 100%
Fine tuning increased fitness by 8.289427253505011e-7 to 0.9985212811268559 adjusted 97 weights, 4 biases 
Discovery f0f7da54 analyze squashes time 436ms found 1 candidate, Summary: output-0 LOGISTIC -> LogSigmoid improved: 28.5% error: 407.4318 -> 291.5099
Over populated 52, expected 50.
Fine tuning increased fitness by 2.0796534494493812e-9 to 0.9985212832065093 adjusted 97 weights, 4 biases 
Discovery 31dc2505 with 1 binary files, sample rate: 100%, batch size: 512
Discovery 31dc2505 initialize time 80ms
Discovery 31dc2505 processing .trainData-fx_c_88/USDAUD/data.bin
Discovery 31dc2505 read time 5ms for .trainData-fx_c_88/USDAUD/data.bin with 3359 records
Discovery 31dc2505 scanning time 1s 23ms
Over populated 53, expected 50.
Training 2250f4be with 1 binary file, target error: 0.000001, iterations: 1, sample rate: 100%, sparse: 100%
Fine tuning increased fitness by 3.039520857228695e-8 to 0.9985213136017179 adjusted 97 weights, 4 biases 
Discovery 31dc2505 recorded time 1s 883ms
Training 09b4da9e with 1 binary file, target error: 0.000001, iterations: 1, sample rate: 100%, sparse: 100%
Fine tuning increased fitness by 2.6878550052344963e-8 to 0.9985226092821118 adjusted 97 weights, 4 biases 
Training 91bb5f31 with 1 binary file, target error: 0.000001, iterations: 1, sample rate: 100%, sparse: 100%
Fine tuning increased fitness by 1.5831605915117564e-8 to 0.998522666962309 adjusted 85 weights, 4 biases 
Over populated 52, expected 50.
Generation 90 score 0.9985227786762754  error 0.0014647603580126745 avg time 1s 686ms
Training 8b317bcd with 1 binary file, target error: 0.000001, iterations: 1, sample rate: 100%, sparse: 100%
Fine tuning increased fitness by 1.1054384940756279e-7 to 0.9985228892201248 adjusted 87 weights, 4 biases 
Over populated 52, expected 50.
Discovered beneficial synapse from input-1276 to db99cf34-4bf7-4506-8afe-01abdd43b92b with weight -0.0846, helping 17.5% more records than it harms (1974/3359)
Discovery 31dc2505 analyze time 17s 146ms found 1 candidates
Discovered harmful synapse from input-1432 to output-0, harming 10.6% more records than it helps (1500/3359)
Discovery 31dc2505 analyze harmful time 226ms found 1 candidates
Discovery 31dc2505 analyze squashes time 437ms found 1 candidate, Summary: output-0 LOGISTIC -> LogSigmoid improved: 28.5% error: 407.1466 -> 291.2818
Backtracking increased fitness by 9.918724730439976e-9 to 0.9985229126755522 adjusted 168 weights, 5 biases
Over populated 53, expected 50.
Fine tuning increased fitness by 4.2309483139213455e-8 to 0.9985234604890759 adjusted 164 weights, 5 biases 
Generation 100 score 0.9985234750243334  error 0.0014640540099808504 avg time 1s 656ms
Fine tuning increased fitness by 3.0142584106496173e-7 to 0.9985238680246235 adjusted 162 weights, 5 biases 
Fine tuning increased fitness by 4.933824959696409e-8 to 0.9985239564047 adjusted 146 weights, 4 biases 
Fine tuning increased fitness by 5.687422321987157e-8 to 0.9985241527402214 adjusted 137 weights, 5 biases 
Generation 109 score 0.9985241829342758  error 0.0014633361000799742 avg time 1s 472ms
{
  error: 0.0014633361000799742,
  score: 0.9985241829342758,
  generation: 109,
  time: 180993
}

=== Processing USDTWD (2/10) ===
7 mutations, mutation rate 5.0%, elitism 9, mutation FFW, selection TOURNAMENT
Creature count: 50
Culling duplicate creature at 7 of 51
DeDuplication of 1 creatures to 50 in  (previous experiment )
Training d438c159 with 1 binary file, target error: 0.000001, iterations: 1, sample rate: 100%, sparse: 100%
Discovery d438c159 with 1 binary files, sample rate: 100%, batch size: 512
Discovery d438c159 initialize time 87ms
Discovery d438c159 processing .trainData-fx_c_88/USDTWD/data.bin
Discovery d438c159 read time 5ms for .trainData-fx_c_88/USDTWD/data.bin with 3359 records
Training 06252533 with 1 binary file, target error: 0.000001, iterations: 1, sample rate: 100%, sparse: 100%
Discovery d438c159 scanning time 1s 90ms
Discovery d438c159 recorded time 1s 689ms
Fine tuning increased fitness by 0.0000033313799762124674 to 0.9994588188887762 adjusted 110 weights, 2 biases 
Training 7f2b56a3 with 1 binary file, target error: 0.000001, iterations: 1, sample rate: 100%, sparse: 100%
Fine tuning increased fitness by 3.3332232163285624e-7 to 0.9994591522110978 adjusted 110 weights, 2 biases 
Training df78e5cd with 1 binary file, target error: 0.000001, iterations: 1, sample rate: 100%, sparse: 100%
Fine tuning increased fitness by 0.0000020403992249118375 to 0.9994639961933997 adjusted 110 weights, 2 biases 
Training bd9e5b6d with 1 binary file, target error: 0.000001, iterations: 1, sample rate: 100%, sparse: 100%
Fine tuning increased fitness by 0.000001225598924348148 to 0.9994667612302909 adjusted 110 weights, 2 biases 
Training 9e075fba with 1 binary file, target error: 0.000001, iterations: 1, sample rate: 100%, sparse: 100%
Fine tuning increased fitness by 0.000002030259906415921 to 0.9994687914901973 adjusted 110 weights, 2 biases 
Generation 10 score 0.9994687914901973  error 0.0005230080215391852 avg time 1s 165ms
Fine tuning increased fitness by 0.0000024012222732405775 to 0.9994711927124705 adjusted 110 weights, 2 biases 
Training 55b407ed with 1 binary file, target error: 0.000001, iterations: 1, sample rate: 100%, sparse: 100%
Fine tuning increased fitness by 0.0000016231529667010136 to 0.9994728158654372 adjusted 110 weights, 2 biases 
Training 0147ca90 with 1 binary file, target error: 0.000001, iterations: 1, sample rate: 100%, sparse: 100%
Fine tuning increased fitness by 3.941732673595766e-7 to 0.9994732100387046 adjusted 110 weights, 2 biases 
Fine tuning increased fitness by 5.375764972059827e-7 to 0.9994737476152018 adjusted 110 weights, 2 biases 
Training 44203a30 with 1 binary file, target error: 0.000001, iterations: 1, sample rate: 100%, sparse: 100%
Fine tuning increased fitness by 2.730318979793367e-7 to 0.9994745969629947 adjusted 106 weights, 2 biases 
Training 15a844d4 with 1 binary file, target error: 0.000001, iterations: 1, sample rate: 100%, sparse: 100%
Fine tuning increased fitness by 1.219024881038422e-13 to 0.9994745969632373 adjusted 6 weights, 1 bias 
Training b277895d with 1 binary file, target error: 0.000001, iterations: 1, sample rate: 100%, sparse: 100%
Generation 20 score 0.9994745976759694  error 0.0005172018357671342 avg time 1s 72ms
Training 3fbf955f with 1 binary file, target error: 0.000001, iterations: 1, sample rate: 100%, sparse: 100%
Fine tuning increased fitness by 6.867144630717803e-10 to 0.9994745983626838 adjusted 25 weights, 2 biases 
Fine tuning increased fitness by 9.202198891777869e-9 to 0.9994746075648827 adjusted 25 weights, 2 biases 
Training 0c00b781 with 1 binary file, target error: 0.000001, iterations: 1, sample rate: 100%, sparse: 100%
Fine tuning increased fitness by 2.908108542865051e-8 to 0.9994746366459681 adjusted 1 weight 
Fine tuning increased fitness by 7.109840272079282e-8 to 0.9994747077443709 adjusted 1 weight 
Training 0ee50ba9 with 1 binary file, target error: 0.000001, iterations: 1, sample rate: 100%, sparse: 100%
Fine tuning increased fitness by 1.3285235012094887e-7 to 0.999474840596721 adjusted 1 weight 
Fine tuning increased fitness by 3.371194788881482e-7 to 0.9994751777161999 adjusted 1 weight 
Training 2816ad6e with 1 binary file, target error: 0.000001, iterations: 1, sample rate: 100%, sparse: 100%
Fine tuning increased fitness by 4.360527198210562e-7 to 0.9994756137689197 adjusted 1 weight 
Fine tuning increased fitness by 1.2826657702635913e-7 to 0.9994757420354967 adjusted 1 weight 
Training 9c1d5555 with 1 binary file, target error: 0.000001, iterations: 1, sample rate: 100%, sparse: 100%
Discovered beneficial synapse from input-1457 to output-0 with weight 1.0000, helping 88.3% more records than it harms (3163/3359)
Discovery d438c159 analyze time 28s 604ms found 1 candidates
Generation 30 score 0.9994758000482573  error 0.0005159894634791244 avg time 936ms
Training bb7af35c with 1 binary file, target error: 0.000001, iterations: 1, sample rate: 100%, sparse: 100%
Fine tuning increased fitness by 7.7105835827318e-8 to 0.9994758771540931 adjusted 291 weights, 1 bias 
Fine tuning increased fitness by 1.1220682771817536e-7 to 0.9994759893609209 adjusted 291 weights, 1 bias 
Training e8ec480d with 1 binary file, target error: 0.000001, iterations: 1, sample rate: 100%, sparse: 100%
Discovered harmful synapse from input-477 to output-4, harming 22.1% more records than it helps (1307/3359)
Discovery d438c159 analyze harmful time 3s 345ms found 1 candidates
Fine tuning increased fitness by 5.71096717694175e-8 to 0.9994762012753807 adjusted 261 weights, 1 bias 
Discovery d438c159 analyze squashes time 1s 10ms found 2 candidates, Summary: output-0 LOGISTIC -> BENT_IDENTITY improved: 67.3% error: 84.2055 -> 27.5021,output-2 LeakyReLU -> LogSigmoid improved: 28.2% error: 5.1208 -> 3.6779
Training 33529a86 with 1 binary file, target error: 0.000001, iterations: 1, sample rate: 100%, sparse: 100%
Discovery 33529a86 with 1 binary files, sample rate: 100%, batch size: 512
Discovery 33529a86 initialize time 86ms
Discovery 33529a86 processing .trainData-fx_c_88/USDTWD/data.bin
Fine tuning increased fitness by 8.601915857386899e-8 to 0.9994764522514401 adjusted 263 weights, 1 bias 
Discovery 33529a86 read time 8ms for .trainData-fx_c_88/USDTWD/data.bin with 3359 records
Discovery 33529a86 scanning time 1s 80ms
Discovery 33529a86 recorded time 1s 838ms
Training 56bc3f9a with 1 binary file, target error: 0.000001, iterations: 1, sample rate: 100%, sparse: 100%
Training 5cc95e26 with 1 binary file, target error: 0.000001, iterations: 1, sample rate: 100%, sparse: 100%
Generation 40 score 0.9994764554630041  error 0.000515334048732238 avg time 1s 65ms
Training a336eec1 with 1 binary file, target error: 0.000001, iterations: 1, sample rate: 100%, sparse: 100%
Fine tuning increased fitness by 1.402938820671551e-8 to 0.9994764694923923 adjusted 266 weights, 1 bias 
Fine tuning increased fitness by 8.052201239117096e-9 to 0.9994764775445936 adjusted 266 weights, 1 bias 
Training 2e2dfbfa with 1 binary file, target error: 0.000001, iterations: 1, sample rate: 100%, sparse: 100%
Fine tuning increased fitness by 1.1106826014462001e-8 to 0.9994764886514196 adjusted 266 weights, 1 bias 
Fine tuning increased fitness by 1.7662077578251e-8 to 0.9994765063134972 adjusted 266 weights, 1 bias 
Training b46d4c45 with 1 binary file, target error: 0.000001, iterations: 1, sample rate: 100%, sparse: 100%
Fine tuning increased fitness by 2.633383311412274e-8 to 0.9994765326473303 adjusted 266 weights, 1 bias 
Fine tuning increased fitness by 1.8280262303882466e-8 to 0.9994765509275926 adjusted 266 weights, 1 bias 
Training 61577578 with 1 binary file, target error: 0.000001, iterations: 1, sample rate: 100%, sparse: 100%
Fine tuning increased fitness by 2.8951055774939505e-8 to 0.9994765798786484 adjusted 266 weights, 1 bias 
Fine tuning increased fitness by 4.1217788071534756e-8 to 0.9994766210964364 adjusted 266 weights, 1 bias 
Training 168acb9a with 1 binary file, target error: 0.000001, iterations: 1, sample rate: 100%, sparse: 100%
Fine tuning increased fitness by 1.8587636207989533e-8 to 0.9994766396840726 adjusted 266 weights, 1 bias 
Fine tuning increased fitness by 3.0671958195505056e-8 to 0.9994766703560308 adjusted 266 weights, 1 bias 
Generation 50 score 0.9994766703560308  error 0.0005151191557055367 avg time 1s 23ms
Training a851a7ab with 1 binary file, target error: 0.000001, iterations: 1, sample rate: 100%, sparse: 100%
Fine tuning increased fitness by 6.042124467420251e-9 to 0.9994766909085578 adjusted 266 weights, 1 bias 
Training b7265c3d with 1 binary file, target error: 0.000001, iterations: 1, sample rate: 100%, sparse: 100%
Fine tuning increased fitness by 8.627239478364856e-9 to 0.9994766995357973 adjusted 266 weights, 1 bias 
Fine tuning increased fitness by 1.2160154438944915e-8 to 0.9994767116959518 adjusted 266 weights, 1 bias 
Training 4ea6ba36 with 1 binary file, target error: 0.000001, iterations: 1, sample rate: 100%, sparse: 100%
Fine tuning increased fitness by 2.0074211626308625e-8 to 0.9994767317701634 adjusted 266 weights, 1 bias 
Fine tuning increased fitness by 2.8401237250896827e-8 to 0.9994767601714006 adjusted 266 weights, 1 bias 
Training 73691275 with 1 binary file, target error: 0.000001, iterations: 1, sample rate: 100%, sparse: 100%
Fine tuning increased fitness by 4.1552209451012345e-8 to 0.9994768017236101 adjusted 266 weights, 1 bias 
Fine tuning increased fitness by 5.733142305341943e-8 to 0.9994768590550331 adjusted 266 weights, 1 bias 
Training 1881b6a4 with 1 binary file, target error: 0.000001, iterations: 1, sample rate: 100%, sparse: 100%
Fine tuning increased fitness by 4.699974853750177e-9 to 0.9994769101807776 adjusted 266 weights, 1 bias 
Generation 60 score 0.9994769101807776  error 0.0005148793309588611 avg time 1s 13ms
Training 5a5d86b0 with 1 binary file, target error: 0.000001, iterations: 1, sample rate: 100%, sparse: 100%
Fine tuning increased fitness by 1.9516276372755215e-9 to 0.9994769136399486 adjusted 266 weights, 1 bias 
Training 513cc1a2 with 1 binary file, target error: 0.000001, iterations: 1, sample rate: 100%, sparse: 100%
Fine tuning increased fitness by 3.1023954516484764e-9 to 0.9994769167423441 adjusted 266 weights, 1 bias 
Discovered beneficial synapse from input-1457 to output-0 with weight 1.0000, helping 88.4% more records than it harms (3165/3359)
Discovery 33529a86 analyze time 27s 726ms found 1 candidates
Fine tuning increased fitness by 4.907972916967651e-9 to 0.999476921650317 adjusted 266 weights, 1 bias 
Training 5a5c8a2f with 1 binary file, target error: 0.000001, iterations: 1, sample rate: 100%, sparse: 100%
Fine tuning increased fitness by 6.010500874786828e-9 to 0.9994769276608179 adjusted 266 weights, 1 bias 
Fine tuning increased fitness by 8.865220557652265e-9 to 0.9994769365260384 adjusted 266 weights, 1 bias 
Discovered harmful synapse from input-1367 to output-1, harming 17.2% more records than it helps (1391/3359)
Discovery 33529a86 analyze harmful time 3s 271ms found 1 candidates
Training 73984199 with 1 binary file, target error: 0.000001, iterations: 1, sample rate: 100%, sparse: 100%
Fine tuning increased fitness by 1.63355307059021e-8 to 0.9994769528615691 adjusted 266 weights, 1 bias 
Discovery 33529a86 analyze squashes time 951ms found 2 candidates, Summary: output-0 LOGISTIC -> BENT_IDENTITY improved: 67.4% error: 84.3086 -> 27.4826,output-2 LeakyReLU -> LogSigmoid improved: 28.2% error: 5.1221 -> 3.6786
Fine tuning increased fitness by 2.5125110547641327e-8 to 0.9994769779866797 adjusted 266 weights, 1 bias 
Discovery 790313f5 with 1 binary files, sample rate: 100%, batch size: 512
Discovery 790313f5 initialize time 86ms
Discovery 790313f5 processing .trainData-fx_c_88/USDTWD/data.bin
Training 7de5ed56 with 1 binary file, target error: 0.000001, iterations: 1, sample rate: 100%, sparse: 100%
Discovery 790313f5 read time 5ms for .trainData-fx_c_88/USDTWD/data.bin with 3359 records
Fine tuning increased fitness by 4.943929177159134e-8 to 0.9994770274259714 adjusted 266 weights, 1 bias 
Discovery 790313f5 scanning time 978ms
Discovery 790313f5 recorded time 1s 757ms
Generation 70 score 0.9994771066715681  error 0.0005146828401683674 avg time 1s 46ms
Training feb76130 with 1 binary file, target error: 0.000001, iterations: 1, sample rate: 100%, sparse: 100%
Training 84f7c2a8 with 1 binary file, target error: 0.000001, iterations: 1, sample rate: 100%, sparse: 100%
Fine tuning increased fitness by 2.2879432237665753e-7 to 0.9994775827554719 adjusted 262 weights, 1 bias 
Fine tuning increased fitness by 6.090605302322416e-7 to 0.9994781918160022 adjusted 262 weights, 1 bias 
Training b1736a95 with 1 binary file, target error: 0.000001, iterations: 1, sample rate: 100%, sparse: 100%
Fine tuning increased fitness by 4.5254259151139564e-7 to 0.9994786443585937 adjusted 262 weights, 1 bias 
Fine tuning increased fitness by 2.8234138116367546e-7 to 0.9994789266999748 adjusted 262 weights, 1 bias 
Training 5e4e52de with 1 binary file, target error: 0.000001, iterations: 1, sample rate: 100%, sparse: 100%
Fine tuning increased fitness by 2.8883198610607508e-8 to 0.9994789555831735 adjusted 262 weights, 1 bias 
Fine tuning increased fitness by 1.0183002330244051e-8 to 0.9994789657661758 adjusted 262 weights, 1 bias 
Training 23e9d3a6 with 1 binary file, target error: 0.000001, iterations: 1, sample rate: 100%, sparse: 100%
Fine tuning increased fitness by 1.527446449323122e-7 to 0.9994791185108207 adjusted 262 weights, 1 bias 
Generation 80 score 0.9994792783838645  error 0.0005125111278718271 avg time 1s 19ms
Training 611149cd with 1 binary file, target error: 0.000001, iterations: 1, sample rate: 100%, sparse: 100%
Fine tuning increased fitness by 2.2240708452692104e-7 to 0.999479500790949 adjusted 262 weights, 1 bias 
Fine tuning increased fitness by 2.1868243960110334e-7 to 0.9994797194733887 adjusted 262 weights, 1 bias 
Training 492dac20 with 1 binary file, target error: 0.000001, iterations: 1, sample rate: 100%, sparse: 100%
Fine tuning increased fitness by 5.7147498622178716e-8 to 0.9994799875836218 adjusted 262 weights, 1 bias 
Training 76cbe4e0 with 1 binary file, target error: 0.000001, iterations: 1, sample rate: 100%, sparse: 100%
Fine tuning increased fitness by 9.270756162749194e-9 to 0.9994799968543779 adjusted 262 weights, 1 bias 
Fine tuning increased fitness by 1.3938419196612983e-8 to 0.9994800107927971 adjusted 262 weights, 1 bias 
Training 6ab589d1 with 1 binary file, target error: 0.000001, iterations: 1, sample rate: 100%, sparse: 100%
Fine tuning increased fitness by 4.6711765566698205e-9 to 0.9994800154639737 adjusted 262 weights, 1 bias 
Fine tuning increased fitness by 5.504084410468124e-9 to 0.9994800209680581 adjusted 262 weights, 1 bias 
Training 089beb80 with 1 binary file, target error: 0.000001, iterations: 1, sample rate: 100%, sparse: 100%
Fine tuning increased fitness by 4.294938849014329e-9 to 0.999480025262997 adjusted 262 weights, 1 bias 
Fine tuning increased fitness by 1.2352230349677029e-11 to 0.9994800252753492 adjusted 262 weights, 1 bias 
Generation 90 score 0.9994800252753492  error 0.0005117642363872625 avg time 1s 16ms
Training b5b8dc6b with 1 binary file, target error: 0.000001, iterations: 1, sample rate: 100%, sparse: 100%
Fine tuning increased fitness by 7.655156508690197e-10 to 0.9994800260408648 adjusted 262 weights, 1 bias 
Fine tuning increased fitness by 7.569010973540458e-10 to 0.9994800267977659 adjusted 262 weights, 1 bias 
Training ef537795 with 1 binary file, target error: 0.000001, iterations: 1, sample rate: 100%, sparse: 100%
Fine tuning increased fitness by 1.6445227402073215e-9 to 0.9994800302472439 adjusted 262 weights, 1 bias 
Training 695d4054 with 1 binary file, target error: 0.000001, iterations: 1, sample rate: 100%, sparse: 100%
Fine tuning increased fitness by 3.7604641622834833e-10 to 0.9994800309155107 adjusted 262 weights, 1 bias 
Training 870033a8 with 1 binary file, target error: 0.000001, iterations: 1, sample rate: 100%, sparse: 100%
Discovered beneficial synapse from input-1457 to output-0 with weight 1.0000, helping 88.4% more records than it harms (3165/3359)
Discovery 790313f5 analyze time 29s 347ms found 1 candidates
Training c09aed1a with 1 binary file, target error: 0.000001, iterations: 1, sample rate: 100%, sparse: 100%
Fine tuning increased fitness by 1.136020943981464e-9 to 0.9994800335318502 adjusted 262 weights, 1 bias 
Fine tuning increased fitness by 1.470894406274681e-9 to 0.9994800350027446 adjusted 262 weights, 1 bias 
Generation 100 score 0.9994800350027446  error 0.000511754508991802 avg time 1s 25ms
Training 9645f31f with 1 binary file, target error: 0.000001, iterations: 1, sample rate: 100%, sparse: 100%
Fine tuning increased fitness by 1.6820056458755062e-9 to 0.9994800366847503 adjusted 262 weights, 1 bias 
Fine tuning increased fitness by 2.3733947029924707e-9 to 0.999480039058145 adjusted 262 weights, 1 bias 
Discovered harmful synapse from input-1367 to output-1, harming 17.2% more records than it helps (1391/3359)
Discovery 790313f5 analyze harmful time 3s 509ms found 1 candidates
Training 6cf728ef with 1 binary file, target error: 0.000001, iterations: 1, sample rate: 100%, sparse: 100%
Fine tuning increased fitness by 2.8851522282380415e-9 to 0.9994800419432972 adjusted 262 weights, 1 bias 
Discovery 790313f5 analyze squashes time 1s 58ms found 2 candidates, Summary: output-0 LOGISTIC -> BENT_IDENTITY improved: 67.4% error: 84.3086 -> 27.4826,output-2 LeakyReLU -> LogSigmoid improved: 28.2% error: 5.1221 -> 3.6786
Fine tuning increased fitness by 4.184690371999977e-9 to 0.9994800461279876 adjusted 262 weights, 1 bias 
Discovery 22c695fb with 1 binary files, sample rate: 100%, batch size: 512
Discovery 22c695fb initialize time 80ms
Discovery 22c695fb processing .trainData-fx_c_88/USDTWD/data.bin
Discovery 22c695fb read time 6ms for .trainData-fx_c_88/USDTWD/data.bin with 3359 records
Discovery 22c695fb scanning time 943ms
Training 7dcf6521 with 1 binary file, target error: 0.000001, iterations: 1, sample rate: 100%, sparse: 100%
Fine tuning increased fitness by 5.33237065614145e-9 to 0.9994800514603582 adjusted 262 weights, 1 bias 
Discovery 22c695fb recorded time 1s 547ms
Fine tuning increased fitness by 8.522850092340661e-9 to 0.9994800599832083 adjusted 262 weights, 1 bias 
Training 5d04da0a with 1 binary file, target error: 0.000001, iterations: 1, sample rate: 100%, sparse: 100%
Fine tuning increased fitness by 1.6232788224712635e-8 to 0.9994800762159965 adjusted 262 weights, 1 bias 
Fine tuning increased fitness by 2.8983824007511316e-8 to 0.9994801051998206 adjusted 262 weights, 1 bias 
Training 2d515cab with 1 binary file, target error: 0.000001, iterations: 1, sample rate: 100%, sparse: 100%
Fine tuning increased fitness by 5.263523850107532e-8 to 0.9994801578350591 adjusted 262 weights, 1 bias 
Generation 110 score 0.9994802175159772  error 0.0005115719957592353 avg time 1s 74ms
Training 2eb46f67 with 1 binary file, target error: 0.000001, iterations: 1, sample rate: 100%, sparse: 100%
Fine tuning increased fitness by 7.890180575564898e-8 to 0.9994802964177829 adjusted 262 weights, 1 bias 
Fine tuning increased fitness by 8.709976251353169e-8 to 0.9994803835175454 adjusted 262 weights, 1 bias 
Training 6a5a91bc with 1 binary file, target error: 0.000001, iterations: 1, sample rate: 100%, sparse: 100%
Fine tuning increased fitness by 2.591185721545486e-8 to 0.9994805203195548 adjusted 262 weights, 1 bias 
Training 1f40e183 with 1 binary file, target error: 0.000001, iterations: 1, sample rate: 100%, sparse: 100%
Fine tuning increased fitness by 1.5311802936679442e-9 to 0.9994805247559482 adjusted 262 weights, 1 bias 
Training ccff1a45 with 1 binary file, target error: 0.000001, iterations: 1, sample rate: 100%, sparse: 100%
Training b96f54fc with 1 binary file, target error: 0.000001, iterations: 1, sample rate: 100%, sparse: 100%
Fine tuning increased fitness by 3.137237136741078e-10 to 0.9994805498148499 adjusted 262 weights, 1 bias 
Fine tuning increased fitness by 5.243597778203934e-10 to 0.9994805503392097 adjusted 262 weights, 1 bias 
Generation 120 score 0.9994805503392097  error 0.0005112391725267641 avg time 1s 16ms
Training b13b5760 with 1 binary file, target error: 0.000001, iterations: 1, sample rate: 100%, sparse: 100%
Fine tuning increased fitness by 5.059248575634001e-10 to 0.9994805508451345 adjusted 262 weights, 1 bias 
Fine tuning increased fitness by 8.211712421157813e-10 to 0.9994805516663058 adjusted 262 weights, 1 bias 
Training 896ccf67 with 1 binary file, target error: 0.000001, iterations: 1, sample rate: 100%, sparse: 100%
Fine tuning increased fitness by 6.443722222471138e-10 to 0.999480552310678 adjusted 262 weights, 1 bias 
Fine tuning increased fitness by 6.919448347630919e-10 to 0.9994805530026228 adjusted 262 weights, 1 bias 
Training 20c53152 with 1 binary file, target error: 0.000001, iterations: 1, sample rate: 100%, sparse: 100%
Fine tuning increased fitness by 1.1776954966791209e-9 to 0.9994805541803183 adjusted 262 weights, 1 bias 
Fine tuning increased fitness by 7.871993956687362e-8 to 0.9994806329002579 adjusted 803 weights, 5 biases 
Training 1cbe437d with 1 binary file, target error: 0.000001, iterations: 1, sample rate: 100%, sparse: 100%
Fine tuning increased fitness by 1.9618654290010085e-7 to 0.9994808290868008 adjusted 784 weights, 5 biases 
Training 269f929b with 1 binary file, target error: 0.000001, iterations: 1, sample rate: 100%, sparse: 100%
Training e69ffa11 with 1 binary file, target error: 0.000001, iterations: 1, sample rate: 100%, sparse: 100%
Training 0cfdf677 with 1 binary file, target error: 0.000001, iterations: 1, sample rate: 100%, sparse: 100%
Generation 130 score 0.9994817130054786  error 0.0005100765062565278 avg time 1s 132ms
Fine tuning increased fitness by 6.351768666590374e-9 to 0.9994817193572473 adjusted 572 weights, 3 biases 
Discovered beneficial synapse from input-1457 to output-0 with weight 1.0000, helping 88.4% more records than it harms (3165/3359)
Discovery 22c695fb analyze time 28s 215ms found 1 candidates
Training 0b4e5ec7 with 1 binary file, target error: 0.000001, iterations: 1, sample rate: 100%, sparse: 100%
Training b9fcf4ab with 1 binary file, target error: 0.000001, iterations: 1, sample rate: 100%, sparse: 100%
Fine tuning increased fitness by 8.735196677100987e-9 to 0.9994817626314665 adjusted 256 weights, 2 biases 
Discovered harmful synapse from input-1367 to output-1, harming 17.2% more records than it helps (1391/3359)
Discovery 22c695fb analyze harmful time 3s 360ms found 1 candidates
Discovery 22c695fb analyze squashes time 1s 118ms found 2 candidates, Summary: output-0 LOGISTIC -> BENT_IDENTITY improved: 67.4% error: 84.3086 -> 27.4826,output-2 LeakyReLU -> LogSigmoid improved: 28.2% error: 5.1221 -> 3.6786
Training 6ed96698 with 1 binary file, target error: 0.000001, iterations: 1, sample rate: 100%, sparse: 100%
Training 840e170a with 1 binary file, target error: 0.000001, iterations: 1, sample rate: 100%, sparse: 100%
Training b59d1d7f with 1 binary file, target error: 0.000001, iterations: 1, sample rate: 100%, sparse: 100%
Discovery b59d1d7f with 1 binary files, sample rate: 100%, batch size: 512
Discovery b59d1d7f initialize time 81ms
Discovery b59d1d7f processing .trainData-fx_c_88/USDTWD/data.bin
Discovery b59d1d7f read time 8ms for .trainData-fx_c_88/USDTWD/data.bin with 3359 records
Discovery b59d1d7f scanning time 960ms
Training ff863561 with 1 binary file, target error: 0.000001, iterations: 1, sample rate: 100%, sparse: 100%
Discovery b59d1d7f recorded time 1s 732ms
Generation 140 score 0.9994817854977938  error 0.0005099940139427217 avg time 1s 251ms
Training d6a7bac4 with 1 binary file, target error: 0.000001, iterations: 1, sample rate: 100%, sparse: 100%
Fine tuning increased fitness by 1.2938718207955446e-8 to 0.999481822532933 adjusted 355 weights, 2 biases 
Fine tuning increased fitness by 2.7321165996241348e-8 to 0.999481849854099 adjusted 296 weights, 2 biases 
Fine tuning increased fitness by 0.0000012123307945310913 to 0.9994838948319066 adjusted 246 weights, 2 biases 
Fine tuning increased fitness by 2.888624647257032e-7 to 0.9994862637446773 adjusted 239 weights, 2 biases 
Generation 150 score 0.999486445965514  error 0.000505333546222727 avg time 1s 116ms
Fine tuning increased fitness by 4.201323212660313e-7 to 0.9994874786223085 adjusted 234 weights, 2 biases 
Fine tuning increased fitness by 6.706448152371536e-7 to 0.9994881492671237 adjusted 236 weights, 2 biases 
Fine tuning increased fitness by 7.509442973008262e-7 to 0.9994903211588411 adjusted 94 weights, 1 bias 
Fine tuning increased fitness by 8.904365944584214e-8 to 0.9994904102025005 adjusted 94 weights, 1 bias 
Fine tuning increased fitness by 1.2326955689534458e-7 to 0.9994905334720574 adjusted 94 weights, 1 bias 
Generation 160 score 0.9994905334720574  error 0.0005012460396798061 avg time 1s 68ms
Fine tuning increased fitness by 6.255302453794798e-8 to 0.999490596025082 adjusted 94 weights, 1 bias 
Fine tuning increased fitness by 1.2049256037371947e-8 to 0.999490608074338 adjusted 94 weights, 1 bias 
Fine tuning increased fitness by 4.095208383514404e-8 to 0.9994907156476309 adjusted 94 weights, 1 bias 
Fine tuning increased fitness by 5.2551915041831876e-8 to 0.999490768199546 adjusted 94 weights, 1 bias 
Fine tuning increased fitness by 5.462685581658633e-8 to 0.9994908228264018 adjusted 94 weights, 1 bias 
Discovered beneficial synapse from input-1457 to output-0 with weight 1.0000, helping 88.8% more records than it harms (3171/3359)
Discovery b59d1d7f analyze time 29s 317ms found 1 candidates
Fine tuning increased fitness by 1.3212304772469707e-7 to 0.9994909549494495 adjusted 94 weights, 1 bias 
Fine tuning increased fitness by 2.8424202069832205e-7 to 0.9994914418961023 adjusted 93 weights, 1 bias 
Generation 170 score 0.9994914418961023  error 0.000500337615634927 avg time 1s 56ms
Set training/discovery clean up count to 2
Waiting for discovery to complete
Fine tuning increased fitness by 1.8371033982944596e-7 to 0.9994916256064421 adjusted 93 weights, 1 bias 
Discovered harmful synapse from input-1367 to output-1, harming 18.7% more records than it helps (1365/3359)
Discovery b59d1d7f analyze harmful time 3s 559ms found 1 candidates
Generation 171 score 0.9994916256064421  error 0.0005001539052951561 avg time 105ms
Waiting for discovery to complete
Discovery b59d1d7f analyze squashes time 1s 8ms found 2 candidates, Summary: output-0 LOGISTIC -> BENT_IDENTITY improved: 67.9% error: 87.1320 -> 28.0104,output-2 LeakyReLU -> LogSigmoid improved: 28.0% error: 5.1669 -> 3.7208
Fine tuning increased fitness by 1.5995318847217277e-8 to 0.999491641601761 adjusted 93 weights, 1 bias 
Generation 172 score 0.999491641601761  error 0.0005001379099762983 avg time 92ms
Waiting for discovery to complete
Fine tuning increased fitness by 2.416955946493715e-8 to 0.9994916657713204 adjusted 93 weights, 1 bias 
Generation 173 score 0.9994916657713204  error 0.0005001137404168403 avg time 85ms
Waiting for training/discovery clean up 2
Fine tuning increased fitness by 1.9423346375724293e-8 to 0.9994916851946668 adjusted 93 weights, 1 bias 
Generation 174 score 0.9994916851946668  error 0.0005000943170704407 avg time 108ms
Waiting for training/discovery clean up 1
Fine tuning increased fitness by 2.7515130174293745e-9 to 0.9994916879461798 adjusted 93 weights, 1 bias 
Generation 175 score 0.9994916879461798  error 0.000500091565557362 avg time 86ms
{
  error: 0.000500091565557362,
  score: 0.9994916879461798,
  generation: 175,
  time: 185842
}

=== Processing USDCNY (3/10) ===
1 mutation, mutation rate 25.3%, elitism 5, mutation FFW, selection TOURNAMENT
Creature count: 50
Culling duplicate creature at 46 of 51
DeDuplication of 1 creatures to 50 in  (previous experiment )
Training 5a3aca0d with 1 binary file, target error: 0.000001, iterations: 1, sample rate: 100%, sparse: 100%
Discovery 5a3aca0d with 1 binary files, sample rate: 100%, batch size: 512
Discovery 5a3aca0d initialize time 88ms
Discovery 5a3aca0d processing .trainData-fx_c_88/USDCNY/data.bin
Discovery 5a3aca0d read time 10ms for .trainData-fx_c_88/USDCNY/data.bin with 3359 records
Discovery 5a3aca0d scanning time 995ms
Training c8c238cd with 1 binary file, target error: 0.000001, iterations: 1, sample rate: 100%, sparse: 100%
Discovery 5a3aca0d recorded time 1s 903ms
Fine tuning increased fitness by 8.693118036529057e-8 to 0.9993589437462447 adjusted 102 weights, 1 bias 
Training 3967722a with 1 binary file, target error: 0.000001, iterations: 1, sample rate: 100%, sparse: 100%
Training e1664f3f with 1 binary file, target error: 0.000001, iterations: 1, sample rate: 100%, sparse: 100%
Training dc631a19 with 1 binary file, target error: 0.000001, iterations: 1, sample rate: 100%, sparse: 100%
Discovered beneficial synapse from input-1014 to output-0 with weight 1.0000, helping 79.6% more records than it harms (3016/3359)
Discovery 5a3aca0d analyze time 7s 115ms found 1 candidates
Discovered harmful synapse from input-91 to output-0, harming 79.3% more records than it helps (347/3359)
Discovery 5a3aca0d analyze harmful time 271ms found 1 candidates
Discovery 5a3aca0d analyze squashes time 241ms found 1 candidate, Summary: output-0 LOGISTIC -> LogSigmoid improved: 62.2% error: 99.3123 -> 37.5202
Fine tuning increased fitness by 1.2048339659287421e-8 to 0.9993589852984724 adjusted 360 weights, 7 biases 
Training 97ddc12c with 1 binary file, target error: 0.000001, iterations: 1, sample rate: 100%, sparse: 100%
Discovery 97ddc12c with 1 binary files, sample rate: 100%, batch size: 512
Discovery 97ddc12c initialize time 88ms
Discovery 97ddc12c processing .trainData-fx_c_88/USDCNY/data.bin
Over populated 56, expected 50.
Generation 10 score 0.9993595235531451  error 0.0006312956654893544 avg time 1s 274ms
Discovery 97ddc12c read time 4ms for .trainData-fx_c_88/USDCNY/data.bin with 3359 records
Discovery 97ddc12c scanning time 990ms
Training 813ea56b with 1 binary file, target error: 0.000001, iterations: 1, sample rate: 100%, sparse: 100%
Discovery 97ddc12c recorded time 1s 969ms
Over populated 52, expected 50.
Training 99da725b with 1 binary file, target error: 0.000001, iterations: 1, sample rate: 100%, sparse: 100%
Training ad6197e1 with 1 binary file, target error: 0.000001, iterations: 1, sample rate: 100%, sparse: 100%
Over populated 52, expected 50.
Training 9ac028d7 with 1 binary file, target error: 0.000001, iterations: 1, sample rate: 100%, sparse: 100%
Fine tuning increased fitness by 3.4248074864962064e-7 to 0.9993640074993679 adjusted 437 weights, 7 biases 
Over populated 52, expected 50.
Training 0e0bf589 with 1 binary file, target error: 0.000001, iterations: 1, sample rate: 100%, sparse: 100%
Training 304e1516 with 1 binary file, target error: 0.000001, iterations: 1, sample rate: 100%, sparse: 100%
Fine tuning increased fitness by 1.4276903548271491e-8 to 0.9993641231046779 adjusted 266 weights, 4 biases 
Training 9a3f1975 with 1 binary file, target error: 0.000001, iterations: 1, sample rate: 100%, sparse: 100%
Training df36e278 with 1 binary file, target error: 0.000001, iterations: 1, sample rate: 100%, sparse: 100%
Fine tuning increased fitness by 1.106158997732365e-8 to 0.9993641418029815 adjusted 190 weights, 4 biases 
Training 41c1b720 with 1 binary file, target error: 0.000001, iterations: 1, sample rate: 100%, sparse: 100%
Discovered beneficial synapse from input-1014 to output-0 with weight 1.0000, helping 79.6% more records than it harms (3017/3359)
Discovery 97ddc12c analyze time 13s 595ms found 1 candidates
Discovered harmful synapse from input-91 to output-0, harming 79.4% more records than it helps (346/3359)
Discovery 97ddc12c analyze harmful time 251ms found 1 candidates
Discovery 97ddc12c analyze squashes time 224ms found 1 candidate, Summary: output-0 LOGISTIC -> LogSigmoid improved: 62.3% error: 99.3218 -> 37.4585
Generation 20 score 0.999366889882495  error 0.0006239293362537874 avg time 1s 540ms
Discovery 05f97982 with 1 binary files, sample rate: 100%, batch size: 512
Discovery 05f97982 initialize time 82ms
Discovery 05f97982 processing .trainData-fx_c_88/USDCNY/data.bin
Discovery 05f97982 read time 5ms for .trainData-fx_c_88/USDCNY/data.bin with 3359 records
Discovery 05f97982 scanning time 1s 50ms
Training 4c361538 with 1 binary file, target error: 0.000001, iterations: 1, sample rate: 100%, sparse: 100%
Discovery 05f97982 recorded time 1s 958ms
Fine tuning increased fitness by 8.710405341449956e-8 to 0.9993687959416969 adjusted 188 weights, 4 biases 
Training b2d34546 with 1 binary file, target error: 0.000001, iterations: 1, sample rate: 100%, sparse: 100%
Fine tuning increased fitness by 1.3323129333109307e-7 to 0.9993689291729903 adjusted 188 weights, 4 biases 
Training 2111bc7b with 1 binary file, target error: 0.000001, iterations: 1, sample rate: 100%, sparse: 100%
Over populated 52, expected 50.
Fine tuning increased fitness by 5.170742434223996e-8 to 0.999369232210115 adjusted 183 weights, 4 biases 
Discovered beneficial synapse from input-1014 to output-0 with weight 1.0000, helping 79.5% more records than it harms (3015/3359)
Discovery 05f97982 analyze time 7s 100ms found 1 candidates
Discovered harmful synapse from input-91 to output-0, harming 79.2% more records than it helps (350/3359)
Discovery 05f97982 analyze harmful time 246ms found 1 candidates
Discovery 05f97982 analyze squashes time 268ms found 1 candidate, Summary: output-0 LOGISTIC -> LogSigmoid improved: 62.1% error: 98.8607 -> 37.4527
Training a6fa268b with 1 binary file, target error: 0.000001, iterations: 1, sample rate: 100%, sparse: 100%
Fine tuning increased fitness by 7.327509288224121e-8 to 0.9993693054852079 adjusted 183 weights, 4 biases 
Discovery a6fa268b with 1 binary files, sample rate: 100%, batch size: 512
Discovery a6fa268b initialize time 87ms
Discovery a6fa268b processing .trainData-fx_c_88/USDCNY/data.bin
Over populated 54, expected 50.
Discovery a6fa268b read time 6ms for .trainData-fx_c_88/USDCNY/data.bin with 3359 records
Discovery a6fa268b scanning time 1s 4ms
Training d4c1ae06 with 1 binary file, target error: 0.000001, iterations: 1, sample rate: 100%, sparse: 100%
Fine tuning increased fitness by 2.1533097749326657e-8 to 0.9993693270183056 adjusted 183 weights, 4 biases 
Discovery a6fa268b recorded time 1s 948ms
Fine tuning increased fitness by 7.473398233592832e-9 to 0.9993693344917038 adjusted 183 weights, 4 biases 
Generation 30 score 0.9993693344917038  error 0.0006214647273407954 avg time 1s 441ms
Training 6786071f with 1 binary file, target error: 0.000001, iterations: 1, sample rate: 100%, sparse: 100%
Fine tuning increased fitness by 3.238010075623521e-7 to 0.9993700206302947 adjusted 182 weights, 3 biases 
Training 2e4b440c with 1 binary file, target error: 0.000001, iterations: 1, sample rate: 100%, sparse: 100%
Fine tuning increased fitness by 1.8382088762258775e-7 to 0.9993710780088798 adjusted 154 weights, 3 biases 
Training 89b20ab7 with 1 binary file, target error: 0.000001, iterations: 1, sample rate: 100%, sparse: 100%
Training ce00c1fb with 1 binary file, target error: 0.000001, iterations: 1, sample rate: 100%, sparse: 100%
Discovered beneficial synapse from input-1014 to output-0 with weight 1.0000, helping 79.4% more records than it harms (3013/3359)
Discovery a6fa268b analyze time 12s 140ms found 1 candidates
Discovered harmful synapse from input-91 to output-0, harming 79.0% more records than it helps (352/3359)
Discovery a6fa268b analyze harmful time 241ms found 1 candidates
Discovery a6fa268b analyze squashes time 206ms found 1 candidate, Summary: output-0 LOGISTIC -> LogSigmoid improved: 62.9% error: 99.5095 -> 36.8809
Training ec46714b with 1 binary file, target error: 0.000001, iterations: 1, sample rate: 100%, sparse: 100%
Discovery ec46714b with 1 binary files, sample rate: 100%, batch size: 512
Discovery ec46714b initialize time 86ms
Discovery ec46714b processing .trainData-fx_c_88/USDCNY/data.bin
Discovery ec46714b read time 2ms for .trainData-fx_c_88/USDCNY/data.bin with 3359 records
Discovery ec46714b scanning time 1s 30ms
Discovery ec46714b recorded time 1s 800ms
Generation 40 score 0.9993809957992094  error 0.0006097834192843654 avg time 1s 346ms
Training 0a0265e7 with 1 binary file, target error: 0.000001, iterations: 1, sample rate: 100%, sparse: 100%
Fine tuning increased fitness by 6.298799386517118e-7 to 0.999381625679148 adjusted 104 weights, 2 biases 
Fine tuning increased fitness by 1.2970067164719268e-7 to 0.9993817553798197 adjusted 104 weights, 2 biases 
Training 8c98a5f1 with 1 binary file, target error: 0.000001, iterations: 1, sample rate: 100%, sparse: 100%
Training bf3e4cd9 with 1 binary file, target error: 0.000001, iterations: 1, sample rate: 100%, sparse: 100%
Discovered beneficial synapse from input-1014 to output-0 with weight 1.0000, helping 79.3% more records than it harms (3012/3359)
Discovery ec46714b analyze time 7s 18ms found 1 candidates
Fine tuning increased fitness by 1.7062407819956604e-8 to 0.9993823571126526 adjusted 29 weights, 1 bias 
Discovered harmful synapse from input-91 to output-0, harming 79.0% more records than it helps (353/3359)
Discovery ec46714b analyze harmful time 252ms found 1 candidates
Discovery ec46714b analyze squashes time 232ms found 1 candidate, Summary: output-0 LOGISTIC -> LogSigmoid improved: 63.7% error: 100.5940 -> 36.5526
Training 9acb2dad with 1 binary file, target error: 0.000001, iterations: 1, sample rate: 100%, sparse: 100%
Discovery 9acb2dad with 1 binary files, sample rate: 100%, batch size: 512
Discovery 9acb2dad initialize time 85ms
Discovery 9acb2dad processing .trainData-fx_c_88/USDCNY/data.bin
Discovery 9acb2dad read time 6ms for .trainData-fx_c_88/USDCNY/data.bin with 3359 records
Discovery 9acb2dad scanning time 957ms
Fine tuning increased fitness by 1.1212311079589199e-9 to 0.9993823862782029 adjusted 97 weights, 2 biases 
Discovery 9acb2dad recorded time 1s 819ms
Training 5434a0ec with 1 binary file, target error: 0.000001, iterations: 1, sample rate: 100%, sparse: 100%
Generation 50 score 0.9993824017227116  error 0.0006083774961685378 avg time 1s 311ms
Training 47721241 with 1 binary file, target error: 0.000001, iterations: 1, sample rate: 100%, sparse: 100%
Training b7e3e2ee with 1 binary file, target error: 0.000001, iterations: 1, sample rate: 100%, sparse: 100%
Discovered beneficial synapse from input-1014 to output-0 with weight 1.0000, helping 79.6% more records than it harms (3016/3359)
Discovery 9acb2dad analyze time 7s 78ms found 1 candidates
Discovered harmful synapse from input-91 to output-0, harming 79.2% more records than it helps (349/3359)
Discovery 9acb2dad analyze harmful time 269ms found 1 candidates
Discovery 9acb2dad analyze squashes time 225ms found 1 candidate, Summary: output-0 LOGISTIC -> LogSigmoid improved: 62.5% error: 98.8768 -> 37.0866
Training 571e4633 with 1 binary file, target error: 0.000001, iterations: 1, sample rate: 100%, sparse: 100%
Fine tuning increased fitness by 6.943567332218237e-8 to 0.9993827007309538 adjusted 96 weights, 2 biases 
Discovery 571e4633 with 1 binary files, sample rate: 100%, batch size: 512
Discovery 571e4633 initialize time 87ms
Discovery 571e4633 processing .trainData-fx_c_88/USDCNY/data.bin
Over populated 52, expected 50.
Discovery 571e4633 read time 4ms for .trainData-fx_c_88/USDCNY/data.bin with 3359 records
Discovery 571e4633 scanning time 1s 37ms
Fine tuning increased fitness by 7.690365466661575e-8 to 0.9993827776346085 adjusted 96 weights, 2 biases 
Discovery 571e4633 recorded time 1s 799ms
Training e8626381 with 1 binary file, target error: 0.000001, iterations: 1, sample rate: 100%, sparse: 100%
Fine tuning increased fitness by 1.0349753942762163e-8 to 0.9993827879843624 adjusted 96 weights, 2 biases 
Fine tuning increased fitness by 2.7808281677366153e-8 to 0.9993828157926441 adjusted 1 weight 
Training ad2b937b with 1 binary file, target error: 0.000001, iterations: 1, sample rate: 100%, sparse: 100%
Fine tuning increased fitness by 1.2066560972634477e-8 to 0.9993828278592051 adjusted 1 weight 
Generation 60 score 0.9993828289719582  error 0.0006079402471192015 avg time 1s 221ms
Training 15c452fb with 1 binary file, target error: 0.000001, iterations: 1, sample rate: 100%, sparse: 100%
Training 70dc30ec with 1 binary file, target error: 0.000001, iterations: 1, sample rate: 100%, sparse: 100%
Fine tuning increased fitness by 6.2534644684753e-8 to 0.9993830050690876 adjusted 92 weights, 2 biases 
Training 66ab2662 with 1 binary file, target error: 0.000001, iterations: 1, sample rate: 100%, sparse: 100%
Fine tuning increased fitness by 2.2825608625431926e-8 to 0.9993830278946962 adjusted 92 weights, 2 biases 
Fine tuning increased fitness by 7.098274967809459e-9 to 0.9993830349929712 adjusted 92 weights, 2 biases 
Training 4c0b691e with 1 binary file, target error: 0.000001, iterations: 1, sample rate: 100%, sparse: 100%
Over populated 52, expected 50.
Discovered beneficial synapse from input-1014 to output-0 with weight 1.0000, helping 79.6% more records than it harms (3016/3359)
Discovery 571e4633 analyze time 14s 163ms found 1 candidates
Discovered harmful synapse from input-91 to output-0, harming 79.2% more records than it helps (349/3359)
Discovery 571e4633 analyze harmful time 656ms found 1 candidates
Discovery 571e4633 analyze squashes time 222ms found 1 candidate, Summary: output-0 LOGISTIC -> LogSigmoid improved: 62.7% error: 99.1431 -> 37.0079
Training 4035d1b6 with 1 binary file, target error: 0.000001, iterations: 1, sample rate: 100%, sparse: 100%
Discovery 4035d1b6 with 1 binary files, sample rate: 100%, batch size: 512
Discovery 4035d1b6 initialize time 87ms
Discovery 4035d1b6 processing .trainData-fx_c_88/USDCNY/data.bin
Over populated 56, expected 50.
Discovery 4035d1b6 read time 10ms for .trainData-fx_c_88/USDCNY/data.bin with 3359 records
Discovery 4035d1b6 scanning time 983ms
Fine tuning increased fitness by 1.3902957674005734e-9 to 0.9993830363930265 adjusted 285 weights, 6 biases 
Discovery 4035d1b6 recorded time 1s 921ms
Generation 70 score 0.9993830363930265  error 0.0006076128263319256 avg time 1s 376ms
Training 8ca92be8 with 1 binary file, target error: 0.000001, iterations: 1, sample rate: 100%, sparse: 100%
Over populated 52, expected 50.
Fine tuning increased fitness by 1.9884874857822865e-9 to 0.9993830397833307 adjusted 287 weights, 6 biases 
Training 897a26fd with 1 binary file, target error: 0.000001, iterations: 1, sample rate: 100%, sparse: 100%
Fine tuning increased fitness by 3.6871296016371957e-9 to 0.9993830434704603 adjusted 287 weights, 6 biases 
Fine tuning increased fitness by 4.406936260359373e-9 to 0.9993830478773965 adjusted 287 weights, 6 biases 
Training 821e361e with 1 binary file, target error: 0.000001, iterations: 1, sample rate: 100%, sparse: 100%
Discovered beneficial synapse from input-1014 to output-0 with weight 1.0000, helping 79.5% more records than it harms (3015/3359)
Discovery 4035d1b6 analyze time 7s 99ms found 1 candidates
Discovered harmful synapse from input-91 to output-0, harming 79.2% more records than it helps (350/3359)
Discovery 4035d1b6 analyze harmful time 250ms found 1 candidates
Discovery 4035d1b6 analyze squashes time 209ms found 1 candidate, Summary: output-0 LOGISTIC -> LogSigmoid improved: 62.3% error: 99.8421 -> 37.6888
Discovery 9627f41b with 1 binary files, sample rate: 100%, batch size: 512
Discovery 9627f41b initialize time 84ms
Discovery 9627f41b processing .trainData-fx_c_88/USDCNY/data.bin
Discovery 9627f41b read time 5ms for .trainData-fx_c_88/USDCNY/data.bin with 3359 records
Over populated 52, expected 50.
Discovery 9627f41b scanning time 945ms
Training a9abcf94 with 1 binary file, target error: 0.000001, iterations: 1, sample rate: 100%, sparse: 100%
Discovery 9627f41b recorded time 1s 819ms
Over populated 52, expected 50.
Training 1f2a7de2 with 1 binary file, target error: 0.000001, iterations: 1, sample rate: 100%, sparse: 100%
Fine tuning increased fitness by 7.466276408241157e-8 to 0.9993833740003564 adjusted 421 weights, 6 biases 
Training b62a8b11 with 1 binary file, target error: 0.000001, iterations: 1, sample rate: 100%, sparse: 100%
Fine tuning increased fitness by 4.405651954364487e-9 to 0.9993834047158532 adjusted 370 weights, 6 biases 
Generation 80 score 0.9993834047158532  error 0.0006072445035428044 avg time 1s 456ms
Training 6464d520 with 1 binary file, target error: 0.000001, iterations: 1, sample rate: 100%, sparse: 100%
Fine tuning increased fitness by 1.7530279228239465e-8 to 0.9993834222461324 adjusted 370 weights, 6 biases 
Over populated 52, expected 50.
Discovered beneficial synapse from input-1014 to output-0 with weight 1.0000, helping 79.5% more records than it harms (3014/3359)
Discovery 9627f41b analyze time 7s 76ms found 1 candidates
Discovered harmful synapse from input-91 to output-0, harming 79.3% more records than it helps (347/3359)
Discovery 9627f41b analyze harmful time 629ms found 1 candidates
Discovery 9627f41b analyze squashes time 259ms found 1 candidate, Summary: output-0 LOGISTIC -> LogSigmoid improved: 62.3% error: 100.4391 -> 37.8483
Training 0585bae8 with 1 binary file, target error: 0.000001, iterations: 1, sample rate: 100%, sparse: 100%
Discovery 0585bae8 with 1 binary files, sample rate: 100%, batch size: 512
Discovery 0585bae8 initialize time 79ms
Discovery 0585bae8 processing .trainData-fx_c_88/USDCNY/data.bin
Over populated 56, expected 50.
Discovery 0585bae8 read time 10ms for .trainData-fx_c_88/USDCNY/data.bin with 3359 records
Discovery 0585bae8 scanning time 956ms
Training a145529d with 1 binary file, target error: 0.000001, iterations: 1, sample rate: 100%, sparse: 100%
Fine tuning increased fitness by 2.586797753778569e-8 to 0.9993834802612904 adjusted 180 weights, 2 biases 
Discovery 0585bae8 recorded time 1s 920ms
Fine tuning increased fitness by 5.3981157321914e-8 to 0.9993835342424477 adjusted 180 weights, 2 biases 
Training a361be5d with 1 binary file, target error: 0.000001, iterations: 1, sample rate: 100%, sparse: 100%
Training 71e6319b with 1 binary file, target error: 0.000001, iterations: 1, sample rate: 100%, sparse: 100%
Fine tuning increased fitness by 3.5183252788950625e-7 to 0.999384182491083 adjusted 340 weights, 6 biases 
Training d0579b2c with 1 binary file, target error: 0.000001, iterations: 1, sample rate: 100%, sparse: 100%
Fine tuning increased fitness by 5.61687756750473e-7 to 0.9993847441788397 adjusted 340 weights, 6 biases 
Discovered beneficial synapse from input-1014 to output-0 with weight 1.0000, helping 80.1% more records than it harms (3024/3359)
Discovery 0585bae8 analyze time 7s 64ms found 1 candidates
Discovered harmful synapse from input-91 to output-0, harming 79.9% more records than it helps (337/3359)
Discovery 0585bae8 analyze harmful time 353ms found 1 candidates
Discovery 0585bae8 analyze squashes time 237ms found 1 candidate, Summary: output-0 LOGISTIC -> LogSigmoid improved: 62.1% error: 100.2971 -> 37.9984
Over populated 52, expected 50.
Fine tuning increased fitness by 0.0000010876280707172725 to 0.9993858318069104 adjusted 340 weights, 6 biases 
Discovery 1d95cc66 with 1 binary files, sample rate: 100%, batch size: 512
Discovery 1d95cc66 initialize time 82ms
Discovery 1d95cc66 processing .trainData-fx_c_88/USDCNY/data.bin
Discovery 1d95cc66 read time 3ms for .trainData-fx_c_88/USDCNY/data.bin with 3359 records
Over populated 53, expected 50.
Generation 90 score 0.9993858318069104  error 0.0006048174125125356 avg time 1s 475ms
Discovery 1d95cc66 scanning time 936ms
Training 8e893737 with 1 binary file, target error: 0.000001, iterations: 1, sample rate: 100%, sparse: 100%
Fine tuning increased fitness by 0.000001830554390958028 to 0.9993876623613014 adjusted 340 weights, 6 biases 
Discovery 1d95cc66 recorded time 1s 874ms
Training 4782faac with 1 binary file, target error: 0.000001, iterations: 1, sample rate: 100%, sparse: 100%
Fine tuning increased fitness by 0.000003868610251922533 to 0.9993932950507937 adjusted 331 weights, 6 biases 
Training 8bebc67b with 1 binary file, target error: 0.000001, iterations: 1, sample rate: 100%, sparse: 100%
Training 9bd03110 with 1 binary file, target error: 0.000001, iterations: 1, sample rate: 100%, sparse: 100%
Training 5e49f4d8 with 1 binary file, target error: 0.000001, iterations: 1, sample rate: 100%, sparse: 100%
Fine tuning increased fitness by 3.6343699250096506e-7 to 0.9993964292738593 adjusted 321 weights, 6 biases 
Training 6ca7644c with 1 binary file, target error: 0.000001, iterations: 1, sample rate: 100%, sparse: 100%
Fine tuning increased fitness by 0.0000010191114412361202 to 0.9993974483853005 adjusted 321 weights, 6 biases 
Over populated 52, expected 50.
Fine tuning increased fitness by 3.526855765212389e-7 to 0.9993978010708771 adjusted 321 weights, 6 biases 
Discovered beneficial synapse from input-1014 to output-0 with weight 1.0000, helping 80.2% more records than it harms (3026/3359)
Discovery 1d95cc66 analyze time 12s 101ms found 1 candidates
Discovered harmful synapse from input-91 to output-0, harming 80.1% more records than it helps (335/3359)
Discovery 1d95cc66 analyze harmful time 258ms found 1 candidates
Discovery 1d95cc66 analyze squashes time 203ms found 1 candidate, Summary: output-0 LOGISTIC -> LogSigmoid improved: 62.2% error: 100.6488 -> 38.0530
Training 7b441ac6 with 1 binary file, target error: 0.000001, iterations: 1, sample rate: 100%, sparse: 100%
Discovery 7b441ac6 with 1 binary files, sample rate: 100%, batch size: 512
Discovery 7b441ac6 initialize time 82ms
Discovery 7b441ac6 processing .trainData-fx_c_88/USDCNY/data.bin
Over populated 54, expected 50.
Generation 100 score 0.9993978020732277  error 0.000592847146057415 avg time 1s 489ms
Discovery 7b441ac6 read time 5ms for .trainData-fx_c_88/USDCNY/data.bin with 3359 records
Discovery 7b441ac6 scanning time 980ms
Training 26d33861 with 1 binary file, target error: 0.000001, iterations: 1, sample rate: 100%, sparse: 100%
Discovery 7b441ac6 recorded time 1s 950ms
Training 49cb58ab with 1 binary file, target error: 0.000001, iterations: 1, sample rate: 100%, sparse: 100%
Fine tuning increased fitness by 7.525345679937345e-9 to 0.9993984275405411 adjusted 93 weights, 3 biases 
Fine tuning increased fitness by 1.0350236001599455e-8 to 0.9993984378907771 adjusted 93 weights, 3 biases 
Training 57016a31 with 1 binary file, target error: 0.000001, iterations: 1, sample rate: 100%, sparse: 100%
Discovered beneficial synapse from input-1014 to output-0 with weight 1.0000, helping 80.6% more records than it harms (3034/3359)
Discovery 7b441ac6 analyze time 7s 213ms found 1 candidates
Discovered harmful synapse from input-91 to output-0, harming 80.5% more records than it helps (327/3359)
Discovery 7b441ac6 analyze harmful time 265ms found 1 candidates
Training 87dc3265 with 1 binary file, target error: 0.000001, iterations: 1, sample rate: 100%, sparse: 100%
Fine tuning increased fitness by 1.0380899695405787e-8 to 0.9993986705860975 adjusted 56 weights, 2 biases 
Discovery 7b441ac6 analyze squashes time 204ms found 1 candidate, Summary: output-0 LOGISTIC -> BENT_IDENTITY improved: 63.3% error: 101.4524 -> 37.2486
Discovery 6f3dafcf with 1 binary files, sample rate: 100%, batch size: 512
Discovery 6f3dafcf initialize time 81ms
Discovery 6f3dafcf processing .trainData-fx_c_88/USDCNY/data.bin
Discovery 6f3dafcf read time 11ms for .trainData-fx_c_88/USDCNY/data.bin with 3359 records
Discovery 6f3dafcf scanning time 951ms
Discovery 6f3dafcf recorded time 1s 777ms
Generation 110 score 0.9994008792586034  error 0.0005898899602727445 avg time 1s 377ms
Fine tuning increased fitness by 0.0000010407531244593926 to 0.9994019200117279 adjusted 53 weights, 2 biases 
Discovered beneficial synapse from input-1014 to output-0 with weight 1.0000, helping 80.1% more records than it harms (3025/3359)
Discovery 6f3dafcf analyze time 7s 102ms found 1 candidates
Discovered harmful synapse from input-91 to output-0, harming 80.0% more records than it helps (336/3359)
Discovery 6f3dafcf analyze harmful time 255ms found 1 candidates
Discovery 6f3dafcf analyze squashes time 207ms found 1 candidate, Summary: output-0 LOGISTIC -> BENT_IDENTITY improved: 62.7% error: 101.4800 -> 37.8150
Generation 120 score 0.9994057812944528  error 0.0005848579244709127 avg time 1s 255ms
Fine tuning increased fitness by 0.0000016281068593304582 to 0.9994074094013121 adjusted 45 weights, 2 biases 
Fine tuning increased fitness by 1.4135850923135962e-7 to 0.9994080170291703 adjusted 45 weights, 1 bias 
Fine tuning increased fitness by 1.0984028242511101e-7 to 0.9994081268694527 adjusted 45 weights, 1 bias 
Fine tuning increased fitness by 1.0064657651742692e-7 to 0.9994100744781401 adjusted 43 weights, 1 bias 
Fine tuning increased fitness by 5.4491973378034686e-8 to 0.9994101289701135 adjusted 43 weights, 1 bias 
Generation 130 score 0.9994101289701135  error 0.0005805102488176835 avg time 1s 246ms
Generation 132 score 0.9994101801589431  error 0.000580459060028143 avg time 253ms
{
  error: 0.000580459060028143,
  score: 0.9994101801589431,
  generation: 132,
  time: 180736
}

=== Processing CADAUD (4/10) ===
1 mutation, mutation rate 5.0%, elitism 5, mutation ALL, selection POWER
Creature count: 50
Culling duplicate creature at 33 of 51
DeDuplication of 1 creatures to 50 in  (previous experiment )
Training 2203b1d2 with 1 binary file, target error: 0.000001, iterations: 1, sample rate: 100%, sparse: 100%
Discovery 2203b1d2 with 1 binary files, sample rate: 100%, batch size: 512
Discovery 2203b1d2 initialize time 89ms
Discovery 2203b1d2 processing .trainData-fx_c_88/CADAUD/data.bin
Discovery 2203b1d2 read time 4ms for .trainData-fx_c_88/CADAUD/data.bin with 3359 records
Discovery 2203b1d2 scanning time 989ms
Training 7d437ab8 with 1 binary file, target error: 0.000001, iterations: 1, sample rate: 100%, sparse: 100%
Discovery 2203b1d2 recorded time 1s 892ms
Training 89903ae3 with 1 binary file, target error: 0.000001, iterations: 1, sample rate: 100%, sparse: 100%
Training 882d79d9 with 1 binary file, target error: 0.000001, iterations: 1, sample rate: 100%, sparse: 100%
Fine tuning increased fitness by 7.282461966795495e-9 to 0.9991707692141201 adjusted 141 weights, 2 biases 
Training 803753a3 with 1 binary file, target error: 0.000001, iterations: 1, sample rate: 100%, sparse: 100%
Fine tuning increased fitness by 4.18955559133849e-9 to 0.9991707734036757 adjusted 141 weights, 2 biases 
Fine tuning increased fitness by 5.472049258159473e-9 to 0.9991707788757249 adjusted 141 weights, 2 biases 
Training d5540453 with 1 binary file, target error: 0.000001, iterations: 1, sample rate: 100%, sparse: 100%
Discovered beneficial synapse from input-1295 to 697b29e5-affc-4f94-923d-f05e83e4558d with weight -0.6344, helping 13.8% more records than it harms (1911/3359)
Discovery 2203b1d2 analyze time 11s 554ms found 1 candidates
Generation 10 score 0.9991707880302712  error 0.0008191011869861546 avg time 1s 446ms
Discovery 2203b1d2 analyze harmful time 559ms found 0 candidates
Discovery 2203b1d2 analyze squashes time 647ms found 2 candidates, Summary: output-2 LeakyReLU -> LogSigmoid improved: 29.9% error: 3.0901 -> 2.1664,output-0 LOGISTIC -> LogSigmoid improved: 26.4% error: 377.9460 -> 278.1388
Training 90eed9f0 with 1 binary file, target error: 0.000001, iterations: 1, sample rate: 100%, sparse: 100%
Fine tuning increased fitness by 1.7518129169502572e-9 to 0.9991707912853811 adjusted 89 weights, 1 bias 
Discovery 90eed9f0 with 1 binary files, sample rate: 100%, batch size: 512
Discovery 90eed9f0 initialize time 83ms
Discovery 90eed9f0 processing .trainData-fx_c_88/CADAUD/data.bin
Discovery 90eed9f0 read time 5ms for .trainData-fx_c_88/CADAUD/data.bin with 3359 records
Discovery 90eed9f0 scanning time 1s 80ms
Fine tuning increased fitness by 5.393218094340568e-9 to 0.9991707966785992 adjusted 86 weights, 1 bias 
Discovery 90eed9f0 recorded time 1s 793ms
Training 39560e30 with 1 binary file, target error: 0.000001, iterations: 1, sample rate: 100%, sparse: 100%
Fine tuning increased fitness by 8.320808486672604e-9 to 0.9991708049994077 adjusted 84 weights, 1 bias 
Fine tuning increased fitness by 1.4083857302615854e-8 to 0.999170819083265 adjusted 81 weights, 1 bias 
Training 5cba355b with 1 binary file, target error: 0.000001, iterations: 1, sample rate: 100%, sparse: 100%
Fine tuning increased fitness by 1.1928559251472848e-9 to 0.9991708202761209 adjusted 81 weights, 1 bias 
Fine tuning increased fitness by 2.6516457918290826e-9 to 0.9991708229277667 adjusted 81 weights, 1 bias 
Training 4725831b with 1 binary file, target error: 0.000001, iterations: 1, sample rate: 100%, sparse: 100%
Fine tuning increased fitness by 2.2668247279256093e-9 to 0.9991708251945914 adjusted 81 weights, 1 bias 
Fine tuning increased fitness by 2.206695048911911e-9 to 0.9991708274012865 adjusted 81 weights, 1 bias 
Discovered beneficial synapse from input-1295 to 697b29e5-affc-4f94-923d-f05e83e4558d with weight -1.0000, helping 13.8% more records than it harms (1912/3359)
Discovery 90eed9f0 analyze time 6s 130ms found 1 candidates
Training b3d99cbe with 1 binary file, target error: 0.000001, iterations: 1, sample rate: 100%, sparse: 100%
Discovery 90eed9f0 analyze harmful time 447ms found 0 candidates
Fine tuning increased fitness by 3.1470572814384923e-9 to 0.9991708305483438 adjusted 81 weights, 1 bias 
Discovery 90eed9f0 analyze squashes time 201ms found 0 candidates
Generation 20 score 0.9991708305483438  error 0.0008190586689119075 avg time 1s 74ms
Fine tuning increased fitness by 2.9400911705224075e-9 to 0.9991708334884349 adjusted 81 weights, 1 bias 
Discovery 9ebe5067 with 1 binary files, sample rate: 100%, batch size: 512
Discovery 9ebe5067 initialize time 86ms
Discovery 9ebe5067 processing .trainData-fx_c_88/CADAUD/data.bin
Training 1caf0e39 with 1 binary file, target error: 0.000001, iterations: 1, sample rate: 100%, sparse: 100%
Discovery 9ebe5067 read time 8ms for .trainData-fx_c_88/CADAUD/data.bin with 3359 records
Fine tuning increased fitness by 4.2289826085450954e-9 to 0.9991708377174175 adjusted 81 weights, 1 bias 
Discovery 9ebe5067 scanning time 1s 91ms
Discovery 9ebe5067 recorded time 1s 985ms
Fine tuning increased fitness by 6.180000511335493e-9 to 0.9991708438974181 adjusted 81 weights, 1 bias 
Training b6445ccc with 1 binary file, target error: 0.000001, iterations: 1, sample rate: 100%, sparse: 100%
Fine tuning increased fitness by 2.744750215999403e-8 to 0.9991708713449202 adjusted 80 weights, 1 bias 
Fine tuning increased fitness by 4.727258795522715e-8 to 0.9991709186175082 adjusted 80 weights, 1 bias 
Training 45e4a7f9 with 1 binary file, target error: 0.000001, iterations: 1, sample rate: 100%, sparse: 100%
Fine tuning increased fitness by 2.861052383895668e-8 to 0.999170947228032 adjusted 80 weights, 1 bias 
Fine tuning increased fitness by 4.5031020801111765e-8 to 0.9991709922590528 adjusted 80 weights, 1 bias 
Training ef6b8944 with 1 binary file, target error: 0.000001, iterations: 1, sample rate: 100%, sparse: 100%
Fine tuning increased fitness by 1.8839819593274854e-8 to 0.9991710110988724 adjusted 80 weights, 1 bias 
Fine tuning increased fitness by 6.439046318362784e-8 to 0.9991710754893356 adjusted 80 weights, 1 bias 
Training 872d4d99 with 1 binary file, target error: 0.000001, iterations: 1, sample rate: 100%, sparse: 100%
Fine tuning increased fitness by 2.782487906749509e-9 to 0.9991710782718235 adjusted 80 weights, 1 bias 
Generation 30 score 0.9991710782718235  error 0.0008188109454263923 avg time 1s 18ms
Fine tuning increased fitness by 3.676552062792382e-9 to 0.9991710819483756 adjusted 80 weights, 1 bias 
Training 6635eb20 with 1 binary file, target error: 0.000001, iterations: 1, sample rate: 100%, sparse: 100%
Fine tuning increased fitness by 3.3626313955537057e-9 to 0.999171085311007 adjusted 80 weights, 1 bias 
Fine tuning increased fitness by 1.0005033468374336e-9 to 0.9991710863115103 adjusted 80 weights, 1 bias 
Training 766a1542 with 1 binary file, target error: 0.000001, iterations: 1, sample rate: 100%, sparse: 100%
Fine tuning increased fitness by 7.817744229754453e-10 to 0.9991710870932847 adjusted 80 weights, 1 bias 
Discovered beneficial synapse from input-1295 to 697b29e5-affc-4f94-923d-f05e83e4558d with weight -1.0000, helping 13.9% more records than it harms (1912/3359)
Discovery 9ebe5067 analyze time 11s 493ms found 1 candidates
Discovery 9ebe5067 analyze harmful time 565ms found 0 candidates
Fine tuning increased fitness by 1.2004718330516084e-9 to 0.9991710882937566 adjusted 80 weights, 1 bias 
Discovery 9ebe5067 analyze squashes time 402ms found 1 candidate, Summary: output-0 LOGISTIC -> LogSigmoid improved: 26.4% error: 378.0145 -> 278.2000
Training ddaa189f with 1 binary file, target error: 0.000001, iterations: 1, sample rate: 100%, sparse: 100%
Discovery ddaa189f with 1 binary files, sample rate: 100%, batch size: 512
Fine tuning increased fitness by 1.2130320081737977e-9 to 0.9991710895067886 adjusted 80 weights, 1 bias 
Discovery ddaa189f initialize time 76ms
Discovery ddaa189f processing .trainData-fx_c_88/CADAUD/data.bin
Fine tuning increased fitness by 1.560157891766778e-9 to 0.9991710910669465 adjusted 80 weights, 1 bias 
Discovery ddaa189f read time 9ms for .trainData-fx_c_88/CADAUD/data.bin with 3359 records
Discovery ddaa189f scanning time 1s 62ms
Discovery ddaa189f recorded time 1s 725ms
Training fe715aa8 with 1 binary file, target error: 0.000001, iterations: 1, sample rate: 100%, sparse: 100%
Fine tuning increased fitness by 1.6207662989486948e-9 to 0.9991710926877128 adjusted 80 weights, 1 bias 
Fine tuning increased fitness by 1.6623658005698871e-9 to 0.9991710943500786 adjusted 80 weights, 1 bias 
Training 141c904d with 1 binary file, target error: 0.000001, iterations: 1, sample rate: 100%, sparse: 100%
Fine tuning increased fitness by 3.808556803264196e-10 to 0.9991710947309342 adjusted 80 weights, 1 bias 
Generation 40 score 0.9991710947309342  error 0.0008187944863145098 avg time 1s 15ms
Fine tuning increased fitness by 4.724638458242225e-10 to 0.9991710952033981 adjusted 80 weights, 1 bias 
Training 16a40f09 with 1 binary file, target error: 0.000001, iterations: 1, sample rate: 100%, sparse: 100%
Fine tuning increased fitness by 5.1389500654863696e-8 to 0.9991711523584971 adjusted 266 weights, 1 bias 
Training 42e9db56 with 1 binary file, target error: 0.000001, iterations: 1, sample rate: 100%, sparse: 100%
Training 9a29b970 with 1 binary file, target error: 0.000001, iterations: 1, sample rate: 100%, sparse: 100%
Fine tuning increased fitness by 2.406671972821073e-9 to 0.9991711691083744 adjusted 24 weights, 1 bias 
Discovered beneficial synapse from input-1295 to 697b29e5-affc-4f94-923d-f05e83e4558d with weight -1.0000, helping 13.8% more records than it harms (1911/3359)
Discovery ddaa189f analyze time 12s 163ms found 1 candidates
Training 9916e1f1 with 1 binary file, target error: 0.000001, iterations: 1, sample rate: 100%, sparse: 100%
Discovery ddaa189f analyze harmful time 559ms found 0 candidates
Discovery ddaa189f analyze squashes time 225ms found 1 candidate, Summary: output-0 LOGISTIC -> LogSigmoid improved: 26.4% error: 377.9926 -> 278.1650
Fine tuning increased fitness by 1.3735304227324718e-8 to 0.9991711874094428 adjusted 136 weights, 1 bias 
Discovery 1528466f with 1 binary files, sample rate: 100%, batch size: 512
Discovery 1528466f initialize time 84ms
Discovery 1528466f processing .trainData-fx_c_88/CADAUD/data.bin
Discovery 1528466f read time 5ms for .trainData-fx_c_88/CADAUD/data.bin with 3359 records
Discovery 1528466f scanning time 1s 13ms
Training e2cacb64 with 1 binary file, target error: 0.000001, iterations: 1, sample rate: 100%, sparse: 100%
Fine tuning increased fitness by 1.3260520570490542e-8 to 0.9991712006699633 adjusted 136 weights, 1 bias 
Discovery 1528466f recorded time 1s 692ms
Generation 50 score 0.9991712006699633  error 0.0008186885472819803 avg time 1s 278ms
Fine tuning increased fitness by 2.0801995792574246e-8 to 0.9991712214719591 adjusted 136 weights, 1 bias 
Training 96946174 with 1 binary file, target error: 0.000001, iterations: 1, sample rate: 100%, sparse: 100%
Fine tuning increased fitness by 1.0547938855687278e-8 to 0.999171232019898 adjusted 136 weights, 1 bias 
Fine tuning increased fitness by 1.4071369625057173e-8 to 0.9991712460912676 adjusted 136 weights, 1 bias 
Training d3323bfc with 1 binary file, target error: 0.000001, iterations: 1, sample rate: 100%, sparse: 100%
Fine tuning increased fitness by 1.3263012133002405e-8 to 0.9991712593542798 adjusted 136 weights, 1 bias 
Fine tuning increased fitness by 9.38340738443344e-9 to 0.9991712687376871 adjusted 136 weights, 1 bias 
Discovered beneficial synapse from input-1295 to output-0 with weight 1.0000, helping 13.6% more records than it harms (1890/3359)
Discovery 1528466f analyze time 5s 582ms found 1 candidates
Discovery 1528466f analyze harmful time 563ms found 0 candidates
Training 5b9c22c6 with 1 binary file, target error: 0.000001, iterations: 1, sample rate: 100%, sparse: 100%
Fine tuning increased fitness by 1.6211594178194844e-8 to 0.9991712849492813 adjusted 136 weights, 1 bias 
Discovery 1528466f analyze squashes time 382ms found 2 candidates, Summary: output-0 LOGISTIC -> LogSigmoid improved: 26.4% error: 377.9607 -> 278.1740,output-2 LeakyReLU -> LogSigmoid improved: 29.9% error: 3.0898 -> 2.1662
Fine tuning increased fitness by 1.3627238115709872e-8 to 0.9991712985765194 adjusted 136 weights, 1 bias 
Discovery 2e4845e3 with 1 binary files, sample rate: 100%, batch size: 512
Discovery 2e4845e3 initialize time 86ms
Discovery 2e4845e3 processing .trainData-fx_c_88/CADAUD/data.bin
Discovery 2e4845e3 read time 5ms for .trainData-fx_c_88/CADAUD/data.bin with 3359 records
Discovery 2e4845e3 scanning time 981ms
Training a8540a8b with 1 binary file, target error: 0.000001, iterations: 1, sample rate: 100%, sparse: 100%
Fine tuning increased fitness by 1.3432239764910037e-8 to 0.9991713120087592 adjusted 136 weights, 1 bias 
Discovery 2e4845e3 recorded time 1s 767ms
Fine tuning increased fitness by 1.171956420797926e-8 to 0.9991713237283234 adjusted 136 weights, 1 bias 
Training 92ec2abe with 1 binary file, target error: 0.000001, iterations: 1, sample rate: 100%, sparse: 100%
Fine tuning increased fitness by 7.213516672877063e-9 to 0.9991713309418401 adjusted 136 weights, 1 bias 
Generation 60 score 0.9991713309418401  error 0.0008185582754088597 avg time 1s 148ms
Fine tuning increased fitness by 4.138836495748421e-9 to 0.9991713350806766 adjusted 136 weights, 1 bias 
Training 68cb7d6f with 1 binary file, target error: 0.000001, iterations: 1, sample rate: 100%, sparse: 100%
Training 0d6b9c6c with 1 binary file, target error: 0.000001, iterations: 1, sample rate: 100%, sparse: 100%
Fine tuning increased fitness by 1.577290520415886e-10 to 0.9991713353621424 adjusted 42 weights 
Fine tuning increased fitness by 1.9370127724016584e-10 to 0.9991713355558437 adjusted 42 weights 
Training 67460aa7 with 1 binary file, target error: 0.000001, iterations: 1, sample rate: 100%, sparse: 100%
Fine tuning increased fitness by 3.1500779762438924e-10 to 0.9991713358708515 adjusted 42 weights 
Fine tuning increased fitness by 4.958807808819188e-10 to 0.9991713363667323 adjusted 42 weights 
Training 5475be9b with 1 binary file, target error: 0.000001, iterations: 1, sample rate: 100%, sparse: 100%
Fine tuning increased fitness by 7.349777453313777e-10 to 0.99917133710171 adjusted 42 weights 
Discovered beneficial synapse from input-1306 to output-2 with weight 1.0000, helping 30.9% more records than it harms (2198/3359)
Discovery 2e4845e3 analyze time 11s 308ms found 1 candidates
Fine tuning increased fitness by 1.02078778763115e-9 to 0.9991713381224978 adjusted 42 weights 
Discovered harmful synapse from input-1305 to output-2, harming 30.1% more records than it helps (1174/3359)
Discovery 2e4845e3 analyze harmful time 839ms found 1 candidates
Discovery 2e4845e3 analyze squashes time 582ms found 3 candidates, Summary: output-0 LOGISTIC -> LogSigmoid improved: 26.4% error: 377.9607 -> 278.1740,697b29e5-affc-4f94-923d-f05e83e4558d Swish -> ReLU improved: 6.9% error: 0.2073 -> 0.1930,output-2 LeakyReLU -> LogSigmoid improved: 29.9% error: 3.0902 -> 2.1667
Training 3a5e5074 with 1 binary file, target error: 0.000001, iterations: 1, sample rate: 100%, sparse: 100%
Fine tuning increased fitness by 1.3997447645408556e-9 to 0.9991713395222426 adjusted 42 weights 
Discovery 3a5e5074 with 1 binary files, sample rate: 100%, batch size: 512
Discovery 3a5e5074 initialize time 85ms
Discovery 3a5e5074 processing .trainData-fx_c_88/CADAUD/data.bin
Generation 70 score 0.9991713395222426  error 0.0008185496950066067 avg time 1s 162ms
Discovery 3a5e5074 read time 6ms for .trainData-fx_c_88/CADAUD/data.bin with 3359 records
Discovery 3a5e5074 scanning time 1s 32ms
Fine tuning increased fitness by 2.210811311798011e-9 to 0.9991713417330539 adjusted 42 weights 
Discovery 3a5e5074 recorded time 1s 756ms
Training b904ed16 with 1 binary file, target error: 0.000001, iterations: 1, sample rate: 100%, sparse: 100%
Training a5b880af with 1 binary file, target error: 0.000001, iterations: 1, sample rate: 100%, sparse: 100%
Fine tuning increased fitness by 1.5996967417386543e-8 to 0.9991713874147916 adjusted 72 weights, 2 biases 
Fine tuning increased fitness by 8.831791853403104e-9 to 0.9991713962465835 adjusted 72 weights, 2 biases 
Training 12abf475 with 1 binary file, target error: 0.000001, iterations: 1, sample rate: 100%, sparse: 100%
Fine tuning increased fitness by 1.1598998206352462e-8 to 0.9991714078455817 adjusted 72 weights, 2 biases 
Fine tuning increased fitness by 4.493560523677331e-9 to 0.9991714123391422 adjusted 72 weights, 2 biases 
Training 97d7a8e4 with 1 binary file, target error: 0.000001, iterations: 1, sample rate: 100%, sparse: 100%
Fine tuning increased fitness by 9.045205917601606e-9 to 0.9991714213843481 adjusted 72 weights, 2 biases 
Training 62222718 with 1 binary file, target error: 0.000001, iterations: 1, sample rate: 100%, sparse: 100%
Discovered beneficial synapse from input-1306 to output-2 with weight 1.0000, helping 30.6% more records than it harms (2194/3359)
Discovery 3a5e5074 analyze time 12s 306ms found 1 candidates
Discovery 3a5e5074 analyze harmful time 175ms found 0 candidates
Generation 80 score 0.9991714401034504  error 0.0008184591136871002 avg time 1s 363ms
Discovery 3a5e5074 analyze squashes time 401ms found 2 candidates, Summary: output-2 LeakyReLU -> LogSigmoid improved: 29.9% error: 3.0899 -> 2.1664,output-0 LOGISTIC -> LogSigmoid improved: 26.4% error: 377.9607 -> 278.1740
Fine tuning increased fitness by 2.8214165448403605e-9 to 0.9991714429248669 adjusted 38 weights 
Training 7c582fe8 with 1 binary file, target error: 0.000001, iterations: 1, sample rate: 100%, sparse: 100%
Fine tuning increased fitness by 1.3678591592736211e-9 to 0.9991714442927261 adjusted 30 weights 
Discovery 7c582fe8 with 1 binary files, sample rate: 100%, batch size: 512
Discovery 7c582fe8 initialize time 80ms
Discovery 7c582fe8 processing .trainData-fx_c_88/CADAUD/data.bin
Fine tuning increased fitness by 2.17114826117637e-9 to 0.9991714464638743 adjusted 30 weights 
Discovery 7c582fe8 read time 4ms for .trainData-fx_c_88/CADAUD/data.bin with 3359 records
Discovery 7c582fe8 scanning time 1s 47ms
Discovery 7c582fe8 recorded time 1s 762ms
Training dc9a49b9 with 1 binary file, target error: 0.000001, iterations: 1, sample rate: 100%, sparse: 100%
Fine tuning increased fitness by 3.4423947026240853e-9 to 0.999171449906269 adjusted 30 weights 
Fine tuning increased fitness by 5.614612108573169e-9 to 0.9991714555208812 adjusted 30 weights 
Training 625cf9d2 with 1 binary file, target error: 0.000001, iterations: 1, sample rate: 100%, sparse: 100%
Culling duplicate creature at 40 of 51
DeDuplication of 1 creatures to 50 in 10ms (previous experiment )
Fine tuning increased fitness by 1.2897148571333616e-8 to 0.9991714775932646 adjusted 197 weights, 4 biases 
Training ef35ba26 with 1 binary file, target error: 0.000001, iterations: 1, sample rate: 100%, sparse: 100%
Discovered beneficial synapse from input-1295 to output-0 with weight 1.0000, helping 13.9% more records than it harms (1895/3359)
Discovery 7c582fe8 analyze time 6s 89ms found 1 candidates
Fine tuning increased fitness by 9.952627944009862e-9 to 0.9991715168078925 adjusted 223 weights, 6 biases 
Discovered harmful synapse from input-1305 to output-2, harming 29.9% more records than it helps (1177/3359)
Discovery 7c582fe8 analyze harmful time 842ms found 1 candidates
Discovery 7c582fe8 analyze squashes time 427ms found 2 candidates, Summary: output-0 LOGISTIC -> LogSigmoid improved: 26.5% error: 378.1964 -> 278.1266,output-2 LeakyReLU -> LogSigmoid improved: 29.9% error: 3.0899 -> 2.1663
Training 5c96e785 with 1 binary file, target error: 0.000001, iterations: 1, sample rate: 100%, sparse: 100%
Discovery 5c96e785 with 1 binary files, sample rate: 100%, batch size: 512
Discovery 5c96e785 initialize time 88ms
Discovery 5c96e785 processing .trainData-fx_c_88/CADAUD/data.bin
Discovery 5c96e785 read time 6ms for .trainData-fx_c_88/CADAUD/data.bin with 3359 records
Over populated 55, expected 50.
Generation 90 score 0.9991715195999689  error 0.0008183796171661722 avg time 1s 255ms
Discovery 5c96e785 scanning time 955ms
Fine tuning increased fitness by 5.446690098942497e-9 to 0.999171525046659 adjusted 222 weights, 6 biases 
Discovery 5c96e785 recorded time 1s 947ms
Training 935a954a with 1 binary file, target error: 0.000001, iterations: 1, sample rate: 100%, sparse: 100%
Fine tuning increased fitness by 4.563080358011007e-9 to 0.9991715296097393 adjusted 222 weights, 6 biases 
Culling duplicate creature at 42 of 51
DeDuplication of 1 creatures to 50 in 13ms (previous experiment )
Fine tuning increased fitness by 1.949323591432517e-9 to 0.9991715315590629 adjusted 222 weights, 6 biases 
Training 99235e27 with 1 binary file, target error: 0.000001, iterations: 1, sample rate: 100%, sparse: 100%
Fine tuning increased fitness by 1.5599906921792694e-9 to 0.9991715331190536 adjusted 222 weights, 6 biases 
Training 98b88a92 with 1 binary file, target error: 0.000001, iterations: 1, sample rate: 100%, sparse: 100%
Culling duplicate creature at 41 of 51
DeDuplication of 1 creatures to 50 in 13ms (previous experiment )
Fine tuning increased fitness by 1.9906156722981905e-9 to 0.999171537469789 adjusted 216 weights, 5 biases 
Training 41ce978a with 1 binary file, target error: 0.000001, iterations: 1, sample rate: 100%, sparse: 100%
Fine tuning increased fitness by 2.4522782693381373e-9 to 0.9991715399220673 adjusted 216 weights, 5 biases 
Discovered beneficial synapse from input-1306 to output-2 with weight 1.0000, helping 30.7% more records than it harms (2195/3359)
Discovery 5c96e785 analyze time 11s 536ms found 1 candidates
Discovery 5c96e785 analyze harmful time 225ms found 0 candidates
Fine tuning increased fitness by 3.182196395279391e-9 to 0.9991715431042637 adjusted 216 weights, 5 biases 
Discovery 5c96e785 analyze squashes time 440ms found 2 candidates, Summary: output-0 LOGISTIC -> LogSigmoid improved: 26.4% error: 377.9766 -> 278.0172,697b29e5-affc-4f94-923d-f05e83e4558d Swish -> LeakyReLU improved: 10.4% error: 0.1525 -> 0.1366
Training c596dbed with 1 binary file, target error: 0.000001, iterations: 1, sample rate: 100%, sparse: 100%
Discovery c596dbed with 1 binary files, sample rate: 100%, batch size: 512
Discovery c596dbed initialize time 82ms
Discovery c596dbed processing .trainData-fx_c_88/CADAUD/data.bin
Generation 100 score 0.9991715467805439  error 0.0008183524365502506 avg time 1s 556ms
Discovery c596dbed read time 4ms for .trainData-fx_c_88/CADAUD/data.bin with 3359 records
Discovery c596dbed scanning time 1s 13ms
Fine tuning increased fitness by 6.032593535820752e-9 to 0.9991715528131374 adjusted 216 weights, 5 biases 
Discovery c596dbed recorded time 1s 734ms
Training dd0a2666 with 1 binary file, target error: 0.000001, iterations: 1, sample rate: 100%, sparse: 100%
Fine tuning increased fitness by 9.066249306854957e-9 to 0.9991715618793867 adjusted 216 weights, 5 biases 
Fine tuning increased fitness by 1.2461681908604305e-8 to 0.9991715743410686 adjusted 216 weights, 5 biases 
Training 1176809b with 1 binary file, target error: 0.000001, iterations: 1, sample rate: 100%, sparse: 100%
Discovered beneficial synapse from input-1295 to output-0 with weight 1.0000, helping 13.9% more records than it harms (1895/3359)
Discovery c596dbed analyze time 5s 720ms found 1 candidates
Discovery c596dbed analyze harmful time 174ms found 0 candidates
Discovery c596dbed analyze squashes time 386ms found 2 candidates, Summary: output-0 LOGISTIC -> LogSigmoid improved: 26.4% error: 377.9559 -> 278.1391,output-2 LeakyReLU -> LogSigmoid improved: 29.9% error: 3.0899 -> 2.1664
Training 98ff6fe8 with 1 binary file, target error: 0.000001, iterations: 1, sample rate: 100%, sparse: 100%
Discovery 98ff6fe8 with 1 binary files, sample rate: 100%, batch size: 512
Discovery 98ff6fe8 initialize time 86ms
Discovery 98ff6fe8 processing .trainData-fx_c_88/CADAUD/data.bin
Discovery 98ff6fe8 read time 10ms for .trainData-fx_c_88/CADAUD/data.bin with 3359 records
Discovery 98ff6fe8 scanning time 1s 48ms
Fine tuning increased fitness by 7.718276684443026e-9 to 0.9991716240613198 adjusted 1 weight 
Discovery 98ff6fe8 recorded time 1s 767ms
Training 31efe788 with 1 binary file, target error: 0.000001, iterations: 1, sample rate: 100%, sparse: 100%
Fine tuning increased fitness by 1.5310341883179035e-9 to 0.999171625592354 adjusted 1 weight 
Training 050e633c with 1 binary file, target error: 0.000001, iterations: 1, sample rate: 100%, sparse: 100%
Generation 110 score 0.999171625592354  error 0.0008182636248621736 avg time 1s 289ms
Fine tuning increased fitness by 5.483391518623648e-13 to 0.9991716255929023 adjusted 1 weight 
Training f789cacf with 1 binary file, target error: 0.000001, iterations: 1, sample rate: 100%, sparse: 100%
Fine tuning increased fitness by 2.0335955142058992e-12 to 0.9991716255949359 adjusted 1 weight 
Training 152d1402 with 1 binary file, target error: 0.000001, iterations: 1, sample rate: 100%, sparse: 100%
Fine tuning increased fitness by 4.586331314726522e-13 to 0.9991716255953945 adjusted 1 weight 
Fine tuning increased fitness by 5.082601006733967e-13 to 0.9991716255959028 adjusted 1 weight 
Training 907c97f1 with 1 binary file, target error: 0.000001, iterations: 1, sample rate: 100%, sparse: 100%
Discovered beneficial synapse from input-1306 to output-2 with weight 1.0000, helping 30.5% more records than it harms (2191/3359)
Discovery 98ff6fe8 analyze time 11s 379ms found 1 candidates
Fine tuning increased fitness by 2.854707359389863e-9 to 0.999171629992242 adjusted 90 weights, 1 bias 
Discovered harmful synapse from input-1305 to output-2, harming 29.8% more records than it helps (1179/3359)
Discovery 98ff6fe8 analyze harmful time 779ms found 1 candidates
Discovery 98ff6fe8 analyze squashes time 394ms found 2 candidates, Summary: output-0 LOGISTIC -> LogSigmoid improved: 26.4% error: 377.9425 -> 278.1608,output-2 LeakyReLU -> LogSigmoid improved: 29.9% error: 3.0899 -> 2.1664
Training ee90aeb0 with 1 binary file, target error: 0.000001, iterations: 1, sample rate: 100%, sparse: 100%
Discovery ee90aeb0 with 1 binary files, sample rate: 100%, batch size: 512
Discovery ee90aeb0 initialize time 85ms
Discovery ee90aeb0 processing .trainData-fx_c_88/CADAUD/data.bin
Culling duplicate creature at 34 of 51
DeDuplication of 1 creatures to 50 in 98ms (previous experiment )
Discovery ee90aeb0 read time 8ms for .trainData-fx_c_88/CADAUD/data.bin with 3359 records
Discovery ee90aeb0 scanning time 962ms
Discovery ee90aeb0 recorded time 1s 878ms
Training 70675deb with 1 binary file, target error: 0.000001, iterations: 1, sample rate: 100%, sparse: 100%
Fine tuning increased fitness by 1.5227165084397143e-9 to 0.9991716349898709 adjusted 130 weights, 2 biases 
Generation 120 score 0.9991716349898709  error 0.0008182542273447665 avg time 1s 543ms
Fine tuning increased fitness by 1.761598089622396e-9 to 0.999171639149522 adjusted 107 weights, 1 bias 
Discovered beneficial synapse from input-1295 to 697b29e5-affc-4f94-923d-f05e83e4558d with weight -1.0000, helping 14.1% more records than it harms (1917/3359)
Discovery ee90aeb0 analyze time 6s 10ms found 1 candidates
Fine tuning increased fitness by 2.031758206122447e-9 to 0.9991716411812802 adjusted 107 weights, 1 bias 
Discovery ee90aeb0 analyze harmful time 475ms found 0 candidates
Discovery ee90aeb0 analyze squashes time 366ms found 1 candidate, Summary: output-0 LOGISTIC -> LogSigmoid improved: 26.4% error: 377.9817 -> 278.1800
Fine tuning increased fitness by 2.283296218763553e-9 to 0.9991716434645764 adjusted 107 weights, 1 bias 
Fine tuning increased fitness by 2.0839620029633465e-9 to 0.9991716455485384 adjusted 107 weights, 1 bias 
Fine tuning increased fitness by 4.611663051434789e-9 to 0.9991716501602015 adjusted 129 weights, 2 biases 
Fine tuning increased fitness by 6.206438030176287e-9 to 0.9991716563666395 adjusted 129 weights, 2 biases 
Fine tuning increased fitness by 1.1211210071415678e-8 to 0.9991716675778496 adjusted 129 weights, 2 biases 
Fine tuning increased fitness by 1.107175262582416e-8 to 0.9991716786496022 adjusted 129 weights, 2 biases 
Fine tuning increased fitness by 2.1795440785510323e-8 to 0.999171700445043 adjusted 127 weights, 2 biases 
Generation 130 score 0.999171700445043  error 0.0008181887721720416 avg time 1s 292ms
Fine tuning increased fitness by 2.201106830135302e-8 to 0.9991717400950502 adjusted 108 weights, 2 biases 
Fine tuning increased fitness by 4.520396457152742e-8 to 0.9991718257990271 adjusted 105 weights, 2 biases 
Fine tuning increased fitness by 3.9828913500628005e-8 to 0.9991718656279406 adjusted 105 weights, 2 biases 
Fine tuning increased fitness by 4.417954135860214e-8 to 0.9991719098074819 adjusted 105 weights, 2 biases 
Fine tuning increased fitness by 7.179302707882584e-10 to 0.9991719309189747 adjusted 17 weights, 1 bias 
Fine tuning increased fitness by 5.508125067166247e-10 to 0.9991719314697872 adjusted 17 weights, 1 bias 
Generation 140 score 0.9991719314697872  error 0.0008179577474187696 avg time 1s 165ms
Fine tuning increased fitness by 5.3980042657997274e-11 to 0.9991719315237673 adjusted 17 weights, 1 bias 
Fine tuning increased fitness by 6.10178574333986e-12 to 0.999171931529869 adjusted 17 weights, 1 bias 
Fine tuning increased fitness by 1.9859780486797263e-11 to 0.9991719315497288 adjusted 17 weights, 1 bias 
Fine tuning increased fitness by 4.010725085379363e-11 to 0.9991719315898361 adjusted 17 weights, 1 bias 
Fine tuning increased fitness by 6.841704980331542e-11 to 0.9991719316582531 adjusted 17 weights, 1 bias 
Generation 145 score 0.9991719316582531  error 0.0008179575589528128 avg time 484ms
{
  error: 0.0008179575589528128,
  score: 0.9991719316582531,
  generation: 145,
  time: 181019
}

=== Processing CADGBP (5/10) ===
6 mutations, mutation rate 5.0%, elitism 3, mutation FFW, selection FITNESS_PROPORTIONATE
Creature count: 50
Culling duplicate creature at 25 of 51
DeDuplication of 1 creatures to 50 in  (previous experiment )
Training 33b93eaf with 1 binary file, target error: 0.000001, iterations: 1, sample rate: 100%, sparse: 100%
Discovery 33b93eaf with 1 binary files, sample rate: 100%, batch size: 512
Discovery 33b93eaf initialize time 88ms
Discovery 33b93eaf processing .trainData-fx_c_88/CADGBP/data.bin
Discovery 33b93eaf read time 5ms for .trainData-fx_c_88/CADGBP/data.bin with 2732 records
Discovery 33b93eaf scanning time 911ms
Training 5a3798e9 with 1 binary file, target error: 0.000001, iterations: 1, sample rate: 100%, sparse: 100%
Discovery 33b93eaf recorded time 1s 594ms
Training d49d6e03 with 1 binary file, target error: 0.000001, iterations: 1, sample rate: 100%, sparse: 100%
Training 33b93eaf increased fitness by 1.0479606071811531e-9 to 0.9985104635709133
Training be1b680c with 1 binary file, target error: 0.000001, iterations: 1, sample rate: 100%, sparse: 100%
Fine tuning increased fitness by 3.145226012968294e-8 to 0.9985104950231735 adjusted 560 weights, 17 biases 
Training e2a640de with 1 binary file, target error: 0.000001, iterations: 1, sample rate: 100%, sparse: 100%
Fine tuning increased fitness by 1.4759208188941386e-8 to 0.9985105097823817 adjusted 532 weights, 17 biases 
Training 02cb3546 with 1 binary file, target error: 0.000001, iterations: 1, sample rate: 100%, sparse: 100%
Over populated 52, expected 50.
Training 4a1baf0c with 1 binary file, target error: 0.000001, iterations: 1, sample rate: 100%, sparse: 100%
Fine tuning increased fitness by 3.213733335005742e-8 to 0.9985105525679422 adjusted 536 weights, 16 biases 
Remove neuron 718fda93-b13a-4106-a06b-ce0c61c2f511 as no longer connected
Training f86f6402 with 1 binary file, target error: 0.000001, iterations: 1, sample rate: 100%, sparse: 100%
Fine tuning increased fitness by 4.1609165224443245e-8 to 0.9985105941771074 adjusted 536 weights, 16 biases 
Training 736f4882 with 1 binary file, target error: 0.000001, iterations: 1, sample rate: 100%, sparse: 100%
Fine tuning increased fitness by 3.855795305263143e-8 to 0.9985106327350605 adjusted 536 weights, 16 biases 
Training 9a96917d with 1 binary file, target error: 0.000001, iterations: 1, sample rate: 100%, sparse: 100%
Fine tuning increased fitness by 4.2539867073365656e-8 to 0.9985106752749275 adjusted 536 weights, 16 biases 
Generation 10 score 0.9985106752749275  error 0.0014795337606849214 avg time 1s 515ms
Training b87a840b with 1 binary file, target error: 0.000001, iterations: 1, sample rate: 100%, sparse: 100%
Fine tuning increased fitness by 4.6052894719927906e-8 to 0.9985107213278223 adjusted 536 weights, 16 biases 
Training 9b8e00d8 with 1 binary file, target error: 0.000001, iterations: 1, sample rate: 100%, sparse: 100%
Training 29aaa92a with 1 binary file, target error: 0.000001, iterations: 1, sample rate: 100%, sparse: 100%
Fine tuning increased fitness by 1.3089926187426215e-7 to 0.9985108883855741 adjusted 572 weights, 17 biases 
Training b93c4f9e with 1 binary file, target error: 0.000001, iterations: 1, sample rate: 100%, sparse: 100%
Fine tuning increased fitness by 3.706836826378179e-8 to 0.9985109254539424 adjusted 572 weights, 17 biases 
Discovered beneficial synapse from input-1306 to 6e59fdb1-a7dd-4ae2-92f8-48b3d2c1010a with weight -1.0000, helping 23.1% more records than it harms (1682/2732)
Discovery 33b93eaf analyze time 18s 293ms found 1 candidates
Discovered harmful synapse from input-9 to 8b91691d-8981-4adb-bc3b-9ea7a797761f, harming 14.2% more records than it helps (1170/2732)
Discovery 33b93eaf analyze harmful time 334ms found 1 candidates
Discovery 33b93eaf analyze squashes time 381ms found 1 candidate, Summary: output-0 LOGISTIC -> SELU improved: 7.9% error: 327.4090 -> 301.6970
Training d52c4edc with 1 binary file, target error: 0.000001, iterations: 1, sample rate: 100%, sparse: 100%
Discovery d52c4edc with 1 binary files, sample rate: 100%, batch size: 512
Discovery d52c4edc initialize time 83ms
Discovery d52c4edc processing .trainData-fx_c_88/CADGBP/data.bin
Discovery d52c4edc read time 4ms for .trainData-fx_c_88/CADGBP/data.bin with 2732 records
Discovery d52c4edc scanning time 909ms
Over populated 54, expected 50.
Training 91c20c19 with 1 binary file, target error: 0.000001, iterations: 1, sample rate: 100%, sparse: 100%
Discovery d52c4edc recorded time 1s 570ms
Fine tuning increased fitness by 1.998197174390981e-8 to 0.9985109773768714 adjusted 179 weights, 6 biases 
Training daf8bea0 with 1 binary file, target error: 0.000001, iterations: 1, sample rate: 100%, sparse: 100%
Fine tuning increased fitness by 4.6083499238847025e-9 to 0.9985109819852214 adjusted 179 weights, 6 biases 
Training 565df6b0 with 1 binary file, target error: 0.000001, iterations: 1, sample rate: 100%, sparse: 100%
Over populated 52, expected 50.
Training 5e3a70ef with 1 binary file, target error: 0.000001, iterations: 1, sample rate: 100%, sparse: 100%
Discovered beneficial synapse from input-647 to output-0 with weight 1.0000, helping 10.5% more records than it harms (1354/2732)
Discovery d52c4edc analyze time 5s 54ms found 1 candidates
Training 590018d3 with 1 binary file, target error: 0.000001, iterations: 1, sample rate: 100%, sparse: 100%
Fine tuning increased fitness by 6.029019894437937e-8 to 0.9985111028634155 adjusted 1 weight 
Discovered harmful synapse from input-1424 to 6e59fdb1-a7dd-4ae2-92f8-48b3d2c1010a, harming 23.0% more records than it helps (1052/2732)
Discovery d52c4edc analyze harmful time 1s 79ms found 1 candidates
Discovery d52c4edc analyze squashes time 246ms found 1 candidate, Summary: output-0 LOGISTIC -> SELU improved: 7.8% error: 326.5284 -> 300.9882
Generation 20 score 0.9985111028634155  error 0.0014790961721621618 avg time 1s 511ms
Training 03db0f24 with 1 binary file, target error: 0.000001, iterations: 1, sample rate: 100%, sparse: 100%
Discovery 03db0f24 with 1 binary files, sample rate: 100%, batch size: 512
Discovery 03db0f24 initialize time 86ms
Discovery 03db0f24 processing .trainData-fx_c_88/CADGBP/data.bin
Discovery 03db0f24 read time 3ms for .trainData-fx_c_88/CADGBP/data.bin with 2732 records
Over populated 52, expected 50.
Discovery 03db0f24 scanning time 864ms
Training 72f6b22a with 1 binary file, target error: 0.000001, iterations: 1, sample rate: 100%, sparse: 100%
Fine tuning increased fitness by 1.5084501203688205e-8 to 0.9985111323320299 adjusted 174 weights, 6 biases 
Discovery 03db0f24 recorded time 1s 587ms
Training 41c41538 with 1 binary file, target error: 0.000001, iterations: 1, sample rate: 100%, sparse: 100%
Training 0f49d7be with 1 binary file, target error: 0.000001, iterations: 1, sample rate: 100%, sparse: 100%
Over populated 52, expected 50.
Training 46af0d7b with 1 binary file, target error: 0.000001, iterations: 1, sample rate: 100%, sparse: 100%
Training 95d084a3 with 1 binary file, target error: 0.000001, iterations: 1, sample rate: 100%, sparse: 100%
Training 0203eb28 with 1 binary file, target error: 0.000001, iterations: 1, sample rate: 100%, sparse: 100%
Fine tuning increased fitness by 4.274851495011944e-8 to 0.9985112849780928 adjusted 178 weights, 6 biases 
Training 2b621722 with 1 binary file, target error: 0.000001, iterations: 1, sample rate: 100%, sparse: 100%
Fine tuning increased fitness by 2.760243555943731e-8 to 0.9985113125805284 adjusted 178 weights, 6 biases 
Training c4ad6040 with 1 binary file, target error: 0.000001, iterations: 1, sample rate: 100%, sparse: 100%
Fine tuning increased fitness by 2.7909776489920546e-8 to 0.9985113404903049 adjusted 178 weights, 6 biases 
Discovered beneficial synapse from input-9 to 05a2fcfc-d882-4389-b4bc-21449cbec4d7 with weight -1.0000, helping 15.3% more records than it harms (1574/2732)
Discovery 03db0f24 analyze time 10s 439ms found 1 candidates
Discovery 03db0f24 analyze harmful time 259ms found 0 candidates
Over populated 52, expected 50.
Discovery 03db0f24 analyze squashes time 252ms found 1 candidate, Summary: output-0 LOGISTIC -> SELU improved: 7.8% error: 326.1381 -> 300.6771
Training abbe3f9e with 1 binary file, target error: 0.000001, iterations: 1, sample rate: 100%, sparse: 100%
Fine tuning increased fitness by 4.033993761254351e-8 to 0.9985113808302425 adjusted 178 weights, 6 biases 
Discovery abbe3f9e with 1 binary files, sample rate: 100%, batch size: 512
Discovery abbe3f9e initialize time 90ms
Discovery abbe3f9e processing .trainData-fx_c_88/CADGBP/data.bin
Discovery abbe3f9e read time 5ms for .trainData-fx_c_88/CADGBP/data.bin with 2732 records
Over populated 54, expected 50.
Generation 30 score 0.9985113808302425  error 0.0014788182053339324 avg time 1s 464ms
Discovery abbe3f9e scanning time 886ms
Training f32c17b5 with 1 binary file, target error: 0.000001, iterations: 1, sample rate: 100%, sparse: 100%
Fine tuning increased fitness by 4.449736989986519e-8 to 0.9985114253276124 adjusted 178 weights, 6 biases 
Discovery abbe3f9e recorded time 1s 644ms
Training d53320fb with 1 binary file, target error: 0.000001, iterations: 1, sample rate: 100%, sparse: 100%
Training 415ed3d7 with 1 binary file, target error: 0.000001, iterations: 1, sample rate: 100%, sparse: 100%
Fine tuning increased fitness by 4.360186756091622e-8 to 0.9985115465481422 adjusted 204 weights, 6 biases 
Remove neuron 71744345-81ef-4efb-bdc8-1d1d4f2fd715 as no longer connected
Over populated 52, expected 50.
Training efaaaeb8 with 1 binary file, target error: 0.000001, iterations: 1, sample rate: 100%, sparse: 100%
Discovered beneficial synapse from input-574 to output-0 with weight 1.0000, helping 10.8% more records than it harms (1399/2732)
Discovery abbe3f9e analyze time 5s 94ms found 1 candidates
Training ce650854 with 1 binary file, target error: 0.000001, iterations: 1, sample rate: 100%, sparse: 100%
Discovery abbe3f9e analyze harmful time 581ms found 0 candidates
Discovery abbe3f9e analyze squashes time 564ms found 1 candidate, Summary: output-0 LOGISTIC -> SELU improved: 7.8% error: 326.4046 -> 300.9218
Over populated 52, expected 50.
Training 756ccc3e with 1 binary file, target error: 0.000001, iterations: 1, sample rate: 100%, sparse: 100%
Fine tuning increased fitness by 1.7227415383125333e-8 to 0.9985117211853917 adjusted 197 weights, 6 biases 
Discovery 756ccc3e with 1 binary files, sample rate: 100%, batch size: 512
Discovery 756ccc3e initialize time 86ms
Discovery 756ccc3e processing .trainData-fx_c_88/CADGBP/data.bin
Over populated 54, expected 50.
Discovery 756ccc3e read time 1ms for .trainData-fx_c_88/CADGBP/data.bin with 2732 records
Discovery 756ccc3e scanning time 1s 40ms
Training 82d204b2 with 1 binary file, target error: 0.000001, iterations: 1, sample rate: 100%, sparse: 100%
Discovery 756ccc3e recorded time 1s 702ms
Training 87b2b8fb with 1 binary file, target error: 0.000001, iterations: 1, sample rate: 100%, sparse: 100%
Training f0c80797 with 1 binary file, target error: 0.000001, iterations: 1, sample rate: 100%, sparse: 100%
Over populated 52, expected 50.
Training 0c358fc5 with 1 binary file, target error: 0.000001, iterations: 1, sample rate: 100%, sparse: 100%
Discovered beneficial synapse from input-574 to output-0 with weight 1.0000, helping 11.0% more records than it harms (1409/2732)
Discovery 756ccc3e analyze time 4s 839ms found 1 candidates
Over populated 52, expected 50.
Generation 40 score 0.9985119039040421  error 0.0014782951315314625 avg time 1s 469ms
Discovery 756ccc3e analyze harmful time 404ms found 0 candidates
Training f7324c41 with 1 binary file, target error: 0.000001, iterations: 1, sample rate: 100%, sparse: 100%
Discovery 756ccc3e analyze squashes time 442ms found 1 candidate, Summary: output-0 LOGISTIC -> BENT_IDENTITY improved: 8.3% error: 333.6619 -> 305.8543
Training 03d1224a with 1 binary file, target error: 0.000001, iterations: 1, sample rate: 100%, sparse: 100%
Over populated 54, expected 50.
Training e3e8eae0 with 1 binary file, target error: 0.000001, iterations: 1, sample rate: 100%, sparse: 100%
Discovery e3e8eae0 with 1 binary files, sample rate: 100%, batch size: 512
Discovery e3e8eae0 initialize time 83ms
Discovery e3e8eae0 processing .trainData-fx_c_88/CADGBP/data.bin
Discovery e3e8eae0 read time 2ms for .trainData-fx_c_88/CADGBP/data.bin with 2732 records
Discovery e3e8eae0 scanning time 916ms
Training aa9c17b0 with 1 binary file, target error: 0.000001, iterations: 1, sample rate: 100%, sparse: 100%
Discovery e3e8eae0 recorded time 1s 560ms
Training b3f67e3a with 1 binary file, target error: 0.000001, iterations: 1, sample rate: 100%, sparse: 100%
Training 0c15deeb with 1 binary file, target error: 0.000001, iterations: 1, sample rate: 100%, sparse: 100%
Training 0f6f16ed with 1 binary file, target error: 0.000001, iterations: 1, sample rate: 100%, sparse: 100%
Fine tuning increased fitness by 3.768955814109631e-8 to 0.9985123064532696 adjusted 49 weights, 2 biases 
Discovered beneficial synapse from input-574 to output-0 with weight 1.0000, helping 10.9% more records than it harms (1404/2732)
Discovery e3e8eae0 analyze time 5s 54ms found 1 candidates
Training a58ec136 with 1 binary file, target error: 0.000001, iterations: 1, sample rate: 100%, sparse: 100%
Fine tuning increased fitness by 2.6575343259338524e-8 to 0.9985123330286129 adjusted 49 weights, 2 biases 
Discovery e3e8eae0 analyze harmful time 688ms found 0 candidates
Discovery e3e8eae0 analyze squashes time 730ms found 1 candidate, Summary: output-0 LOGISTIC -> SELU improved: 7.9% error: 330.0776 -> 304.0488
Training e34a5c8b with 1 binary file, target error: 0.000001, iterations: 1, sample rate: 100%, sparse: 100%
Fine tuning increased fitness by 4.906711625896065e-8 to 0.9985123820957291 adjusted 49 weights, 2 biases 
Discovery e34a5c8b with 1 binary files, sample rate: 100%, batch size: 512
Discovery e34a5c8b initialize time 86ms
Discovery e34a5c8b processing .trainData-fx_c_88/CADGBP/data.bin
Discovery e34a5c8b read time 2ms for .trainData-fx_c_88/CADGBP/data.bin with 2732 records
Discovery e34a5c8b scanning time 1s 27ms
Training 78c1cbea with 1 binary file, target error: 0.000001, iterations: 1, sample rate: 100%, sparse: 100%
Fine tuning increased fitness by 4.135557174489435e-8 to 0.9985124234513009 adjusted 49 weights, 2 biases 
Discovery e34a5c8b recorded time 1s 657ms
Generation 50 score 0.9985124234513009  error 0.001477755584347223 avg time 1s 402ms
Training 005a7377 with 1 binary file, target error: 0.000001, iterations: 1, sample rate: 100%, sparse: 100%
Training e5ecbd09 with 1 binary file, target error: 0.000001, iterations: 1, sample rate: 100%, sparse: 100%
Fine tuning increased fitness by 8.442880172765399e-9 to 0.998512445239522 adjusted 49 weights, 2 biases 
Over populated 52, expected 50.
Training ef910909 with 1 binary file, target error: 0.000001, iterations: 1, sample rate: 100%, sparse: 100%
Fine tuning increased fitness by 9.49445511100322e-9 to 0.9985124547339771 adjusted 49 weights, 2 biases 
Training 2680589c with 1 binary file, target error: 0.000001, iterations: 1, sample rate: 100%, sparse: 100%
Discovered beneficial synapse from input-574 to output-0 with weight 1.0000, helping 10.8% more records than it harms (1403/2732)
Discovery e34a5c8b analyze time 5s 33ms found 1 candidates
Discovered harmful synapse from input-9 to 8b91691d-8981-4adb-bc3b-9ea7a797761f, harming 15.0% more records than it helps (1157/2732)
Discovery e34a5c8b analyze harmful time 319ms found 1 candidates
Discovery e34a5c8b analyze squashes time 411ms found 1 candidate, Summary: output-0 LOGISTIC -> SELU improved: 7.9% error: 329.6277 -> 303.6646
Training 97ccec09 with 1 binary file, target error: 0.000001, iterations: 1, sample rate: 100%, sparse: 100%
Fine tuning increased fitness by 1.2587104802896931e-8 to 0.9985124896173847 adjusted 49 weights, 2 biases 
Discovery 97ccec09 with 1 binary files, sample rate: 100%, batch size: 512
Discovery 97ccec09 initialize time 85ms
Discovery 97ccec09 processing .trainData-fx_c_88/CADGBP/data.bin
Over populated 56, expected 50.
Discovery 97ccec09 read time 7ms for .trainData-fx_c_88/CADGBP/data.bin with 2732 records
Discovery 97ccec09 scanning time 888ms
Training 95a9958d with 1 binary file, target error: 0.000001, iterations: 1, sample rate: 100%, sparse: 100%
Fine tuning increased fitness by 2.298519730103976e-8 to 0.998512512602582 adjusted 49 weights, 2 biases 
Discovery 97ccec09 recorded time 1s 549ms
Training edeff0ef with 1 binary file, target error: 0.000001, iterations: 1, sample rate: 100%, sparse: 100%
Fine tuning increased fitness by 3.538922555001989e-8 to 0.9985125479918076 adjusted 49 weights, 2 biases 
Training 6360b270 with 1 binary file, target error: 0.000001, iterations: 1, sample rate: 100%, sparse: 100%
Training 6eddade8 with 1 binary file, target error: 0.000001, iterations: 1, sample rate: 100%, sparse: 100%
Fine tuning increased fitness by 1.2679351235611591e-8 to 0.9985126146395175 adjusted 49 weights, 2 biases 
Training e0526228 with 1 binary file, target error: 0.000001, iterations: 1, sample rate: 100%, sparse: 100%
Generation 60 score 0.9985126208430571  error 0.0014775581925110936 avg time 1s 354ms
Training 18f522bd with 1 binary file, target error: 0.000001, iterations: 1, sample rate: 100%, sparse: 100%
Training 8dbfe678 with 1 binary file, target error: 0.000001, iterations: 1, sample rate: 100%, sparse: 100%
Training 2bca8eaf with 1 binary file, target error: 0.000001, iterations: 1, sample rate: 100%, sparse: 100%
Training 09faf81c with 1 binary file, target error: 0.000001, iterations: 1, sample rate: 100%, sparse: 100%
Discovered beneficial synapse from input-407 to 8b91691d-8981-4adb-bc3b-9ea7a797761f with weight 1.0000, helping 16.3% more records than it harms (1585/2732)
Discovery 97ccec09 analyze time 11s 264ms found 1 candidates
Discovery 97ccec09 analyze harmful time 273ms found 0 candidates
Training 2af9552b with 1 binary file, target error: 0.000001, iterations: 1, sample rate: 100%, sparse: 100%
Discovery 97ccec09 analyze squashes time 619ms found 1 candidate, Summary: output-0 LOGISTIC -> SELU improved: 7.9% error: 329.5508 -> 303.5785
Over populated 52, expected 50.
Training a16c7399 with 1 binary file, target error: 0.000001, iterations: 1, sample rate: 100%, sparse: 100%
Discovery a16c7399 with 1 binary files, sample rate: 100%, batch size: 512
Discovery a16c7399 initialize time 87ms
Discovery a16c7399 processing .trainData-fx_c_88/CADGBP/data.bin
Discovery a16c7399 read time 5ms for .trainData-fx_c_88/CADGBP/data.bin with 2732 records
Discovery a16c7399 scanning time 872ms
Training 32f6d4f0 with 1 binary file, target error: 0.000001, iterations: 1, sample rate: 100%, sparse: 100%
Fine tuning increased fitness by 6.99139490745182e-9 to 0.9985126714313033 adjusted 173 weights, 3 biases 
Discovery a16c7399 recorded time 1s 524ms
Training ee81e558 with 1 binary file, target error: 0.000001, iterations: 1, sample rate: 100%, sparse: 100%
Fine tuning increased fitness by 7.30009086513661e-9 to 0.9985126787313942 adjusted 169 weights, 3 biases 
Training 628d1a74 with 1 binary file, target error: 0.000001, iterations: 1, sample rate: 100%, sparse: 100%
Fine tuning increased fitness by 9.864650207802583e-9 to 0.9985126885960444 adjusted 164 weights, 3 biases 
Over populated 52, expected 50.
Training 5de7d4d6 with 1 binary file, target error: 0.000001, iterations: 1, sample rate: 100%, sparse: 100%
Fine tuning increased fitness by 4.050059065896505e-9 to 0.9985126926461034 adjusted 164 weights, 3 biases 
Discovered beneficial synapse from input-574 to output-0 with weight 1.0000, helping 10.8% more records than it harms (1403/2732)
Discovery a16c7399 analyze time 4s 641ms found 1 candidates
Generation 70 score 0.9985126926461034  error 0.0014774763895028568 avg time 1s 355ms
Discovered harmful synapse from input-298 to output-2, harming 10.5% more records than it helps (1219/2732)
Discovery a16c7399 analyze harmful time 558ms found 1 candidates
Training 0b437d67 with 1 binary file, target error: 0.000001, iterations: 1, sample rate: 100%, sparse: 100%
Discovery a16c7399 analyze squashes time 426ms found 1 candidate, Summary: output-0 LOGISTIC -> SELU improved: 7.9% error: 329.5497 -> 303.5777
Training fae3bd88 with 1 binary file, target error: 0.000001, iterations: 1, sample rate: 100%, sparse: 100%
Fine tuning increased fitness by 1.79092149998894e-8 to 0.9985127346136237 adjusted 162 weights, 3 biases 
Discovery fae3bd88 with 1 binary files, sample rate: 100%, batch size: 512
Discovery fae3bd88 initialize time 84ms
Discovery fae3bd88 processing .trainData-fx_c_88/CADGBP/data.bin
Over populated 53, expected 50.
Discovery fae3bd88 read time 5ms for .trainData-fx_c_88/CADGBP/data.bin with 2732 records
Discovery fae3bd88 scanning time 909ms
Training ddf9b9d1 with 1 binary file, target error: 0.000001, iterations: 1, sample rate: 100%, sparse: 100%
Discovery fae3bd88 recorded time 1s 554ms
Training 9b96e7fb with 1 binary file, target error: 0.000001, iterations: 1, sample rate: 100%, sparse: 100%
Fine tuning increased fitness by 2.40754334246418e-8 to 0.9985127866110707 adjusted 159 weights, 3 biases 
Over populated 52, expected 50.
Training 4c881b5b with 1 binary file, target error: 0.000001, iterations: 1, sample rate: 100%, sparse: 100%
Fine tuning increased fitness by 5.906627520424479e-9 to 0.9985127925176982 adjusted 159 weights, 3 biases 
Over populated 52, expected 50.
Training fb4c092c with 1 binary file, target error: 0.000001, iterations: 1, sample rate: 100%, sparse: 100%
Fine tuning increased fitness by 1.9261021888539176e-8 to 0.9985128117787201 adjusted 159 weights, 3 biases 
Discovered beneficial synapse from input-574 to output-0 with weight 1.0000, helping 10.8% more records than it harms (1403/2732)
Discovery fae3bd88 analyze time 5s 34ms found 1 candidates
Training 1c5c7e65 with 1 binary file, target error: 0.000001, iterations: 1, sample rate: 100%, sparse: 100%
Fine tuning increased fitness by 1.8292853010137833e-8 to 0.9985128300715731 adjusted 159 weights, 3 biases 
Discovery fae3bd88 analyze harmful time 416ms found 0 candidates
Discovery fae3bd88 analyze squashes time 396ms found 1 candidate, Summary: output-0 LOGISTIC -> SELU improved: 7.9% error: 329.5476 -> 303.5761
Training 6a605bbe with 1 binary file, target error: 0.000001, iterations: 1, sample rate: 100%, sparse: 100%
Fine tuning increased fitness by 1.792797799105017e-8 to 0.9985128479995511 adjusted 159 weights, 3 biases 
Discovery 6a605bbe with 1 binary files, sample rate: 100%, batch size: 512
Discovery 6a605bbe initialize time 83ms
Discovery 6a605bbe processing .trainData-fx_c_88/CADGBP/data.bin
Over populated 52, expected 50.
Discovery 6a605bbe read time 5ms for .trainData-fx_c_88/CADGBP/data.bin with 2732 records
Discovery 6a605bbe scanning time 894ms
Training e9bdcd6c with 1 binary file, target error: 0.000001, iterations: 1, sample rate: 100%, sparse: 100%
Fine tuning increased fitness by 2.5103360501432803e-8 to 0.9985128731029116 adjusted 159 weights, 3 biases 
Discovery 6a605bbe recorded time 1s 559ms
Training 0c398633 with 1 binary file, target error: 0.000001, iterations: 1, sample rate: 100%, sparse: 100%
Over populated 52, expected 50.
Generation 80 score 0.9985128858900089  error 0.0014772831456118382 avg time 1s 392ms
Training 02809c19 with 1 binary file, target error: 0.000001, iterations: 1, sample rate: 100%, sparse: 100%
Fine tuning increased fitness by 7.2713634002852245e-9 to 0.9985128931613723 adjusted 159 weights, 3 biases 
Training 7651fceb with 1 binary file, target error: 0.000001, iterations: 1, sample rate: 100%, sparse: 100%
Fine tuning increased fitness by 9.721635607640167e-9 to 0.9985129028830079 adjusted 159 weights, 3 biases 
Training 322cf610 with 1 binary file, target error: 0.000001, iterations: 1, sample rate: 100%, sparse: 100%
Fine tuning increased fitness by 1.1062852633969555e-8 to 0.9985129139458605 adjusted 159 weights, 3 biases 
Training db9b505d with 1 binary file, target error: 0.000001, iterations: 1, sample rate: 100%, sparse: 100%
Fine tuning increased fitness by 1.5243446838120178e-8 to 0.9985129291893073 adjusted 159 weights, 3 biases 
Training 6c9534e0 with 1 binary file, target error: 0.000001, iterations: 1, sample rate: 100%, sparse: 100%
Fine tuning increased fitness by 2.082358718791255e-8 to 0.9985129500128945 adjusted 159 weights, 3 biases 
Over populated 52, expected 50.
Training 13c5df11 with 1 binary file, target error: 0.000001, iterations: 1, sample rate: 100%, sparse: 100%
Fine tuning increased fitness by 9.688131408225331e-9 to 0.9985129597010259 adjusted 159 weights, 3 biases 
Discovered beneficial synapse from input-407 to 8b91691d-8981-4adb-bc3b-9ea7a797761f with weight 1.0000, helping 16.1% more records than it harms (1583/2732)
Discovery 6a605bbe analyze time 10s 325ms found 1 candidates
Over populated 52, expected 50.
Discovery 6a605bbe analyze harmful time 272ms found 0 candidates
Training 190d95cb with 1 binary file, target error: 0.000001, iterations: 1, sample rate: 100%, sparse: 100%
Discovery 6a605bbe analyze squashes time 254ms found 1 candidate, Summary: output-0 LOGISTIC -> SELU improved: 7.9% error: 329.5536 -> 303.5810
Fine tuning increased fitness by 9.505803144627123e-9 to 0.9985129692068291 adjusted 159 weights, 3 biases 
Training 74dd69e7 with 1 binary file, target error: 0.000001, iterations: 1, sample rate: 100%, sparse: 100%
Fine tuning increased fitness by 1.9822368191313444e-9 to 0.9985129711890659 adjusted 159 weights, 3 biases 
Discovery 74dd69e7 with 1 binary files, sample rate: 100%, batch size: 512
Discovery 74dd69e7 initialize time 77ms
Discovery 74dd69e7 processing .trainData-fx_c_88/CADGBP/data.bin
Over populated 52, expected 50.
Discovery 74dd69e7 read time 3ms for .trainData-fx_c_88/CADGBP/data.bin with 2732 records
Discovery 74dd69e7 scanning time 932ms
Training 30b973fc with 1 binary file, target error: 0.000001, iterations: 1, sample rate: 100%, sparse: 100%
Fine tuning increased fitness by 2.0605206429991085e-10 to 0.998512971395118 adjusted 159 weights, 3 biases 
Discovery 74dd69e7 recorded time 1s 555ms
Training 7214d6ef with 1 binary file, target error: 0.000001, iterations: 1, sample rate: 100%, sparse: 100%
Fine tuning increased fitness by 8.075304869237243e-10 to 0.9985129722026485 adjusted 159 weights, 3 biases 
Generation 90 score 0.9985129722026485  error 0.0014771968329699205 avg time 1s 401ms
Training 53ed8654 with 1 binary file, target error: 0.000001, iterations: 1, sample rate: 100%, sparse: 100%
Fine tuning increased fitness by 1.0070487777014137e-9 to 0.9985129732096972 adjusted 159 weights, 3 biases 
Training 5756c3fc with 1 binary file, target error: 0.000001, iterations: 1, sample rate: 100%, sparse: 100%
Fine tuning increased fitness by 1.4028525008313864e-9 to 0.9985129746125497 adjusted 159 weights, 3 biases 
Discovered beneficial synapse from input-574 to output-0 with weight 1.0000, helping 10.9% more records than it harms (1405/2732)
Discovery 74dd69e7 analyze time 5s 51ms found 1 candidates
Training b498ed90 with 1 binary file, target error: 0.000001, iterations: 1, sample rate: 100%, sparse: 100%
Fine tuning increased fitness by 1.6203027808359138e-9 to 0.9985129762328525 adjusted 159 weights, 3 biases 
Discovered harmful synapse from input-9 to 8b91691d-8981-4adb-bc3b-9ea7a797761f, harming 14.0% more records than it helps (1170/2732)
Discovery 74dd69e7 analyze harmful time 468ms found 1 candidates
Discovery 74dd69e7 analyze squashes time 247ms found 1 candidate, Summary: output-0 LOGISTIC -> BENT_IDENTITY improved: 7.9% error: 330.2080 -> 303.9794
Training b8f83bd1 with 1 binary file, target error: 0.000001, iterations: 1, sample rate: 100%, sparse: 100%
Discovery b8f83bd1 with 1 binary files, sample rate: 100%, batch size: 512
Discovery b8f83bd1 initialize time 79ms
Discovery b8f83bd1 processing .trainData-fx_c_88/CADGBP/data.bin
Over populated 56, expected 50.
Discovery b8f83bd1 read time 6ms for .trainData-fx_c_88/CADGBP/data.bin with 2732 records
Discovery b8f83bd1 scanning time 876ms
Training 10dfcd22 with 1 binary file, target error: 0.000001, iterations: 1, sample rate: 100%, sparse: 100%
Fine tuning increased fitness by 6.981230704639074e-9 to 0.9985129874084138 adjusted 159 weights, 3 biases 
Discovery b8f83bd1 recorded time 1s 538ms
Training 4491952b with 1 binary file, target error: 0.000001, iterations: 1, sample rate: 100%, sparse: 100%
Training 05785636 with 1 binary file, target error: 0.000001, iterations: 1, sample rate: 100%, sparse: 100%
Over populated 52, expected 50.
Training a0522037 with 1 binary file, target error: 0.000001, iterations: 1, sample rate: 100%, sparse: 100%
Fine tuning increased fitness by 3.302087825396427e-9 to 0.9985129998827933 adjusted 129 weights, 2 biases 
Training 69088769 with 1 binary file, target error: 0.000001, iterations: 1, sample rate: 100%, sparse: 100%
Training 20beeafd with 1 binary file, target error: 0.000001, iterations: 1, sample rate: 100%, sparse: 100%
Generation 100 score 0.998513006227152  error 0.0014771628084542393 avg time 1s 393ms
Training c2197014 with 1 binary file, target error: 0.000001, iterations: 1, sample rate: 100%, sparse: 100%
Fine tuning increased fitness by 2.4025275879857588e-8 to 0.9985130302524279 adjusted 844 weights, 17 biases 
Training 94b8a3e3 with 1 binary file, target error: 0.000001, iterations: 1, sample rate: 100%, sparse: 100%
Training 024fa5f2 with 1 binary file, target error: 0.000001, iterations: 1, sample rate: 100%, sparse: 100%
Discovered beneficial synapse from input-575 to 76c705a3-9b68-4765-80a8-bd02867fd1ef with weight -1.0000, helping 14.4% more records than it harms (1563/2732)
Discovery b8f83bd1 analyze time 12s 100ms found 1 candidates
Discovery b8f83bd1 analyze harmful time 421ms found 0 candidates
Training ac2773d1 with 1 binary file, target error: 0.000001, iterations: 1, sample rate: 100%, sparse: 100%
Discovery b8f83bd1 analyze squashes time 532ms found 1 candidate, Summary: output-0 LOGISTIC -> BENT_IDENTITY improved: 7.9% error: 330.2064 -> 303.9705
Training c0c9c250 with 1 binary file, target error: 0.000001, iterations: 1, sample rate: 100%, sparse: 100%
Training 024fa5f2 increased fitness by 4.0440909176986395e-8 to 0.9985130706933371
Discovery c0c9c250 with 1 binary files, sample rate: 100%, batch size: 512
Discovery c0c9c250 initialize time 80ms
Discovery c0c9c250 processing .trainData-fx_c_88/CADGBP/data.bin
Discovery c0c9c250 read time 4ms for .trainData-fx_c_88/CADGBP/data.bin with 2732 records
Discovery c0c9c250 scanning time 870ms
Over populated 52, expected 50.
Discovery c0c9c250 recorded time 1s 553ms
Over populated 52, expected 50.
Fine tuning increased fitness by 7.019354197890237e-8 to 0.9985132775301406 adjusted 760 weights, 17 biases 
Fine tuning increased fitness by 1.0339413913929008e-7 to 0.9985133809242798 adjusted 760 weights, 17 biases 
Fine tuning increased fitness by 1.4037731310700963e-7 to 0.9985135213015929 adjusted 760 weights, 17 biases 
Fine tuning increased fitness by 1.8348955821423374e-7 to 0.9985137047911511 adjusted 760 weights, 17 biases 
Generation 110 score 0.9985137047911511  error 0.0014764642444528347 avg time 1s 574ms
Fine tuning increased fitness by 4.2606144945445124e-7 to 0.9985141308526005 adjusted 809 weights, 17 biases 
Fine tuning increased fitness by 0.0000017586562340854428 to 0.9985158895088346 adjusted 798 weights, 17 biases 
Discovered beneficial synapse from input-302 to 6e59fdb1-a7dd-4ae2-92f8-48b3d2c1010a with weight 1.0000, helping 23.6% more records than it harms (1688/2732)
Discovery c0c9c250 analyze time 10s 321ms found 1 candidates
Discovered harmful synapse from input-1424 to 6e59fdb1-a7dd-4ae2-92f8-48b3d2c1010a, harming 22.5% more records than it helps (1058/2732)
Discovery c0c9c250 analyze harmful time 592ms found 1 candidates
Fine tuning increased fitness by 0.0000017653425221642038 to 0.9985176548513568 adjusted 787 weights, 16 biases 
Discovery c0c9c250 analyze squashes time 260ms found 1 candidate, Summary: output-0 LOGISTIC -> BENT_IDENTITY improved: 8.4% error: 332.8916 -> 305.0242
Fine tuning increased fitness by 8.888442637466909e-8 to 0.9985177437357832 adjusted 787 weights, 16 biases 
Over populated 53, expected 50.
Generation 120 score 0.9985181356677592  error 0.0014720333678428536 avg time 1s 547ms
Fine tuning increased fitness by 5.083142218254011e-8 to 0.9985182616928234 adjusted 52 weights, 4 biases 
Fine tuning increased fitness by 5.566424521319391e-8 to 0.9985183173570686 adjusted 52 weights, 4 biases 
Generation 125 score 0.9985183173570686  error 0.0014718416786447827 avg time 702ms
{
  error: 0.0014718416786447827,
  score: 0.9985183173570686,
  generation: 125,
  time: 180933
}

=== Processing USDARS (6/10) ===
1 mutation, mutation rate 14.5%, elitism 2, mutation ALL, selection FITNESS_PROPORTIONATE
Creature count: 50
Culling duplicate creature at 10 of 51
DeDuplication of 1 creatures to 50 in  (previous experiment )
Training 966d13f3 with 1 binary file, target error: 0.000001, iterations: 1, sample rate: 100%, sparse: 100%
Discovery 966d13f3 with 1 binary files, sample rate: 100%, batch size: 512
Discovery 966d13f3 initialize time 86ms
Discovery 966d13f3 processing .trainData-fx_c_88/USDARS/data.bin
Discovery 966d13f3 read time 9ms for .trainData-fx_c_88/USDARS/data.bin with 3359 records
Discovery 966d13f3 scanning time 1s 207ms
Fine tuning increased fitness by 0.000001112771638611676 to 0.9947613337964434 adjusted 1 weight 
Discovery 966d13f3 recorded time 1s 812ms
Training a983868f with 1 binary file, target error: 0.000001, iterations: 1, sample rate: 100%, sparse: 100%
Fine tuning increased fitness by 1.5225541272201326e-8 to 0.9947613490219847 adjusted 1 weight 
Fine tuning increased fitness by 4.761297744959592e-8 to 0.9947613966349621 adjusted 1 weight 
Training 89a910f7 with 1 binary file, target error: 0.000001, iterations: 1, sample rate: 100%, sparse: 100%
Fine tuning increased fitness by 1.8974027626850187e-7 to 0.9947615863752384 adjusted 1 weight 
Fine tuning increased fitness by 3.654866949087676e-7 to 0.9947619518619333 adjusted 1 weight 
Training 3493645e with 1 binary file, target error: 0.000001, iterations: 1, sample rate: 100%, sparse: 100%
Fine tuning increased fitness by 6.109606700555048e-7 to 0.9947625628226033 adjusted 1 weight 
Fine tuning increased fitness by 7.629073378589979e-7 to 0.9947633257299412 adjusted 1 weight 
Training 753d3d14 with 1 binary file, target error: 0.000001, iterations: 1, sample rate: 100%, sparse: 100%
Fine tuning increased fitness by 2.1817341444574367e-7 to 0.9947635439033556 adjusted 1 weight 
Fine tuning increased fitness by 5.476171849316813e-9 to 0.9947635493795275 adjusted 1 weight 
Generation 10 score 0.9947635493795275  error 0.00522586975120607 avg time 1s 352ms
Training 66fdc106 with 1 binary file, target error: 0.000001, iterations: 1, sample rate: 100%, sparse: 100%
Fine tuning increased fitness by 9.501855968707673e-10 to 0.9947635503297131 adjusted 1 weight 
Fine tuning increased fitness by 2.258226938778307e-11 to 0.9947635503522954 adjusted 1 weight 
Training 1473e2a8 with 1 binary file, target error: 0.000001, iterations: 1, sample rate: 100%, sparse: 100%
Fine tuning increased fitness by 5.30489097094744e-10 to 0.9947635510872658 adjusted 109 weights, 8 biases 
Training d5dec6eb with 1 binary file, target error: 0.000001, iterations: 1, sample rate: 100%, sparse: 100%
Over populated 52, expected 50.
Discovered beneficial synapse from input-1497 to 5f933a58-a0a3-4007-a069-cd586ac7b202 with weight 1.0000, helping 50.3% more records than it harms (2524/3359)
Discovery 966d13f3 analyze time 18s 348ms found 1 candidates
Discovered harmful synapse from input-1246 to 4b92699b-19fc-4818-8349-db91a51a7946, harming 15.6% more records than it helps (1417/3359)
Discovery 966d13f3 analyze harmful time 411ms found 1 candidates
Discovery 966d13f3 analyze squashes time 571ms found 1 candidate, Summary: 5f933a58-a0a3-4007-a069-cd586ac7b202 SOFTSIGN -> ArcTan improved: 5.6% error: 120.7980 -> 113.9784
Training fd7f06f1 with 1 binary file, target error: 0.000001, iterations: 1, sample rate: 100%, sparse: 100%
Over populated 56, expected 50.
Fine tuning increased fitness by 2.2539923150155516e-8 to 0.9947637409628485 adjusted 252 weights, 11 biases 
Discovery a10fb600 with 1 binary files, sample rate: 100%, batch size: 512
Discovery a10fb600 initialize time 86ms
Discovery a10fb600 processing .trainData-fx_c_88/USDARS/data.bin
Discovery a10fb600 read time 5ms for .trainData-fx_c_88/USDARS/data.bin with 3359 records
Discovery a10fb600 scanning time 1s 304ms
Training a10fb600 with 1 binary file, target error: 0.000001, iterations: 1, sample rate: 100%, sparse: 100%
Discovery a10fb600 recorded time 1s 942ms
Over populated 52, expected 50.
Training fd7f06f1 increased fitness by 1.0605843037136964e-7 to 0.9947638470212788
Generation 20 score 0.9947638470212788  error 0.00522557210944655 avg time 1s 497ms
Training 4b15fa7a with 1 binary file, target error: 0.000001, iterations: 1, sample rate: 100%, sparse: 100%
Training a10fb600 increased fitness by 1.5190155489008816e-7 to 0.9947639989228337
Training fa0dc8bb with 1 binary file, target error: 0.000001, iterations: 1, sample rate: 100%, sparse: 100%
Fine tuning increased fitness by 8.842660137453606e-8 to 0.9947640873494351 adjusted 598 weights, 17 biases 
Over populated 52, expected 50.
Fine tuning increased fitness by 1.327594584266123e-7 to 0.9947642201088935 adjusted 561 weights, 16 biases 
Training 3685ba8f with 1 binary file, target error: 0.000001, iterations: 1, sample rate: 100%, sparse: 100%
Fine tuning increased fitness by 2.5829353489381646e-7 to 0.9947644784024284 adjusted 561 weights, 16 biases 
Over populated 52, expected 50.
Fine tuning increased fitness by 2.0840854519921237e-7 to 0.9947646868109736 adjusted 561 weights, 16 biases 
Training efc807fd with 1 binary file, target error: 0.000001, iterations: 1, sample rate: 100%, sparse: 100%
Over populated 52, expected 50.
Training bfce61ce with 1 binary file, target error: 0.000001, iterations: 1, sample rate: 100%, sparse: 100%
Over populated 52, expected 50.
Fine tuning increased fitness by 1.8821141511971007e-7 to 0.994764909072408 adjusted 564 weights, 16 biases 
Generation 30 score 0.994764909072408  error 0.005224510058221353 avg time 1s 712ms
Training 91845bb1 with 1 binary file, target error: 0.000001, iterations: 1, sample rate: 100%, sparse: 100%
Fine tuning increased fitness by 1.762271439886831e-8 to 0.9947649266951224 adjusted 564 weights, 16 biases 
Over populated 52, expected 50.
Training 2ee9792e with 1 binary file, target error: 0.000001, iterations: 1, sample rate: 100%, sparse: 100%
Over populated 52, expected 50.
Fine tuning increased fitness by 4.2455809423636026e-8 to 0.994765027990473 adjusted 87 weights, 2 biases 
Training 56138112 with 1 binary file, target error: 0.000001, iterations: 1, sample rate: 100%, sparse: 100%
Discovered beneficial synapse from input-1497 to 5f933a58-a0a3-4007-a069-cd586ac7b202 with weight 1.0000, helping 50.2% more records than it harms (2522/3359)
Discovery a10fb600 analyze time 29s 809ms found 1 candidates
Discovered harmful synapse from input-1340 to 5f933a58-a0a3-4007-a069-cd586ac7b202, harming 49.9% more records than it helps (842/3359)
Discovery a10fb600 analyze harmful time 327ms found 1 candidates
Training 32c0ee7d with 1 binary file, target error: 0.000001, iterations: 1, sample rate: 100%, sparse: 100%
Discovery a10fb600 analyze squashes time 499ms found 2 candidates, Summary: 2f4d71d1-87b7-4332-8442-49b441b5ffda ELU -> Mish improved: 26.9% error: 0.4494 -> 0.3283,5f933a58-a0a3-4007-a069-cd586ac7b202 SOFTSIGN -> ArcTan improved: 5.7% error: 120.3277 -> 113.5226
Over populated 52, expected 50.
Fine tuning increased fitness by 3.397842218699765e-8 to 0.9947651419577991 adjusted 219 weights, 8 biases 
Discovery f8c1c891 with 1 binary files, sample rate: 100%, batch size: 512
Discovery f8c1c891 initialize time 82ms
Discovery f8c1c891 processing .trainData-fx_c_88/USDARS/data.bin
Over populated 53, expected 50.
Discovery f8c1c891 read time 3ms for .trainData-fx_c_88/USDARS/data.bin with 3359 records
Discovery f8c1c891 scanning time 1s 297ms
Training 20a18f47 with 1 binary file, target error: 0.000001, iterations: 1, sample rate: 100%, sparse: 100%
Fine tuning increased fitness by 5.552885429249699e-8 to 0.9947651974866534 adjusted 219 weights, 8 biases 
Discovery f8c1c891 recorded time 2s 2ms
Over populated 52, expected 50.
Generation 40 score 0.9947652855296635  error 0.0052241436008764516 avg time 1s 716ms
Training 58b07cf9 with 1 binary file, target error: 0.000001, iterations: 1, sample rate: 100%, sparse: 100%
Fine tuning increased fitness by 1.0827311902605885e-7 to 0.9947653938027825 adjusted 219 weights, 8 biases 
Over populated 52, expected 50.
Training 46c51a32 with 1 binary file, target error: 0.000001, iterations: 1, sample rate: 100%, sparse: 100%
Fine tuning increased fitness by 1.793427363283584e-7 to 0.9947657134013655 adjusted 190 weights, 7 biases 
Over populated 52, expected 50.
Fine tuning increased fitness by 2.321124352722137e-7 to 0.9947659455138008 adjusted 190 weights, 7 biases 
Training 40a48a33 with 1 binary file, target error: 0.000001, iterations: 1, sample rate: 100%, sparse: 100%
Fine tuning increased fitness by 1.1302158420267716e-7 to 0.994766058535385 adjusted 190 weights, 7 biases 
Discovered beneficial synapse from input-1294 to 4b92699b-19fc-4818-8349-db91a51a7946 with weight 0.0598, helping 26.0% more records than it harms (2117/3359)
Discovery f8c1c891 analyze time 10s 749ms found 1 candidates
Discovered harmful synapse from input-1246 to 4b92699b-19fc-4818-8349-db91a51a7946, harming 16.3% more records than it helps (1405/3359)
Discovery f8c1c891 analyze harmful time 448ms found 1 candidates
Fine tuning increased fitness by 1.7236173599499693e-8 to 0.9947660757715586 adjusted 190 weights, 7 biases 
Discovery f8c1c891 analyze squashes time 387ms found 0 candidates
Training be6a88c8 with 1 binary file, target error: 0.000001, iterations: 1, sample rate: 100%, sparse: 100%
Fine tuning increased fitness by 6.904357641168701e-9 to 0.9947660826759163 adjusted 1 weight 
Discovery be6a88c8 with 1 binary files, sample rate: 100%, batch size: 512
Discovery be6a88c8 initialize time 87ms
Discovery be6a88c8 processing .trainData-fx_c_88/USDARS/data.bin
Fine tuning increased fitness by 1.8027024650812962e-8 to 0.9947661007029409 adjusted 1 weight 
Discovery be6a88c8 read time 3ms for .trainData-fx_c_88/USDARS/data.bin with 3359 records
Discovery be6a88c8 scanning time 1s 602ms
Discovery be6a88c8 recorded time 2s 190ms
Training 148727fa with 1 binary file, target error: 0.000001, iterations: 1, sample rate: 100%, sparse: 100%
Fine tuning increased fitness by 2.2812787214832042e-9 to 0.9947661029842196 adjusted 1 weight 
Generation 50 score 0.9947661226867732  error 0.005223296443868623 avg time 1s 612ms
Training 20bf6474 with 1 binary file, target error: 0.000001, iterations: 1, sample rate: 100%, sparse: 100%
Fine tuning increased fitness by 7.961902270814392e-8 to 0.9947662023057959 adjusted 179 weights, 5 biases 
Over populated 52, expected 50.
Fine tuning increased fitness by 1.0248143500479756e-7 to 0.9947663047872309 adjusted 179 weights, 5 biases 
Training 99f487ad with 1 binary file, target error: 0.000001, iterations: 1, sample rate: 100%, sparse: 100%
Fine tuning increased fitness by 1.0655693205574579e-7 to 0.994766411344163 adjusted 176 weights, 5 biases 
Over populated 52, expected 50.
Fine tuning increased fitness by 2.378423125115603e-9 to 0.9947664137225861 adjusted 176 weights, 5 biases 
Training 8c7740b4 with 1 binary file, target error: 0.000001, iterations: 1, sample rate: 100%, sparse: 100%
Fine tuning increased fitness by 1.2211642774762055e-7 to 0.9947665358390139 adjusted 175 weights, 5 biases 
Fine tuning increased fitness by 2.7740692210009854e-7 to 0.994766813245936 adjusted 175 weights, 5 biases 
Training 1995dc9b with 1 binary file, target error: 0.000001, iterations: 1, sample rate: 100%, sparse: 100%
Over populated 52, expected 50.
Discovered beneficial synapse from input-1497 to 5f933a58-a0a3-4007-a069-cd586ac7b202 with weight 1.0000, helping 50.2% more records than it harms (2522/3359)
Discovery be6a88c8 analyze time 14s 355ms found 1 candidates
Fine tuning increased fitness by 3.3635566620837665e-7 to 0.9947675240685471 adjusted 172 weights, 5 biases 
Discovered harmful synapse from input-1340 to 5f933a58-a0a3-4007-a069-cd586ac7b202, harming 49.9% more records than it helps (842/3359)
Discovery be6a88c8 analyze harmful time 458ms found 1 candidates
Discovery be6a88c8 analyze squashes time 541ms found 2 candidates, Summary: 5f933a58-a0a3-4007-a069-cd586ac7b202 SOFTSIGN -> ArcTan improved: 5.7% error: 119.9284 -> 113.1522,output-0 LOGISTIC -> SELU improved: 1.4% error: 208.3290 -> 205.3396
Training 926c67ab with 1 binary file, target error: 0.000001, iterations: 1, sample rate: 100%, sparse: 100%
Discovery 926c67ab with 1 binary files, sample rate: 100%, batch size: 512
Discovery 926c67ab initialize time 81ms
Discovery 926c67ab processing .trainData-fx_c_88/USDARS/data.bin
Over populated 56, expected 50.
Discovery 926c67ab read time 8ms for .trainData-fx_c_88/USDARS/data.bin with 3359 records
Discovery 926c67ab scanning time 1s 447ms
Fine tuning increased fitness by 5.445994963881873e-7 to 0.994768272706796 adjusted 172 weights, 5 biases 
Discovery 926c67ab recorded time 2s 74ms
Generation 60 score 0.994768272706796  error 0.005221136423922923 avg time 1s 575ms
Training 97068234 with 1 binary file, target error: 0.000001, iterations: 1, sample rate: 100%, sparse: 100%
Fine tuning increased fitness by 2.86342020205943e-7 to 0.9947685590488162 adjusted 172 weights, 5 biases 
Over populated 52, expected 50.
Fine tuning increased fitness by 3.0685835383792437e-7 to 0.9947688659071701 adjusted 172 weights, 5 biases 
Training e1e778a8 with 1 binary file, target error: 0.000001, iterations: 1, sample rate: 100%, sparse: 100%
Fine tuning increased fitness by 3.0944365347895797e-7 to 0.9947691753508235 adjusted 172 weights, 5 biases 
Over populated 52, expected 50.
Fine tuning increased fitness by 3.2350551049109555e-7 to 0.994769498856334 adjusted 172 weights, 5 biases 
Training 42441f31 with 1 binary file, target error: 0.000001, iterations: 1, sample rate: 100%, sparse: 100%
Fine tuning increased fitness by 2.3977748586645475e-7 to 0.9947697386338199 adjusted 172 weights, 5 biases 
Fine tuning increased fitness by 0.0000011191202490268282 to 0.9947708577540689 adjusted 169 weights, 5 biases 
Training 07e1f0b4 with 1 binary file, target error: 0.000001, iterations: 1, sample rate: 100%, sparse: 100%
Fine tuning increased fitness by 8.173310527270772e-7 to 0.9947738166793855 adjusted 166 weights, 5 biases 
Training 77fa70bd with 1 binary file, target error: 0.000001, iterations: 1, sample rate: 100%, sparse: 100%
Fine tuning increased fitness by 1.1502920571615505e-7 to 0.9947739317085912 adjusted 166 weights, 5 biases 
Over populated 52, expected 50.
Fine tuning increased fitness by 8.556173980434068e-8 to 0.994774017270331 adjusted 166 weights, 5 biases 
Generation 70 score 0.994774017270331  error 0.005215391860293781 avg time 1s 540ms
Training 86ea3ca5 with 1 binary file, target error: 0.000001, iterations: 1, sample rate: 100%, sparse: 100%
Fine tuning increased fitness by 5.677588232888553e-8 to 0.9947740740462133 adjusted 166 weights, 5 biases 
Fine tuning increased fitness by 4.7616148579621154e-8 to 0.9947741216623619 adjusted 166 weights, 5 biases 
Discovered beneficial synapse from input-1497 to 5f933a58-a0a3-4007-a069-cd586ac7b202 with weight 1.0000, helping 50.0% more records than it harms (2520/3359)
Discovery 926c67ab analyze time 18s 462ms found 1 candidates
Discovered harmful synapse from input-1340 to 5f933a58-a0a3-4007-a069-cd586ac7b202, harming 49.7% more records than it helps (844/3359)
Discovery 926c67ab analyze harmful time 525ms found 1 candidates
Discovery 926c67ab analyze squashes time 431ms found 0 candidates
Training 65284cc2 with 1 binary file, target error: 0.000001, iterations: 1, sample rate: 100%, sparse: 100%
Fine tuning increased fitness by 4.242405760024326e-8 to 0.9947741640864195 adjusted 166 weights, 5 biases 
Discovery 65284cc2 with 1 binary files, sample rate: 100%, batch size: 512
Discovery 65284cc2 initialize time 87ms
Discovery 65284cc2 processing .trainData-fx_c_88/USDARS/data.bin
Over populated 54, expected 50.
Discovery 65284cc2 read time 8ms for .trainData-fx_c_88/USDARS/data.bin with 3359 records
Discovery 65284cc2 scanning time 1s 407ms
Fine tuning increased fitness by 6.875775160342101e-8 to 0.9947742328441711 adjusted 166 weights, 5 biases 
Discovery 65284cc2 recorded time 2s 48ms
Training 0c2fd342 with 1 binary file, target error: 0.000001, iterations: 1, sample rate: 100%, sparse: 100%
Fine tuning increased fitness by 1.0812559314565817e-7 to 0.9947743409697642 adjusted 166 weights, 5 biases 
Over populated 52, expected 50.
Fine tuning increased fitness by 1.4371622603093215e-7 to 0.9947744846859903 adjusted 166 weights, 5 biases 
Training 95e7f72b with 1 binary file, target error: 0.000001, iterations: 1, sample rate: 100%, sparse: 100%
Fine tuning increased fitness by 1.7839153765297766e-7 to 0.9947746630775279 adjusted 166 weights, 5 biases 
Training dd54f78f with 1 binary file, target error: 0.000001, iterations: 1, sample rate: 100%, sparse: 100%
Fine tuning increased fitness by 2.8721551914578924e-8 to 0.9947747769865364 adjusted 163 weights, 5 biases 
Fine tuning increased fitness by 3.556056993314627e-8 to 0.9947748125471063 adjusted 163 weights, 5 biases 
Generation 80 score 0.9947748125471063  error 0.005214596583517444 avg time 1s 574ms
Training cc5a0529 with 1 binary file, target error: 0.000001, iterations: 1, sample rate: 100%, sparse: 100%
Over populated 52, expected 50.
Fine tuning increased fitness by 9.334056705334604e-8 to 0.9947749904965624 adjusted 161 weights, 5 biases 
Training baae261f with 1 binary file, target error: 0.000001, iterations: 1, sample rate: 100%, sparse: 100%
Fine tuning increased fitness by 1.848672661619588e-7 to 0.9947751753638285 adjusted 146 weights, 4 biases 
Training 2b5aaa3d with 1 binary file, target error: 0.000001, iterations: 1, sample rate: 100%, sparse: 100%
Fine tuning increased fitness by 2.4969460055146442e-8 to 0.9947754197344715 adjusted 131 weights, 3 biases 
Fine tuning increased fitness by 1.0492357538360864e-8 to 0.994775430226829 adjusted 131 weights, 3 biases 
Training 3040e97b with 1 binary file, target error: 0.000001, iterations: 1, sample rate: 100%, sparse: 100%
Training 44ebb8a9 with 1 binary file, target error: 0.000001, iterations: 1, sample rate: 100%, sparse: 100%
Discovered beneficial synapse from input-1497 to 5f933a58-a0a3-4007-a069-cd586ac7b202 with weight 1.0000, helping 50.2% more records than it harms (2523/3359)
Discovery 65284cc2 analyze time 23s 737ms found 1 candidates
Discovered harmful synapse from input-860 to 2f4d71d1-87b7-4332-8442-49b441b5ffda, harming 53.2% more records than it helps (784/3359)
Discovery 65284cc2 analyze harmful time 711ms found 1 candidates
Fine tuning increased fitness by 1.4938891235161122e-8 to 0.9947754613240503 adjusted 738 weights, 17 biases 
Discovery 65284cc2 analyze squashes time 748ms found 2 candidates, Summary: 2f4d71d1-87b7-4332-8442-49b441b5ffda ELU -> Mish improved: 27.2% error: 0.4472 -> 0.3254,output-0 LOGISTIC -> SELU improved: 1.4% error: 208.3287 -> 205.3394
Generation 90 score 0.9947754613240503  error 0.005213957806467829 avg time 1s 579ms
Training 87115702 with 1 binary file, target error: 0.000001, iterations: 1, sample rate: 100%, sparse: 100%
Fine tuning increased fitness by 3.378003976539645e-8 to 0.99477549510409 adjusted 735 weights, 17 biases 
Discovery 87115702 with 1 binary files, sample rate: 100%, batch size: 512
Discovery 87115702 initialize time 83ms
Discovery 87115702 processing .trainData-fx_c_88/USDARS/data.bin
Over populated 56, expected 50.
Discovery 87115702 read time 4ms for .trainData-fx_c_88/USDARS/data.bin with 3359 records
Discovery 87115702 scanning time 1s 419ms
Fine tuning increased fitness by 2.0418066570826454e-8 to 0.9947755155221566 adjusted 735 weights, 17 biases 
Discovery 87115702 recorded time 2s 26ms
Training 272cf142 with 1 binary file, target error: 0.000001, iterations: 1, sample rate: 100%, sparse: 100%
Fine tuning increased fitness by 3.1046900494935414e-8 to 0.9947755465690571 adjusted 735 weights, 17 biases 
Training 24dcf8aa with 1 binary file, target error: 0.000001, iterations: 1, sample rate: 100%, sparse: 100%
Over populated 52, expected 50.
Fine tuning increased fitness by 1.864810211804624e-7 to 0.9947759456523284 adjusted 687 weights, 17 biases 
Over populated 52, expected 50.
Discovered beneficial synapse from input-1294 to 4b92699b-19fc-4818-8349-db91a51a7946 with weight 0.0558, helping 25.8% more records than it harms (2113/3359)
Discovery 87115702 analyze time 10s 89ms found 1 candidates
Discovered harmful synapse from input-1340 to 5f933a58-a0a3-4007-a069-cd586ac7b202, harming 50.0% more records than it helps (840/3359)
Discovery 87115702 analyze harmful time 518ms found 1 candidates
Discovery 87115702 analyze squashes time 555ms found 1 candidate, Summary: 5f933a58-a0a3-4007-a069-cd586ac7b202 SOFTSIGN -> ArcTan improved: 5.7% error: 120.0629 -> 113.2789
Over populated 53, expected 50.
Fine tuning increased fitness by 2.7771067445669928e-8 to 0.9947765541363717 adjusted 655 weights, 17 biases 
Generation 100 score 0.9947765541363717  error 0.0052128449941049124 avg time 1s 711ms
Fine tuning increased fitness by 2.7090506504734435e-8 to 0.9947765812268782 adjusted 655 weights, 17 biases 
Fine tuning increased fitness by 2.518413633190164e-8 to 0.9947767400954645 adjusted 606 weights, 17 biases 
Fine tuning increased fitness by 6.806858865449072e-8 to 0.9947769010748311 adjusted 581 weights, 16 biases 
Fine tuning increased fitness by 3.4318945241196275e-8 to 0.9947769693891714 adjusted 618 weights, 17 biases 
Fine tuning increased fitness by 1.1163349167286896e-7 to 0.9947771435490932 adjusted 547 weights, 13 biases 
Generation 110 score 0.9947771435490932  error 0.005212255581397838 avg time 1s 626ms
Fine tuning increased fitness by 1.295985148086487e-7 to 0.994777273147608 adjusted 547 weights, 13 biases 
Fine tuning increased fitness by 2.3062661069772616e-7 to 0.9947775037742187 adjusted 618 weights, 16 biases 
Fine tuning increased fitness by 6.987324840945774e-7 to 0.9947789418152995 adjusted 608 weights, 17 biases 
Generation 114 score 0.9947789418152995  error 0.005210457315186256 avg time 661ms
{
  error: 0.005210457315186256,
  score: 0.9947789418152995,
  generation: 114,
  time: 181665
}

=== Processing USDVND (7/10) ===
../GRQ-FX-models/v1//USDVND.json NotFound: No such file or directory (os error 2): readfile '../GRQ-FX-models/v1//USDVND.json'
    at Object.readTextFileSync (ext:deno_fs/30_fs.js:770:10)
    at file:///data/GRQ/GRQ/src/fx/EvolveApp.ts:137:12
    at eventLoopTick (ext:core/01_core.js:179:7) {
  name: "NotFound",
  code: "ENOENT"
}
9 mutations, mutation rate 5.0%, elitism 4, mutation FFW, selection POWER
Creature count: 50
Training 971aa901 with 1 binary file, target error: 0.000001, iterations: 1, sample rate: 100%, sparse: 100%
Discovery 971aa901 with 1 binary files, sample rate: 100%, batch size: 512
Discovery 971aa901 initialize time 87ms
Discovery 971aa901 processing .trainData-fx_c_88/USDVND/data.bin
Discovery 971aa901 read time 3ms for .trainData-fx_c_88/USDVND/data.bin with 1432 records
Discovery 971aa901 scanning time 421ms
Training 46468269 with 1 binary file, target error: 0.000001, iterations: 1, sample rate: 100%, sparse: 100%
Discovery 971aa901 recorded time 706ms
Training f1c20c6a with 1 binary file, target error: 0.000001, iterations: 1, sample rate: 100%, sparse: 100%
Training d571637d with 1 binary file, target error: 0.000001, iterations: 1, sample rate: 100%, sparse: 100%
Training a6fe47d8 with 1 binary file, target error: 0.000001, iterations: 1, sample rate: 100%, sparse: 100%
Fine tuning increased fitness by 0.00000651732070489075 to 0.999614336426555 adjusted 97 weights, 5 biases 
Training 8b25b55e with 1 binary file, target error: 0.000001, iterations: 1, sample rate: 100%, sparse: 100%
Fine tuning increased fitness by 0.000022483879251633532 to 0.9996368203058066 adjusted 97 weights, 5 biases 
Training 473299fa with 1 binary file, target error: 0.000001, iterations: 1, sample rate: 100%, sparse: 100%
Training 1741a279 with 1 binary file, target error: 0.000001, iterations: 1, sample rate: 100%, sparse: 100%
Fine tuning increased fitness by 1.7463285229002423e-7 to 0.999652911886488 adjusted 2 weights, 2 biases 
Training 17d509b3 with 1 binary file, target error: 0.000001, iterations: 1, sample rate: 100%, sparse: 100%
Fine tuning increased fitness by 6.87078104411043e-8 to 0.9996529805942984 adjusted 2 weights, 2 biases 
Training 6814fb93 with 1 binary file, target error: 0.000001, iterations: 1, sample rate: 100%, sparse: 100%
Training 1741a279 increased fitness by 7.726830253407257e-8 to 0.999653057862601
Generation 10 score 0.999653057862601  error 0.00034597133507019765 avg time 425ms
Training 149ccb49 with 1 binary file, target error: 0.000001, iterations: 1, sample rate: 100%, sparse: 100%
Remove neuron bd7a5284-2592-46c9-809e-eaeab38e8ed8 as no longer connected
Training 66379f89 with 1 binary file, target error: 0.000001, iterations: 1, sample rate: 100%, sparse: 100%
Fine tuning increased fitness by 5.131451032980294e-7 to 0.9996542330508463 adjusted 97 weights, 5 biases 
Culling duplicate creature at 50 of 51
DeDuplication of 1 creatures to 50 in 3ms (previous experiment )
Training cc8d350d with 1 binary file, target error: 0.000001, iterations: 1, sample rate: 100%, sparse: 100%
Fine tuning increased fitness by 6.922811289777897e-7 to 0.9996549253319753 adjusted 97 weights, 5 biases 
Training c19763f0 with 1 binary file, target error: 0.000001, iterations: 1, sample rate: 100%, sparse: 100%
Fine tuning increased fitness by 0.0000013230817019760366 to 0.9996562484136773 adjusted 1 weight 
Training 7f37e84b with 1 binary file, target error: 0.000001, iterations: 1, sample rate: 100%, sparse: 100%
Fine tuning increased fitness by 0.0000021323614313173422 to 0.9996583807751086 adjusted 1 weight 
Training b0b103a0 with 1 binary file, target error: 0.000001, iterations: 1, sample rate: 100%, sparse: 100%
Fine tuning increased fitness by 0.000006410773944809378 to 0.9996647915490534 adjusted 1 weight 
Training 5c1a2d68 with 1 binary file, target error: 0.000001, iterations: 1, sample rate: 100%, sparse: 100%
Fine tuning increased fitness by 0.000007757818887288437 to 0.9996725493679407 adjusted 1 weight 
Training 914c5ecb with 1 binary file, target error: 0.000001, iterations: 1, sample rate: 100%, sparse: 100%
Fine tuning increased fitness by 7.133450740104408e-7 to 0.9996732627130147 adjusted 1 weight 
Training 1f9947de with 1 binary file, target error: 0.000001, iterations: 1, sample rate: 100%, sparse: 100%
Fine tuning increased fitness by 8.888473179702316e-9 to 0.9996732716014879 adjusted 1 weight 
Training 55ce357d with 1 binary file, target error: 0.000001, iterations: 1, sample rate: 100%, sparse: 100%
Training 914c5ecb increased fitness by 5.727566668722872e-7 to 0.9996738443581548
Generation 20 score 0.9996738443581548  error 0.00032517484047057146 avg time 273ms
Training d2f21118 with 1 binary file, target error: 0.000001, iterations: 1, sample rate: 100%, sparse: 100%
Fine tuning increased fitness by 8.66723241510492e-7 to 0.9996747110813963 adjusted 97 weights, 5 biases 
Training 2298cbc4 with 1 binary file, target error: 0.000001, iterations: 1, sample rate: 100%, sparse: 100%
Fine tuning increased fitness by 0.0000012582427436624855 to 0.9996759693241399 adjusted 96 weights, 5 biases 
Training 507fdef8 with 1 binary file, target error: 0.000001, iterations: 1, sample rate: 100%, sparse: 100%
Fine tuning increased fitness by 0.0000017180088518475856 to 0.9996776873329918 adjusted 95 weights, 5 biases 
Training 8842b1e9 with 1 binary file, target error: 0.000001, iterations: 1, sample rate: 100%, sparse: 100%
Training 4c4b596f with 1 binary file, target error: 0.000001, iterations: 1, sample rate: 100%, sparse: 100%
Fine tuning increased fitness by 4.5801636094910947e-7 to 0.9996790614803521 adjusted 93 weights, 4 biases 
Training 6fefac65 with 1 binary file, target error: 0.000001, iterations: 1, sample rate: 100%, sparse: 100%
Training a40fa4df with 1 binary file, target error: 0.000001, iterations: 1, sample rate: 100%, sparse: 100%
Training bd9eb4ac with 1 binary file, target error: 0.000001, iterations: 1, sample rate: 100%, sparse: 100%
Training 69a98a49 with 1 binary file, target error: 0.000001, iterations: 1, sample rate: 100%, sparse: 100%
Fine tuning increased fitness by 8.443554300185951e-8 to 0.9996803704032226 adjusted 1 weight 
Training bb883641 with 1 binary file, target error: 0.000001, iterations: 1, sample rate: 100%, sparse: 100%
Generation 30 score 0.9996803704032226  error 0.0003186387959935378 avg time 361ms
Training d5828d59 with 1 binary file, target error: 0.000001, iterations: 1, sample rate: 100%, sparse: 100%
Training 69a98a49 increased fitness by 9.583825555381509e-8 to 0.9996804662414781
Training 79517eed with 1 binary file, target error: 0.000001, iterations: 1, sample rate: 100%, sparse: 100%
Fine tuning increased fitness by 8.165434217666245e-8 to 0.9996805478958203 adjusted 98 weights, 5 biases 
Training 0c9be818 with 1 binary file, target error: 0.000001, iterations: 1, sample rate: 100%, sparse: 100%
Fine tuning increased fitness by 1.5368705752472067e-8 to 0.999680563264526 adjusted 97 weights, 5 biases 
Training 94a09ae9 with 1 binary file, target error: 0.000001, iterations: 1, sample rate: 100%, sparse: 100%
Fine tuning increased fitness by 9.62556701011863e-9 to 0.999680572890093 adjusted 97 weights, 5 biases 
Training a50be3ac with 1 binary file, target error: 0.000001, iterations: 1, sample rate: 100%, sparse: 100%
Training 3c75877a with 1 binary file, target error: 0.000001, iterations: 1, sample rate: 100%, sparse: 100%
Fine tuning increased fitness by 2.0598472039168314e-8 to 0.9996806165165156 adjusted 95 weights, 5 biases 
Training 8b71c527 with 1 binary file, target error: 0.000001, iterations: 1, sample rate: 100%, sparse: 100%
Fine tuning increased fitness by 2.5521632807112837e-8 to 0.9996806420381484 adjusted 95 weights, 5 biases 
Training dc4ecfdd with 1 binary file, target error: 0.000001, iterations: 1, sample rate: 100%, sparse: 100%
Training fc6c819d with 1 binary file, target error: 0.000001, iterations: 1, sample rate: 100%, sparse: 100%
Fine tuning increased fitness by 5.042225525997424e-10 to 0.9996806532191337 adjusted 95 weights, 5 biases 
Training 16ac6b59 with 1 binary file, target error: 0.000001, iterations: 1, sample rate: 100%, sparse: 100%
Fine tuning increased fitness by 4.265390596280838e-9 to 0.9996806574845243 adjusted 95 weights, 5 biases 
Generation 40 score 0.9996806574845243  error 0.00031835171469091477 avg time 376ms
Training 77bf0b50 with 1 binary file, target error: 0.000001, iterations: 1, sample rate: 100%, sparse: 100%
Fine tuning increased fitness by 4.08838596310801e-9 to 0.9996806615729102 adjusted 95 weights, 5 biases 
Discovered beneficial synapse from input-16 to output-4 with weight 1.0000, helping 65.6% more records than it harms (1186/1432)
Discovery 971aa901 analyze time 13s 345ms found 1 candidates
Discovered harmful synapse from input-364 to output-3, harming 23.0% more records than it helps (547/1432)
Discovery 971aa901 analyze harmful time 45ms found 1 candidates
Training f4a6e5be with 1 binary file, target error: 0.000001, iterations: 1, sample rate: 100%, sparse: 100%
Fine tuning increased fitness by 2.7761846155271996e-9 to 0.9996806643490949 adjusted 95 weights, 5 biases 
Training c58acc25 with 1 binary file, target error: 0.000001, iterations: 1, sample rate: 100%, sparse: 100%
Fine tuning increased fitness by 2.444624765951531e-7 to 0.9996809088115715 adjusted 95 weights, 5 biases 
Discovery 971aa901 analyze squashes time 416ms found 3 candidates, Summary: output-0 ReLU -> GAUSSIAN improved: 49.0% error: 0.4597 -> 0.2346,output-1 Cube -> SQRT improved: 5.1% error: 0.0388 -> 0.0368,output-2 ReLU6 -> ABSOLUTE improved: 46.3% error: 0.0106 -> 0.0057
Training dcb6598d with 1 binary file, target error: 0.000001, iterations: 1, sample rate: 100%, sparse: 100%
Discovery dcb6598d with 1 binary files, sample rate: 100%, batch size: 512
Discovery dcb6598d initialize time 108ms
Discovery dcb6598d processing .trainData-fx_c_88/USDVND/data.bin
Training 93f18bab with 1 binary file, target error: 0.000001, iterations: 1, sample rate: 100%, sparse: 100%
Discovery 971aa901 beneficial increased fitness by 0.0000025727463733860034 to 0.9996836382149703
Discovery dcb6598d read time  for .trainData-fx_c_88/USDVND/data.bin with 1432 records
Discovery dcb6598d scanning time 417ms
Training 761c3ccc with 1 binary file, target error: 0.000001, iterations: 1, sample rate: 100%, sparse: 100%
Fine tuning increased fitness by 0.000005686170488683473 to 0.999689324385459 adjusted 3 weights 
Discovery dcb6598d recorded time 745ms
Training 78f44bf4 with 1 binary file, target error: 0.000001, iterations: 1, sample rate: 100%, sparse: 100%
Fine tuning increased fitness by 0.0000018172037571373423 to 0.9996911415892161 adjusted 3 weights 
Training 0933c74e with 1 binary file, target error: 0.000001, iterations: 1, sample rate: 100%, sparse: 100%
Fine tuning increased fitness by 2.1277170769717912e-7 to 0.9996913543609238 adjusted 3 weights 
Training b5b4b76a with 1 binary file, target error: 0.000001, iterations: 1, sample rate: 100%, sparse: 100%
Training e9d7e83d with 1 binary file, target error: 0.000001, iterations: 1, sample rate: 100%, sparse: 100%
Fine tuning increased fitness by 3.172179655619445e-7 to 0.9996918635540244 adjusted 1 weight 
Generation 50 score 0.9996918635540244  error 0.0003071156420911425 avg time 347ms
Training 76cda778 with 1 binary file, target error: 0.000001, iterations: 1, sample rate: 100%, sparse: 100%
Fine tuning increased fitness by 5.423246480784627e-7 to 0.9996924058786725 adjusted 1 weight 
Training 2fcb7042 with 1 binary file, target error: 0.000001, iterations: 1, sample rate: 100%, sparse: 100%
Fine tuning increased fitness by 7.335731776469956e-7 to 0.9996931394518501 adjusted 1 weight 
Training 4aad06c2 with 1 binary file, target error: 0.000001, iterations: 1, sample rate: 100%, sparse: 100%
Fine tuning increased fitness by 0.00000122806787306029 to 0.9996943675197232 adjusted 1 weight 
Training 646f0c25 with 1 binary file, target error: 0.000001, iterations: 1, sample rate: 100%, sparse: 100%
Fine tuning increased fitness by 0.0000015208993487947353 to 0.999695888419072 adjusted 1 weight 
Training 46a9a4ed with 1 binary file, target error: 0.000001, iterations: 1, sample rate: 100%, sparse: 100%
Fine tuning increased fitness by 4.01242262193513e-7 to 0.9996962896613342 adjusted 1 weight 
Training 889ae88a with 1 binary file, target error: 0.000001, iterations: 1, sample rate: 100%, sparse: 100%
Training 84a8f03a with 1 binary file, target error: 0.000001, iterations: 1, sample rate: 100%, sparse: 100%
Training 75b8cfc6 with 1 binary file, target error: 0.000001, iterations: 1, sample rate: 100%, sparse: 100%
Training 889ae88a increased fitness by 6.738576050491218e-7 to 0.9996969655502441
Training 84c0e96d with 1 binary file, target error: 0.000001, iterations: 1, sample rate: 100%, sparse: 100%
Constant neuron c6127fbb-b6df-4ce6-b81e-13a553d07c62 convert hidden to constant
Adjust neuron c6127fbb-b6df-4ce6-b81e-13a553d07c62 bias 0.06291496883537703 to 0.06287347106593992
Training 94d6ffc6 with 1 binary file, target error: 0.000001, iterations: 1, sample rate: 100%, sparse: 100%
Fine tuning increased fitness by 3.236557898356196e-7 to 0.9996974620158536 adjusted 102 weights, 5 biases 
Generation 60 score 0.9996974620158536  error 0.00030151712629082947 avg time 299ms
Training a61a98ec with 1 binary file, target error: 0.000001, iterations: 1, sample rate: 100%, sparse: 100%
Training 467e010e with 1 binary file, target error: 0.000001, iterations: 1, sample rate: 100%, sparse: 100%
Fine tuning increased fitness by 5.198540332651547e-7 to 0.9996983948184975 adjusted 9 weights, 4 biases 
Training 23d654dd with 1 binary file, target error: 0.000001, iterations: 1, sample rate: 100%, sparse: 100%
Fine tuning increased fitness by 4.106679810655933e-7 to 0.9996988054864786 adjusted 9 weights, 4 biases 
Training f5178558 with 1 binary file, target error: 0.000001, iterations: 1, sample rate: 100%, sparse: 100%
Fine tuning increased fitness by 1.8631650045008996e-7 to 0.999698991802979 adjusted 9 weights, 4 biases 
Training 7e380123 with 1 binary file, target error: 0.000001, iterations: 1, sample rate: 100%, sparse: 100%
Fine tuning increased fitness by 2.0065817285530585e-7 to 0.9996991924611519 adjusted 9 weights, 4 biases 
Training 70795c1f with 1 binary file, target error: 0.000001, iterations: 1, sample rate: 100%, sparse: 100%
Fine tuning increased fitness by 2.649847462565802e-7 to 0.9996994574458982 adjusted 9 weights, 4 biases 
Training e0d38c7b with 1 binary file, target error: 0.000001, iterations: 1, sample rate: 100%, sparse: 100%
Training 39769e7e with 1 binary file, target error: 0.000001, iterations: 1, sample rate: 100%, sparse: 100%
Training 28101cc7 with 1 binary file, target error: 0.000001, iterations: 1, sample rate: 100%, sparse: 100%
Training 2315d4d1 with 1 binary file, target error: 0.000001, iterations: 1, sample rate: 100%, sparse: 100%
Fine tuning increased fitness by 4.348214788230109e-9 to 0.9996998537272016 adjusted 9 weights, 4 biases 
Generation 70 score 0.9996998537272016  error 0.00029911540319441505 avg time 360ms
Training f08887e8 with 1 binary file, target error: 0.000001, iterations: 1, sample rate: 100%, sparse: 100%
Fine tuning increased fitness by 2.101986118496768e-8 to 0.9996998747470628 adjusted 9 weights, 4 biases 
Training e86d1135 with 1 binary file, target error: 0.000001, iterations: 1, sample rate: 100%, sparse: 100%
Fine tuning increased fitness by 2.3149503647346137e-8 to 0.9996998978965664 adjusted 9 weights, 4 biases 
Training 70f67d4c with 1 binary file, target error: 0.000001, iterations: 1, sample rate: 100%, sparse: 100%
Training 9e9af318 with 1 binary file, target error: 0.000001, iterations: 1, sample rate: 100%, sparse: 100%
Fine tuning increased fitness by 2.987526781517147e-8 to 0.9996999668689296 adjusted 6 weights, 2 biases 
Training 311b66fe with 1 binary file, target error: 0.000001, iterations: 1, sample rate: 100%, sparse: 100%
Fine tuning increased fitness by 3.7493549820410976e-8 to 0.9997000043624794 adjusted 6 weights, 2 biases 
Training 7c854949 with 1 binary file, target error: 0.000001, iterations: 1, sample rate: 100%, sparse: 100%
Training 3fecceef with 1 binary file, target error: 0.000001, iterations: 1, sample rate: 100%, sparse: 100%
Training d88de686 with 1 binary file, target error: 0.000001, iterations: 1, sample rate: 100%, sparse: 100%
Training 1fff90b0 with 1 binary file, target error: 0.000001, iterations: 1, sample rate: 100%, sparse: 100%
Training 6db6490c with 1 binary file, target error: 0.000001, iterations: 1, sample rate: 100%, sparse: 100%
Fine tuning increased fitness by 8.88294593437422e-8 to 0.9997003005847279 adjusted 100 weights, 3 biases 
Generation 80 score 0.9997003005847279  error 0.00029866854528141104 avg time 371ms
Training 6dd3a01b with 1 binary file, target error: 0.000001, iterations: 1, sample rate: 100%, sparse: 100%
Training 36cd975d with 1 binary file, target error: 0.000001, iterations: 1, sample rate: 100%, sparse: 100%
Fine tuning increased fitness by 1.1131585475609995e-7 to 0.999700511073146 adjusted 100 weights, 3 biases 
Training 8d71c5bb with 1 binary file, target error: 0.000001, iterations: 1, sample rate: 100%, sparse: 100%
Fine tuning increased fitness by 1.24820023872374e-7 to 0.9997006358931698 adjusted 100 weights, 3 biases 
Training 9a93286d with 1 binary file, target error: 0.000001, iterations: 1, sample rate: 100%, sparse: 100%
Fine tuning increased fitness by 1.0768654712389747e-7 to 0.9997007435797169 adjusted 100 weights, 3 biases 
Discovered beneficial synapse from input-16 to output-3 with weight 1.0000, helping 57.0% more records than it harms (1120/1432)
Discovery dcb6598d analyze time 13s 68ms found 1 candidates
Training 1b9f4af3 with 1 binary file, target error: 0.000001, iterations: 1, sample rate: 100%, sparse: 100%
Fine tuning increased fitness by 1.1192020588079998e-7 to 0.9997008554999228 adjusted 100 weights, 3 biases 
Discovered harmful synapse from input-1204 to output-2, harming 28.6% more records than it helps (511/1432)
Discovery dcb6598d analyze harmful time 215ms found 1 candidates
Training 3c196eee with 1 binary file, target error: 0.000001, iterations: 1, sample rate: 100%, sparse: 100%
Discovery dcb6598d analyze squashes time 387ms found 4 candidates, Summary: output-0 ReLU -> Cosine improved: 49.9% error: 0.5661 -> 0.2836,output-2 LeakyReLU -> SOFTSIGN improved: 4.5% error: 0.5802 -> 0.5543,output-4 LeakyReLU -> SQUARE improved: 1.5% error: 0.3491 -> 0.3438,output-3 Cube -> SQRT improved: 5.5% error: 0.0569 -> 0.0537
Training 14c129e6 with 1 binary file, target error: 0.000001, iterations: 1, sample rate: 100%, sparse: 100%
Fine tuning increased fitness by 1.1073230132829792e-7 to 0.9997010429907797 adjusted 100 weights, 3 biases 
Discovery 14c129e6 with 1 binary files, sample rate: 100%, batch size: 512
Discovery 14c129e6 initialize time 114ms
Discovery 14c129e6 processing .trainData-fx_c_88/USDVND/data.bin
Training f96df2ca with 1 binary file, target error: 0.000001, iterations: 1, sample rate: 100%, sparse: 100%
Discovery 14c129e6 read time  for .trainData-fx_c_88/USDVND/data.bin with 1432 records
Discovery 14c129e6 scanning time 425ms
Training 4f81df71 with 1 binary file, target error: 0.000001, iterations: 1, sample rate: 100%, sparse: 100%
Discovery 14c129e6 recorded time 759ms
Training 6fbd196a with 1 binary file, target error: 0.000001, iterations: 1, sample rate: 100%, sparse: 100%
Fine tuning increased fitness by 8.355695046979861e-8 to 0.999701240322519 adjusted 99 weights, 2 biases 
Generation 90 score 0.999701240322519  error 0.00029772880755030704 avg time 389ms
Training 28e75c11 with 1 binary file, target error: 0.000001, iterations: 1, sample rate: 100%, sparse: 100%
Fine tuning increased fitness by 7.082102315703054e-8 to 0.9997013111435421 adjusted 99 weights, 2 biases 
Training fef3273a with 1 binary file, target error: 0.000001, iterations: 1, sample rate: 100%, sparse: 100%
Fine tuning increased fitness by 6.932166896067571e-8 to 0.9997013804652111 adjusted 99 weights, 2 biases 
Training 0d2cf649 with 1 binary file, target error: 0.000001, iterations: 1, sample rate: 100%, sparse: 100%
Fine tuning increased fitness by 1.149077222262207e-7 to 0.9997014953729333 adjusted 99 weights, 2 biases 
Training 7fb1069c with 1 binary file, target error: 0.000001, iterations: 1, sample rate: 100%, sparse: 100%
Training 0151f8f6 with 1 binary file, target error: 0.000001, iterations: 1, sample rate: 100%, sparse: 100%
Training d0a24804 with 1 binary file, target error: 0.000001, iterations: 1, sample rate: 100%, sparse: 100%
Training a2249783 with 1 binary file, target error: 0.000001, iterations: 1, sample rate: 100%, sparse: 100%
Fine tuning increased fitness by 9.850766924390797e-8 to 0.9997019633040645 adjusted 1 weight, 1 bias 
Training 3193743e with 1 binary file, target error: 0.000001, iterations: 1, sample rate: 100%, sparse: 100%
Training 9c1b4657 with 1 binary file, target error: 0.000001, iterations: 1, sample rate: 100%, sparse: 100%
Fine tuning increased fitness by 1.7137733454575255e-7 to 0.9997021694409421 adjusted 6 weights, 2 biases 
Training 70f43dab with 1 binary file, target error: 0.000001, iterations: 1, sample rate: 100%, sparse: 100%
Fine tuning increased fitness by 5.220922172366471e-8 to 0.9997022216501639 adjusted 6 weights, 2 biases 
Generation 100 score 0.9997022216501639  error 0.0002967474798872904 avg time 367ms
Training 52c9bb40 with 1 binary file, target error: 0.000001, iterations: 1, sample rate: 100%, sparse: 100%
Fine tuning increased fitness by 2.857543157652742e-8 to 0.9997022502255954 adjusted 6 weights, 2 biases 
Training 179389bd with 1 binary file, target error: 0.000001, iterations: 1, sample rate: 100%, sparse: 100%
Fine tuning increased fitness by 6.353003123571455e-8 to 0.9997023137556267 adjusted 6 weights, 2 biases 
Training 72528f14 with 1 binary file, target error: 0.000001, iterations: 1, sample rate: 100%, sparse: 100%
Training b499ebda with 1 binary file, target error: 0.000001, iterations: 1, sample rate: 100%, sparse: 100%
Fine tuning increased fitness by 3.9096173687358515e-7 to 0.9997030737033378 adjusted 1 weight, 1 bias 
Training 81dc2840 with 1 binary file, target error: 0.000001, iterations: 1, sample rate: 100%, sparse: 100%
Fine tuning increased fitness by 1.6418064607837124e-7 to 0.9997032378839839 adjusted 1 weight, 1 bias 
Training f2488724 with 1 binary file, target error: 0.000001, iterations: 1, sample rate: 100%, sparse: 100%
Fine tuning increased fitness by 2.391130760059923e-8 to 0.9997032617952915 adjusted 1 weight, 1 bias 
Training e304ec07 with 1 binary file, target error: 0.000001, iterations: 1, sample rate: 100%, sparse: 100%
Fine tuning increased fitness by 7.061207174530182e-10 to 0.9997032625014122 adjusted 1 weight, 1 bias 
Training 26abe460 with 1 binary file, target error: 0.000001, iterations: 1, sample rate: 100%, sparse: 100%
Training f2488724 increased fitness by 3.0050464450148695e-8 to 0.9997032925518766
Training 35eb2727 with 1 binary file, target error: 0.000001, iterations: 1, sample rate: 100%, sparse: 100%
Training bc1fe9ff with 1 binary file, target error: 0.000001, iterations: 1, sample rate: 100%, sparse: 100%
Generation 110 score 0.999703312371315  error 0.00029565675875971564 avg time 319ms
Training 0986eb1b with 1 binary file, target error: 0.000001, iterations: 1, sample rate: 100%, sparse: 100%
Fine tuning increased fitness by 6.356102089100091e-9 to 0.9997033187274171 adjusted 98 weights, 2 biases 
Training 8a1ebdf9 with 1 binary file, target error: 0.000001, iterations: 1, sample rate: 100%, sparse: 100%
Fine tuning increased fitness by 7.186620076815586e-9 to 0.9997033259140372 adjusted 98 weights, 2 biases 
Training e0a7f9ea with 1 binary file, target error: 0.000001, iterations: 1, sample rate: 100%, sparse: 100%
Fine tuning increased fitness by 1.3706171997363015e-7 to 0.9997034629757572 adjusted 98 weights, 2 biases 
Training cc8d0915 with 1 binary file, target error: 0.000001, iterations: 1, sample rate: 100%, sparse: 100%
Fine tuning increased fitness by 2.54229705176634e-7 to 0.9997037172054624 adjusted 1 weight 
Training 7042b59f with 1 binary file, target error: 0.000001, iterations: 1, sample rate: 100%, sparse: 100%
Fine tuning increased fitness by 4.2023860635787e-7 to 0.9997041374440687 adjusted 1 weight 
Training daf7dcbb with 1 binary file, target error: 0.000001, iterations: 1, sample rate: 100%, sparse: 100%
Fine tuning increased fitness by 5.676388239450603e-7 to 0.9997047050828927 adjusted 1 weight 
Training 4e70464d with 1 binary file, target error: 0.000001, iterations: 1, sample rate: 100%, sparse: 100%
Fine tuning increased fitness by 1.160917966203101e-7 to 0.9997048211746893 adjusted 1 weight 
Training 4656e51e with 1 binary file, target error: 0.000001, iterations: 1, sample rate: 100%, sparse: 100%
Training 6a0f9f16 with 1 binary file, target error: 0.000001, iterations: 1, sample rate: 100%, sparse: 100%
Training f5a2234a with 1 binary file, target error: 0.000001, iterations: 1, sample rate: 100%, sparse: 100%
Fine tuning increased fitness by 4.35181890523495e-11 to 0.9997048212182075 adjusted 37 weights, 4 biases 
Generation 120 score 0.9997048212182075  error 0.00029413791271827285 avg time 258ms
Training 7646deaa with 1 binary file, target error: 0.000001, iterations: 1, sample rate: 100%, sparse: 100%
Fine tuning increased fitness by 2.410420751886022e-10 to 0.9997048214592495 adjusted 37 weights, 4 biases 
Training 4252168c with 1 binary file, target error: 0.000001, iterations: 1, sample rate: 100%, sparse: 100%
Fine tuning increased fitness by 4.178645207630893e-9 to 0.9997048256378948 adjusted 101 weights, 5 biases 
Training 5f6e6429 with 1 binary file, target error: 0.000001, iterations: 1, sample rate: 100%, sparse: 100%
Fine tuning increased fitness by 7.208613705955713e-9 to 0.9997048328465085 adjusted 100 weights, 5 biases 
Training 6310be27 with 1 binary file, target error: 0.000001, iterations: 1, sample rate: 100%, sparse: 100%
Training 8456d6e2 with 1 binary file, target error: 0.000001, iterations: 1, sample rate: 100%, sparse: 100%
Fine tuning increased fitness by 1.6912179434669383e-8 to 0.9997048622816496 adjusted 100 weights, 5 biases 
Training d53a6e45 with 1 binary file, target error: 0.000001, iterations: 1, sample rate: 100%, sparse: 100%
Training ea5c9334 with 1 binary file, target error: 0.000001, iterations: 1, sample rate: 100%, sparse: 100%
Fine tuning increased fitness by 3.3012384936803585e-8 to 0.9997049227698234 adjusted 100 weights, 5 biases 
Training caf9b690 with 1 binary file, target error: 0.000001, iterations: 1, sample rate: 100%, sparse: 100%
Fine tuning increased fitness by 4.8398138274841074e-8 to 0.9997049711679616 adjusted 100 weights, 5 biases 
Training 2125b00d with 1 binary file, target error: 0.000001, iterations: 1, sample rate: 100%, sparse: 100%
Fine tuning increased fitness by 9.100230913272611e-8 to 0.9997050621702708 adjusted 100 weights, 5 biases 
Discovered beneficial synapse from input-11 to output-0 with weight 1.0000, helping 50.2% more records than it harms (719/1432)
Discovery 14c129e6 analyze time 13s 313ms found 1 candidates
Training 3f142331 with 1 binary file, target error: 0.000001, iterations: 1, sample rate: 100%, sparse: 100%
Fine tuning increased fitness by 1.2709354202389278e-7 to 0.9997051892638128 adjusted 100 weights, 5 biases 
Discovered harmful synapse from input-443 to output-2, harming 27.5% more records than it helps (519/1432)
Discovery 14c129e6 analyze harmful time 208ms found 1 candidates
Generation 130 score 0.9997051892638128  error 0.00029376986708055827 avg time 388ms
Training f124ea52 with 1 binary file, target error: 0.000001, iterations: 1, sample rate: 100%, sparse: 100%
Fine tuning increased fitness by 2.0187256166703804e-7 to 0.9997053911363745 adjusted 100 weights, 5 biases 
Discovery 14c129e6 analyze squashes time 371ms found 2 candidates, Summary: output-0 ReLU -> Cosine improved: 49.5% error: 0.5840 -> 0.2949,output-2 LeakyReLU -> SOFTSIGN improved: 4.5% error: 0.5803 -> 0.5543
Training b162a7cb with 1 binary file, target error: 0.000001, iterations: 1, sample rate: 100%, sparse: 100%
Fine tuning increased fitness by 3.200504808953397e-7 to 0.9997057111868554 adjusted 100 weights, 5 biases 
Discovery b162a7cb with 1 binary files, sample rate: 100%, batch size: 512
Over populated 55, expected 50.
Discovery b162a7cb initialize time 86ms
Discovery b162a7cb processing .trainData-fx_c_88/USDVND/data.bin
Training c8f37516 with 1 binary file, target error: 0.000001, iterations: 1, sample rate: 100%, sparse: 100%
Discovery b162a7cb read time 3ms for .trainData-fx_c_88/USDVND/data.bin with 1432 records
Discovery b162a7cb scanning time 463ms
Training 0d539055 with 1 binary file, target error: 0.000001, iterations: 1, sample rate: 100%, sparse: 100%
Fine tuning increased fitness by 0.0000017748981560039567 to 0.9997077516015224 adjusted 97 weights, 5 biases 
Discovery b162a7cb recorded time 800ms
Training 97b7280a with 1 binary file, target error: 0.000001, iterations: 1, sample rate: 100%, sparse: 100%
Fine tuning increased fitness by 0.0000018087271280720074 to 0.9997095603286504 adjusted 97 weights, 5 biases 
Training 0f5b21b4 with 1 binary file, target error: 0.000001, iterations: 1, sample rate: 100%, sparse: 100%
Fine tuning increased fitness by 0.0000018922353773875855 to 0.9997114525640278 adjusted 97 weights, 5 biases 
Training 8f3f4117 with 1 binary file, target error: 0.000001, iterations: 1, sample rate: 100%, sparse: 100%
Fine tuning increased fitness by 0.000005029315601867701 to 0.9997164818796297 adjusted 94 weights, 5 biases 
Training a9559aa0 with 1 binary file, target error: 0.000001, iterations: 1, sample rate: 100%, sparse: 100%
Fine tuning increased fitness by 0.000006375686033677219 to 0.9997228575656634 adjusted 94 weights, 5 biases 
Training f61cb05e with 1 binary file, target error: 0.000001, iterations: 1, sample rate: 100%, sparse: 100%
Fine tuning increased fitness by 9.22015923388031e-7 to 0.9997237795815868 adjusted 94 weights, 5 biases 
Training 83a07ed0 with 1 binary file, target error: 0.000001, iterations: 1, sample rate: 100%, sparse: 100%
Generation 140 score 0.9997237810266085  error 0.00027517810433211765 avg time 406ms
Training 51616110 with 1 binary file, target error: 0.000001, iterations: 1, sample rate: 100%, sparse: 100%
Training 11ea4c89 with 1 binary file, target error: 0.000001, iterations: 1, sample rate: 100%, sparse: 100%
Fine tuning increased fitness by 5.418479775975982e-9 to 0.9997237932968451 adjusted 5 weights, 1 bias 
Training 9bcfcf29 with 1 binary file, target error: 0.000001, iterations: 1, sample rate: 100%, sparse: 100%
Fine tuning increased fitness by 3.916561186478873e-9 to 0.9997237972134063 adjusted 5 weights, 1 bias 
Training b6f898c3 with 1 binary file, target error: 0.000001, iterations: 1, sample rate: 100%, sparse: 100%
Training 3f687e68 with 1 binary file, target error: 0.000001, iterations: 1, sample rate: 100%, sparse: 100%
Training b80c4a53 with 1 binary file, target error: 0.000001, iterations: 1, sample rate: 100%, sparse: 100%
Fine tuning increased fitness by 2.7682514280868986e-8 to 0.9997240486098562 adjusted 8 weights, 2 biases 
Training 7f8a5f35 with 1 binary file, target error: 0.000001, iterations: 1, sample rate: 100%, sparse: 100%
Fine tuning increased fitness by 2.4783691987551038e-8 to 0.9997240733935482 adjusted 8 weights, 2 biases 
Training 676e1f6e with 1 binary file, target error: 0.000001, iterations: 1, sample rate: 100%, sparse: 100%
Training 08ee1e34 with 1 binary file, target error: 0.000001, iterations: 1, sample rate: 100%, sparse: 100%
Training c93b8dcd with 1 binary file, target error: 0.000001, iterations: 1, sample rate: 100%, sparse: 100%
Fine tuning increased fitness by 1.0767483449303228e-7 to 0.9997243008620279 adjusted 3 weights, 1 bias 
Generation 150 score 0.9997243008620279  error 0.0002746582687744503 avg time 325ms
Training 52c99779 with 1 binary file, target error: 0.000001, iterations: 1, sample rate: 100%, sparse: 100%
Fine tuning increased fitness by 8.513270477461532e-8 to 0.9997243859947327 adjusted 3 weights, 1 bias 
Training 00109309 with 1 binary file, target error: 0.000001, iterations: 1, sample rate: 100%, sparse: 100%
Fine tuning increased fitness by 6.768422378122807e-9 to 0.9997243927631551 adjusted 3 weights, 1 bias 
Training 024b5e76 with 1 binary file, target error: 0.000001, iterations: 1, sample rate: 100%, sparse: 100%
Fine tuning increased fitness by 3.10670933423296e-10 to 0.999724393073826 adjusted 3 weights, 1 bias 
Training 483dd22d with 1 binary file, target error: 0.000001, iterations: 1, sample rate: 100%, sparse: 100%
Training a1b67307 with 1 binary file, target error: 0.000001, iterations: 1, sample rate: 100%, sparse: 100%
Fine tuning increased fitness by 2.679212074419013e-9 to 0.9997243986644635 adjusted 83 weights, 2 biases 
Training e68770d8 with 1 binary file, target error: 0.000001, iterations: 1, sample rate: 100%, sparse: 100%
Training 00725e91 with 1 binary file, target error: 0.000001, iterations: 1, sample rate: 100%, sparse: 100%
Training 68b0b2eb with 1 binary file, target error: 0.000001, iterations: 1, sample rate: 100%, sparse: 100%
Fine tuning increased fitness by 1.9768187087265687e-11 to 0.9997244192269136 adjusted 6 weights, 2 biases 
Training 95dc260f with 1 binary file, target error: 0.000001, iterations: 1, sample rate: 100%, sparse: 100%
Fine tuning increased fitness by 9.50045597747362e-10 to 0.9997244201769592 adjusted 6 weights, 2 biases 
Training 58bdb796 with 1 binary file, target error: 0.000001, iterations: 1, sample rate: 100%, sparse: 100%
Fine tuning increased fitness by 6.893952075870402e-10 to 0.9997244208663544 adjusted 6 weights, 2 biases 
Generation 160 score 0.9997244208663544  error 0.00027453826427964673 avg time 328ms
Training 2fb39cc0 with 1 binary file, target error: 0.000001, iterations: 1, sample rate: 100%, sparse: 100%
Fine tuning increased fitness by 1.0214605827840728e-9 to 0.999724421887815 adjusted 6 weights, 2 biases 
Training b73488e6 with 1 binary file, target error: 0.000001, iterations: 1, sample rate: 100%, sparse: 100%
Fine tuning increased fitness by 1.5054878454989762e-9 to 0.9997244233933028 adjusted 6 weights, 2 biases 
Training 82cbc2fb with 1 binary file, target error: 0.000001, iterations: 1, sample rate: 100%, sparse: 100%
Fine tuning increased fitness by 2.3948297789289086e-9 to 0.9997244257881326 adjusted 6 weights, 2 biases 
Training 88243a60 with 1 binary file, target error: 0.000001, iterations: 1, sample rate: 100%, sparse: 100%
Fine tuning increased fitness by 4.2995126348088775e-9 to 0.9997244300876452 adjusted 6 weights, 2 biases 
Training 0bad232d with 1 binary file, target error: 0.000001, iterations: 1, sample rate: 100%, sparse: 100%
Fine tuning increased fitness by 8.369621329329391e-9 to 0.9997244384572666 adjusted 6 weights, 2 biases 
Training 8723c023 with 1 binary file, target error: 0.000001, iterations: 1, sample rate: 100%, sparse: 100%
Fine tuning increased fitness by 1.5750052817509186e-8 to 0.9997244542073194 adjusted 6 weights, 2 biases 
Training be29f8c4 with 1 binary file, target error: 0.000001, iterations: 1, sample rate: 100%, sparse: 100%
Fine tuning increased fitness by 2.497589990380078e-8 to 0.9997244791832193 adjusted 6 weights, 2 biases 
Training 157dc493 with 1 binary file, target error: 0.000001, iterations: 1, sample rate: 100%, sparse: 100%
Fine tuning increased fitness by 4.148155519079211e-8 to 0.9997245206647745 adjusted 6 weights, 2 biases 
Training 32b7605d with 1 binary file, target error: 0.000001, iterations: 1, sample rate: 100%, sparse: 100%
Fine tuning increased fitness by 5.12354998427611e-8 to 0.9997245719002743 adjusted 6 weights, 2 biases 
Training 67c818e4 with 1 binary file, target error: 0.000001, iterations: 1, sample rate: 100%, sparse: 100%
Generation 170 score 0.9997246676651981  error 0.00027429146536338245 avg time 332ms
Training fb6de61f with 1 binary file, target error: 0.000001, iterations: 1, sample rate: 100%, sparse: 100%
Fine tuning increased fitness by 5.064583918912291e-8 to 0.9997247183110373 adjusted 84 weights, 4 biases 
Constant neuron dcc5eb2e-917b-44ff-a1a7-17cec08e4bb9 convert hidden to constant
Adjust neuron dcc5eb2e-917b-44ff-a1a7-17cec08e4bb9 bias 0.03985192933574827 to 0.020559386833250325
Training d914178d with 1 binary file, target error: 0.000001, iterations: 1, sample rate: 100%, sparse: 100%
Training 6da91f65 with 1 binary file, target error: 0.000001, iterations: 1, sample rate: 100%, sparse: 100%
Fine tuning increased fitness by 3.1012942547370415e-8 to 0.9997247684107788 adjusted 78 weights, 2 biases 
Training 6fd27463 with 1 binary file, target error: 0.000001, iterations: 1, sample rate: 100%, sparse: 100%
Fine tuning increased fitness by 4.03458388920086e-8 to 0.9997248087566177 adjusted 78 weights, 2 biases 
Discovered beneficial synapse from input-11 to output-0 with weight 1.0000, helping 50.2% more records than it harms (719/1432)
Discovery b162a7cb analyze time 13s 674ms found 1 candidates
Discovered harmful synapse from input-443 to output-2, harming 30.6% more records than it helps (497/1432)
Discovery b162a7cb analyze harmful time 208ms found 1 candidates
Training 80e777f9 with 1 binary file, target error: 0.000001, iterations: 1, sample rate: 100%, sparse: 100%
Discovery b162a7cb analyze squashes time 380ms found 2 candidates, Summary: output-0 ReLU -> Cosine improved: 48.5% error: 0.6146 -> 0.3165,output-2 LeakyReLU -> SOFTSIGN improved: 4.5% error: 0.5786 -> 0.5528
Training 5061c39f with 1 binary file, target error: 0.000001, iterations: 1, sample rate: 100%, sparse: 100%
Fine tuning increased fitness by 1.636348326838899e-7 to 0.9997251106886851 adjusted 77 weights, 2 biases 
Discovery 5061c39f with 1 binary files, sample rate: 100%, batch size: 512
Discovery 5061c39f initialize time 123ms
Discovery 5061c39f processing .trainData-fx_c_88/USDVND/data.bin
Training e9232cd5 with 1 binary file, target error: 0.000001, iterations: 1, sample rate: 100%, sparse: 100%
Fine tuning increased fitness by 1.7823295506147474e-7 to 0.9997252889216401 adjusted 77 weights, 2 biases 
Discovery 5061c39f read time 2ms for .trainData-fx_c_88/USDVND/data.bin with 1432 records
Discovery 5061c39f scanning time 459ms
Training 6e188c06 with 1 binary file, target error: 0.000001, iterations: 1, sample rate: 100%, sparse: 100%
Discovery 5061c39f recorded time 714ms
Training 6e78bc0a with 1 binary file, target error: 0.000001, iterations: 1, sample rate: 100%, sparse: 100%
Fine tuning increased fitness by 4.506957584915483e-9 to 0.9997254358203338 adjusted 77 weights, 2 biases 
Training 5a69e248 with 1 binary file, target error: 0.000001, iterations: 1, sample rate: 100%, sparse: 100%
Fine tuning increased fitness by 6.106024130758669e-9 to 0.9997254419263579 adjusted 77 weights, 2 biases 
Generation 180 score 0.9997254419263579  error 0.0002735172063829173 avg time 367ms
Training 5c9037c4 with 1 binary file, target error: 0.000001, iterations: 1, sample rate: 100%, sparse: 100%
Training 92260aa4 with 1 binary file, target error: 0.000001, iterations: 1, sample rate: 100%, sparse: 100%
Training a2a83bdb with 1 binary file, target error: 0.000001, iterations: 1, sample rate: 100%, sparse: 100%
Fine tuning increased fitness by 3.364505418712582e-8 to 0.9997255273904438 adjusted 94 weights, 2 biases 
Training 19302c9e with 1 binary file, target error: 0.000001, iterations: 1, sample rate: 100%, sparse: 100%
Training 7087aee5 with 1 binary file, target error: 0.000001, iterations: 1, sample rate: 100%, sparse: 100%
Training 6ed248cd with 1 binary file, target error: 0.000001, iterations: 1, sample rate: 100%, sparse: 100%
Fine tuning increased fitness by 5.093755539586908e-8 to 0.9997256931153834 adjusted 102 weights, 4 biases 
Training e91be9c0 with 1 binary file, target error: 0.000001, iterations: 1, sample rate: 100%, sparse: 100%
Training 243307c6 with 1 binary file, target error: 0.000001, iterations: 1, sample rate: 100%, sparse: 100%
Fine tuning increased fitness by 1.2615567701601549e-8 to 0.9997257187133951 adjusted 94 weights, 2 biases 
Training 6eefdcbf with 1 binary file, target error: 0.000001, iterations: 1, sample rate: 100%, sparse: 100%
Fine tuning increased fitness by 1.2253884573709684e-8 to 0.9997257309672797 adjusted 94 weights, 2 biases 
Training 6b2337d5 with 1 binary file, target error: 0.000001, iterations: 1, sample rate: 100%, sparse: 100%
Fine tuning increased fitness by 1.2667747406602814e-8 to 0.9997257436350271 adjusted 94 weights, 2 biases 
Generation 190 score 0.9997257436350271  error 0.00027321549782156223 avg time 373ms
Training c3c98843 with 1 binary file, target error: 0.000001, iterations: 1, sample rate: 100%, sparse: 100%
Training d640b54a with 1 binary file, target error: 0.000001, iterations: 1, sample rate: 100%, sparse: 100%
Fine tuning increased fitness by 2.2356294815395472e-8 to 0.9997257817648871 adjusted 94 weights, 2 biases 
Training f6781f59 with 1 binary file, target error: 0.000001, iterations: 1, sample rate: 100%, sparse: 100%
Fine tuning increased fitness by 3.789518299157635e-8 to 0.9997258196600701 adjusted 94 weights, 2 biases 
Training eb7977c7 with 1 binary file, target error: 0.000001, iterations: 1, sample rate: 100%, sparse: 100%
Training 466944e8 with 1 binary file, target error: 0.000001, iterations: 1, sample rate: 100%, sparse: 100%
Fine tuning increased fitness by 2.3271292892701467e-8 to 0.9997258749598007 adjusted 93 weights, 1 bias 
Training bee41339 with 1 binary file, target error: 0.000001, iterations: 1, sample rate: 100%, sparse: 100%
Fine tuning increased fitness by 1.2716426356362831e-8 to 0.999725887676227 adjusted 93 weights, 1 bias 
Training 6c50efc0 with 1 binary file, target error: 0.000001, iterations: 1, sample rate: 100%, sparse: 100%
Fine tuning increased fitness by 3.0862726818625674e-8 to 0.9997259185389539 adjusted 93 weights, 1 bias 
Training 6ec52095 with 1 binary file, target error: 0.000001, iterations: 1, sample rate: 100%, sparse: 100%
Fine tuning increased fitness by 6.664375484799478e-8 to 0.9997259851827087 adjusted 1 weight 
Training 73ac09b4 with 1 binary file, target error: 0.000001, iterations: 1, sample rate: 100%, sparse: 100%
Fine tuning increased fitness by 5.488606338310831e-7 to 0.9997265340433426 adjusted 1 weight 
Training be095bd3 with 1 binary file, target error: 0.000001, iterations: 1, sample rate: 100%, sparse: 100%
Fine tuning increased fitness by 6.693112929445633e-7 to 0.9997272033546355 adjusted 1 weight 
Generation 200 score 0.9997272033546355  error 0.0002717357799575312 avg time 286ms
Training d87b0fe6 with 1 binary file, target error: 0.000001, iterations: 1, sample rate: 100%, sparse: 100%
Fine tuning increased fitness by 3.8654778911073606e-7 to 0.9997275899024246 adjusted 1 weight 
Training 278329b2 with 1 binary file, target error: 0.000001, iterations: 1, sample rate: 100%, sparse: 100%
Fine tuning increased fitness by 2.7161658056051863e-7 to 0.9997278615190052 adjusted 106 weights, 5 biases 
Training 056d67f8 with 1 binary file, target error: 0.000001, iterations: 1, sample rate: 100%, sparse: 100%
Fine tuning increased fitness by 0.0000040964274672372625 to 0.9997319579464724 adjusted 106 weights, 5 biases 
Training 0ef43895 with 1 binary file, target error: 0.000001, iterations: 1, sample rate: 100%, sparse: 100%
Fine tuning increased fitness by 0.000006684803342094092 to 0.9997386427498145 adjusted 106 weights, 5 biases 
Training 2934f91f with 1 binary file, target error: 0.000001, iterations: 1, sample rate: 100%, sparse: 100%
Training 11817d7c with 1 binary file, target error: 0.000001, iterations: 1, sample rate: 100%, sparse: 100%
Fine tuning increased fitness by 9.319932990914381e-7 to 0.9997447900641563 adjusted 101 weights, 3 biases 
Training 630af851 with 1 binary file, target error: 0.000001, iterations: 1, sample rate: 100%, sparse: 100%
Training 5c3d348d with 1 binary file, target error: 0.000001, iterations: 1, sample rate: 100%, sparse: 100%
Training e515c20b with 1 binary file, target error: 0.000001, iterations: 1, sample rate: 100%, sparse: 100%
Fine tuning increased fitness by 7.915586586193513e-8 to 0.9997449486629604 adjusted 1 weight 
Training 813e366b with 1 binary file, target error: 0.000001, iterations: 1, sample rate: 100%, sparse: 100%
Fine tuning increased fitness by 3.079501530445228e-7 to 0.9997452566131134 adjusted 106 weights, 5 biases 
Generation 210 score 0.9997452566131134  error 0.00025367252235330024 avg time 326ms
Training 2b83b0db with 1 binary file, target error: 0.000001, iterations: 1, sample rate: 100%, sparse: 100%
Fine tuning increased fitness by 6.457377698110278e-7 to 0.9997459023508832 adjusted 106 weights, 5 biases 
Training e5c429d1 with 1 binary file, target error: 0.000001, iterations: 1, sample rate: 100%, sparse: 100%
Fine tuning increased fitness by 0.0000012988967472704616 to 0.9997472012476305 adjusted 106 weights, 5 biases 
Training 4a4d48d2 with 1 binary file, target error: 0.000001, iterations: 1, sample rate: 100%, sparse: 100%
Training 830a1852 with 1 binary file, target error: 0.000001, iterations: 1, sample rate: 100%, sparse: 100%
Training 996ae130 with 1 binary file, target error: 0.000001, iterations: 1, sample rate: 100%, sparse: 100%
Training 3b24e8b1 with 1 binary file, target error: 0.000001, iterations: 1, sample rate: 100%, sparse: 100%
Fine tuning increased fitness by 2.2468988425394798e-7 to 0.9997482056389739 adjusted 106 weights, 5 biases 
Training 857621d6 with 1 binary file, target error: 0.000001, iterations: 1, sample rate: 100%, sparse: 100%
Fine tuning increased fitness by 2.270788936886703e-7 to 0.9997484327178676 adjusted 106 weights, 5 biases 
Discovered beneficial synapse from input-11 to output-0 with weight 1.0000, helping 50.2% more records than it harms (719/1432)
Discovery 5061c39f analyze time 13s 201ms found 1 candidates
Discovered harmful synapse from input-443 to output-2, harming 28.2% more records than it helps (514/1432)
Discovery 5061c39f analyze harmful time 214ms found 1 candidates
Training d2f40230 with 1 binary file, target error: 0.000001, iterations: 1, sample rate: 100%, sparse: 100%
Training f14139a4 with 1 binary file, target error: 0.000001, iterations: 1, sample rate: 100%, sparse: 100%
Fine tuning increased fitness by 2.423658224115499e-7 to 0.9997488974429576 adjusted 6 weights, 1 bias 
Discovery 5061c39f analyze squashes time 343ms found 2 candidates, Summary: output-0 ReLU -> Cosine improved: 48.5% error: 0.6148 -> 0.3166,output-2 LeakyReLU -> SOFTSIGN improved: 4.5% error: 0.5791 -> 0.5528
Training 1119cf10 with 1 binary file, target error: 0.000001, iterations: 1, sample rate: 100%, sparse: 100%
Fine tuning increased fitness by 5.9413438724398304e-8 to 0.9997489568563963 adjusted 6 weights, 1 bias 
Discovery 1119cf10 with 1 binary files, sample rate: 100%, batch size: 512
Generation 220 score 0.9997489568563963  error 0.00024997227906064866 avg time 376ms
Discovery 1119cf10 initialize time 117ms
Discovery 1119cf10 processing .trainData-fx_c_88/USDVND/data.bin
Training a7f5a5be with 1 binary file, target error: 0.000001, iterations: 1, sample rate: 100%, sparse: 100%
Discovery 1119cf10 read time 2ms for .trainData-fx_c_88/USDVND/data.bin with 1432 records
Discovery 1119cf10 scanning time 470ms
Training 7e85a3cd with 1 binary file, target error: 0.000001, iterations: 1, sample rate: 100%, sparse: 100%
Fine tuning increased fitness by 2.4331573755809188e-8 to 0.9997490498564151 adjusted 99 weights, 3 biases 
Discovery 1119cf10 recorded time 720ms
Training c3a33767 with 1 binary file, target error: 0.000001, iterations: 1, sample rate: 100%, sparse: 100%
Fine tuning increased fitness by 2.8063143253653777e-8 to 0.9997490779195584 adjusted 99 weights, 3 biases 
Training a05f6312 with 1 binary file, target error: 0.000001, iterations: 1, sample rate: 100%, sparse: 100%
Training a23a6160 with 1 binary file, target error: 0.000001, iterations: 1, sample rate: 100%, sparse: 100%
Training eb176545 with 1 binary file, target error: 0.000001, iterations: 1, sample rate: 100%, sparse: 100%
Fine tuning increased fitness by 2.0123189781173778e-8 to 0.9997491590044588 adjusted 93 weights, 2 biases 
Training 02bdfadc with 1 binary file, target error: 0.000001, iterations: 1, sample rate: 100%, sparse: 100%
Fine tuning increased fitness by 2.8724370548793843e-8 to 0.9997491877288294 adjusted 93 weights, 2 biases 
Training 149ff5c2 with 1 binary file, target error: 0.000001, iterations: 1, sample rate: 100%, sparse: 100%
Training 90ccafca with 1 binary file, target error: 0.000001, iterations: 1, sample rate: 100%, sparse: 100%
Fine tuning increased fitness by 8.327963207932498e-9 to 0.999749217220116 adjusted 94 weights, 3 biases 
Training 12460df5 with 1 binary file, target error: 0.000001, iterations: 1, sample rate: 100%, sparse: 100%
Generation 230 score 0.9997492311064347  error 0.0002496980290088536 avg time 377ms
Training b81d3c2f with 1 binary file, target error: 0.000001, iterations: 1, sample rate: 100%, sparse: 100%
Fine tuning increased fitness by 1.5353198712375615e-8 to 0.9997492464596334 adjusted 94 weights, 3 biases 
Training 36f6a8c1 with 1 binary file, target error: 0.000001, iterations: 1, sample rate: 100%, sparse: 100%
Fine tuning increased fitness by 2.0206528339450358e-8 to 0.9997492666661617 adjusted 94 weights, 3 biases 
Training 9e2df494 with 1 binary file, target error: 0.000001, iterations: 1, sample rate: 100%, sparse: 100%
Fine tuning increased fitness by 1.5331283464981027e-8 to 0.9997492819974452 adjusted 94 weights, 3 biases 
Training 967e8ba9 with 1 binary file, target error: 0.000001, iterations: 1, sample rate: 100%, sparse: 100%
Remove neuron 7d7aea69-270d-480a-831c-947d33ebcf06 as no longer connected
Training 0b11db2e with 1 binary file, target error: 0.000001, iterations: 1, sample rate: 100%, sparse: 100%
Training d6cc9937 with 1 binary file, target error: 0.000001, iterations: 1, sample rate: 100%, sparse: 100%
Fine tuning increased fitness by 1.005997729564001e-9 to 0.9997493432732383 adjusted 3 weights, 2 biases 
Training 05ea033b with 1 binary file, target error: 0.000001, iterations: 1, sample rate: 100%, sparse: 100%
Training 6d600973 with 1 binary file, target error: 0.000001, iterations: 1, sample rate: 100%, sparse: 100%
Fine tuning increased fitness by 3.1141866863038103e-11 to 0.999749344259905 adjusted 3 weights, 2 biases 
Training df9689ef with 1 binary file, target error: 0.000001, iterations: 1, sample rate: 100%, sparse: 100%
Training 6af8f67a with 1 binary file, target error: 0.000001, iterations: 1, sample rate: 100%, sparse: 100%
Fine tuning increased fitness by 4.559957744731946e-9 to 0.9997493488244535 adjusted 104 weights, 5 biases 
Generation 240 score 0.9997493488244535  error 0.0002495803109909295 avg time 359ms
Training 043b4e56 with 1 binary file, target error: 0.000001, iterations: 1, sample rate: 100%, sparse: 100%
Training 9a661cfd with 1 binary file, target error: 0.000001, iterations: 1, sample rate: 100%, sparse: 100%
Fine tuning increased fitness by 7.872439367062611e-10 to 0.9997493518659424 adjusted 102 weights, 4 biases 
Training 253c46ba with 1 binary file, target error: 0.000001, iterations: 1, sample rate: 100%, sparse: 100%
Fine tuning increased fitness by 1.5498887728782051e-9 to 0.9997493534158312 adjusted 102 weights, 4 biases 
Training 51fe5ce2 with 1 binary file, target error: 0.000001, iterations: 1, sample rate: 100%, sparse: 100%
Fine tuning increased fitness by 2.2389688991708567e-9 to 0.9997493556548 adjusted 102 weights, 4 biases 
Training f4fa4f8e with 1 binary file, target error: 0.000001, iterations: 1, sample rate: 100%, sparse: 100%
Fine tuning increased fitness by 3.4721304720264357e-9 to 0.9997493591269305 adjusted 102 weights, 4 biases 
Training b00faffd with 1 binary file, target error: 0.000001, iterations: 1, sample rate: 100%, sparse: 100%
Fine tuning increased fitness by 5.620439225140217e-9 to 0.9997493647473698 adjusted 102 weights, 4 biases 
Training e1980cb9 with 1 binary file, target error: 0.000001, iterations: 1, sample rate: 100%, sparse: 100%
Fine tuning increased fitness by 8.018754438232634e-9 to 0.9997493727661242 adjusted 102 weights, 4 biases 
Training caf2123c with 1 binary file, target error: 0.000001, iterations: 1, sample rate: 100%, sparse: 100%
Fine tuning increased fitness by 1.2264376292314694e-8 to 0.9997493850305005 adjusted 102 weights, 4 biases 
Training 03bc6024 with 1 binary file, target error: 0.000001, iterations: 1, sample rate: 100%, sparse: 100%
Fine tuning increased fitness by 2.283002709102533e-8 to 0.9997494078605276 adjusted 102 weights, 4 biases 
Training 6e5ba1e9 with 1 binary file, target error: 0.000001, iterations: 1, sample rate: 100%, sparse: 100%
Generation 250 score 0.9997494494930139  error 0.00024947964243205394 avg time 402ms
Training a9a88f1b with 1 binary file, target error: 0.000001, iterations: 1, sample rate: 100%, sparse: 100%
Fine tuning increased fitness by 5.215922826984354e-8 to 0.9997495016522422 adjusted 97 weights, 2 biases 
Training 03caa81e with 1 binary file, target error: 0.000001, iterations: 1, sample rate: 100%, sparse: 100%
Fine tuning increased fitness by 4.660990171601043e-8 to 0.9997495482621439 adjusted 97 weights, 2 biases 
Training ab1bf4d9 with 1 binary file, target error: 0.000001, iterations: 1, sample rate: 100%, sparse: 100%
Fine tuning increased fitness by 7.66310011002247e-8 to 0.999749624893145 adjusted 97 weights, 2 biases 
Training ec473688 with 1 binary file, target error: 0.000001, iterations: 1, sample rate: 100%, sparse: 100%
Fine tuning increased fitness by 1.1202980210178737e-7 to 0.9997497369229471 adjusted 97 weights, 2 biases 
Training c5586e48 with 1 binary file, target error: 0.000001, iterations: 1, sample rate: 100%, sparse: 100%
Fine tuning increased fitness by 8.487776625987209e-8 to 0.9997498218007134 adjusted 97 weights, 2 biases 
Training 9d7bd494 with 1 binary file, target error: 0.000001, iterations: 1, sample rate: 100%, sparse: 100%
Fine tuning increased fitness by 6.6657875885667295e-9 to 0.999749828466501 adjusted 97 weights, 2 biases 
Training 985ad775 with 1 binary file, target error: 0.000001, iterations: 1, sample rate: 100%, sparse: 100%
Training d6a91d77 with 1 binary file, target error: 0.000001, iterations: 1, sample rate: 100%, sparse: 100%
Fine tuning increased fitness by 1.6289791848755897e-8 to 0.9997498515529087 adjusted 100 weights, 2 biases 
Discovered beneficial synapse from input-380 to output-4 with weight -1.0000, helping 54.1% more records than it harms (1103/1432)
Discovery 1119cf10 analyze time 13s 308ms found 1 candidates
Discovered harmful synapse from input-443 to output-2, harming 27.4% more records than it helps (520/1432)
Discovery 1119cf10 analyze harmful time 210ms found 1 candidates
Training dc4d4d2b with 1 binary file, target error: 0.000001, iterations: 1, sample rate: 100%, sparse: 100%
Training bd9da763 with 1 binary file, target error: 0.000001, iterations: 1, sample rate: 100%, sparse: 100%
Fine tuning increased fitness by 1.4808543491451331e-7 to 0.9997500471529615 adjusted 107 weights, 5 biases 
Discovery 1119cf10 analyze squashes time 404ms found 2 candidates, Summary: output-0 ReLU -> Cosine improved: 45.2% error: 0.6807 -> 0.3727,output-2 LeakyReLU -> SOFTSIGN improved: 4.5% error: 0.5801 -> 0.5538
Generation 260 score 0.9997500471529615  error 0.00024888198247787304 avg time 344ms
Training fc477f94 with 1 binary file, target error: 0.000001, iterations: 1, sample rate: 100%, sparse: 100%
Discovery fc477f94 with 1 binary files, sample rate: 100%, batch size: 512
Discovery fc477f94 initialize time 83ms
Discovery fc477f94 processing .trainData-fx_c_88/USDVND/data.bin
Training 41ee487f with 1 binary file, target error: 0.000001, iterations: 1, sample rate: 100%, sparse: 100%
Discovery 1119cf10 beneficial increased fitness by 0.0000026668118899841886 to 0.9997528759836055
Discovery fc477f94 read time 3ms for .trainData-fx_c_88/USDVND/data.bin with 1432 records
Discovery fc477f94 scanning time 440ms
Training b7410bf9 with 1 binary file, target error: 0.000001, iterations: 1, sample rate: 100%, sparse: 100%
Discovery fc477f94 recorded time 702ms
Training d38eb9cd with 1 binary file, target error: 0.000001, iterations: 1, sample rate: 100%, sparse: 100%
Fine tuning increased fitness by 2.7044887718208344e-7 to 0.9997531464324827 adjusted 108 weights, 5 biases 
Training 5111d24d with 1 binary file, target error: 0.000001, iterations: 1, sample rate: 100%, sparse: 100%
Fine tuning increased fitness by 1.4048329832760942e-8 to 0.9997531604808125 adjusted 108 weights, 5 biases 
Training f73b2ce0 with 1 binary file, target error: 0.000001, iterations: 1, sample rate: 100%, sparse: 100%
Training 096f8293 with 1 binary file, target error: 0.000001, iterations: 1, sample rate: 100%, sparse: 100%
Training 8519d01b with 1 binary file, target error: 0.000001, iterations: 1, sample rate: 100%, sparse: 100%
Training 45c62c7a with 1 binary file, target error: 0.000001, iterations: 1, sample rate: 100%, sparse: 100%
Fine tuning increased fitness by 2.3311950902993317e-7 to 0.9997537369441145 adjusted 1 weight 
Training 4b18d7c1 with 1 binary file, target error: 0.000001, iterations: 1, sample rate: 100%, sparse: 100%
Fine tuning increased fitness by 5.837102468042588e-9 to 0.999753742781217 adjusted 1 weight 
Generation 270 score 0.999753742781217  error 0.00024516635559325824 avg time 344ms
Training 38dead9e with 1 binary file, target error: 0.000001, iterations: 1, sample rate: 100%, sparse: 100%
Fine tuning increased fitness by 5.857303897460753e-8 to 0.999753801354256 adjusted 1 weight 
Training 246223fc with 1 binary file, target error: 0.000001, iterations: 1, sample rate: 100%, sparse: 100%
Fine tuning increased fitness by 3.655949518677204e-7 to 0.9997541669492078 adjusted 1 weight 
Training 2660fd36 with 1 binary file, target error: 0.000001, iterations: 1, sample rate: 100%, sparse: 100%
Fine tuning increased fitness by 5.879273614617375e-7 to 0.9997547548765693 adjusted 1 weight 
Training 466f0ed1 with 1 binary file, target error: 0.000001, iterations: 1, sample rate: 100%, sparse: 100%
Fine tuning increased fitness by 6.742604128362473e-7 to 0.9997554291369821 adjusted 1 weight 
Training 489facdc with 1 binary file, target error: 0.000001, iterations: 1, sample rate: 100%, sparse: 100%
Fine tuning increased fitness by 1.209819995295902e-7 to 0.9997555501189817 adjusted 1 weight 
Training 11e460eb with 1 binary file, target error: 0.000001, iterations: 1, sample rate: 100%, sparse: 100%
Fine tuning increased fitness by 3.3632696627705627e-10 to 0.9997555504553086 adjusted 1 weight 
Training e0bf08a4 with 1 binary file, target error: 0.000001, iterations: 1, sample rate: 100%, sparse: 100%
Fine tuning increased fitness by 1.3334544579635121e-10 to 0.9997555505886541 adjusted 1 weight 
Training 47816f77 with 1 binary file, target error: 0.000001, iterations: 1, sample rate: 100%, sparse: 100%
Fine tuning increased fitness by 1.8000045898247663e-12 to 0.9997555505904541 adjusted 1 weight 
Training a0e6d5e5 with 1 binary file, target error: 0.000001, iterations: 1, sample rate: 100%, sparse: 100%
Fine tuning increased fitness by 1.0857981180834031e-13 to 0.9997555505905626 adjusted 1 weight 
Training f00c72d4 with 1 binary file, target error: 0.000001, iterations: 1, sample rate: 100%, sparse: 100%
Fine tuning increased fitness by 8.482103908136196e-14 to 0.9997555505906475 adjusted 1 weight 
Generation 280 score 0.9997555505906475  error 0.00024333854786814295 avg time 274ms
Training d529caed with 1 binary file, target error: 0.000001, iterations: 1, sample rate: 100%, sparse: 100%
Training e8f516e8 with 1 binary file, target error: 0.000001, iterations: 1, sample rate: 100%, sparse: 100%
Training 7145d96b with 1 binary file, target error: 0.000001, iterations: 1, sample rate: 100%, sparse: 100%
Training ef9beea5 with 1 binary file, target error: 0.000001, iterations: 1, sample rate: 100%, sparse: 100%
Fine tuning increased fitness by 1.0392051696950233e-7 to 0.9997561230600082 adjusted 8 weights, 1 bias 
Training 3d40c3ab with 1 binary file, target error: 0.000001, iterations: 1, sample rate: 100%, sparse: 100%
Fine tuning increased fitness by 7.679672309190977e-8 to 0.9997561998567313 adjusted 8 weights, 1 bias 
Training 5a40a9b2 with 1 binary file, target error: 0.000001, iterations: 1, sample rate: 100%, sparse: 100%
Fine tuning increased fitness by 8.51983384952959e-8 to 0.9997562850550697 adjusted 8 weights, 1 bias 
Training 114c6e12 with 1 binary file, target error: 0.000001, iterations: 1, sample rate: 100%, sparse: 100%
Fine tuning increased fitness by 1.5024559851806174e-7 to 0.9997564353006683 adjusted 8 weights, 1 bias 
Training fe1f2ceb with 1 binary file, target error: 0.000001, iterations: 1, sample rate: 100%, sparse: 100%
Fine tuning increased fitness by 1.9299938203154454e-8 to 0.9997564546006065 adjusted 8 weights, 1 bias 
Training cacddd35 with 1 binary file, target error: 0.000001, iterations: 1, sample rate: 100%, sparse: 100%
Fine tuning increased fitness by 6.834901644658942e-9 to 0.9997564614355081 adjusted 8 weights, 1 bias 
Training f53650d0 with 1 binary file, target error: 0.000001, iterations: 1, sample rate: 100%, sparse: 100%
Generation 290 score 0.9997564614355081  error 0.00024242770299501618 avg time 270ms
Training 9fdd5757 with 1 binary file, target error: 0.000001, iterations: 1, sample rate: 100%, sparse: 100%
Fine tuning increased fitness by 1.5103349682021872e-9 to 0.9997564629458431 adjusted 109 weights, 5 biases 
Training 1a7e34bf with 1 binary file, target error: 0.000001, iterations: 1, sample rate: 100%, sparse: 100%
Remove neuron 381e4c57-a1d1-452d-b69d-24511058124d as no longer connected
Training 494ca2a5 with 1 binary file, target error: 0.000001, iterations: 1, sample rate: 100%, sparse: 100%
Training 9e4999f1 with 1 binary file, target error: 0.000001, iterations: 1, sample rate: 100%, sparse: 100%
Fine tuning increased fitness by 1.3141094878932336e-9 to 0.9997564671087549 adjusted 109 weights, 5 biases 
Training 5f9afae4 with 1 binary file, target error: 0.000001, iterations: 1, sample rate: 100%, sparse: 100%
Training e0b81ee7 with 1 binary file, target error: 0.000001, iterations: 1, sample rate: 100%, sparse: 100%
Fine tuning increased fitness by 1.5445026368965387e-9 to 0.9997564703204852 adjusted 90 weights, 1 bias 
Training 56d77da0 with 1 binary file, target error: 0.000001, iterations: 1, sample rate: 100%, sparse: 100%
Fine tuning increased fitness by 1.3025299727686956e-9 to 0.9997564716230152 adjusted 90 weights, 1 bias 
Training 5996949e with 1 binary file, target error: 0.000001, iterations: 1, sample rate: 100%, sparse: 100%
Fine tuning increased fitness by 1.7689952502841777e-8 to 0.9997564893129677 adjusted 90 weights, 1 bias 
Training bfdd8e13 with 1 binary file, target error: 0.000001, iterations: 1, sample rate: 100%, sparse: 100%
Training 81ee2113 with 1 binary file, target error: 0.000001, iterations: 1, sample rate: 100%, sparse: 100%
Generation 300 score 0.9997564977859023  error 0.00024238135345541756 avg time 345ms
Training 567f0b87 with 1 binary file, target error: 0.000001, iterations: 1, sample rate: 100%, sparse: 100%
Fine tuning increased fitness by 1.2045116681846935e-8 to 0.9997565098310189 adjusted 82 weights, 1 bias 
Training 63aeace7 with 1 binary file, target error: 0.000001, iterations: 1, sample rate: 100%, sparse: 100%
Training 66d5d041 with 1 binary file, target error: 0.000001, iterations: 1, sample rate: 100%, sparse: 100%
Fine tuning increased fitness by 5.263426861024101e-8 to 0.999756590179502 adjusted 77 weights, 1 bias 
Training 02e02d9c with 1 binary file, target error: 0.000001, iterations: 1, sample rate: 100%, sparse: 100%
Fine tuning increased fitness by 8.563431186381365e-8 to 0.9997566758138139 adjusted 77 weights, 1 bias 
Training 6c83f183 with 1 binary file, target error: 0.000001, iterations: 1, sample rate: 100%, sparse: 100%
Fine tuning increased fitness by 7.095775633736423e-8 to 0.9997567467715702 adjusted 77 weights, 1 bias 
Training fbb70386 with 1 binary file, target error: 0.000001, iterations: 1, sample rate: 100%, sparse: 100%
Fine tuning increased fitness by 5.657269963599276e-8 to 0.9997568033442699 adjusted 77 weights, 1 bias 
Discovered beneficial synapse from input-380 to output-4 with weight -1.0000, helping 51.3% more records than it harms (1083/1432)
Discovery fc477f94 analyze time 13s 136ms found 1 candidates
Discovered harmful synapse from input-443 to output-2, harming 30.9% more records than it helps (495/1432)
Discovery fc477f94 analyze harmful time 216ms found 1 candidates
Training 135285a1 with 1 binary file, target error: 0.000001, iterations: 1, sample rate: 100%, sparse: 100%
Fine tuning increased fitness by 1.0736783795373128e-7 to 0.9997569107121078 adjusted 74 weights, 1 bias 
Training ca8bb3e8 with 1 binary file, target error: 0.000001, iterations: 1, sample rate: 100%, sparse: 100%
Discovery fc477f94 analyze squashes time 377ms found 2 candidates, Summary: output-0 ReLU -> Cosine improved: 45.6% error: 0.6739 -> 0.3663,output-2 LeakyReLU -> SOFTSIGN improved: 4.1% error: 0.5803 -> 0.5565
Training 34e2c890 with 1 binary file, target error: 0.000001, iterations: 1, sample rate: 100%, sparse: 100%
Training f01d7de4 with 1 binary file, target error: 0.000001, iterations: 1, sample rate: 100%, sparse: 100%
Generation 310 score 0.9997570078145305  error 0.00024187132475902653 avg time 337ms
Training 96d0157a with 1 binary file, target error: 0.000001, iterations: 1, sample rate: 100%, sparse: 100%
Discovery 96d0157a with 1 binary files, sample rate: 100%, batch size: 512
Training 747bef0f with 1 binary file, target error: 0.000001, iterations: 1, sample rate: 100%, sparse: 100%
Discovery 96d0157a initialize time 107ms
Discovery 96d0157a processing .trainData-fx_c_88/USDVND/data.bin
Training eacc1925 with 1 binary file, target error: 0.000001, iterations: 1, sample rate: 100%, sparse: 100%
Fine tuning increased fitness by 1.1373914921009032e-8 to 0.999757022969547 adjusted 1 weight 
Discovery 96d0157a read time 2ms for .trainData-fx_c_88/USDVND/data.bin with 1432 records
Discovery 96d0157a scanning time 467ms
Training 1d594406 with 1 binary file, target error: 0.000001, iterations: 1, sample rate: 100%, sparse: 100%
Fine tuning increased fitness by 8.881446689201766e-10 to 0.9997570238576917 adjusted 1 weight 
Discovery 96d0157a recorded time 751ms
Training 31f1b471 with 1 binary file, target error: 0.000001, iterations: 1, sample rate: 100%, sparse: 100%
Training 9ed52652 with 1 binary file, target error: 0.000001, iterations: 1, sample rate: 100%, sparse: 100%
Training d9db9e8b with 1 binary file, target error: 0.000001, iterations: 1, sample rate: 100%, sparse: 100%
Training 8ff4fe64 with 1 binary file, target error: 0.000001, iterations: 1, sample rate: 100%, sparse: 100%
Training 69885013 with 1 binary file, target error: 0.000001, iterations: 1, sample rate: 100%, sparse: 100%
Fine tuning increased fitness by 2.1142473882740376e-8 to 0.999757064448239 adjusted 94 weights 
Generation 320 score 0.999757064448239  error 0.00024180469187366034 avg time 276ms
Training eca89f51 with 1 binary file, target error: 0.000001, iterations: 1, sample rate: 100%, sparse: 100%
Fine tuning increased fitness by 4.802000019843433e-9 to 0.999757069250239 adjusted 94 weights 
Training e1ec34fa with 1 binary file, target error: 0.000001, iterations: 1, sample rate: 100%, sparse: 100%
Training b179c4c4 with 1 binary file, target error: 0.000001, iterations: 1, sample rate: 100%, sparse: 100%
Fine tuning increased fitness by 4.982371293316135e-9 to 0.999757078708331 adjusted 93 weights 
Training a00cc924 with 1 binary file, target error: 0.000001, iterations: 1, sample rate: 100%, sparse: 100%
Fine tuning increased fitness by 5.3430411206534245e-9 to 0.9997570840513721 adjusted 113 weights, 5 biases 
Training ce4836c6 with 1 binary file, target error: 0.000001, iterations: 1, sample rate: 100%, sparse: 100%
Fine tuning increased fitness by 1.4259328162680163e-8 to 0.9997570983107003 adjusted 111 weights, 5 biases 
Training be20632b with 1 binary file, target error: 0.000001, iterations: 1, sample rate: 100%, sparse: 100%
Fine tuning increased fitness by 1.2749828082192494e-8 to 0.9997571110605283 adjusted 111 weights, 5 biases 
Training a8f4fdc2 with 1 binary file, target error: 0.000001, iterations: 1, sample rate: 100%, sparse: 100%
Fine tuning increased fitness by 1.3647449725873173e-8 to 0.9997571247079781 adjusted 111 weights, 5 biases 
Training e5c866a8 with 1 binary file, target error: 0.000001, iterations: 1, sample rate: 100%, sparse: 100%
Training 58abe2e2 with 1 binary file, target error: 0.000001, iterations: 1, sample rate: 100%, sparse: 100%
Fine tuning increased fitness by 6.596365009770011e-9 to 0.9997571377273242 adjusted 8 weights, 1 bias 
Training 1fc524bf with 1 binary file, target error: 0.000001, iterations: 1, sample rate: 100%, sparse: 100%
Fine tuning increased fitness by 8.964301745351122e-9 to 0.999757146691626 adjusted 8 weights, 1 bias 
Generation 330 score 0.999757146691626  error 0.00024172244839537615 avg time 347ms
Training f3f2f5db with 1 binary file, target error: 0.000001, iterations: 1, sample rate: 100%, sparse: 100%
Fine tuning increased fitness by 1.3736857096269262e-8 to 0.9997571604284831 adjusted 8 weights, 1 bias 
Training 64170625 with 1 binary file, target error: 0.000001, iterations: 1, sample rate: 100%, sparse: 100%
Fine tuning increased fitness by 1.5043299383954434e-8 to 0.9997571754717824 adjusted 8 weights, 1 bias 
Training 558c2e88 with 1 binary file, target error: 0.000001, iterations: 1, sample rate: 100%, sparse: 100%
Fine tuning increased fitness by 1.2530821935641256e-8 to 0.9997571880026044 adjusted 8 weights, 1 bias 
Training da1a4c27 with 1 binary file, target error: 0.000001, iterations: 1, sample rate: 100%, sparse: 100%
Training 0078475b with 1 binary file, target error: 0.000001, iterations: 1, sample rate: 100%, sparse: 100%
Fine tuning increased fitness by 7.3841498471338696e-9 to 0.9997572325925782 adjusted 105 weights, 3 biases 
Training d48bc6f7 with 1 binary file, target error: 0.000001, iterations: 1, sample rate: 100%, sparse: 100%
Fine tuning increased fitness by 2.9715911287198082e-8 to 0.9997572623084895 adjusted 105 weights, 3 biases 
Training 7aa6ea52 with 1 binary file, target error: 0.000001, iterations: 1, sample rate: 100%, sparse: 100%
Training 6c275f88 with 1 binary file, target error: 0.000001, iterations: 1, sample rate: 100%, sparse: 100%
Training 98b07a16 with 1 binary file, target error: 0.000001, iterations: 1, sample rate: 100%, sparse: 100%
Training 69a42fce with 1 binary file, target error: 0.000001, iterations: 1, sample rate: 100%, sparse: 100%
Fine tuning increased fitness by 3.736305365098502e-8 to 0.9997573833534754 adjusted 95 weights, 1 bias 
Generation 340 score 0.9997573833534754  error 0.00024148578640763633 avg time 358ms
Training f79ef10e with 1 binary file, target error: 0.000001, iterations: 1, sample rate: 100%, sparse: 100%
Fine tuning increased fitness by 5.135283565049775e-8 to 0.9997574347063111 adjusted 95 weights, 1 bias 
Training 238458f2 with 1 binary file, target error: 0.000001, iterations: 1, sample rate: 100%, sparse: 100%
Fine tuning increased fitness by 6.10265449285663e-8 to 0.999757495732856 adjusted 95 weights, 1 bias 
Training 944a6365 with 1 binary file, target error: 0.000001, iterations: 1, sample rate: 100%, sparse: 100%
Fine tuning increased fitness by 9.031237580003904e-8 to 0.9997575860452318 adjusted 1 weight 
Training 05fa27b0 with 1 binary file, target error: 0.000001, iterations: 1, sample rate: 100%, sparse: 100%
Fine tuning increased fitness by 9.898040043143652e-8 to 0.9997576850256322 adjusted 1 weight 
Training c5dda93a with 1 binary file, target error: 0.000001, iterations: 1, sample rate: 100%, sparse: 100%
Fine tuning increased fitness by 6.312126588081668e-8 to 0.9997577481468981 adjusted 1 weight 
Training 0f11643a with 1 binary file, target error: 0.000001, iterations: 1, sample rate: 100%, sparse: 100%
Fine tuning increased fitness by 3.6851446338914684e-9 to 0.9997577518320427 adjusted 1 weight 
Training 7738ade2 with 1 binary file, target error: 0.000001, iterations: 1, sample rate: 100%, sparse: 100%
Training cb23fba4 with 1 binary file, target error: 0.000001, iterations: 1, sample rate: 100%, sparse: 100%
Fine tuning increased fitness by 1.742217481393027e-11 to 0.9997577518494649 adjusted 1 weight 
Training fc166ad3 with 1 binary file, target error: 0.000001, iterations: 1, sample rate: 100%, sparse: 100%
Fine tuning increased fitness by 3.3806291099836017e-13 to 0.999757751849803 adjusted 1 weight 
Training 4704e049 with 1 binary file, target error: 0.000001, iterations: 1, sample rate: 100%, sparse: 100%
Fine tuning increased fitness by 3.806954751439662e-13 to 0.9997577518501837 adjusted 1 weight 
Generation 350 score 0.9997577518501837  error 0.00024110729052900513 avg time 243ms
Training 483e42fa with 1 binary file, target error: 0.000001, iterations: 1, sample rate: 100%, sparse: 100%
Fine tuning increased fitness by 1.6817251358158813e-7 to 0.9997579200226973 adjusted 114 weights, 5 biases 
Training b25306c4 with 1 binary file, target error: 0.000001, iterations: 1, sample rate: 100%, sparse: 100%
Training f1b321a4 with 1 binary file, target error: 0.000001, iterations: 1, sample rate: 100%, sparse: 100%
Training 2a94df77 with 1 binary file, target error: 0.000001, iterations: 1, sample rate: 100%, sparse: 100%
Fine tuning increased fitness by 1.3096111495247698e-7 to 0.9997581645936127 adjusted 114 weights, 3 biases 
Training 93acfbc8 with 1 binary file, target error: 0.000001, iterations: 1, sample rate: 100%, sparse: 100%
Fine tuning increased fitness by 2.8834095999741294e-8 to 0.9997581934277087 adjusted 114 weights, 3 biases 
Discovered beneficial synapse from input-11 to output-0 with weight 1.0000, helping 50.2% more records than it harms (719/1432)
Discovery 96d0157a analyze time 13s 99ms found 1 candidates
Training 31c95239 with 1 binary file, target error: 0.000001, iterations: 1, sample rate: 100%, sparse: 100%
Fine tuning increased fitness by 1.8763120612774742e-8 to 0.9997582121908293 adjusted 114 weights, 3 biases 
Discovered harmful synapse from input-443 to output-2, harming 27.4% more records than it helps (520/1432)
Discovery 96d0157a analyze harmful time 230ms found 1 candidates
Training c9f32187 with 1 binary file, target error: 0.000001, iterations: 1, sample rate: 100%, sparse: 100%
Discovery 96d0157a analyze squashes time 361ms found 2 candidates, Summary: output-0 ReLU -> Cosine improved: 45.7% error: 0.6722 -> 0.3648,output-2 LeakyReLU -> SOFTSIGN improved: 4.2% error: 0.5832 -> 0.5585
Training 30171604 with 1 binary file, target error: 0.000001, iterations: 1, sample rate: 100%, sparse: 100%
Fine tuning increased fitness by 2.3699021522993746e-8 to 0.9997582557102348 adjusted 114 weights, 3 biases 
Discovery 30171604 with 1 binary files, sample rate: 100%, batch size: 512
Discovery 30171604 initialize time 79ms
Discovery 30171604 processing .trainData-fx_c_88/USDVND/data.bin
Over populated 54, expected 50.
Training 6e12acbf with 1 binary file, target error: 0.000001, iterations: 1, sample rate: 100%, sparse: 100%
Fine tuning increased fitness by 2.2239809105428776e-8 to 0.9997582779500439 adjusted 114 weights, 3 biases 
Discovery 30171604 read time 4ms for .trainData-fx_c_88/USDVND/data.bin with 1432 records
Discovery 30171604 scanning time 453ms
Training 92861349 with 1 binary file, target error: 0.000001, iterations: 1, sample rate: 100%, sparse: 100%
Discovery 30171604 recorded time 777ms
Generation 360 score 0.9997583057289822  error 0.00024055341180725205 avg time 414ms
Training f3f15220 with 1 binary file, target error: 0.000001, iterations: 1, sample rate: 100%, sparse: 100%
Training 19686dc0 with 1 binary file, target error: 0.000001, iterations: 1, sample rate: 100%, sparse: 100%
Training 374f1795 with 1 binary file, target error: 0.000001, iterations: 1, sample rate: 100%, sparse: 100%
Training f5c5043a with 1 binary file, target error: 0.000001, iterations: 1, sample rate: 100%, sparse: 100%
Fine tuning increased fitness by 5.4698659712748565e-8 to 0.9997585836622335 adjusted 2 weights, 1 bias 
Training 8165eec3 with 1 binary file, target error: 0.000001, iterations: 1, sample rate: 100%, sparse: 100%
Training 6674861a with 1 binary file, target error: 0.000001, iterations: 1, sample rate: 100%, sparse: 100%
Training 741997bc with 1 binary file, target error: 0.000001, iterations: 1, sample rate: 100%, sparse: 100%
Training 8165eec3 increased fitness by 2.8451051514721826e-9 to 0.9997585889337393
Training 6ef44fe5 with 1 binary file, target error: 0.000001, iterations: 1, sample rate: 100%, sparse: 100%
Training 74a91d62 with 1 binary file, target error: 0.000001, iterations: 1, sample rate: 100%, sparse: 100%
Training 423ed388 with 1 binary file, target error: 0.000001, iterations: 1, sample rate: 100%, sparse: 100%
Fine tuning increased fitness by 1.2847057306863974e-8 to 0.9997586119464694 adjusted 8 weights, 2 biases 
Generation 370 score 0.9997586119464694  error 0.00024023719518106147 avg time 367ms
Training 523d4051 with 1 binary file, target error: 0.000001, iterations: 1, sample rate: 100%, sparse: 100%
Fine tuning increased fitness by 2.903460283310011e-8 to 0.9997586409810723 adjusted 109 weights, 5 biases 
Training 9f0d4e88 with 1 binary file, target error: 0.000001, iterations: 1, sample rate: 100%, sparse: 100%
Training bacab997 with 1 binary file, target error: 0.000001, iterations: 1, sample rate: 100%, sparse: 100%
Fine tuning increased fitness by 3.0359210478891896e-8 to 0.9997587131499848 adjusted 109 weights, 5 biases 
Training fbd1b8de with 1 binary file, target error: 0.000001, iterations: 1, sample rate: 100%, sparse: 100%
Training 51385804 with 1 binary file, target error: 0.000001, iterations: 1, sample rate: 100%, sparse: 100%
Fine tuning increased fitness by 1.524565651500609e-8 to 0.9997587388628218 adjusted 11 weights, 3 biases 
Training 02038749 with 1 binary file, target error: 0.000001, iterations: 1, sample rate: 100%, sparse: 100%
Fine tuning increased fitness by 2.1772271319164815e-8 to 0.9997587606350932 adjusted 11 weights, 3 biases 
Training 8bbef426 with 1 binary file, target error: 0.000001, iterations: 1, sample rate: 100%, sparse: 100%
Fine tuning increased fitness by 3.599002496024184e-8 to 0.9997587966251181 adjusted 11 weights, 3 biases 
Training 046b5fa0 with 1 binary file, target error: 0.000001, iterations: 1, sample rate: 100%, sparse: 100%
Fine tuning increased fitness by 4.5011416482942934e-8 to 0.9997588416365346 adjusted 11 weights, 3 biases 
Training 8b9e527c with 1 binary file, target error: 0.000001, iterations: 1, sample rate: 100%, sparse: 100%
Fine tuning increased fitness by 3.993912744970629e-8 to 0.9997588815756621 adjusted 11 weights, 3 biases 
Training f5fae4f2 with 1 binary file, target error: 0.000001, iterations: 1, sample rate: 100%, sparse: 100%
Generation 380 score 0.9997588855573695  error 0.00023996358424438867 avg time 383ms
Training 84597879 with 1 binary file, target error: 0.000001, iterations: 1, sample rate: 100%, sparse: 100%
Fine tuning increased fitness by 4.745989157228792e-10 to 0.9997588860319684 adjusted 2 weights, 1 bias 
Training 1db711eb with 1 binary file, target error: 0.000001, iterations: 1, sample rate: 100%, sparse: 100%
Fine tuning increased fitness by 4.3886116962710275e-11 to 0.9997588860758545 adjusted 2 weights, 1 bias 
Training c7d2fc7a with 1 binary file, target error: 0.000001, iterations: 1, sample rate: 100%, sparse: 100%
Fine tuning increased fitness by 2.699584999987792e-11 to 0.9997588861028504 adjusted 2 weights, 1 bias 
Training 613b8dbb with 1 binary file, target error: 0.000001, iterations: 1, sample rate: 100%, sparse: 100%
Training 57decc6b with 1 binary file, target error: 0.000001, iterations: 1, sample rate: 100%, sparse: 100%
Fine tuning increased fitness by 1.7603001500887672e-8 to 0.9997589141263166 adjusted 2 weights, 1 bias 
Training d4d816bf with 1 binary file, target error: 0.000001, iterations: 1, sample rate: 100%, sparse: 100%
Fine tuning increased fitness by 2.0388605026511186e-8 to 0.9997589345149216 adjusted 2 weights, 1 bias 
Training 04df3843 with 1 binary file, target error: 0.000001, iterations: 1, sample rate: 100%, sparse: 100%
Fine tuning increased fitness by 1.1425941892628799e-7 to 0.9997590487743405 adjusted 2 weights, 1 bias 
Training 7c451ba7 with 1 binary file, target error: 0.000001, iterations: 1, sample rate: 100%, sparse: 100%
Fine tuning increased fitness by 2.2461299353793152e-7 to 0.9997592733873341 adjusted 1 weight 
Training 53773210 with 1 binary file, target error: 0.000001, iterations: 1, sample rate: 100%, sparse: 100%
Fine tuning increased fitness by 5.941521245000914e-7 to 0.9997598675394586 adjusted 1 weight 
Training 28d2a927 with 1 binary file, target error: 0.000001, iterations: 1, sample rate: 100%, sparse: 100%
Fine tuning increased fitness by 9.301064052280594e-7 to 0.9997607976458638 adjusted 1 weight 
Generation 390 score 0.9997607976458638  error 0.00023804149657881044 avg time 265ms
Training 69c77b1e with 1 binary file, target error: 0.000001, iterations: 1, sample rate: 100%, sparse: 100%
Fine tuning increased fitness by 8.396587507508713e-7 to 0.9997616373046145 adjusted 1 weight 
Training 978b0ad6 with 1 binary file, target error: 0.000001, iterations: 1, sample rate: 100%, sparse: 100%
Fine tuning increased fitness by 1.5479969073251e-7 to 0.9997617921043053 adjusted 1 weight 
Training 97463c87 with 1 binary file, target error: 0.000001, iterations: 1, sample rate: 100%, sparse: 100%
Training 9d313ba9 with 1 binary file, target error: 0.000001, iterations: 1, sample rate: 100%, sparse: 100%
Fine tuning increased fitness by 3.54958384907178e-9 to 0.9997617956538891 adjusted 114 weights, 5 biases 
Training 2100152f with 1 binary file, target error: 0.000001, iterations: 1, sample rate: 100%, sparse: 100%
Fine tuning increased fitness by 8.59653725981957e-9 to 0.9997618042504264 adjusted 114 weights, 5 biases 
Training 7b362741 with 1 binary file, target error: 0.000001, iterations: 1, sample rate: 100%, sparse: 100%
Fine tuning increased fitness by 1.3281184041424865e-8 to 0.9997618175316104 adjusted 114 weights, 5 biases 
Training c02a5ec6 with 1 binary file, target error: 0.000001, iterations: 1, sample rate: 100%, sparse: 100%
Fine tuning increased fitness by 2.2370018282202864e-8 to 0.9997618399016287 adjusted 114 weights, 5 biases 
Training bfa9ec6d with 1 binary file, target error: 0.000001, iterations: 1, sample rate: 100%, sparse: 100%
Fine tuning increased fitness by 3.882195565019231e-8 to 0.9997618787235844 adjusted 114 weights, 5 biases 
Training df63cab9 with 1 binary file, target error: 0.000001, iterations: 1, sample rate: 100%, sparse: 100%
Fine tuning increased fitness by 6.481546377390401e-8 to 0.9997619435390481 adjusted 114 weights, 5 biases 
Discovered beneficial synapse from input-11 to output-0 with weight 1.0000, helping 50.2% more records than it harms (719/1432)
Discovery 30171604 analyze time 13s 411ms found 1 candidates
Training a0a1c17d with 1 binary file, target error: 0.000001, iterations: 1, sample rate: 100%, sparse: 100%
Discovered harmful synapse from input-443 to output-2, harming 27.8% more records than it helps (517/1432)
Discovery 30171604 analyze harmful time 250ms found 1 candidates
Generation 400 score 0.9997620319631023  error 0.00023680717933111404 avg time 349ms
Training fec0ba6b with 1 binary file, target error: 0.000001, iterations: 1, sample rate: 100%, sparse: 100%
Discovery 30171604 analyze squashes time 428ms found 2 candidates, Summary: output-0 ReLU -> Cosine improved: 45.8% error: 0.6718 -> 0.3644,output-2 LeakyReLU -> SOFTSIGN improved: 4.3% error: 0.5820 -> 0.5567
Training de2f31e9 with 1 binary file, target error: 0.000001, iterations: 1, sample rate: 100%, sparse: 100%
Fine tuning increased fitness by 1.5380380857799025e-8 to 0.9997621641407091 adjusted 93 weights, 5 biases 
Discovery de2f31e9 with 1 binary files, sample rate: 100%, batch size: 512
Over populated 53, expected 50.
Discovery de2f31e9 initialize time 90ms
Discovery de2f31e9 processing .trainData-fx_c_88/USDVND/data.bin
Training b9c8c521 with 1 binary file, target error: 0.000001, iterations: 1, sample rate: 100%, sparse: 100%
Discovery de2f31e9 read time 2ms for .trainData-fx_c_88/USDVND/data.bin with 1432 records
Discovery de2f31e9 scanning time 450ms
Training ea24dd63 with 1 binary file, target error: 0.000001, iterations: 1, sample rate: 100%, sparse: 100%
Discovery de2f31e9 recorded time 769ms
Training c0efec22 with 1 binary file, target error: 0.000001, iterations: 1, sample rate: 100%, sparse: 100%
Fine tuning increased fitness by 3.322114805470733e-10 to 0.9997621652680854 adjusted 98 weights, 4 biases 
Training 54c5545c with 1 binary file, target error: 0.000001, iterations: 1, sample rate: 100%, sparse: 100%
Training 8e6fb56b with 1 binary file, target error: 0.000001, iterations: 1, sample rate: 100%, sparse: 100%
Training 4a934100 with 1 binary file, target error: 0.000001, iterations: 1, sample rate: 100%, sparse: 100%
Fine tuning increased fitness by 1.8708637972153497e-9 to 0.9997621689097366 adjusted 80 weights, 4 biases 
Training 24c190d3 with 1 binary file, target error: 0.000001, iterations: 1, sample rate: 100%, sparse: 100%
Fine tuning increased fitness by 2.7683191294869403e-9 to 0.9997621716780557 adjusted 80 weights, 4 biases 
Training 5f18e440 with 1 binary file, target error: 0.000001, iterations: 1, sample rate: 100%, sparse: 100%
Generation 410 score 0.9997621772291327  error 0.00023666191341670684 avg time 415ms
Training cec3d797 with 1 binary file, target error: 0.000001, iterations: 1, sample rate: 100%, sparse: 100%
Fine tuning increased fitness by 3.396156689206009e-9 to 0.9997621806252894 adjusted 75 weights, 4 biases 
Training 21b9917c with 1 binary file, target error: 0.000001, iterations: 1, sample rate: 100%, sparse: 100%
Fine tuning increased fitness by 2.8568306609244587e-9 to 0.9997621834821201 adjusted 75 weights, 4 biases 
Training 5f3bb77e with 1 binary file, target error: 0.000001, iterations: 1, sample rate: 100%, sparse: 100%
Fine tuning increased fitness by 3.771945422670342e-9 to 0.9997621872540655 adjusted 75 weights, 4 biases 
Training 4f9acc4b with 1 binary file, target error: 0.000001, iterations: 1, sample rate: 100%, sparse: 100%
Fine tuning increased fitness by 2.8196462942275957e-9 to 0.9997621900737118 adjusted 75 weights, 4 biases 
Training 329f4c4b with 1 binary file, target error: 0.000001, iterations: 1, sample rate: 100%, sparse: 100%
Fine tuning increased fitness by 3.2457327936441516e-9 to 0.9997621933194446 adjusted 75 weights, 4 biases 
Training 62e7a072 with 1 binary file, target error: 0.000001, iterations: 1, sample rate: 100%, sparse: 100%
Fine tuning increased fitness by 3.1830317270831188e-9 to 0.9997621965024763 adjusted 75 weights, 4 biases 
Training e0f1418e with 1 binary file, target error: 0.000001, iterations: 1, sample rate: 100%, sparse: 100%
Fine tuning increased fitness by 3.0515969751121474e-9 to 0.9997621995540733 adjusted 75 weights, 4 biases 
Training 041fb453 with 1 binary file, target error: 0.000001, iterations: 1, sample rate: 100%, sparse: 100%
Training fd2ea8cb with 1 binary file, target error: 0.000001, iterations: 1, sample rate: 100%, sparse: 100%
Fine tuning increased fitness by 1.9031213271958336e-9 to 0.9997622056544585 adjusted 75 weights, 4 biases 
Training c17e9cb9 with 1 binary file, target error: 0.000001, iterations: 1, sample rate: 100%, sparse: 100%
Fine tuning increased fitness by 4.361299543731434e-9 to 0.999762210015758 adjusted 75 weights, 4 biases 
Generation 420 score 0.999762210015758  error 0.00023661912764917498 avg time 393ms
Training 693bce2e with 1 binary file, target error: 0.000001, iterations: 1, sample rate: 100%, sparse: 100%
Training 8c4c59d1 with 1 binary file, target error: 0.000001, iterations: 1, sample rate: 100%, sparse: 100%
Training f7899ea6 with 1 binary file, target error: 0.000001, iterations: 1, sample rate: 100%, sparse: 100%
Fine tuning increased fitness by 1.66931801715009e-10 to 0.999762221012922 adjusted 66 weights, 2 biases 
Training 4f18f53b with 1 binary file, target error: 0.000001, iterations: 1, sample rate: 100%, sparse: 100%
Fine tuning increased fitness by 2.1527228888373884e-9 to 0.9997622231656449 adjusted 115 weights, 5 biases 
Training f5b54ea2 with 1 binary file, target error: 0.000001, iterations: 1, sample rate: 100%, sparse: 100%
Constant neuron 73320c57-f061-4ed9-9da4-d1f0f1c9fd63 convert hidden to constant
Adjust neuron 73320c57-f061-4ed9-9da4-d1f0f1c9fd63 bias -0.04301390937763279 to -0.025215166339466782
Training 27db233c with 1 binary file, target error: 0.000001, iterations: 1, sample rate: 100%, sparse: 100%
Fine tuning increased fitness by 5.183037332656681e-10 to 0.9997622239884044 adjusted 110 weights, 4 biases 
Training a9633c4b with 1 binary file, target error: 0.000001, iterations: 1, sample rate: 100%, sparse: 100%
Fine tuning increased fitness by 6.37288222193888e-10 to 0.9997622246256926 adjusted 110 weights, 4 biases 
Training 57f40c78 with 1 binary file, target error: 0.000001, iterations: 1, sample rate: 100%, sparse: 100%
Training 4c48657a with 1 binary file, target error: 0.000001, iterations: 1, sample rate: 100%, sparse: 100%
Fine tuning increased fitness by 8.549450036809958e-10 to 0.9997622260261732 adjusted 110 weights, 4 biases 
Training 827027e2 with 1 binary file, target error: 0.000001, iterations: 1, sample rate: 100%, sparse: 100%
Generation 430 score 0.9997622269354406  error 0.00023660220794227064 avg time 398ms
Training 6cc0c34a with 1 binary file, target error: 0.000001, iterations: 1, sample rate: 100%, sparse: 100%
Fine tuning increased fitness by 1.3257664965848903e-9 to 0.9997622282612071 adjusted 110 weights, 4 biases 
Training a2f59cf2 with 1 binary file, target error: 0.000001, iterations: 1, sample rate: 100%, sparse: 100%
Fine tuning increased fitness by 1.2645419156243065e-9 to 0.999762229525749 adjusted 116 weights, 5 biases 
Fine tuning increased fitness by 6.549012443457514e-9 to 0.9997622360747614 adjusted 114 weights, 5 biases 
Fine tuning increased fitness by 1.0184432241988617e-7 to 0.9997623379190839 adjusted 114 weights, 5 biases 
Fine tuning increased fitness by 1.5585377521887267e-7 to 0.9997624937728591 adjusted 1 weight 
Fine tuning increased fitness by 1.3286286426605898e-7 to 0.9997626266357234 adjusted 1 weight 
Fine tuning increased fitness by 5.749436482460624e-10 to 0.999762627210667 adjusted 1 weight 
Discovered beneficial synapse from input-11 to output-0 with weight 1.0000, helping 50.2% more records than it harms (719/1432)
Discovery de2f31e9 analyze time 13s 329ms found 1 candidates
Generation 440 score 0.999762627210667  error 0.0002361919335050812 avg time 297ms
Fine tuning increased fitness by 1.7777335159507857e-11 to 0.9997626272284443 adjusted 1 weight 
Discovered harmful synapse from input-443 to output-2, harming 27.5% more records than it helps (519/1432)
Discovery de2f31e9 analyze harmful time 229ms found 1 candidates
Fine tuning increased fitness by 2.0338175588108243e-12 to 0.9997626272304782 adjusted 1 weight 
Discovery de2f31e9 analyze squashes time 383ms found 2 candidates, Summary: output-0 ReLU -> Cosine improved: 45.8% error: 0.6715 -> 0.3641,output-2 LeakyReLU -> SOFTSIGN improved: 4.3% error: 0.5821 -> 0.5568
Fine tuning increased fitness by 4.796163466380676e-14 to 0.9997626272305261 adjusted 1 weight 
Fine tuning increased fitness by 9.392486788328824e-14 to 0.99976262723062 adjusted 1 weight 
Generation 450 score 0.99976262723062  error 0.0002361919135519403 avg time 230ms
Generation 460 score 0.99976262723062  error 0.0002361919135519403 avg time 213ms
Fine tuning increased fitness by 2.3460771103600564e-8 to 0.9997626506913911 adjusted 1 weight 
Fine tuning increased fitness by 3.755644573111283e-9 to 0.9997626544470357 adjusted 1 weight 
Fine tuning increased fitness by 8.880657553778093e-8 to 0.9997627432536113 adjusted 1 weight 
Fine tuning increased fitness by 8.931410633294945e-8 to 0.9997628325677176 adjusted 1 weight 
Fine tuning increased fitness by 4.954006316282289e-9 to 0.9997628375217239 adjusted 1 weight 
Fine tuning increased fitness by 7.659883838329051e-10 to 0.9997628382877123 adjusted 1 weight 
Fine tuning increased fitness by 4.2743586448068527e-14 to 0.999762838287755 adjusted 1 weight 
Generation 470 score 0.999762838287755  error 0.00023596085804972723 avg time 235ms
Fine tuning increased fitness by 2.927658115936538e-13 to 0.9997628382880478 adjusted 1 weight 
Fine tuning increased fitness by 4.950086585076008e-8 to 0.9997628877889136 adjusted 1 weight 
Fine tuning increased fitness by 3.2735405275374774e-8 to 0.9997629205243189 adjusted 1 weight 
Fine tuning increased fitness by 1.7761678794414593e-9 to 0.9997629223004868 adjusted 1 weight 
Fine tuning increased fitness by 7.453038186611138e-12 to 0.9997629223079398 adjusted 1 weight 
Fine tuning increased fitness by 4.530598118890339e-12 to 0.9997629223124704 adjusted 1 weight 
Generation 480 score 0.9997629223124704  error 0.00023586683414643895 avg time 250ms
Fine tuning increased fitness by 1.0217528489953054e-8 to 0.9997629325299989 adjusted 1 weight 
Generation 490 score 0.9997629325299989  error 0.00023584661742583673 avg time 226ms
Fine tuning increased fitness by 4.8878936453888855e-9 to 0.9997629374178926 adjusted 1 weight 
Fine tuning increased fitness by 4.045571211364063e-9 to 0.9997629414634638 adjusted 1 weight 
Fine tuning increased fitness by 2.3179616226443045e-8 to 0.99976296464308 adjusted 1 weight 
Fine tuning increased fitness by 4.2585158399610634e-8 to 0.9997630072282384 adjusted 1 weight 
Fine tuning increased fitness by 3.104909918061338e-8 to 0.9997630382773376 adjusted 1 weight 
Fine tuning increased fitness by 1.27016831052984e-7 to 0.9997631652941686 adjusted 1 weight 
Fine tuning increased fitness by 4.830928390653355e-8 to 0.9997632136034525 adjusted 1 weight 
Generation 500 score 0.9997632136034525  error 0.00023554554557635453 avg time 215ms
Fine tuning increased fitness by 2.134292076405586e-9 to 0.9997632157377446 adjusted 1 weight 
Fine tuning increased fitness by 2.209840769262783e-7 to 0.9997634367218216 adjusted 1 weight 
Fine tuning increased fitness by 4.0044311611087124e-7 to 0.9997638371649377 adjusted 1 weight 
Fine tuning increased fitness by 6.69974902334225e-7 to 0.99976450713984 adjusted 1 weight 
Fine tuning increased fitness by 7.248831251915888e-7 to 0.9997652320229652 adjusted 1 weight 
Fine tuning increased fitness by 2.0304557812877988e-8 to 0.999765252327523 adjusted 1 weight 
Fine tuning increased fitness by 1.3287497768743606e-9 to 0.9997652536562728 adjusted 1 weight 
Generation 510 score 0.9997652536562728  error 0.00023349549354148097 avg time 239ms
Fine tuning increased fitness by 3.5281333410353e-11 to 0.9997652536915541 adjusted 1 weight 
Fine tuning increased fitness by 4.0501602072140486e-11 to 0.9997652537320557 adjusted 1 weight 
Fine tuning increased fitness by 9.80500901581749e-8 to 0.9997653517821459 adjusted 1 weight 
Fine tuning increased fitness by 2.0039392412130042e-7 to 0.99976555217607 adjusted 1 weight 
Fine tuning increased fitness by 3.2939365812723054e-7 to 0.9997658815697281 adjusted 1 weight 
Fine tuning increased fitness by 4.6561580102633116e-7 to 0.9997663471855291 adjusted 1 weight 
Fine tuning increased fitness by 3.5781069174234403e-7 to 0.9997667049962209 adjusted 1 weight 
Generation 520 score 0.9997667049962209  error 0.00023203415436338768 avg time 213ms
Fine tuning increased fitness by 2.6797237762110626e-9 to 0.9997667076759447 adjusted 1 weight 
Fine tuning increased fitness by 7.437739313331804e-11 to 0.9997667077503221 adjusted 1 weight 
Fine tuning increased fitness by 1.4343304322039785e-11 to 0.9997667077646654 adjusted 1 weight 
Fine tuning increased fitness by 8.83513651128709e-9 to 0.9997667165998019 adjusted 1 weight 
Fine tuning increased fitness by 7.482903185973555e-14 to 0.9997667165998767 adjusted 1 weight 
Generation 530 score 0.9997667165998767  error 0.0002320125514963866 avg time 250ms
Fine tuning increased fitness by 4.978841117164734e-9 to 0.9997667215787178 adjusted 1 weight 
Fine tuning increased fitness by 1.1940608390936802e-8 to 0.9997667335193262 adjusted 1 weight 
Fine tuning increased fitness by 7.984168881591813e-12 to 0.9997667335273104 adjusted 1 weight 
Fine tuning increased fitness by 2.431388423929093e-13 to 0.9997667335275535 adjusted 1 weight 
Fine tuning increased fitness by 2.473576898864849e-13 to 0.9997667335278009 adjusted 1 weight 
Fine tuning increased fitness by 7.793765632868599e-14 to 0.9997667335278788 adjusted 1 weight 
Generation 540 score 0.9997667335278788  error 0.00023198562427890609 avg time 242ms
Fine tuning increased fitness by 2.895358397481118e-10 to 0.9997667338174147 adjusted 1 weight 
Fine tuning increased fitness by 1.7883631242554543e-8 to 0.9997667517010459 adjusted 1 weight 
Fine tuning increased fitness by 5.175203188212407e-8 to 0.9997668034530778 adjusted 1 weight 
Generation 550 score 0.9997668034530778  error 0.0002319056998596534 avg time 225ms
Fine tuning increased fitness by 1.5073176651281273e-7 to 0.9997669541848443 adjusted 1 weight 
Fine tuning increased fitness by 2.6445024947641116e-7 to 0.9997672186350938 adjusted 1 weight 
Fine tuning increased fitness by 4.060247156267849e-7 to 0.9997676246598094 adjusted 1 weight 
Fine tuning increased fitness by 3.897905058725115e-7 to 0.9997680144503153 adjusted 1 weight 
Fine tuning increased fitness by 2.422109501853953e-8 to 0.9997680386714103 adjusted 1 weight 
Fine tuning increased fitness by 2.4316370028643064e-9 to 0.9997680411030473 adjusted 1 weight 
Fine tuning increased fitness by 1.988163078614491e-9 to 0.9997680430912104 adjusted 1 weight 
Fine tuning increased fitness by 2.2888378858887393e-8 to 0.9997680659795892 adjusted 1 weight 
Fine tuning increased fitness by 1.9183984401038856e-9 to 0.9997680678979877 adjusted 1 weight 
Fine tuning increased fitness by 5.837961225552135e-10 to 0.9997680684817838 adjusted 1 weight 
Generation 560 score 0.9997680684817838  error 0.00023063067179676566 avg time 221ms
Generation 561 score 0.9997680684817838  error 0.00023063067179676566 avg time 23ms
{
  error: 0.00023063067179676566,
  score: 0.9997680684817838,
  generation: 561,
  time: 180023
}

=== Processing USDPLN (8/10) ===
1 mutation, mutation rate 5.0%, elitism 2, mutation ALL, selection FITNESS_PROPORTIONATE
Creature count: 50
Culling duplicate creature at 9 of 51
DeDuplication of 1 creatures to 50 in  (previous experiment )
Training d0a7b1f1 with 1 binary file, target error: 0.000001, iterations: 1, sample rate: 100%, sparse: 100%
Discovery d0a7b1f1 with 1 binary files, sample rate: 100%, batch size: 512
Discovery d0a7b1f1 initialize time 86ms
Discovery d0a7b1f1 processing .trainData-fx_c_88/USDPLN/data.bin
Discovery d0a7b1f1 read time 3ms for .trainData-fx_c_88/USDPLN/data.bin with 1425 records
Discovery d0a7b1f1 scanning time 522ms
Discovery d0a7b1f1 recorded time 785ms
Training db7e5d1a with 1 binary file, target error: 0.000001, iterations: 1, sample rate: 100%, sparse: 100%
Over populated 52, expected 50.
Training 6bede531 with 1 binary file, target error: 0.000001, iterations: 1, sample rate: 100%, sparse: 100%
Culling duplicate creature at 23 of 51
DeDuplication of 1 creatures to 50 in 20ms (previous experiment )
Training b1cc1e02 with 1 binary file, target error: 0.000001, iterations: 1, sample rate: 100%, sparse: 100%
Over populated 52, expected 50.
Discovered beneficial synapse from input-358 to output-2 with weight 1.0000, helping 22.0% more records than it harms (869/1425)
Discovery d0a7b1f1 analyze time 5s 350ms found 1 candidates
Discovered harmful synapse from input-1252 to cc590223-9b44-4ad4-b0a3-9863b1f15ac4, harming 66.6% more records than it helps (191/1425)
Discovery d0a7b1f1 analyze harmful time 203ms found 1 candidates
Discovery d0a7b1f1 analyze squashes time 120ms found 1 candidate, Summary: output-0 Softplus -> LogSigmoid improved: 33.5% error: 372.9582 -> 247.9545
Training 1c309b86 with 1 binary file, target error: 0.000001, iterations: 1, sample rate: 100%, sparse: 100%
Training b1cc1e02 increased fitness by 3.5318192814770555e-11 to 0.9989358880624465
Discovery 1c309b86 with 1 binary files, sample rate: 100%, batch size: 512
Discovery 1c309b86 initialize time 86ms
Discovery 1c309b86 processing .trainData-fx_c_88/USDPLN/data.bin
Discovery 1c309b86 read time 3ms for .trainData-fx_c_88/USDPLN/data.bin with 1425 records
Discovery 1c309b86 scanning time 497ms
Discovery 1c309b86 recorded time 814ms
Over populated 52, expected 50.
Training 8474aba7 with 1 binary file, target error: 0.000001, iterations: 1, sample rate: 100%, sparse: 100%
Training 5308c89a with 1 binary file, target error: 0.000001, iterations: 1, sample rate: 100%, sparse: 100%
Training cf71201d with 1 binary file, target error: 0.000001, iterations: 1, sample rate: 100%, sparse: 100%
Fine tuning increased fitness by 2.2651564290931958e-8 to 0.9989359283916553 adjusted 121 weights, 5 biases 
Training 80a3b992 with 1 binary file, target error: 0.000001, iterations: 1, sample rate: 100%, sparse: 100%
Fine tuning increased fitness by 3.522330238592275e-8 to 0.9989359636149577 adjusted 119 weights, 5 biases 
Over populated 52, expected 50.
Generation 10 score 0.9989359636149577  error 0.0010539254727988886 avg time 1s 450ms
Training c42cb73a with 1 binary file, target error: 0.000001, iterations: 1, sample rate: 100%, sparse: 100%
Fine tuning increased fitness by 3.0685329943658246e-8 to 0.9989359943002877 adjusted 119 weights, 5 biases 
Training 06edf468 with 1 binary file, target error: 0.000001, iterations: 1, sample rate: 100%, sparse: 100%
Fine tuning increased fitness by 2.8138684271539205e-8 to 0.998936022438972 adjusted 119 weights, 5 biases 
Discovered beneficial synapse from input-661 to cc590223-9b44-4ad4-b0a3-9863b1f15ac4 with weight 1.0000, helping 68.4% more records than it harms (1152/1425)
Discovery 1c309b86 analyze time 9s 83ms found 1 candidates
Discovered harmful synapse from input-1118 to output-0, harming 15.1% more records than it helps (605/1425)
Discovery 1c309b86 analyze harmful time 109ms found 1 candidates
Training b11ec6a8 with 1 binary file, target error: 0.000001, iterations: 1, sample rate: 100%, sparse: 100%
Fine tuning increased fitness by 3.390940905845241e-8 to 0.998936056348381 adjusted 119 weights, 5 biases 
Discovery 1c309b86 analyze squashes time 272ms found 3 candidates, Summary: output-0 Softplus -> LogSigmoid improved: 33.5% error: 372.6903 -> 247.7183,cc590223-9b44-4ad4-b0a3-9863b1f15ac4 HARD_TANH -> SINE improved: 34.1% error: 0.1116 -> 0.0736,8b9a6f18-03c3-4b64-bec3-ff7f43f03138 SQRT -> SQUARE improved: 11.7% error: 0.0012 -> 0.0011
Over populated 52, expected 50.
Training 4f35091b with 1 binary file, target error: 0.000001, iterations: 1, sample rate: 100%, sparse: 100%
Fine tuning increased fitness by 1.9651785088115048e-8 to 0.9989360760001661 adjusted 119 weights, 5 biases 
Discovery 4f35091b with 1 binary files, sample rate: 100%, batch size: 512
Discovery 4f35091b initialize time 88ms
Discovery 4f35091b processing .trainData-fx_c_88/USDPLN/data.bin
Discovery 4f35091b read time 4ms for .trainData-fx_c_88/USDPLN/data.bin with 1425 records
Discovery 4f35091b scanning time 526ms
Discovery 4f35091b recorded time 793ms
Over populated 56, expected 50.
Training 970e904c with 1 binary file, target error: 0.000001, iterations: 1, sample rate: 100%, sparse: 100%
Fine tuning increased fitness by 2.623205985763377e-9 to 0.9989360786233721 adjusted 119 weights, 5 biases 
Training b4a85450 with 1 binary file, target error: 0.000001, iterations: 1, sample rate: 100%, sparse: 100%
Fine tuning increased fitness by 5.1018207436470675e-9 to 0.9989360837251928 adjusted 119 weights, 5 biases 
Over populated 52, expected 50.
Training 09da937c with 1 binary file, target error: 0.000001, iterations: 1, sample rate: 100%, sparse: 100%
Fine tuning increased fitness by 4.845810863685074e-9 to 0.9989360885710037 adjusted 119 weights, 5 biases 
Training b58b1a82 with 1 binary file, target error: 0.000001, iterations: 1, sample rate: 100%, sparse: 100%
Fine tuning increased fitness by 6.9001084845865535e-9 to 0.9989360954711122 adjusted 119 weights, 5 biases 
Training 7e3967b2 with 1 binary file, target error: 0.000001, iterations: 1, sample rate: 100%, sparse: 100%
Fine tuning increased fitness by 7.58874341144633e-9 to 0.9989361030598556 adjusted 119 weights, 5 biases 
Training 60055c5c with 1 binary file, target error: 0.000001, iterations: 1, sample rate: 100%, sparse: 100%
Fine tuning increased fitness by 1.1144386413697305e-8 to 0.998936114204242 adjusted 119 weights, 5 biases 
Discovered beneficial synapse from input-661 to cc590223-9b44-4ad4-b0a3-9863b1f15ac4 with weight 1.0000, helping 68.6% more records than it harms (1154/1425)
Discovery 4f35091b analyze time 9s 202ms found 1 candidates
Over populated 52, expected 50.
Generation 20 score 0.998936114204242  error 0.0010537748835347898 avg time 1s 518ms
Training 103745cd with 1 binary file, target error: 0.000001, iterations: 1, sample rate: 100%, sparse: 100%
Fine tuning increased fitness by 9.240034959390186e-9 to 0.998936123444277 adjusted 119 weights, 5 biases 
Discovered harmful synapse from input-1118 to output-0, harming 15.1% more records than it helps (605/1425)
Discovery 4f35091b analyze harmful time 421ms found 1 candidates
Discovery 4f35091b analyze squashes time 184ms found 2 candidates, Summary: output-0 Softplus -> LogSigmoid improved: 33.5% error: 372.6906 -> 247.7185,output-2 LeakyReLU -> SELU improved: 38.2% error: 0.9206 -> 0.5690
Over populated 52, expected 50.
Training 6fc9b232 with 1 binary file, target error: 0.000001, iterations: 1, sample rate: 100%, sparse: 100%
Fine tuning increased fitness by 2.3886914668480586e-9 to 0.9989361258329684 adjusted 119 weights, 5 biases 
Discovery 6fc9b232 with 1 binary files, sample rate: 100%, batch size: 512
Discovery 6fc9b232 initialize time 83ms
Discovery 6fc9b232 processing .trainData-fx_c_88/USDPLN/data.bin
Discovery 6fc9b232 read time 2ms for .trainData-fx_c_88/USDPLN/data.bin with 1425 records
Discovery 6fc9b232 scanning time 534ms
Discovery 6fc9b232 recorded time 801ms
Over populated 54, expected 50.
Training 21887753 with 1 binary file, target error: 0.000001, iterations: 1, sample rate: 100%, sparse: 100%
Fine tuning increased fitness by 9.140770362847661e-10 to 0.9989361267470455 adjusted 119 weights, 5 biases 
Training 0fb63cfd with 1 binary file, target error: 0.000001, iterations: 1, sample rate: 100%, sparse: 100%
Fine tuning increased fitness by 1.382834291518975e-9 to 0.9989361281298798 adjusted 119 weights, 5 biases 
Over populated 52, expected 50.
Training 306a67c0 with 1 binary file, target error: 0.000001, iterations: 1, sample rate: 100%, sparse: 100%
Training b18c2f16 with 1 binary file, target error: 0.000001, iterations: 1, sample rate: 100%, sparse: 100%
Over populated 52, expected 50.
Discovered beneficial synapse from input-661 to cc590223-9b44-4ad4-b0a3-9863b1f15ac4 with weight 1.0000, helping 68.4% more records than it harms (1153/1425)
Discovery 6fc9b232 analyze time 6s 191ms found 1 candidates
Training b805e4bf with 1 binary file, target error: 0.000001, iterations: 1, sample rate: 100%, sparse: 100%
Fine tuning increased fitness by 6.513986905432034e-9 to 0.9989361432255234 adjusted 178 weights, 7 biases 
Discovered harmful synapse from input-1118 to output-0, harming 15.1% more records than it helps (605/1425)
Discovery 6fc9b232 analyze harmful time 423ms found 1 candidates
Discovery 6fc9b232 analyze squashes time 222ms found 3 candidates, Summary: output-2 LeakyReLU -> SELU improved: 38.2% error: 0.9205 -> 0.5691,output-0 Softplus -> LogSigmoid improved: 33.5% error: 372.6909 -> 247.7188,cc590223-9b44-4ad4-b0a3-9863b1f15ac4 HARD_TANH -> SINE improved: 33.9% error: 0.1097 -> 0.0726
Training ded07f44 with 1 binary file, target error: 0.000001, iterations: 1, sample rate: 100%, sparse: 100%
Fine tuning increased fitness by 9.1555374392982e-9 to 0.9989361523810608 adjusted 178 weights, 7 biases 
Discovery ded07f44 with 1 binary files, sample rate: 100%, batch size: 512
Discovery ded07f44 initialize time 86ms
Discovery ded07f44 processing .trainData-fx_c_88/USDPLN/data.bin
Discovery ded07f44 read time 2ms for .trainData-fx_c_88/USDPLN/data.bin with 1425 records
Discovery ded07f44 scanning time 539ms
Discovery ded07f44 recorded time 806ms
Over populated 56, expected 50.
Training 39fdd349 with 1 binary file, target error: 0.000001, iterations: 1, sample rate: 100%, sparse: 100%
Fine tuning increased fitness by 1.1905465613359922e-8 to 0.9989361642865264 adjusted 178 weights, 7 biases 
Training 0a8d5b9a with 1 binary file, target error: 0.000001, iterations: 1, sample rate: 100%, sparse: 100%
Fine tuning increased fitness by 5.193824481608544e-9 to 0.9989361694803509 adjusted 178 weights, 7 biases 
Discovered beneficial synapse from input-1444 to output-0 with weight 1.0000, helping 17.6% more records than it harms (838/1425)
Discovery ded07f44 analyze time 2s 667ms found 1 candidates
Discovered harmful synapse from input-1118 to output-0, harming 15.1% more records than it helps (605/1425)
Discovery ded07f44 analyze harmful time 93ms found 1 candidates
Discovery ded07f44 analyze squashes time 190ms found 2 candidates, Summary: output-2 LeakyReLU -> SELU improved: 38.2% error: 0.9205 -> 0.5690,output-0 Softplus -> LogSigmoid improved: 33.5% error: 372.6909 -> 247.7188
Over populated 52, expected 50.
Generation 30 score 0.9989361694803509  error 0.00105371960742475 avg time 1s 509ms
Training e784dc32 with 1 binary file, target error: 0.000001, iterations: 1, sample rate: 100%, sparse: 100%
Fine tuning increased fitness by 1.9989083721583256e-9 to 0.9989361714792593 adjusted 178 weights, 7 biases 
Discovery e784dc32 with 1 binary files, sample rate: 100%, batch size: 512
Discovery e784dc32 initialize time 87ms
Discovery e784dc32 processing .trainData-fx_c_88/USDPLN/data.bin
Discovery e784dc32 read time 5ms for .trainData-fx_c_88/USDPLN/data.bin with 1425 records
Discovery e784dc32 scanning time 488ms
Discovery e784dc32 recorded time 814ms
Over populated 54, expected 50.
Training c98fc278 with 1 binary file, target error: 0.000001, iterations: 1, sample rate: 100%, sparse: 100%
Training bdd898f3 with 1 binary file, target error: 0.000001, iterations: 1, sample rate: 100%, sparse: 100%
Fine tuning increased fitness by 1.0003674999481404e-8 to 0.9989361861915285 adjusted 172 weights, 7 biases 
Over populated 52, expected 50.
Training c3f4dcf9 with 1 binary file, target error: 0.000001, iterations: 1, sample rate: 100%, sparse: 100%
Fine tuning increased fitness by 9.351479701713572e-9 to 0.9989361955430082 adjusted 172 weights, 7 biases 
Over populated 52, expected 50.
Training b85bbe89 with 1 binary file, target error: 0.000001, iterations: 1, sample rate: 100%, sparse: 100%
Fine tuning increased fitness by 1.0249914472737487e-8 to 0.9989362057929226 adjusted 172 weights, 7 biases 
Over populated 52, expected 50.
Training 9101d59f with 1 binary file, target error: 0.000001, iterations: 1, sample rate: 100%, sparse: 100%
Fine tuning increased fitness by 8.449896560236425e-9 to 0.9989362142428192 adjusted 172 weights, 7 biases 
Training 737edfdb with 1 binary file, target error: 0.000001, iterations: 1, sample rate: 100%, sparse: 100%
Fine tuning increased fitness by 8.051425748334395e-9 to 0.998936222294245 adjusted 172 weights, 7 biases 
Discovered beneficial synapse from input-358 to output-2 with weight 1.0000, helping 21.8% more records than it harms (868/1425)
Discovery e784dc32 analyze time 8s 490ms found 1 candidates
Discovered harmful synapse from input-1118 to output-0, harming 15.1% more records than it helps (605/1425)
Discovery e784dc32 analyze harmful time 91ms found 1 candidates
Discovery e784dc32 analyze squashes time 283ms found 3 candidates, Summary: output-2 LeakyReLU -> SELU improved: 38.2% error: 0.9206 -> 0.5690,output-0 Softplus -> LogSigmoid improved: 33.5% error: 372.6909 -> 247.7188,cc590223-9b44-4ad4-b0a3-9863b1f15ac4 HARD_TANH -> SINE improved: 34.1% error: 0.1117 -> 0.0736
Over populated 52, expected 50.
Training b41d9194 with 1 binary file, target error: 0.000001, iterations: 1, sample rate: 100%, sparse: 100%
Fine tuning increased fitness by 8.240825799532558e-9 to 0.9989362305350707 adjusted 172 weights, 7 biases 
Discovery b41d9194 with 1 binary files, sample rate: 100%, batch size: 512
Discovery b41d9194 initialize time 85ms
Discovery b41d9194 processing .trainData-fx_c_88/USDPLN/data.bin
Discovery b41d9194 read time 3ms for .trainData-fx_c_88/USDPLN/data.bin with 1425 records
Discovery b41d9194 scanning time 534ms
Discovery b41d9194 recorded time 794ms
Over populated 56, expected 50.
Training 7c26d692 with 1 binary file, target error: 0.000001, iterations: 1, sample rate: 100%, sparse: 100%
Fine tuning increased fitness by 2.350846406429241e-8 to 0.9989362540435348 adjusted 172 weights, 7 biases 
Training 6fddd175 with 1 binary file, target error: 0.000001, iterations: 1, sample rate: 100%, sparse: 100%
Fine tuning increased fitness by 4.420150279127455e-8 to 0.9989362982450376 adjusted 1 weight 
Generation 40 score 0.9989362982450376  error 0.0010535808428077445 avg time 1s 496ms
Training 96d8a139 with 1 binary file, target error: 0.000001, iterations: 1, sample rate: 100%, sparse: 100%
Fine tuning increased fitness by 7.5515681596805e-8 to 0.9989363737607192 adjusted 1 weight 
Training d0a3848d with 1 binary file, target error: 0.000001, iterations: 1, sample rate: 100%, sparse: 100%
Fine tuning increased fitness by 5.963243154827325e-8 to 0.9989364333931507 adjusted 1 weight 
Training dadbff23 with 1 binary file, target error: 0.000001, iterations: 1, sample rate: 100%, sparse: 100%
Fine tuning increased fitness by 4.876243853146889e-11 to 0.9989364334419132 adjusted 1 weight 
Training 25cf2efe with 1 binary file, target error: 0.000001, iterations: 1, sample rate: 100%, sparse: 100%
Discovered beneficial synapse from input-661 to cc590223-9b44-4ad4-b0a3-9863b1f15ac4 with weight 1.0000, helping 68.8% more records than it harms (1155/1425)
Discovery b41d9194 analyze time 8s 667ms found 1 candidates
Training bf3751cf with 1 binary file, target error: 0.000001, iterations: 1, sample rate: 100%, sparse: 100%
Fine tuning increased fitness by 3.950378513195574e-8 to 0.9989364947084576 adjusted 94 weights, 4 biases 
Discovered harmful synapse from input-1252 to cc590223-9b44-4ad4-b0a3-9863b1f15ac4, harming 66.8% more records than it helps (189/1425)
Discovery b41d9194 analyze harmful time 516ms found 1 candidates
Discovery b41d9194 analyze squashes time 101ms found 1 candidate, Summary: output-0 Softplus -> LogSigmoid improved: 33.5% error: 372.6910 -> 247.7188
Training 70d6bbc5 with 1 binary file, target error: 0.000001, iterations: 1, sample rate: 100%, sparse: 100%
Discovery 70d6bbc5 with 1 binary files, sample rate: 100%, batch size: 512
Discovery 70d6bbc5 initialize time 86ms
Discovery 70d6bbc5 processing .trainData-fx_c_88/USDPLN/data.bin
Discovery 70d6bbc5 read time 4ms for .trainData-fx_c_88/USDPLN/data.bin with 1425 records
Discovery 70d6bbc5 scanning time 531ms
Discovery 70d6bbc5 recorded time 795ms
Over populated 55, expected 50.
Training d25466ce with 1 binary file, target error: 0.000001, iterations: 1, sample rate: 100%, sparse: 100%
Fine tuning increased fitness by 4.666643627082578e-9 to 0.9989365076737902 adjusted 71 weights, 3 biases 
Training 1376bb39 with 1 binary file, target error: 0.000001, iterations: 1, sample rate: 100%, sparse: 100%
Training 55aa2cc7 with 1 binary file, target error: 0.000001, iterations: 1, sample rate: 100%, sparse: 100%
Fine tuning increased fitness by 5.6462571729198885e-8 to 0.998936607355328 adjusted 277 weights, 5 biases 
Over populated 52, expected 50.
Training 760a48d1 with 1 binary file, target error: 0.000001, iterations: 1, sample rate: 100%, sparse: 100%
Fine tuning increased fitness by 1.0663840921409928e-9 to 0.9989366084217121 adjusted 277 weights, 5 biases 
Generation 50 score 0.9989366084217121  error 0.0010532706661254437 avg time 1s 527ms
Training 4c58b765 with 1 binary file, target error: 0.000001, iterations: 1, sample rate: 100%, sparse: 100%
Over populated 52, expected 50.
Training 389da557 with 1 binary file, target error: 0.000001, iterations: 1, sample rate: 100%, sparse: 100%
Fine tuning increased fitness by 6.1613327773102355e-9 to 0.9989366236361701 adjusted 271 weights, 4 biases 
Training 0f1596e4 with 1 binary file, target error: 0.000001, iterations: 1, sample rate: 100%, sparse: 100%
Fine tuning increased fitness by 6.076449676761797e-9 to 0.9989366297126198 adjusted 271 weights, 4 biases 
Discovered beneficial synapse from input-661 to cc590223-9b44-4ad4-b0a3-9863b1f15ac4 with weight 1.0000, helping 68.6% more records than it harms (1152/1425)
Discovery 70d6bbc5 analyze time 11s 582ms found 1 candidates
Discovered harmful synapse from input-1118 to output-0, harming 15.1% more records than it helps (605/1425)
Discovery 70d6bbc5 analyze harmful time 89ms found 1 candidates
Discovery 70d6bbc5 analyze squashes time 245ms found 3 candidates, Summary: cc590223-9b44-4ad4-b0a3-9863b1f15ac4 HARD_TANH -> SINE improved: 33.2% error: 0.1060 -> 0.0708,output-0 Softplus -> LogSigmoid improved: 33.5% error: 372.6910 -> 247.7188,output-2 LeakyReLU -> SELU improved: 38.2% error: 0.9202 -> 0.5688
Training 03d1499a with 1 binary file, target error: 0.000001, iterations: 1, sample rate: 100%, sparse: 100%
Over populated 56, expected 50.
Training 9a7e503f with 1 binary file, target error: 0.000001, iterations: 1, sample rate: 100%, sparse: 100%
Discovery 9a7e503f with 1 binary files, sample rate: 100%, batch size: 512
Discovery 9a7e503f initialize time 82ms
Discovery 9a7e503f processing .trainData-fx_c_88/USDPLN/data.bin
Discovery 9a7e503f read time 3ms for .trainData-fx_c_88/USDPLN/data.bin with 1425 records
Discovery 9a7e503f scanning time 531ms
Discovery 9a7e503f recorded time 802ms
Training 0f981009 with 1 binary file, target error: 0.000001, iterations: 1, sample rate: 100%, sparse: 100%
Fine tuning increased fitness by 1.57091117891639e-10 to 0.9989366299551296 adjusted 1 weight 
Training 084c0d98 with 1 binary file, target error: 0.000001, iterations: 1, sample rate: 100%, sparse: 100%
Training e1ced705 with 1 binary file, target error: 0.000001, iterations: 1, sample rate: 100%, sparse: 100%
Training 9cb62a9c with 1 binary file, target error: 0.000001, iterations: 1, sample rate: 100%, sparse: 100%
Discovered beneficial synapse from input-661 to cc590223-9b44-4ad4-b0a3-9863b1f15ac4 with weight 1.0000, helping 68.8% more records than it harms (1154/1425)
Discovery 9a7e503f analyze time 6s 78ms found 1 candidates
Discovered harmful synapse from input-1252 to cc590223-9b44-4ad4-b0a3-9863b1f15ac4, harming 66.8% more records than it helps (188/1425)
Discovery 9a7e503f analyze harmful time 488ms found 1 candidates
Discovery 9a7e503f analyze squashes time 172ms found 2 candidates, Summary: output-0 Softplus -> LogSigmoid improved: 33.5% error: 372.7987 -> 247.8115,cc590223-9b44-4ad4-b0a3-9863b1f15ac4 HARD_TANH -> SINE improved: 32.9% error: 0.1045 -> 0.0702
Training 909b7db4 with 1 binary file, target error: 0.000001, iterations: 1, sample rate: 100%, sparse: 100%
Discovery 909b7db4 with 1 binary files, sample rate: 100%, batch size: 512
Discovery 909b7db4 initialize time 87ms
Discovery 909b7db4 processing .trainData-fx_c_88/USDPLN/data.bin
Discovery 909b7db4 read time 2ms for .trainData-fx_c_88/USDPLN/data.bin with 1425 records
Discovery 909b7db4 scanning time 545ms
Discovery 909b7db4 recorded time 815ms
Over populated 55, expected 50.
Generation 60 score 0.9989368860234881  error 0.0010529730644871244 avg time 1s 630ms
Training d92ab35f with 1 binary file, target error: 0.000001, iterations: 1, sample rate: 100%, sparse: 100%
Over populated 52, expected 50.
Training 4f50cd12 with 1 binary file, target error: 0.000001, iterations: 1, sample rate: 100%, sparse: 100%
Discovered beneficial synapse from input-1444 to output-0 with weight 1.0000, helping 17.8% more records than it harms (839/1425)
Discovery 909b7db4 analyze time 2s 429ms found 1 candidates
Discovered harmful synapse from input-1118 to output-0, harming 15.2% more records than it helps (604/1425)
Discovery 909b7db4 analyze harmful time 90ms found 1 candidates
Discovery 909b7db4 analyze squashes time 117ms found 1 candidate, Summary: output-0 Softplus -> LogSigmoid improved: 33.5% error: 372.7488 -> 247.7641
Training 761d889e with 1 binary file, target error: 0.000001, iterations: 1, sample rate: 100%, sparse: 100%
Fine tuning increased fitness by 7.089575493335332e-8 to 0.9989369897048407 adjusted 704 weights, 5 biases 
Discovery 761d889e with 1 binary files, sample rate: 100%, batch size: 512
Discovery 761d889e initialize time 79ms
Discovery 761d889e processing .trainData-fx_c_88/USDPLN/data.bin
Discovery 761d889e read time 3ms for .trainData-fx_c_88/USDPLN/data.bin with 1425 records
Discovery 761d889e scanning time 535ms
Discovery 761d889e recorded time 795ms
Over populated 56, expected 50.
Training ece6d535 with 1 binary file, target error: 0.000001, iterations: 1, sample rate: 100%, sparse: 100%
Training 784325dd with 1 binary file, target error: 0.000001, iterations: 1, sample rate: 100%, sparse: 100%
Over populated 52, expected 50.
Training 351fb8f8 with 1 binary file, target error: 0.000001, iterations: 1, sample rate: 100%, sparse: 100%
Fine tuning increased fitness by 4.602254866092892e-8 to 0.9989371299591601 adjusted 661 weights, 5 biases 
Over populated 52, expected 50.
Training 2b7525d4 with 1 binary file, target error: 0.000001, iterations: 1, sample rate: 100%, sparse: 100%
Fine tuning increased fitness by 1.6678281311577337e-8 to 0.9989371466374414 adjusted 661 weights, 5 biases 
Over populated 52, expected 50.
Training 3a67efba with 1 binary file, target error: 0.000001, iterations: 1, sample rate: 100%, sparse: 100%
Fine tuning increased fitness by 4.023342770054228e-10 to 0.9989371470397757 adjusted 661 weights, 5 biases 
Training 1d3969cf with 1 binary file, target error: 0.000001, iterations: 1, sample rate: 100%, sparse: 100%
Fine tuning increased fitness by 1.4472293186074126e-7 to 0.9989372917627075 adjusted 696 weights, 5 biases 
Over populated 52, expected 50.
Training 2dbd7230 with 1 binary file, target error: 0.000001, iterations: 1, sample rate: 100%, sparse: 100%
Fine tuning increased fitness by 1.2192312248693327e-7 to 0.99893741368583 adjusted 696 weights, 5 biases 
Discovered beneficial synapse from input-1176 to output-1 with weight 0.0201, helping 21.8% more records than it harms (868/1425)
Discovery 761d889e analyze time 10s 601ms found 1 candidates
Discovered harmful synapse from input-1118 to output-0, harming 15.2% more records than it helps (604/1425)
Discovery 761d889e analyze harmful time 89ms found 1 candidates
Discovery 761d889e analyze squashes time 184ms found 2 candidates, Summary: output-0 Softplus -> LogSigmoid improved: 33.5% error: 372.9571 -> 247.9508,output-2 LeakyReLU -> SELU improved: 38.2% error: 0.9206 -> 0.5686
Generation 70 score 0.99893741368583  error 0.0010524454021477753 avg time 1s 576ms
Training 388f91ee with 1 binary file, target error: 0.000001, iterations: 1, sample rate: 100%, sparse: 100%
Fine tuning increased fitness by 1.4277725501887772e-7 to 0.998937556463085 adjusted 696 weights, 5 biases 
Discovery 388f91ee with 1 binary files, sample rate: 100%, batch size: 512
Discovery 388f91ee initialize time 81ms
Discovery 388f91ee processing .trainData-fx_c_88/USDPLN/data.bin
Discovery 388f91ee read time 1ms for .trainData-fx_c_88/USDPLN/data.bin with 1425 records
Discovery 388f91ee scanning time 521ms
Discovery 388f91ee recorded time 775ms
Over populated 54, expected 50.
Training 88c5480e with 1 binary file, target error: 0.000001, iterations: 1, sample rate: 100%, sparse: 100%
Fine tuning increased fitness by 9.092879493799444e-8 to 0.99893764739188 adjusted 696 weights, 5 biases 
Over populated 52, expected 50.
Training 2c392e8b with 1 binary file, target error: 0.000001, iterations: 1, sample rate: 100%, sparse: 100%
Discovered beneficial synapse from input-1444 to output-0 with weight 1.0000, helping 17.9% more records than it harms (840/1425)
Discovery 388f91ee analyze time 2s 474ms found 1 candidates
Discovered harmful synapse from input-1118 to output-0, harming 15.4% more records than it helps (603/1425)
Discovery 388f91ee analyze harmful time 382ms found 1 candidates
Discovery 388f91ee analyze squashes time 100ms found 1 candidate, Summary: output-0 Softplus -> LogSigmoid improved: 33.5% error: 373.4452 -> 248.2899
Over populated 52, expected 50.
Training dfa848f0 with 1 binary file, target error: 0.000001, iterations: 1, sample rate: 100%, sparse: 100%
Fine tuning increased fitness by 1.789908576910193e-8 to 0.9989376985546337 adjusted 694 weights, 5 biases 
Discovery dfa848f0 with 1 binary files, sample rate: 100%, batch size: 512
Discovery dfa848f0 initialize time 86ms
Discovery dfa848f0 processing .trainData-fx_c_88/USDPLN/data.bin
Discovery dfa848f0 read time 3ms for .trainData-fx_c_88/USDPLN/data.bin with 1425 records
Discovery dfa848f0 scanning time 519ms
Discovery dfa848f0 recorded time 781ms
Over populated 56, expected 50.
Training 4d7145a6 with 1 binary file, target error: 0.000001, iterations: 1, sample rate: 100%, sparse: 100%
Over populated 52, expected 50.
Training e5ec88a1 with 1 binary file, target error: 0.000001, iterations: 1, sample rate: 100%, sparse: 100%
Training 6721575c with 1 binary file, target error: 0.000001, iterations: 1, sample rate: 100%, sparse: 100%
Fine tuning increased fitness by 5.112931866779746e-8 to 0.9989378231159657 adjusted 607 weights, 5 biases 
Discovered beneficial synapse from input-358 to output-2 with weight 1.0000, helping 21.3% more records than it harms (864/1425)
Discovery dfa848f0 analyze time 5s 322ms found 1 candidates
Training 9d65b278 with 1 binary file, target error: 0.000001, iterations: 1, sample rate: 100%, sparse: 100%
Fine tuning increased fitness by 1.909835622981859e-8 to 0.9989378422143219 adjusted 607 weights, 5 biases 
Discovered harmful synapse from input-1118 to output-0, harming 15.4% more records than it helps (603/1425)
Discovery dfa848f0 analyze harmful time 430ms found 1 candidates
Discovery dfa848f0 analyze squashes time 245ms found 3 candidates, Summary: output-0 Softplus -> LogSigmoid improved: 33.5% error: 373.3101 -> 248.1907,cc590223-9b44-4ad4-b0a3-9863b1f15ac4 HARD_TANH -> SINE improved: 32.9% error: 0.1040 -> 0.0697,output-2 LeakyReLU -> SELU improved: 38.3% error: 0.9207 -> 0.5684
Training 761fb811 with 1 binary file, target error: 0.000001, iterations: 1, sample rate: 100%, sparse: 100%
Discovery 761fb811 with 1 binary files, sample rate: 100%, batch size: 512
Discovery 761fb811 initialize time 78ms
Discovery 761fb811 processing .trainData-fx_c_88/USDPLN/data.bin
Discovery 761fb811 read time  for .trainData-fx_c_88/USDPLN/data.bin with 1425 records
Discovery 761fb811 scanning time 489ms
Discovery 761fb811 recorded time 801ms
Over populated 55, expected 50.
Training ff6d8ae1 with 1 binary file, target error: 0.000001, iterations: 1, sample rate: 100%, sparse: 100%
Fine tuning increased fitness by 1.1961662327308886e-8 to 0.9989378791742354 adjusted 591 weights, 5 biases 
Over populated 52, expected 50.
Generation 80 score 0.9989378791742354  error 0.0010519799137394146 avg time 1s 622ms
Training 908ba4f7 with 1 binary file, target error: 0.000001, iterations: 1, sample rate: 100%, sparse: 100%
Fine tuning increased fitness by 3.012511229361081e-8 to 0.9989379092993477 adjusted 591 weights, 5 biases 
Over populated 52, expected 50.
Training 641ae465 with 1 binary file, target error: 0.000001, iterations: 1, sample rate: 100%, sparse: 100%
Over populated 52, expected 50.
Training 021ebfa4 with 1 binary file, target error: 0.000001, iterations: 1, sample rate: 100%, sparse: 100%
Fine tuning increased fitness by 1.7380721650805953e-7 to 0.9989381642553994 adjusted 563 weights, 5 biases 
Discovered beneficial synapse from input-661 to cc590223-9b44-4ad4-b0a3-9863b1f15ac4 with weight 1.0000, helping 68.7% more records than it harms (1151/1425)
Discovery 761fb811 analyze time 5s 707ms found 1 candidates
Discovered harmful synapse from input-1118 to output-0, harming 15.4% more records than it helps (603/1425)
Discovery 761fb811 analyze harmful time 89ms found 1 candidates
Discovery 761fb811 analyze squashes time 240ms found 3 candidates, Summary: cc590223-9b44-4ad4-b0a3-9863b1f15ac4 HARD_TANH -> SINE improved: 32.8% error: 0.1043 -> 0.0701,output-0 Softplus -> LogSigmoid improved: 33.5% error: 373.9150 -> 248.6931,output-2 LeakyReLU -> SELU improved: 38.3% error: 0.9209 -> 0.5686
Over populated 52, expected 50.
Training f60f58fa with 1 binary file, target error: 0.000001, iterations: 1, sample rate: 100%, sparse: 100%
Fine tuning increased fitness by 1.1234841568175113e-7 to 0.9989382766038151 adjusted 563 weights, 5 biases 
Discovery f60f58fa with 1 binary files, sample rate: 100%, batch size: 512
Discovery f60f58fa initialize time 86ms
Discovery f60f58fa processing .trainData-fx_c_88/USDPLN/data.bin
Discovery f60f58fa read time 2ms for .trainData-fx_c_88/USDPLN/data.bin with 1425 records
Discovery f60f58fa scanning time 537ms
Discovery f60f58fa recorded time 796ms
Over populated 56, expected 50.
Training a750e1f4 with 1 binary file, target error: 0.000001, iterations: 1, sample rate: 100%, sparse: 100%
Fine tuning increased fitness by 7.220419584452742e-8 to 0.9989383488080109 adjusted 563 weights, 5 biases 
Training b2b81e14 with 1 binary file, target error: 0.000001, iterations: 1, sample rate: 100%, sparse: 100%
Over populated 52, expected 50.
Training 9eeb6b7b with 1 binary file, target error: 0.000001, iterations: 1, sample rate: 100%, sparse: 100%
Fine tuning increased fitness by 3.4564722062313535e-7 to 0.9989387321283619 adjusted 622 weights, 5 biases 
Training 7a950c16 with 1 binary file, target error: 0.000001, iterations: 1, sample rate: 100%, sparse: 100%
Fine tuning increased fitness by 1.6272287706176058e-7 to 0.998938894851239 adjusted 622 weights, 5 biases 
Discovered beneficial synapse from input-358 to output-2 with weight 1.0000, helping 21.4% more records than it harms (865/1425)
Discovery f60f58fa analyze time 5s 721ms found 1 candidates
Discovered harmful synapse from input-1252 to cc590223-9b44-4ad4-b0a3-9863b1f15ac4, harming 66.6% more records than it helps (186/1425)
Discovery f60f58fa analyze harmful time 510ms found 1 candidates
Discovery f60f58fa analyze squashes time 257ms found 3 candidates, Summary: cc590223-9b44-4ad4-b0a3-9863b1f15ac4 HARD_TANH -> SINE improved: 32.9% error: 0.1045 -> 0.0701,output-2 LeakyReLU -> SELU improved: 38.4% error: 0.9210 -> 0.5678,output-0 Softplus -> LogSigmoid improved: 33.5% error: 373.8954 -> 248.6777
Over populated 52, expected 50.
Training 71fd6219 with 1 binary file, target error: 0.000001, iterations: 1, sample rate: 100%, sparse: 100%
Over populated 54, expected 50.
Training 2aa0322f with 1 binary file, target error: 0.000001, iterations: 1, sample rate: 100%, sparse: 100%
Training 7a950c16 increased fitness by 9.578434712054218e-10 to 0.9989388958090825
Discovery 2aa0322f with 1 binary files, sample rate: 100%, batch size: 512
Discovery 2aa0322f initialize time 79ms
Discovery 2aa0322f processing .trainData-fx_c_88/USDPLN/data.bin
Discovery 2aa0322f read time 1ms for .trainData-fx_c_88/USDPLN/data.bin with 1425 records
Discovery 2aa0322f scanning time 548ms
Discovery 2aa0322f recorded time 804ms
Generation 90 score 0.9989388958090825  error 0.001050963278892154 avg time 1s 615ms
Training 1a7c06a1 with 1 binary file, target error: 0.000001, iterations: 1, sample rate: 100%, sparse: 100%
Fine tuning increased fitness by 2.1140651451645454e-9 to 0.9989388979231476 adjusted 240 weights, 4 biases 
Over populated 52, expected 50.
Training d044074b with 1 binary file, target error: 0.000001, iterations: 1, sample rate: 100%, sparse: 100%
Training 5f8469d3 with 1 binary file, target error: 0.000001, iterations: 1, sample rate: 100%, sparse: 100%
Training 24262e17 with 1 binary file, target error: 0.000001, iterations: 1, sample rate: 100%, sparse: 100%
Discovered beneficial synapse from input-661 to cc590223-9b44-4ad4-b0a3-9863b1f15ac4 with weight 1.0000, helping 68.4% more records than it harms (1146/1425)
Discovery 2aa0322f analyze time 6s 122ms found 1 candidates
Training 38592176 with 1 binary file, target error: 0.000001, iterations: 1, sample rate: 100%, sparse: 100%
Fine tuning increased fitness by 1.348306100101837e-8 to 0.9989389420561278 adjusted 344 weights, 7 biases 
Discovered harmful synapse from input-1252 to cc590223-9b44-4ad4-b0a3-9863b1f15ac4, harming 66.6% more records than it helps (185/1425)
Discovery 2aa0322f analyze harmful time 537ms found 1 candidates
Discovery 2aa0322f analyze squashes time 170ms found 2 candidates, Summary: output-0 Softplus -> LogSigmoid improved: 33.5% error: 374.4195 -> 249.1637,cc590223-9b44-4ad4-b0a3-9863b1f15ac4 HARD_TANH -> SINE improved: 33.0% error: 0.1028 -> 0.0689
Training 9f9681b2 with 1 binary file, target error: 0.000001, iterations: 1, sample rate: 100%, sparse: 100%
Discovery 9f9681b2 with 1 binary files, sample rate: 100%, batch size: 512
Discovery 9f9681b2 initialize time 88ms
Discovery 9f9681b2 processing .trainData-fx_c_88/USDPLN/data.bin
Discovery 9f9681b2 read time 2ms for .trainData-fx_c_88/USDPLN/data.bin with 1425 records
Discovery 9f9681b2 scanning time 572ms
Discovery 9f9681b2 recorded time 849ms
Over populated 56, expected 50.
Training a2cfd408 with 1 binary file, target error: 0.000001, iterations: 1, sample rate: 100%, sparse: 100%
Fine tuning increased fitness by 2.6871123326444035e-8 to 0.9989390026572541 adjusted 364 weights, 8 biases 
Fine tuning increased fitness by 1.3253013797509539e-8 to 0.9989390159102679 adjusted 355 weights, 8 biases 
Discovered beneficial synapse from input-1444 to output-0 with weight 1.0000, helping 18.0% more records than it harms (841/1425)
Discovery 9f9681b2 analyze time 2s 666ms found 1 candidates
Discovered harmful synapse from input-1118 to output-0, harming 15.5% more records than it helps (602/1425)
Discovery 9f9681b2 analyze harmful time 109ms found 1 candidates
Discovery 9f9681b2 analyze squashes time 102ms found 1 candidate, Summary: output-0 Softplus -> LogSigmoid improved: 33.5% error: 373.8652 -> 248.6655
Fine tuning increased fitness by 2.250138197990026e-8 to 0.9989390384116499 adjusted 355 weights, 8 biases 
Over populated 53, expected 50.
Generation 100 score 0.9989390651611377  error 0.0010507939268403377 avg time 1s 538ms
Fine tuning increased fitness by 1.5818411802648313e-8 to 0.9989390809795495 adjusted 331 weights, 8 biases 
Fine tuning increased fitness by 1.0082403578692833e-8 to 0.9989390910619531 adjusted 331 weights, 8 biases 
Fine tuning increased fitness by 3.191599906582354e-8 to 0.9989391405789854 adjusted 336 weights, 8 biases 
Fine tuning increased fitness by 2.696351786291018e-8 to 0.9989391675425032 adjusted 336 weights, 8 biases 
Fine tuning increased fitness by 1.746201860886032e-8 to 0.9989392096076924 adjusted 334 weights, 8 biases 
Fine tuning increased fitness by 9.793874489183452e-9 to 0.9989392194015669 adjusted 334 weights, 8 biases 
Fine tuning increased fitness by 2.9421764913273307e-8 to 0.9989392675270654 adjusted 462 weights, 8 biases 
Generation 110 score 0.9989392675270654  error 0.0010505915609172432 avg time 1s 559ms
Fine tuning increased fitness by 4.6625968974645104e-8 to 0.9989393141530344 adjusted 462 weights, 8 biases 
Fine tuning increased fitness by 3.139269266760891e-8 to 0.998939345545727 adjusted 462 weights, 8 biases 
Fine tuning increased fitness by 7.690871384191666e-9 to 0.9989393532365984 adjusted 462 weights, 8 biases 
Fine tuning increased fitness by 1.4161860018013783e-8 to 0.9989393673984585 adjusted 462 weights, 8 biases 
Fine tuning increased fitness by 2.219172579032147e-8 to 0.9989393895901842 adjusted 462 weights, 8 biases 
Fine tuning increased fitness by 1.4023812444641237e-8 to 0.9989394036139967 adjusted 462 weights, 8 biases 
Generation 117 score 0.9989394403136751  error 0.0010504187743076794 avg time 1s 84ms
{
  error: 0.0010504187743076794,
  score: 0.9989394403136751,
  generation: 117,
  time: 181359
}

=== Processing USDCLP (9/10) ===
8 mutations, mutation rate 49.7%, elitism 8, mutation ALL, selection TOURNAMENT
Creature count: 50
Culling duplicate creature at 48 of 51
DeDuplication of 1 creatures to 50 in  (previous experiment )
Training 47d7d268 with 1 binary file, target error: 0.000001, iterations: 1, sample rate: 100%, sparse: 100%
Discovery 47d7d268 with 1 binary files, sample rate: 100%, batch size: 512
Discovery 47d7d268 initialize time 87ms
Discovery 47d7d268 processing .trainData-fx_c_88/USDCLP/data.bin
Discovery 47d7d268 read time 7ms for .trainData-fx_c_88/USDCLP/data.bin with 3359 records
Discovery 47d7d268 scanning time 1s 151ms
Training d2662ec5 with 1 binary file, target error: 0.000001, iterations: 1, sample rate: 100%, sparse: 100%
Discovery 47d7d268 recorded time 1s 850ms
Over populated 52, expected 50.
Training 36df84ff with 1 binary file, target error: 0.000001, iterations: 1, sample rate: 100%, sparse: 100%
Constant neuron 7266b331-6f4a-4e73-8ae3-aa3b19636f2d convert hidden to constant
Adjust neuron 7266b331-6f4a-4e73-8ae3-aa3b19636f2d bias -0.5407303 to -0.49354057760116066
Over populated 52, expected 50.
Training 09d74473 with 1 binary file, target error: 0.000001, iterations: 1, sample rate: 100%, sparse: 100%
Training 45756a59 with 1 binary file, target error: 0.000001, iterations: 1, sample rate: 100%, sparse: 100%
Over populated 52, expected 50.
Training de090497 with 1 binary file, target error: 0.000001, iterations: 1, sample rate: 100%, sparse: 100%
Fine tuning increased fitness by 1.986645159490763e-8 to 0.9980746051195012 adjusted 1 weight 
Training 1bfa612a with 1 binary file, target error: 0.000001, iterations: 1, sample rate: 100%, sparse: 100%
Fine tuning increased fitness by 3.5369292050724255e-8 to 0.9980746404887932 adjusted 1 weight 
Fine tuning increased fitness by 3.106291590615484e-8 to 0.9980746715517091 adjusted 1 weight 
Generation 10 score 0.9980746715517091  error 0.0019134275995394102 avg time 1s 907ms
Training 962ffc48 with 1 binary file, target error: 0.000001, iterations: 1, sample rate: 100%, sparse: 100%
Fine tuning increased fitness by 1.0624114243906746e-7 to 0.9980747777928516 adjusted 1 weight 
Fine tuning increased fitness by 1.9837270237577087e-7 to 0.998074976165554 adjusted 1 weight 
Training da11433f with 1 binary file, target error: 0.000001, iterations: 1, sample rate: 100%, sparse: 100%
Fine tuning increased fitness by 9.362662811707168e-8 to 0.9980750697921821 adjusted 1 weight 
Discovered beneficial synapse from input-1304 to output-0 with weight 1.0000, helping 45.9% more records than it harms (2450/3359)
Discovery 47d7d268 analyze time 21s 197ms found 1 candidates
Training 1b499746 with 1 binary file, target error: 0.000001, iterations: 1, sample rate: 100%, sparse: 100%
Discovered harmful synapse from input-455 to output-0, harming 44.7% more records than it helps (929/3359)
Discovery 47d7d268 analyze harmful time 411ms found 1 candidates
Discovery 47d7d268 analyze squashes time 551ms found 1 candidate, Summary: output-0 LOGISTIC -> IDENTITY improved: 54.6% error: 108.3269 -> 49.2068
Training 4a6194ee with 1 binary file, target error: 0.000001, iterations: 1, sample rate: 100%, sparse: 100%
Fine tuning increased fitness by 9.356613261957136e-10 to 0.9980750707278434 adjusted 1 weight 
Discovery 4a6194ee with 1 binary files, sample rate: 100%, batch size: 512
Discovery 4a6194ee initialize time 82ms
Discovery 4a6194ee processing .trainData-fx_c_88/USDCLP/data.bin
Discovery 4a6194ee read time 3ms for .trainData-fx_c_88/USDCLP/data.bin with 3359 records
Discovery 4a6194ee scanning time 1s 179ms
Fine tuning increased fitness by 1.1291595436446755e-9 to 0.998075071857003 adjusted 1 weight 
Discovery 4a6194ee recorded time 1s 740ms
Training f5d71528 with 1 binary file, target error: 0.000001, iterations: 1, sample rate: 100%, sparse: 100%
Fine tuning increased fitness by 1.7739871793764905e-9 to 0.9980750736309901 adjusted 1 weight 
Fine tuning increased fitness by 2.5199873299186493e-9 to 0.9980750761509775 adjusted 1 weight 
Generation 20 score 0.9980750761509775  error 0.0019130230002705798 avg time 1s 150ms
Training 5f1b9ee7 with 1 binary file, target error: 0.000001, iterations: 1, sample rate: 100%, sparse: 100%
Fine tuning increased fitness by 5.63464608305253e-10 to 0.9980750767144421 adjusted 1 weight 
Training 25b98dff with 1 binary file, target error: 0.000001, iterations: 1, sample rate: 100%, sparse: 100%
Training 809e2938 with 1 binary file, target error: 0.000001, iterations: 1, sample rate: 100%, sparse: 100%
Discovered beneficial synapse from input-1256 to 7e5cf693-2ccd-45bc-a974-777531749d55 with weight -1.0000, helping 34.1% more records than it harms (2252/3359)
Discovery 4a6194ee analyze time 8s 60ms found 1 candidates
Discovered harmful synapse from input-455 to output-0, harming 44.6% more records than it helps (931/3359)
Discovery 4a6194ee analyze harmful time 394ms found 1 candidates
Discovery 4a6194ee analyze squashes time 351ms found 0 candidates
Training 9e22c939 with 1 binary file, target error: 0.000001, iterations: 1, sample rate: 100%, sparse: 100%
Training d3e360ff with 1 binary file, target error: 0.000001, iterations: 1, sample rate: 100%, sparse: 100%
Discovery d3e360ff with 1 binary files, sample rate: 100%, batch size: 512
Fine tuning increased fitness by 2.5346391652192324e-13 to 0.9980750767146955 adjusted 1 weight 
Discovery d3e360ff initialize time 86ms
Discovery d3e360ff processing .trainData-fx_c_88/USDCLP/data.bin
Discovery d3e360ff read time 6ms for .trainData-fx_c_88/USDCLP/data.bin with 3359 records
Discovery d3e360ff scanning time 1s 344ms
Fine tuning increased fitness by 1.171318375625674e-9 to 0.9980750778860139 adjusted 187 weights, 8 biases 
Discovery d3e360ff recorded time 1s 928ms
Remove neuron 7e5cf693-2ccd-45bc-a974-777531749d55 as no longer connected
Generation 30 score 0.9980750778860139  error 0.0019130212652343017 avg time 1s 305ms
Training 1c60bc87 with 1 binary file, target error: 0.000001, iterations: 1, sample rate: 100%, sparse: 100%
Fine tuning increased fitness by 5.919187362479761e-10 to 0.9980750784779326 adjusted 188 weights, 8 biases 
Over populated 52, expected 50.
Fine tuning increased fitness by 6.055684842465325e-10 to 0.9980750790835011 adjusted 188 weights, 8 biases 
Remove neuron 68fb7933-b5e3-4a59-bc6d-5b93ef71f09f as no longer connected
Remove neuron bd73f566-afda-4d9e-866c-289db3a675f0 as no longer connected
Training 38f7a989 with 1 binary file, target error: 0.000001, iterations: 1, sample rate: 100%, sparse: 100%
Fine tuning increased fitness by 1.0425663665714069e-9 to 0.9980750801260675 adjusted 188 weights, 8 biases 
Over populated 52, expected 50.
Training 661145ea with 1 binary file, target error: 0.000001, iterations: 1, sample rate: 100%, sparse: 100%
Fine tuning increased fitness by 1.297517537857118e-9 to 0.998075081423585 adjusted 188 weights, 8 biases 
Training 295e435c with 1 binary file, target error: 0.000001, iterations: 1, sample rate: 100%, sparse: 100%
Fine tuning increased fitness by 1.6221706200525432e-9 to 0.9980750830457557 adjusted 188 weights, 8 biases 
Remove neuron 68fb7933-b5e3-4a59-bc6d-5b93ef71f09f as no longer connected
Remove neuron b139cdb2-10e9-4bac-bfd6-a1e0dc83c8a4 as no longer connected
Over populated 52, expected 50.
Training 204a4b56 with 1 binary file, target error: 0.000001, iterations: 1, sample rate: 100%, sparse: 100%
Fine tuning increased fitness by 1.2112288616528133e-8 to 0.9980750951580443 adjusted 318 weights, 13 biases 
Over populated 52, expected 50.
Training 311d2eef with 1 binary file, target error: 0.000001, iterations: 1, sample rate: 100%, sparse: 100%
Fine tuning increased fitness by 8.226825554125128e-9 to 0.9980751033848698 adjusted 307 weights, 12 biases 
Discovered beneficial synapse from input-1256 to 7e5cf693-2ccd-45bc-a974-777531749d55 with weight -1.0000, helping 34.1% more records than it harms (2252/3359)
Discovery d3e360ff analyze time 15s 595ms found 1 candidates
Discovered harmful synapse from 7266b331-6f4a-4e73-8ae3-aa3b19636f2d to 7e5cf693-2ccd-45bc-a974-777531749d55, harming 28.9% more records than it helps (1194/3359)
Discovery d3e360ff analyze harmful time 250ms found 1 candidates
Over populated 52, expected 50.
Discovery d3e360ff analyze squashes time 591ms found 1 candidate, Summary: output-0 LOGISTIC -> IDENTITY improved: 54.5% error: 108.3874 -> 49.3042
Training 80c3eb66 with 1 binary file, target error: 0.000001, iterations: 1, sample rate: 100%, sparse: 100%
Discovery 80c3eb66 with 1 binary files, sample rate: 100%, batch size: 512
Discovery 80c3eb66 initialize time 86ms
Discovery 80c3eb66 processing .trainData-fx_c_88/USDCLP/data.bin
Discovery 80c3eb66 read time 3ms for .trainData-fx_c_88/USDCLP/data.bin with 3359 records
Discovery 80c3eb66 scanning time 1s 246ms
Over populated 56, expected 50.
Training d873a569 with 1 binary file, target error: 0.000001, iterations: 1, sample rate: 100%, sparse: 100%
Fine tuning increased fitness by 8.74276340212532e-9 to 0.998075123285136 adjusted 271 weights, 10 biases 
Discovery 80c3eb66 recorded time 2s 257ms
Training 62ac6f33 with 1 binary file, target error: 0.000001, iterations: 1, sample rate: 100%, sparse: 100%
Fine tuning increased fitness by 1.6322582840899713e-8 to 0.9980751396077189 adjusted 271 weights, 10 biases 
Over populated 52, expected 50.
Generation 40 score 0.9980751396077189  error 0.0019129595435294577 avg time 2s 160ms
Fine tuning increased fitness by 1.759620438246401e-8 to 0.9980751572039233 adjusted 271 weights, 10 biases 
Training bc690695 with 1 binary file, target error: 0.000001, iterations: 1, sample rate: 100%, sparse: 100%
Over populated 52, expected 50.
Training f899e3f2 with 1 binary file, target error: 0.000001, iterations: 1, sample rate: 100%, sparse: 100%
Fine tuning increased fitness by 1.661615900427904e-8 to 0.998075205765481 adjusted 443 weights, 11 biases 
Over populated 52, expected 50.
Training d506e953 with 1 binary file, target error: 0.000001, iterations: 1, sample rate: 100%, sparse: 100%
Fine tuning increased fitness by 2.3348782018928205e-8 to 0.998075229114263 adjusted 440 weights, 11 biases 
Discovered beneficial synapse from input-1304 to output-0 with weight 1.0000, helping 45.8% more records than it harms (2448/3359)
Discovery 80c3eb66 analyze time 14s 695ms found 1 candidates
Training 3119e50d with 1 binary file, target error: 0.000001, iterations: 1, sample rate: 100%, sparse: 100%
Fine tuning increased fitness by 1.0295699848228423e-9 to 0.9980752533176421 adjusted 445 weights, 11 biases 
Discovered harmful synapse from input-455 to output-0, harming 44.6% more records than it helps (931/3359)
Discovery 80c3eb66 analyze harmful time 381ms found 1 candidates
Discovery 80c3eb66 analyze squashes time 355ms found 0 candidates
Over populated 52, expected 50.
Fine tuning increased fitness by 1.255404624700418e-8 to 0.9980752658716884 adjusted 445 weights, 11 biases 
Discovery f319b892 with 1 binary files, sample rate: 100%, batch size: 512
Discovery f319b892 initialize time 87ms
Discovery f319b892 processing .trainData-fx_c_88/USDCLP/data.bin
Discovery f319b892 read time 2ms for .trainData-fx_c_88/USDCLP/data.bin with 3359 records
Discovery f319b892 scanning time 1s 195ms
Discovery f319b892 recorded time 1s 914ms
Training b3209131 with 1 binary file, target error: 0.000001, iterations: 1, sample rate: 100%, sparse: 100%
Fine tuning increased fitness by 1.4060331676724047e-8 to 0.99807527993202 adjusted 445 weights, 11 biases 
Over populated 52, expected 50.
Fine tuning increased fitness by 1.3238868556975092e-8 to 0.9980752931708886 adjusted 445 weights, 11 biases 
Training c3f0ef79 with 1 binary file, target error: 0.000001, iterations: 1, sample rate: 100%, sparse: 100%
Fine tuning increased fitness by 4.27794502044776e-8 to 0.9980753359503388 adjusted 445 weights, 11 biases 
Over populated 52, expected 50.
Generation 50 score 0.9980753359503388  error 0.0019127632009077924 avg time 2s 141ms
Training b5fe0e35 with 1 binary file, target error: 0.000001, iterations: 1, sample rate: 100%, sparse: 100%
Fine tuning increased fitness by 1.7693541964902693e-8 to 0.9980753536438808 adjusted 445 weights, 11 biases 
Training 3991b88a with 1 binary file, target error: 0.000001, iterations: 1, sample rate: 100%, sparse: 100%
Fine tuning increased fitness by 1.3602412862745439e-8 to 0.9980753672462936 adjusted 445 weights, 11 biases 
Training 6dd71981 with 1 binary file, target error: 0.000001, iterations: 1, sample rate: 100%, sparse: 100%
Fine tuning increased fitness by 2.3942666960152792e-8 to 0.9980754435424862 adjusted 448 weights, 12 biases 
Over populated 52, expected 50.
Discovered beneficial synapse from input-1304 to output-0 with weight 1.0000, helping 45.6% more records than it harms (2445/3359)
Discovery f319b892 analyze time 14s 700ms found 1 candidates
Training 7ed9a1e4 with 1 binary file, target error: 0.000001, iterations: 1, sample rate: 100%, sparse: 100%
Fine tuning increased fitness by 5.959673166078261e-8 to 0.9980755031392179 adjusted 448 weights, 12 biases 
Discovered harmful synapse from input-455 to output-0, harming 44.4% more records than it helps (934/3359)
Discovery f319b892 analyze harmful time 413ms found 1 candidates
Discovery f319b892 analyze squashes time 513ms found 1 candidate, Summary: output-0 LOGISTIC -> IDENTITY improved: 54.3% error: 107.8728 -> 49.3401
Over populated 52, expected 50.
Training 4b687a9d with 1 binary file, target error: 0.000001, iterations: 1, sample rate: 100%, sparse: 100%
Fine tuning increased fitness by 5.512814615915573e-8 to 0.998075558267364 adjusted 448 weights, 12 biases 
Discovery 4b687a9d with 1 binary files, sample rate: 100%, batch size: 512
Discovery 4b687a9d initialize time 86ms
Discovery 4b687a9d processing .trainData-fx_c_88/USDCLP/data.bin
Discovery 4b687a9d read time 4ms for .trainData-fx_c_88/USDCLP/data.bin with 3359 records
Discovery 4b687a9d scanning time 1s 107ms
Constant neuron 289475c3-a77e-456a-8991-2671c3c23907 convert hidden to constant
Adjust neuron 289475c3-a77e-456a-8991-2671c3c23907 bias -0.07260125367473313 to 0
Over populated 56, expected 50.
Training e265e86c with 1 binary file, target error: 0.000001, iterations: 1, sample rate: 100%, sparse: 100%
Discovery 4b687a9d recorded time 2s 19ms
Over populated 52, expected 50.
Training a4738755 with 1 binary file, target error: 0.000001, iterations: 1, sample rate: 100%, sparse: 100%
Fine tuning increased fitness by 5.311041939570771e-8 to 0.9980756577556279 adjusted 470 weights, 13 biases 
Over populated 52, expected 50.
Training d63f75ad with 1 binary file, target error: 0.000001, iterations: 1, sample rate: 100%, sparse: 100%
Over populated 52, expected 50.
Generation 60 score 0.9980758075831646  error 0.0019122915680564571 avg time 2s 103ms
Training 322d14c3 with 1 binary file, target error: 0.000001, iterations: 1, sample rate: 100%, sparse: 100%
Over populated 52, expected 50.
Training ed950c1c with 1 binary file, target error: 0.000001, iterations: 1, sample rate: 100%, sparse: 100%
Fine tuning increased fitness by 6.608367963956141e-9 to 0.9980758156354687 adjusted 274 weights, 11 biases 
Over populated 52, expected 50.
Training e22083a1 with 1 binary file, target error: 0.000001, iterations: 1, sample rate: 100%, sparse: 100%
Over populated 52, expected 50.
Discovered beneficial synapse from input-1304 to output-0 with weight 1.0000, helping 45.3% more records than it harms (2441/3359)
Discovery 4b687a9d analyze time 14s 722ms found 1 candidates
Discovered harmful synapse from 7266b331-6f4a-4e73-8ae3-aa3b19636f2d to 7e5cf693-2ccd-45bc-a974-777531749d55, harming 29.0% more records than it helps (1192/3359)
Discovery 4b687a9d analyze harmful time 271ms found 1 candidates
Training 17d4237f with 1 binary file, target error: 0.000001, iterations: 1, sample rate: 100%, sparse: 100%
Fine tuning increased fitness by 1.0309160192178979e-8 to 0.9980759502885205 adjusted 475 weights, 13 biases 
Discovery 4b687a9d analyze squashes time 511ms found 1 candidate, Summary: output-0 LOGISTIC -> IDENTITY improved: 54.1% error: 107.2158 -> 49.1854
Over populated 52, expected 50.
Training 520996ce with 1 binary file, target error: 0.000001, iterations: 1, sample rate: 100%, sparse: 100%
Over populated 54, expected 50.
Training 7dd8e07f with 1 binary file, target error: 0.000001, iterations: 1, sample rate: 100%, sparse: 100%
Fine tuning increased fitness by 9.480419493890224e-8 to 0.9980760450927154 adjusted 307 weights, 8 biases 
Discovery 7dd8e07f with 1 binary files, sample rate: 100%, batch size: 512
Discovery 7dd8e07f initialize time 81ms
Discovery 7dd8e07f processing .trainData-fx_c_88/USDCLP/data.bin
Discovery 7dd8e07f read time 6ms for .trainData-fx_c_88/USDCLP/data.bin with 3359 records
Discovery 7dd8e07f scanning time 1s 257ms
Over populated 52, expected 50.
Training 8ee46b5f with 1 binary file, target error: 0.000001, iterations: 1, sample rate: 100%, sparse: 100%
Discovery 7dd8e07f recorded time 2s 38ms
Over populated 52, expected 50.
Fine tuning increased fitness by 5.342715125866704e-8 to 0.9980761980747141 adjusted 307 weights, 8 biases 
Training a0b5ac01 with 1 binary file, target error: 0.000001, iterations: 1, sample rate: 100%, sparse: 100%
Over populated 52, expected 50.
Generation 70 score 0.9980765134432315  error 0.0019115857078772823 avg time 2s 195ms
Training fb11aa97 with 1 binary file, target error: 0.000001, iterations: 1, sample rate: 100%, sparse: 100%
Discovered beneficial synapse from input-1256 to 7e5cf693-2ccd-45bc-a974-777531749d55 with weight -1.0000, helping 33.9% more records than it harms (2249/3359)
Discovery 7dd8e07f analyze time 8s 437ms found 1 candidates
Discovered harmful synapse from input-455 to output-0, harming 44.6% more records than it helps (930/3359)
Discovery 7dd8e07f analyze harmful time 380ms found 1 candidates
Discovery 7dd8e07f analyze squashes time 580ms found 1 candidate, Summary: output-0 LOGISTIC -> IDENTITY improved: 54.5% error: 108.4111 -> 49.3506
Over populated 52, expected 50.
Over populated 53, expected 50.
Training b084546b with 1 binary file, target error: 0.000001, iterations: 1, sample rate: 100%, sparse: 100%
Over populated 52, expected 50.
Training 24d863b5 with 1 binary file, target error: 0.000001, iterations: 1, sample rate: 100%, sparse: 100%
Over populated 52, expected 50.
Training e4612c1f with 1 binary file, target error: 0.000001, iterations: 1, sample rate: 100%, sparse: 100%
Fine tuning increased fitness by 1.5060858116200393e-9 to 0.9980765205173868 adjusted 57 weights, 3 biases 
Discovery e4612c1f with 1 binary files, sample rate: 100%, batch size: 512
Discovery e4612c1f initialize time 85ms
Discovery e4612c1f processing .trainData-fx_c_88/USDCLP/data.bin
Discovery e4612c1f read time 6ms for .trainData-fx_c_88/USDCLP/data.bin with 3359 records
Discovery e4612c1f scanning time 1s 92ms
Discovery e4612c1f recorded time 1s 945ms
Fine tuning increased fitness by 2.0128534394814324e-9 to 0.9980765225302403 adjusted 57 weights, 3 biases 
Remove neuron a9cc768f-05a9-4320-a67c-85dbc7db6f65 as no longer connected
Training 5ddfa45d with 1 binary file, target error: 0.000001, iterations: 1, sample rate: 100%, sparse: 100%
Fine tuning increased fitness by 5.452971407748919e-11 to 0.99807652258477 adjusted 57 weights, 3 biases 
Fine tuning increased fitness by 6.562564935919113e-10 to 0.9980765232410265 adjusted 57 weights, 3 biases 
Training d6c66d12 with 1 binary file, target error: 0.000001, iterations: 1, sample rate: 100%, sparse: 100%
Fine tuning increased fitness by 2.752803540673199e-10 to 0.9980765235163068 adjusted 57 weights, 3 biases 
Generation 80 score 0.9980765235163068  error 0.0019115756347950557 avg time 2s 146ms
Fine tuning increased fitness by 2.6196700364522485e-10 to 0.9980765237782738 adjusted 57 weights, 3 biases 
Over populated 52, expected 50.
Fine tuning increased fitness by 3.168539874920384e-10 to 0.9980765240951278 adjusted 57 weights, 3 biases 
Fine tuning increased fitness by 4.1600889399973084e-10 to 0.9980765245111367 adjusted 57 weights, 3 biases 
Fine tuning increased fitness by 8.787638372531603e-8 to 0.9980766560807199 adjusted 157 weights, 5 biases 
Discovered beneficial synapse from input-1304 to output-0 with weight 1.0000, helping 45.5% more records than it harms (2443/3359)
Discovery e4612c1f analyze time 22s 657ms found 1 candidates
Remove neuron 7e5cf693-2ccd-45bc-a974-777531749d55 as no longer connected
Discovered harmful synapse from 7266b331-6f4a-4e73-8ae3-aa3b19636f2d to 7e5cf693-2ccd-45bc-a974-777531749d55, harming 27.8% more records than it helps (1213/3359)
Discovery e4612c1f analyze harmful time 253ms found 1 candidates
Discovery e4612c1f analyze squashes time 382ms found 0 candidates
Remove neuron b139cdb2-10e9-4bac-bfd6-a1e0dc83c8a4 as no longer connected
Generation 90 score 0.9980766560807199  error 0.0019114430703798253 avg time 2s 98ms
Generation 94 score 0.9980766560807199  error 0.0019114430703798253 avg time 859ms
{
  error: 0.0019114430703798253,
  score: 0.9980766560807199,
  generation: 94,
  time: 180788
}

=== Processing USDKRW (10/10) ===
1 mutation, mutation rate 32.3%, elitism 3, mutation ALL, selection POWER
Creature count: 50
Culling duplicate creature at 43 of 51
DeDuplication of 1 creatures to 50 in  (previous experiment )
Training ef22b640 with 1 binary file, target error: 0.000001, iterations: 1, sample rate: 100%, sparse: 100%
Discovery ef22b640 with 1 binary files, sample rate: 100%, batch size: 512
Discovery ef22b640 initialize time 86ms
Discovery ef22b640 processing .trainData-fx_c_88/USDKRW/data.bin
Discovery ef22b640 read time 3ms for .trainData-fx_c_88/USDKRW/data.bin with 3359 records
Discovery ef22b640 scanning time 1s 49ms
Training 5b24f641 with 1 binary file, target error: 0.000001, iterations: 1, sample rate: 100%, sparse: 100%
Fine tuning increased fitness by 0.000010326255155401753 to 0.9781262691464235 adjusted 207 weights, 2 biases 
Discovery ef22b640 recorded time 1s 818ms
Training ffdb39bf with 1 binary file, target error: 0.000001, iterations: 1, sample rate: 100%, sparse: 100%
Training 127454cd with 1 binary file, target error: 0.000001, iterations: 1, sample rate: 100%, sparse: 100%
Fine tuning increased fitness by 0.000004358835208551071 to 0.9782120681219231 adjusted 203 weights, 2 biases 
Training e51d0416 with 1 binary file, target error: 0.000001, iterations: 1, sample rate: 100%, sparse: 100%
Fine tuning increased fitness by 0.000008455068325696757 to 0.9782205231902488 adjusted 198 weights, 2 biases 
Training 039b417f with 1 binary file, target error: 0.000001, iterations: 1, sample rate: 100%, sparse: 100%
Training 35f80ce6 with 1 binary file, target error: 0.000001, iterations: 1, sample rate: 100%, sparse: 100%
Fine tuning increased fitness by 2.5472889964017753e-7 to 0.9782263070427362 adjusted 198 weights, 2 biases 
Training 588ff516 with 1 binary file, target error: 0.000001, iterations: 1, sample rate: 100%, sparse: 100%
Fine tuning increased fitness by 1.1223115969904995e-7 to 0.9782264192738959 adjusted 198 weights, 2 biases 
Discovered beneficial synapse from input-1510 to output-0 with weight 1.0000, helping 31.4% more records than it harms (1135/3359)
Discovery ef22b640 analyze time 11s 419ms found 1 candidates
Discovered harmful synapse from 6e59fdb1-a7dd-4ae2-92f8-48b3d2c1010a to output-0, harming 29.1% more records than it helps (195/3359)
Discovery ef22b640 analyze harmful time 1s 145ms found 1 candidates
Training 9e10f389 with 1 binary file, target error: 0.000001, iterations: 1, sample rate: 100%, sparse: 100%
Discovery ef22b640 analyze squashes time 272ms found 0 candidates
Fine tuning increased fitness by 1.5505284833849942e-9 to 0.9782291148411315 adjusted 1 weight 
Discovery 37aca0aa with 1 binary files, sample rate: 100%, batch size: 512
Discovery 37aca0aa initialize time 87ms
Discovery 37aca0aa processing .trainData-fx_c_88/USDKRW/data.bin
Generation 10 score 0.9782291148411315  error 0.021758784176405636 avg time 1s 770ms
Discovery 37aca0aa read time 5ms for .trainData-fx_c_88/USDKRW/data.bin with 3359 records
Discovery 37aca0aa scanning time 989ms
Training 0d2e68ba with 1 binary file, target error: 0.000001, iterations: 1, sample rate: 100%, sparse: 100%
Fine tuning increased fitness by 1.8609159768701033e-9 to 0.9782291167020475 adjusted 1 weight 
Discovery 37aca0aa recorded time 1s 694ms
Training 9e10f389 increased fitness by 4.0787913835327316e-7 to 0.9782295245811858
Training 8a34bd06 with 1 binary file, target error: 0.000001, iterations: 1, sample rate: 100%, sparse: 100%
Over populated 52, expected 50.
Training f8212850 with 1 binary file, target error: 0.000001, iterations: 1, sample rate: 100%, sparse: 100%
Over populated 52, expected 50.
Training e6dbba00 with 1 binary file, target error: 0.000001, iterations: 1, sample rate: 100%, sparse: 100%
Training 53480999 with 1 binary file, target error: 0.000001, iterations: 1, sample rate: 100%, sparse: 100%
Fine tuning increased fitness by 0.0000020132837095232503 to 0.978246754536599 adjusted 215 weights, 4 biases 
Training 91ee6899 with 1 binary file, target error: 0.000001, iterations: 1, sample rate: 100%, sparse: 100%
Training 7410faf6 with 1 binary file, target error: 0.000001, iterations: 1, sample rate: 100%, sparse: 100%
Discovered beneficial synapse from input-1295 to 6aa7a75f-b734-450b-843d-bf23077e6012 with weight -1.0000, helping 41.6% more records than it harms (2378/3359)
Discovery 37aca0aa analyze time 11s 650ms found 1 candidates
Discovered harmful synapse from input-831 to 6e59fdb1-a7dd-4ae2-92f8-48b3d2c1010a, harming 30.1% more records than it helps (940/3359)
Discovery 37aca0aa analyze harmful time 630ms found 1 candidates
Discovery 37aca0aa analyze squashes time 477ms found 1 candidate, Summary: 6aa7a75f-b734-450b-843d-bf23077e6012 LOGISTIC -> Exponential improved: 3.9% error: 141.6013 -> 136.0781
Training 9fec20f0 with 1 binary file, target error: 0.000001, iterations: 1, sample rate: 100%, sparse: 100%
Fine tuning increased fitness by 0.0000031284958268429364 to 0.9782856687771689 adjusted 212 weights, 4 biases 
Discovery 9fec20f0 with 1 binary files, sample rate: 100%, batch size: 512
Discovery 9fec20f0 initialize time 84ms
Discovery 9fec20f0 processing .trainData-fx_c_88/USDKRW/data.bin
Discovery 9fec20f0 read time 5ms for .trainData-fx_c_88/USDKRW/data.bin with 3359 records
Discovery 9fec20f0 scanning time 982ms
Over populated 55, expected 50.
Training d5fd0fe1 with 1 binary file, target error: 0.000001, iterations: 1, sample rate: 100%, sparse: 100%
Discovery 9fec20f0 recorded time 1s 957ms
Generation 20 score 0.9782878442609576  error 0.021700034756607242 avg time 1s 762ms
Training 7d7d96cd with 1 binary file, target error: 0.000001, iterations: 1, sample rate: 100%, sparse: 100%
Training 7de4c522 with 1 binary file, target error: 0.000001, iterations: 1, sample rate: 100%, sparse: 100%
Fine tuning increased fitness by 0.00000220906687731226 to 0.9782900533278349 adjusted 974 weights, 11 biases 
Training 1eec555a with 1 binary file, target error: 0.000001, iterations: 1, sample rate: 100%, sparse: 100%
Over populated 52, expected 50.
Training 8731eeb6 with 1 binary file, target error: 0.000001, iterations: 1, sample rate: 100%, sparse: 100%
compactUnused hidden neuron 077e6012 has no outward connections
Over populated 52, expected 50.
Training d4b50400 with 1 binary file, target error: 0.000001, iterations: 1, sample rate: 100%, sparse: 100%
compactUnused hidden neuron 077e6012 has no outward connections
Over populated 52, expected 50.
Training ffaa0223 with 1 binary file, target error: 0.000001, iterations: 1, sample rate: 100%, sparse: 100%
Discovered beneficial synapse from input-1295 to 6aa7a75f-b734-450b-843d-bf23077e6012 with weight -1.0000, helping 39.1% more records than it harms (2336/3359)
Discovery 9fec20f0 analyze time 12s 786ms found 1 candidates
Discovered harmful synapse from input-831 to 6e59fdb1-a7dd-4ae2-92f8-48b3d2c1010a, harming 30.3% more records than it helps (936/3359)
Discovery 9fec20f0 analyze harmful time 527ms found 1 candidates
Over populated 52, expected 50.
compactUnused hidden neuron 077e6012 has no outward connections
Discovery 9fec20f0 analyze squashes time 443ms found 1 candidate, Summary: 6aa7a75f-b734-450b-843d-bf23077e6012 LOGISTIC -> Exponential improved: 1.1% error: 323.2080 -> 319.7389
Training 10713443 with 1 binary file, target error: 0.000001, iterations: 1, sample rate: 100%, sparse: 100%
Discovery 10713443 with 1 binary files, sample rate: 100%, batch size: 512
Discovery 10713443 initialize time 86ms
Discovery 10713443 processing .trainData-fx_c_88/USDKRW/data.bin
Discovery 10713443 read time 3ms for .trainData-fx_c_88/USDKRW/data.bin with 3359 records
Discovery 10713443 scanning time 989ms
Over populated 53, expected 50.
Culling duplicate creature at 41 of 53
DeDuplication of 1 creatures to 52 in 30ms (previous experiment )
compactUnused hidden neuron 077e6012 has no outward connections
Training ebc433db with 1 binary file, target error: 0.000001, iterations: 1, sample rate: 100%, sparse: 100%
Discovery 10713443 recorded time 1s 888ms
Over populated 52, expected 50.
Culling duplicate creature at 49 of 52
DeDuplication of 1 creatures to 51 in 28ms (previous experiment )
compactUnused hidden neuron 077e6012 has no outward connections
Training e59be351 with 1 binary file, target error: 0.000001, iterations: 1, sample rate: 100%, sparse: 100%
Fine tuning increased fitness by 0.000001131328801973197 to 0.9783019586130199 adjusted 538 weights, 5 biases 
Over populated 52, expected 50.
compactUnused hidden neuron 077e6012 has no outward connections
Training 4f14752a with 1 binary file, target error: 0.000001, iterations: 1, sample rate: 100%, sparse: 100%
Fine tuning increased fitness by 0.0000017069129422120355 to 0.9783036655259622 adjusted 538 weights, 5 biases 
Generation 30 score 0.9783036655259622  error 0.021684093491640126 avg time 2s 18ms
compactUnused hidden neuron 077e6012 has no outward connections
Training b963dd40 with 1 binary file, target error: 0.000001, iterations: 1, sample rate: 100%, sparse: 100%
compactUnused hidden neuron 077e6012 has no outward connections
Training 2ffe1382 with 1 binary file, target error: 0.000001, iterations: 1, sample rate: 100%, sparse: 100%
compactUnused hidden neuron 077e6012 has no outward connections
Training 89917994 with 1 binary file, target error: 0.000001, iterations: 1, sample rate: 100%, sparse: 100%
Fine tuning increased fitness by 0.000010211421015871025 to 0.9783259385024449 adjusted 532 weights, 5 biases 
Over populated 52, expected 50.
Culling duplicate creature at 22 of 52
DeDuplication of 1 creatures to 51 in 32ms (previous experiment )
compactUnused hidden neuron 077e6012 has no outward connections
Training a35dd852 with 1 binary file, target error: 0.000001, iterations: 1, sample rate: 100%, sparse: 100%
Fine tuning increased fitness by 0.000009505247592689336 to 0.9783354437500376 adjusted 532 weights, 5 biases 
Discovered beneficial synapse from input-1445 to fca2ee06-1f40-47b2-a6c8-f62e16900c91 with weight 1.0000, helping 48.3% more records than it harms (2491/3359)
Discovery 10713443 analyze time 12s 534ms found 1 candidates
Discovered harmful synapse from input-1046 to 6aa7a75f-b734-450b-843d-bf23077e6012, harming 41.5% more records than it helps (982/3359)
Discovery 10713443 analyze harmful time 318ms found 1 candidates
Discovery 10713443 analyze squashes time 452ms found 0 candidates
compactUnused hidden neuron 077e6012 has no outward connections
Training 4727bf62 with 1 binary file, target error: 0.000001, iterations: 1, sample rate: 100%, sparse: 100%
Fine tuning increased fitness by 0.000024750826496000577 to 0.9783601945765336 adjusted 525 weights, 5 biases 
Discovery 4727bf62 with 1 binary files, sample rate: 100%, batch size: 512
Discovery 4727bf62 initialize time 83ms
Discovery 4727bf62 processing .trainData-fx_c_88/USDKRW/data.bin
Discovery 4727bf62 read time 7ms for .trainData-fx_c_88/USDKRW/data.bin with 3359 records
Discovery 4727bf62 scanning time 1s 13ms
Over populated 52, expected 50.
compactUnused hidden neuron 077e6012 has no outward connections
Training 15fae265 with 1 binary file, target error: 0.000001, iterations: 1, sample rate: 100%, sparse: 100%
Discovery 4727bf62 recorded time 1s 903ms
Fine tuning increased fitness by 0.000038087258783292555 to 0.9783982818353169 adjusted 525 weights, 5 biases 
Over populated 52, expected 50.
compactUnused hidden neuron 077e6012 has no outward connections
Training 37c77155 with 1 binary file, target error: 0.000001, iterations: 1, sample rate: 100%, sparse: 100%
compactUnused hidden neuron 077e6012 has no outward connections
Training f41f9fe1 with 1 binary file, target error: 0.000001, iterations: 1, sample rate: 100%, sparse: 100%
Training 15fae265 increased fitness by 0.000008571769681497976 to 0.9784089440564243
Over populated 52, expected 50.
compactUnused hidden neuron 077e6012 has no outward connections
Training 291949f5 with 1 binary file, target error: 0.000001, iterations: 1, sample rate: 100%, sparse: 100%
Over populated 52, expected 50.
compactUnused hidden neuron 077e6012 has no outward connections
Training 6f4827ac with 1 binary file, target error: 0.000001, iterations: 1, sample rate: 100%, sparse: 100%
Over populated 52, expected 50.
Generation 40 score 0.9784169989066988  error 0.02157076011090235 avg time 2s 14ms
compactUnused hidden neuron 077e6012 has no outward connections
Training 65ec1bde with 1 binary file, target error: 0.000001, iterations: 1, sample rate: 100%, sparse: 100%
compactUnused hidden neuron 077e6012 has no outward connections
Training 2d4ae3bf with 1 binary file, target error: 0.000001, iterations: 1, sample rate: 100%, sparse: 100%
Fine tuning increased fitness by 0.0000021619011554285805 to 0.9784310924910732 adjusted 341 weights, 3 biases 
Discovered beneficial synapse from input-1445 to fca2ee06-1f40-47b2-a6c8-f62e16900c91 with weight 1.0000, helping 49.4% more records than it harms (2510/3359)
Discovery 4727bf62 analyze time 12s 547ms found 1 candidates
Discovered harmful synapse from input-1046 to 6aa7a75f-b734-450b-843d-bf23077e6012, harming 40.8% more records than it helps (995/3359)
Discovery 4727bf62 analyze harmful time 172ms found 1 candidates
Over populated 52, expected 50.
Culling duplicate creature at 47 of 52
DeDuplication of 1 creatures to 51 in 27ms (previous experiment )
Discovery 4727bf62 analyze squashes time 659ms found 1 candidate, Summary: fca2ee06-1f40-47b2-a6c8-f62e16900c91 Softplus -> BENT_IDENTITY improved: 16.1% error: 144.2808 -> 121.0643
compactUnused hidden neuron 077e6012 has no outward connections
Training 67ed9b73 with 1 binary file, target error: 0.000001, iterations: 1, sample rate: 100%, sparse: 100%
Discovery 67ed9b73 with 1 binary files, sample rate: 100%, batch size: 512
Discovery 67ed9b73 initialize time 87ms
Discovery 67ed9b73 processing .trainData-fx_c_88/USDKRW/data.bin
Discovery 67ed9b73 read time 3ms for .trainData-fx_c_88/USDKRW/data.bin with 3359 records
Discovery 67ed9b73 scanning time 1s 15ms
Over populated 55, expected 50.
Training 17965cc7 with 1 binary file, target error: 0.000001, iterations: 1, sample rate: 100%, sparse: 100%
Discovery 67ed9b73 recorded time 1s 891ms
Training b2439fa8 with 1 binary file, target error: 0.000001, iterations: 1, sample rate: 100%, sparse: 100%
Fine tuning increased fitness by 5.748462733601301e-7 to 0.9784333497590659 adjusted 280 weights, 2 biases 
Training 8d665f4d with 1 binary file, target error: 0.000001, iterations: 1, sample rate: 100%, sparse: 100%
Fine tuning increased fitness by 7.703788764690245e-7 to 0.9784341201379424 adjusted 280 weights, 2 biases 
Training 1359e2ef with 1 binary file, target error: 0.000001, iterations: 1, sample rate: 100%, sparse: 100%
Fine tuning increased fitness by 5.63457071778295e-7 to 0.9784346835950142 adjusted 280 weights, 2 biases 
compactUnused hidden neuron 077e6012 has no outward connections
Training 3f2d0b28 with 1 binary file, target error: 0.000001, iterations: 1, sample rate: 100%, sparse: 100%
Fine tuning increased fitness by 9.141446316585089e-7 to 0.9784355977396458 adjusted 270 weights, 2 biases 
compactUnused hidden neuron 077e6012 has no outward connections
Training 8182f95b with 1 binary file, target error: 0.000001, iterations: 1, sample rate: 100%, sparse: 100%
Fine tuning increased fitness by 2.501948627164907e-7 to 0.9784359625595143 adjusted 194 weights, 1 bias 
Generation 50 score 0.9784359625595143  error 0.02155155645817666 avg time 1s 723ms
Training 833ae964 with 1 binary file, target error: 0.000001, iterations: 1, sample rate: 100%, sparse: 100%
Fine tuning increased fitness by 1.5306555745109307e-7 to 0.9784361156250717 adjusted 194 weights, 1 bias 
Discovered beneficial synapse from input-302 to 6aa7a75f-b734-450b-843d-bf23077e6012 with weight -1.0000, helping 45.3% more records than it harms (2440/3359)
Discovery 67ed9b73 analyze time 11s 620ms found 1 candidates
Discovered harmful synapse from input-1046 to 6aa7a75f-b734-450b-843d-bf23077e6012, harming 44.2% more records than it helps (937/3359)
Discovery 67ed9b73 analyze harmful time 179ms found 1 candidates
Discovery 67ed9b73 analyze squashes time 481ms found 1 candidate, Summary: fca2ee06-1f40-47b2-a6c8-f62e16900c91 Softplus -> SELU improved: 7.8% error: 131.1157 -> 120.9258
Discovery 6536bcaf with 1 binary files, sample rate: 100%, batch size: 512
compactUnused hidden neuron 077e6012 has no outward connections
Fine tuning increased fitness by 3.2870652910688136e-7 to 0.9784364443316008 adjusted 194 weights, 1 bias 
Discovery 6536bcaf initialize time 87ms
Discovery 6536bcaf processing .trainData-fx_c_88/USDKRW/data.bin
Discovery 6536bcaf read time 4ms for .trainData-fx_c_88/USDKRW/data.bin with 3359 records
Discovery 6536bcaf scanning time 1s 28ms
Training 7c379b07 with 1 binary file, target error: 0.000001, iterations: 1, sample rate: 100%, sparse: 100%
Fine tuning increased fitness by 4.567617941653168e-7 to 0.978436901093395 adjusted 194 weights, 1 bias 
Discovery 6536bcaf recorded time 1s 755ms
Fine tuning increased fitness by 5.345518171440133e-7 to 0.9784374356452121 adjusted 194 weights, 1 bias 
Training 1daae7b5 with 1 binary file, target error: 0.000001, iterations: 1, sample rate: 100%, sparse: 100%
Fine tuning increased fitness by 6.404827045392025e-7 to 0.9784380761279167 adjusted 194 weights, 1 bias 
Fine tuning increased fitness by 5.570885167616169e-7 to 0.9784386332164334 adjusted 194 weights, 1 bias 
compactUnused hidden neuron 077e6012 has no outward connections
Training 7b2968dd with 1 binary file, target error: 0.000001, iterations: 1, sample rate: 100%, sparse: 100%
Fine tuning increased fitness by 4.1380733384333013e-7 to 0.9784390470237673 adjusted 194 weights, 1 bias 
Fine tuning increased fitness by 0.000006003042846813855 to 0.9784450500666141 adjusted 275 weights, 2 biases 
Training 9fc2109a with 1 binary file, target error: 0.000001, iterations: 1, sample rate: 100%, sparse: 100%
Fine tuning increased fitness by 0.000002466354045660424 to 0.9784475164206597 adjusted 275 weights, 2 biases 
Training 8a5ccff6 with 1 binary file, target error: 0.000001, iterations: 1, sample rate: 100%, sparse: 100%
Fine tuning increased fitness by 5.603130637243936e-8 to 0.9784475724519661 adjusted 275 weights, 2 biases 
Generation 60 score 0.9784475724519661  error 0.02153993656573944 avg time 1s 401ms
compactUnused hidden neuron 077e6012 has no outward connections
Fine tuning increased fitness by 1.1385019205167879e-7 to 0.9784476863021582 adjusted 1 weight 
Training f622bc99 with 1 binary file, target error: 0.000001, iterations: 1, sample rate: 100%, sparse: 100%
Fine tuning increased fitness by 1.566353916571117e-7 to 0.9784478429375498 adjusted 1 weight 
Fine tuning increased fitness by 1.1178843906112235e-7 to 0.9784479547259889 adjusted 1035 weights, 11 biases 
compactUnused hidden neuron 077e6012 has no outward connections
Training 2105dcba with 1 binary file, target error: 0.000001, iterations: 1, sample rate: 100%, sparse: 100%
compactUnused hidden neuron 077e6012 has no outward connections
Training fe2e6ad3 with 1 binary file, target error: 0.000001, iterations: 1, sample rate: 100%, sparse: 100%
Discovered beneficial synapse from input-1445 to fca2ee06-1f40-47b2-a6c8-f62e16900c91 with weight 1.0000, helping 47.2% more records than it harms (2472/3359)
Discovery 6536bcaf analyze time 17s 944ms found 1 candidates
compactUnused hidden neuron 077e6012 has no outward connections
Discovered harmful synapse from input-1046 to 6aa7a75f-b734-450b-843d-bf23077e6012, harming 42.1% more records than it helps (972/3359)
Discovery 6536bcaf analyze harmful time 424ms found 1 candidates
Training 368de824 with 1 binary file, target error: 0.000001, iterations: 1, sample rate: 100%, sparse: 100%
Discovery 6536bcaf analyze squashes time 506ms found 0 candidates
compactUnused hidden neuron 077e6012 has no outward connections
Training efbd06f0 with 1 binary file, target error: 0.000001, iterations: 1, sample rate: 100%, sparse: 100%
Fine tuning increased fitness by 0.000002041563077259667 to 0.9784626850423539 adjusted 613 weights, 6 biases 
Discovery efbd06f0 with 1 binary files, sample rate: 100%, batch size: 512
Discovery efbd06f0 initialize time 81ms
Discovery efbd06f0 processing .trainData-fx_c_88/USDKRW/data.bin
Discovery efbd06f0 read time 6ms for .trainData-fx_c_88/USDKRW/data.bin with 3359 records
Discovery efbd06f0 scanning time 1s 16ms
Over populated 54, expected 50.
Culling duplicate creature at 23 of 54
DeDuplication of 1 creatures to 53 in 25ms (previous experiment )
compactUnused hidden neuron 077e6012 has no outward connections
Training 77f1d45d with 1 binary file, target error: 0.000001, iterations: 1, sample rate: 100%, sparse: 100%
Discovery efbd06f0 recorded time 1s 849ms
Fine tuning increased fitness by 0.0000024101954876343257 to 0.9784650952378415 adjusted 602 weights, 6 biases 
Over populated 52, expected 50.
compactUnused hidden neuron 077e6012 has no outward connections
Training 9ad94b53 with 1 binary file, target error: 0.000001, iterations: 1, sample rate: 100%, sparse: 100%
Over populated 52, expected 50.
compactUnused hidden neuron 077e6012 has no outward connections
Training 250cbe04 with 1 binary file, target error: 0.000001, iterations: 1, sample rate: 100%, sparse: 100%
Fine tuning increased fitness by 0.000002600233286798037 to 0.9784698246315556 adjusted 600 weights, 6 biases 
Generation 70 score 0.9784698246315556  error 0.02151767438616442 avg time 1s 761ms
compactUnused hidden neuron 077e6012 has no outward connections
Training 4ce882bd with 1 binary file, target error: 0.000001, iterations: 1, sample rate: 100%, sparse: 100%
Fine tuning increased fitness by 9.633862428914952e-7 to 0.9784707880177985 adjusted 600 weights, 6 biases 
compactUnused hidden neuron 077e6012 has no outward connections
Training 657ceb79 with 1 binary file, target error: 0.000001, iterations: 1, sample rate: 100%, sparse: 100%
Fine tuning increased fitness by 0.0000017347479815965627 to 0.9784725227657801 adjusted 600 weights, 6 biases 
compactUnused hidden neuron 077e6012 has no outward connections
Training 4d6d9378 with 1 binary file, target error: 0.000001, iterations: 1, sample rate: 100%, sparse: 100%
compactUnused hidden neuron 077e6012 has no outward connections
Training 60920230 with 1 binary file, target error: 0.000001, iterations: 1, sample rate: 100%, sparse: 100%
Training 1a8a0cd8 with 1 binary file, target error: 0.000001, iterations: 1, sample rate: 100%, sparse: 100%
compactUnused hidden neuron 077e6012 has no outward connections
Retrying increased fitness by 5.004269835184871e-7 to 0.9784765114458945 adjusted 267 weights, 4 biases
Training 161e346e with 1 binary file, target error: 0.000001, iterations: 1, sample rate: 100%, sparse: 100%
Discovered beneficial synapse from input-658 to 6aa7a75f-b734-450b-843d-bf23077e6012 with weight 1.0000, helping 46.9% more records than it harms (2463/3359)
Discovery efbd06f0 analyze time 17s 482ms found 1 candidates
Discovered harmful synapse from input-1046 to 6aa7a75f-b734-450b-843d-bf23077e6012, harming 43.3% more records than it helps (948/3359)
Discovery efbd06f0 analyze harmful time 316ms found 1 candidates
Discovery efbd06f0 analyze squashes time 471ms found 1 candidate, Summary: fca2ee06-1f40-47b2-a6c8-f62e16900c91 Softplus -> SELU improved: 7.6% error: 129.8326 -> 119.9852
compactUnused hidden neuron 077e6012 has no outward connections
Training f88611af with 1 binary file, target error: 0.000001, iterations: 1, sample rate: 100%, sparse: 100%
Discovery f88611af with 1 binary files, sample rate: 100%, batch size: 512
Discovery f88611af initialize time 78ms
Discovery f88611af processing .trainData-fx_c_88/USDKRW/data.bin
Discovery f88611af read time 3ms for .trainData-fx_c_88/USDKRW/data.bin with 3359 records
Discovery f88611af scanning time 988ms
compactUnused hidden neuron 077e6012 has no outward connections
Training da6dc238 with 1 binary file, target error: 0.000001, iterations: 1, sample rate: 100%, sparse: 100%
Discovery f88611af recorded time 1s 873ms
Fine tuning increased fitness by 9.138889645043946e-11 to 0.9784907390311817 adjusted 1 weight 
Generation 80 score 0.9784907390311817  error 0.02149674998655326 avg time 1s 785ms
Training 8dd8dcd0 with 1 binary file, target error: 0.000001, iterations: 1, sample rate: 100%, sparse: 100%
Fine tuning increased fitness by 8.450184996178223e-11 to 0.9784907391156835 adjusted 1 weight 
Compacting increased fitness by 1.1981775527303284e-7 to 0.9784908589334388 neurons: 13 was: 14 synapses: 1109 was: 1111
compactUnused hidden neuron 077e6012 has no outward connections
Training 1c0b0bcb with 1 binary file, target error: 0.000001, iterations: 1, sample rate: 100%, sparse: 100%
compactUnused hidden neuron 077e6012 has no outward connections
Training 3d3d0c07 with 1 binary file, target error: 0.000001, iterations: 1, sample rate: 100%, sparse: 100%
Compacting increased fitness by 5.259490498676911e-8 to 0.9784909887845856 neurons: 12 was: 14 synapses: 1106 was: 1111
Training dc242a7d with 1 binary file, target error: 0.000001, iterations: 1, sample rate: 100%, sparse: 100%
Fine tuning increased fitness by 2.187533655328977e-7 to 0.9784935184978416 adjusted 1 weight, 1 bias 
Fine tuning increased fitness by 4.341859382028801e-7 to 0.9784945178943845 adjusted 1 weight 
Generation 90 score 0.9784945178943845  error 0.021493211123273723 avg time 1s 498ms
Fine tuning increased fitness by 5.9180763622990185e-9 to 0.9784945238124608 adjusted 1 weight 
Discovered beneficial synapse from input-658 to 6aa7a75f-b734-450b-843d-bf23077e6012 with weight 1.0000, helping 45.8% more records than it harms (2445/3359)
Discovery f88611af analyze time 19s 440ms found 1 candidates
Discovered harmful synapse from input-1046 to 6aa7a75f-b734-450b-843d-bf23077e6012, harming 42.2% more records than it helps (968/3359)
Discovery f88611af analyze harmful time 186ms found 1 candidates
Discovery f88611af analyze squashes time 545ms found 1 candidate, Summary: fca2ee06-1f40-47b2-a6c8-f62e16900c91 Softplus -> SELU improved: 8.8% error: 128.9909 -> 117.6603
Fine tuning increased fitness by 2.413423231262257e-7 to 0.978494765154784 adjusted 1 weight 
Fine tuning increased fitness by 4.4267981702539316e-7 to 0.978495207834601 adjusted 1 weight 
Fine tuning increased fitness by 8.422865191981543e-7 to 0.9784960501211202 adjusted 1 weight 
Fine tuning increased fitness by 7.121364046236422e-7 to 0.9784967622575248 adjusted 1 weight 
Fine tuning increased fitness by 5.510896516902619e-9 to 0.9784967677684213 adjusted 1 weight 
Fine tuning increased fitness by 8.085921932021733e-10 to 0.9784967685770135 adjusted 1 weight 
Generation 100 score 0.9784967685770135  error 0.021490950440659736 avg time 1s 161ms
Fine tuning increased fitness by 4.372036066513374e-10 to 0.9784967690142171 adjusted 1 weight 
Fine tuning increased fitness by 0.0000010855005084797753 to 0.9784984406495983 adjusted 2 weights 
Fine tuning increased fitness by 0.00000666565333451441 to 0.9785126026636997 adjusted 1 weight 
Fine tuning increased fitness by 9.234226137078139e-7 to 0.9785135260863134 adjusted 1 weight 
Fine tuning increased fitness by 9.258277255952407e-9 to 0.9785135353445906 adjusted 1 weight 
Generation 109 score 0.9785135353445906  error 0.021474173673097712 avg time 1s 95ms
{
  error: 0.021474173673097712,
  score: 0.9785135353445906,
  generation: 109,
  time: 180018
}
🧹 Cleaning up any inconsistent git state
✅ Git state cleanup completed
✅ Already on proper branch: Develop
From github.com:stSoftwareAU/GRQ-FX-models
   be840db..aa6b1ce  Develop    -> origin/Develop
Updating be840db..aa6b1ce
Created autostash: 122408e
Fast-forward
 v1/USDCOP.json | 7575 +++++++++++---------------------------------------------
 v1/USDCRC.json |  377 ++-
 v1/USDDKK.json | 3042 ++++++++---------------
 v1/USDKYD.json |   31 +-
 v1/USDPEN.json | 5232 ++++++++++++++++++++++++++++++--------
 v1/USDPLN.json | 3559 ++++++--------------------
 v1/USDSGD.json |  835 ++++---
 v1/USDTRY.json | 7039 ++++++++++++++--------------------------------------
 v1/USDTWD.json | 1584 ++++++------
 9 files changed, 10900 insertions(+), 18374 deletions(-)
Applying autostash resulted in conflicts.
Your changes are safe in the stash.
You can run "git stash pop" or "git stash drop" at any time.
✅ Already on proper branch: Develop
📦 Changes detected — staging files and validating JSON
[0;32m🔍 Validating staged JSON files...[0m
[0;32m🔍 Validating: v1/USDVND.json[0m
[0;32m   ✅ PASSED: File is valid[0m
[0;32m🔍 Validating: v1/CADAUD.json[0m
[0;32m   ✅ PASSED: File is valid[0m
[0;32m🔍 Validating: v1/CADGBP.json[0m
[0;32m   ✅ PASSED: File is valid[0m
[0;32m🔍 Validating: v1/USDARS.json[0m
[0;32m   ✅ PASSED: File is valid[0m
[0;32m🔍 Validating: v1/USDAUD.json[0m
[0;32m   ✅ PASSED: File is valid[0m
[0;32m🔍 Validating: v1/USDCLP.json[0m
[0;32m   ✅ PASSED: File is valid[0m
[0;32m🔍 Validating: v1/USDCNY.json[0m
[0;32m   ✅ PASSED: File is valid[0m
[0;32m🔍 Validating: v1/USDKRW.json[0m
[0;32m   ✅ PASSED: File is valid[0m
[0;32m🔍 Validating: v1/USDPLN.json[0m
[0;31m🚨 MERGE CONFLICT DETECTED in: v1/USDPLN.json[0m
[1;33m   This file contains unresolved merge conflict markers:[0m
7:<<<<<<< Updated upstream
9:=======
11:>>>>>>> Stashed changes
40:<<<<<<< Updated upstream
43:=======
[0;31m   ❌ FAILED: Merge conflicts detected[0m
[0;32m🔍 Validating: v1/USDTWD.json[0m
[0;31m🚨 MERGE CONFLICT DETECTED in: v1/USDTWD.json[0m
[1;33m   This file contains unresolved merge conflict markers:[0m
7:<<<<<<< Updated upstream
9:=======
11:>>>>>>> Stashed changes
17:<<<<<<< Updated upstream
19:=======
[0;31m   ❌ FAILED: Merge conflicts detected[0m

[0;31m❌ Commit blocked due to invalid JSON files[0m
❌ JSON validation failed — aborting commit
🧹 Cleaning up staged changes
Unstaged changes after reset:
M	v1/CADAUD.json
M	v1/CADGBP.json
M	v1/USDARS.json
M	v1/USDAUD.json
M	v1/USDCLP.json
M	v1/USDCNY.json
M	v1/USDKRW.json
M	v1/USDPLN.json
M	v1/USDTWD.json
💥 Commit blocked due to invalid JSON files
🧹 Performing final git cleanup on exit...
✅ Final cleanup completed
Cloning into 'GRQ-logs'...
[Develop 99a9b36] ip-10-0-41-142 status 1
 1 file changed, 2000 insertions(+)
 create mode 100644 ip-10-0-41-142.log
To github.com:stSoftwareAU/GRQ-logs.git
   864be12..99a9b36  Develop -> Develop
📦 Cloning GRQ-health
Cloning into 'GRQ-health'...
Updating health information...
Updated health information for ip-10-0-41-142
