================ Clean up START ================
Version 1.3.3
Disk usage:
Filesystem        Size  Used Avail Use% Mounted on
devtmpfs          4.0M     0  4.0M   0% /dev
tmpfs             7.7G     0  7.7G   0% /dev/shm
tmpfs             3.1G  448K  3.1G   1% /run
/dev/nvme0n1p1     40G  2.4G   38G   6% /
tmpfs             7.7G  4.0K  7.7G   1% /tmp
/dev/nvme0n1p128   10M  1.4M  8.7M  14% /boot/efi
/dev/nvme1n1      434G   17G  396G   4% /data
tmpfs             1.6G     0  1.6G   0% /run/user/1001
Uptime:  06:10:13 up  8:15,  0 users,  load average: 2.51, 4.51, 4.83
USER         PID    PPID COMMAND
GRQ        22857   22812 (sd-pam)
GRQ        23002   22555 /bin/bash /data/GRQ/run.sh --option=industry
GRQ        26608   23002 /bin/bash ./check_spot_termination.sh
GRQ        96119   26608 sleep 5
GRQ        96121   23002 /bin/bash ./run.sh --run-once
GRQ        96137   96121 /bin/bash worker/node.sh
GRQ        96146   96137 ps -U GRQ -o user,pid,ppid,command
Host: ip-10-0-44-56
IP: 10.0.44.56
Number of CPUs: 8
Available Memory: 15Gi
================ Clean up ENDED ================
Use local deno
PATH: /data/GRQ/.deno/bin:/usr/local/sbin:/usr/local/bin:/usr/sbin:/usr/bin:/sbin:/bin:/var/lib/snapd/snap/bin
deno 2.4.3 (stable, release, aarch64-unknown-linux-gnu)
v8 13.7.152.14-rusty
typescript 5.8.3
aws-cli/2.23.11 Python/3.9.21 Linux/6.1.130-139.222.amzn2023.aarch64 source/aarch64.amzn.2023
Option: industry
Starting Industry... Wed Aug  6 06:10:13 AM UTC 2025
Already up to date.
📥 Pulling GRQ-industryV2 with --ours strategy...
📦 No local changes or untracked files - checking remote state
🔄 Resetting to remote state (commit: da69621b)
HEAD is now at da69621 ip-10-0-44-56 Improved Industry models
✅ Successfully reset to remote state - all models updated by another machine
✅ GRQ-industryV2 pull succeeded in 7 seconds
Fetching S3 checksum file from: s3://grq-trainingdata/trainData-industry_88/checksum.sha256
Checksum matches. Skipping data file download.
🧹 Removing: trainData-industry_*
📥 Pulling GRQ-portfolio with --ours strategy...
📦 No local changes or untracked files - checking remote state
🔄 Resetting to remote state (commit: 6efea1f5)
HEAD is now at 6efea1f REJECTED 38.66% -> 29.83% Delta -8.831
✅ Successfully reset to remote state - all models updated by another machine
✅ GRQ-portfolio pull succeeded in 7 seconds
MOBILE_HOMES , score: 0.7890975498474891
Skipping (good score) MOBILE_HOMES , score: 0.789
WHOLESALE-LUMBER-OTHER_CONSTRUCTION_MATERIALS , score: 0.8425426985032786
Skipping (good score) WHOLESALE-LUMBER-OTHER_CONSTRUCTION_MATERIALS , score: 0.843
SERVICES-MISCELLANEOUS_REPAIR_SERVICES , score: 0.8054610390011333
Skipping (good score) SERVICES-MISCELLANEOUS_REPAIR_SERVICES , score: 0.805
FISHING_HUNTING_AND_TRAPPING , score: 0.957164080893511
Skipping (good score) FISHING_HUNTING_AND_TRAPPING , score: 0.957
SERVICES-AMUSEMENT-RECREATION_SERVICES , score: 0.8800349615579629
Skipping (good score) SERVICES-AMUSEMENT-RECREATION_SERVICES , score: 0.880
REAL_ESTATE_AGENTS-MANAGERS_FOR_OTHERS , score: 0.880006681773953
Skipping (good score) REAL_ESTATE_AGENTS-MANAGERS_FOR_OTHERS , score: 0.880
WHOLESALE-PAPER-PAPER_PRODUCTS , score: 0.9465415344518281
Skipping (good score) WHOLESALE-PAPER-PAPER_PRODUCTS , score: 0.947
HAZARDOUS_WASTE_MANAGEMENT , score: 0.8653029027529859
Skipping (good score) HAZARDOUS_WASTE_MANAGEMENT , score: 0.865
RETAIL-RETAIL_STORES_NEC , score: 0.8882103303693356
Skipping (good score) RETAIL-RETAIL_STORES_NEC , score: 0.888
FOOD_AND_KINDRED_PRODUCTS , score: 0.9458773981701939
Skipping (good score) FOOD_AND_KINDRED_PRODUCTS , score: 0.946
HEATING_EQUIPMENT_EXCEPT_ELECTRIC-WARM_AIR_FURNACES , score: 0.9290876423310923
Skipping (good score) HEATING_EQUIPMENT_EXCEPT_ELECTRIC-WARM_AIR_FURNACES , score: 0.929
SERVICES-MEMBERSHIP_SPORTS-RECREATION_CLUBS , score: 0.918009115692091
Skipping (good score) SERVICES-MEMBERSHIP_SPORTS-RECREATION_CLUBS , score: 0.918
WHOLESALE-METALS_SERVICE_CENTERS-OFFICES , score: 0.8605447809753868
Skipping (good score) WHOLESALE-METALS_SERVICE_CENTERS-OFFICES , score: 0.861
DRILLING_OIL-GAS_WELLS , score: 0.8512366808617455
Skipping (good score) DRILLING_OIL-GAS_WELLS , score: 0.851
WHOLESALE-MISCELLANEOUS_NONDURABLE_GOODS , score: 0.7935657453282621
Skipping (good score) WHOLESALE-MISCELLANEOUS_NONDURABLE_GOODS , score: 0.794
GENERAL_BLDG_CONTRACTORS-NONRESIDENTIAL_BLDGS , score: 0.8265323905441418
Skipping (good score) GENERAL_BLDG_CONTRACTORS-NONRESIDENTIAL_BLDGS , score: 0.827
TELEGRAPH-OTHER_MESSAGE_COMMUNICATIONS , score: 0.9032922657241744
Skipping (good score) TELEGRAPH-OTHER_MESSAGE_COMMUNICATIONS , score: 0.903
OFFICE_FURNITURE , score: 0.8622167299121353
Skipping (good score) OFFICE_FURNITURE , score: 0.862
WHOLESALE-MACHINERY_EQUIPMENT-SUPPLIES , score: 0.8439053391059582
Skipping (good score) WHOLESALE-MACHINERY_EQUIPMENT-SUPPLIES , score: 0.844
SERVICES-TO_DWELLINGS-OTHER_BUILDINGS , score: 0.8438897795860146
Skipping (good score) SERVICES-TO_DWELLINGS-OTHER_BUILDINGS , score: 0.844
MISCELLANEOUS_PRODUCTS_OF_PETROLEUM-COAL , score: 0.7333411703316254
Skipping (good score) MISCELLANEOUS_PRODUCTS_OF_PETROLEUM-COAL , score: 0.733
SERVICES-SKILLED_NURSING_CARE_FACILITIES , score: 0.7740463625048221
Skipping (good score) SERVICES-SKILLED_NURSING_CARE_FACILITIES , score: 0.774
SERVICES-MISCELLANEOUS_EQUIPMENT_RENTAL-LEASING , score: 0.8507733013179394
Skipping (good score) SERVICES-MISCELLANEOUS_EQUIPMENT_RENTAL-LEASING , score: 0.851
MISCELLANEOUS_PRIMARY_METAL_PRODUCTS , score: 0.8195552515651523
Skipping (good score) MISCELLANEOUS_PRIMARY_METAL_PRODUCTS , score: 0.820
DAIRY_PRODUCTS , score: 0.9425406339907698
Skipping (good score) DAIRY_PRODUCTS , score: 0.943
PERIODICALS_PUBLISHING_OR_PUBLISHING-PRINTING , score: 0.797919891312287
Skipping (good score) PERIODICALS_PUBLISHING_OR_PUBLISHING-PRINTING , score: 0.798
SAVINGS_INSTITUTION_FEDERALLY_CHARTERED , score: 0.9071814077452067
Skipping (good score) SAVINGS_INSTITUTION_FEDERALLY_CHARTERED , score: 0.907
NATIONAL_COMMERCIAL_BANKS , score: 0.9082585118893738
Skipping (good score) NATIONAL_COMMERCIAL_BANKS , score: 0.908
FOOTWEAR_NO_RUBBER , score: 0.8860876056355108
Skipping (good score) FOOTWEAR_NO_RUBBER , score: 0.886
LOAN_BROKERS , score: 0.8719682955783458
Skipping (good score) LOAN_BROKERS , score: 0.872
IN_VITRO-IN_VIVO_DIAGNOSTIC_SUBSTANCES , score: 0.939577122102683
Skipping (good score) IN_VITRO-IN_VIVO_DIAGNOSTIC_SUBSTANCES , score: 0.940
COMMERCIAL_BANKS_NEC , score: 0.9499089319968314
Skipping (good score) COMMERCIAL_BANKS_NEC , score: 0.950
RETAIL-MISCELLANEOUS_RETAIL , score: 0.8897790042052327
Skipping (good score) RETAIL-MISCELLANEOUS_RETAIL , score: 0.890
MISCELLANEOUS_PLASTICS_PRODUCTS , score: 0.8320112843394669
Skipping (good score) MISCELLANEOUS_PLASTICS_PRODUCTS , score: 0.832
BITUMINOUS_COAL-LIGNITE_MINING , score: 0.809402670984076
Skipping (good score) BITUMINOUS_COAL-LIGNITE_MINING , score: 0.809
SERVICES-PERSONAL_SERVICES , score: 0.9457499285500027
Skipping (good score) SERVICES-PERSONAL_SERVICES , score: 0.946
SAVINGS_INSTITUTIONS_NOT_FEDERALLY_CHARTERED , score: 0.8046301244646454
Skipping (good score) SAVINGS_INSTITUTIONS_NOT_FEDERALLY_CHARTERED , score: 0.805
COOKIES-CRACKERS , score: 0.8910654163711031
Skipping (good score) COOKIES-CRACKERS , score: 0.891
SERVICES-AUTOMOTIVE_REPAIR_SERVICES-PARKING , score: 0.8515417892618604
Skipping (good score) SERVICES-AUTOMOTIVE_REPAIR_SERVICES-PARKING , score: 0.852
AIRCRAFT-PARTS , score: 0.8518549772029117
Skipping (good score) AIRCRAFT-PARTS , score: 0.852
HOUSEHOLD_APPLIANCES , score: 0.8148270745183565
Skipping (good score) HOUSEHOLD_APPLIANCES , score: 0.815
INDUSTRIAL_TRUCKS_TRACTORS_TRAILORS-STACKERS , score: 0.817835252796293
Skipping (good score) INDUSTRIAL_TRUCKS_TRACTORS_TRAILORS-STACKERS , score: 0.818
AIR_TRANSPORTATION_NONSCHEDULED , score: 0.7978159495028923
Skipping (good score) AIR_TRANSPORTATION_NONSCHEDULED , score: 0.798
GAMES_TOYS-CHILDRENS_VEHICLES_NO_DOLLS-BICYCLES , score: 0.8737020599707978
Skipping (good score) GAMES_TOYS-CHILDRENS_VEHICLES_NO_DOLLS-BICYCLES , score: 0.874
BOTTLED-CANNED_SOFT_DRINKS-CARBONATED_WATERS , score: 0.9172136935666442
Skipping (good score) BOTTLED-CANNED_SOFT_DRINKS-CARBONATED_WATERS , score: 0.917
CARPETS-RUGS , score: 0.8225258497673072
Skipping (good score) CARPETS-RUGS , score: 0.823
SERVICES-MANAGEMENT_SERVICES , score: 0.8484925891989563
Skipping (good score) SERVICES-MANAGEMENT_SERVICES , score: 0.848
GENERAL_BLDG_CONTRACTORS-RESIDENTIAL_BLDGS , score: 0.7895479797245812
Skipping (good score) GENERAL_BLDG_CONTRACTORS-RESIDENTIAL_BLDGS , score: 0.790
BIOLOGICAL_PRODUCTS_NO_DISGNOSTIC_SUBSTANCES , score: 0.9418902092898824
Skipping (good score) BIOLOGICAL_PRODUCTS_NO_DISGNOSTIC_SUBSTANCES , score: 0.942
SPORTING-ATHLETIC_GOODS_NEC , score: 0.824506797023746
Skipping (good score) SPORTING-ATHLETIC_GOODS_NEC , score: 0.825
MANIFOLD_BUSINESS_FORMS , score: 0.8385536350668908
Skipping (good score) MANIFOLD_BUSINESS_FORMS , score: 0.839
SERVICES-MAILING_REPRODUCTION_COMMERCIAL_ART-PHOTOGRAPHY , score: 0.8834841657780781
Skipping (good score) SERVICES-MAILING_REPRODUCTION_COMMERCIAL_ART-PHOTOGRAPHY , score: 0.883
PULP_MILLS , score: 0.8730367612400974
Skipping (good score) PULP_MILLS , score: 0.873
CALCULATING-ACCOUNTING_MACHINES_NO_ELECTRONIC_COMPUTERS , score: 0.7898446382289026
Skipping (good score) CALCULATING-ACCOUNTING_MACHINES_NO_ELECTRONIC_COMPUTERS , score: 0.790
ELECTRIC-OTHER_SERVICES_COMBINED , score: 0.9298866767470092
Skipping (good score) ELECTRIC-OTHER_SERVICES_COMBINED , score: 0.930
WOMENS_MISSES_CHILDRENS-INFANTS_UNDERGARMENTS , score: 0.8764210318560733
Skipping (good score) WOMENS_MISSES_CHILDRENS-INFANTS_UNDERGARMENTS , score: 0.876
COMMERCIAL_PRINTING , score: 0.801130269903356
Skipping (good score) COMMERCIAL_PRINTING , score: 0.801
SERVICES-VIDEO_TAPE_RENTAL , score: 0.7941599444126457
Skipping (good score) SERVICES-VIDEO_TAPE_RENTAL , score: 0.794
MOTOR_VEHICLE_PARTS-ACCESSORIES , score: 0.9345235604534481
Skipping (good score) MOTOR_VEHICLE_PARTS-ACCESSORIES , score: 0.935
LUMBER-WOOD_PRODUCTS_NO_FURNITURE , score: 0.8562195855382172
Skipping (good score) LUMBER-WOOD_PRODUCTS_NO_FURNITURE , score: 0.856
SERVICES-HOSPITALS , score: 0.8576168100515827
Skipping (good score) SERVICES-HOSPITALS , score: 0.858
WHOLESALE-METALS-MINERALS_NO_PETROLEUM , score: 0.9541854241028223
Skipping (good score) WHOLESALE-METALS-MINERALS_NO_PETROLEUM , score: 0.954
SERVICES-ENGINEERING_SERVICES , score: 0.8544622331380899
Skipping (good score) SERVICES-ENGINEERING_SERVICES , score: 0.854
AIRCRAFT_PARTS-AUXILIARY_EQUIPMENT_NEC , score: 0.8692343079722785
Skipping (good score) AIRCRAFT_PARTS-AUXILIARY_EQUIPMENT_NEC , score: 0.869
SERVICES-RACING_INCLUDING_TRACK_OPERATION , score: 0.8857571221942221
Skipping (good score) SERVICES-RACING_INCLUDING_TRACK_OPERATION , score: 0.886
SERVICES-CONSUMER_CREDIT_REPORTING_COLLECTION_AGENCIES , score: 0.8671522515369128
Skipping (good score) SERVICES-CONSUMER_CREDIT_REPORTING_COLLECTION_AGENCIES , score: 0.867
RETAIL-COMPUTER-COMPUTER_SOFTWARE_STORES , score: 0.9081718284704373
Skipping (good score) RETAIL-COMPUTER-COMPUTER_SOFTWARE_STORES , score: 0.908
REAL_ESTATE_OPERATORS_NO_DEVELOPERS-LESSORS , score: 0.9413014580036205
Skipping (good score) REAL_ESTATE_OPERATORS_NO_DEVELOPERS-LESSORS , score: 0.941
FATS-OILS , score: 0.8311989067763582
Skipping (good score) FATS-OILS , score: 0.831
BEVERAGES , score: 0.9226169406204686
Skipping (good score) BEVERAGES , score: 0.923
MOTORS-GENERATORS , score: 0.8128763308003076
Skipping (good score) MOTORS-GENERATORS , score: 0.813
WHOLESALE-PETROLEUM_BULK_STATIONS-TERMINALS , score: 0.7088771886628478
Skipping (good score) WHOLESALE-PETROLEUM_BULK_STATIONS-TERMINALS , score: 0.709
MINING-QUARRYING_OF_NONMETALLIC_MINERALS_NO_FUELS , score: 0.9377346875036969
Skipping (good score) MINING-QUARRYING_OF_NONMETALLIC_MINERALS_NO_FUELS , score: 0.938
WATER_SUPPLY , score: 0.9065084047265031
Skipping (good score) WATER_SUPPLY , score: 0.907
SEMICONDUCTORS-RELATED_DEVICES , score: 0.9443121215300629
Skipping (good score) SEMICONDUCTORS-RELATED_DEVICES , score: 0.944
SERVICES-COMMERCIAL_PHYSICAL-BIOLOGICAL_RESEARCH , score: 0.9362200598314334
Skipping (good score) SERVICES-COMMERCIAL_PHYSICAL-BIOLOGICAL_RESEARCH , score: 0.936
CONSTRUCTION_MACHINERY-EQUIP , score: 0.8524465007048937
Skipping (good score) CONSTRUCTION_MACHINERY-EQUIP , score: 0.852
ELECTRONIC_COILS_TRANSFORMERS-OTHER_INDUCTORS , score: 0.9139627401127247
Skipping (good score) ELECTRONIC_COILS_TRANSFORMERS-OTHER_INDUCTORS , score: 0.914
SHORT-TERM_BUSINESS_CREDIT_INSTITUTIONS , score: 0.8264152395960922
Skipping (good score) SHORT-TERM_BUSINESS_CREDIT_INSTITUTIONS , score: 0.826
NON-OPERATING_ESTABLISHMENTS , score: 0.9333603006628923
Skipping (good score) NON-OPERATING_ESTABLISHMENTS , score: 0.933
LOCAL-SUBURBAN_TRANSIT-INTERURBAN_HWY_PASSENGER_TRANS , score: 0.9596781845241594
Skipping (good score) LOCAL-SUBURBAN_TRANSIT-INTERURBAN_HWY_PASSENGER_TRANS , score: 0.960
METAL_MINING , score: 0.9259695621017675
Skipping (good score) METAL_MINING , score: 0.926
WHOLESALE-MOTOR_VEHICLE_SUPPLIES-NEW_PARTS , score: 0.8696804189525106
Skipping (good score) WHOLESALE-MOTOR_VEHICLE_SUPPLIES-NEW_PARTS , score: 0.870
MISCELLANEOUS_CHEMICAL_PRODUCTS , score: 0.8611337879231399
Skipping (good score) MISCELLANEOUS_CHEMICAL_PRODUCTS , score: 0.861
HOUSEHOLD_AUDIO-VIDEO_EQUIPMENT , score: 0.8494752578338063
Skipping (good score) HOUSEHOLD_AUDIO-VIDEO_EQUIPMENT , score: 0.849
SERVICES-SERVICES_NEC , score: 0.9680230212812818
Skipping (good score) SERVICES-SERVICES_NEC , score: 0.968
FEDERAL-FEDERALLY-SPONSORED_CREDIT_AGENCIES , score: 0.7530941815597433
Skipping (good score) FEDERAL-FEDERALLY-SPONSORED_CREDIT_AGENCIES , score: 0.753
RETAIL-FOOD_STORES , score: 0.9402413819943822
Skipping (good score) RETAIL-FOOD_STORES , score: 0.940
GENERAL_INDUSTRIAL_MACHINERY-EQUIPMENT , score: 0.8602347274791019
Skipping (good score) GENERAL_INDUSTRIAL_MACHINERY-EQUIPMENT , score: 0.860
GENERAL , score: 0.945841233963878
Skipping (good score) GENERAL , score: 0.946
BROADWOVEN_FABRIC_MILLS_COTTON , score: 0.9296201642988687
Skipping (good score) BROADWOVEN_FABRIC_MILLS_COTTON , score: 0.930
MISCELLANEOUS_FABRICATED_METAL_PRODUCTS , score: 0.878973814148257
Skipping (good score) MISCELLANEOUS_FABRICATED_METAL_PRODUCTS , score: 0.879
OPHTHALMIC_GOODS , score: 0.8412008339916508
Skipping (good score) OPHTHALMIC_GOODS , score: 0.841
CANNED_FRUITS_VEG_PRESERVES_JAMS-JELLIES , score: 0.7886661724214625
Skipping (good score) CANNED_FRUITS_VEG_PRESERVES_JAMS-JELLIES , score: 0.789
WHOLESALE-PETROLEUM-PETROLEUM_PRODUCTS_NO_BULK_STATIONS , score: 0.8715981711646252
Skipping (good score) WHOLESALE-PETROLEUM-PETROLEUM_PRODUCTS_NO_BULK_STATIONS , score: 0.872
SERVICES-LEGAL_SERVICES , score: 0.7600529559934834
Skipping (good score) SERVICES-LEGAL_SERVICES , score: 0.760
SAUSAGES-OTHER_PREPARED_MEAT_PRODUCTS , score: 0.9800558237272411
Skipping (good score) SAUSAGES-OTHER_PREPARED_MEAT_PRODUCTS , score: 0.980
MEAT_PACKING_PLANTS , score: 0.7886794293469945
Skipping (good score) MEAT_PACKING_PLANTS , score: 0.789
AIRCRAFT , score: 0.8495688250451601
Skipping (good score) AIRCRAFT , score: 0.850
RETAIL-BUILDING_MATERIALS_HARDWARE_GARDEN_SUPPLY , score: 0.8943817511561483
Skipping (good score) RETAIL-BUILDING_MATERIALS_HARDWARE_GARDEN_SUPPLY , score: 0.894
NATURAL_GAS_TRANSMISSION , score: 0.9219333082507105
Skipping (good score) NATURAL_GAS_TRANSMISSION , score: 0.922
SERVICES-MISCELLANEOUS_AMUSEMENT-RECREATION , score: 0.894305034401589
Skipping (good score) SERVICES-MISCELLANEOUS_AMUSEMENT-RECREATION , score: 0.894
ELECTRICAL_INDUSTRIAL_APPARATUS , score: 0.8335207695976831
Skipping (good score) ELECTRICAL_INDUSTRIAL_APPARATUS , score: 0.834
ARRANGEMENT_OF_TRANSPORTATION_OF_FREIGHT-CARGO , score: 0.8836044507386295
Skipping (good score) ARRANGEMENT_OF_TRANSPORTATION_OF_FREIGHT-CARGO , score: 0.884
WHOLESALE-DURABLE_GOODS_NEC , score: 0.9039460614849874
Skipping (good score) WHOLESALE-DURABLE_GOODS_NEC , score: 0.904
REFRIGERATION-SERVICE_INDUSTRY_MACHINERY , score: 0.8478559948073326
Skipping (good score) REFRIGERATION-SERVICE_INDUSTRY_MACHINERY , score: 0.848
PIPE_LINES_NO_NATURAL_GAS , score: 0.9182089235714529
Skipping (good score) PIPE_LINES_NO_NATURAL_GAS , score: 0.918
METAL_CANS , score: 0.8795162065824684
Skipping (good score) METAL_CANS , score: 0.880
SPECIALTY_CLEANING_POLISHING_AND_SANITATION_PREPARATIONS , score: 0.825229328992811
Skipping (good score) SPECIALTY_CLEANING_POLISHING_AND_SANITATION_PREPARATIONS , score: 0.825
MORTGAGE_BANKERS-LOAN_CORRESPONDENTS , score: 0.8351105750807498
Skipping (good score) MORTGAGE_BANKERS-LOAN_CORRESPONDENTS , score: 0.835
PETROLEUM_REFINING , score: 0.9040822167880176
Skipping (good score) PETROLEUM_REFINING , score: 0.904
TOTALIZING_FLUID_METERS-COUNTING_DEVICES , score: 0.8047575029774532
Skipping (good score) TOTALIZING_FLUID_METERS-COUNTING_DEVICES , score: 0.805
TELEVISION_BROADCASTING_STATIONS , score: 0.9176229946373633
Skipping (good score) TELEVISION_BROADCASTING_STATIONS , score: 0.918
RETAIL-FAMILY_CLOTHING_STORES , score: 0.9248744747807212
Skipping (good score) RETAIL-FAMILY_CLOTHING_STORES , score: 0.925
BALL-ROLLER_BEARINGS , score: 0.8035846468707011
Skipping (good score) BALL-ROLLER_BEARINGS , score: 0.804
LABORATORY_ANALYTICAL_INSTRUMENTS , score: 0.907545590375803
Skipping (good score) LABORATORY_ANALYTICAL_INSTRUMENTS , score: 0.908
NATURAL_GAS_DISTRIBUTION , score: 0.9286945579570284
Skipping (good score) NATURAL_GAS_DISTRIBUTION , score: 0.929
BAKERY_PRODUCTS , score: 0.9546589460991218
Skipping (good score) BAKERY_PRODUCTS , score: 0.955
SERVICES-EDUCATIONAL_SERVICES , score: 0.9437228473182164
Skipping (good score) SERVICES-EDUCATIONAL_SERVICES , score: 0.944
LAND_SUBDIVIDERS-DEVELOPERS_NO_CEMETERIES , score: 0.7446112859833126
Skipping (good score) LAND_SUBDIVIDERS-DEVELOPERS_NO_CEMETERIES , score: 0.745
INVESTMENT_ADVICE , score: 0.9310727032576558
Skipping (good score) INVESTMENT_ADVICE , score: 0.931
OPERATIVE_BUILDERS , score: 0.8782899755015269
Skipping (good score) OPERATIVE_BUILDERS , score: 0.878
INSTRUMENTS_FOR_MEAS-TESTING_OF_ELECTRICITY-ELEC_SIGNALS , score: 0.8731471658387873
Skipping (good score) INSTRUMENTS_FOR_MEAS-TESTING_OF_ELECTRICITY-ELEC_SIGNALS , score: 0.873
WHOLESALE-MEDICAL_DENTAL-HOSPITAL_EQUIPMENT-SUPPLIES , score: 0.8351629913737104
Skipping (good score) WHOLESALE-MEDICAL_DENTAL-HOSPITAL_EQUIPMENT-SUPPLIES , score: 0.835
AUTO_CONTROLS_FOR_REGULATING_RESIDENTIAL-COMML_ENVIRONMENTS , score: 0.901506811327259
Skipping (good score) AUTO_CONTROLS_FOR_REGULATING_RESIDENTIAL-COMML_ENVIRONMENTS , score: 0.902
HOTELS_ROOMING_HOUSES_CAMPS-OTHER_LODGING_PLACES , score: 0.8558376869549847
Skipping (good score) HOTELS_ROOMING_HOUSES_CAMPS-OTHER_LODGING_PLACES , score: 0.856
PAINTS_VARNISHES_LACQUERS_ENAMELS-ALLIED_PRODS , score: 0.8681384930645099
Skipping (good score) PAINTS_VARNISHES_LACQUERS_ENAMELS-ALLIED_PRODS , score: 0.868
SERVICES-MISC_HEALTH-ALLIED_SERVICES_NEC , score: 0.8661777755286207
Skipping (good score) SERVICES-MISC_HEALTH-ALLIED_SERVICES_NEC , score: 0.866
PLASTICS_FOAM_PRODUCTS , score: 0.901143652629184
Skipping (good score) PLASTICS_FOAM_PRODUCTS , score: 0.901
SERVICES-CHILD_DAY_CARE_SERVICES , score: 0.9089184308944247
Skipping (good score) SERVICES-CHILD_DAY_CARE_SERVICES , score: 0.909
ELECTRIC_HOUSEWARES-FANS , score: 0.8271096721271277
Skipping (good score) ELECTRIC_HOUSEWARES-FANS , score: 0.827
MEDICINAL_CHEMICALS-BOTANICAL_PRODUCTS , score: 0.8295694167792256
Skipping (good score) MEDICINAL_CHEMICALS-BOTANICAL_PRODUCTS , score: 0.830
TITLE_INSURANCE , score: 0.8568986814908474
Skipping (good score) TITLE_INSURANCE , score: 0.857
STEEL_PIPE-TUBES , score: 0.7944489899690791
Skipping (good score) STEEL_PIPE-TUBES , score: 0.794
RETAIL-HOBBY_TOY-GAME_SHOPS , score: 0.7734654417815751
Skipping (good score) RETAIL-HOBBY_TOY-GAME_SHOPS , score: 0.773
PREPARED_FRESH_OR_FROZEN_FISH-SEAFOODS , score: 0.9938847308029829
Skipping (good score) PREPARED_FRESH_OR_FROZEN_FISH-SEAFOODS , score: 0.994
WHOLESALE-JEWELRY_WATCHES_PRECIOUS_STONES-METALS , score: 0.9086189904495464
Skipping (good score) WHOLESALE-JEWELRY_WATCHES_PRECIOUS_STONES-METALS , score: 0.909
WHOLESALE-PROFESSIONAL-COMMERCIAL_EQUIPMENT-SUPPLIES , score: 0.9580147067810854
Skipping (good score) WHOLESALE-PROFESSIONAL-COMMERCIAL_EQUIPMENT-SUPPLIES , score: 0.958
WATCHES_CLOCKS_CLOCKWORK_OPERATED_DEVICES-PARTS , score: 0.822343495588196
Skipping (good score) WATCHES_CLOCKS_CLOCKWORK_OPERATED_DEVICES-PARTS , score: 0.822
CONSTRUCTION-SPECIAL_TRADE_CONTRACTORS , score: 0.860432458952837
Skipping (good score) CONSTRUCTION-SPECIAL_TRADE_CONTRACTORS , score: 0.860
RETAIL-SHOE_STORES , score: 0.8453784605501363
Skipping (good score) RETAIL-SHOE_STORES , score: 0.845
GUIDED_MISSILES-SPACE_VEHICLES-PARTS , score: 0.808725803758653
Skipping (good score) GUIDED_MISSILES-SPACE_VEHICLES-PARTS , score: 0.809
STEEL_WORKS_BLAST_FURNACES-ROLLING_MILLS_COKE_OVENS , score: 0.9172903861764008
Skipping (good score) STEEL_WORKS_BLAST_FURNACES-ROLLING_MILLS_COKE_OVENS , score: 0.917
BLANK_CHECKS , score: 0.8761508837357834
Skipping (good score) BLANK_CHECKS , score: 0.876
PERFUMES_COSMETICS-OTHER_TOILET_PREPARATIONS , score: 0.8897191578386534
Skipping (good score) PERFUMES_COSMETICS-OTHER_TOILET_PREPARATIONS , score: 0.890
INVESTORS_NEC , score: 0.8306951325164222
Skipping (good score) INVESTORS_NEC , score: 0.831
WHOLESALE-COMPUTERS-PERIPHERAL_EQUIPMENT-SOFTWARE , score: 0.842956311567001
Skipping (good score) WHOLESALE-COMPUTERS-PERIPHERAL_EQUIPMENT-SOFTWARE , score: 0.843
WHOLESALE-FARM_PRODUCT_RAW_MATERIALS , score: 0.8928991542895487
Skipping (good score) WHOLESALE-FARM_PRODUCT_RAW_MATERIALS , score: 0.893
RETAIL-GROCERY_STORES , score: 0.8909433908985647
Skipping (good score) RETAIL-GROCERY_STORES , score: 0.891
RETAIL-APPAREL-ACCESSORY_STORES , score: 0.855328362155802
Skipping (good score) RETAIL-APPAREL-ACCESSORY_STORES , score: 0.855
CONVERTED_PAPER-PAPERBOARD_PRODS_NO_CONTANERS-BOXES , score: 0.8705434366767764
Skipping (good score) CONVERTED_PAPER-PAPERBOARD_PRODS_NO_CONTANERS-BOXES , score: 0.871
ORDNANCE-ACCESSORIES_NO_VEHICLES-GUIDED_MISSILES , score: 0.8918282450984818
Skipping (good score) ORDNANCE-ACCESSORIES_NO_VEHICLES-GUIDED_MISSILES , score: 0.892
CONCRETE_PRODUCTS_EXCEPT_BLOCK-BRICK , score: 0.9478816493832346
Skipping (good score) CONCRETE_PRODUCTS_EXCEPT_BLOCK-BRICK , score: 0.948
RETAIL-AUTO-HOME_SUPPLY_STORES , score: 0.8551290260093903
Skipping (good score) RETAIL-AUTO-HOME_SUPPLY_STORES , score: 0.855
SERVICES-ALLIED_TO_MOTION_PICTURE_PRODUCTION , score: 0.9592347672859545
Skipping (good score) SERVICES-ALLIED_TO_MOTION_PICTURE_PRODUCTION , score: 0.959
LESSORS_OF_REAL_PROPERTY_NEC , score: 0.7655205476710236
Skipping (good score) LESSORS_OF_REAL_PROPERTY_NEC , score: 0.766
WHOLESALE-LUMBER_PLYWOOD_MILLWORK-WOOD_PANELS , score: 0.8906738552055202
Skipping (good score) WHOLESALE-LUMBER_PLYWOOD_MILLWORK-WOOD_PANELS , score: 0.891
CANNED_FROZEN-PRESERVD_FRUIT_VEG-FOOD_SPECIALTIES , score: 0.822221605123607
Skipping (good score) CANNED_FROZEN-PRESERVD_FRUIT_VEG-FOOD_SPECIALTIES , score: 0.822
AIRPORTS_FLYING_FIELDS-AIRPORT_TERMINAL_SERVICES , score: 0.8655882338832986
Skipping (good score) AIRPORTS_FLYING_FIELDS-AIRPORT_TERMINAL_SERVICES , score: 0.866
RETAIL-RECORD-PRERECORDED_TAPE_STORES , score: 0.9937234144377038
Skipping (good score) RETAIL-RECORD-PRERECORDED_TAPE_STORES , score: 0.994
SECONDARY_SMELTING-REFINING_OF_NONFERROUS_METALS , score: 0.8843922145655659
Skipping (good score) SECONDARY_SMELTING-REFINING_OF_NONFERROUS_METALS , score: 0.884
MOTOR_HOMES , score: 0.8396596702025887
Skipping (good score) MOTOR_HOMES , score: 0.840
TRUCKING-COURIER_SERVICES_NO_AIR , score: 0.8687191927068426
Skipping (good score) TRUCKING-COURIER_SERVICES_NO_AIR , score: 0.869
MISCELLANEOUS_FOOD_PREPARATIONS-KINDRED_PRODUCTS , score: 0.8494554526156392
Skipping (good score) MISCELLANEOUS_FOOD_PREPARATIONS-KINDRED_PRODUCTS , score: 0.849
FABRICATED_PLATE_WORK_BOILER_SHOPS , score: 0.8501072285784397
Skipping (good score) FABRICATED_PLATE_WORK_BOILER_SHOPS , score: 0.850
MILLWOOD_VENEER_PLYWOOD-STRUCTURAL_WOOD_MEMBERS , score: 0.8253741202634586
Skipping (good score) MILLWOOD_VENEER_PLYWOOD-STRUCTURAL_WOOD_MEMBERS , score: 0.825
RETAIL-DEPARTMENT_STORES , score: 0.8625395940781567
Skipping (good score) RETAIL-DEPARTMENT_STORES , score: 0.863
PRINTING_TRADES_MACHINERY-EQUIPMENT , score: 0.9409147466780239
Skipping (good score) PRINTING_TRADES_MACHINERY-EQUIPMENT , score: 0.941
SERVICES-ADVERTISING , score: 0.8788094538134626
Skipping (good score) SERVICES-ADVERTISING , score: 0.879
RETAIL-CONVENIENCE_STORES , score: 0.9505640090265757
Skipping (good score) RETAIL-CONVENIENCE_STORES , score: 0.951
WHOLESALE-INDUSTRIAL_MACHINERY-EQUIPMENT , score: 0.8198947038364527
Skipping (good score) WHOLESALE-INDUSTRIAL_MACHINERY-EQUIPMENT , score: 0.820
RETAIL-HOME_FURNITURE_FURNISHINGS-EQUIPMENT_STORES , score: 0.8177120597579629
Skipping (good score) RETAIL-HOME_FURNITURE_FURNISHINGS-EQUIPMENT_STORES , score: 0.818
AGRICULTURAL_PRODUCTION-CROPS , score: 0.8610388451900198
Skipping (good score) AGRICULTURAL_PRODUCTION-CROPS , score: 0.861
ELECTRIC_GAS-SANITARY_SERVICES , score: 0.8787044124838638
Skipping (good score) ELECTRIC_GAS-SANITARY_SERVICES , score: 0.879
HOUSEHOLD_FURNITURE , score: 0.8915694233846188
Skipping (good score) HOUSEHOLD_FURNITURE , score: 0.892
OPTICAL_INSTRUMENTS-LENSES , score: 0.8601124758206518
Skipping (good score) OPTICAL_INSTRUMENTS-LENSES , score: 0.860
CABLE-OTHER_PAY_TELEVISION_SERVICES , score: 0.8944946286443501
Skipping (good score) CABLE-OTHER_PAY_TELEVISION_SERVICES , score: 0.894
SPECIAL_INDUSTRY_MACHINERY_NEC , score: 0.8977387470566446
Skipping (good score) SPECIAL_INDUSTRY_MACHINERY_NEC , score: 0.898
TRUCK_TRAILERS , score: 0.8917980153765603
Skipping (good score) TRUCK_TRAILERS , score: 0.892
SERVICES-FACILITIES_SUPPORT_MANAGEMENT_SERVICES , score: 0.9257406283128312
Skipping (good score) SERVICES-FACILITIES_SUPPORT_MANAGEMENT_SERVICES , score: 0.926
ELECTRONIC_COMPONENTS-ACCESSORIES , score: 0.9020710110257505
Skipping (good score) ELECTRONIC_COMPONENTS-ACCESSORIES , score: 0.902
SERVICES-NURSING-PERSONAL_CARE_FACILITIES , score: 0.822482592489047
Skipping (good score) SERVICES-NURSING-PERSONAL_CARE_FACILITIES , score: 0.822
SAWMILLS-PLANTING_MILLS_GENERAL , score: 0.7938352355791459
Skipping (good score) SAWMILLS-PLANTING_MILLS_GENERAL , score: 0.794
CUTLERY_HANDTOOLS-GENERAL_HARDWARE , score: 0.8433827719519151
Skipping (good score) CUTLERY_HANDTOOLS-GENERAL_HARDWARE , score: 0.843
JEWELRY_SILVERWARE-PLATED_WARE , score: 0.960155610906457
Skipping (good score) JEWELRY_SILVERWARE-PLATED_WARE , score: 0.960
OFFICE_FURNITURE_NO_WOOD , score: 0.8133933358607317
Skipping (good score) OFFICE_FURNITURE_NO_WOOD , score: 0.813
PARTITIONS_SHELVG_LOCKERS-OFFICE-STORE_FIXTURES , score: 0.9907126884931435
Skipping (good score) PARTITIONS_SHELVG_LOCKERS-OFFICE-STORE_FIXTURES , score: 0.991
WHOLESALE-ELECTRONIC_PARTS-EQUIPMENT_NEC , score: 0.8503068095876246
Skipping (good score) WHOLESALE-ELECTRONIC_PARTS-EQUIPMENT_NEC , score: 0.850
PREFABRICATED_METAL_BUILDINGS-COMPONENTS , score: 0.950781574770953
Skipping (good score) PREFABRICATED_METAL_BUILDINGS-COMPONENTS , score: 0.951
SECURITY-COMMODITY_BROKERS_DEALERS_EXCHANGES-SERVICES , score: 0.9197073844419363
Skipping (good score) SECURITY-COMMODITY_BROKERS_DEALERS_EXCHANGES-SERVICES , score: 0.920
RADIO_BROADCASTING_STATIONS , score: 0.8510695342484197
Skipping (good score) RADIO_BROADCASTING_STATIONS , score: 0.851
SHIP-BOAT_BUILDING-REPAIRING , score: 0.8603277328357547
Skipping (good score) SHIP-BOAT_BUILDING-REPAIRING , score: 0.860
SERVICES-DETECTIVE_GUARD-ARMORED_CAR_SERVICES , score: 0.8784984691699189
Skipping (good score) SERVICES-DETECTIVE_GUARD-ARMORED_CAR_SERVICES , score: 0.878
MISCELLANEOUS_MANUFACTURING_INDUSTRIES , score: 0.9026785390192036
Skipping (good score) MISCELLANEOUS_MANUFACTURING_INDUSTRIES , score: 0.903
RETAIL-JEWELRY_STORES , score: 0.8232888021063843
Skipping (good score) RETAIL-JEWELRY_STORES , score: 0.823
DENTAL_EQUIPMENT-SUPPLIES , score: 0.814842004733041
Skipping (good score) DENTAL_EQUIPMENT-SUPPLIES , score: 0.815
SERVICES-MEDICAL_LABORATORIES , score: 0.8655639899836542
Skipping (good score) SERVICES-MEDICAL_LABORATORIES , score: 0.866
STRUCTURAL_CLAY_PRODUCTS , score: 0.9038916909121903
Skipping (good score) STRUCTURAL_CLAY_PRODUCTS , score: 0.904
OPERATORS_OF_APARTMENT_BUILDINGS , score: 0.9971448078106183
Skipping (good score) OPERATORS_OF_APARTMENT_BUILDINGS , score: 0.997
COMPUTER_COMMUNICATIONS_EQUIPMENT , score: 0.8905893351527325
Skipping (good score) COMPUTER_COMMUNICATIONS_EQUIPMENT , score: 0.891
AGRICULTURAL_SERVICES , score: 0.8088070590712548
Skipping (good score) AGRICULTURAL_SERVICES , score: 0.809
PLASTICS_PRODUCTS_NEC , score: 0.9133209197746557
Skipping (good score) PLASTICS_PRODUCTS_NEC , score: 0.913
RUBBER-PLASTICS_FOOTWEAR , score: 0.8721768495034359
Skipping (good score) RUBBER-PLASTICS_FOOTWEAR , score: 0.872
WHOLESALE-MOTOR_VEHICLES-MOTOR_VEHICLE_PARTS-SUPPLIES , score: 0.9121460459824853
Skipping (good score) WHOLESALE-MOTOR_VEHICLES-MOTOR_VEHICLE_PARTS-SUPPLIES , score: 0.912
TRUCK-BUS_BODIES , score: 0.8073687843700952
Skipping (good score) TRUCK-BUS_BODIES , score: 0.807
LABORATORY_APPARATUS-FURNITURE , score: 0.9500329029238498
Skipping (good score) LABORATORY_APPARATUS-FURNITURE , score: 0.950
GLASS_PRODUCTS_MADE_OF_PURCHASED_GLASS , score: 0.8971675669458539
Skipping (good score) GLASS_PRODUCTS_MADE_OF_PURCHASED_GLASS , score: 0.897
AGRICULTURAL_PROD-LIVESTOCK-ANIMAL_SPECIALTIES , score: 0.822580253768867
Skipping (good score) AGRICULTURAL_PROD-LIVESTOCK-ANIMAL_SPECIALTIES , score: 0.823
BLANKBOOKS_LOOSELEAF_BINDERS-BOOKBINDG-RELATD_WORK , score: 0.8258308726119701
Skipping (good score) BLANKBOOKS_LOOSELEAF_BINDERS-BOOKBINDG-RELATD_WORK , score: 0.826
MISCELLANEOUS_ELECTRICAL_MACHINERY_EQUIPMENT-SUPPLIES , score: 0.8872583525745408
Skipping (good score) MISCELLANEOUS_ELECTRICAL_MACHINERY_EQUIPMENT-SUPPLIES , score: 0.887
INSURANCE_CARRIERS_NEC , score: 0.7949987394423318
Skipping (good score) INSURANCE_CARRIERS_NEC , score: 0.795
RETAIL-RADIO_TV-CONSUMER_ELECTRONICS_STORES , score: 0.7028754872764242
Skipping (good score) RETAIL-RADIO_TV-CONSUMER_ELECTRONICS_STORES , score: 0.703
SUGAR-CONFECTIONERY_PRODUCTS , score: 0.8782982806869187
Skipping (good score) SUGAR-CONFECTIONERY_PRODUCTS , score: 0.878
LEATHER-LEATHER_PRODUCTS , score: 0.8687851932749152
Skipping (good score) LEATHER-LEATHER_PRODUCTS , score: 0.869
REAL_ESTATE_INVESTMENT_TRUSTS , score: 0.9464346808264179
Skipping (good score) REAL_ESTATE_INVESTMENT_TRUSTS , score: 0.946
FINANCE_SERVICES , score: 0.920507303963884
Skipping (good score) FINANCE_SERVICES , score: 0.921
LAWN-GARDEN_TRACTORS-HOME_LAWN-GARDENS_EQUIP , score: 0.8357406083297697
Skipping (good score) LAWN-GARDEN_TRACTORS-HOME_LAWN-GARDENS_EQUIP , score: 0.836
BROADWOVEN_FABRIC_MILLS_MAN_MADE_FIBER-SILK , score: 0.8534741150969086
Skipping (good score) BROADWOVEN_FABRIC_MILLS_MAN_MADE_FIBER-SILK , score: 0.853
SERVICES-ADVERTISING_AGENCIES , score: 0.887560455515765
Skipping (good score) SERVICES-ADVERTISING_AGENCIES , score: 0.888
WHOLESALE-BEER_WINE-DISTILLED_ALCOHOLIC_BEVERAGES , score: 0.8692204163270519
Skipping (good score) WHOLESALE-BEER_WINE-DISTILLED_ALCOHOLIC_BEVERAGES , score: 0.869
POTTERY-RELATED_PRODUCTS , score: 0.9629637392306041
Skipping (good score) POTTERY-RELATED_PRODUCTS , score: 0.963
TRUCKING_NO_LOCAL , score: 0.8999805908704072
Skipping (good score) TRUCKING_NO_LOCAL , score: 0.900
PAPERBOARD_CONTAINERS-BOXES , score: 0.8685580181455644
Skipping (good score) PAPERBOARD_CONTAINERS-BOXES , score: 0.869
ELECTRONIC_COMPUTERS , score: 0.9079997115336358
Skipping (good score) ELECTRONIC_COMPUTERS , score: 0.908
ELECTRICAL_WORK , score: 0.8424290250376764
Skipping (good score) ELECTRICAL_WORK , score: 0.842
SERVICES-HOME_HEALTH_CARE_SERVICES , score: 0.9090234130841857
Skipping (good score) SERVICES-HOME_HEALTH_CARE_SERVICES , score: 0.909
MISCELLANEOUS_TRANSPORTATION_EQUIPMENT , score: 0.7996337348901926
Skipping (good score) MISCELLANEOUS_TRANSPORTATION_EQUIPMENT , score: 0.800
ORTHOPEDIC_PROSTHETIC-SURGICAL_APPLIANCES-SUPPLIES , score: 0.9357453683602472
Skipping (good score) ORTHOPEDIC_PROSTHETIC-SURGICAL_APPLIANCES-SUPPLIES , score: 0.936
AIR_TRANSPORTATION_SCHEDULED , score: 0.9160096993247828
Skipping (good score) AIR_TRANSPORTATION_SCHEDULED , score: 0.916
ADHESIVES-SEALANTS , score: 0.8051291689907305
Skipping (good score) ADHESIVES-SEALANTS , score: 0.805
FARM_MACHINERY-EQUIPMENT , score: 0.865287962380574
Skipping (good score) FARM_MACHINERY-EQUIPMENT , score: 0.865
WHOLESALE-ELECTRICAL_APPARATUS-EQUIPMENT_WIRING_SUPPLIES , score: 0.8206909331229627
Skipping (good score) WHOLESALE-ELECTRICAL_APPARATUS-EQUIPMENT_WIRING_SUPPLIES , score: 0.821
PHARMACEUTICAL_PREPARATIONS , score: 0.9527794138564278
Skipping (good score) PHARMACEUTICAL_PREPARATIONS , score: 0.953
PHOTOGRAPHIC_EQUIPMENT-SUPPLIES , score: 0.8441981620847357
Skipping (good score) PHOTOGRAPHIC_EQUIPMENT-SUPPLIES , score: 0.844
GAS-OTHER_SERVICES_COMBINED , score: 0.8566391134444425
Skipping (good score) GAS-OTHER_SERVICES_COMBINED , score: 0.857
WHOLESALE-CHEMICALS-ALLIED_PRODUCTS , score: 0.8649137342297488
Skipping (good score) WHOLESALE-CHEMICALS-ALLIED_PRODUCTS , score: 0.865
FABRICATED_RUBBER_PRODUCTS_NEC , score: 0.8464845236012557
Skipping (good score) FABRICATED_RUBBER_PRODUCTS_NEC , score: 0.846
PRIMARY_PRODUCTION_OF_ALUMINUM , score: 0.7906513853667602
Skipping (good score) PRIMARY_PRODUCTION_OF_ALUMINUM , score: 0.791
GRAIN_MILL_PRODUCTS , score: 0.8988177800972438
Skipping (good score) GRAIN_MILL_PRODUCTS , score: 0.899
SERVICES-ENGINEERING_ACCOUNTING_RESEARCH_MANAGEMENT , score: 0.8267775657675551
Skipping (good score) SERVICES-ENGINEERING_ACCOUNTING_RESEARCH_MANAGEMENT , score: 0.827
WOMENS_MISSES_AND_JUNIORS_OUTERWEAR , score: 0.8981965496455968
Skipping (good score) WOMENS_MISSES_AND_JUNIORS_OUTERWEAR , score: 0.898
SWITCHGEAR-SWITCHBOARD_APPARATUS , score: 0.8293442854417967
Skipping (good score) SWITCHGEAR-SWITCHBOARD_APPARATUS , score: 0.829
SOAP_DETERGENTS_CLEANG_PREPARATIONS_PERFUMES_COSMETICS , score: 0.9101123652580341
Skipping (good score) SOAP_DETERGENTS_CLEANG_PREPARATIONS_PERFUMES_COSMETICS , score: 0.910
OFFICE_MACHINES_NEC , score: 0.8829970568345036
Skipping (good score) OFFICE_MACHINES_NEC , score: 0.883
ACCIDENT-HEALTH_INSURANCE , score: 0.8834054902293573
Skipping (good score) ACCIDENT-HEALTH_INSURANCE , score: 0.883
WHOLESALE-GROCERIES-RELATED_PRODUCTS , score: 0.855417421889785
Skipping (good score) WHOLESALE-GROCERIES-RELATED_PRODUCTS , score: 0.855
MISCELLANEOUS_PUBLISHING , score: 0.8796729512560368
Skipping (good score) MISCELLANEOUS_PUBLISHING , score: 0.880
FORESTRY , score: 0.9564473484317508
Skipping (good score) FORESTRY , score: 0.956
WOOD_HOUSEHOLD_FURNITURE_NO_UPHOLSTERED , score: 0.7963146284345638
Skipping (good score) WOOD_HOUSEHOLD_FURNITURE_NO_UPHOLSTERED , score: 0.796
DRAWING-INSULATING_OF_NONFERROUS_WIRE , score: 0.8546725474906712
Skipping (good score) DRAWING-INSULATING_OF_NONFERROUS_WIRE , score: 0.855
BOOKS_PUBLISHING_OR_PUBLISHING-PRINTING , score: 0.8021527495275035
Skipping (good score) BOOKS_PUBLISHING_OR_PUBLISHING-PRINTING , score: 0.802
MACHINE_TOOLS_METAL_CUTTING_TYPES , score: 0.8795123570416832
Skipping (good score) MACHINE_TOOLS_METAL_CUTTING_TYPES , score: 0.880
MENS-BOYS_FURNISHGS_WORK_CLOTHG-ALLIED_GARMENTS , score: 0.8254488073764396
Skipping (good score) MENS-BOYS_FURNISHGS_WORK_CLOTHG-ALLIED_GARMENTS , score: 0.825
SEARCH_DETECTION_NAVAGATION_GUIDANCE_AERONAUTICAL_SYS , score: 0.894389438223673
Skipping (good score) SEARCH_DETECTION_NAVAGATION_GUIDANCE_AERONAUTICAL_SYS , score: 0.894
COMMUNICATIONS_EQUIPMENT_NEC , score: 0.8649502346147064
Skipping (good score) COMMUNICATIONS_EQUIPMENT_NEC , score: 0.865
COGENERATION_SERVICES-SMALL_POWER_PRODUCERS , score: 0.8712535934089056
Skipping (good score) COGENERATION_SERVICES-SMALL_POWER_PRODUCERS , score: 0.871
OIL-GAS_FIELD_MACHINERY-EQUIPMENT , score: 0.8596314121531204
Skipping (good score) OIL-GAS_FIELD_MACHINERY-EQUIPMENT , score: 0.860
SURETY_INSURANCE , score: 0.8831048650543462
Skipping (good score) SURETY_INSURANCE , score: 0.883
RETAIL-FURNITURE_STORES , score: 0.7674309899372782
Skipping (good score) RETAIL-FURNITURE_STORES , score: 0.767
RETAIL-LUMBER-OTHER_BUILDING_MATERIALS_DEALERS , score: 0.8628206146322551
Skipping (good score) RETAIL-LUMBER-OTHER_BUILDING_MATERIALS_DEALERS , score: 0.863
MALT_BEVERAGES , score: 0.9028661396721561
Skipping (good score) MALT_BEVERAGES , score: 0.903
MEASURING-CONTROLLING_DEVICES_NEC , score: 0.9066829946314943
Skipping (good score) MEASURING-CONTROLLING_DEVICES_NEC , score: 0.907
PLASTICS_FOIL-COATED_PAPER_BAGS , score: 0.9463738783952452
Skipping (good score) PLASTICS_FOIL-COATED_PAPER_BAGS , score: 0.946
RADIOTELEPHONE_COMMUNICATIONS , score: 0.9381911587486697
Skipping (good score) RADIOTELEPHONE_COMMUNICATIONS , score: 0.938
BITUMINOUS_COAL-LIGNITE_SURFACE_MINING , score: 0.8642182293338234
Skipping (good score) BITUMINOUS_COAL-LIGNITE_SURFACE_MINING , score: 0.864
SERVICES-HELP_SUPPLY_SERVICES , score: 0.9437817237812477
Skipping (good score) SERVICES-HELP_SUPPLY_SERVICES , score: 0.944
RETAIL-MISCELLANEOUS_SHOPPING_GOODS_STORES , score: 0.8148076733483341
Skipping (good score) RETAIL-MISCELLANEOUS_SHOPPING_GOODS_STORES , score: 0.815
MOTORCYCLES_BICYCLES-PARTS , score: 0.8389906155140713
Skipping (good score) MOTORCYCLES_BICYCLES-PARTS , score: 0.839
RETAIL-EATING_PLACES , score: 0.9488854829364932
Skipping (good score) RETAIL-EATING_PLACES , score: 0.949
SERVICES-SPECIALTY_OUTPATIENT_FACILITIES_NEC , score: 0.9028755294639564
Skipping (good score) SERVICES-SPECIALTY_OUTPATIENT_FACILITIES_NEC , score: 0.903
PRINTED_CIRCUIT_BOARDS , score: 0.8827941110514126
Skipping (good score) PRINTED_CIRCUIT_BOARDS , score: 0.883
GASKETS_PACKG-SEALG_DEVICES-RUBBER-PLASTICS_HOSE , score: 0.8704644120172617
Skipping (good score) GASKETS_PACKG-SEALG_DEVICES-RUBBER-PLASTICS_HOSE , score: 0.870
AIR_COURIER_SERVICES , score: 0.818940590515897
Skipping (good score) AIR_COURIER_SERVICES , score: 0.819
RAILROAD_SWITCHING-TERMINAL_ESTABLISHMENTS , score: 0.9598939726155655
Skipping (good score) RAILROAD_SWITCHING-TERMINAL_ESTABLISHMENTS , score: 0.960
COMMUNICATIONS_SERVICES_NEC , score: 0.87224830780749
Skipping (good score) COMMUNICATIONS_SERVICES_NEC , score: 0.872
COMPUTER_STORAGE_DEVICES , score: 0.88090209222664
Skipping (good score) COMPUTER_STORAGE_DEVICES , score: 0.881
STEEL_WORKS_BLAST_FURNACES-ROLLING-FINISHING_MILLS , score: 0.8625635850496608
Skipping (good score) STEEL_WORKS_BLAST_FURNACES-ROLLING-FINISHING_MILLS , score: 0.863
GOLD_AND_SILVER_ORES , score: 0.8621401654313229
Skipping (good score) GOLD_AND_SILVER_ORES , score: 0.862
SERVICES-MOTION_PICTURE_THEATERS , score: 0.8113476702656819
Skipping (good score) SERVICES-MOTION_PICTURE_THEATERS , score: 0.811
RETAIL-DRUG_STORES_AND_PROPRIETARY_STORES , score: 0.8800120281423133
Skipping (good score) RETAIL-DRUG_STORES_AND_PROPRIETARY_STORES , score: 0.880
PLASTIC_MATERIALS_SYNTH_RESINS-NONVULCAN_ELASTOMERS , score: 0.9094664782542125
Skipping (good score) PLASTIC_MATERIALS_SYNTH_RESINS-NONVULCAN_ELASTOMERS , score: 0.909
FABRICATED_STRUCTURAL_METAL_PRODUCTS , score: 0.8635195641366179
Skipping (good score) FABRICATED_STRUCTURAL_METAL_PRODUCTS , score: 0.864
SERVICES-HEALTH_SERVICES , score: 0.8071674357821799
Skipping (good score) SERVICES-HEALTH_SERVICES , score: 0.807
GENERAL_INDUSTRIAL_MACHINERY-EQUIPMENT_NEC , score: 0.8274671474918623
Skipping (good score) GENERAL_INDUSTRIAL_MACHINERY-EQUIPMENT_NEC , score: 0.827
ELECTRONIC-OTHER_ELECTRICAL_EQUIPMENT_NO_COMPUTER_EQUIP , score: 0.8528511682669883
Skipping (good score) ELECTRONIC-OTHER_ELECTRICAL_EQUIPMENT_NO_COMPUTER_EQUIP , score: 0.853
LIFE_INSURANCE , score: 0.9248933770823055
Skipping (good score) LIFE_INSURANCE , score: 0.925
FUNCTIONS_RELATED_TO_DEPOSITORY_BANKING_NEC , score: 0.7804439990822245
Skipping (good score) FUNCTIONS_RELATED_TO_DEPOSITORY_BANKING_NEC , score: 0.780
PUMPS-PUMPING_EQUIPMENT , score: 0.8794548728870153
Skipping (good score) PUMPS-PUMPING_EQUIPMENT , score: 0.879
SERVICES-EMPLOYMENT_AGENCIES , score: 0.8599984682700991
Skipping (good score) SERVICES-EMPLOYMENT_AGENCIES , score: 0.860
HOSPITAL-MEDICAL_SERVICE_PLANS , score: 0.9088166479202708
Skipping (good score) HOSPITAL-MEDICAL_SERVICE_PLANS , score: 0.909
PAPERBOARD_MILLS , score: 0.876750570459315
Skipping (good score) PAPERBOARD_MILLS , score: 0.877
WHOLESALE-HARDWARE , score: 0.9351329063332141
Skipping (good score) WHOLESALE-HARDWARE , score: 0.935
METAL_FORGINGS-STAMPINGS , score: 0.8051599329420639
Skipping (good score) METAL_FORGINGS-STAMPINGS , score: 0.805
ENGINES-TURBINES , score: 0.8730008894362272
Skipping (good score) ENGINES-TURBINES , score: 0.873
WATER_TRANSPORTATION , score: 0.9355204880345919
Skipping (good score) WATER_TRANSPORTATION , score: 0.936
CHEMICALS-ALLIED_PRODUCTS , score: 0.8797278039130886
Skipping (good score) CHEMICALS-ALLIED_PRODUCTS , score: 0.880
SERVICES-EQUIPMENT_RENTAL-LEASING_NEC , score: 0.9100538675730891
Skipping (good score) SERVICES-EQUIPMENT_RENTAL-LEASING_NEC , score: 0.910
TEXTILE_MILL_PRODUCTS , score: 0.8509152286170439
Skipping (good score) TEXTILE_MILL_PRODUCTS , score: 0.851
AGRICULTURAL_CHEMICALS , score: 0.9189989112352156
Skipping (good score) AGRICULTURAL_CHEMICALS , score: 0.919
DEEP_SEA_FOREIGN_TRANSPORTATION_OF_FREIGHT , score: 0.8919763109434226
Skipping (good score) DEEP_SEA_FOREIGN_TRANSPORTATION_OF_FREIGHT , score: 0.892
SERVICES-MOTION_PICTURE-VIDEO_TAPE_PRODUCTION , score: 0.78650479886234
Skipping (good score) SERVICES-MOTION_PICTURE-VIDEO_TAPE_PRODUCTION , score: 0.787
GLASS_CONTAINERS , score: 0.8820992089944847
Skipping (good score) GLASS_CONTAINERS , score: 0.882
PUBLIC_BLDG-RELATED_FURNITURE , score: 0.9861129813440206
Skipping (good score) PUBLIC_BLDG-RELATED_FURNITURE , score: 0.986
COATING_ENGRAVING-ALLIED_SERVICES , score: 0.9470126185393863
Skipping (good score) COATING_ENGRAVING-ALLIED_SERVICES , score: 0.947
RAILROADS_LINE-HAUL_OPERATING , score: 0.8774415821752112
Skipping (good score) RAILROADS_LINE-HAUL_OPERATING , score: 0.877
NEWSPAPERS_PUBLISHING_OR_PUBLISHING-PRINTING , score: 0.8078269863212761
Skipping (good score) NEWSPAPERS_PUBLISHING_OR_PUBLISHING-PRINTING , score: 0.808
MISC_INDUSTRIAL-COMMERCIAL_MACHINERY-EQUIPMENT , score: 0.8539604274134976
Skipping (good score) MISC_INDUSTRIAL-COMMERCIAL_MACHINERY-EQUIPMENT , score: 0.854
PERSONAL_CREDIT_INSTITUTIONS , score: 0.9219385590036124
Skipping (good score) PERSONAL_CREDIT_INSTITUTIONS , score: 0.922
SERVICES-COMPUTER_PROGRAMMING_SERVICES , score: 0.9441986471970195
Skipping (good score) SERVICES-COMPUTER_PROGRAMMING_SERVICES , score: 0.944
SERVICES-MISCELLANEOUS_BUSINESS_SERVICES , score: 0.8299919022326656
Skipping (good score) SERVICES-MISCELLANEOUS_BUSINESS_SERVICES , score: 0.830
INDUSTRIAL_INORGANIC_CHEMICALS , score: 0.8886498220084947
Skipping (good score) INDUSTRIAL_INORGANIC_CHEMICALS , score: 0.889
SERVICES-TESTING_LABORATORIES , score: 0.816507525682784
Skipping (good score) SERVICES-TESTING_LABORATORIES , score: 0.817
MISCELLANEOUS_BUSINESS_CREDIT_INSTITUTION , score: 0.8311601632844403
Skipping (good score) MISCELLANEOUS_BUSINESS_CREDIT_INSTITUTION , score: 0.831
RETAIL-CATALOG-MAIL-ORDER_HOUSES , score: 0.92825101893691
Skipping (good score) RETAIL-CATALOG-MAIL-ORDER_HOUSES , score: 0.928
POULTRY_SLAUGHTERING_AND_PROCESSING , score: 0.8470858983878833
Skipping (good score) POULTRY_SLAUGHTERING_AND_PROCESSING , score: 0.847
WHOLESALE-APPAREL_PIECE_GOODS-NOTIONS , score: 0.9051652829606408
Skipping (good score) WHOLESALE-APPAREL_PIECE_GOODS-NOTIONS , score: 0.905
SERVICES-PREPACKAGED_SOFTWARE , score: 0.9516646163119222
Skipping (good score) SERVICES-PREPACKAGED_SOFTWARE , score: 0.952
STATE_COMMERCIAL_BANKS , score: 0.9273605254336525
Skipping (good score) STATE_COMMERCIAL_BANKS , score: 0.927
SPECIAL_INDUSTRY_MACHINERY_NO_METALWORKING_MACHINERY , score: 0.8605129515547764
Skipping (good score) SPECIAL_INDUSTRY_MACHINERY_NO_METALWORKING_MACHINERY , score: 0.861
ABRASIVE_ASBESTOS-MISC_NONMETALLIC_MINERAL_PRODS , score: 0.8826924645449614
Skipping (good score) ABRASIVE_ASBESTOS-MISC_NONMETALLIC_MINERAL_PRODS , score: 0.883
TELEPHONE-TELEGRAPH_APPARATUS , score: 0.8883087759130726
Skipping (good score) TELEPHONE-TELEGRAPH_APPARATUS , score: 0.888
X-RAY_APPARATUS-TUBES-RELATED_IRRADIATION_APPARATUS , score: 0.8677760475744185
Skipping (good score) X-RAY_APPARATUS-TUBES-RELATED_IRRADIATION_APPARATUS , score: 0.868
CUT_STONE-STONE_PRODUCTS , score: 0.8859114560241127
Skipping (good score) CUT_STONE-STONE_PRODUCTS , score: 0.886
HEATING_EQUIP_EXCEPT_ELEC-WARM_AIR;-PLUMBING_FIXTURES , score: 0.8616229115331686
Skipping (good score) HEATING_EQUIP_EXCEPT_ELEC-WARM_AIR;-PLUMBING_FIXTURES , score: 0.862
SERVICES-COMPUTER_RENTAL-LEASING , score: 0.9973985409262787
Skipping (good score) SERVICES-COMPUTER_RENTAL-LEASING , score: 0.997
CIGARETTES , score: 0.8310035957907395
Skipping (good score) CIGARETTES , score: 0.831
COMPUTER_PERIPHERAL_EQUIPMENT_NEC , score: 0.8836036282457193
Skipping (good score) COMPUTER_PERIPHERAL_EQUIPMENT_NEC , score: 0.884
NONFERROUS_FOUNDRIES_CASTINGS , score: 0.8111215864123966
Skipping (good score) NONFERROUS_FOUNDRIES_CASTINGS , score: 0.811
PUBLIC_WAREHOUSING-STORAGE , score: 0.9921475129205592
Skipping (good score) PUBLIC_WAREHOUSING-STORAGE , score: 0.992
TOBACCO_PRODUCTS , score: 0.9492166632382985
Skipping (good score) TOBACCO_PRODUCTS , score: 0.949
MISCELLANEOUS_METAL_ORES , score: 0.7860716790722508
Skipping (good score) MISCELLANEOUS_METAL_ORES , score: 0.786
METALWORKG_MACHINERY-EQUIPMENT , score: 0.8611162214716598
Skipping (good score) METALWORKG_MACHINERY-EQUIPMENT , score: 0.861
INDUSTRIAL_INSTRUMENTS_FOR_MEASUREMENT_DISPLAY_AND_CONTROL , score: 0.9065082880542288
Skipping (good score) INDUSTRIAL_INSTRUMENTS_FOR_MEASUREMENT_DISPLAY_AND_CONTROL , score: 0.907
CONSTRUCTION_MINING-MATERIALS_HANDLING_MACHINERY-EQUIP , score: 0.7426114113927913
Skipping (good score) CONSTRUCTION_MINING-MATERIALS_HANDLING_MACHINERY-EQUIP , score: 0.743
SERVICES-DIRECT_MAIL_ADVERTISING_SERVICES , score: 0.9307093466777818
Skipping (good score) SERVICES-DIRECT_MAIL_ADVERTISING_SERVICES , score: 0.931
COMPUTER-OFFICE_EQUIPMENT , score: 0.8556840340203046
Skipping (good score) COMPUTER-OFFICE_EQUIPMENT , score: 0.856
BOLTS_NUTS_SCREWS_RIVETS-WASHERS , score: 0.9186537764744445
Skipping (good score) BOLTS_NUTS_SCREWS_RIVETS-WASHERS , score: 0.919
RETAIL-NONSTORE_RETAILERS , score: 0.9650531943011906
Skipping (good score) RETAIL-NONSTORE_RETAILERS , score: 0.965
PAPER_MILLS , score: 0.8340375183040265
Skipping (good score) PAPER_MILLS , score: 0.834
WHOLESALE-HARDWARE-PLUMBING-HEATING_EQUIPMENT-SUPPLIES , score: 0.8972650057180344
Skipping (good score) WHOLESALE-HARDWARE-PLUMBING-HEATING_EQUIPMENT-SUPPLIES , score: 0.897
PRIMARY_SMELTING-REFINING_OF_NONFERROUS_METALS , score: 0.9623841150737027
Skipping (good score) PRIMARY_SMELTING-REFINING_OF_NONFERROUS_METALS , score: 0.962
PATENT_OWNERS-LESSORS , score: 0.892622760787168
Skipping (good score) PATENT_OWNERS-LESSORS , score: 0.893
CEMENT_HYDRAULIC , score: 0.8726354797534928
Skipping (good score) CEMENT_HYDRAULIC , score: 0.873
WHOLESALE-MISC_DURABLE_GOODS , score: 0.8484664768782241
Skipping (good score) WHOLESALE-MISC_DURABLE_GOODS , score: 0.848
NATURAL_GAS_TRANSMISISON-DISTRIBUTION , score: 0.8908951732687896
Skipping (good score) NATURAL_GAS_TRANSMISISON-DISTRIBUTION , score: 0.891
HOTELS-MOTELS , score: 0.907756382392076
Skipping (good score) HOTELS-MOTELS , score: 0.908
METAL_SHIPPING_BARRELS_DRUMS_KEGS-PAILS , score: 0.87394385648473
Skipping (good score) METAL_SHIPPING_BARRELS_DRUMS_KEGS-PAILS , score: 0.874
RAILROAD_EQUIPMENT , score: 0.7981393591957747
Skipping (good score) RAILROAD_EQUIPMENT , score: 0.798
METAL_DOORS_SASH_FRAMES_MOLDINGS-TRIM , score: 0.8306255868695442
Skipping (good score) METAL_DOORS_SASH_FRAMES_MOLDINGS-TRIM , score: 0.831
POWER_DISTRIBUTION-SPECIALTY_TRANSFORMERS , score: 0.9284542151910503
Skipping (good score) POWER_DISTRIBUTION-SPECIALTY_TRANSFORMERS , score: 0.928
CRUDE_PETROLEUM-NATURAL_GAS , score: 0.9301586209430708
Skipping (good score) CRUDE_PETROLEUM-NATURAL_GAS , score: 0.930
ELECTRIC_LIGHTING-WIRING_EQUIPMENT , score: 0.7860778991843491
Skipping (good score) ELECTRIC_LIGHTING-WIRING_EQUIPMENT , score: 0.786
DOLLS-STUFFED_TOYS , score: 0.881733658730969
Skipping (good score) DOLLS-STUFFED_TOYS , score: 0.882
SERVICES-COMPUTER_INTEGRATED_SYSTEMS_DESIGN , score: 0.94601550232031
Skipping (good score) SERVICES-COMPUTER_INTEGRATED_SYSTEMS_DESIGN , score: 0.946
SERVICES-COMPUTER_PROGRAMMING_DATA_PROCESSING_ETC , score: 0.9233178346048182
Skipping (good score) SERVICES-COMPUTER_PROGRAMMING_DATA_PROCESSING_ETC , score: 0.923
RETAIL-WOMENS_CLOTHING_STORES , score: 0.8361845140976724
Skipping (good score) RETAIL-WOMENS_CLOTHING_STORES , score: 0.836
REAL_ESTATE , score: 0.916005464383732
Skipping (good score) REAL_ESTATE , score: 0.916
WHOLESALE-DURABLE_GOODS , score: 0.8995916402149485
Skipping (good score) WHOLESALE-DURABLE_GOODS , score: 0.900
APPAREL-OTHER_FINISHD_PRODS_OF_FABRICS-SIMILAR_MATL , score: 0.9045293863167715
Skipping (good score) APPAREL-OTHER_FINISHD_PRODS_OF_FABRICS-SIMILAR_MATL , score: 0.905
RETAIL-AUTO_DEALERS-GASOLINE_STATIONS , score: 0.9510835835749113
Skipping (good score) RETAIL-AUTO_DEALERS-GASOLINE_STATIONS , score: 0.951
ELECTRIC_SERVICES , score: 0.949623993450924
Skipping (good score) ELECTRIC_SERVICES , score: 0.950
SURGICAL-MEDICAL_INSTRUMENTS-APPARATUS , score: 0.9431390733747909
Skipping (good score) SURGICAL-MEDICAL_INSTRUMENTS-APPARATUS , score: 0.943
FIRE_MARINE-CASUALTY_INSURANCE , score: 0.9514876233575613
Skipping (good score) FIRE_MARINE-CASUALTY_INSURANCE , score: 0.951
SERVICES-MANAGEMENT_CONSULTING_SERVICES , score: 0.9376043322926175
Skipping (good score) SERVICES-MANAGEMENT_CONSULTING_SERVICES , score: 0.938
SANITARY_SERVICES , score: 0.926925432248351
Skipping (good score) SANITARY_SERVICES , score: 0.927
OIL_ROYALTY_TRADERS , score: 0.8695701062374829
Skipping (good score) OIL_ROYALTY_TRADERS , score: 0.870
WHOLESALE-DRUGS_PROPRIETARIES-DRUGGISTS_SUNDRIES , score: 0.891272113957422
Skipping (good score) WHOLESALE-DRUGS_PROPRIETARIES-DRUGGISTS_SUNDRIES , score: 0.891
SERVICES-COMPUTER_PROCESSING-DATA_PREPARATION , score: 0.9459883616834047
Skipping (good score) SERVICES-COMPUTER_PROCESSING-DATA_PREPARATION , score: 0.946
WATER_SEWER_PIPELINE_COMM-POWER_LINE_CONSTRUCTION , score: 0.8756407349704012
Skipping (good score) WATER_SEWER_PIPELINE_COMM-POWER_LINE_CONSTRUCTION , score: 0.876
COMMODITY_CONTRACTS_BROKERS-DEALERS , score: 0.7716709701023058
Skipping (good score) COMMODITY_CONTRACTS_BROKERS-DEALERS , score: 0.772
MOTOR_VEHICLES-PASSENGER_CAR_BODIES , score: 0.9499904838157093
Skipping (good score) MOTOR_VEHICLES-PASSENGER_CAR_BODIES , score: 0.950
MINERAL_ROYALTY_TRADERS , score: 0.8245648100181039
Skipping (good score) MINERAL_ROYALTY_TRADERS , score: 0.825
RETAIL-EATING-DRINKING_PLACES , score: 0.8594088472566735
Skipping (good score) RETAIL-EATING-DRINKING_PLACES , score: 0.859
SERVICES-BUSINESS_SERVICES_NEC , score: 0.9550235375391452
Skipping (good score) SERVICES-BUSINESS_SERVICES_NEC , score: 0.955
AIR-COND-WARM_AIR_HEATG_EQUIP-COMM-INDL_REFRIG_EQUIP , score: 0.8376480888551644
Skipping (good score) AIR-COND-WARM_AIR_HEATG_EQUIP-COMM-INDL_REFRIG_EQUIP , score: 0.838
OPERATORS_OF_NONRESIDENTIAL_BUILDINGS , score: 0.8022467390915068
Skipping (good score) OPERATORS_OF_NONRESIDENTIAL_BUILDINGS , score: 0.802
REFUSE_SYSTEMS , score: 0.852686026678775
Skipping (good score) REFUSE_SYSTEMS , score: 0.853
OIL-GAS_FIELD_SERVICES_NEC , score: 0.888424402049829
Skipping (good score) OIL-GAS_FIELD_SERVICES_NEC , score: 0.888
ELECTROMEDICAL-ELECTROTHERAPEUTIC_APPARATUS , score: 0.8828507666297776
Skipping (good score) ELECTROMEDICAL-ELECTROTHERAPEUTIC_APPARATUS , score: 0.883
ROLLING_DRAWING-EXTRUDING_OF_NONFERROUS_METALS , score: 0.8628389390243538
Skipping (good score) ROLLING_DRAWING-EXTRUDING_OF_NONFERROUS_METALS , score: 0.863
TELEPHONE_COMMUNICATIONS_NO_RADIOTELEPHONE , score: 0.948834773418447
Skipping (good score) TELEPHONE_COMMUNICATIONS_NO_RADIOTELEPHONE , score: 0.949
INDUSTRIAL_ORGANIC_CHEMICALS , score: 0.9479033901077064
Skipping (good score) INDUSTRIAL_ORGANIC_CHEMICALS , score: 0.948
PLASTIC_MATERIAL_SYNTH_RESIN-RUBBER_CELLULOS_NO_GLASS , score: 0.8346901790277315
Skipping (good score) PLASTIC_MATERIAL_SYNTH_RESIN-RUBBER_CELLULOS_NO_GLASS , score: 0.835
TIRES-INNER_TUBES , score: 0.8201466072534401
Skipping (good score) TIRES-INNER_TUBES , score: 0.820
AIRCRAFT_ENGINES-ENGINE_PARTS , score: 0.8705996692012966
Skipping (good score) AIRCRAFT_ENGINES-ENGINE_PARTS , score: 0.871
PHONOGRAPH_RECORDS-PRERECORDED_AUDIO_TAPES-DISKS , score: 0.9568428477312677
Skipping (good score) PHONOGRAPH_RECORDS-PRERECORDED_AUDIO_TAPES-DISKS , score: 0.957
SERVICES-AUTO_RENTAL-LEASING_NO_DRIVERS , score: 0.8610389866200758
Skipping (good score) SERVICES-AUTO_RENTAL-LEASING_NO_DRIVERS , score: 0.861
INSURANCE_AGENTS_BROKERS-SERVICE , score: 0.9414874235773906
Skipping (good score) INSURANCE_AGENTS_BROKERS-SERVICE , score: 0.941
RADIO-TV_BROADCASTING-COMMUNICATIONS_EQUIPMENT , score: 0.93733279791011
Skipping (good score) RADIO-TV_BROADCASTING-COMMUNICATIONS_EQUIPMENT , score: 0.937
ELECTRONIC_CONNECTORS , score: 0.8458332122148488
Skipping (good score) ELECTRONIC_CONNECTORS , score: 0.846
SECURITY_BROKERS_DEALERS-FLOTATION_COMPANIES , score: 0.9490910574067861
Skipping (good score) SECURITY_BROKERS_DEALERS-FLOTATION_COMPANIES , score: 0.949
INDUSTRIAL-COMMERCIAL_FANS-BLOWERS-AIR_PURIFING_EQUIP , score: 0.8330202436986841
Skipping (good score) INDUSTRIAL-COMMERCIAL_FANS-BLOWERS-AIR_PURIFING_EQUIP , score: 0.833
HEAVY_CONSTRUCTION_OTHER_THAN_BLDG_CONST-CONTRACTORS , score: 0.8691027595124837
Skipping (good score) HEAVY_CONSTRUCTION_OTHER_THAN_BLDG_CONST-CONTRACTORS , score: 0.869
FLAT_GLASS , score: 0.9413788975200826
Skipping (good score) FLAT_GLASS , score: 0.941
TRANSPORTATION_SERVICES , score: 0.9209376609589932
Skipping (good score) TRANSPORTATION_SERVICES , score: 0.921
RETAIL-VARIETY_STORES , score: 0.9462803679668258
Skipping (good score) RETAIL-VARIETY_STORES , score: 0.946
SERVICES-OFFICES-CLINICS_OF_DOCTORS_OF_MEDICINE , score: 0.8747814811472557
Skipping (good score) SERVICES-OFFICES-CLINICS_OF_DOCTORS_OF_MEDICINE , score: 0.875
OIL-GAS_FIELD_EXPLORATION_SERVICES , score: 0.864850405228901
Skipping (good score) OIL-GAS_FIELD_EXPLORATION_SERVICES , score: 0.865
ELECTRONIC_COMPONENTS_NEC , score: 0.8921187070865996
Skipping (good score) ELECTRONIC_COMPONENTS_NEC , score: 0.892
SERVICES-GENERAL_MEDICAL-SURGICAL_HOSPITALS_NEC , score: 0.8414510549903134
Skipping (good score) SERVICES-GENERAL_MEDICAL-SURGICAL_HOSPITALS_NEC , score: 0.841
UNSUPPORTED_PLASTICS_FILM-SHEET , score: 0.9513928250352917
Skipping (good score) UNSUPPORTED_PLASTICS_FILM-SHEET , score: 0.951
WHOLESALE-GROCERIES_GENERAL_LINE , score: 0.8296227162101983
Skipping (good score) WHOLESALE-GROCERIES_GENERAL_LINE , score: 0.830
process MOBILE_HOMES lvl: 3
loaded ../GRQ-portfolio/best/industry/v6/MOBILE_HOMES.json
4 mutations, mutation rate 8.5%, elitism 3, mutation FFW, selection FITNESS_PROPORTIONATE
Creature count: 50
Culling duplicate creature at 1 of 51
DeDuplication of 1 creatures to 50 in 129ms (previous experiment )
Training b14ef13f with 1 binary file, target error: 0.05, iterations: 1, sample rate: 100%, sparse: 100%
Discovery b14ef13f with 1 binary files, sample rate: 100%, batch size: 512
Discovery b14ef13f initialize time 106ms
Discovery b14ef13f processing .trainData-industry_88/MOBILE_HOMES/data.bin
Fine tuning increased fitness by 0.0000020215486125074733 to 0.7890995713961017 adjusted 1 weight 
Discovery b14ef13f read time 5ms for .trainData-industry_88/MOBILE_HOMES/data.bin with 4613 records
Discovery b14ef13f scanning time 8s 632ms
Discovery b14ef13f recorded time 9s 900ms
Fine tuning increased fitness by 0.000005023101213530445 to 0.7891045944973152 adjusted 1 weight 
Training d367cb56 with 1 binary file, target error: 0.05, iterations: 1, sample rate: 100%, sparse: 100%
Fine tuning increased fitness by 0.000006393672590143673 to 0.7891109881699053 adjusted 1 weight 
Training b2781c77 with 1 binary file, target error: 0.05, iterations: 1, sample rate: 100%, sparse: 100%
Fine tuning increased fitness by 4.2937640931661747e-7 to 0.7891299856858649 adjusted 64 weights, 1 bias 
Over populated 52, expected 50.
Remove neuron 22bdc13a-4b81-48e2-8422-ac88546ad0e3 as no longer connected
Training c5b50fdd with 1 binary file, target error: 0.05, iterations: 1, sample rate: 100%, sparse: 100%
Discovered beneficial synapse from input-78 to 21c22253-fffd-4184-9bb2-70f4cbb52972 with weight -1.0000, helping 25.0% more records than it harms (2858/4613)
Discovery b14ef13f analyze time 1m 7s 239ms found 1 candidates
Discovered harmful synapse from input-644 to 21c22253-fffd-4184-9bb2-70f4cbb52972, harming 19.5% more records than it helps (1856/4613)
Discovery b14ef13f analyze harmful time 4s 34ms found 1 candidates
Discovery b14ef13f analyze squashes time 4s 348ms found 0 candidates
Discovery f13058c2 with 1 binary files, sample rate: 100%, batch size: 512
Discovery f13058c2 initialize time 108ms
Discovery f13058c2 processing .trainData-industry_88/MOBILE_HOMES/data.bin
Fine tuning increased fitness by 3.5738816483998903e-7 to 0.7891308625520804 adjusted 64 weights, 1 bias 
Generation 10 score 0.7891308625520804  error 0.21081155744928204 avg time 9s 549ms
Discovery f13058c2 read time 10ms for .trainData-industry_88/MOBILE_HOMES/data.bin with 4613 records
Discovery f13058c2 scanning time 8s 323ms
Discovery f13058c2 recorded time 10s 408ms
Training 694864f2 with 1 binary file, target error: 0.05, iterations: 1, sample rate: 100%, sparse: 100%
Fine tuning increased fitness by 0.000012937653690814344 to 0.789151604572566 adjusted 134 weights, 5 biases 
Training 857881bc with 1 binary file, target error: 0.05, iterations: 1, sample rate: 100%, sparse: 100%
Remove neuron 63caf8bb-ceed-4a96-bfdc-275e7d856c2b as no longer connected
Over populated 52, expected 50.
Fine tuning increased fitness by 0.0000046235560940965925 to 0.7891790026136001 adjusted 158 weights, 4 biases 
Constant neuron 1820ae6a-1d4f-4149-8ad4-7b0a52164a41-2465 convert hidden to constant
Adjust neuron 1820ae6a-1d4f-4149-8ad4-7b0a52164a41-2465 bias -0.00001034922659383755 to 1.0710649109059439e-10
Training 7aaa3c30 with 1 binary file, target error: 0.05, iterations: 1, sample rate: 100%, sparse: 100%
Over populated 52, expected 50.
Fine tuning increased fitness by 0.000006180469857675064 to 0.7892060969713943 adjusted 126 weights, 7 biases 
Over populated 52, expected 50.
Fine tuning increased fitness by 0.00000194672810394092 to 0.7892080436994983 adjusted 126 weights, 7 biases 
Generation 18 score 0.7892080436994983  error 0.21073425630186524 avg time 8s 526ms
Set training/discovery clean up count to 2
Waiting for discovery to complete
Remove neuron 1820ae6a-1d4f-4149-8ad4-7b0a52164a41-1963 as no longer connected
Generation 19 score 0.7892103058317403  error 0.21073199416962318 avg time 1s 24ms
Waiting for discovery to complete
Fine tuning increased fitness by 0.0000057597174537571405 to 0.7892160655491941 adjusted 143 weights, 6 biases 
Generation 20 score 0.7892160655491941  error 0.21072623445216945 avg time 1s 11ms
Waiting for discovery to complete
Fine tuning increased fitness by 0.000004848957357861394 to 0.789220914506552 adjusted 143 weights, 6 biases 
Discovered beneficial synapse from input-1177 to 31a2963e-2331-4947-83a5-9ce7449d1f03 with weight -1.0000, helping 51.1% more records than it harms (3485/4613)
Discovery f13058c2 analyze time 1m 49s 517ms found 1 candidates
Generation 21 score 0.789220914506552  error 0.2107213854948116 avg time 990ms
Waiting for discovery to complete
Discovered harmful synapse from input-644 to 21c22253-fffd-4184-9bb2-70f4cbb52972, harming 19.6% more records than it helps (1855/4613)
Discovery f13058c2 analyze harmful time 4s 238ms found 1 candidates
Discovery f13058c2 analyze squashes time 4s 995ms found 1 candidate, Summary: 63caf8bb-ceed-4a96-bfdc-275e7d856c2b GAUSSIAN -> COMPLEMENT improved: 26.4% error: 1.3882691174411297e+26 -> 1.0214894584452509e+26
Generation 22 score 0.789231882834741  error 0.21071041716662248 avg time 1s 9ms
Waiting for discovery to complete
Fine tuning increased fitness by 0.000011226212554227288 to 0.7892431090472952 adjusted 168 weights, 8 biases 
Remove neuron 654dfb95-0d15-4113-a1d9-101d074898c5 as no longer connected
Over populated 53, expected 50.
Generation 23 score 0.7892431090472952  error 0.21069919095406825 avg time 944ms
Waiting for training/discovery clean up 2
Fine tuning increased fitness by 0.00000643722521220802 to 0.7892495462725074 adjusted 168 weights, 8 biases 
Generation 24 score 0.7892495462725074  error 0.2106927537288561 avg time 1s 6ms
Waiting for training/discovery clean up 1
Fine tuning increased fitness by 0.0000033177915004234393 to 0.7892528640640079 adjusted 201 weights, 9 biases 
Generation 25 score 0.7892528640640079  error 0.21068943593735565 avg time 957ms
{
  error: 0.21068943593735565,
  score: 0.7892528640640079,
  generation: 25,
  time: 250493,
  startScore: 0.7890975498474891
}
process WHOLESALE-LUMBER-OTHER_CONSTRUCTION_MATERIALS lvl: 3
loaded ../GRQ-portfolio/best/industry/v6/WHOLESALE-LUMBER-OTHER_CONSTRUCTION_MATERIALS.json
1 mutation, mutation rate 34.2%, elitism 6, mutation FFW, selection POWER
Creature count: 50
Culling duplicate creature at 1 of 51
DeDuplication of 1 creatures to 50 in 75ms (previous experiment )
Training 33da6318 with 1 binary file, target error: 0.05, iterations: 1, sample rate: 100%, sparse: 100%
Discovery 33da6318 with 1 binary files, sample rate: 100%, batch size: 512
Discovery 33da6318 initialize time 95ms
Discovery 33da6318 processing .trainData-industry_88/WHOLESALE-LUMBER-OTHER_CONSTRUCTION_MATERIALS/data.bin
Discovery 33da6318 read time 7ms for .trainData-industry_88/WHOLESALE-LUMBER-OTHER_CONSTRUCTION_MATERIALS/data.bin with 4613 records
Discovery 33da6318 scanning time 6s 165ms
Discovery 33da6318 recorded time 7s 685ms
Training eebda3d3 with 1 binary file, target error: 0.05, iterations: 1, sample rate: 100%, sparse: 100%
Fine tuning increased fitness by 5.309523900542956e-7 to 0.8425432294556686 adjusted 1 weight 
Fine tuning increased fitness by 0.000001044373267644616 to 0.8425442738289363 adjusted 1 weight 
Training 354d4066 with 1 binary file, target error: 0.05, iterations: 1, sample rate: 100%, sparse: 100%
Fine tuning increased fitness by 0.0000016517349629152633 to 0.8425459255638992 adjusted 1 weight 
Fine tuning increased fitness by 0.00000593884141164569 to 0.8425518644053108 adjusted 1 weight 
Training 7c8e748d with 1 binary file, target error: 0.05, iterations: 1, sample rate: 100%, sparse: 100%
Training 11b0bbd1 with 1 binary file, target error: 0.05, iterations: 1, sample rate: 100%, sparse: 100%
Fine tuning increased fitness by 0.00006894570972215686 to 0.8427176307331914 adjusted 91 weights, 1 bias 
Discovered beneficial synapse from d0cf5a5d-2316-47f7-bee3-03ae2e1e817b to 30a287bd-da14-4908-8b22-e3cf12d6d248 with weight 1.0000, helping 26.4% more records than it harms (2725/4613)
Discovery 33da6318 analyze time 50s 208ms found 1 candidates
Discovered harmful synapse from input-1013 to 30a287bd-da14-4908-8b22-e3cf12d6d248, harming 20.2% more records than it helps (1648/4613)
Discovery 33da6318 analyze harmful time 3s 240ms found 1 candidates
Generation 10 score 0.8427176307331914  error 0.15724100226761717 avg time 6s 504ms
Discovery 33da6318 analyze squashes time 3s 74ms found 0 candidates
Discovery 1e4685ac with 1 binary files, sample rate: 100%, batch size: 512
Discovery 1e4685ac initialize time 92ms
Discovery 1e4685ac processing .trainData-industry_88/WHOLESALE-LUMBER-OTHER_CONSTRUCTION_MATERIALS/data.bin
Discovery 1e4685ac read time 9ms for .trainData-industry_88/WHOLESALE-LUMBER-OTHER_CONSTRUCTION_MATERIALS/data.bin with 4613 records
Discovery 1e4685ac scanning time 7s 33ms
Training 571120c2 with 1 binary file, target error: 0.05, iterations: 1, sample rate: 100%, sparse: 100%
Fine tuning increased fitness by 0.00003975462723770917 to 0.8428175891072787 adjusted 92 weights, 1 bias 
Discovery 1e4685ac recorded time 8s 135ms
Training dcd890ea with 1 binary file, target error: 0.05, iterations: 1, sample rate: 100%, sparse: 100%
Training 4e2ee04b with 1 binary file, target error: 0.05, iterations: 1, sample rate: 100%, sparse: 100%
Training 8f036149 with 1 binary file, target error: 0.05, iterations: 1, sample rate: 100%, sparse: 100%
Over populated 52, expected 50.
Training f2f6dae9 with 1 binary file, target error: 0.05, iterations: 1, sample rate: 100%, sparse: 100%
Generation 20 score 0.8429329035096986  error 0.15702571949111016 avg time 7s 487ms
Discovered beneficial synapse from d0cf5a5d-2316-47f7-bee3-03ae2e1e817b to 30a287bd-da14-4908-8b22-e3cf12d6d248 with weight 1.0000, helping 26.4% more records than it harms (2725/4613)
Discovery 1e4685ac analyze time 1m 5s 914ms found 1 candidates
Fine tuning increased fitness by 0.000014433356677723275 to 0.8429473368663764 adjusted 3 weights, 1 bias 
Discovered harmful synapse from input-573 to bf7dff9b-6377-462b-9d5b-fcb02c5164cd, harming 25.9% more records than it helps (1555/4613)
Discovery 1e4685ac analyze harmful time 2s 923ms found 1 candidates
Discovery 1e4685ac analyze squashes time 2s 920ms found 0 candidates
Fine tuning increased fitness by 0.000024825399989270025 to 0.8429760667425711 adjusted 3 weights, 1 bias 
Generation 26 score 0.843014150243093  error 0.1569444727577158 avg time 4s 61ms
{
  error: 0.1569444727577158,
  score: 0.843014150243093,
  generation: 26,
  time: 180735,
  startScore: 0.8425426985032786
}
process SERVICES-MISCELLANEOUS_REPAIR_SERVICES lvl: 3
loaded ../GRQ-portfolio/best/industry/v6/SERVICES-MISCELLANEOUS_REPAIR_SERVICES.json
1 mutation, mutation rate 5.0%, elitism 2, mutation ALL, selection FITNESS_PROPORTIONATE
Creature count: 50
Culling duplicate creature at 1 of 51
DeDuplication of 1 creatures to 50 in 98ms (previous experiment )
Training 72e0712c with 1 binary file, target error: 0.05, iterations: 1, sample rate: 100%, sparse: 100%
Discovery 72e0712c with 1 binary files, sample rate: 100%, batch size: 512
Discovery 72e0712c initialize time 93ms
Discovery 72e0712c processing .trainData-industry_88/SERVICES-MISCELLANEOUS_REPAIR_SERVICES/data.bin
Replacing HYPOT neuron 7f328ea8-04b1-48f0-b63f-cb59a924a69b
Replacing HYPOT neuron 9cbb3816-0d3a-4c75-9405-18ab76aa0818
Replacing HYPOT neuron 7f328ea8-04b1-48f0-b63f-cb59a924a69b
Replacing HYPOT neuron 9cbb3816-0d3a-4c75-9405-18ab76aa0818
Replacing HYPOT neuron 7f328ea8-04b1-48f0-b63f-cb59a924a69b
Replacing HYPOT neuron 9cbb3816-0d3a-4c75-9405-18ab76aa0818
Replacing HYPOT neuron 7f328ea8-04b1-48f0-b63f-cb59a924a69b
Replacing HYPOT neuron 9cbb3816-0d3a-4c75-9405-18ab76aa0818
Replacing HYPOT neuron 7f328ea8-04b1-48f0-b63f-cb59a924a69b
Replacing HYPOT neuron 9cbb3816-0d3a-4c75-9405-18ab76aa0818
Replacing HYPOT neuron 7f328ea8-04b1-48f0-b63f-cb59a924a69b
Replacing HYPOT neuron 9cbb3816-0d3a-4c75-9405-18ab76aa0818
Replacing HYPOT neuron 7f328ea8-04b1-48f0-b63f-cb59a924a69b
Replacing HYPOT neuron 9cbb3816-0d3a-4c75-9405-18ab76aa0818
Replacing HYPOT neuron 7f328ea8-04b1-48f0-b63f-cb59a924a69b
Replacing HYPOT neuron 9cbb3816-0d3a-4c75-9405-18ab76aa0818
Replacing HYPOT neuron 7f328ea8-04b1-48f0-b63f-cb59a924a69b
Replacing HYPOT neuron 9cbb3816-0d3a-4c75-9405-18ab76aa0818
Replacing HYPOT neuron 7f328ea8-04b1-48f0-b63f-cb59a924a69b
Replacing HYPOT neuron 9cbb3816-0d3a-4c75-9405-18ab76aa0818
Replacing HYPOT neuron 7f328ea8-04b1-48f0-b63f-cb59a924a69b
Replacing HYPOT neuron 9cbb3816-0d3a-4c75-9405-18ab76aa0818
Replacing HYPOT neuron 7f328ea8-04b1-48f0-b63f-cb59a924a69b
Replacing HYPOT neuron 9cbb3816-0d3a-4c75-9405-18ab76aa0818
Replacing HYPOT neuron 7f328ea8-04b1-48f0-b63f-cb59a924a69b
Replacing HYPOT neuron 9cbb3816-0d3a-4c75-9405-18ab76aa0818
Replacing HYPOT neuron 7f328ea8-04b1-48f0-b63f-cb59a924a69b
Replacing HYPOT neuron 9cbb3816-0d3a-4c75-9405-18ab76aa0818
Discovery 72e0712c read time 12ms for .trainData-industry_88/SERVICES-MISCELLANEOUS_REPAIR_SERVICES/data.bin with 4613 records
Discovery 72e0712c scanning time 5s 543ms
Fine tuning increased fitness by 0.000040314142158326405 to 0.8055013531432916 adjusted 1 weight 
Replacing HYPOT neuron 7f328ea8-04b1-48f0-b63f-cb59a924a69b
Replacing HYPOT neuron 9cbb3816-0d3a-4c75-9405-18ab76aa0818
Replacing HYPOT neuron 7f328ea8-04b1-48f0-b63f-cb59a924a69b
Replacing HYPOT neuron 9cbb3816-0d3a-4c75-9405-18ab76aa0818
Replacing HYPOT neuron 7f328ea8-04b1-48f0-b63f-cb59a924a69b
Replacing HYPOT neuron 9cbb3816-0d3a-4c75-9405-18ab76aa0818
Replacing HYPOT neuron 7f328ea8-04b1-48f0-b63f-cb59a924a69b
Replacing HYPOT neuron 9cbb3816-0d3a-4c75-9405-18ab76aa0818
Replacing HYPOT neuron 7f328ea8-04b1-48f0-b63f-cb59a924a69b
Replacing HYPOT neuron 9cbb3816-0d3a-4c75-9405-18ab76aa0818
Replacing HYPOT neuron 7f328ea8-04b1-48f0-b63f-cb59a924a69b
Replacing HYPOT neuron 9cbb3816-0d3a-4c75-9405-18ab76aa0818
Replacing HYPOT neuron 7f328ea8-04b1-48f0-b63f-cb59a924a69b
Replacing HYPOT neuron 9cbb3816-0d3a-4c75-9405-18ab76aa0818
Replacing HYPOT neuron 7f328ea8-04b1-48f0-b63f-cb59a924a69b
Replacing HYPOT neuron 9cbb3816-0d3a-4c75-9405-18ab76aa0818
Replacing HYPOT neuron 7f328ea8-04b1-48f0-b63f-cb59a924a69b
Replacing HYPOT neuron 9cbb3816-0d3a-4c75-9405-18ab76aa0818
Replacing HYPOT neuron 7f328ea8-04b1-48f0-b63f-cb59a924a69b
Replacing HYPOT neuron 9cbb3816-0d3a-4c75-9405-18ab76aa0818
Replacing HYPOT neuron 7f328ea8-04b1-48f0-b63f-cb59a924a69b
Replacing HYPOT neuron 9cbb3816-0d3a-4c75-9405-18ab76aa0818
Discovery 72e0712c recorded time 6s 640ms
Replacing HYPOT neuron 7f328ea8-04b1-48f0-b63f-cb59a924a69b
Replacing HYPOT neuron 9cbb3816-0d3a-4c75-9405-18ab76aa0818
Replacing HYPOT neuron 7f328ea8-04b1-48f0-b63f-cb59a924a69b
Replacing HYPOT neuron 9cbb3816-0d3a-4c75-9405-18ab76aa0818
Replacing HYPOT neuron 7f328ea8-04b1-48f0-b63f-cb59a924a69b
Replacing HYPOT neuron 9cbb3816-0d3a-4c75-9405-18ab76aa0818
Replacing HYPOT neuron 7f328ea8-04b1-48f0-b63f-cb59a924a69b
Replacing HYPOT neuron 9cbb3816-0d3a-4c75-9405-18ab76aa0818
Replacing HYPOT neuron 7f328ea8-04b1-48f0-b63f-cb59a924a69b
Replacing HYPOT neuron 9cbb3816-0d3a-4c75-9405-18ab76aa0818
Replacing HYPOT neuron 7f328ea8-04b1-48f0-b63f-cb59a924a69b
Replacing HYPOT neuron 9cbb3816-0d3a-4c75-9405-18ab76aa0818
Replacing HYPOT neuron 7f328ea8-04b1-48f0-b63f-cb59a924a69b
Replacing HYPOT neuron 9cbb3816-0d3a-4c75-9405-18ab76aa0818
Replacing HYPOT neuron 7f328ea8-04b1-48f0-b63f-cb59a924a69b
Replacing HYPOT neuron 9cbb3816-0d3a-4c75-9405-18ab76aa0818
Replacing HYPOT neuron 7f328ea8-04b1-48f0-b63f-cb59a924a69b
Replacing HYPOT neuron 9cbb3816-0d3a-4c75-9405-18ab76aa0818
Replacing HYPOT neuron 7f328ea8-04b1-48f0-b63f-cb59a924a69b
Replacing HYPOT neuron 9cbb3816-0d3a-4c75-9405-18ab76aa0818
Replacing HYPOT neuron 7f328ea8-04b1-48f0-b63f-cb59a924a69b
Replacing HYPOT neuron 9cbb3816-0d3a-4c75-9405-18ab76aa0818
Replacing HYPOT neuron 7f328ea8-04b1-48f0-b63f-cb59a924a69b
Replacing HYPOT neuron 9cbb3816-0d3a-4c75-9405-18ab76aa0818
Replacing HYPOT neuron 7f328ea8-04b1-48f0-b63f-cb59a924a69b
Replacing HYPOT neuron 9cbb3816-0d3a-4c75-9405-18ab76aa0818
Replacing HYPOT neuron 7f328ea8-04b1-48f0-b63f-cb59a924a69b
Replacing HYPOT neuron 9cbb3816-0d3a-4c75-9405-18ab76aa0818
Replacing HYPOT neuron 7f328ea8-04b1-48f0-b63f-cb59a924a69b
Replacing HYPOT neuron 9cbb3816-0d3a-4c75-9405-18ab76aa0818
Replacing HYPOT neuron 7f328ea8-04b1-48f0-b63f-cb59a924a69b
Replacing HYPOT neuron 9cbb3816-0d3a-4c75-9405-18ab76aa0818
Replacing HYPOT neuron 7f328ea8-04b1-48f0-b63f-cb59a924a69b
Replacing HYPOT neuron 9cbb3816-0d3a-4c75-9405-18ab76aa0818
Replacing HYPOT neuron 7f328ea8-04b1-48f0-b63f-cb59a924a69b
Replacing HYPOT neuron 9cbb3816-0d3a-4c75-9405-18ab76aa0818
Replacing HYPOT neuron 7f328ea8-04b1-48f0-b63f-cb59a924a69b
Replacing HYPOT neuron 9cbb3816-0d3a-4c75-9405-18ab76aa0818
Replacing HYPOT neuron 7f328ea8-04b1-48f0-b63f-cb59a924a69b
Replacing HYPOT neuron 9cbb3816-0d3a-4c75-9405-18ab76aa0818
Replacing HYPOT neuron 7f328ea8-04b1-48f0-b63f-cb59a924a69b
Replacing HYPOT neuron 9cbb3816-0d3a-4c75-9405-18ab76aa0818
Fine tuning increased fitness by 0.000052571974240023245 to 0.8055539251175317 adjusted 1 weight 
Replacing HYPOT neuron 7f328ea8-04b1-48f0-b63f-cb59a924a69b
Replacing HYPOT neuron 9cbb3816-0d3a-4c75-9405-18ab76aa0818
Replacing HYPOT neuron 7f328ea8-04b1-48f0-b63f-cb59a924a69b
Replacing HYPOT neuron 9cbb3816-0d3a-4c75-9405-18ab76aa0818
Replacing HYPOT neuron 7f328ea8-04b1-48f0-b63f-cb59a924a69b
Replacing HYPOT neuron 9cbb3816-0d3a-4c75-9405-18ab76aa0818
Replacing HYPOT neuron 7f328ea8-04b1-48f0-b63f-cb59a924a69b
Replacing HYPOT neuron 9cbb3816-0d3a-4c75-9405-18ab76aa0818
Replacing HYPOT neuron 7f328ea8-04b1-48f0-b63f-cb59a924a69b
Replacing HYPOT neuron 9cbb3816-0d3a-4c75-9405-18ab76aa0818
Replacing HYPOT neuron 7f328ea8-04b1-48f0-b63f-cb59a924a69b
Replacing HYPOT neuron 9cbb3816-0d3a-4c75-9405-18ab76aa0818
Replacing HYPOT neuron 7f328ea8-04b1-48f0-b63f-cb59a924a69b
Replacing HYPOT neuron 9cbb3816-0d3a-4c75-9405-18ab76aa0818
Replacing HYPOT neuron 7f328ea8-04b1-48f0-b63f-cb59a924a69b
Replacing HYPOT neuron 9cbb3816-0d3a-4c75-9405-18ab76aa0818
Replacing HYPOT neuron 7f328ea8-04b1-48f0-b63f-cb59a924a69b
Replacing HYPOT neuron 9cbb3816-0d3a-4c75-9405-18ab76aa0818
Replacing HYPOT neuron 7f328ea8-04b1-48f0-b63f-cb59a924a69b
Replacing HYPOT neuron 9cbb3816-0d3a-4c75-9405-18ab76aa0818
Replacing HYPOT neuron 7f328ea8-04b1-48f0-b63f-cb59a924a69b
Replacing HYPOT neuron 9cbb3816-0d3a-4c75-9405-18ab76aa0818
Replacing HYPOT neuron 7f328ea8-04b1-48f0-b63f-cb59a924a69b
Replacing HYPOT neuron 9cbb3816-0d3a-4c75-9405-18ab76aa0818
Replacing HYPOT neuron 7f328ea8-04b1-48f0-b63f-cb59a924a69b
Replacing HYPOT neuron 9cbb3816-0d3a-4c75-9405-18ab76aa0818
Replacing HYPOT neuron 7f328ea8-04b1-48f0-b63f-cb59a924a69b
Replacing HYPOT neuron 9cbb3816-0d3a-4c75-9405-18ab76aa0818
Replacing HYPOT neuron 7f328ea8-04b1-48f0-b63f-cb59a924a69b
Replacing HYPOT neuron 9cbb3816-0d3a-4c75-9405-18ab76aa0818
Replacing HYPOT neuron 7f328ea8-04b1-48f0-b63f-cb59a924a69b
Replacing HYPOT neuron 9cbb3816-0d3a-4c75-9405-18ab76aa0818
Replacing HYPOT neuron 7f328ea8-04b1-48f0-b63f-cb59a924a69b
Replacing HYPOT neuron 9cbb3816-0d3a-4c75-9405-18ab76aa0818
Replacing HYPOT neuron 7f328ea8-04b1-48f0-b63f-cb59a924a69b
Replacing HYPOT neuron 9cbb3816-0d3a-4c75-9405-18ab76aa0818
Replacing HYPOT neuron 7f328ea8-04b1-48f0-b63f-cb59a924a69b
Replacing HYPOT neuron 9cbb3816-0d3a-4c75-9405-18ab76aa0818
Replacing HYPOT neuron 7f328ea8-04b1-48f0-b63f-cb59a924a69b
Replacing HYPOT neuron 9cbb3816-0d3a-4c75-9405-18ab76aa0818
Replacing HYPOT neuron 7f328ea8-04b1-48f0-b63f-cb59a924a69b
Replacing HYPOT neuron 9cbb3816-0d3a-4c75-9405-18ab76aa0818
Replacing HYPOT neuron 7f328ea8-04b1-48f0-b63f-cb59a924a69b
Replacing HYPOT neuron 9cbb3816-0d3a-4c75-9405-18ab76aa0818
Replacing HYPOT neuron 7f328ea8-04b1-48f0-b63f-cb59a924a69b
Replacing HYPOT neuron 9cbb3816-0d3a-4c75-9405-18ab76aa0818
Replacing HYPOT neuron 7f328ea8-04b1-48f0-b63f-cb59a924a69b
Replacing HYPOT neuron 9cbb3816-0d3a-4c75-9405-18ab76aa0818
Replacing HYPOT neuron 7f328ea8-04b1-48f0-b63f-cb59a924a69b
Replacing HYPOT neuron 9cbb3816-0d3a-4c75-9405-18ab76aa0818
Replacing HYPOT neuron 7f328ea8-04b1-48f0-b63f-cb59a924a69b
Replacing HYPOT neuron 9cbb3816-0d3a-4c75-9405-18ab76aa0818
Replacing HYPOT neuron 7f328ea8-04b1-48f0-b63f-cb59a924a69b
Replacing HYPOT neuron 9cbb3816-0d3a-4c75-9405-18ab76aa0818
Replacing HYPOT neuron 7f328ea8-04b1-48f0-b63f-cb59a924a69b
Replacing HYPOT neuron 9cbb3816-0d3a-4c75-9405-18ab76aa0818
Replacing HYPOT neuron 7f328ea8-04b1-48f0-b63f-cb59a924a69b
Replacing HYPOT neuron 9cbb3816-0d3a-4c75-9405-18ab76aa0818
Replacing HYPOT neuron 7f328ea8-04b1-48f0-b63f-cb59a924a69b
Replacing HYPOT neuron 9cbb3816-0d3a-4c75-9405-18ab76aa0818
Replacing HYPOT neuron 7f328ea8-04b1-48f0-b63f-cb59a924a69b
Replacing HYPOT neuron 9cbb3816-0d3a-4c75-9405-18ab76aa0818
Replacing HYPOT neuron 7f328ea8-04b1-48f0-b63f-cb59a924a69b
Replacing HYPOT neuron 9cbb3816-0d3a-4c75-9405-18ab76aa0818
Replacing HYPOT neuron 7f328ea8-04b1-48f0-b63f-cb59a924a69b
Replacing HYPOT neuron 9cbb3816-0d3a-4c75-9405-18ab76aa0818
Replacing HYPOT neuron 7f328ea8-04b1-48f0-b63f-cb59a924a69b
Replacing HYPOT neuron 9cbb3816-0d3a-4c75-9405-18ab76aa0818
Replacing HYPOT neuron 7f328ea8-04b1-48f0-b63f-cb59a924a69b
Replacing HYPOT neuron 9cbb3816-0d3a-4c75-9405-18ab76aa0818
Replacing HYPOT neuron 7f328ea8-04b1-48f0-b63f-cb59a924a69b
Replacing HYPOT neuron 9cbb3816-0d3a-4c75-9405-18ab76aa0818
Replacing HYPOT neuron 7f328ea8-04b1-48f0-b63f-cb59a924a69b
Replacing HYPOT neuron 9cbb3816-0d3a-4c75-9405-18ab76aa0818
Replacing HYPOT neuron 7f328ea8-04b1-48f0-b63f-cb59a924a69b
Replacing HYPOT neuron 9cbb3816-0d3a-4c75-9405-18ab76aa0818
Replacing HYPOT neuron 7f328ea8-04b1-48f0-b63f-cb59a924a69b
Replacing HYPOT neuron 9cbb3816-0d3a-4c75-9405-18ab76aa0818
Replacing HYPOT neuron 7f328ea8-04b1-48f0-b63f-cb59a924a69b
Replacing HYPOT neuron 9cbb3816-0d3a-4c75-9405-18ab76aa0818
Replacing HYPOT neuron 7f328ea8-04b1-48f0-b63f-cb59a924a69b
Replacing HYPOT neuron 9cbb3816-0d3a-4c75-9405-18ab76aa0818
Replacing HYPOT neuron 7f328ea8-04b1-48f0-b63f-cb59a924a69b
Replacing HYPOT neuron 9cbb3816-0d3a-4c75-9405-18ab76aa0818
Training 6256fda4 with 1 binary file, target error: 0.05, iterations: 1, sample rate: 100%, sparse: 100%
Fine tuning increased fitness by 0.000032740427774236025 to 0.8055866655453059 adjusted 1 weight 
Replacing HYPOT neuron 7f328ea8-04b1-48f0-b63f-cb59a924a69b
Replacing HYPOT neuron 9cbb3816-0d3a-4c75-9405-18ab76aa0818
Replacing HYPOT neuron 7f328ea8-04b1-48f0-b63f-cb59a924a69b
Replacing HYPOT neuron 9cbb3816-0d3a-4c75-9405-18ab76aa0818
Replacing HYPOT neuron 7f328ea8-04b1-48f0-b63f-cb59a924a69b
Replacing HYPOT neuron 9cbb3816-0d3a-4c75-9405-18ab76aa0818
Replacing HYPOT neuron 7f328ea8-04b1-48f0-b63f-cb59a924a69b
Replacing HYPOT neuron 9cbb3816-0d3a-4c75-9405-18ab76aa0818
Replacing HYPOT neuron 7f328ea8-04b1-48f0-b63f-cb59a924a69b
Replacing HYPOT neuron 9cbb3816-0d3a-4c75-9405-18ab76aa0818
Replacing HYPOT neuron 7f328ea8-04b1-48f0-b63f-cb59a924a69b
Replacing HYPOT neuron 9cbb3816-0d3a-4c75-9405-18ab76aa0818
Replacing HYPOT neuron 7f328ea8-04b1-48f0-b63f-cb59a924a69b
Replacing HYPOT neuron 9cbb3816-0d3a-4c75-9405-18ab76aa0818
Replacing HYPOT neuron 7f328ea8-04b1-48f0-b63f-cb59a924a69b
Replacing HYPOT neuron 9cbb3816-0d3a-4c75-9405-18ab76aa0818
Replacing HYPOT neuron 7f328ea8-04b1-48f0-b63f-cb59a924a69b
Replacing HYPOT neuron 9cbb3816-0d3a-4c75-9405-18ab76aa0818
Replacing HYPOT neuron 7f328ea8-04b1-48f0-b63f-cb59a924a69b
Replacing HYPOT neuron 9cbb3816-0d3a-4c75-9405-18ab76aa0818
Replacing HYPOT neuron 7f328ea8-04b1-48f0-b63f-cb59a924a69b
Replacing HYPOT neuron 9cbb3816-0d3a-4c75-9405-18ab76aa0818
Replacing HYPOT neuron 7f328ea8-04b1-48f0-b63f-cb59a924a69b
Replacing HYPOT neuron 9cbb3816-0d3a-4c75-9405-18ab76aa0818
Replacing HYPOT neuron 7f328ea8-04b1-48f0-b63f-cb59a924a69b
Replacing HYPOT neuron 9cbb3816-0d3a-4c75-9405-18ab76aa0818
Replacing HYPOT neuron 7f328ea8-04b1-48f0-b63f-cb59a924a69b
Replacing HYPOT neuron 9cbb3816-0d3a-4c75-9405-18ab76aa0818
Replacing HYPOT neuron 7f328ea8-04b1-48f0-b63f-cb59a924a69b
Replacing HYPOT neuron 9cbb3816-0d3a-4c75-9405-18ab76aa0818
Replacing HYPOT neuron 7f328ea8-04b1-48f0-b63f-cb59a924a69b
Replacing HYPOT neuron 9cbb3816-0d3a-4c75-9405-18ab76aa0818
Replacing HYPOT neuron 7f328ea8-04b1-48f0-b63f-cb59a924a69b
Replacing HYPOT neuron 9cbb3816-0d3a-4c75-9405-18ab76aa0818
Replacing HYPOT neuron 7f328ea8-04b1-48f0-b63f-cb59a924a69b
Replacing HYPOT neuron 9cbb3816-0d3a-4c75-9405-18ab76aa0818
Replacing HYPOT neuron 7f328ea8-04b1-48f0-b63f-cb59a924a69b
Replacing HYPOT neuron 9cbb3816-0d3a-4c75-9405-18ab76aa0818
Replacing HYPOT neuron 7f328ea8-04b1-48f0-b63f-cb59a924a69b
Replacing HYPOT neuron 9cbb3816-0d3a-4c75-9405-18ab76aa0818
Replacing HYPOT neuron 7f328ea8-04b1-48f0-b63f-cb59a924a69b
Replacing HYPOT neuron 9cbb3816-0d3a-4c75-9405-18ab76aa0818
Replacing HYPOT neuron 7f328ea8-04b1-48f0-b63f-cb59a924a69b
Replacing HYPOT neuron 9cbb3816-0d3a-4c75-9405-18ab76aa0818
Replacing HYPOT neuron 7f328ea8-04b1-48f0-b63f-cb59a924a69b
Replacing HYPOT neuron 9cbb3816-0d3a-4c75-9405-18ab76aa0818
Replacing HYPOT neuron 7f328ea8-04b1-48f0-b63f-cb59a924a69b
Replacing HYPOT neuron 9cbb3816-0d3a-4c75-9405-18ab76aa0818
Replacing HYPOT neuron 7f328ea8-04b1-48f0-b63f-cb59a924a69b
Replacing HYPOT neuron 9cbb3816-0d3a-4c75-9405-18ab76aa0818
Replacing HYPOT neuron 7f328ea8-04b1-48f0-b63f-cb59a924a69b
Replacing HYPOT neuron 9cbb3816-0d3a-4c75-9405-18ab76aa0818
Replacing HYPOT neuron 7f328ea8-04b1-48f0-b63f-cb59a924a69b
Replacing HYPOT neuron 9cbb3816-0d3a-4c75-9405-18ab76aa0818
Replacing HYPOT neuron 7f328ea8-04b1-48f0-b63f-cb59a924a69b
Replacing HYPOT neuron 9cbb3816-0d3a-4c75-9405-18ab76aa0818
Replacing HYPOT neuron 7f328ea8-04b1-48f0-b63f-cb59a924a69b
Replacing HYPOT neuron 9cbb3816-0d3a-4c75-9405-18ab76aa0818
Replacing HYPOT neuron 7f328ea8-04b1-48f0-b63f-cb59a924a69b
Replacing HYPOT neuron 9cbb3816-0d3a-4c75-9405-18ab76aa0818
Replacing HYPOT neuron 7f328ea8-04b1-48f0-b63f-cb59a924a69b
Replacing HYPOT neuron 9cbb3816-0d3a-4c75-9405-18ab76aa0818
Replacing HYPOT neuron 7f328ea8-04b1-48f0-b63f-cb59a924a69b
Replacing HYPOT neuron 9cbb3816-0d3a-4c75-9405-18ab76aa0818
Replacing HYPOT neuron 7f328ea8-04b1-48f0-b63f-cb59a924a69b
Replacing HYPOT neuron 9cbb3816-0d3a-4c75-9405-18ab76aa0818
Replacing HYPOT neuron 7f328ea8-04b1-48f0-b63f-cb59a924a69b
Replacing HYPOT neuron 9cbb3816-0d3a-4c75-9405-18ab76aa0818
Replacing HYPOT neuron 7f328ea8-04b1-48f0-b63f-cb59a924a69b
Replacing HYPOT neuron 9cbb3816-0d3a-4c75-9405-18ab76aa0818
Replacing HYPOT neuron 7f328ea8-04b1-48f0-b63f-cb59a924a69b
Replacing HYPOT neuron 9cbb3816-0d3a-4c75-9405-18ab76aa0818
Replacing HYPOT neuron 7f328ea8-04b1-48f0-b63f-cb59a924a69b
Replacing HYPOT neuron 9cbb3816-0d3a-4c75-9405-18ab76aa0818
Replacing HYPOT neuron 7f328ea8-04b1-48f0-b63f-cb59a924a69b
Replacing HYPOT neuron 9cbb3816-0d3a-4c75-9405-18ab76aa0818
Replacing HYPOT neuron 7f328ea8-04b1-48f0-b63f-cb59a924a69b
Replacing HYPOT neuron 9cbb3816-0d3a-4c75-9405-18ab76aa0818
Replacing HYPOT neuron 7f328ea8-04b1-48f0-b63f-cb59a924a69b
Replacing HYPOT neuron 9cbb3816-0d3a-4c75-9405-18ab76aa0818
Replacing HYPOT neuron 7f328ea8-04b1-48f0-b63f-cb59a924a69b
Replacing HYPOT neuron 9cbb3816-0d3a-4c75-9405-18ab76aa0818
Replacing HYPOT neuron 7f328ea8-04b1-48f0-b63f-cb59a924a69b
Replacing HYPOT neuron 9cbb3816-0d3a-4c75-9405-18ab76aa0818
Replacing HYPOT neuron 7f328ea8-04b1-48f0-b63f-cb59a924a69b
Replacing HYPOT neuron 9cbb3816-0d3a-4c75-9405-18ab76aa0818
Replacing HYPOT neuron 7f328ea8-04b1-48f0-b63f-cb59a924a69b
Replacing HYPOT neuron 9cbb3816-0d3a-4c75-9405-18ab76aa0818
Replacing HYPOT neuron 7f328ea8-04b1-48f0-b63f-cb59a924a69b
Replacing HYPOT neuron 9cbb3816-0d3a-4c75-9405-18ab76aa0818
Replacing HYPOT neuron 7f328ea8-04b1-48f0-b63f-cb59a924a69b
Replacing HYPOT neuron 9cbb3816-0d3a-4c75-9405-18ab76aa0818
Replacing HYPOT neuron 7f328ea8-04b1-48f0-b63f-cb59a924a69b
Replacing HYPOT neuron 9cbb3816-0d3a-4c75-9405-18ab76aa0818
Replacing HYPOT neuron 7f328ea8-04b1-48f0-b63f-cb59a924a69b
Replacing HYPOT neuron 9cbb3816-0d3a-4c75-9405-18ab76aa0818
Fine tuning increased fitness by 3.753879138645999e-7 to 0.8055870409332198 adjusted 1 weight 
Replacing HYPOT neuron 7f328ea8-04b1-48f0-b63f-cb59a924a69b
Replacing HYPOT neuron 9cbb3816-0d3a-4c75-9405-18ab76aa0818
Replacing HYPOT neuron 7f328ea8-04b1-48f0-b63f-cb59a924a69b
Replacing HYPOT neuron 9cbb3816-0d3a-4c75-9405-18ab76aa0818
Replacing HYPOT neuron 7f328ea8-04b1-48f0-b63f-cb59a924a69b
Replacing HYPOT neuron 9cbb3816-0d3a-4c75-9405-18ab76aa0818
Replacing HYPOT neuron 7f328ea8-04b1-48f0-b63f-cb59a924a69b
Replacing HYPOT neuron 9cbb3816-0d3a-4c75-9405-18ab76aa0818
Replacing HYPOT neuron 7f328ea8-04b1-48f0-b63f-cb59a924a69b
Replacing HYPOT neuron 9cbb3816-0d3a-4c75-9405-18ab76aa0818
Replacing HYPOT neuron 7f328ea8-04b1-48f0-b63f-cb59a924a69b
Replacing HYPOT neuron 9cbb3816-0d3a-4c75-9405-18ab76aa0818
Replacing HYPOT neuron 7f328ea8-04b1-48f0-b63f-cb59a924a69b
Replacing HYPOT neuron 9cbb3816-0d3a-4c75-9405-18ab76aa0818
Replacing HYPOT neuron 7f328ea8-04b1-48f0-b63f-cb59a924a69b
Replacing HYPOT neuron 9cbb3816-0d3a-4c75-9405-18ab76aa0818
Replacing HYPOT neuron 7f328ea8-04b1-48f0-b63f-cb59a924a69b
Replacing HYPOT neuron 9cbb3816-0d3a-4c75-9405-18ab76aa0818
Replacing HYPOT neuron 7f328ea8-04b1-48f0-b63f-cb59a924a69b
Replacing HYPOT neuron 9cbb3816-0d3a-4c75-9405-18ab76aa0818
Replacing HYPOT neuron 7f328ea8-04b1-48f0-b63f-cb59a924a69b
Replacing HYPOT neuron 9cbb3816-0d3a-4c75-9405-18ab76aa0818
Replacing HYPOT neuron 7f328ea8-04b1-48f0-b63f-cb59a924a69b
Replacing HYPOT neuron 9cbb3816-0d3a-4c75-9405-18ab76aa0818
Replacing HYPOT neuron 7f328ea8-04b1-48f0-b63f-cb59a924a69b
Replacing HYPOT neuron 9cbb3816-0d3a-4c75-9405-18ab76aa0818
Replacing HYPOT neuron 7f328ea8-04b1-48f0-b63f-cb59a924a69b
Replacing HYPOT neuron 9cbb3816-0d3a-4c75-9405-18ab76aa0818
Replacing HYPOT neuron 7f328ea8-04b1-48f0-b63f-cb59a924a69b
Replacing HYPOT neuron 9cbb3816-0d3a-4c75-9405-18ab76aa0818
Replacing HYPOT neuron 7f328ea8-04b1-48f0-b63f-cb59a924a69b
Replacing HYPOT neuron 9cbb3816-0d3a-4c75-9405-18ab76aa0818
Replacing HYPOT neuron 7f328ea8-04b1-48f0-b63f-cb59a924a69b
Replacing HYPOT neuron 9cbb3816-0d3a-4c75-9405-18ab76aa0818
Replacing HYPOT neuron 7f328ea8-04b1-48f0-b63f-cb59a924a69b
Replacing HYPOT neuron 9cbb3816-0d3a-4c75-9405-18ab76aa0818
Replacing HYPOT neuron 7f328ea8-04b1-48f0-b63f-cb59a924a69b
Replacing HYPOT neuron 9cbb3816-0d3a-4c75-9405-18ab76aa0818
Replacing HYPOT neuron 7f328ea8-04b1-48f0-b63f-cb59a924a69b
Replacing HYPOT neuron 9cbb3816-0d3a-4c75-9405-18ab76aa0818
Replacing HYPOT neuron 7f328ea8-04b1-48f0-b63f-cb59a924a69b
Replacing HYPOT neuron 9cbb3816-0d3a-4c75-9405-18ab76aa0818
Replacing HYPOT neuron 7f328ea8-04b1-48f0-b63f-cb59a924a69b
Replacing HYPOT neuron 9cbb3816-0d3a-4c75-9405-18ab76aa0818
Replacing HYPOT neuron 7f328ea8-04b1-48f0-b63f-cb59a924a69b
Replacing HYPOT neuron 9cbb3816-0d3a-4c75-9405-18ab76aa0818
Replacing HYPOT neuron 7f328ea8-04b1-48f0-b63f-cb59a924a69b
Replacing HYPOT neuron 9cbb3816-0d3a-4c75-9405-18ab76aa0818
Replacing HYPOT neuron 7f328ea8-04b1-48f0-b63f-cb59a924a69b
Replacing HYPOT neuron 9cbb3816-0d3a-4c75-9405-18ab76aa0818
Replacing HYPOT neuron 7f328ea8-04b1-48f0-b63f-cb59a924a69b
Replacing HYPOT neuron 9cbb3816-0d3a-4c75-9405-18ab76aa0818
Replacing HYPOT neuron 7f328ea8-04b1-48f0-b63f-cb59a924a69b
Replacing HYPOT neuron 9cbb3816-0d3a-4c75-9405-18ab76aa0818
Replacing HYPOT neuron 7f328ea8-04b1-48f0-b63f-cb59a924a69b
Replacing HYPOT neuron 9cbb3816-0d3a-4c75-9405-18ab76aa0818
Replacing HYPOT neuron 7f328ea8-04b1-48f0-b63f-cb59a924a69b
Replacing HYPOT neuron 9cbb3816-0d3a-4c75-9405-18ab76aa0818
Replacing HYPOT neuron 7f328ea8-04b1-48f0-b63f-cb59a924a69b
Replacing HYPOT neuron 9cbb3816-0d3a-4c75-9405-18ab76aa0818
Replacing HYPOT neuron 7f328ea8-04b1-48f0-b63f-cb59a924a69b
Replacing HYPOT neuron 9cbb3816-0d3a-4c75-9405-18ab76aa0818
Replacing HYPOT neuron 7f328ea8-04b1-48f0-b63f-cb59a924a69b
Replacing HYPOT neuron 9cbb3816-0d3a-4c75-9405-18ab76aa0818
Replacing HYPOT neuron 7f328ea8-04b1-48f0-b63f-cb59a924a69b
Replacing HYPOT neuron 9cbb3816-0d3a-4c75-9405-18ab76aa0818
Replacing HYPOT neuron 7f328ea8-04b1-48f0-b63f-cb59a924a69b
Replacing HYPOT neuron 9cbb3816-0d3a-4c75-9405-18ab76aa0818
Replacing HYPOT neuron 7f328ea8-04b1-48f0-b63f-cb59a924a69b
Replacing HYPOT neuron 9cbb3816-0d3a-4c75-9405-18ab76aa0818
Replacing HYPOT neuron 7f328ea8-04b1-48f0-b63f-cb59a924a69b
Replacing HYPOT neuron 9cbb3816-0d3a-4c75-9405-18ab76aa0818
Replacing HYPOT neuron 7f328ea8-04b1-48f0-b63f-cb59a924a69b
Replacing HYPOT neuron 9cbb3816-0d3a-4c75-9405-18ab76aa0818
Replacing HYPOT neuron 7f328ea8-04b1-48f0-b63f-cb59a924a69b
Replacing HYPOT neuron 9cbb3816-0d3a-4c75-9405-18ab76aa0818
Replacing HYPOT neuron 7f328ea8-04b1-48f0-b63f-cb59a924a69b
Replacing HYPOT neuron 9cbb3816-0d3a-4c75-9405-18ab76aa0818
Replacing HYPOT neuron 7f328ea8-04b1-48f0-b63f-cb59a924a69b
Replacing HYPOT neuron 9cbb3816-0d3a-4c75-9405-18ab76aa0818
Replacing HYPOT neuron 7f328ea8-04b1-48f0-b63f-cb59a924a69b
Replacing HYPOT neuron 9cbb3816-0d3a-4c75-9405-18ab76aa0818
Replacing HYPOT neuron 7f328ea8-04b1-48f0-b63f-cb59a924a69b
Replacing HYPOT neuron 9cbb3816-0d3a-4c75-9405-18ab76aa0818
Replacing HYPOT neuron 7f328ea8-04b1-48f0-b63f-cb59a924a69b
Replacing HYPOT neuron 9cbb3816-0d3a-4c75-9405-18ab76aa0818
Replacing HYPOT neuron 7f328ea8-04b1-48f0-b63f-cb59a924a69b
Replacing HYPOT neuron 9cbb3816-0d3a-4c75-9405-18ab76aa0818
Replacing HYPOT neuron 7f328ea8-04b1-48f0-b63f-cb59a924a69b
Replacing HYPOT neuron 9cbb3816-0d3a-4c75-9405-18ab76aa0818
Replacing HYPOT neuron 7f328ea8-04b1-48f0-b63f-cb59a924a69b
Replacing HYPOT neuron 9cbb3816-0d3a-4c75-9405-18ab76aa0818
Fine tuning increased fitness by 1.57514961074412e-8 to 0.8055870566847159 adjusted 1 weight 
Replacing HYPOT neuron 7f328ea8-04b1-48f0-b63f-cb59a924a69b
Replacing HYPOT neuron 9cbb3816-0d3a-4c75-9405-18ab76aa0818
Replacing HYPOT neuron 7f328ea8-04b1-48f0-b63f-cb59a924a69b
Replacing HYPOT neuron 9cbb3816-0d3a-4c75-9405-18ab76aa0818
Replacing HYPOT neuron 7f328ea8-04b1-48f0-b63f-cb59a924a69b
Replacing HYPOT neuron 9cbb3816-0d3a-4c75-9405-18ab76aa0818
Replacing HYPOT neuron 7f328ea8-04b1-48f0-b63f-cb59a924a69b
Replacing HYPOT neuron 9cbb3816-0d3a-4c75-9405-18ab76aa0818
Replacing HYPOT neuron 7f328ea8-04b1-48f0-b63f-cb59a924a69b
Replacing HYPOT neuron 9cbb3816-0d3a-4c75-9405-18ab76aa0818
Replacing HYPOT neuron 7f328ea8-04b1-48f0-b63f-cb59a924a69b
Replacing HYPOT neuron 9cbb3816-0d3a-4c75-9405-18ab76aa0818
Replacing HYPOT neuron 7f328ea8-04b1-48f0-b63f-cb59a924a69b
Replacing HYPOT neuron 9cbb3816-0d3a-4c75-9405-18ab76aa0818
Replacing HYPOT neuron 7f328ea8-04b1-48f0-b63f-cb59a924a69b
Replacing HYPOT neuron 9cbb3816-0d3a-4c75-9405-18ab76aa0818
Replacing HYPOT neuron 7f328ea8-04b1-48f0-b63f-cb59a924a69b
Replacing HYPOT neuron 9cbb3816-0d3a-4c75-9405-18ab76aa0818
Replacing HYPOT neuron 7f328ea8-04b1-48f0-b63f-cb59a924a69b
Replacing HYPOT neuron 9cbb3816-0d3a-4c75-9405-18ab76aa0818
Replacing HYPOT neuron 7f328ea8-04b1-48f0-b63f-cb59a924a69b
Replacing HYPOT neuron 9cbb3816-0d3a-4c75-9405-18ab76aa0818
Replacing HYPOT neuron 7f328ea8-04b1-48f0-b63f-cb59a924a69b
Replacing HYPOT neuron 9cbb3816-0d3a-4c75-9405-18ab76aa0818
Replacing HYPOT neuron 7f328ea8-04b1-48f0-b63f-cb59a924a69b
Replacing HYPOT neuron 9cbb3816-0d3a-4c75-9405-18ab76aa0818
Replacing HYPOT neuron 7f328ea8-04b1-48f0-b63f-cb59a924a69b
Replacing HYPOT neuron 9cbb3816-0d3a-4c75-9405-18ab76aa0818
Replacing HYPOT neuron 7f328ea8-04b1-48f0-b63f-cb59a924a69b
Replacing HYPOT neuron 9cbb3816-0d3a-4c75-9405-18ab76aa0818
Replacing HYPOT neuron 7f328ea8-04b1-48f0-b63f-cb59a924a69b
Replacing HYPOT neuron 9cbb3816-0d3a-4c75-9405-18ab76aa0818
Replacing HYPOT neuron 7f328ea8-04b1-48f0-b63f-cb59a924a69b
Replacing HYPOT neuron 9cbb3816-0d3a-4c75-9405-18ab76aa0818
Replacing HYPOT neuron 7f328ea8-04b1-48f0-b63f-cb59a924a69b
Replacing HYPOT neuron 9cbb3816-0d3a-4c75-9405-18ab76aa0818
Replacing HYPOT neuron 7f328ea8-04b1-48f0-b63f-cb59a924a69b
Replacing HYPOT neuron 9cbb3816-0d3a-4c75-9405-18ab76aa0818
Replacing HYPOT neuron 7f328ea8-04b1-48f0-b63f-cb59a924a69b
Replacing HYPOT neuron 9cbb3816-0d3a-4c75-9405-18ab76aa0818
Replacing HYPOT neuron 7f328ea8-04b1-48f0-b63f-cb59a924a69b
Replacing HYPOT neuron 9cbb3816-0d3a-4c75-9405-18ab76aa0818
Replacing HYPOT neuron 7f328ea8-04b1-48f0-b63f-cb59a924a69b
Replacing HYPOT neuron 9cbb3816-0d3a-4c75-9405-18ab76aa0818
Replacing HYPOT neuron 7f328ea8-04b1-48f0-b63f-cb59a924a69b
Replacing HYPOT neuron 9cbb3816-0d3a-4c75-9405-18ab76aa0818
Replacing HYPOT neuron 7f328ea8-04b1-48f0-b63f-cb59a924a69b
Replacing HYPOT neuron 9cbb3816-0d3a-4c75-9405-18ab76aa0818
Replacing HYPOT neuron 7f328ea8-04b1-48f0-b63f-cb59a924a69b
Replacing HYPOT neuron 9cbb3816-0d3a-4c75-9405-18ab76aa0818
Replacing HYPOT neuron 7f328ea8-04b1-48f0-b63f-cb59a924a69b
Replacing HYPOT neuron 9cbb3816-0d3a-4c75-9405-18ab76aa0818
Replacing HYPOT neuron 7f328ea8-04b1-48f0-b63f-cb59a924a69b
Replacing HYPOT neuron 9cbb3816-0d3a-4c75-9405-18ab76aa0818
Replacing HYPOT neuron 7f328ea8-04b1-48f0-b63f-cb59a924a69b
Replacing HYPOT neuron 9cbb3816-0d3a-4c75-9405-18ab76aa0818
Replacing HYPOT neuron 7f328ea8-04b1-48f0-b63f-cb59a924a69b
Replacing HYPOT neuron 9cbb3816-0d3a-4c75-9405-18ab76aa0818
Replacing HYPOT neuron 7f328ea8-04b1-48f0-b63f-cb59a924a69b
Replacing HYPOT neuron 9cbb3816-0d3a-4c75-9405-18ab76aa0818
Replacing HYPOT neuron 7f328ea8-04b1-48f0-b63f-cb59a924a69b
Replacing HYPOT neuron 9cbb3816-0d3a-4c75-9405-18ab76aa0818
Replacing HYPOT neuron 7f328ea8-04b1-48f0-b63f-cb59a924a69b
Replacing HYPOT neuron 9cbb3816-0d3a-4c75-9405-18ab76aa0818
Replacing HYPOT neuron 7f328ea8-04b1-48f0-b63f-cb59a924a69b
Replacing HYPOT neuron 9cbb3816-0d3a-4c75-9405-18ab76aa0818
Replacing HYPOT neuron 7f328ea8-04b1-48f0-b63f-cb59a924a69b
Replacing HYPOT neuron 9cbb3816-0d3a-4c75-9405-18ab76aa0818
Replacing HYPOT neuron 7f328ea8-04b1-48f0-b63f-cb59a924a69b
Replacing HYPOT neuron 9cbb3816-0d3a-4c75-9405-18ab76aa0818
Replacing HYPOT neuron 7f328ea8-04b1-48f0-b63f-cb59a924a69b
Replacing HYPOT neuron 9cbb3816-0d3a-4c75-9405-18ab76aa0818
Replacing HYPOT neuron 7f328ea8-04b1-48f0-b63f-cb59a924a69b
Replacing HYPOT neuron 9cbb3816-0d3a-4c75-9405-18ab76aa0818
Replacing HYPOT neuron 7f328ea8-04b1-48f0-b63f-cb59a924a69b
Replacing HYPOT neuron 9cbb3816-0d3a-4c75-9405-18ab76aa0818
Replacing HYPOT neuron 7f328ea8-04b1-48f0-b63f-cb59a924a69b
Replacing HYPOT neuron 9cbb3816-0d3a-4c75-9405-18ab76aa0818
Replacing HYPOT neuron 7f328ea8-04b1-48f0-b63f-cb59a924a69b
Replacing HYPOT neuron 9cbb3816-0d3a-4c75-9405-18ab76aa0818
Replacing HYPOT neuron 7f328ea8-04b1-48f0-b63f-cb59a924a69b
Replacing HYPOT neuron 9cbb3816-0d3a-4c75-9405-18ab76aa0818
Replacing HYPOT neuron 7f328ea8-04b1-48f0-b63f-cb59a924a69b
Replacing HYPOT neuron 9cbb3816-0d3a-4c75-9405-18ab76aa0818
Replacing HYPOT neuron 7f328ea8-04b1-48f0-b63f-cb59a924a69b
Replacing HYPOT neuron 9cbb3816-0d3a-4c75-9405-18ab76aa0818
Replacing HYPOT neuron 7f328ea8-04b1-48f0-b63f-cb59a924a69b
Replacing HYPOT neuron 9cbb3816-0d3a-4c75-9405-18ab76aa0818
Replacing HYPOT neuron 7f328ea8-04b1-48f0-b63f-cb59a924a69b
Replacing HYPOT neuron 9cbb3816-0d3a-4c75-9405-18ab76aa0818
Replacing HYPOT neuron 7f328ea8-04b1-48f0-b63f-cb59a924a69b
Replacing HYPOT neuron 9cbb3816-0d3a-4c75-9405-18ab76aa0818
Discovered beneficial synapse from input-1312 to 3e4b1c4c-a7be-4d88-984b-c79bbe0910cc with weight -1.0000, helping 50.6% more records than it harms (2883/4613)
Discovery 72e0712c analyze time 19s 836ms found 1 candidates
Fine tuning increased fitness by 2.6911616268776584e-9 to 0.8055870593758775 adjusted 1 weight 
Replacing HYPOT neuron 7f328ea8-04b1-48f0-b63f-cb59a924a69b
Replacing HYPOT neuron 9cbb3816-0d3a-4c75-9405-18ab76aa0818
Replacing HYPOT neuron 7f328ea8-04b1-48f0-b63f-cb59a924a69b
Replacing HYPOT neuron 9cbb3816-0d3a-4c75-9405-18ab76aa0818
Replacing HYPOT neuron 7f328ea8-04b1-48f0-b63f-cb59a924a69b
Replacing HYPOT neuron 9cbb3816-0d3a-4c75-9405-18ab76aa0818
Replacing HYPOT neuron 7f328ea8-04b1-48f0-b63f-cb59a924a69b
Replacing HYPOT neuron 9cbb3816-0d3a-4c75-9405-18ab76aa0818
Replacing HYPOT neuron 7f328ea8-04b1-48f0-b63f-cb59a924a69b
Replacing HYPOT neuron 9cbb3816-0d3a-4c75-9405-18ab76aa0818
Replacing HYPOT neuron 7f328ea8-04b1-48f0-b63f-cb59a924a69b
Replacing HYPOT neuron 9cbb3816-0d3a-4c75-9405-18ab76aa0818
Replacing HYPOT neuron 7f328ea8-04b1-48f0-b63f-cb59a924a69b
Replacing HYPOT neuron 9cbb3816-0d3a-4c75-9405-18ab76aa0818
Replacing HYPOT neuron 7f328ea8-04b1-48f0-b63f-cb59a924a69b
Replacing HYPOT neuron 9cbb3816-0d3a-4c75-9405-18ab76aa0818
Replacing HYPOT neuron 7f328ea8-04b1-48f0-b63f-cb59a924a69b
Replacing HYPOT neuron 9cbb3816-0d3a-4c75-9405-18ab76aa0818
Replacing HYPOT neuron 7f328ea8-04b1-48f0-b63f-cb59a924a69b
Replacing HYPOT neuron 9cbb3816-0d3a-4c75-9405-18ab76aa0818
Replacing HYPOT neuron 7f328ea8-04b1-48f0-b63f-cb59a924a69b
Replacing HYPOT neuron 9cbb3816-0d3a-4c75-9405-18ab76aa0818
Replacing HYPOT neuron 7f328ea8-04b1-48f0-b63f-cb59a924a69b
Replacing HYPOT neuron 9cbb3816-0d3a-4c75-9405-18ab76aa0818
Replacing HYPOT neuron 7f328ea8-04b1-48f0-b63f-cb59a924a69b
Replacing HYPOT neuron 9cbb3816-0d3a-4c75-9405-18ab76aa0818
Replacing HYPOT neuron 7f328ea8-04b1-48f0-b63f-cb59a924a69b
Replacing HYPOT neuron 9cbb3816-0d3a-4c75-9405-18ab76aa0818
Replacing HYPOT neuron 7f328ea8-04b1-48f0-b63f-cb59a924a69b
Replacing HYPOT neuron 9cbb3816-0d3a-4c75-9405-18ab76aa0818
Replacing HYPOT neuron 7f328ea8-04b1-48f0-b63f-cb59a924a69b
Replacing HYPOT neuron 9cbb3816-0d3a-4c75-9405-18ab76aa0818
Replacing HYPOT neuron 7f328ea8-04b1-48f0-b63f-cb59a924a69b
Replacing HYPOT neuron 9cbb3816-0d3a-4c75-9405-18ab76aa0818
Replacing HYPOT neuron 7f328ea8-04b1-48f0-b63f-cb59a924a69b
Replacing HYPOT neuron 9cbb3816-0d3a-4c75-9405-18ab76aa0818
Replacing HYPOT neuron 7f328ea8-04b1-48f0-b63f-cb59a924a69b
Replacing HYPOT neuron 9cbb3816-0d3a-4c75-9405-18ab76aa0818
Replacing HYPOT neuron 7f328ea8-04b1-48f0-b63f-cb59a924a69b
Replacing HYPOT neuron 9cbb3816-0d3a-4c75-9405-18ab76aa0818
Replacing HYPOT neuron 7f328ea8-04b1-48f0-b63f-cb59a924a69b
Replacing HYPOT neuron 9cbb3816-0d3a-4c75-9405-18ab76aa0818
Replacing HYPOT neuron 7f328ea8-04b1-48f0-b63f-cb59a924a69b
Replacing HYPOT neuron 9cbb3816-0d3a-4c75-9405-18ab76aa0818
Replacing HYPOT neuron 7f328ea8-04b1-48f0-b63f-cb59a924a69b
Replacing HYPOT neuron 9cbb3816-0d3a-4c75-9405-18ab76aa0818
Replacing HYPOT neuron 7f328ea8-04b1-48f0-b63f-cb59a924a69b
Replacing HYPOT neuron 9cbb3816-0d3a-4c75-9405-18ab76aa0818
Replacing HYPOT neuron 7f328ea8-04b1-48f0-b63f-cb59a924a69b
Replacing HYPOT neuron 9cbb3816-0d3a-4c75-9405-18ab76aa0818
Replacing HYPOT neuron 7f328ea8-04b1-48f0-b63f-cb59a924a69b
Replacing HYPOT neuron 9cbb3816-0d3a-4c75-9405-18ab76aa0818
Replacing HYPOT neuron 7f328ea8-04b1-48f0-b63f-cb59a924a69b
Replacing HYPOT neuron 9cbb3816-0d3a-4c75-9405-18ab76aa0818
Replacing HYPOT neuron 7f328ea8-04b1-48f0-b63f-cb59a924a69b
Replacing HYPOT neuron 9cbb3816-0d3a-4c75-9405-18ab76aa0818
Replacing HYPOT neuron 7f328ea8-04b1-48f0-b63f-cb59a924a69b
Replacing HYPOT neuron 9cbb3816-0d3a-4c75-9405-18ab76aa0818
Replacing HYPOT neuron 7f328ea8-04b1-48f0-b63f-cb59a924a69b
Replacing HYPOT neuron 9cbb3816-0d3a-4c75-9405-18ab76aa0818
Replacing HYPOT neuron 7f328ea8-04b1-48f0-b63f-cb59a924a69b
Replacing HYPOT neuron 9cbb3816-0d3a-4c75-9405-18ab76aa0818
Replacing HYPOT neuron 7f328ea8-04b1-48f0-b63f-cb59a924a69b
Replacing HYPOT neuron 9cbb3816-0d3a-4c75-9405-18ab76aa0818
Replacing HYPOT neuron 7f328ea8-04b1-48f0-b63f-cb59a924a69b
Replacing HYPOT neuron 9cbb3816-0d3a-4c75-9405-18ab76aa0818
Replacing HYPOT neuron 7f328ea8-04b1-48f0-b63f-cb59a924a69b
Replacing HYPOT neuron 9cbb3816-0d3a-4c75-9405-18ab76aa0818
Discovered harmful synapse from input-23 to 3e4b1c4c-a7be-4d88-984b-c79bbe0910cc, harming 49.2% more records than it helps (581/4613)
Discovery 72e0712c analyze harmful time 2s 285ms found 1 candidates
Replacing HYPOT neuron 7f328ea8-04b1-48f0-b63f-cb59a924a69b
Replacing HYPOT neuron 9cbb3816-0d3a-4c75-9405-18ab76aa0818
Replacing HYPOT neuron 7f328ea8-04b1-48f0-b63f-cb59a924a69b
Replacing HYPOT neuron 9cbb3816-0d3a-4c75-9405-18ab76aa0818
Replacing HYPOT neuron 7f328ea8-04b1-48f0-b63f-cb59a924a69b
Replacing HYPOT neuron 9cbb3816-0d3a-4c75-9405-18ab76aa0818
Replacing HYPOT neuron 7f328ea8-04b1-48f0-b63f-cb59a924a69b
Replacing HYPOT neuron 9cbb3816-0d3a-4c75-9405-18ab76aa0818
Replacing HYPOT neuron 7f328ea8-04b1-48f0-b63f-cb59a924a69b
Replacing HYPOT neuron 9cbb3816-0d3a-4c75-9405-18ab76aa0818
Replacing HYPOT neuron 7f328ea8-04b1-48f0-b63f-cb59a924a69b
Replacing HYPOT neuron 9cbb3816-0d3a-4c75-9405-18ab76aa0818
Replacing HYPOT neuron 7f328ea8-04b1-48f0-b63f-cb59a924a69b
Replacing HYPOT neuron 9cbb3816-0d3a-4c75-9405-18ab76aa0818
Replacing HYPOT neuron 7f328ea8-04b1-48f0-b63f-cb59a924a69b
Replacing HYPOT neuron 9cbb3816-0d3a-4c75-9405-18ab76aa0818
Replacing HYPOT neuron 7f328ea8-04b1-48f0-b63f-cb59a924a69b
Replacing HYPOT neuron 9cbb3816-0d3a-4c75-9405-18ab76aa0818
Replacing HYPOT neuron 7f328ea8-04b1-48f0-b63f-cb59a924a69b
Replacing HYPOT neuron 9cbb3816-0d3a-4c75-9405-18ab76aa0818
Replacing HYPOT neuron 7f328ea8-04b1-48f0-b63f-cb59a924a69b
Replacing HYPOT neuron 9cbb3816-0d3a-4c75-9405-18ab76aa0818
Replacing HYPOT neuron 7f328ea8-04b1-48f0-b63f-cb59a924a69b
Replacing HYPOT neuron 9cbb3816-0d3a-4c75-9405-18ab76aa0818
Discovery 72e0712c analyze squashes time 956ms found 1 candidate, Summary: 3e4b1c4c-a7be-4d88-984b-c79bbe0910cc ArcTan -> SQUARE improved: 2.2% error: 3.5050062757748906e+21 -> 3.4278289217409956e+21
Training 03334561 with 1 binary file, target error: 0.05, iterations: 1, sample rate: 100%, sparse: 100%
Discovery 03334561 with 1 binary files, sample rate: 100%, batch size: 512
Discovery 03334561 initialize time 94ms
Discovery 03334561 processing .trainData-industry_88/SERVICES-MISCELLANEOUS_REPAIR_SERVICES/data.bin
Fine tuning increased fitness by 3.477466971046894e-7 to 0.8055874071225746 adjusted 1 weight 
Replacing HYPOT neuron 7f328ea8-04b1-48f0-b63f-cb59a924a69b
Replacing HYPOT neuron 9cbb3816-0d3a-4c75-9405-18ab76aa0818
Replacing HYPOT neuron 7f328ea8-04b1-48f0-b63f-cb59a924a69b
Replacing HYPOT neuron 9cbb3816-0d3a-4c75-9405-18ab76aa0818
Replacing HYPOT neuron 7f328ea8-04b1-48f0-b63f-cb59a924a69b
Replacing HYPOT neuron 9cbb3816-0d3a-4c75-9405-18ab76aa0818
Replacing HYPOT neuron 7f328ea8-04b1-48f0-b63f-cb59a924a69b
Replacing HYPOT neuron 9cbb3816-0d3a-4c75-9405-18ab76aa0818
Replacing HYPOT neuron 7f328ea8-04b1-48f0-b63f-cb59a924a69b
Replacing HYPOT neuron 9cbb3816-0d3a-4c75-9405-18ab76aa0818
Replacing HYPOT neuron 7f328ea8-04b1-48f0-b63f-cb59a924a69b
Replacing HYPOT neuron 9cbb3816-0d3a-4c75-9405-18ab76aa0818
Replacing HYPOT neuron 7f328ea8-04b1-48f0-b63f-cb59a924a69b
Replacing HYPOT neuron 9cbb3816-0d3a-4c75-9405-18ab76aa0818
Replacing HYPOT neuron 7f328ea8-04b1-48f0-b63f-cb59a924a69b
Replacing HYPOT neuron 9cbb3816-0d3a-4c75-9405-18ab76aa0818
Replacing HYPOT neuron 7f328ea8-04b1-48f0-b63f-cb59a924a69b
Replacing HYPOT neuron 9cbb3816-0d3a-4c75-9405-18ab76aa0818
Replacing HYPOT neuron 7f328ea8-04b1-48f0-b63f-cb59a924a69b
Replacing HYPOT neuron 9cbb3816-0d3a-4c75-9405-18ab76aa0818
Replacing HYPOT neuron 7f328ea8-04b1-48f0-b63f-cb59a924a69b
Replacing HYPOT neuron 9cbb3816-0d3a-4c75-9405-18ab76aa0818
Replacing HYPOT neuron 7f328ea8-04b1-48f0-b63f-cb59a924a69b
Replacing HYPOT neuron 9cbb3816-0d3a-4c75-9405-18ab76aa0818
Replacing HYPOT neuron 7f328ea8-04b1-48f0-b63f-cb59a924a69b
Replacing HYPOT neuron 9cbb3816-0d3a-4c75-9405-18ab76aa0818
Replacing HYPOT neuron 7f328ea8-04b1-48f0-b63f-cb59a924a69b
Replacing HYPOT neuron 9cbb3816-0d3a-4c75-9405-18ab76aa0818
Replacing HYPOT neuron 7f328ea8-04b1-48f0-b63f-cb59a924a69b
Replacing HYPOT neuron 9cbb3816-0d3a-4c75-9405-18ab76aa0818
Replacing HYPOT neuron 7f328ea8-04b1-48f0-b63f-cb59a924a69b
Replacing HYPOT neuron 9cbb3816-0d3a-4c75-9405-18ab76aa0818
Replacing HYPOT neuron 7f328ea8-04b1-48f0-b63f-cb59a924a69b
Replacing HYPOT neuron 9cbb3816-0d3a-4c75-9405-18ab76aa0818
Replacing HYPOT neuron 7f328ea8-04b1-48f0-b63f-cb59a924a69b
Replacing HYPOT neuron 9cbb3816-0d3a-4c75-9405-18ab76aa0818
Replacing HYPOT neuron 7f328ea8-04b1-48f0-b63f-cb59a924a69b
Replacing HYPOT neuron 9cbb3816-0d3a-4c75-9405-18ab76aa0818
Replacing HYPOT neuron 7f328ea8-04b1-48f0-b63f-cb59a924a69b
Replacing HYPOT neuron 9cbb3816-0d3a-4c75-9405-18ab76aa0818
Replacing HYPOT neuron 7f328ea8-04b1-48f0-b63f-cb59a924a69b
Replacing HYPOT neuron 9cbb3816-0d3a-4c75-9405-18ab76aa0818
Replacing HYPOT neuron 7f328ea8-04b1-48f0-b63f-cb59a924a69b
Replacing HYPOT neuron 9cbb3816-0d3a-4c75-9405-18ab76aa0818
Replacing HYPOT neuron 7f328ea8-04b1-48f0-b63f-cb59a924a69b
Replacing HYPOT neuron 9cbb3816-0d3a-4c75-9405-18ab76aa0818
Replacing HYPOT neuron 7f328ea8-04b1-48f0-b63f-cb59a924a69b
Replacing HYPOT neuron 9cbb3816-0d3a-4c75-9405-18ab76aa0818
Replacing HYPOT neuron 7f328ea8-04b1-48f0-b63f-cb59a924a69b
Replacing HYPOT neuron 9cbb3816-0d3a-4c75-9405-18ab76aa0818
Replacing HYPOT neuron 7f328ea8-04b1-48f0-b63f-cb59a924a69b
Replacing HYPOT neuron 9cbb3816-0d3a-4c75-9405-18ab76aa0818
Replacing HYPOT neuron 7f328ea8-04b1-48f0-b63f-cb59a924a69b
Replacing HYPOT neuron 9cbb3816-0d3a-4c75-9405-18ab76aa0818
Replacing HYPOT neuron 7f328ea8-04b1-48f0-b63f-cb59a924a69b
Replacing HYPOT neuron 9cbb3816-0d3a-4c75-9405-18ab76aa0818
Replacing HYPOT neuron 7f328ea8-04b1-48f0-b63f-cb59a924a69b
Replacing HYPOT neuron 9cbb3816-0d3a-4c75-9405-18ab76aa0818
Replacing HYPOT neuron 7f328ea8-04b1-48f0-b63f-cb59a924a69b
Replacing HYPOT neuron 9cbb3816-0d3a-4c75-9405-18ab76aa0818
Replacing HYPOT neuron 7f328ea8-04b1-48f0-b63f-cb59a924a69b
Replacing HYPOT neuron 9cbb3816-0d3a-4c75-9405-18ab76aa0818
Replacing HYPOT neuron 7f328ea8-04b1-48f0-b63f-cb59a924a69b
Replacing HYPOT neuron 9cbb3816-0d3a-4c75-9405-18ab76aa0818
Replacing HYPOT neuron 7f328ea8-04b1-48f0-b63f-cb59a924a69b
Replacing HYPOT neuron 9cbb3816-0d3a-4c75-9405-18ab76aa0818
Replacing HYPOT neuron 7f328ea8-04b1-48f0-b63f-cb59a924a69b
Replacing HYPOT neuron 9cbb3816-0d3a-4c75-9405-18ab76aa0818
Replacing HYPOT neuron 7f328ea8-04b1-48f0-b63f-cb59a924a69b
Replacing HYPOT neuron 9cbb3816-0d3a-4c75-9405-18ab76aa0818
Replacing HYPOT neuron 7f328ea8-04b1-48f0-b63f-cb59a924a69b
Replacing HYPOT neuron 9cbb3816-0d3a-4c75-9405-18ab76aa0818
Replacing HYPOT neuron 7f328ea8-04b1-48f0-b63f-cb59a924a69b
Replacing HYPOT neuron 9cbb3816-0d3a-4c75-9405-18ab76aa0818
Replacing HYPOT neuron 7f328ea8-04b1-48f0-b63f-cb59a924a69b
Replacing HYPOT neuron 9cbb3816-0d3a-4c75-9405-18ab76aa0818
Replacing HYPOT neuron 7f328ea8-04b1-48f0-b63f-cb59a924a69b
Replacing HYPOT neuron 9cbb3816-0d3a-4c75-9405-18ab76aa0818
Replacing HYPOT neuron 7f328ea8-04b1-48f0-b63f-cb59a924a69b
Replacing HYPOT neuron 9cbb3816-0d3a-4c75-9405-18ab76aa0818
Replacing HYPOT neuron 7f328ea8-04b1-48f0-b63f-cb59a924a69b
Replacing HYPOT neuron 9cbb3816-0d3a-4c75-9405-18ab76aa0818
Replacing HYPOT neuron 7f328ea8-04b1-48f0-b63f-cb59a924a69b
Replacing HYPOT neuron 9cbb3816-0d3a-4c75-9405-18ab76aa0818
Replacing HYPOT neuron 7f328ea8-04b1-48f0-b63f-cb59a924a69b
Replacing HYPOT neuron 9cbb3816-0d3a-4c75-9405-18ab76aa0818
Replacing HYPOT neuron 7f328ea8-04b1-48f0-b63f-cb59a924a69b
Replacing HYPOT neuron 9cbb3816-0d3a-4c75-9405-18ab76aa0818
Fine tuning increased fitness by 6.682264405144522e-7 to 0.8055880753490151 adjusted 1 weight 
Replacing HYPOT neuron 7f328ea8-04b1-48f0-b63f-cb59a924a69b
Replacing HYPOT neuron 9cbb3816-0d3a-4c75-9405-18ab76aa0818
Replacing HYPOT neuron 7f328ea8-04b1-48f0-b63f-cb59a924a69b
Replacing HYPOT neuron 9cbb3816-0d3a-4c75-9405-18ab76aa0818
Replacing HYPOT neuron 7f328ea8-04b1-48f0-b63f-cb59a924a69b
Replacing HYPOT neuron 9cbb3816-0d3a-4c75-9405-18ab76aa0818
Replacing HYPOT neuron 7f328ea8-04b1-48f0-b63f-cb59a924a69b
Replacing HYPOT neuron 9cbb3816-0d3a-4c75-9405-18ab76aa0818
Replacing HYPOT neuron 7f328ea8-04b1-48f0-b63f-cb59a924a69b
Replacing HYPOT neuron 9cbb3816-0d3a-4c75-9405-18ab76aa0818
Replacing HYPOT neuron 7f328ea8-04b1-48f0-b63f-cb59a924a69b
Replacing HYPOT neuron 9cbb3816-0d3a-4c75-9405-18ab76aa0818
Replacing HYPOT neuron 7f328ea8-04b1-48f0-b63f-cb59a924a69b
Replacing HYPOT neuron 9cbb3816-0d3a-4c75-9405-18ab76aa0818
Replacing HYPOT neuron 7f328ea8-04b1-48f0-b63f-cb59a924a69b
Replacing HYPOT neuron 9cbb3816-0d3a-4c75-9405-18ab76aa0818
Replacing HYPOT neuron 7f328ea8-04b1-48f0-b63f-cb59a924a69b
Replacing HYPOT neuron 9cbb3816-0d3a-4c75-9405-18ab76aa0818
Replacing HYPOT neuron 7f328ea8-04b1-48f0-b63f-cb59a924a69b
Replacing HYPOT neuron 9cbb3816-0d3a-4c75-9405-18ab76aa0818
Replacing HYPOT neuron 7f328ea8-04b1-48f0-b63f-cb59a924a69b
Replacing HYPOT neuron 9cbb3816-0d3a-4c75-9405-18ab76aa0818
Replacing HYPOT neuron 7f328ea8-04b1-48f0-b63f-cb59a924a69b
Replacing HYPOT neuron 9cbb3816-0d3a-4c75-9405-18ab76aa0818
Replacing HYPOT neuron 7f328ea8-04b1-48f0-b63f-cb59a924a69b
Replacing HYPOT neuron 9cbb3816-0d3a-4c75-9405-18ab76aa0818
Replacing HYPOT neuron 7f328ea8-04b1-48f0-b63f-cb59a924a69b
Replacing HYPOT neuron 9cbb3816-0d3a-4c75-9405-18ab76aa0818
Replacing HYPOT neuron 7f328ea8-04b1-48f0-b63f-cb59a924a69b
Replacing HYPOT neuron 9cbb3816-0d3a-4c75-9405-18ab76aa0818
Replacing HYPOT neuron 7f328ea8-04b1-48f0-b63f-cb59a924a69b
Replacing HYPOT neuron 9cbb3816-0d3a-4c75-9405-18ab76aa0818
Replacing HYPOT neuron 7f328ea8-04b1-48f0-b63f-cb59a924a69b
Replacing HYPOT neuron 9cbb3816-0d3a-4c75-9405-18ab76aa0818
Replacing HYPOT neuron 7f328ea8-04b1-48f0-b63f-cb59a924a69b
Replacing HYPOT neuron 9cbb3816-0d3a-4c75-9405-18ab76aa0818
Replacing HYPOT neuron 7f328ea8-04b1-48f0-b63f-cb59a924a69b
Replacing HYPOT neuron 9cbb3816-0d3a-4c75-9405-18ab76aa0818
Replacing HYPOT neuron 7f328ea8-04b1-48f0-b63f-cb59a924a69b
Replacing HYPOT neuron 9cbb3816-0d3a-4c75-9405-18ab76aa0818
Replacing HYPOT neuron 7f328ea8-04b1-48f0-b63f-cb59a924a69b
Replacing HYPOT neuron 9cbb3816-0d3a-4c75-9405-18ab76aa0818
Replacing HYPOT neuron 7f328ea8-04b1-48f0-b63f-cb59a924a69b
Replacing HYPOT neuron 9cbb3816-0d3a-4c75-9405-18ab76aa0818
Discovery 03334561 read time 14ms for .trainData-industry_88/SERVICES-MISCELLANEOUS_REPAIR_SERVICES/data.bin with 4613 records
Discovery 03334561 scanning time 5s 756ms
Replacing HYPOT neuron 7f328ea8-04b1-48f0-b63f-cb59a924a69b
Replacing HYPOT neuron 9cbb3816-0d3a-4c75-9405-18ab76aa0818
Replacing HYPOT neuron 7f328ea8-04b1-48f0-b63f-cb59a924a69b
Replacing HYPOT neuron 9cbb3816-0d3a-4c75-9405-18ab76aa0818
Replacing HYPOT neuron 7f328ea8-04b1-48f0-b63f-cb59a924a69b
Replacing HYPOT neuron 9cbb3816-0d3a-4c75-9405-18ab76aa0818
Replacing HYPOT neuron 7f328ea8-04b1-48f0-b63f-cb59a924a69b
Replacing HYPOT neuron 9cbb3816-0d3a-4c75-9405-18ab76aa0818
Replacing HYPOT neuron 7f328ea8-04b1-48f0-b63f-cb59a924a69b
Replacing HYPOT neuron 9cbb3816-0d3a-4c75-9405-18ab76aa0818
Replacing HYPOT neuron 7f328ea8-04b1-48f0-b63f-cb59a924a69b
Replacing HYPOT neuron 9cbb3816-0d3a-4c75-9405-18ab76aa0818
Replacing HYPOT neuron 7f328ea8-04b1-48f0-b63f-cb59a924a69b
Replacing HYPOT neuron 9cbb3816-0d3a-4c75-9405-18ab76aa0818
Replacing HYPOT neuron 7f328ea8-04b1-48f0-b63f-cb59a924a69b
Replacing HYPOT neuron 9cbb3816-0d3a-4c75-9405-18ab76aa0818
Replacing HYPOT neuron 7f328ea8-04b1-48f0-b63f-cb59a924a69b
Replacing HYPOT neuron 9cbb3816-0d3a-4c75-9405-18ab76aa0818
Replacing HYPOT neuron 7f328ea8-04b1-48f0-b63f-cb59a924a69b
Replacing HYPOT neuron 9cbb3816-0d3a-4c75-9405-18ab76aa0818
Replacing HYPOT neuron 7f328ea8-04b1-48f0-b63f-cb59a924a69b
Replacing HYPOT neuron 9cbb3816-0d3a-4c75-9405-18ab76aa0818
Replacing HYPOT neuron 7f328ea8-04b1-48f0-b63f-cb59a924a69b
Replacing HYPOT neuron 9cbb3816-0d3a-4c75-9405-18ab76aa0818
Replacing HYPOT neuron 7f328ea8-04b1-48f0-b63f-cb59a924a69b
Replacing HYPOT neuron 9cbb3816-0d3a-4c75-9405-18ab76aa0818
Replacing HYPOT neuron 7f328ea8-04b1-48f0-b63f-cb59a924a69b
Replacing HYPOT neuron 9cbb3816-0d3a-4c75-9405-18ab76aa0818
Replacing HYPOT neuron 7f328ea8-04b1-48f0-b63f-cb59a924a69b
Replacing HYPOT neuron 9cbb3816-0d3a-4c75-9405-18ab76aa0818
Replacing HYPOT neuron 7f328ea8-04b1-48f0-b63f-cb59a924a69b
Replacing HYPOT neuron 9cbb3816-0d3a-4c75-9405-18ab76aa0818
Replacing HYPOT neuron 7f328ea8-04b1-48f0-b63f-cb59a924a69b
Replacing HYPOT neuron 9cbb3816-0d3a-4c75-9405-18ab76aa0818
Replacing HYPOT neuron 7f328ea8-04b1-48f0-b63f-cb59a924a69b
Replacing HYPOT neuron 9cbb3816-0d3a-4c75-9405-18ab76aa0818
Replacing HYPOT neuron 7f328ea8-04b1-48f0-b63f-cb59a924a69b
Replacing HYPOT neuron 9cbb3816-0d3a-4c75-9405-18ab76aa0818
Replacing HYPOT neuron 7f328ea8-04b1-48f0-b63f-cb59a924a69b
Replacing HYPOT neuron 9cbb3816-0d3a-4c75-9405-18ab76aa0818
Replacing HYPOT neuron 7f328ea8-04b1-48f0-b63f-cb59a924a69b
Replacing HYPOT neuron 9cbb3816-0d3a-4c75-9405-18ab76aa0818
Replacing HYPOT neuron 7f328ea8-04b1-48f0-b63f-cb59a924a69b
Replacing HYPOT neuron 9cbb3816-0d3a-4c75-9405-18ab76aa0818
Replacing HYPOT neuron 7f328ea8-04b1-48f0-b63f-cb59a924a69b
Replacing HYPOT neuron 9cbb3816-0d3a-4c75-9405-18ab76aa0818
Replacing HYPOT neuron 7f328ea8-04b1-48f0-b63f-cb59a924a69b
Replacing HYPOT neuron 9cbb3816-0d3a-4c75-9405-18ab76aa0818
Replacing HYPOT neuron 7f328ea8-04b1-48f0-b63f-cb59a924a69b
Replacing HYPOT neuron 9cbb3816-0d3a-4c75-9405-18ab76aa0818
Replacing HYPOT neuron 7f328ea8-04b1-48f0-b63f-cb59a924a69b
Replacing HYPOT neuron 9cbb3816-0d3a-4c75-9405-18ab76aa0818
Replacing HYPOT neuron 7f328ea8-04b1-48f0-b63f-cb59a924a69b
Replacing HYPOT neuron 9cbb3816-0d3a-4c75-9405-18ab76aa0818
Replacing HYPOT neuron 7f328ea8-04b1-48f0-b63f-cb59a924a69b
Replacing HYPOT neuron 9cbb3816-0d3a-4c75-9405-18ab76aa0818
Replacing HYPOT neuron 7f328ea8-04b1-48f0-b63f-cb59a924a69b
Replacing HYPOT neuron 9cbb3816-0d3a-4c75-9405-18ab76aa0818
Replacing HYPOT neuron 7f328ea8-04b1-48f0-b63f-cb59a924a69b
Replacing HYPOT neuron 9cbb3816-0d3a-4c75-9405-18ab76aa0818
Replacing HYPOT neuron 7f328ea8-04b1-48f0-b63f-cb59a924a69b
Replacing HYPOT neuron 9cbb3816-0d3a-4c75-9405-18ab76aa0818
Replacing HYPOT neuron 7f328ea8-04b1-48f0-b63f-cb59a924a69b
Replacing HYPOT neuron 9cbb3816-0d3a-4c75-9405-18ab76aa0818
Replacing HYPOT neuron 7f328ea8-04b1-48f0-b63f-cb59a924a69b
Replacing HYPOT neuron 9cbb3816-0d3a-4c75-9405-18ab76aa0818
Replacing HYPOT neuron 7f328ea8-04b1-48f0-b63f-cb59a924a69b
Replacing HYPOT neuron 9cbb3816-0d3a-4c75-9405-18ab76aa0818
Discovery 03334561 recorded time 6s 852ms
Replacing HYPOT neuron 7f328ea8-04b1-48f0-b63f-cb59a924a69b
Replacing HYPOT neuron 9cbb3816-0d3a-4c75-9405-18ab76aa0818
Replacing HYPOT neuron 7f328ea8-04b1-48f0-b63f-cb59a924a69b
Replacing HYPOT neuron 9cbb3816-0d3a-4c75-9405-18ab76aa0818
Fine tuning increased fitness by 0.000001488080861200558 to 0.8055895634298763 adjusted 1 weight 
Replacing HYPOT neuron 7f328ea8-04b1-48f0-b63f-cb59a924a69b
Replacing HYPOT neuron 9cbb3816-0d3a-4c75-9405-18ab76aa0818
Replacing HYPOT neuron 7f328ea8-04b1-48f0-b63f-cb59a924a69b
Replacing HYPOT neuron 9cbb3816-0d3a-4c75-9405-18ab76aa0818
Replacing HYPOT neuron 7f328ea8-04b1-48f0-b63f-cb59a924a69b
Replacing HYPOT neuron 9cbb3816-0d3a-4c75-9405-18ab76aa0818
Replacing HYPOT neuron 7f328ea8-04b1-48f0-b63f-cb59a924a69b
Replacing HYPOT neuron 9cbb3816-0d3a-4c75-9405-18ab76aa0818
Replacing HYPOT neuron 7f328ea8-04b1-48f0-b63f-cb59a924a69b
Replacing HYPOT neuron 9cbb3816-0d3a-4c75-9405-18ab76aa0818
Replacing HYPOT neuron 7f328ea8-04b1-48f0-b63f-cb59a924a69b
Replacing HYPOT neuron 9cbb3816-0d3a-4c75-9405-18ab76aa0818
Replacing HYPOT neuron 7f328ea8-04b1-48f0-b63f-cb59a924a69b
Replacing HYPOT neuron 9cbb3816-0d3a-4c75-9405-18ab76aa0818
Replacing HYPOT neuron 7f328ea8-04b1-48f0-b63f-cb59a924a69b
Replacing HYPOT neuron 9cbb3816-0d3a-4c75-9405-18ab76aa0818
Replacing HYPOT neuron 7f328ea8-04b1-48f0-b63f-cb59a924a69b
Replacing HYPOT neuron 9cbb3816-0d3a-4c75-9405-18ab76aa0818
Replacing HYPOT neuron 7f328ea8-04b1-48f0-b63f-cb59a924a69b
Replacing HYPOT neuron 9cbb3816-0d3a-4c75-9405-18ab76aa0818
Replacing HYPOT neuron 7f328ea8-04b1-48f0-b63f-cb59a924a69b
Replacing HYPOT neuron 9cbb3816-0d3a-4c75-9405-18ab76aa0818
Replacing HYPOT neuron 7f328ea8-04b1-48f0-b63f-cb59a924a69b
Replacing HYPOT neuron 9cbb3816-0d3a-4c75-9405-18ab76aa0818
Replacing HYPOT neuron 7f328ea8-04b1-48f0-b63f-cb59a924a69b
Replacing HYPOT neuron 9cbb3816-0d3a-4c75-9405-18ab76aa0818
Replacing HYPOT neuron 7f328ea8-04b1-48f0-b63f-cb59a924a69b
Replacing HYPOT neuron 9cbb3816-0d3a-4c75-9405-18ab76aa0818
Replacing HYPOT neuron 7f328ea8-04b1-48f0-b63f-cb59a924a69b
Replacing HYPOT neuron 9cbb3816-0d3a-4c75-9405-18ab76aa0818
Replacing HYPOT neuron 7f328ea8-04b1-48f0-b63f-cb59a924a69b
Replacing HYPOT neuron 9cbb3816-0d3a-4c75-9405-18ab76aa0818
Replacing HYPOT neuron 7f328ea8-04b1-48f0-b63f-cb59a924a69b
Replacing HYPOT neuron 9cbb3816-0d3a-4c75-9405-18ab76aa0818
Replacing HYPOT neuron 7f328ea8-04b1-48f0-b63f-cb59a924a69b
Replacing HYPOT neuron 9cbb3816-0d3a-4c75-9405-18ab76aa0818
Replacing HYPOT neuron 7f328ea8-04b1-48f0-b63f-cb59a924a69b
Replacing HYPOT neuron 9cbb3816-0d3a-4c75-9405-18ab76aa0818
Replacing HYPOT neuron 7f328ea8-04b1-48f0-b63f-cb59a924a69b
Replacing HYPOT neuron 9cbb3816-0d3a-4c75-9405-18ab76aa0818
Replacing HYPOT neuron 7f328ea8-04b1-48f0-b63f-cb59a924a69b
Replacing HYPOT neuron 9cbb3816-0d3a-4c75-9405-18ab76aa0818
Replacing HYPOT neuron 7f328ea8-04b1-48f0-b63f-cb59a924a69b
Replacing HYPOT neuron 9cbb3816-0d3a-4c75-9405-18ab76aa0818
Replacing HYPOT neuron 7f328ea8-04b1-48f0-b63f-cb59a924a69b
Replacing HYPOT neuron 9cbb3816-0d3a-4c75-9405-18ab76aa0818
Replacing HYPOT neuron 7f328ea8-04b1-48f0-b63f-cb59a924a69b
Replacing HYPOT neuron 9cbb3816-0d3a-4c75-9405-18ab76aa0818
Replacing HYPOT neuron 7f328ea8-04b1-48f0-b63f-cb59a924a69b
Replacing HYPOT neuron 9cbb3816-0d3a-4c75-9405-18ab76aa0818
Replacing HYPOT neuron 7f328ea8-04b1-48f0-b63f-cb59a924a69b
Replacing HYPOT neuron 9cbb3816-0d3a-4c75-9405-18ab76aa0818
Replacing HYPOT neuron 7f328ea8-04b1-48f0-b63f-cb59a924a69b
Replacing HYPOT neuron 9cbb3816-0d3a-4c75-9405-18ab76aa0818
Replacing HYPOT neuron 7f328ea8-04b1-48f0-b63f-cb59a924a69b
Replacing HYPOT neuron 9cbb3816-0d3a-4c75-9405-18ab76aa0818
Replacing HYPOT neuron 7f328ea8-04b1-48f0-b63f-cb59a924a69b
Replacing HYPOT neuron 9cbb3816-0d3a-4c75-9405-18ab76aa0818
Replacing HYPOT neuron 7f328ea8-04b1-48f0-b63f-cb59a924a69b
Replacing HYPOT neuron 9cbb3816-0d3a-4c75-9405-18ab76aa0818
Replacing HYPOT neuron 7f328ea8-04b1-48f0-b63f-cb59a924a69b
Replacing HYPOT neuron 9cbb3816-0d3a-4c75-9405-18ab76aa0818
Replacing HYPOT neuron 7f328ea8-04b1-48f0-b63f-cb59a924a69b
Replacing HYPOT neuron 9cbb3816-0d3a-4c75-9405-18ab76aa0818
Replacing HYPOT neuron 7f328ea8-04b1-48f0-b63f-cb59a924a69b
Replacing HYPOT neuron 9cbb3816-0d3a-4c75-9405-18ab76aa0818
Replacing HYPOT neuron 7f328ea8-04b1-48f0-b63f-cb59a924a69b
Replacing HYPOT neuron 9cbb3816-0d3a-4c75-9405-18ab76aa0818
Generation 10 score 0.8055895634298763  error 0.1943593725710305 avg time 4s 526ms
Fine tuning increased fitness by 0.000001994925778570078 to 0.8055915583556549 adjusted 1 weight 
Replacing HYPOT neuron 7f328ea8-04b1-48f0-b63f-cb59a924a69b
Replacing HYPOT neuron 9cbb3816-0d3a-4c75-9405-18ab76aa0818
Replacing HYPOT neuron 7f328ea8-04b1-48f0-b63f-cb59a924a69b
Replacing HYPOT neuron 9cbb3816-0d3a-4c75-9405-18ab76aa0818
Replacing HYPOT neuron 7f328ea8-04b1-48f0-b63f-cb59a924a69b
Replacing HYPOT neuron 9cbb3816-0d3a-4c75-9405-18ab76aa0818
Replacing HYPOT neuron 7f328ea8-04b1-48f0-b63f-cb59a924a69b
Replacing HYPOT neuron 9cbb3816-0d3a-4c75-9405-18ab76aa0818
Replacing HYPOT neuron 7f328ea8-04b1-48f0-b63f-cb59a924a69b
Replacing HYPOT neuron 9cbb3816-0d3a-4c75-9405-18ab76aa0818
Replacing HYPOT neuron 7f328ea8-04b1-48f0-b63f-cb59a924a69b
Replacing HYPOT neuron 9cbb3816-0d3a-4c75-9405-18ab76aa0818
Replacing HYPOT neuron 7f328ea8-04b1-48f0-b63f-cb59a924a69b
Replacing HYPOT neuron 9cbb3816-0d3a-4c75-9405-18ab76aa0818
Replacing HYPOT neuron 7f328ea8-04b1-48f0-b63f-cb59a924a69b
Replacing HYPOT neuron 9cbb3816-0d3a-4c75-9405-18ab76aa0818
Replacing HYPOT neuron 7f328ea8-04b1-48f0-b63f-cb59a924a69b
Replacing HYPOT neuron 9cbb3816-0d3a-4c75-9405-18ab76aa0818
Replacing HYPOT neuron 7f328ea8-04b1-48f0-b63f-cb59a924a69b
Replacing HYPOT neuron 9cbb3816-0d3a-4c75-9405-18ab76aa0818
Replacing HYPOT neuron 7f328ea8-04b1-48f0-b63f-cb59a924a69b
Replacing HYPOT neuron 9cbb3816-0d3a-4c75-9405-18ab76aa0818
Replacing HYPOT neuron 7f328ea8-04b1-48f0-b63f-cb59a924a69b
Replacing HYPOT neuron 9cbb3816-0d3a-4c75-9405-18ab76aa0818
Replacing HYPOT neuron 7f328ea8-04b1-48f0-b63f-cb59a924a69b
Replacing HYPOT neuron 9cbb3816-0d3a-4c75-9405-18ab76aa0818
Replacing HYPOT neuron 7f328ea8-04b1-48f0-b63f-cb59a924a69b
Replacing HYPOT neuron 9cbb3816-0d3a-4c75-9405-18ab76aa0818
Replacing HYPOT neuron 7f328ea8-04b1-48f0-b63f-cb59a924a69b
Replacing HYPOT neuron 9cbb3816-0d3a-4c75-9405-18ab76aa0818
Replacing HYPOT neuron 7f328ea8-04b1-48f0-b63f-cb59a924a69b
Replacing HYPOT neuron 9cbb3816-0d3a-4c75-9405-18ab76aa0818
Replacing HYPOT neuron 7f328ea8-04b1-48f0-b63f-cb59a924a69b
Replacing HYPOT neuron 9cbb3816-0d3a-4c75-9405-18ab76aa0818
Replacing HYPOT neuron 7f328ea8-04b1-48f0-b63f-cb59a924a69b
Replacing HYPOT neuron 9cbb3816-0d3a-4c75-9405-18ab76aa0818
Replacing HYPOT neuron 7f328ea8-04b1-48f0-b63f-cb59a924a69b
Replacing HYPOT neuron 9cbb3816-0d3a-4c75-9405-18ab76aa0818
Replacing HYPOT neuron 7f328ea8-04b1-48f0-b63f-cb59a924a69b
Replacing HYPOT neuron 9cbb3816-0d3a-4c75-9405-18ab76aa0818
Replacing HYPOT neuron 7f328ea8-04b1-48f0-b63f-cb59a924a69b
Replacing HYPOT neuron 9cbb3816-0d3a-4c75-9405-18ab76aa0818
Replacing HYPOT neuron 7f328ea8-04b1-48f0-b63f-cb59a924a69b
Replacing HYPOT neuron 9cbb3816-0d3a-4c75-9405-18ab76aa0818
Replacing HYPOT neuron 7f328ea8-04b1-48f0-b63f-cb59a924a69b
Replacing HYPOT neuron 9cbb3816-0d3a-4c75-9405-18ab76aa0818
Replacing HYPOT neuron 7f328ea8-04b1-48f0-b63f-cb59a924a69b
Replacing HYPOT neuron 9cbb3816-0d3a-4c75-9405-18ab76aa0818
Replacing HYPOT neuron 7f328ea8-04b1-48f0-b63f-cb59a924a69b
Replacing HYPOT neuron 9cbb3816-0d3a-4c75-9405-18ab76aa0818
Replacing HYPOT neuron 7f328ea8-04b1-48f0-b63f-cb59a924a69b
Replacing HYPOT neuron 9cbb3816-0d3a-4c75-9405-18ab76aa0818
Replacing HYPOT neuron 7f328ea8-04b1-48f0-b63f-cb59a924a69b
Replacing HYPOT neuron 9cbb3816-0d3a-4c75-9405-18ab76aa0818
Replacing HYPOT neuron 7f328ea8-04b1-48f0-b63f-cb59a924a69b
Replacing HYPOT neuron 9cbb3816-0d3a-4c75-9405-18ab76aa0818
Replacing HYPOT neuron 7f328ea8-04b1-48f0-b63f-cb59a924a69b
Replacing HYPOT neuron 9cbb3816-0d3a-4c75-9405-18ab76aa0818
Replacing HYPOT neuron 7f328ea8-04b1-48f0-b63f-cb59a924a69b
Replacing HYPOT neuron 9cbb3816-0d3a-4c75-9405-18ab76aa0818
Replacing HYPOT neuron 7f328ea8-04b1-48f0-b63f-cb59a924a69b
Replacing HYPOT neuron 9cbb3816-0d3a-4c75-9405-18ab76aa0818
Replacing HYPOT neuron 7f328ea8-04b1-48f0-b63f-cb59a924a69b
Replacing HYPOT neuron 9cbb3816-0d3a-4c75-9405-18ab76aa0818
Replacing HYPOT neuron 7f328ea8-04b1-48f0-b63f-cb59a924a69b
Replacing HYPOT neuron 9cbb3816-0d3a-4c75-9405-18ab76aa0818
Replacing HYPOT neuron 7f328ea8-04b1-48f0-b63f-cb59a924a69b
Replacing HYPOT neuron 9cbb3816-0d3a-4c75-9405-18ab76aa0818
Replacing HYPOT neuron 7f328ea8-04b1-48f0-b63f-cb59a924a69b
Replacing HYPOT neuron 9cbb3816-0d3a-4c75-9405-18ab76aa0818
Replacing HYPOT neuron 7f328ea8-04b1-48f0-b63f-cb59a924a69b
Replacing HYPOT neuron 9cbb3816-0d3a-4c75-9405-18ab76aa0818
Replacing HYPOT neuron 7f328ea8-04b1-48f0-b63f-cb59a924a69b
Replacing HYPOT neuron 9cbb3816-0d3a-4c75-9405-18ab76aa0818
Replacing HYPOT neuron 7f328ea8-04b1-48f0-b63f-cb59a924a69b
Replacing HYPOT neuron 9cbb3816-0d3a-4c75-9405-18ab76aa0818
Replacing HYPOT neuron 7f328ea8-04b1-48f0-b63f-cb59a924a69b
Replacing HYPOT neuron 9cbb3816-0d3a-4c75-9405-18ab76aa0818
Replacing HYPOT neuron 7f328ea8-04b1-48f0-b63f-cb59a924a69b
Replacing HYPOT neuron 9cbb3816-0d3a-4c75-9405-18ab76aa0818
Replacing HYPOT neuron 7f328ea8-04b1-48f0-b63f-cb59a924a69b
Replacing HYPOT neuron 9cbb3816-0d3a-4c75-9405-18ab76aa0818
Replacing HYPOT neuron 7f328ea8-04b1-48f0-b63f-cb59a924a69b
Replacing HYPOT neuron 9cbb3816-0d3a-4c75-9405-18ab76aa0818
Replacing HYPOT neuron 7f328ea8-04b1-48f0-b63f-cb59a924a69b
Replacing HYPOT neuron 9cbb3816-0d3a-4c75-9405-18ab76aa0818
Replacing HYPOT neuron 7f328ea8-04b1-48f0-b63f-cb59a924a69b
Replacing HYPOT neuron 9cbb3816-0d3a-4c75-9405-18ab76aa0818
Replacing HYPOT neuron 7f328ea8-04b1-48f0-b63f-cb59a924a69b
Replacing HYPOT neuron 9cbb3816-0d3a-4c75-9405-18ab76aa0818
Replacing HYPOT neuron 7f328ea8-04b1-48f0-b63f-cb59a924a69b
Replacing HYPOT neuron 9cbb3816-0d3a-4c75-9405-18ab76aa0818
Replacing HYPOT neuron 7f328ea8-04b1-48f0-b63f-cb59a924a69b
Replacing HYPOT neuron 9cbb3816-0d3a-4c75-9405-18ab76aa0818
Replacing HYPOT neuron 7f328ea8-04b1-48f0-b63f-cb59a924a69b
Replacing HYPOT neuron 9cbb3816-0d3a-4c75-9405-18ab76aa0818
Replacing HYPOT neuron 7f328ea8-04b1-48f0-b63f-cb59a924a69b
Replacing HYPOT neuron 9cbb3816-0d3a-4c75-9405-18ab76aa0818
Replacing HYPOT neuron 7f328ea8-04b1-48f0-b63f-cb59a924a69b
Replacing HYPOT neuron 9cbb3816-0d3a-4c75-9405-18ab76aa0818
Replacing HYPOT neuron 7f328ea8-04b1-48f0-b63f-cb59a924a69b
Replacing HYPOT neuron 9cbb3816-0d3a-4c75-9405-18ab76aa0818
Replacing HYPOT neuron 7f328ea8-04b1-48f0-b63f-cb59a924a69b
Replacing HYPOT neuron 9cbb3816-0d3a-4c75-9405-18ab76aa0818
Replacing HYPOT neuron 7f328ea8-04b1-48f0-b63f-cb59a924a69b
Replacing HYPOT neuron 9cbb3816-0d3a-4c75-9405-18ab76aa0818
Replacing HYPOT neuron 7f328ea8-04b1-48f0-b63f-cb59a924a69b
Replacing HYPOT neuron 9cbb3816-0d3a-4c75-9405-18ab76aa0818
Replacing HYPOT neuron 7f328ea8-04b1-48f0-b63f-cb59a924a69b
Replacing HYPOT neuron 9cbb3816-0d3a-4c75-9405-18ab76aa0818
Replacing HYPOT neuron 7f328ea8-04b1-48f0-b63f-cb59a924a69b
Replacing HYPOT neuron 9cbb3816-0d3a-4c75-9405-18ab76aa0818
Replacing HYPOT neuron 7f328ea8-04b1-48f0-b63f-cb59a924a69b
Replacing HYPOT neuron 9cbb3816-0d3a-4c75-9405-18ab76aa0818
Replacing HYPOT neuron 7f328ea8-04b1-48f0-b63f-cb59a924a69b
Replacing HYPOT neuron 9cbb3816-0d3a-4c75-9405-18ab76aa0818
Training 7db0f8f2 with 1 binary file, target error: 0.05, iterations: 1, sample rate: 100%, sparse: 100%
Discovered beneficial synapse from da8e2aa1-7531-473a-bba3-788052d096c3 to 1b33ae58-5c91-41e6-b239-ad98393c0c29 with weight -1.0000, helping 19.6% more records than it harms (2155/4613)
Discovery 03334561 analyze time 9s 837ms found 1 candidates
Fine tuning increased fitness by 0.0000012515714659100396 to 0.8055928099271208 adjusted 1 weight 
Replacing HYPOT neuron 7f328ea8-04b1-48f0-b63f-cb59a924a69b
Replacing HYPOT neuron 9cbb3816-0d3a-4c75-9405-18ab76aa0818
Replacing HYPOT neuron 7f328ea8-04b1-48f0-b63f-cb59a924a69b
Replacing HYPOT neuron 9cbb3816-0d3a-4c75-9405-18ab76aa0818
Replacing HYPOT neuron 7f328ea8-04b1-48f0-b63f-cb59a924a69b
Replacing HYPOT neuron 9cbb3816-0d3a-4c75-9405-18ab76aa0818
Replacing HYPOT neuron 7f328ea8-04b1-48f0-b63f-cb59a924a69b
Replacing HYPOT neuron 9cbb3816-0d3a-4c75-9405-18ab76aa0818
Replacing HYPOT neuron 7f328ea8-04b1-48f0-b63f-cb59a924a69b
Replacing HYPOT neuron 9cbb3816-0d3a-4c75-9405-18ab76aa0818
Replacing HYPOT neuron 7f328ea8-04b1-48f0-b63f-cb59a924a69b
Replacing HYPOT neuron 9cbb3816-0d3a-4c75-9405-18ab76aa0818
Replacing HYPOT neuron 7f328ea8-04b1-48f0-b63f-cb59a924a69b
Replacing HYPOT neuron 9cbb3816-0d3a-4c75-9405-18ab76aa0818
Replacing HYPOT neuron 7f328ea8-04b1-48f0-b63f-cb59a924a69b
Replacing HYPOT neuron 9cbb3816-0d3a-4c75-9405-18ab76aa0818
Replacing HYPOT neuron 7f328ea8-04b1-48f0-b63f-cb59a924a69b
Replacing HYPOT neuron 9cbb3816-0d3a-4c75-9405-18ab76aa0818
Replacing HYPOT neuron 7f328ea8-04b1-48f0-b63f-cb59a924a69b
Replacing HYPOT neuron 9cbb3816-0d3a-4c75-9405-18ab76aa0818
Replacing HYPOT neuron 7f328ea8-04b1-48f0-b63f-cb59a924a69b
Replacing HYPOT neuron 9cbb3816-0d3a-4c75-9405-18ab76aa0818
Replacing HYPOT neuron 7f328ea8-04b1-48f0-b63f-cb59a924a69b
Replacing HYPOT neuron 9cbb3816-0d3a-4c75-9405-18ab76aa0818
Replacing HYPOT neuron 7f328ea8-04b1-48f0-b63f-cb59a924a69b
Replacing HYPOT neuron 9cbb3816-0d3a-4c75-9405-18ab76aa0818
Replacing HYPOT neuron 7f328ea8-04b1-48f0-b63f-cb59a924a69b
Replacing HYPOT neuron 9cbb3816-0d3a-4c75-9405-18ab76aa0818
Replacing HYPOT neuron 7f328ea8-04b1-48f0-b63f-cb59a924a69b
Replacing HYPOT neuron 9cbb3816-0d3a-4c75-9405-18ab76aa0818
Replacing HYPOT neuron 7f328ea8-04b1-48f0-b63f-cb59a924a69b
Replacing HYPOT neuron 9cbb3816-0d3a-4c75-9405-18ab76aa0818
Replacing HYPOT neuron 7f328ea8-04b1-48f0-b63f-cb59a924a69b
Replacing HYPOT neuron 9cbb3816-0d3a-4c75-9405-18ab76aa0818
Replacing HYPOT neuron 7f328ea8-04b1-48f0-b63f-cb59a924a69b
Replacing HYPOT neuron 9cbb3816-0d3a-4c75-9405-18ab76aa0818
Replacing HYPOT neuron 7f328ea8-04b1-48f0-b63f-cb59a924a69b
Replacing HYPOT neuron 9cbb3816-0d3a-4c75-9405-18ab76aa0818
Replacing HYPOT neuron 7f328ea8-04b1-48f0-b63f-cb59a924a69b
Replacing HYPOT neuron 9cbb3816-0d3a-4c75-9405-18ab76aa0818
Replacing HYPOT neuron 7f328ea8-04b1-48f0-b63f-cb59a924a69b
Replacing HYPOT neuron 9cbb3816-0d3a-4c75-9405-18ab76aa0818
Replacing HYPOT neuron 7f328ea8-04b1-48f0-b63f-cb59a924a69b
Replacing HYPOT neuron 9cbb3816-0d3a-4c75-9405-18ab76aa0818
Replacing HYPOT neuron 7f328ea8-04b1-48f0-b63f-cb59a924a69b
Replacing HYPOT neuron 9cbb3816-0d3a-4c75-9405-18ab76aa0818
Replacing HYPOT neuron 7f328ea8-04b1-48f0-b63f-cb59a924a69b
Replacing HYPOT neuron 9cbb3816-0d3a-4c75-9405-18ab76aa0818
Replacing HYPOT neuron 7f328ea8-04b1-48f0-b63f-cb59a924a69b
Replacing HYPOT neuron 9cbb3816-0d3a-4c75-9405-18ab76aa0818
Replacing HYPOT neuron 7f328ea8-04b1-48f0-b63f-cb59a924a69b
Replacing HYPOT neuron 9cbb3816-0d3a-4c75-9405-18ab76aa0818
Replacing HYPOT neuron 7f328ea8-04b1-48f0-b63f-cb59a924a69b
Replacing HYPOT neuron 9cbb3816-0d3a-4c75-9405-18ab76aa0818
Replacing HYPOT neuron 7f328ea8-04b1-48f0-b63f-cb59a924a69b
Replacing HYPOT neuron 9cbb3816-0d3a-4c75-9405-18ab76aa0818
Replacing HYPOT neuron 7f328ea8-04b1-48f0-b63f-cb59a924a69b
Replacing HYPOT neuron 9cbb3816-0d3a-4c75-9405-18ab76aa0818
Replacing HYPOT neuron 7f328ea8-04b1-48f0-b63f-cb59a924a69b
Replacing HYPOT neuron 9cbb3816-0d3a-4c75-9405-18ab76aa0818
Replacing HYPOT neuron 7f328ea8-04b1-48f0-b63f-cb59a924a69b
Replacing HYPOT neuron 9cbb3816-0d3a-4c75-9405-18ab76aa0818
Replacing HYPOT neuron 7f328ea8-04b1-48f0-b63f-cb59a924a69b
Replacing HYPOT neuron 9cbb3816-0d3a-4c75-9405-18ab76aa0818
Replacing HYPOT neuron 7f328ea8-04b1-48f0-b63f-cb59a924a69b
Replacing HYPOT neuron 9cbb3816-0d3a-4c75-9405-18ab76aa0818
Replacing HYPOT neuron 7f328ea8-04b1-48f0-b63f-cb59a924a69b
Replacing HYPOT neuron 9cbb3816-0d3a-4c75-9405-18ab76aa0818
Discovered harmful synapse from input-23 to 3e4b1c4c-a7be-4d88-984b-c79bbe0910cc, harming 49.2% more records than it helps (581/4613)
Discovery 03334561 analyze harmful time 2s 242ms found 1 candidates
Discovery 03334561 analyze squashes time 946ms found 1 candidate, Summary: 3e4b1c4c-a7be-4d88-984b-c79bbe0910cc ArcTan -> SQUARE improved: 2.2% error: 3.461650542334403e+21 -> 3.384917967288859e+21
Replacing HYPOT neuron 7f328ea8-04b1-48f0-b63f-cb59a924a69b
Replacing HYPOT neuron 9cbb3816-0d3a-4c75-9405-18ab76aa0818
Replacing HYPOT neuron 7f328ea8-04b1-48f0-b63f-cb59a924a69b
Replacing HYPOT neuron 9cbb3816-0d3a-4c75-9405-18ab76aa0818
Replacing HYPOT neuron 7f328ea8-04b1-48f0-b63f-cb59a924a69b
Replacing HYPOT neuron 9cbb3816-0d3a-4c75-9405-18ab76aa0818
Replacing HYPOT neuron 7f328ea8-04b1-48f0-b63f-cb59a924a69b
Replacing HYPOT neuron 9cbb3816-0d3a-4c75-9405-18ab76aa0818
Replacing HYPOT neuron 7f328ea8-04b1-48f0-b63f-cb59a924a69b
Replacing HYPOT neuron 9cbb3816-0d3a-4c75-9405-18ab76aa0818
Replacing HYPOT neuron 7f328ea8-04b1-48f0-b63f-cb59a924a69b
Replacing HYPOT neuron 9cbb3816-0d3a-4c75-9405-18ab76aa0818
Replacing HYPOT neuron 7f328ea8-04b1-48f0-b63f-cb59a924a69b
Replacing HYPOT neuron 9cbb3816-0d3a-4c75-9405-18ab76aa0818
Replacing HYPOT neuron 7f328ea8-04b1-48f0-b63f-cb59a924a69b
Replacing HYPOT neuron 9cbb3816-0d3a-4c75-9405-18ab76aa0818
Replacing HYPOT neuron 7f328ea8-04b1-48f0-b63f-cb59a924a69b
Replacing HYPOT neuron 9cbb3816-0d3a-4c75-9405-18ab76aa0818
Replacing HYPOT neuron 7f328ea8-04b1-48f0-b63f-cb59a924a69b
Replacing HYPOT neuron 9cbb3816-0d3a-4c75-9405-18ab76aa0818
Replacing HYPOT neuron 7f328ea8-04b1-48f0-b63f-cb59a924a69b
Replacing HYPOT neuron 9cbb3816-0d3a-4c75-9405-18ab76aa0818
Replacing HYPOT neuron 7f328ea8-04b1-48f0-b63f-cb59a924a69b
Replacing HYPOT neuron 9cbb3816-0d3a-4c75-9405-18ab76aa0818
Replacing HYPOT neuron 7f328ea8-04b1-48f0-b63f-cb59a924a69b
Replacing HYPOT neuron 9cbb3816-0d3a-4c75-9405-18ab76aa0818
Replacing HYPOT neuron 7f328ea8-04b1-48f0-b63f-cb59a924a69b
Replacing HYPOT neuron 9cbb3816-0d3a-4c75-9405-18ab76aa0818
Replacing HYPOT neuron 7f328ea8-04b1-48f0-b63f-cb59a924a69b
Replacing HYPOT neuron 9cbb3816-0d3a-4c75-9405-18ab76aa0818
Replacing HYPOT neuron 7f328ea8-04b1-48f0-b63f-cb59a924a69b
Replacing HYPOT neuron 9cbb3816-0d3a-4c75-9405-18ab76aa0818
Replacing HYPOT neuron 7f328ea8-04b1-48f0-b63f-cb59a924a69b
Replacing HYPOT neuron 9cbb3816-0d3a-4c75-9405-18ab76aa0818
Replacing HYPOT neuron 7f328ea8-04b1-48f0-b63f-cb59a924a69b
Replacing HYPOT neuron 9cbb3816-0d3a-4c75-9405-18ab76aa0818
Replacing HYPOT neuron 7f328ea8-04b1-48f0-b63f-cb59a924a69b
Replacing HYPOT neuron 9cbb3816-0d3a-4c75-9405-18ab76aa0818
Replacing HYPOT neuron 7f328ea8-04b1-48f0-b63f-cb59a924a69b
Replacing HYPOT neuron 9cbb3816-0d3a-4c75-9405-18ab76aa0818
Replacing HYPOT neuron 7f328ea8-04b1-48f0-b63f-cb59a924a69b
Replacing HYPOT neuron 9cbb3816-0d3a-4c75-9405-18ab76aa0818
Replacing HYPOT neuron 7f328ea8-04b1-48f0-b63f-cb59a924a69b
Replacing HYPOT neuron 9cbb3816-0d3a-4c75-9405-18ab76aa0818
Replacing HYPOT neuron 7f328ea8-04b1-48f0-b63f-cb59a924a69b
Replacing HYPOT neuron 9cbb3816-0d3a-4c75-9405-18ab76aa0818
Replacing HYPOT neuron 7f328ea8-04b1-48f0-b63f-cb59a924a69b
Replacing HYPOT neuron 9cbb3816-0d3a-4c75-9405-18ab76aa0818
Replacing HYPOT neuron 7f328ea8-04b1-48f0-b63f-cb59a924a69b
Replacing HYPOT neuron 9cbb3816-0d3a-4c75-9405-18ab76aa0818
Replacing HYPOT neuron 7f328ea8-04b1-48f0-b63f-cb59a924a69b
Replacing HYPOT neuron 9cbb3816-0d3a-4c75-9405-18ab76aa0818
Replacing HYPOT neuron 7f328ea8-04b1-48f0-b63f-cb59a924a69b
Replacing HYPOT neuron 9cbb3816-0d3a-4c75-9405-18ab76aa0818
Replacing HYPOT neuron 7f328ea8-04b1-48f0-b63f-cb59a924a69b
Replacing HYPOT neuron 9cbb3816-0d3a-4c75-9405-18ab76aa0818
Replacing HYPOT neuron 7f328ea8-04b1-48f0-b63f-cb59a924a69b
Replacing HYPOT neuron 9cbb3816-0d3a-4c75-9405-18ab76aa0818
Replacing HYPOT neuron 7f328ea8-04b1-48f0-b63f-cb59a924a69b
Replacing HYPOT neuron 9cbb3816-0d3a-4c75-9405-18ab76aa0818
Replacing HYPOT neuron 7f328ea8-04b1-48f0-b63f-cb59a924a69b
Replacing HYPOT neuron 9cbb3816-0d3a-4c75-9405-18ab76aa0818
Replacing HYPOT neuron 7f328ea8-04b1-48f0-b63f-cb59a924a69b
Replacing HYPOT neuron 9cbb3816-0d3a-4c75-9405-18ab76aa0818
Replacing HYPOT neuron 7f328ea8-04b1-48f0-b63f-cb59a924a69b
Replacing HYPOT neuron 9cbb3816-0d3a-4c75-9405-18ab76aa0818
Replacing HYPOT neuron 7f328ea8-04b1-48f0-b63f-cb59a924a69b
Replacing HYPOT neuron 9cbb3816-0d3a-4c75-9405-18ab76aa0818
Replacing HYPOT neuron 7f328ea8-04b1-48f0-b63f-cb59a924a69b
Replacing HYPOT neuron 9cbb3816-0d3a-4c75-9405-18ab76aa0818
Replacing HYPOT neuron 7f328ea8-04b1-48f0-b63f-cb59a924a69b
Replacing HYPOT neuron 9cbb3816-0d3a-4c75-9405-18ab76aa0818
Replacing HYPOT neuron 7f328ea8-04b1-48f0-b63f-cb59a924a69b
Replacing HYPOT neuron 9cbb3816-0d3a-4c75-9405-18ab76aa0818
Replacing HYPOT neuron 7f328ea8-04b1-48f0-b63f-cb59a924a69b
Replacing HYPOT neuron 9cbb3816-0d3a-4c75-9405-18ab76aa0818
Replacing HYPOT neuron 7f328ea8-04b1-48f0-b63f-cb59a924a69b
Replacing HYPOT neuron 9cbb3816-0d3a-4c75-9405-18ab76aa0818
Replacing HYPOT neuron 7f328ea8-04b1-48f0-b63f-cb59a924a69b
Replacing HYPOT neuron 9cbb3816-0d3a-4c75-9405-18ab76aa0818
Replacing HYPOT neuron 7f328ea8-04b1-48f0-b63f-cb59a924a69b
Replacing HYPOT neuron 9cbb3816-0d3a-4c75-9405-18ab76aa0818
Replacing HYPOT neuron 7f328ea8-04b1-48f0-b63f-cb59a924a69b
Replacing HYPOT neuron 9cbb3816-0d3a-4c75-9405-18ab76aa0818
Replacing HYPOT neuron 7f328ea8-04b1-48f0-b63f-cb59a924a69b
Replacing HYPOT neuron 9cbb3816-0d3a-4c75-9405-18ab76aa0818
Replacing HYPOT neuron 7f328ea8-04b1-48f0-b63f-cb59a924a69b
Replacing HYPOT neuron 9cbb3816-0d3a-4c75-9405-18ab76aa0818
Replacing HYPOT neuron 7f328ea8-04b1-48f0-b63f-cb59a924a69b
Replacing HYPOT neuron 9cbb3816-0d3a-4c75-9405-18ab76aa0818
Replacing HYPOT neuron 7f328ea8-04b1-48f0-b63f-cb59a924a69b
Replacing HYPOT neuron 9cbb3816-0d3a-4c75-9405-18ab76aa0818
Replacing HYPOT neuron 7f328ea8-04b1-48f0-b63f-cb59a924a69b
Replacing HYPOT neuron 9cbb3816-0d3a-4c75-9405-18ab76aa0818
Replacing HYPOT neuron 7f328ea8-04b1-48f0-b63f-cb59a924a69b
Replacing HYPOT neuron 9cbb3816-0d3a-4c75-9405-18ab76aa0818
Replacing HYPOT neuron 7f328ea8-04b1-48f0-b63f-cb59a924a69b
Replacing HYPOT neuron 9cbb3816-0d3a-4c75-9405-18ab76aa0818
Replacing HYPOT neuron 7f328ea8-04b1-48f0-b63f-cb59a924a69b
Replacing HYPOT neuron 9cbb3816-0d3a-4c75-9405-18ab76aa0818
Replacing HYPOT neuron 7f328ea8-04b1-48f0-b63f-cb59a924a69b
Replacing HYPOT neuron 9cbb3816-0d3a-4c75-9405-18ab76aa0818
Replacing HYPOT neuron 7f328ea8-04b1-48f0-b63f-cb59a924a69b
Replacing HYPOT neuron 9cbb3816-0d3a-4c75-9405-18ab76aa0818
Replacing HYPOT neuron 7f328ea8-04b1-48f0-b63f-cb59a924a69b
Replacing HYPOT neuron 9cbb3816-0d3a-4c75-9405-18ab76aa0818
Replacing HYPOT neuron 7f328ea8-04b1-48f0-b63f-cb59a924a69b
Replacing HYPOT neuron 9cbb3816-0d3a-4c75-9405-18ab76aa0818
Replacing HYPOT neuron 7f328ea8-04b1-48f0-b63f-cb59a924a69b
Replacing HYPOT neuron 9cbb3816-0d3a-4c75-9405-18ab76aa0818
Replacing HYPOT neuron 7f328ea8-04b1-48f0-b63f-cb59a924a69b
Replacing HYPOT neuron 9cbb3816-0d3a-4c75-9405-18ab76aa0818
Replacing HYPOT neuron 7f328ea8-04b1-48f0-b63f-cb59a924a69b
Replacing HYPOT neuron 9cbb3816-0d3a-4c75-9405-18ab76aa0818
Replacing HYPOT neuron 7f328ea8-04b1-48f0-b63f-cb59a924a69b
Replacing HYPOT neuron 9cbb3816-0d3a-4c75-9405-18ab76aa0818
Replacing HYPOT neuron 7f328ea8-04b1-48f0-b63f-cb59a924a69b
Replacing HYPOT neuron 9cbb3816-0d3a-4c75-9405-18ab76aa0818
Replacing HYPOT neuron 7f328ea8-04b1-48f0-b63f-cb59a924a69b
Replacing HYPOT neuron 9cbb3816-0d3a-4c75-9405-18ab76aa0818
Replacing HYPOT neuron 7f328ea8-04b1-48f0-b63f-cb59a924a69b
Replacing HYPOT neuron 9cbb3816-0d3a-4c75-9405-18ab76aa0818
Replacing HYPOT neuron 7f328ea8-04b1-48f0-b63f-cb59a924a69b
Replacing HYPOT neuron 9cbb3816-0d3a-4c75-9405-18ab76aa0818
Replacing HYPOT neuron 7f328ea8-04b1-48f0-b63f-cb59a924a69b
Replacing HYPOT neuron 9cbb3816-0d3a-4c75-9405-18ab76aa0818
Replacing HYPOT neuron 7f328ea8-04b1-48f0-b63f-cb59a924a69b
Replacing HYPOT neuron 9cbb3816-0d3a-4c75-9405-18ab76aa0818
Replacing HYPOT neuron 7f328ea8-04b1-48f0-b63f-cb59a924a69b
Replacing HYPOT neuron 9cbb3816-0d3a-4c75-9405-18ab76aa0818
Replacing HYPOT neuron 7f328ea8-04b1-48f0-b63f-cb59a924a69b
Replacing HYPOT neuron 9cbb3816-0d3a-4c75-9405-18ab76aa0818
Replacing HYPOT neuron 7f328ea8-04b1-48f0-b63f-cb59a924a69b
Replacing HYPOT neuron 9cbb3816-0d3a-4c75-9405-18ab76aa0818
Replacing HYPOT neuron 7f328ea8-04b1-48f0-b63f-cb59a924a69b
Replacing HYPOT neuron 9cbb3816-0d3a-4c75-9405-18ab76aa0818
Replacing HYPOT neuron 7f328ea8-04b1-48f0-b63f-cb59a924a69b
Replacing HYPOT neuron 9cbb3816-0d3a-4c75-9405-18ab76aa0818
Replacing HYPOT neuron 7f328ea8-04b1-48f0-b63f-cb59a924a69b
Replacing HYPOT neuron 9cbb3816-0d3a-4c75-9405-18ab76aa0818
Replacing HYPOT neuron 7f328ea8-04b1-48f0-b63f-cb59a924a69b
Replacing HYPOT neuron 9cbb3816-0d3a-4c75-9405-18ab76aa0818
Replacing HYPOT neuron 7f328ea8-04b1-48f0-b63f-cb59a924a69b
Replacing HYPOT neuron 9cbb3816-0d3a-4c75-9405-18ab76aa0818
Replacing HYPOT neuron 7f328ea8-04b1-48f0-b63f-cb59a924a69b
Replacing HYPOT neuron 9cbb3816-0d3a-4c75-9405-18ab76aa0818
Replacing HYPOT neuron 7f328ea8-04b1-48f0-b63f-cb59a924a69b
Replacing HYPOT neuron 9cbb3816-0d3a-4c75-9405-18ab76aa0818
Replacing HYPOT neuron 7f328ea8-04b1-48f0-b63f-cb59a924a69b
Replacing HYPOT neuron 9cbb3816-0d3a-4c75-9405-18ab76aa0818
Replacing HYPOT neuron 7f328ea8-04b1-48f0-b63f-cb59a924a69b
Replacing HYPOT neuron 9cbb3816-0d3a-4c75-9405-18ab76aa0818
Replacing HYPOT neuron 7f328ea8-04b1-48f0-b63f-cb59a924a69b
Replacing HYPOT neuron 9cbb3816-0d3a-4c75-9405-18ab76aa0818
Replacing HYPOT neuron 7f328ea8-04b1-48f0-b63f-cb59a924a69b
Replacing HYPOT neuron 9cbb3816-0d3a-4c75-9405-18ab76aa0818
Replacing HYPOT neuron 7f328ea8-04b1-48f0-b63f-cb59a924a69b
Replacing HYPOT neuron 9cbb3816-0d3a-4c75-9405-18ab76aa0818
Replacing HYPOT neuron 7f328ea8-04b1-48f0-b63f-cb59a924a69b
Replacing HYPOT neuron 9cbb3816-0d3a-4c75-9405-18ab76aa0818
Replacing HYPOT neuron 7f328ea8-04b1-48f0-b63f-cb59a924a69b
Replacing HYPOT neuron 9cbb3816-0d3a-4c75-9405-18ab76aa0818
Replacing HYPOT neuron 7f328ea8-04b1-48f0-b63f-cb59a924a69b
Replacing HYPOT neuron 9cbb3816-0d3a-4c75-9405-18ab76aa0818
Replacing HYPOT neuron 7f328ea8-04b1-48f0-b63f-cb59a924a69b
Replacing HYPOT neuron 9cbb3816-0d3a-4c75-9405-18ab76aa0818
Replacing HYPOT neuron 7f328ea8-04b1-48f0-b63f-cb59a924a69b
Replacing HYPOT neuron 9cbb3816-0d3a-4c75-9405-18ab76aa0818
Replacing HYPOT neuron 7f328ea8-04b1-48f0-b63f-cb59a924a69b
Replacing HYPOT neuron 9cbb3816-0d3a-4c75-9405-18ab76aa0818
Replacing HYPOT neuron 7f328ea8-04b1-48f0-b63f-cb59a924a69b
Replacing HYPOT neuron 9cbb3816-0d3a-4c75-9405-18ab76aa0818
Replacing HYPOT neuron 7f328ea8-04b1-48f0-b63f-cb59a924a69b
Replacing HYPOT neuron 9cbb3816-0d3a-4c75-9405-18ab76aa0818
Replacing HYPOT neuron 7f328ea8-04b1-48f0-b63f-cb59a924a69b
Replacing HYPOT neuron 9cbb3816-0d3a-4c75-9405-18ab76aa0818
Replacing HYPOT neuron 7f328ea8-04b1-48f0-b63f-cb59a924a69b
Replacing HYPOT neuron 9cbb3816-0d3a-4c75-9405-18ab76aa0818
Replacing HYPOT neuron 7f328ea8-04b1-48f0-b63f-cb59a924a69b
Replacing HYPOT neuron 9cbb3816-0d3a-4c75-9405-18ab76aa0818
Replacing HYPOT neuron 7f328ea8-04b1-48f0-b63f-cb59a924a69b
Replacing HYPOT neuron 9cbb3816-0d3a-4c75-9405-18ab76aa0818
Replacing HYPOT neuron 7f328ea8-04b1-48f0-b63f-cb59a924a69b
Replacing HYPOT neuron 9cbb3816-0d3a-4c75-9405-18ab76aa0818
Replacing HYPOT neuron 7f328ea8-04b1-48f0-b63f-cb59a924a69b
Replacing HYPOT neuron 9cbb3816-0d3a-4c75-9405-18ab76aa0818
Replacing HYPOT neuron 7f328ea8-04b1-48f0-b63f-cb59a924a69b
Replacing HYPOT neuron 9cbb3816-0d3a-4c75-9405-18ab76aa0818
Replacing HYPOT neuron 7f328ea8-04b1-48f0-b63f-cb59a924a69b
Replacing HYPOT neuron 9cbb3816-0d3a-4c75-9405-18ab76aa0818
Replacing HYPOT neuron 7f328ea8-04b1-48f0-b63f-cb59a924a69b
Replacing HYPOT neuron 9cbb3816-0d3a-4c75-9405-18ab76aa0818
Replacing HYPOT neuron 7f328ea8-04b1-48f0-b63f-cb59a924a69b
Replacing HYPOT neuron 9cbb3816-0d3a-4c75-9405-18ab76aa0818
Replacing HYPOT neuron 7f328ea8-04b1-48f0-b63f-cb59a924a69b
Replacing HYPOT neuron 9cbb3816-0d3a-4c75-9405-18ab76aa0818
Replacing HYPOT neuron 7f328ea8-04b1-48f0-b63f-cb59a924a69b
Replacing HYPOT neuron 9cbb3816-0d3a-4c75-9405-18ab76aa0818
Replacing HYPOT neuron 7f328ea8-04b1-48f0-b63f-cb59a924a69b
Replacing HYPOT neuron 9cbb3816-0d3a-4c75-9405-18ab76aa0818
Replacing HYPOT neuron 7f328ea8-04b1-48f0-b63f-cb59a924a69b
Replacing HYPOT neuron 9cbb3816-0d3a-4c75-9405-18ab76aa0818
Replacing HYPOT neuron 7f328ea8-04b1-48f0-b63f-cb59a924a69b
Replacing HYPOT neuron 9cbb3816-0d3a-4c75-9405-18ab76aa0818
Replacing HYPOT neuron 7f328ea8-04b1-48f0-b63f-cb59a924a69b
Replacing HYPOT neuron 9cbb3816-0d3a-4c75-9405-18ab76aa0818
Replacing HYPOT neuron 7f328ea8-04b1-48f0-b63f-cb59a924a69b
Replacing HYPOT neuron 9cbb3816-0d3a-4c75-9405-18ab76aa0818
Replacing HYPOT neuron 7f328ea8-04b1-48f0-b63f-cb59a924a69b
Replacing HYPOT neuron 9cbb3816-0d3a-4c75-9405-18ab76aa0818
Replacing HYPOT neuron 7f328ea8-04b1-48f0-b63f-cb59a924a69b
Replacing HYPOT neuron 9cbb3816-0d3a-4c75-9405-18ab76aa0818
Replacing HYPOT neuron 7f328ea8-04b1-48f0-b63f-cb59a924a69b
Replacing HYPOT neuron 9cbb3816-0d3a-4c75-9405-18ab76aa0818
Replacing HYPOT neuron 7f328ea8-04b1-48f0-b63f-cb59a924a69b
Replacing HYPOT neuron 9cbb3816-0d3a-4c75-9405-18ab76aa0818
Replacing HYPOT neuron 7f328ea8-04b1-48f0-b63f-cb59a924a69b
Replacing HYPOT neuron 9cbb3816-0d3a-4c75-9405-18ab76aa0818
Replacing HYPOT neuron 7f328ea8-04b1-48f0-b63f-cb59a924a69b
Replacing HYPOT neuron 9cbb3816-0d3a-4c75-9405-18ab76aa0818
Replacing HYPOT neuron 7f328ea8-04b1-48f0-b63f-cb59a924a69b
Replacing HYPOT neuron 9cbb3816-0d3a-4c75-9405-18ab76aa0818
Replacing HYPOT neuron 7f328ea8-04b1-48f0-b63f-cb59a924a69b
Replacing HYPOT neuron 9cbb3816-0d3a-4c75-9405-18ab76aa0818
Replacing HYPOT neuron 7f328ea8-04b1-48f0-b63f-cb59a924a69b
Replacing HYPOT neuron 9cbb3816-0d3a-4c75-9405-18ab76aa0818
Replacing HYPOT neuron 7f328ea8-04b1-48f0-b63f-cb59a924a69b
Replacing HYPOT neuron 9cbb3816-0d3a-4c75-9405-18ab76aa0818
Replacing HYPOT neuron 7f328ea8-04b1-48f0-b63f-cb59a924a69b
Replacing HYPOT neuron 9cbb3816-0d3a-4c75-9405-18ab76aa0818
Replacing HYPOT neuron 7f328ea8-04b1-48f0-b63f-cb59a924a69b
Replacing HYPOT neuron 9cbb3816-0d3a-4c75-9405-18ab76aa0818
Replacing HYPOT neuron 7f328ea8-04b1-48f0-b63f-cb59a924a69b
Replacing HYPOT neuron 9cbb3816-0d3a-4c75-9405-18ab76aa0818
Replacing HYPOT neuron 7f328ea8-04b1-48f0-b63f-cb59a924a69b
Replacing HYPOT neuron 9cbb3816-0d3a-4c75-9405-18ab76aa0818
Replacing HYPOT neuron 7f328ea8-04b1-48f0-b63f-cb59a924a69b
Replacing HYPOT neuron 9cbb3816-0d3a-4c75-9405-18ab76aa0818
Replacing HYPOT neuron 7f328ea8-04b1-48f0-b63f-cb59a924a69b
Replacing HYPOT neuron 9cbb3816-0d3a-4c75-9405-18ab76aa0818
Replacing HYPOT neuron 7f328ea8-04b1-48f0-b63f-cb59a924a69b
Replacing HYPOT neuron 9cbb3816-0d3a-4c75-9405-18ab76aa0818
Replacing HYPOT neuron 7f328ea8-04b1-48f0-b63f-cb59a924a69b
Replacing HYPOT neuron 9cbb3816-0d3a-4c75-9405-18ab76aa0818
Replacing HYPOT neuron 7f328ea8-04b1-48f0-b63f-cb59a924a69b
Replacing HYPOT neuron 9cbb3816-0d3a-4c75-9405-18ab76aa0818
Replacing HYPOT neuron 7f328ea8-04b1-48f0-b63f-cb59a924a69b
Replacing HYPOT neuron 9cbb3816-0d3a-4c75-9405-18ab76aa0818
Replacing HYPOT neuron 7f328ea8-04b1-48f0-b63f-cb59a924a69b
Replacing HYPOT neuron 9cbb3816-0d3a-4c75-9405-18ab76aa0818
Replacing HYPOT neuron 7f328ea8-04b1-48f0-b63f-cb59a924a69b
Replacing HYPOT neuron 9cbb3816-0d3a-4c75-9405-18ab76aa0818
Replacing HYPOT neuron 7f328ea8-04b1-48f0-b63f-cb59a924a69b
Replacing HYPOT neuron 9cbb3816-0d3a-4c75-9405-18ab76aa0818
Replacing HYPOT neuron 7f328ea8-04b1-48f0-b63f-cb59a924a69b
Replacing HYPOT neuron 9cbb3816-0d3a-4c75-9405-18ab76aa0818
Replacing HYPOT neuron 7f328ea8-04b1-48f0-b63f-cb59a924a69b
Replacing HYPOT neuron 9cbb3816-0d3a-4c75-9405-18ab76aa0818
Replacing HYPOT neuron 7f328ea8-04b1-48f0-b63f-cb59a924a69b
Replacing HYPOT neuron 9cbb3816-0d3a-4c75-9405-18ab76aa0818
Replacing HYPOT neuron 7f328ea8-04b1-48f0-b63f-cb59a924a69b
Replacing HYPOT neuron 9cbb3816-0d3a-4c75-9405-18ab76aa0818
Replacing HYPOT neuron 7f328ea8-04b1-48f0-b63f-cb59a924a69b
Replacing HYPOT neuron 9cbb3816-0d3a-4c75-9405-18ab76aa0818
Replacing HYPOT neuron 7f328ea8-04b1-48f0-b63f-cb59a924a69b
Replacing HYPOT neuron 9cbb3816-0d3a-4c75-9405-18ab76aa0818
Replacing HYPOT neuron 7f328ea8-04b1-48f0-b63f-cb59a924a69b
Replacing HYPOT neuron 9cbb3816-0d3a-4c75-9405-18ab76aa0818
Replacing HYPOT neuron 7f328ea8-04b1-48f0-b63f-cb59a924a69b
Replacing HYPOT neuron 9cbb3816-0d3a-4c75-9405-18ab76aa0818
Replacing HYPOT neuron 7f328ea8-04b1-48f0-b63f-cb59a924a69b
Replacing HYPOT neuron 9cbb3816-0d3a-4c75-9405-18ab76aa0818
Replacing HYPOT neuron 7f328ea8-04b1-48f0-b63f-cb59a924a69b
Replacing HYPOT neuron 9cbb3816-0d3a-4c75-9405-18ab76aa0818
Replacing HYPOT neuron 7f328ea8-04b1-48f0-b63f-cb59a924a69b
Replacing HYPOT neuron 9cbb3816-0d3a-4c75-9405-18ab76aa0818
Replacing HYPOT neuron 7f328ea8-04b1-48f0-b63f-cb59a924a69b
Replacing HYPOT neuron 9cbb3816-0d3a-4c75-9405-18ab76aa0818
Replacing HYPOT neuron 7f328ea8-04b1-48f0-b63f-cb59a924a69b
Replacing HYPOT neuron 9cbb3816-0d3a-4c75-9405-18ab76aa0818
Replacing HYPOT neuron 7f328ea8-04b1-48f0-b63f-cb59a924a69b
Replacing HYPOT neuron 9cbb3816-0d3a-4c75-9405-18ab76aa0818
Replacing HYPOT neuron 7f328ea8-04b1-48f0-b63f-cb59a924a69b
Replacing HYPOT neuron 9cbb3816-0d3a-4c75-9405-18ab76aa0818
Replacing HYPOT neuron 7f328ea8-04b1-48f0-b63f-cb59a924a69b
Replacing HYPOT neuron 9cbb3816-0d3a-4c75-9405-18ab76aa0818
Replacing HYPOT neuron 7f328ea8-04b1-48f0-b63f-cb59a924a69b
Replacing HYPOT neuron 9cbb3816-0d3a-4c75-9405-18ab76aa0818
Replacing HYPOT neuron 7f328ea8-04b1-48f0-b63f-cb59a924a69b
Replacing HYPOT neuron 9cbb3816-0d3a-4c75-9405-18ab76aa0818
Replacing HYPOT neuron 7f328ea8-04b1-48f0-b63f-cb59a924a69b
Replacing HYPOT neuron 9cbb3816-0d3a-4c75-9405-18ab76aa0818
Replacing HYPOT neuron 7f328ea8-04b1-48f0-b63f-cb59a924a69b
Replacing HYPOT neuron 9cbb3816-0d3a-4c75-9405-18ab76aa0818
Replacing HYPOT neuron 7f328ea8-04b1-48f0-b63f-cb59a924a69b
Replacing HYPOT neuron 9cbb3816-0d3a-4c75-9405-18ab76aa0818
Replacing HYPOT neuron 7f328ea8-04b1-48f0-b63f-cb59a924a69b
Replacing HYPOT neuron 9cbb3816-0d3a-4c75-9405-18ab76aa0818
Replacing HYPOT neuron 7f328ea8-04b1-48f0-b63f-cb59a924a69b
Replacing HYPOT neuron 9cbb3816-0d3a-4c75-9405-18ab76aa0818
Replacing HYPOT neuron 7f328ea8-04b1-48f0-b63f-cb59a924a69b
Replacing HYPOT neuron 9cbb3816-0d3a-4c75-9405-18ab76aa0818
Replacing HYPOT neuron 7f328ea8-04b1-48f0-b63f-cb59a924a69b
Replacing HYPOT neuron 9cbb3816-0d3a-4c75-9405-18ab76aa0818
Replacing HYPOT neuron 7f328ea8-04b1-48f0-b63f-cb59a924a69b
Replacing HYPOT neuron 9cbb3816-0d3a-4c75-9405-18ab76aa0818
Replacing HYPOT neuron 7f328ea8-04b1-48f0-b63f-cb59a924a69b
Replacing HYPOT neuron 9cbb3816-0d3a-4c75-9405-18ab76aa0818
Training 4555c130 with 1 binary file, target error: 0.05, iterations: 1, sample rate: 100%, sparse: 100%
Discovery 4555c130 with 1 binary files, sample rate: 100%, batch size: 512
Discovery 4555c130 initialize time 98ms
Discovery 4555c130 processing .trainData-industry_88/SERVICES-MISCELLANEOUS_REPAIR_SERVICES/data.bin
Fine tuning increased fitness by 8.144385832409284e-9 to 0.8055928180715066 adjusted 1 weight 
Replacing HYPOT neuron 7f328ea8-04b1-48f0-b63f-cb59a924a69b
Replacing HYPOT neuron 9cbb3816-0d3a-4c75-9405-18ab76aa0818
Replacing HYPOT neuron 7f328ea8-04b1-48f0-b63f-cb59a924a69b
Replacing HYPOT neuron 9cbb3816-0d3a-4c75-9405-18ab76aa0818
Replacing HYPOT neuron 7f328ea8-04b1-48f0-b63f-cb59a924a69b
Replacing HYPOT neuron 9cbb3816-0d3a-4c75-9405-18ab76aa0818
Replacing HYPOT neuron 7f328ea8-04b1-48f0-b63f-cb59a924a69b
Replacing HYPOT neuron 9cbb3816-0d3a-4c75-9405-18ab76aa0818
Replacing HYPOT neuron 7f328ea8-04b1-48f0-b63f-cb59a924a69b
Replacing HYPOT neuron 9cbb3816-0d3a-4c75-9405-18ab76aa0818
Replacing HYPOT neuron 7f328ea8-04b1-48f0-b63f-cb59a924a69b
Replacing HYPOT neuron 9cbb3816-0d3a-4c75-9405-18ab76aa0818
Replacing HYPOT neuron 7f328ea8-04b1-48f0-b63f-cb59a924a69b
Replacing HYPOT neuron 9cbb3816-0d3a-4c75-9405-18ab76aa0818
Replacing HYPOT neuron 7f328ea8-04b1-48f0-b63f-cb59a924a69b
Replacing HYPOT neuron 9cbb3816-0d3a-4c75-9405-18ab76aa0818
Replacing HYPOT neuron 7f328ea8-04b1-48f0-b63f-cb59a924a69b
Replacing HYPOT neuron 9cbb3816-0d3a-4c75-9405-18ab76aa0818
Replacing HYPOT neuron 7f328ea8-04b1-48f0-b63f-cb59a924a69b
Replacing HYPOT neuron 9cbb3816-0d3a-4c75-9405-18ab76aa0818
Replacing HYPOT neuron 7f328ea8-04b1-48f0-b63f-cb59a924a69b
Replacing HYPOT neuron 9cbb3816-0d3a-4c75-9405-18ab76aa0818
Replacing HYPOT neuron 7f328ea8-04b1-48f0-b63f-cb59a924a69b
Replacing HYPOT neuron 9cbb3816-0d3a-4c75-9405-18ab76aa0818
Replacing HYPOT neuron 7f328ea8-04b1-48f0-b63f-cb59a924a69b
Replacing HYPOT neuron 9cbb3816-0d3a-4c75-9405-18ab76aa0818
Replacing HYPOT neuron 7f328ea8-04b1-48f0-b63f-cb59a924a69b
Replacing HYPOT neuron 9cbb3816-0d3a-4c75-9405-18ab76aa0818
Replacing HYPOT neuron 7f328ea8-04b1-48f0-b63f-cb59a924a69b
Replacing HYPOT neuron 9cbb3816-0d3a-4c75-9405-18ab76aa0818
Replacing HYPOT neuron 7f328ea8-04b1-48f0-b63f-cb59a924a69b
Replacing HYPOT neuron 9cbb3816-0d3a-4c75-9405-18ab76aa0818
Replacing HYPOT neuron 7f328ea8-04b1-48f0-b63f-cb59a924a69b
Replacing HYPOT neuron 9cbb3816-0d3a-4c75-9405-18ab76aa0818
Replacing HYPOT neuron 7f328ea8-04b1-48f0-b63f-cb59a924a69b
Replacing HYPOT neuron 9cbb3816-0d3a-4c75-9405-18ab76aa0818
Replacing HYPOT neuron 7f328ea8-04b1-48f0-b63f-cb59a924a69b
Replacing HYPOT neuron 9cbb3816-0d3a-4c75-9405-18ab76aa0818
Replacing HYPOT neuron 7f328ea8-04b1-48f0-b63f-cb59a924a69b
Replacing HYPOT neuron 9cbb3816-0d3a-4c75-9405-18ab76aa0818
Replacing HYPOT neuron 7f328ea8-04b1-48f0-b63f-cb59a924a69b
Replacing HYPOT neuron 9cbb3816-0d3a-4c75-9405-18ab76aa0818
Replacing HYPOT neuron 7f328ea8-04b1-48f0-b63f-cb59a924a69b
Replacing HYPOT neuron 9cbb3816-0d3a-4c75-9405-18ab76aa0818
Replacing HYPOT neuron 7f328ea8-04b1-48f0-b63f-cb59a924a69b
Replacing HYPOT neuron 9cbb3816-0d3a-4c75-9405-18ab76aa0818
Replacing HYPOT neuron 7f328ea8-04b1-48f0-b63f-cb59a924a69b
Replacing HYPOT neuron 9cbb3816-0d3a-4c75-9405-18ab76aa0818
Replacing HYPOT neuron 7f328ea8-04b1-48f0-b63f-cb59a924a69b
Replacing HYPOT neuron 9cbb3816-0d3a-4c75-9405-18ab76aa0818
Replacing HYPOT neuron 7f328ea8-04b1-48f0-b63f-cb59a924a69b
Replacing HYPOT neuron 9cbb3816-0d3a-4c75-9405-18ab76aa0818
Replacing HYPOT neuron 7f328ea8-04b1-48f0-b63f-cb59a924a69b
Replacing HYPOT neuron 9cbb3816-0d3a-4c75-9405-18ab76aa0818
Replacing HYPOT neuron 7f328ea8-04b1-48f0-b63f-cb59a924a69b
Replacing HYPOT neuron 9cbb3816-0d3a-4c75-9405-18ab76aa0818
Replacing HYPOT neuron 7f328ea8-04b1-48f0-b63f-cb59a924a69b
Replacing HYPOT neuron 9cbb3816-0d3a-4c75-9405-18ab76aa0818
Replacing HYPOT neuron 7f328ea8-04b1-48f0-b63f-cb59a924a69b
Replacing HYPOT neuron 9cbb3816-0d3a-4c75-9405-18ab76aa0818
Replacing HYPOT neuron 7f328ea8-04b1-48f0-b63f-cb59a924a69b
Replacing HYPOT neuron 9cbb3816-0d3a-4c75-9405-18ab76aa0818
Replacing HYPOT neuron 7f328ea8-04b1-48f0-b63f-cb59a924a69b
Replacing HYPOT neuron 9cbb3816-0d3a-4c75-9405-18ab76aa0818
Replacing HYPOT neuron 7f328ea8-04b1-48f0-b63f-cb59a924a69b
Replacing HYPOT neuron 9cbb3816-0d3a-4c75-9405-18ab76aa0818
Replacing HYPOT neuron 7f328ea8-04b1-48f0-b63f-cb59a924a69b
Replacing HYPOT neuron 9cbb3816-0d3a-4c75-9405-18ab76aa0818
Replacing HYPOT neuron 7f328ea8-04b1-48f0-b63f-cb59a924a69b
Replacing HYPOT neuron 9cbb3816-0d3a-4c75-9405-18ab76aa0818
Replacing HYPOT neuron 7f328ea8-04b1-48f0-b63f-cb59a924a69b
Replacing HYPOT neuron 9cbb3816-0d3a-4c75-9405-18ab76aa0818
Replacing HYPOT neuron 7f328ea8-04b1-48f0-b63f-cb59a924a69b
Replacing HYPOT neuron 9cbb3816-0d3a-4c75-9405-18ab76aa0818
Replacing HYPOT neuron 7f328ea8-04b1-48f0-b63f-cb59a924a69b
Replacing HYPOT neuron 9cbb3816-0d3a-4c75-9405-18ab76aa0818
Replacing HYPOT neuron 7f328ea8-04b1-48f0-b63f-cb59a924a69b
Replacing HYPOT neuron 9cbb3816-0d3a-4c75-9405-18ab76aa0818
Replacing HYPOT neuron 7f328ea8-04b1-48f0-b63f-cb59a924a69b
Replacing HYPOT neuron 9cbb3816-0d3a-4c75-9405-18ab76aa0818
Fine tuning increased fitness by 3.394785053068006e-8 to 0.8055928520193572 adjusted 1 weight 
Replacing HYPOT neuron 7f328ea8-04b1-48f0-b63f-cb59a924a69b
Replacing HYPOT neuron 9cbb3816-0d3a-4c75-9405-18ab76aa0818
Replacing HYPOT neuron 7f328ea8-04b1-48f0-b63f-cb59a924a69b
Replacing HYPOT neuron 9cbb3816-0d3a-4c75-9405-18ab76aa0818
Replacing HYPOT neuron 7f328ea8-04b1-48f0-b63f-cb59a924a69b
Replacing HYPOT neuron 9cbb3816-0d3a-4c75-9405-18ab76aa0818
Replacing HYPOT neuron 7f328ea8-04b1-48f0-b63f-cb59a924a69b
Replacing HYPOT neuron 9cbb3816-0d3a-4c75-9405-18ab76aa0818
Replacing HYPOT neuron 7f328ea8-04b1-48f0-b63f-cb59a924a69b
Replacing HYPOT neuron 9cbb3816-0d3a-4c75-9405-18ab76aa0818
Replacing HYPOT neuron 7f328ea8-04b1-48f0-b63f-cb59a924a69b
Replacing HYPOT neuron 9cbb3816-0d3a-4c75-9405-18ab76aa0818
Replacing HYPOT neuron 7f328ea8-04b1-48f0-b63f-cb59a924a69b
Replacing HYPOT neuron 9cbb3816-0d3a-4c75-9405-18ab76aa0818
Replacing HYPOT neuron 7f328ea8-04b1-48f0-b63f-cb59a924a69b
Replacing HYPOT neuron 9cbb3816-0d3a-4c75-9405-18ab76aa0818
Replacing HYPOT neuron 7f328ea8-04b1-48f0-b63f-cb59a924a69b
Replacing HYPOT neuron 9cbb3816-0d3a-4c75-9405-18ab76aa0818
Replacing HYPOT neuron 7f328ea8-04b1-48f0-b63f-cb59a924a69b
Replacing HYPOT neuron 9cbb3816-0d3a-4c75-9405-18ab76aa0818
Replacing HYPOT neuron 7f328ea8-04b1-48f0-b63f-cb59a924a69b
Replacing HYPOT neuron 9cbb3816-0d3a-4c75-9405-18ab76aa0818
Replacing HYPOT neuron 7f328ea8-04b1-48f0-b63f-cb59a924a69b
Replacing HYPOT neuron 9cbb3816-0d3a-4c75-9405-18ab76aa0818
Replacing HYPOT neuron 7f328ea8-04b1-48f0-b63f-cb59a924a69b
Replacing HYPOT neuron 9cbb3816-0d3a-4c75-9405-18ab76aa0818
Discovery 4555c130 read time 11ms for .trainData-industry_88/SERVICES-MISCELLANEOUS_REPAIR_SERVICES/data.bin with 4613 records
Replacing HYPOT neuron 7f328ea8-04b1-48f0-b63f-cb59a924a69b
Replacing HYPOT neuron 9cbb3816-0d3a-4c75-9405-18ab76aa0818
Discovery 4555c130 scanning time 5s 351ms
Replacing HYPOT neuron 7f328ea8-04b1-48f0-b63f-cb59a924a69b
Replacing HYPOT neuron 9cbb3816-0d3a-4c75-9405-18ab76aa0818
Replacing HYPOT neuron 7f328ea8-04b1-48f0-b63f-cb59a924a69b
Replacing HYPOT neuron 9cbb3816-0d3a-4c75-9405-18ab76aa0818
Replacing HYPOT neuron 7f328ea8-04b1-48f0-b63f-cb59a924a69b
Replacing HYPOT neuron 9cbb3816-0d3a-4c75-9405-18ab76aa0818
Replacing HYPOT neuron 7f328ea8-04b1-48f0-b63f-cb59a924a69b
Replacing HYPOT neuron 9cbb3816-0d3a-4c75-9405-18ab76aa0818
Replacing HYPOT neuron 7f328ea8-04b1-48f0-b63f-cb59a924a69b
Replacing HYPOT neuron 9cbb3816-0d3a-4c75-9405-18ab76aa0818
Replacing HYPOT neuron 7f328ea8-04b1-48f0-b63f-cb59a924a69b
Replacing HYPOT neuron 9cbb3816-0d3a-4c75-9405-18ab76aa0818
Replacing HYPOT neuron 7f328ea8-04b1-48f0-b63f-cb59a924a69b
Replacing HYPOT neuron 9cbb3816-0d3a-4c75-9405-18ab76aa0818
Replacing HYPOT neuron 7f328ea8-04b1-48f0-b63f-cb59a924a69b
Replacing HYPOT neuron 9cbb3816-0d3a-4c75-9405-18ab76aa0818
Replacing HYPOT neuron 7f328ea8-04b1-48f0-b63f-cb59a924a69b
Replacing HYPOT neuron 9cbb3816-0d3a-4c75-9405-18ab76aa0818
Replacing HYPOT neuron 7f328ea8-04b1-48f0-b63f-cb59a924a69b
Replacing HYPOT neuron 9cbb3816-0d3a-4c75-9405-18ab76aa0818
Replacing HYPOT neuron 7f328ea8-04b1-48f0-b63f-cb59a924a69b
Replacing HYPOT neuron 9cbb3816-0d3a-4c75-9405-18ab76aa0818
Replacing HYPOT neuron 7f328ea8-04b1-48f0-b63f-cb59a924a69b
Replacing HYPOT neuron 9cbb3816-0d3a-4c75-9405-18ab76aa0818
Replacing HYPOT neuron 7f328ea8-04b1-48f0-b63f-cb59a924a69b
Replacing HYPOT neuron 9cbb3816-0d3a-4c75-9405-18ab76aa0818
Replacing HYPOT neuron 7f328ea8-04b1-48f0-b63f-cb59a924a69b
Replacing HYPOT neuron 9cbb3816-0d3a-4c75-9405-18ab76aa0818
Replacing HYPOT neuron 7f328ea8-04b1-48f0-b63f-cb59a924a69b
Replacing HYPOT neuron 9cbb3816-0d3a-4c75-9405-18ab76aa0818
Replacing HYPOT neuron 7f328ea8-04b1-48f0-b63f-cb59a924a69b
Replacing HYPOT neuron 9cbb3816-0d3a-4c75-9405-18ab76aa0818
Replacing HYPOT neuron 7f328ea8-04b1-48f0-b63f-cb59a924a69b
Replacing HYPOT neuron 9cbb3816-0d3a-4c75-9405-18ab76aa0818
Replacing HYPOT neuron 7f328ea8-04b1-48f0-b63f-cb59a924a69b
Replacing HYPOT neuron 9cbb3816-0d3a-4c75-9405-18ab76aa0818
Replacing HYPOT neuron 7f328ea8-04b1-48f0-b63f-cb59a924a69b
Replacing HYPOT neuron 9cbb3816-0d3a-4c75-9405-18ab76aa0818
Replacing HYPOT neuron 7f328ea8-04b1-48f0-b63f-cb59a924a69b
Replacing HYPOT neuron 9cbb3816-0d3a-4c75-9405-18ab76aa0818
Replacing HYPOT neuron 7f328ea8-04b1-48f0-b63f-cb59a924a69b
Replacing HYPOT neuron 9cbb3816-0d3a-4c75-9405-18ab76aa0818
Replacing HYPOT neuron 7f328ea8-04b1-48f0-b63f-cb59a924a69b
Replacing HYPOT neuron 9cbb3816-0d3a-4c75-9405-18ab76aa0818
Replacing HYPOT neuron 7f328ea8-04b1-48f0-b63f-cb59a924a69b
Replacing HYPOT neuron 9cbb3816-0d3a-4c75-9405-18ab76aa0818
Replacing HYPOT neuron 7f328ea8-04b1-48f0-b63f-cb59a924a69b
Replacing HYPOT neuron 9cbb3816-0d3a-4c75-9405-18ab76aa0818
Replacing HYPOT neuron 7f328ea8-04b1-48f0-b63f-cb59a924a69b
Replacing HYPOT neuron 9cbb3816-0d3a-4c75-9405-18ab76aa0818
Replacing HYPOT neuron 7f328ea8-04b1-48f0-b63f-cb59a924a69b
Replacing HYPOT neuron 9cbb3816-0d3a-4c75-9405-18ab76aa0818
Replacing HYPOT neuron 7f328ea8-04b1-48f0-b63f-cb59a924a69b
Replacing HYPOT neuron 9cbb3816-0d3a-4c75-9405-18ab76aa0818
Replacing HYPOT neuron 7f328ea8-04b1-48f0-b63f-cb59a924a69b
Replacing HYPOT neuron 9cbb3816-0d3a-4c75-9405-18ab76aa0818
Replacing HYPOT neuron 7f328ea8-04b1-48f0-b63f-cb59a924a69b
Replacing HYPOT neuron 9cbb3816-0d3a-4c75-9405-18ab76aa0818
Replacing HYPOT neuron 7f328ea8-04b1-48f0-b63f-cb59a924a69b
Replacing HYPOT neuron 9cbb3816-0d3a-4c75-9405-18ab76aa0818
Replacing HYPOT neuron 7f328ea8-04b1-48f0-b63f-cb59a924a69b
Replacing HYPOT neuron 9cbb3816-0d3a-4c75-9405-18ab76aa0818
Replacing HYPOT neuron 7f328ea8-04b1-48f0-b63f-cb59a924a69b
Replacing HYPOT neuron 9cbb3816-0d3a-4c75-9405-18ab76aa0818
Discovery 4555c130 recorded time 6s 446ms
Replacing HYPOT neuron 7f328ea8-04b1-48f0-b63f-cb59a924a69b
Replacing HYPOT neuron 9cbb3816-0d3a-4c75-9405-18ab76aa0818
Replacing HYPOT neuron 7f328ea8-04b1-48f0-b63f-cb59a924a69b
Replacing HYPOT neuron 9cbb3816-0d3a-4c75-9405-18ab76aa0818
Replacing HYPOT neuron 7f328ea8-04b1-48f0-b63f-cb59a924a69b
Replacing HYPOT neuron 9cbb3816-0d3a-4c75-9405-18ab76aa0818
Replacing HYPOT neuron 7f328ea8-04b1-48f0-b63f-cb59a924a69b
Replacing HYPOT neuron 9cbb3816-0d3a-4c75-9405-18ab76aa0818
Replacing HYPOT neuron 7f328ea8-04b1-48f0-b63f-cb59a924a69b
Replacing HYPOT neuron 9cbb3816-0d3a-4c75-9405-18ab76aa0818
Replacing HYPOT neuron 7f328ea8-04b1-48f0-b63f-cb59a924a69b
Replacing HYPOT neuron 9cbb3816-0d3a-4c75-9405-18ab76aa0818
Replacing HYPOT neuron 7f328ea8-04b1-48f0-b63f-cb59a924a69b
Replacing HYPOT neuron 9cbb3816-0d3a-4c75-9405-18ab76aa0818
Replacing HYPOT neuron 7f328ea8-04b1-48f0-b63f-cb59a924a69b
Replacing HYPOT neuron 9cbb3816-0d3a-4c75-9405-18ab76aa0818
Fine tuning increased fitness by 6.624482207229221e-8 to 0.8055929182641792 adjusted 1 weight 
Replacing HYPOT neuron 7f328ea8-04b1-48f0-b63f-cb59a924a69b
Replacing HYPOT neuron 9cbb3816-0d3a-4c75-9405-18ab76aa0818
Replacing HYPOT neuron 7f328ea8-04b1-48f0-b63f-cb59a924a69b
Replacing HYPOT neuron 9cbb3816-0d3a-4c75-9405-18ab76aa0818
Replacing HYPOT neuron 7f328ea8-04b1-48f0-b63f-cb59a924a69b
Replacing HYPOT neuron 9cbb3816-0d3a-4c75-9405-18ab76aa0818
Replacing HYPOT neuron 7f328ea8-04b1-48f0-b63f-cb59a924a69b
Replacing HYPOT neuron 9cbb3816-0d3a-4c75-9405-18ab76aa0818
Replacing HYPOT neuron 7f328ea8-04b1-48f0-b63f-cb59a924a69b
Replacing HYPOT neuron 9cbb3816-0d3a-4c75-9405-18ab76aa0818
Replacing HYPOT neuron 7f328ea8-04b1-48f0-b63f-cb59a924a69b
Replacing HYPOT neuron 9cbb3816-0d3a-4c75-9405-18ab76aa0818
Replacing HYPOT neuron 7f328ea8-04b1-48f0-b63f-cb59a924a69b
Replacing HYPOT neuron 9cbb3816-0d3a-4c75-9405-18ab76aa0818
Replacing HYPOT neuron 7f328ea8-04b1-48f0-b63f-cb59a924a69b
Replacing HYPOT neuron 9cbb3816-0d3a-4c75-9405-18ab76aa0818
Replacing HYPOT neuron 7f328ea8-04b1-48f0-b63f-cb59a924a69b
Replacing HYPOT neuron 9cbb3816-0d3a-4c75-9405-18ab76aa0818
Replacing HYPOT neuron 7f328ea8-04b1-48f0-b63f-cb59a924a69b
Replacing HYPOT neuron 9cbb3816-0d3a-4c75-9405-18ab76aa0818
Replacing HYPOT neuron 7f328ea8-04b1-48f0-b63f-cb59a924a69b
Replacing HYPOT neuron 9cbb3816-0d3a-4c75-9405-18ab76aa0818
Replacing HYPOT neuron 7f328ea8-04b1-48f0-b63f-cb59a924a69b
Replacing HYPOT neuron 9cbb3816-0d3a-4c75-9405-18ab76aa0818
Replacing HYPOT neuron 7f328ea8-04b1-48f0-b63f-cb59a924a69b
Replacing HYPOT neuron 9cbb3816-0d3a-4c75-9405-18ab76aa0818
Replacing HYPOT neuron 7f328ea8-04b1-48f0-b63f-cb59a924a69b
Replacing HYPOT neuron 9cbb3816-0d3a-4c75-9405-18ab76aa0818
Replacing HYPOT neuron 7f328ea8-04b1-48f0-b63f-cb59a924a69b
Replacing HYPOT neuron 9cbb3816-0d3a-4c75-9405-18ab76aa0818
Replacing HYPOT neuron 7f328ea8-04b1-48f0-b63f-cb59a924a69b
Replacing HYPOT neuron 9cbb3816-0d3a-4c75-9405-18ab76aa0818
Replacing HYPOT neuron 7f328ea8-04b1-48f0-b63f-cb59a924a69b
Replacing HYPOT neuron 9cbb3816-0d3a-4c75-9405-18ab76aa0818
Replacing HYPOT neuron 7f328ea8-04b1-48f0-b63f-cb59a924a69b
Replacing HYPOT neuron 9cbb3816-0d3a-4c75-9405-18ab76aa0818
Replacing HYPOT neuron 7f328ea8-04b1-48f0-b63f-cb59a924a69b
Replacing HYPOT neuron 9cbb3816-0d3a-4c75-9405-18ab76aa0818
Replacing HYPOT neuron 7f328ea8-04b1-48f0-b63f-cb59a924a69b
Replacing HYPOT neuron 9cbb3816-0d3a-4c75-9405-18ab76aa0818
Replacing HYPOT neuron 7f328ea8-04b1-48f0-b63f-cb59a924a69b
Replacing HYPOT neuron 9cbb3816-0d3a-4c75-9405-18ab76aa0818
Replacing HYPOT neuron 7f328ea8-04b1-48f0-b63f-cb59a924a69b
Replacing HYPOT neuron 9cbb3816-0d3a-4c75-9405-18ab76aa0818
Replacing HYPOT neuron 7f328ea8-04b1-48f0-b63f-cb59a924a69b
Replacing HYPOT neuron 9cbb3816-0d3a-4c75-9405-18ab76aa0818
Replacing HYPOT neuron 7f328ea8-04b1-48f0-b63f-cb59a924a69b
Replacing HYPOT neuron 9cbb3816-0d3a-4c75-9405-18ab76aa0818
Replacing HYPOT neuron 7f328ea8-04b1-48f0-b63f-cb59a924a69b
Replacing HYPOT neuron 9cbb3816-0d3a-4c75-9405-18ab76aa0818
Replacing HYPOT neuron 7f328ea8-04b1-48f0-b63f-cb59a924a69b
Replacing HYPOT neuron 9cbb3816-0d3a-4c75-9405-18ab76aa0818
Replacing HYPOT neuron 7f328ea8-04b1-48f0-b63f-cb59a924a69b
Replacing HYPOT neuron 9cbb3816-0d3a-4c75-9405-18ab76aa0818
Replacing HYPOT neuron 7f328ea8-04b1-48f0-b63f-cb59a924a69b
Replacing HYPOT neuron 9cbb3816-0d3a-4c75-9405-18ab76aa0818
Replacing HYPOT neuron 7f328ea8-04b1-48f0-b63f-cb59a924a69b
Replacing HYPOT neuron 9cbb3816-0d3a-4c75-9405-18ab76aa0818
Replacing HYPOT neuron 7f328ea8-04b1-48f0-b63f-cb59a924a69b
Replacing HYPOT neuron 9cbb3816-0d3a-4c75-9405-18ab76aa0818
Replacing HYPOT neuron 7f328ea8-04b1-48f0-b63f-cb59a924a69b
Replacing HYPOT neuron 9cbb3816-0d3a-4c75-9405-18ab76aa0818
Replacing HYPOT neuron 7f328ea8-04b1-48f0-b63f-cb59a924a69b
Replacing HYPOT neuron 9cbb3816-0d3a-4c75-9405-18ab76aa0818
Replacing HYPOT neuron 7f328ea8-04b1-48f0-b63f-cb59a924a69b
Replacing HYPOT neuron 9cbb3816-0d3a-4c75-9405-18ab76aa0818
Replacing HYPOT neuron 7f328ea8-04b1-48f0-b63f-cb59a924a69b
Replacing HYPOT neuron 9cbb3816-0d3a-4c75-9405-18ab76aa0818
Replacing HYPOT neuron 7f328ea8-04b1-48f0-b63f-cb59a924a69b
Replacing HYPOT neuron 9cbb3816-0d3a-4c75-9405-18ab76aa0818
Replacing HYPOT neuron 7f328ea8-04b1-48f0-b63f-cb59a924a69b
Replacing HYPOT neuron 9cbb3816-0d3a-4c75-9405-18ab76aa0818
Replacing HYPOT neuron 7f328ea8-04b1-48f0-b63f-cb59a924a69b
Replacing HYPOT neuron 9cbb3816-0d3a-4c75-9405-18ab76aa0818
Replacing HYPOT neuron 7f328ea8-04b1-48f0-b63f-cb59a924a69b
Replacing HYPOT neuron 9cbb3816-0d3a-4c75-9405-18ab76aa0818
Training e904052f with 1 binary file, target error: 0.05, iterations: 1, sample rate: 100%, sparse: 100%
Fine tuning increased fitness by 2.0120962396230624e-7 to 0.8055931194738032 adjusted 1 weight 
Replacing HYPOT neuron 7f328ea8-04b1-48f0-b63f-cb59a924a69b
Replacing HYPOT neuron 9cbb3816-0d3a-4c75-9405-18ab76aa0818
Replacing HYPOT neuron 7f328ea8-04b1-48f0-b63f-cb59a924a69b
Replacing HYPOT neuron 9cbb3816-0d3a-4c75-9405-18ab76aa0818
Replacing HYPOT neuron 7f328ea8-04b1-48f0-b63f-cb59a924a69b
Replacing HYPOT neuron 9cbb3816-0d3a-4c75-9405-18ab76aa0818
Replacing HYPOT neuron 7f328ea8-04b1-48f0-b63f-cb59a924a69b
Replacing HYPOT neuron 9cbb3816-0d3a-4c75-9405-18ab76aa0818
Replacing HYPOT neuron 7f328ea8-04b1-48f0-b63f-cb59a924a69b
Replacing HYPOT neuron 9cbb3816-0d3a-4c75-9405-18ab76aa0818
Replacing HYPOT neuron 7f328ea8-04b1-48f0-b63f-cb59a924a69b
Replacing HYPOT neuron 9cbb3816-0d3a-4c75-9405-18ab76aa0818
Replacing HYPOT neuron 7f328ea8-04b1-48f0-b63f-cb59a924a69b
Replacing HYPOT neuron 9cbb3816-0d3a-4c75-9405-18ab76aa0818
Replacing HYPOT neuron 7f328ea8-04b1-48f0-b63f-cb59a924a69b
Replacing HYPOT neuron 9cbb3816-0d3a-4c75-9405-18ab76aa0818
Replacing HYPOT neuron 7f328ea8-04b1-48f0-b63f-cb59a924a69b
Replacing HYPOT neuron 9cbb3816-0d3a-4c75-9405-18ab76aa0818
Replacing HYPOT neuron 7f328ea8-04b1-48f0-b63f-cb59a924a69b
Replacing HYPOT neuron 9cbb3816-0d3a-4c75-9405-18ab76aa0818
Replacing HYPOT neuron 7f328ea8-04b1-48f0-b63f-cb59a924a69b
Replacing HYPOT neuron 9cbb3816-0d3a-4c75-9405-18ab76aa0818
Replacing HYPOT neuron 7f328ea8-04b1-48f0-b63f-cb59a924a69b
Replacing HYPOT neuron 9cbb3816-0d3a-4c75-9405-18ab76aa0818
Replacing HYPOT neuron 7f328ea8-04b1-48f0-b63f-cb59a924a69b
Replacing HYPOT neuron 9cbb3816-0d3a-4c75-9405-18ab76aa0818
Replacing HYPOT neuron 7f328ea8-04b1-48f0-b63f-cb59a924a69b
Replacing HYPOT neuron 9cbb3816-0d3a-4c75-9405-18ab76aa0818
Replacing HYPOT neuron 7f328ea8-04b1-48f0-b63f-cb59a924a69b
Replacing HYPOT neuron 9cbb3816-0d3a-4c75-9405-18ab76aa0818
Replacing HYPOT neuron 7f328ea8-04b1-48f0-b63f-cb59a924a69b
Replacing HYPOT neuron 9cbb3816-0d3a-4c75-9405-18ab76aa0818
Replacing HYPOT neuron 7f328ea8-04b1-48f0-b63f-cb59a924a69b
Replacing HYPOT neuron 9cbb3816-0d3a-4c75-9405-18ab76aa0818
Replacing HYPOT neuron 7f328ea8-04b1-48f0-b63f-cb59a924a69b
Replacing HYPOT neuron 9cbb3816-0d3a-4c75-9405-18ab76aa0818
Replacing HYPOT neuron 7f328ea8-04b1-48f0-b63f-cb59a924a69b
Replacing HYPOT neuron 9cbb3816-0d3a-4c75-9405-18ab76aa0818
Replacing HYPOT neuron 7f328ea8-04b1-48f0-b63f-cb59a924a69b
Replacing HYPOT neuron 9cbb3816-0d3a-4c75-9405-18ab76aa0818
Replacing HYPOT neuron 7f328ea8-04b1-48f0-b63f-cb59a924a69b
Replacing HYPOT neuron 9cbb3816-0d3a-4c75-9405-18ab76aa0818
Replacing HYPOT neuron 7f328ea8-04b1-48f0-b63f-cb59a924a69b
Replacing HYPOT neuron 9cbb3816-0d3a-4c75-9405-18ab76aa0818
Replacing HYPOT neuron 7f328ea8-04b1-48f0-b63f-cb59a924a69b
Replacing HYPOT neuron 9cbb3816-0d3a-4c75-9405-18ab76aa0818
Replacing HYPOT neuron 7f328ea8-04b1-48f0-b63f-cb59a924a69b
Replacing HYPOT neuron 9cbb3816-0d3a-4c75-9405-18ab76aa0818
Replacing HYPOT neuron 7f328ea8-04b1-48f0-b63f-cb59a924a69b
Replacing HYPOT neuron 9cbb3816-0d3a-4c75-9405-18ab76aa0818
Replacing HYPOT neuron 7f328ea8-04b1-48f0-b63f-cb59a924a69b
Replacing HYPOT neuron 9cbb3816-0d3a-4c75-9405-18ab76aa0818
Replacing HYPOT neuron 7f328ea8-04b1-48f0-b63f-cb59a924a69b
Replacing HYPOT neuron 9cbb3816-0d3a-4c75-9405-18ab76aa0818
Replacing HYPOT neuron 7f328ea8-04b1-48f0-b63f-cb59a924a69b
Replacing HYPOT neuron 9cbb3816-0d3a-4c75-9405-18ab76aa0818
Replacing HYPOT neuron 7f328ea8-04b1-48f0-b63f-cb59a924a69b
Replacing HYPOT neuron 9cbb3816-0d3a-4c75-9405-18ab76aa0818
Replacing HYPOT neuron 7f328ea8-04b1-48f0-b63f-cb59a924a69b
Replacing HYPOT neuron 9cbb3816-0d3a-4c75-9405-18ab76aa0818
Replacing HYPOT neuron 7f328ea8-04b1-48f0-b63f-cb59a924a69b
Replacing HYPOT neuron 9cbb3816-0d3a-4c75-9405-18ab76aa0818
Replacing HYPOT neuron 7f328ea8-04b1-48f0-b63f-cb59a924a69b
Replacing HYPOT neuron 9cbb3816-0d3a-4c75-9405-18ab76aa0818
Replacing HYPOT neuron 7f328ea8-04b1-48f0-b63f-cb59a924a69b
Replacing HYPOT neuron 9cbb3816-0d3a-4c75-9405-18ab76aa0818
Replacing HYPOT neuron 7f328ea8-04b1-48f0-b63f-cb59a924a69b
Replacing HYPOT neuron 9cbb3816-0d3a-4c75-9405-18ab76aa0818
Replacing HYPOT neuron 7f328ea8-04b1-48f0-b63f-cb59a924a69b
Replacing HYPOT neuron 9cbb3816-0d3a-4c75-9405-18ab76aa0818
Replacing HYPOT neuron 7f328ea8-04b1-48f0-b63f-cb59a924a69b
Replacing HYPOT neuron 9cbb3816-0d3a-4c75-9405-18ab76aa0818
Replacing HYPOT neuron 7f328ea8-04b1-48f0-b63f-cb59a924a69b
Replacing HYPOT neuron 9cbb3816-0d3a-4c75-9405-18ab76aa0818
Replacing HYPOT neuron 7f328ea8-04b1-48f0-b63f-cb59a924a69b
Replacing HYPOT neuron 9cbb3816-0d3a-4c75-9405-18ab76aa0818
Replacing HYPOT neuron 7f328ea8-04b1-48f0-b63f-cb59a924a69b
Replacing HYPOT neuron 9cbb3816-0d3a-4c75-9405-18ab76aa0818
Replacing HYPOT neuron 7f328ea8-04b1-48f0-b63f-cb59a924a69b
Replacing HYPOT neuron 9cbb3816-0d3a-4c75-9405-18ab76aa0818
Replacing HYPOT neuron 7f328ea8-04b1-48f0-b63f-cb59a924a69b
Replacing HYPOT neuron 9cbb3816-0d3a-4c75-9405-18ab76aa0818
Replacing HYPOT neuron 7f328ea8-04b1-48f0-b63f-cb59a924a69b
Replacing HYPOT neuron 9cbb3816-0d3a-4c75-9405-18ab76aa0818
Replacing HYPOT neuron 7f328ea8-04b1-48f0-b63f-cb59a924a69b
Replacing HYPOT neuron 9cbb3816-0d3a-4c75-9405-18ab76aa0818
Replacing HYPOT neuron 7f328ea8-04b1-48f0-b63f-cb59a924a69b
Replacing HYPOT neuron 9cbb3816-0d3a-4c75-9405-18ab76aa0818
Replacing HYPOT neuron 7f328ea8-04b1-48f0-b63f-cb59a924a69b
Replacing HYPOT neuron 9cbb3816-0d3a-4c75-9405-18ab76aa0818
Replacing HYPOT neuron 7f328ea8-04b1-48f0-b63f-cb59a924a69b
Replacing HYPOT neuron 9cbb3816-0d3a-4c75-9405-18ab76aa0818
Replacing HYPOT neuron 7f328ea8-04b1-48f0-b63f-cb59a924a69b
Replacing HYPOT neuron 9cbb3816-0d3a-4c75-9405-18ab76aa0818
Replacing HYPOT neuron 7f328ea8-04b1-48f0-b63f-cb59a924a69b
Replacing HYPOT neuron 9cbb3816-0d3a-4c75-9405-18ab76aa0818
Replacing HYPOT neuron 7f328ea8-04b1-48f0-b63f-cb59a924a69b
Replacing HYPOT neuron 9cbb3816-0d3a-4c75-9405-18ab76aa0818
Replacing HYPOT neuron 7f328ea8-04b1-48f0-b63f-cb59a924a69b
Replacing HYPOT neuron 9cbb3816-0d3a-4c75-9405-18ab76aa0818
Replacing HYPOT neuron 7f328ea8-04b1-48f0-b63f-cb59a924a69b
Replacing HYPOT neuron 9cbb3816-0d3a-4c75-9405-18ab76aa0818
Replacing HYPOT neuron 7f328ea8-04b1-48f0-b63f-cb59a924a69b
Replacing HYPOT neuron 9cbb3816-0d3a-4c75-9405-18ab76aa0818
Replacing HYPOT neuron 7f328ea8-04b1-48f0-b63f-cb59a924a69b
Replacing HYPOT neuron 9cbb3816-0d3a-4c75-9405-18ab76aa0818
Replacing HYPOT neuron 7f328ea8-04b1-48f0-b63f-cb59a924a69b
Replacing HYPOT neuron 9cbb3816-0d3a-4c75-9405-18ab76aa0818
Fine tuning increased fitness by 5.396317215300428e-7 to 0.8055936591055247 adjusted 1 weight 
Replacing HYPOT neuron 7f328ea8-04b1-48f0-b63f-cb59a924a69b
Replacing HYPOT neuron 9cbb3816-0d3a-4c75-9405-18ab76aa0818
Replacing HYPOT neuron 7f328ea8-04b1-48f0-b63f-cb59a924a69b
Replacing HYPOT neuron 9cbb3816-0d3a-4c75-9405-18ab76aa0818
Replacing HYPOT neuron 7f328ea8-04b1-48f0-b63f-cb59a924a69b
Replacing HYPOT neuron 9cbb3816-0d3a-4c75-9405-18ab76aa0818
Replacing HYPOT neuron 7f328ea8-04b1-48f0-b63f-cb59a924a69b
Replacing HYPOT neuron 9cbb3816-0d3a-4c75-9405-18ab76aa0818
Replacing HYPOT neuron 7f328ea8-04b1-48f0-b63f-cb59a924a69b
Replacing HYPOT neuron 9cbb3816-0d3a-4c75-9405-18ab76aa0818
Replacing HYPOT neuron 7f328ea8-04b1-48f0-b63f-cb59a924a69b
Replacing HYPOT neuron 9cbb3816-0d3a-4c75-9405-18ab76aa0818
Replacing HYPOT neuron 7f328ea8-04b1-48f0-b63f-cb59a924a69b
Replacing HYPOT neuron 9cbb3816-0d3a-4c75-9405-18ab76aa0818
Replacing HYPOT neuron 7f328ea8-04b1-48f0-b63f-cb59a924a69b
Replacing HYPOT neuron 9cbb3816-0d3a-4c75-9405-18ab76aa0818
Replacing HYPOT neuron 7f328ea8-04b1-48f0-b63f-cb59a924a69b
Replacing HYPOT neuron 9cbb3816-0d3a-4c75-9405-18ab76aa0818
Replacing HYPOT neuron 7f328ea8-04b1-48f0-b63f-cb59a924a69b
Replacing HYPOT neuron 9cbb3816-0d3a-4c75-9405-18ab76aa0818
Replacing HYPOT neuron 7f328ea8-04b1-48f0-b63f-cb59a924a69b
Replacing HYPOT neuron 9cbb3816-0d3a-4c75-9405-18ab76aa0818
Replacing HYPOT neuron 7f328ea8-04b1-48f0-b63f-cb59a924a69b
Replacing HYPOT neuron 9cbb3816-0d3a-4c75-9405-18ab76aa0818
Replacing HYPOT neuron 7f328ea8-04b1-48f0-b63f-cb59a924a69b
Replacing HYPOT neuron 9cbb3816-0d3a-4c75-9405-18ab76aa0818
Replacing HYPOT neuron 7f328ea8-04b1-48f0-b63f-cb59a924a69b
Replacing HYPOT neuron 9cbb3816-0d3a-4c75-9405-18ab76aa0818
Replacing HYPOT neuron 7f328ea8-04b1-48f0-b63f-cb59a924a69b
Replacing HYPOT neuron 9cbb3816-0d3a-4c75-9405-18ab76aa0818
Replacing HYPOT neuron 7f328ea8-04b1-48f0-b63f-cb59a924a69b
Replacing HYPOT neuron 9cbb3816-0d3a-4c75-9405-18ab76aa0818
Replacing HYPOT neuron 7f328ea8-04b1-48f0-b63f-cb59a924a69b
Replacing HYPOT neuron 9cbb3816-0d3a-4c75-9405-18ab76aa0818
Replacing HYPOT neuron 7f328ea8-04b1-48f0-b63f-cb59a924a69b
Replacing HYPOT neuron 9cbb3816-0d3a-4c75-9405-18ab76aa0818
Replacing HYPOT neuron 7f328ea8-04b1-48f0-b63f-cb59a924a69b
Replacing HYPOT neuron 9cbb3816-0d3a-4c75-9405-18ab76aa0818
Replacing HYPOT neuron 7f328ea8-04b1-48f0-b63f-cb59a924a69b
Replacing HYPOT neuron 9cbb3816-0d3a-4c75-9405-18ab76aa0818
Replacing HYPOT neuron 7f328ea8-04b1-48f0-b63f-cb59a924a69b
Replacing HYPOT neuron 9cbb3816-0d3a-4c75-9405-18ab76aa0818
Replacing HYPOT neuron 7f328ea8-04b1-48f0-b63f-cb59a924a69b
Replacing HYPOT neuron 9cbb3816-0d3a-4c75-9405-18ab76aa0818
Replacing HYPOT neuron 7f328ea8-04b1-48f0-b63f-cb59a924a69b
Replacing HYPOT neuron 9cbb3816-0d3a-4c75-9405-18ab76aa0818
Replacing HYPOT neuron 7f328ea8-04b1-48f0-b63f-cb59a924a69b
Replacing HYPOT neuron 9cbb3816-0d3a-4c75-9405-18ab76aa0818
Replacing HYPOT neuron 7f328ea8-04b1-48f0-b63f-cb59a924a69b
Replacing HYPOT neuron 9cbb3816-0d3a-4c75-9405-18ab76aa0818
Replacing HYPOT neuron 7f328ea8-04b1-48f0-b63f-cb59a924a69b
Replacing HYPOT neuron 9cbb3816-0d3a-4c75-9405-18ab76aa0818
Replacing HYPOT neuron 7f328ea8-04b1-48f0-b63f-cb59a924a69b
Replacing HYPOT neuron 9cbb3816-0d3a-4c75-9405-18ab76aa0818
Replacing HYPOT neuron 7f328ea8-04b1-48f0-b63f-cb59a924a69b
Replacing HYPOT neuron 9cbb3816-0d3a-4c75-9405-18ab76aa0818
Replacing HYPOT neuron 7f328ea8-04b1-48f0-b63f-cb59a924a69b
Replacing HYPOT neuron 9cbb3816-0d3a-4c75-9405-18ab76aa0818
Replacing HYPOT neuron 7f328ea8-04b1-48f0-b63f-cb59a924a69b
Replacing HYPOT neuron 9cbb3816-0d3a-4c75-9405-18ab76aa0818
Replacing HYPOT neuron 7f328ea8-04b1-48f0-b63f-cb59a924a69b
Replacing HYPOT neuron 9cbb3816-0d3a-4c75-9405-18ab76aa0818
Replacing HYPOT neuron 7f328ea8-04b1-48f0-b63f-cb59a924a69b
Replacing HYPOT neuron 9cbb3816-0d3a-4c75-9405-18ab76aa0818
Replacing HYPOT neuron 7f328ea8-04b1-48f0-b63f-cb59a924a69b
Replacing HYPOT neuron 9cbb3816-0d3a-4c75-9405-18ab76aa0818
Replacing HYPOT neuron 7f328ea8-04b1-48f0-b63f-cb59a924a69b
Replacing HYPOT neuron 9cbb3816-0d3a-4c75-9405-18ab76aa0818
Replacing HYPOT neuron 7f328ea8-04b1-48f0-b63f-cb59a924a69b
Replacing HYPOT neuron 9cbb3816-0d3a-4c75-9405-18ab76aa0818
Replacing HYPOT neuron 7f328ea8-04b1-48f0-b63f-cb59a924a69b
Replacing HYPOT neuron 9cbb3816-0d3a-4c75-9405-18ab76aa0818
Replacing HYPOT neuron 7f328ea8-04b1-48f0-b63f-cb59a924a69b
Replacing HYPOT neuron 9cbb3816-0d3a-4c75-9405-18ab76aa0818
Replacing HYPOT neuron 7f328ea8-04b1-48f0-b63f-cb59a924a69b
Replacing HYPOT neuron 9cbb3816-0d3a-4c75-9405-18ab76aa0818
Replacing HYPOT neuron 7f328ea8-04b1-48f0-b63f-cb59a924a69b
Replacing HYPOT neuron 9cbb3816-0d3a-4c75-9405-18ab76aa0818
Replacing HYPOT neuron 7f328ea8-04b1-48f0-b63f-cb59a924a69b
Replacing HYPOT neuron 9cbb3816-0d3a-4c75-9405-18ab76aa0818
Generation 20 score 0.8055936591055247  error 0.1943552668953825 avg time 4s 167ms
Fine tuning increased fitness by 0.0000016286221280470414 to 0.8055952877276528 adjusted 1 weight 
Replacing HYPOT neuron 7f328ea8-04b1-48f0-b63f-cb59a924a69b
Replacing HYPOT neuron 9cbb3816-0d3a-4c75-9405-18ab76aa0818
Replacing HYPOT neuron 7f328ea8-04b1-48f0-b63f-cb59a924a69b
Replacing HYPOT neuron 9cbb3816-0d3a-4c75-9405-18ab76aa0818
Replacing HYPOT neuron 7f328ea8-04b1-48f0-b63f-cb59a924a69b
Replacing HYPOT neuron 9cbb3816-0d3a-4c75-9405-18ab76aa0818
Replacing HYPOT neuron 7f328ea8-04b1-48f0-b63f-cb59a924a69b
Replacing HYPOT neuron 9cbb3816-0d3a-4c75-9405-18ab76aa0818
Replacing HYPOT neuron 7f328ea8-04b1-48f0-b63f-cb59a924a69b
Replacing HYPOT neuron 9cbb3816-0d3a-4c75-9405-18ab76aa0818
Replacing HYPOT neuron 7f328ea8-04b1-48f0-b63f-cb59a924a69b
Replacing HYPOT neuron 9cbb3816-0d3a-4c75-9405-18ab76aa0818
Replacing HYPOT neuron 7f328ea8-04b1-48f0-b63f-cb59a924a69b
Replacing HYPOT neuron 9cbb3816-0d3a-4c75-9405-18ab76aa0818
Replacing HYPOT neuron 7f328ea8-04b1-48f0-b63f-cb59a924a69b
Replacing HYPOT neuron 9cbb3816-0d3a-4c75-9405-18ab76aa0818
Replacing HYPOT neuron 7f328ea8-04b1-48f0-b63f-cb59a924a69b
Replacing HYPOT neuron 9cbb3816-0d3a-4c75-9405-18ab76aa0818
Replacing HYPOT neuron 7f328ea8-04b1-48f0-b63f-cb59a924a69b
Replacing HYPOT neuron 9cbb3816-0d3a-4c75-9405-18ab76aa0818
Replacing HYPOT neuron 7f328ea8-04b1-48f0-b63f-cb59a924a69b
Replacing HYPOT neuron 9cbb3816-0d3a-4c75-9405-18ab76aa0818
Replacing HYPOT neuron 7f328ea8-04b1-48f0-b63f-cb59a924a69b
Replacing HYPOT neuron 9cbb3816-0d3a-4c75-9405-18ab76aa0818
Replacing HYPOT neuron 7f328ea8-04b1-48f0-b63f-cb59a924a69b
Replacing HYPOT neuron 9cbb3816-0d3a-4c75-9405-18ab76aa0818
Replacing HYPOT neuron 7f328ea8-04b1-48f0-b63f-cb59a924a69b
Replacing HYPOT neuron 9cbb3816-0d3a-4c75-9405-18ab76aa0818
Replacing HYPOT neuron 7f328ea8-04b1-48f0-b63f-cb59a924a69b
Replacing HYPOT neuron 9cbb3816-0d3a-4c75-9405-18ab76aa0818
Replacing HYPOT neuron 7f328ea8-04b1-48f0-b63f-cb59a924a69b
Replacing HYPOT neuron 9cbb3816-0d3a-4c75-9405-18ab76aa0818
Replacing HYPOT neuron 7f328ea8-04b1-48f0-b63f-cb59a924a69b
Replacing HYPOT neuron 9cbb3816-0d3a-4c75-9405-18ab76aa0818
Replacing HYPOT neuron 7f328ea8-04b1-48f0-b63f-cb59a924a69b
Replacing HYPOT neuron 9cbb3816-0d3a-4c75-9405-18ab76aa0818
Replacing HYPOT neuron 7f328ea8-04b1-48f0-b63f-cb59a924a69b
Replacing HYPOT neuron 9cbb3816-0d3a-4c75-9405-18ab76aa0818
Replacing HYPOT neuron 7f328ea8-04b1-48f0-b63f-cb59a924a69b
Replacing HYPOT neuron 9cbb3816-0d3a-4c75-9405-18ab76aa0818
Replacing HYPOT neuron 7f328ea8-04b1-48f0-b63f-cb59a924a69b
Replacing HYPOT neuron 9cbb3816-0d3a-4c75-9405-18ab76aa0818
Replacing HYPOT neuron 7f328ea8-04b1-48f0-b63f-cb59a924a69b
Replacing HYPOT neuron 9cbb3816-0d3a-4c75-9405-18ab76aa0818
Replacing HYPOT neuron 7f328ea8-04b1-48f0-b63f-cb59a924a69b
Replacing HYPOT neuron 9cbb3816-0d3a-4c75-9405-18ab76aa0818
Replacing HYPOT neuron 7f328ea8-04b1-48f0-b63f-cb59a924a69b
Replacing HYPOT neuron 9cbb3816-0d3a-4c75-9405-18ab76aa0818
Replacing HYPOT neuron 7f328ea8-04b1-48f0-b63f-cb59a924a69b
Replacing HYPOT neuron 9cbb3816-0d3a-4c75-9405-18ab76aa0818
Replacing HYPOT neuron 7f328ea8-04b1-48f0-b63f-cb59a924a69b
Replacing HYPOT neuron 9cbb3816-0d3a-4c75-9405-18ab76aa0818
Replacing HYPOT neuron 7f328ea8-04b1-48f0-b63f-cb59a924a69b
Replacing HYPOT neuron 9cbb3816-0d3a-4c75-9405-18ab76aa0818
Replacing HYPOT neuron 7f328ea8-04b1-48f0-b63f-cb59a924a69b
Replacing HYPOT neuron 9cbb3816-0d3a-4c75-9405-18ab76aa0818
Replacing HYPOT neuron 7f328ea8-04b1-48f0-b63f-cb59a924a69b
Replacing HYPOT neuron 9cbb3816-0d3a-4c75-9405-18ab76aa0818
Replacing HYPOT neuron 7f328ea8-04b1-48f0-b63f-cb59a924a69b
Replacing HYPOT neuron 9cbb3816-0d3a-4c75-9405-18ab76aa0818
Replacing HYPOT neuron 7f328ea8-04b1-48f0-b63f-cb59a924a69b
Replacing HYPOT neuron 9cbb3816-0d3a-4c75-9405-18ab76aa0818
Replacing HYPOT neuron 7f328ea8-04b1-48f0-b63f-cb59a924a69b
Replacing HYPOT neuron 9cbb3816-0d3a-4c75-9405-18ab76aa0818
Replacing HYPOT neuron 7f328ea8-04b1-48f0-b63f-cb59a924a69b
Replacing HYPOT neuron 9cbb3816-0d3a-4c75-9405-18ab76aa0818
Replacing HYPOT neuron 7f328ea8-04b1-48f0-b63f-cb59a924a69b
Replacing HYPOT neuron 9cbb3816-0d3a-4c75-9405-18ab76aa0818
Replacing HYPOT neuron 7f328ea8-04b1-48f0-b63f-cb59a924a69b
Replacing HYPOT neuron 9cbb3816-0d3a-4c75-9405-18ab76aa0818
Replacing HYPOT neuron 7f328ea8-04b1-48f0-b63f-cb59a924a69b
Replacing HYPOT neuron 9cbb3816-0d3a-4c75-9405-18ab76aa0818
Replacing HYPOT neuron 7f328ea8-04b1-48f0-b63f-cb59a924a69b
Replacing HYPOT neuron 9cbb3816-0d3a-4c75-9405-18ab76aa0818
Replacing HYPOT neuron 7f328ea8-04b1-48f0-b63f-cb59a924a69b
Replacing HYPOT neuron 9cbb3816-0d3a-4c75-9405-18ab76aa0818
Replacing HYPOT neuron 7f328ea8-04b1-48f0-b63f-cb59a924a69b
Replacing HYPOT neuron 9cbb3816-0d3a-4c75-9405-18ab76aa0818
Replacing HYPOT neuron 7f328ea8-04b1-48f0-b63f-cb59a924a69b
Replacing HYPOT neuron 9cbb3816-0d3a-4c75-9405-18ab76aa0818
Replacing HYPOT neuron 7f328ea8-04b1-48f0-b63f-cb59a924a69b
Replacing HYPOT neuron 9cbb3816-0d3a-4c75-9405-18ab76aa0818
Replacing HYPOT neuron 7f328ea8-04b1-48f0-b63f-cb59a924a69b
Replacing HYPOT neuron 9cbb3816-0d3a-4c75-9405-18ab76aa0818
Replacing HYPOT neuron 7f328ea8-04b1-48f0-b63f-cb59a924a69b
Replacing HYPOT neuron 9cbb3816-0d3a-4c75-9405-18ab76aa0818
Replacing HYPOT neuron 7f328ea8-04b1-48f0-b63f-cb59a924a69b
Replacing HYPOT neuron 9cbb3816-0d3a-4c75-9405-18ab76aa0818
Replacing HYPOT neuron 7f328ea8-04b1-48f0-b63f-cb59a924a69b
Replacing HYPOT neuron 9cbb3816-0d3a-4c75-9405-18ab76aa0818
Replacing HYPOT neuron 7f328ea8-04b1-48f0-b63f-cb59a924a69b
Replacing HYPOT neuron 9cbb3816-0d3a-4c75-9405-18ab76aa0818
Replacing HYPOT neuron 7f328ea8-04b1-48f0-b63f-cb59a924a69b
Replacing HYPOT neuron 9cbb3816-0d3a-4c75-9405-18ab76aa0818
Replacing HYPOT neuron 7f328ea8-04b1-48f0-b63f-cb59a924a69b
Replacing HYPOT neuron 9cbb3816-0d3a-4c75-9405-18ab76aa0818
Replacing HYPOT neuron 7f328ea8-04b1-48f0-b63f-cb59a924a69b
Replacing HYPOT neuron 9cbb3816-0d3a-4c75-9405-18ab76aa0818
Replacing HYPOT neuron 7f328ea8-04b1-48f0-b63f-cb59a924a69b
Replacing HYPOT neuron 9cbb3816-0d3a-4c75-9405-18ab76aa0818
Replacing HYPOT neuron 7f328ea8-04b1-48f0-b63f-cb59a924a69b
Replacing HYPOT neuron 9cbb3816-0d3a-4c75-9405-18ab76aa0818
Replacing HYPOT neuron 7f328ea8-04b1-48f0-b63f-cb59a924a69b
Replacing HYPOT neuron 9cbb3816-0d3a-4c75-9405-18ab76aa0818
Fine tuning increased fitness by 0.0000030235090067165515 to 0.8055983112366595 adjusted 1 weight 
Replacing HYPOT neuron 7f328ea8-04b1-48f0-b63f-cb59a924a69b
Replacing HYPOT neuron 9cbb3816-0d3a-4c75-9405-18ab76aa0818
Replacing HYPOT neuron 7f328ea8-04b1-48f0-b63f-cb59a924a69b
Replacing HYPOT neuron 9cbb3816-0d3a-4c75-9405-18ab76aa0818
Replacing HYPOT neuron 7f328ea8-04b1-48f0-b63f-cb59a924a69b
Replacing HYPOT neuron 9cbb3816-0d3a-4c75-9405-18ab76aa0818
Replacing HYPOT neuron 7f328ea8-04b1-48f0-b63f-cb59a924a69b
Replacing HYPOT neuron 9cbb3816-0d3a-4c75-9405-18ab76aa0818
Replacing HYPOT neuron 7f328ea8-04b1-48f0-b63f-cb59a924a69b
Replacing HYPOT neuron 9cbb3816-0d3a-4c75-9405-18ab76aa0818
Replacing HYPOT neuron 7f328ea8-04b1-48f0-b63f-cb59a924a69b
Replacing HYPOT neuron 9cbb3816-0d3a-4c75-9405-18ab76aa0818
Replacing HYPOT neuron 7f328ea8-04b1-48f0-b63f-cb59a924a69b
Replacing HYPOT neuron 9cbb3816-0d3a-4c75-9405-18ab76aa0818
Replacing HYPOT neuron 7f328ea8-04b1-48f0-b63f-cb59a924a69b
Replacing HYPOT neuron 9cbb3816-0d3a-4c75-9405-18ab76aa0818
Replacing HYPOT neuron 7f328ea8-04b1-48f0-b63f-cb59a924a69b
Replacing HYPOT neuron 9cbb3816-0d3a-4c75-9405-18ab76aa0818
Replacing HYPOT neuron 7f328ea8-04b1-48f0-b63f-cb59a924a69b
Replacing HYPOT neuron 9cbb3816-0d3a-4c75-9405-18ab76aa0818
Replacing HYPOT neuron 7f328ea8-04b1-48f0-b63f-cb59a924a69b
Replacing HYPOT neuron 9cbb3816-0d3a-4c75-9405-18ab76aa0818
Replacing HYPOT neuron 7f328ea8-04b1-48f0-b63f-cb59a924a69b
Replacing HYPOT neuron 9cbb3816-0d3a-4c75-9405-18ab76aa0818
Replacing HYPOT neuron 7f328ea8-04b1-48f0-b63f-cb59a924a69b
Replacing HYPOT neuron 9cbb3816-0d3a-4c75-9405-18ab76aa0818
Replacing HYPOT neuron 7f328ea8-04b1-48f0-b63f-cb59a924a69b
Replacing HYPOT neuron 9cbb3816-0d3a-4c75-9405-18ab76aa0818
Replacing HYPOT neuron 7f328ea8-04b1-48f0-b63f-cb59a924a69b
Replacing HYPOT neuron 9cbb3816-0d3a-4c75-9405-18ab76aa0818
Replacing HYPOT neuron 7f328ea8-04b1-48f0-b63f-cb59a924a69b
Replacing HYPOT neuron 9cbb3816-0d3a-4c75-9405-18ab76aa0818
Replacing HYPOT neuron 7f328ea8-04b1-48f0-b63f-cb59a924a69b
Replacing HYPOT neuron 9cbb3816-0d3a-4c75-9405-18ab76aa0818
Replacing HYPOT neuron 7f328ea8-04b1-48f0-b63f-cb59a924a69b
Replacing HYPOT neuron 9cbb3816-0d3a-4c75-9405-18ab76aa0818
Replacing HYPOT neuron 7f328ea8-04b1-48f0-b63f-cb59a924a69b
Replacing HYPOT neuron 9cbb3816-0d3a-4c75-9405-18ab76aa0818
Replacing HYPOT neuron 7f328ea8-04b1-48f0-b63f-cb59a924a69b
Replacing HYPOT neuron 9cbb3816-0d3a-4c75-9405-18ab76aa0818
Replacing HYPOT neuron 7f328ea8-04b1-48f0-b63f-cb59a924a69b
Replacing HYPOT neuron 9cbb3816-0d3a-4c75-9405-18ab76aa0818
Replacing HYPOT neuron 7f328ea8-04b1-48f0-b63f-cb59a924a69b
Replacing HYPOT neuron 9cbb3816-0d3a-4c75-9405-18ab76aa0818
Replacing HYPOT neuron 7f328ea8-04b1-48f0-b63f-cb59a924a69b
Replacing HYPOT neuron 9cbb3816-0d3a-4c75-9405-18ab76aa0818
Replacing HYPOT neuron 7f328ea8-04b1-48f0-b63f-cb59a924a69b
Replacing HYPOT neuron 9cbb3816-0d3a-4c75-9405-18ab76aa0818
Replacing HYPOT neuron 7f328ea8-04b1-48f0-b63f-cb59a924a69b
Replacing HYPOT neuron 9cbb3816-0d3a-4c75-9405-18ab76aa0818
Replacing HYPOT neuron 7f328ea8-04b1-48f0-b63f-cb59a924a69b
Replacing HYPOT neuron 9cbb3816-0d3a-4c75-9405-18ab76aa0818
Replacing HYPOT neuron 7f328ea8-04b1-48f0-b63f-cb59a924a69b
Replacing HYPOT neuron 9cbb3816-0d3a-4c75-9405-18ab76aa0818
Replacing HYPOT neuron 7f328ea8-04b1-48f0-b63f-cb59a924a69b
Replacing HYPOT neuron 9cbb3816-0d3a-4c75-9405-18ab76aa0818
Replacing HYPOT neuron 7f328ea8-04b1-48f0-b63f-cb59a924a69b
Replacing HYPOT neuron 9cbb3816-0d3a-4c75-9405-18ab76aa0818
Replacing HYPOT neuron 7f328ea8-04b1-48f0-b63f-cb59a924a69b
Replacing HYPOT neuron 9cbb3816-0d3a-4c75-9405-18ab76aa0818
Replacing HYPOT neuron 7f328ea8-04b1-48f0-b63f-cb59a924a69b
Replacing HYPOT neuron 9cbb3816-0d3a-4c75-9405-18ab76aa0818
Replacing HYPOT neuron 7f328ea8-04b1-48f0-b63f-cb59a924a69b
Replacing HYPOT neuron 9cbb3816-0d3a-4c75-9405-18ab76aa0818
Replacing HYPOT neuron 7f328ea8-04b1-48f0-b63f-cb59a924a69b
Replacing HYPOT neuron 9cbb3816-0d3a-4c75-9405-18ab76aa0818
Replacing HYPOT neuron 7f328ea8-04b1-48f0-b63f-cb59a924a69b
Replacing HYPOT neuron 9cbb3816-0d3a-4c75-9405-18ab76aa0818
Replacing HYPOT neuron 7f328ea8-04b1-48f0-b63f-cb59a924a69b
Replacing HYPOT neuron 9cbb3816-0d3a-4c75-9405-18ab76aa0818
Replacing HYPOT neuron 7f328ea8-04b1-48f0-b63f-cb59a924a69b
Replacing HYPOT neuron 9cbb3816-0d3a-4c75-9405-18ab76aa0818
Replacing HYPOT neuron 7f328ea8-04b1-48f0-b63f-cb59a924a69b
Replacing HYPOT neuron 9cbb3816-0d3a-4c75-9405-18ab76aa0818
Replacing HYPOT neuron 7f328ea8-04b1-48f0-b63f-cb59a924a69b
Replacing HYPOT neuron 9cbb3816-0d3a-4c75-9405-18ab76aa0818
Replacing HYPOT neuron 7f328ea8-04b1-48f0-b63f-cb59a924a69b
Replacing HYPOT neuron 9cbb3816-0d3a-4c75-9405-18ab76aa0818
Replacing HYPOT neuron 7f328ea8-04b1-48f0-b63f-cb59a924a69b
Replacing HYPOT neuron 9cbb3816-0d3a-4c75-9405-18ab76aa0818
Discovered beneficial synapse from input-1312 to 3e4b1c4c-a7be-4d88-984b-c79bbe0910cc with weight -1.0000, helping 50.6% more records than it harms (2883/4613)
Discovery 4555c130 analyze time 21s 165ms found 1 candidates
Training 4decebfd with 1 binary file, target error: 0.05, iterations: 1, sample rate: 100%, sparse: 100%
Fine tuning increased fitness by 0.000006622332829775424 to 0.8056049335694893 adjusted 1 weight 
Replacing HYPOT neuron 7f328ea8-04b1-48f0-b63f-cb59a924a69b
Replacing HYPOT neuron 9cbb3816-0d3a-4c75-9405-18ab76aa0818
Replacing HYPOT neuron 7f328ea8-04b1-48f0-b63f-cb59a924a69b
Replacing HYPOT neuron 9cbb3816-0d3a-4c75-9405-18ab76aa0818
Discovered harmful synapse from input-23 to 3e4b1c4c-a7be-4d88-984b-c79bbe0910cc, harming 49.2% more records than it helps (581/4613)
Discovery 4555c130 analyze harmful time 2s 408ms found 1 candidates
Replacing HYPOT neuron 7f328ea8-04b1-48f0-b63f-cb59a924a69b
Replacing HYPOT neuron 9cbb3816-0d3a-4c75-9405-18ab76aa0818
Replacing HYPOT neuron 7f328ea8-04b1-48f0-b63f-cb59a924a69b
Replacing HYPOT neuron 9cbb3816-0d3a-4c75-9405-18ab76aa0818
Replacing HYPOT neuron 7f328ea8-04b1-48f0-b63f-cb59a924a69b
Replacing HYPOT neuron 9cbb3816-0d3a-4c75-9405-18ab76aa0818
Replacing HYPOT neuron 7f328ea8-04b1-48f0-b63f-cb59a924a69b
Replacing HYPOT neuron 9cbb3816-0d3a-4c75-9405-18ab76aa0818
Replacing HYPOT neuron 7f328ea8-04b1-48f0-b63f-cb59a924a69b
Replacing HYPOT neuron 9cbb3816-0d3a-4c75-9405-18ab76aa0818
Replacing HYPOT neuron 7f328ea8-04b1-48f0-b63f-cb59a924a69b
Replacing HYPOT neuron 9cbb3816-0d3a-4c75-9405-18ab76aa0818
Replacing HYPOT neuron 7f328ea8-04b1-48f0-b63f-cb59a924a69b
Replacing HYPOT neuron 9cbb3816-0d3a-4c75-9405-18ab76aa0818
Replacing HYPOT neuron 7f328ea8-04b1-48f0-b63f-cb59a924a69b
Replacing HYPOT neuron 9cbb3816-0d3a-4c75-9405-18ab76aa0818
Replacing HYPOT neuron 7f328ea8-04b1-48f0-b63f-cb59a924a69b
Replacing HYPOT neuron 9cbb3816-0d3a-4c75-9405-18ab76aa0818
Replacing HYPOT neuron 7f328ea8-04b1-48f0-b63f-cb59a924a69b
Replacing HYPOT neuron 9cbb3816-0d3a-4c75-9405-18ab76aa0818
Replacing HYPOT neuron 7f328ea8-04b1-48f0-b63f-cb59a924a69b
Replacing HYPOT neuron 9cbb3816-0d3a-4c75-9405-18ab76aa0818
Replacing HYPOT neuron 7f328ea8-04b1-48f0-b63f-cb59a924a69b
Replacing HYPOT neuron 9cbb3816-0d3a-4c75-9405-18ab76aa0818
Replacing HYPOT neuron 7f328ea8-04b1-48f0-b63f-cb59a924a69b
Replacing HYPOT neuron 9cbb3816-0d3a-4c75-9405-18ab76aa0818
Replacing HYPOT neuron 7f328ea8-04b1-48f0-b63f-cb59a924a69b
Replacing HYPOT neuron 9cbb3816-0d3a-4c75-9405-18ab76aa0818
Replacing HYPOT neuron 7f328ea8-04b1-48f0-b63f-cb59a924a69b
Replacing HYPOT neuron 9cbb3816-0d3a-4c75-9405-18ab76aa0818
Replacing HYPOT neuron 7f328ea8-04b1-48f0-b63f-cb59a924a69b
Replacing HYPOT neuron 9cbb3816-0d3a-4c75-9405-18ab76aa0818
Replacing HYPOT neuron 7f328ea8-04b1-48f0-b63f-cb59a924a69b
Replacing HYPOT neuron 9cbb3816-0d3a-4c75-9405-18ab76aa0818
Replacing HYPOT neuron 7f328ea8-04b1-48f0-b63f-cb59a924a69b
Replacing HYPOT neuron 9cbb3816-0d3a-4c75-9405-18ab76aa0818
Replacing HYPOT neuron 7f328ea8-04b1-48f0-b63f-cb59a924a69b
Replacing HYPOT neuron 9cbb3816-0d3a-4c75-9405-18ab76aa0818
Replacing HYPOT neuron 7f328ea8-04b1-48f0-b63f-cb59a924a69b
Replacing HYPOT neuron 9cbb3816-0d3a-4c75-9405-18ab76aa0818
Replacing HYPOT neuron 7f328ea8-04b1-48f0-b63f-cb59a924a69b
Replacing HYPOT neuron 9cbb3816-0d3a-4c75-9405-18ab76aa0818
Replacing HYPOT neuron 7f328ea8-04b1-48f0-b63f-cb59a924a69b
Replacing HYPOT neuron 9cbb3816-0d3a-4c75-9405-18ab76aa0818
Replacing HYPOT neuron 7f328ea8-04b1-48f0-b63f-cb59a924a69b
Replacing HYPOT neuron 9cbb3816-0d3a-4c75-9405-18ab76aa0818
Replacing HYPOT neuron 7f328ea8-04b1-48f0-b63f-cb59a924a69b
Replacing HYPOT neuron 9cbb3816-0d3a-4c75-9405-18ab76aa0818
Replacing HYPOT neuron 7f328ea8-04b1-48f0-b63f-cb59a924a69b
Replacing HYPOT neuron 9cbb3816-0d3a-4c75-9405-18ab76aa0818
Replacing HYPOT neuron 7f328ea8-04b1-48f0-b63f-cb59a924a69b
Replacing HYPOT neuron 9cbb3816-0d3a-4c75-9405-18ab76aa0818
Replacing HYPOT neuron 7f328ea8-04b1-48f0-b63f-cb59a924a69b
Replacing HYPOT neuron 9cbb3816-0d3a-4c75-9405-18ab76aa0818
Replacing HYPOT neuron 7f328ea8-04b1-48f0-b63f-cb59a924a69b
Replacing HYPOT neuron 9cbb3816-0d3a-4c75-9405-18ab76aa0818
Replacing HYPOT neuron 7f328ea8-04b1-48f0-b63f-cb59a924a69b
Replacing HYPOT neuron 9cbb3816-0d3a-4c75-9405-18ab76aa0818
Replacing HYPOT neuron 7f328ea8-04b1-48f0-b63f-cb59a924a69b
Replacing HYPOT neuron 9cbb3816-0d3a-4c75-9405-18ab76aa0818
Replacing HYPOT neuron 7f328ea8-04b1-48f0-b63f-cb59a924a69b
Replacing HYPOT neuron 9cbb3816-0d3a-4c75-9405-18ab76aa0818
Discovery 4555c130 analyze squashes time 1s 7ms found 1 candidate, Summary: 3e4b1c4c-a7be-4d88-984b-c79bbe0910cc ArcTan -> SQUARE improved: 2.2% error: 3.461650542334403e+21 -> 3.384917967257149e+21
Replacing HYPOT neuron 7f328ea8-04b1-48f0-b63f-cb59a924a69b
Replacing HYPOT neuron 9cbb3816-0d3a-4c75-9405-18ab76aa0818
Replacing HYPOT neuron 7f328ea8-04b1-48f0-b63f-cb59a924a69b
Replacing HYPOT neuron 9cbb3816-0d3a-4c75-9405-18ab76aa0818
Replacing HYPOT neuron 7f328ea8-04b1-48f0-b63f-cb59a924a69b
Replacing HYPOT neuron 9cbb3816-0d3a-4c75-9405-18ab76aa0818
Replacing HYPOT neuron 7f328ea8-04b1-48f0-b63f-cb59a924a69b
Replacing HYPOT neuron 9cbb3816-0d3a-4c75-9405-18ab76aa0818
Replacing HYPOT neuron 7f328ea8-04b1-48f0-b63f-cb59a924a69b
Replacing HYPOT neuron 9cbb3816-0d3a-4c75-9405-18ab76aa0818
Replacing HYPOT neuron 7f328ea8-04b1-48f0-b63f-cb59a924a69b
Replacing HYPOT neuron 9cbb3816-0d3a-4c75-9405-18ab76aa0818
Replacing HYPOT neuron 7f328ea8-04b1-48f0-b63f-cb59a924a69b
Replacing HYPOT neuron 9cbb3816-0d3a-4c75-9405-18ab76aa0818
Replacing HYPOT neuron 7f328ea8-04b1-48f0-b63f-cb59a924a69b
Replacing HYPOT neuron 9cbb3816-0d3a-4c75-9405-18ab76aa0818
Replacing HYPOT neuron 7f328ea8-04b1-48f0-b63f-cb59a924a69b
Replacing HYPOT neuron 9cbb3816-0d3a-4c75-9405-18ab76aa0818
Replacing HYPOT neuron 7f328ea8-04b1-48f0-b63f-cb59a924a69b
Replacing HYPOT neuron 9cbb3816-0d3a-4c75-9405-18ab76aa0818
Replacing HYPOT neuron 7f328ea8-04b1-48f0-b63f-cb59a924a69b
Replacing HYPOT neuron 9cbb3816-0d3a-4c75-9405-18ab76aa0818
Replacing HYPOT neuron 7f328ea8-04b1-48f0-b63f-cb59a924a69b
Replacing HYPOT neuron 9cbb3816-0d3a-4c75-9405-18ab76aa0818
Replacing HYPOT neuron 7f328ea8-04b1-48f0-b63f-cb59a924a69b
Replacing HYPOT neuron 9cbb3816-0d3a-4c75-9405-18ab76aa0818
Replacing HYPOT neuron 7f328ea8-04b1-48f0-b63f-cb59a924a69b
Replacing HYPOT neuron 9cbb3816-0d3a-4c75-9405-18ab76aa0818
Replacing HYPOT neuron 7f328ea8-04b1-48f0-b63f-cb59a924a69b
Replacing HYPOT neuron 9cbb3816-0d3a-4c75-9405-18ab76aa0818
Replacing HYPOT neuron 7f328ea8-04b1-48f0-b63f-cb59a924a69b
Replacing HYPOT neuron 9cbb3816-0d3a-4c75-9405-18ab76aa0818
Replacing HYPOT neuron 7f328ea8-04b1-48f0-b63f-cb59a924a69b
Replacing HYPOT neuron 9cbb3816-0d3a-4c75-9405-18ab76aa0818
Replacing HYPOT neuron 7f328ea8-04b1-48f0-b63f-cb59a924a69b
Replacing HYPOT neuron 9cbb3816-0d3a-4c75-9405-18ab76aa0818
Replacing HYPOT neuron 7f328ea8-04b1-48f0-b63f-cb59a924a69b
Replacing HYPOT neuron 9cbb3816-0d3a-4c75-9405-18ab76aa0818
Discovery 78fb696d with 1 binary files, sample rate: 100%, batch size: 512
Discovery 78fb696d initialize time 86ms
Discovery 78fb696d processing .trainData-industry_88/SERVICES-MISCELLANEOUS_REPAIR_SERVICES/data.bin
Fine tuning increased fitness by 0.000010872858791421969 to 0.8056158064282807 adjusted 1 weight 
Replacing HYPOT neuron 7f328ea8-04b1-48f0-b63f-cb59a924a69b
Replacing HYPOT neuron 9cbb3816-0d3a-4c75-9405-18ab76aa0818
Replacing HYPOT neuron 7f328ea8-04b1-48f0-b63f-cb59a924a69b
Replacing HYPOT neuron 9cbb3816-0d3a-4c75-9405-18ab76aa0818
Replacing HYPOT neuron 7f328ea8-04b1-48f0-b63f-cb59a924a69b
Replacing HYPOT neuron 9cbb3816-0d3a-4c75-9405-18ab76aa0818
Replacing HYPOT neuron 7f328ea8-04b1-48f0-b63f-cb59a924a69b
Replacing HYPOT neuron 9cbb3816-0d3a-4c75-9405-18ab76aa0818
Replacing HYPOT neuron 7f328ea8-04b1-48f0-b63f-cb59a924a69b
Replacing HYPOT neuron 9cbb3816-0d3a-4c75-9405-18ab76aa0818
Replacing HYPOT neuron 7f328ea8-04b1-48f0-b63f-cb59a924a69b
Replacing HYPOT neuron 9cbb3816-0d3a-4c75-9405-18ab76aa0818
Replacing HYPOT neuron 7f328ea8-04b1-48f0-b63f-cb59a924a69b
Replacing HYPOT neuron 9cbb3816-0d3a-4c75-9405-18ab76aa0818
Replacing HYPOT neuron 7f328ea8-04b1-48f0-b63f-cb59a924a69b
Replacing HYPOT neuron 9cbb3816-0d3a-4c75-9405-18ab76aa0818
Replacing HYPOT neuron 7f328ea8-04b1-48f0-b63f-cb59a924a69b
Replacing HYPOT neuron 9cbb3816-0d3a-4c75-9405-18ab76aa0818
Replacing HYPOT neuron 7f328ea8-04b1-48f0-b63f-cb59a924a69b
Replacing HYPOT neuron 9cbb3816-0d3a-4c75-9405-18ab76aa0818
Replacing HYPOT neuron 7f328ea8-04b1-48f0-b63f-cb59a924a69b
Replacing HYPOT neuron 9cbb3816-0d3a-4c75-9405-18ab76aa0818
Replacing HYPOT neuron 7f328ea8-04b1-48f0-b63f-cb59a924a69b
Replacing HYPOT neuron 9cbb3816-0d3a-4c75-9405-18ab76aa0818
Replacing HYPOT neuron 7f328ea8-04b1-48f0-b63f-cb59a924a69b
Replacing HYPOT neuron 9cbb3816-0d3a-4c75-9405-18ab76aa0818
Replacing HYPOT neuron 7f328ea8-04b1-48f0-b63f-cb59a924a69b
Replacing HYPOT neuron 9cbb3816-0d3a-4c75-9405-18ab76aa0818
Replacing HYPOT neuron 7f328ea8-04b1-48f0-b63f-cb59a924a69b
Replacing HYPOT neuron 9cbb3816-0d3a-4c75-9405-18ab76aa0818
Replacing HYPOT neuron 7f328ea8-04b1-48f0-b63f-cb59a924a69b
Replacing HYPOT neuron 9cbb3816-0d3a-4c75-9405-18ab76aa0818
Replacing HYPOT neuron 7f328ea8-04b1-48f0-b63f-cb59a924a69b
Replacing HYPOT neuron 9cbb3816-0d3a-4c75-9405-18ab76aa0818
Replacing HYPOT neuron 7f328ea8-04b1-48f0-b63f-cb59a924a69b
Replacing HYPOT neuron 9cbb3816-0d3a-4c75-9405-18ab76aa0818
Replacing HYPOT neuron 7f328ea8-04b1-48f0-b63f-cb59a924a69b
Replacing HYPOT neuron 9cbb3816-0d3a-4c75-9405-18ab76aa0818
Replacing HYPOT neuron 7f328ea8-04b1-48f0-b63f-cb59a924a69b
Replacing HYPOT neuron 9cbb3816-0d3a-4c75-9405-18ab76aa0818
Replacing HYPOT neuron 7f328ea8-04b1-48f0-b63f-cb59a924a69b
Replacing HYPOT neuron 9cbb3816-0d3a-4c75-9405-18ab76aa0818
Replacing HYPOT neuron 7f328ea8-04b1-48f0-b63f-cb59a924a69b
Replacing HYPOT neuron 9cbb3816-0d3a-4c75-9405-18ab76aa0818
Replacing HYPOT neuron 7f328ea8-04b1-48f0-b63f-cb59a924a69b
Replacing HYPOT neuron 9cbb3816-0d3a-4c75-9405-18ab76aa0818
Replacing HYPOT neuron 7f328ea8-04b1-48f0-b63f-cb59a924a69b
Replacing HYPOT neuron 9cbb3816-0d3a-4c75-9405-18ab76aa0818
Replacing HYPOT neuron 7f328ea8-04b1-48f0-b63f-cb59a924a69b
Replacing HYPOT neuron 9cbb3816-0d3a-4c75-9405-18ab76aa0818
Replacing HYPOT neuron 7f328ea8-04b1-48f0-b63f-cb59a924a69b
Replacing HYPOT neuron 9cbb3816-0d3a-4c75-9405-18ab76aa0818
Replacing HYPOT neuron 7f328ea8-04b1-48f0-b63f-cb59a924a69b
Replacing HYPOT neuron 9cbb3816-0d3a-4c75-9405-18ab76aa0818
Replacing HYPOT neuron 7f328ea8-04b1-48f0-b63f-cb59a924a69b
Replacing HYPOT neuron 9cbb3816-0d3a-4c75-9405-18ab76aa0818
Replacing HYPOT neuron 7f328ea8-04b1-48f0-b63f-cb59a924a69b
Replacing HYPOT neuron 9cbb3816-0d3a-4c75-9405-18ab76aa0818
Replacing HYPOT neuron 7f328ea8-04b1-48f0-b63f-cb59a924a69b
Replacing HYPOT neuron 9cbb3816-0d3a-4c75-9405-18ab76aa0818
Replacing HYPOT neuron 7f328ea8-04b1-48f0-b63f-cb59a924a69b
Replacing HYPOT neuron 9cbb3816-0d3a-4c75-9405-18ab76aa0818
Replacing HYPOT neuron 7f328ea8-04b1-48f0-b63f-cb59a924a69b
Replacing HYPOT neuron 9cbb3816-0d3a-4c75-9405-18ab76aa0818
Replacing HYPOT neuron 7f328ea8-04b1-48f0-b63f-cb59a924a69b
Replacing HYPOT neuron 9cbb3816-0d3a-4c75-9405-18ab76aa0818
Replacing HYPOT neuron 7f328ea8-04b1-48f0-b63f-cb59a924a69b
Replacing HYPOT neuron 9cbb3816-0d3a-4c75-9405-18ab76aa0818
Replacing HYPOT neuron 7f328ea8-04b1-48f0-b63f-cb59a924a69b
Replacing HYPOT neuron 9cbb3816-0d3a-4c75-9405-18ab76aa0818
Replacing HYPOT neuron 7f328ea8-04b1-48f0-b63f-cb59a924a69b
Replacing HYPOT neuron 9cbb3816-0d3a-4c75-9405-18ab76aa0818
Replacing HYPOT neuron 7f328ea8-04b1-48f0-b63f-cb59a924a69b
Replacing HYPOT neuron 9cbb3816-0d3a-4c75-9405-18ab76aa0818
Replacing HYPOT neuron 7f328ea8-04b1-48f0-b63f-cb59a924a69b
Replacing HYPOT neuron 9cbb3816-0d3a-4c75-9405-18ab76aa0818
Replacing HYPOT neuron 7f328ea8-04b1-48f0-b63f-cb59a924a69b
Replacing HYPOT neuron 9cbb3816-0d3a-4c75-9405-18ab76aa0818
Replacing HYPOT neuron 7f328ea8-04b1-48f0-b63f-cb59a924a69b
Replacing HYPOT neuron 9cbb3816-0d3a-4c75-9405-18ab76aa0818
Fine tuning increased fitness by 0.000009265892287779742 to 0.8056250723205685 adjusted 1 weight 
Replacing HYPOT neuron 7f328ea8-04b1-48f0-b63f-cb59a924a69b
Replacing HYPOT neuron 9cbb3816-0d3a-4c75-9405-18ab76aa0818
Replacing HYPOT neuron 7f328ea8-04b1-48f0-b63f-cb59a924a69b
Replacing HYPOT neuron 9cbb3816-0d3a-4c75-9405-18ab76aa0818
Discovery 78fb696d read time 6ms for .trainData-industry_88/SERVICES-MISCELLANEOUS_REPAIR_SERVICES/data.bin with 4613 records
Discovery 78fb696d scanning time 5s 177ms
Replacing HYPOT neuron 7f328ea8-04b1-48f0-b63f-cb59a924a69b
Replacing HYPOT neuron 9cbb3816-0d3a-4c75-9405-18ab76aa0818
Replacing HYPOT neuron 7f328ea8-04b1-48f0-b63f-cb59a924a69b
Replacing HYPOT neuron 9cbb3816-0d3a-4c75-9405-18ab76aa0818
Replacing HYPOT neuron 7f328ea8-04b1-48f0-b63f-cb59a924a69b
Replacing HYPOT neuron 9cbb3816-0d3a-4c75-9405-18ab76aa0818
Replacing HYPOT neuron 7f328ea8-04b1-48f0-b63f-cb59a924a69b
Replacing HYPOT neuron 9cbb3816-0d3a-4c75-9405-18ab76aa0818
Replacing HYPOT neuron 7f328ea8-04b1-48f0-b63f-cb59a924a69b
Replacing HYPOT neuron 9cbb3816-0d3a-4c75-9405-18ab76aa0818
Replacing HYPOT neuron 7f328ea8-04b1-48f0-b63f-cb59a924a69b
Replacing HYPOT neuron 9cbb3816-0d3a-4c75-9405-18ab76aa0818
Replacing HYPOT neuron 7f328ea8-04b1-48f0-b63f-cb59a924a69b
Replacing HYPOT neuron 9cbb3816-0d3a-4c75-9405-18ab76aa0818
Replacing HYPOT neuron 7f328ea8-04b1-48f0-b63f-cb59a924a69b
Replacing HYPOT neuron 9cbb3816-0d3a-4c75-9405-18ab76aa0818
Replacing HYPOT neuron 7f328ea8-04b1-48f0-b63f-cb59a924a69b
Replacing HYPOT neuron 9cbb3816-0d3a-4c75-9405-18ab76aa0818
Replacing HYPOT neuron 7f328ea8-04b1-48f0-b63f-cb59a924a69b
Replacing HYPOT neuron 9cbb3816-0d3a-4c75-9405-18ab76aa0818
Replacing HYPOT neuron 7f328ea8-04b1-48f0-b63f-cb59a924a69b
Replacing HYPOT neuron 9cbb3816-0d3a-4c75-9405-18ab76aa0818
Replacing HYPOT neuron 7f328ea8-04b1-48f0-b63f-cb59a924a69b
Replacing HYPOT neuron 9cbb3816-0d3a-4c75-9405-18ab76aa0818
Replacing HYPOT neuron 7f328ea8-04b1-48f0-b63f-cb59a924a69b
Replacing HYPOT neuron 9cbb3816-0d3a-4c75-9405-18ab76aa0818
Replacing HYPOT neuron 7f328ea8-04b1-48f0-b63f-cb59a924a69b
Replacing HYPOT neuron 9cbb3816-0d3a-4c75-9405-18ab76aa0818
Replacing HYPOT neuron 7f328ea8-04b1-48f0-b63f-cb59a924a69b
Replacing HYPOT neuron 9cbb3816-0d3a-4c75-9405-18ab76aa0818
Replacing HYPOT neuron 7f328ea8-04b1-48f0-b63f-cb59a924a69b
Replacing HYPOT neuron 9cbb3816-0d3a-4c75-9405-18ab76aa0818
Replacing HYPOT neuron 7f328ea8-04b1-48f0-b63f-cb59a924a69b
Replacing HYPOT neuron 9cbb3816-0d3a-4c75-9405-18ab76aa0818
Replacing HYPOT neuron 7f328ea8-04b1-48f0-b63f-cb59a924a69b
Replacing HYPOT neuron 9cbb3816-0d3a-4c75-9405-18ab76aa0818
Replacing HYPOT neuron 7f328ea8-04b1-48f0-b63f-cb59a924a69b
Replacing HYPOT neuron 9cbb3816-0d3a-4c75-9405-18ab76aa0818
Replacing HYPOT neuron 7f328ea8-04b1-48f0-b63f-cb59a924a69b
Replacing HYPOT neuron 9cbb3816-0d3a-4c75-9405-18ab76aa0818
Replacing HYPOT neuron 7f328ea8-04b1-48f0-b63f-cb59a924a69b
Replacing HYPOT neuron 9cbb3816-0d3a-4c75-9405-18ab76aa0818
Replacing HYPOT neuron 7f328ea8-04b1-48f0-b63f-cb59a924a69b
Replacing HYPOT neuron 9cbb3816-0d3a-4c75-9405-18ab76aa0818
Replacing HYPOT neuron 7f328ea8-04b1-48f0-b63f-cb59a924a69b
Replacing HYPOT neuron 9cbb3816-0d3a-4c75-9405-18ab76aa0818
Replacing HYPOT neuron 7f328ea8-04b1-48f0-b63f-cb59a924a69b
Replacing HYPOT neuron 9cbb3816-0d3a-4c75-9405-18ab76aa0818
Replacing HYPOT neuron 7f328ea8-04b1-48f0-b63f-cb59a924a69b
Replacing HYPOT neuron 9cbb3816-0d3a-4c75-9405-18ab76aa0818
Replacing HYPOT neuron 7f328ea8-04b1-48f0-b63f-cb59a924a69b
Replacing HYPOT neuron 9cbb3816-0d3a-4c75-9405-18ab76aa0818
Replacing HYPOT neuron 7f328ea8-04b1-48f0-b63f-cb59a924a69b
Replacing HYPOT neuron 9cbb3816-0d3a-4c75-9405-18ab76aa0818
Replacing HYPOT neuron 7f328ea8-04b1-48f0-b63f-cb59a924a69b
Replacing HYPOT neuron 9cbb3816-0d3a-4c75-9405-18ab76aa0818
Replacing HYPOT neuron 7f328ea8-04b1-48f0-b63f-cb59a924a69b
Replacing HYPOT neuron 9cbb3816-0d3a-4c75-9405-18ab76aa0818
Replacing HYPOT neuron 7f328ea8-04b1-48f0-b63f-cb59a924a69b
Replacing HYPOT neuron 9cbb3816-0d3a-4c75-9405-18ab76aa0818
Discovery 78fb696d recorded time 6s 127ms
Replacing HYPOT neuron 7f328ea8-04b1-48f0-b63f-cb59a924a69b
Replacing HYPOT neuron 9cbb3816-0d3a-4c75-9405-18ab76aa0818
Replacing HYPOT neuron 7f328ea8-04b1-48f0-b63f-cb59a924a69b
Replacing HYPOT neuron 9cbb3816-0d3a-4c75-9405-18ab76aa0818
Replacing HYPOT neuron 7f328ea8-04b1-48f0-b63f-cb59a924a69b
Replacing HYPOT neuron 9cbb3816-0d3a-4c75-9405-18ab76aa0818
Replacing HYPOT neuron 7f328ea8-04b1-48f0-b63f-cb59a924a69b
Replacing HYPOT neuron 9cbb3816-0d3a-4c75-9405-18ab76aa0818
Replacing HYPOT neuron 7f328ea8-04b1-48f0-b63f-cb59a924a69b
Replacing HYPOT neuron 9cbb3816-0d3a-4c75-9405-18ab76aa0818
Replacing HYPOT neuron 7f328ea8-04b1-48f0-b63f-cb59a924a69b
Replacing HYPOT neuron 9cbb3816-0d3a-4c75-9405-18ab76aa0818
Replacing HYPOT neuron 7f328ea8-04b1-48f0-b63f-cb59a924a69b
Replacing HYPOT neuron 9cbb3816-0d3a-4c75-9405-18ab76aa0818
Replacing HYPOT neuron 7f328ea8-04b1-48f0-b63f-cb59a924a69b
Replacing HYPOT neuron 9cbb3816-0d3a-4c75-9405-18ab76aa0818
Replacing HYPOT neuron 7f328ea8-04b1-48f0-b63f-cb59a924a69b
Replacing HYPOT neuron 9cbb3816-0d3a-4c75-9405-18ab76aa0818
Replacing HYPOT neuron 7f328ea8-04b1-48f0-b63f-cb59a924a69b
Replacing HYPOT neuron 9cbb3816-0d3a-4c75-9405-18ab76aa0818
Replacing HYPOT neuron 7f328ea8-04b1-48f0-b63f-cb59a924a69b
Replacing HYPOT neuron 9cbb3816-0d3a-4c75-9405-18ab76aa0818
Replacing HYPOT neuron 7f328ea8-04b1-48f0-b63f-cb59a924a69b
Replacing HYPOT neuron 9cbb3816-0d3a-4c75-9405-18ab76aa0818
Replacing HYPOT neuron 7f328ea8-04b1-48f0-b63f-cb59a924a69b
Replacing HYPOT neuron 9cbb3816-0d3a-4c75-9405-18ab76aa0818
Replacing HYPOT neuron 7f328ea8-04b1-48f0-b63f-cb59a924a69b
Replacing HYPOT neuron 9cbb3816-0d3a-4c75-9405-18ab76aa0818
Replacing HYPOT neuron 7f328ea8-04b1-48f0-b63f-cb59a924a69b
Replacing HYPOT neuron 9cbb3816-0d3a-4c75-9405-18ab76aa0818
Replacing HYPOT neuron 7f328ea8-04b1-48f0-b63f-cb59a924a69b
Replacing HYPOT neuron 9cbb3816-0d3a-4c75-9405-18ab76aa0818
Replacing HYPOT neuron 7f328ea8-04b1-48f0-b63f-cb59a924a69b
Replacing HYPOT neuron 9cbb3816-0d3a-4c75-9405-18ab76aa0818
Replacing HYPOT neuron 7f328ea8-04b1-48f0-b63f-cb59a924a69b
Replacing HYPOT neuron 9cbb3816-0d3a-4c75-9405-18ab76aa0818
Replacing HYPOT neuron 7f328ea8-04b1-48f0-b63f-cb59a924a69b
Replacing HYPOT neuron 9cbb3816-0d3a-4c75-9405-18ab76aa0818
Replacing HYPOT neuron 7f328ea8-04b1-48f0-b63f-cb59a924a69b
Replacing HYPOT neuron 9cbb3816-0d3a-4c75-9405-18ab76aa0818
Replacing HYPOT neuron 7f328ea8-04b1-48f0-b63f-cb59a924a69b
Replacing HYPOT neuron 9cbb3816-0d3a-4c75-9405-18ab76aa0818
Replacing HYPOT neuron 7f328ea8-04b1-48f0-b63f-cb59a924a69b
Replacing HYPOT neuron 9cbb3816-0d3a-4c75-9405-18ab76aa0818
Replacing HYPOT neuron 7f328ea8-04b1-48f0-b63f-cb59a924a69b
Replacing HYPOT neuron 9cbb3816-0d3a-4c75-9405-18ab76aa0818
Replacing HYPOT neuron 7f328ea8-04b1-48f0-b63f-cb59a924a69b
Replacing HYPOT neuron 9cbb3816-0d3a-4c75-9405-18ab76aa0818
Replacing HYPOT neuron 7f328ea8-04b1-48f0-b63f-cb59a924a69b
Replacing HYPOT neuron 9cbb3816-0d3a-4c75-9405-18ab76aa0818
Replacing HYPOT neuron 7f328ea8-04b1-48f0-b63f-cb59a924a69b
Replacing HYPOT neuron 9cbb3816-0d3a-4c75-9405-18ab76aa0818
Replacing HYPOT neuron 7f328ea8-04b1-48f0-b63f-cb59a924a69b
Replacing HYPOT neuron 9cbb3816-0d3a-4c75-9405-18ab76aa0818
Replacing HYPOT neuron 7f328ea8-04b1-48f0-b63f-cb59a924a69b
Replacing HYPOT neuron 9cbb3816-0d3a-4c75-9405-18ab76aa0818
Training f7ac7b5c with 1 binary file, target error: 0.05, iterations: 1, sample rate: 100%, sparse: 100%
Fine tuning increased fitness by 1.0116440773977331e-7 to 0.8056251734849762 adjusted 1 weight 
Replacing HYPOT neuron 7f328ea8-04b1-48f0-b63f-cb59a924a69b
Replacing HYPOT neuron 9cbb3816-0d3a-4c75-9405-18ab76aa0818
Replacing HYPOT neuron 7f328ea8-04b1-48f0-b63f-cb59a924a69b
Replacing HYPOT neuron 9cbb3816-0d3a-4c75-9405-18ab76aa0818
Replacing HYPOT neuron 7f328ea8-04b1-48f0-b63f-cb59a924a69b
Replacing HYPOT neuron 9cbb3816-0d3a-4c75-9405-18ab76aa0818
Replacing HYPOT neuron 7f328ea8-04b1-48f0-b63f-cb59a924a69b
Replacing HYPOT neuron 9cbb3816-0d3a-4c75-9405-18ab76aa0818
Replacing HYPOT neuron 7f328ea8-04b1-48f0-b63f-cb59a924a69b
Replacing HYPOT neuron 9cbb3816-0d3a-4c75-9405-18ab76aa0818
Replacing HYPOT neuron 7f328ea8-04b1-48f0-b63f-cb59a924a69b
Replacing HYPOT neuron 9cbb3816-0d3a-4c75-9405-18ab76aa0818
Replacing HYPOT neuron 7f328ea8-04b1-48f0-b63f-cb59a924a69b
Replacing HYPOT neuron 9cbb3816-0d3a-4c75-9405-18ab76aa0818
Replacing HYPOT neuron 7f328ea8-04b1-48f0-b63f-cb59a924a69b
Replacing HYPOT neuron 9cbb3816-0d3a-4c75-9405-18ab76aa0818
Replacing HYPOT neuron 7f328ea8-04b1-48f0-b63f-cb59a924a69b
Replacing HYPOT neuron 9cbb3816-0d3a-4c75-9405-18ab76aa0818
Replacing HYPOT neuron 7f328ea8-04b1-48f0-b63f-cb59a924a69b
Replacing HYPOT neuron 9cbb3816-0d3a-4c75-9405-18ab76aa0818
Replacing HYPOT neuron 7f328ea8-04b1-48f0-b63f-cb59a924a69b
Replacing HYPOT neuron 9cbb3816-0d3a-4c75-9405-18ab76aa0818
Replacing HYPOT neuron 7f328ea8-04b1-48f0-b63f-cb59a924a69b
Replacing HYPOT neuron 9cbb3816-0d3a-4c75-9405-18ab76aa0818
Replacing HYPOT neuron 7f328ea8-04b1-48f0-b63f-cb59a924a69b
Replacing HYPOT neuron 9cbb3816-0d3a-4c75-9405-18ab76aa0818
Replacing HYPOT neuron 7f328ea8-04b1-48f0-b63f-cb59a924a69b
Replacing HYPOT neuron 9cbb3816-0d3a-4c75-9405-18ab76aa0818
Replacing HYPOT neuron 7f328ea8-04b1-48f0-b63f-cb59a924a69b
Replacing HYPOT neuron 9cbb3816-0d3a-4c75-9405-18ab76aa0818
Replacing HYPOT neuron 7f328ea8-04b1-48f0-b63f-cb59a924a69b
Replacing HYPOT neuron 9cbb3816-0d3a-4c75-9405-18ab76aa0818
Replacing HYPOT neuron 7f328ea8-04b1-48f0-b63f-cb59a924a69b
Replacing HYPOT neuron 9cbb3816-0d3a-4c75-9405-18ab76aa0818
Replacing HYPOT neuron 7f328ea8-04b1-48f0-b63f-cb59a924a69b
Replacing HYPOT neuron 9cbb3816-0d3a-4c75-9405-18ab76aa0818
Replacing HYPOT neuron 7f328ea8-04b1-48f0-b63f-cb59a924a69b
Replacing HYPOT neuron 9cbb3816-0d3a-4c75-9405-18ab76aa0818
Replacing HYPOT neuron 7f328ea8-04b1-48f0-b63f-cb59a924a69b
Replacing HYPOT neuron 9cbb3816-0d3a-4c75-9405-18ab76aa0818
Replacing HYPOT neuron 7f328ea8-04b1-48f0-b63f-cb59a924a69b
Replacing HYPOT neuron 9cbb3816-0d3a-4c75-9405-18ab76aa0818
Replacing HYPOT neuron 7f328ea8-04b1-48f0-b63f-cb59a924a69b
Replacing HYPOT neuron 9cbb3816-0d3a-4c75-9405-18ab76aa0818
Replacing HYPOT neuron 7f328ea8-04b1-48f0-b63f-cb59a924a69b
Replacing HYPOT neuron 9cbb3816-0d3a-4c75-9405-18ab76aa0818
Replacing HYPOT neuron 7f328ea8-04b1-48f0-b63f-cb59a924a69b
Replacing HYPOT neuron 9cbb3816-0d3a-4c75-9405-18ab76aa0818
Replacing HYPOT neuron 7f328ea8-04b1-48f0-b63f-cb59a924a69b
Replacing HYPOT neuron 9cbb3816-0d3a-4c75-9405-18ab76aa0818
Replacing HYPOT neuron 7f328ea8-04b1-48f0-b63f-cb59a924a69b
Replacing HYPOT neuron 9cbb3816-0d3a-4c75-9405-18ab76aa0818
Replacing HYPOT neuron 7f328ea8-04b1-48f0-b63f-cb59a924a69b
Replacing HYPOT neuron 9cbb3816-0d3a-4c75-9405-18ab76aa0818
Replacing HYPOT neuron 7f328ea8-04b1-48f0-b63f-cb59a924a69b
Replacing HYPOT neuron 9cbb3816-0d3a-4c75-9405-18ab76aa0818
Replacing HYPOT neuron 7f328ea8-04b1-48f0-b63f-cb59a924a69b
Replacing HYPOT neuron 9cbb3816-0d3a-4c75-9405-18ab76aa0818
Replacing HYPOT neuron 7f328ea8-04b1-48f0-b63f-cb59a924a69b
Replacing HYPOT neuron 9cbb3816-0d3a-4c75-9405-18ab76aa0818
Replacing HYPOT neuron 7f328ea8-04b1-48f0-b63f-cb59a924a69b
Replacing HYPOT neuron 9cbb3816-0d3a-4c75-9405-18ab76aa0818
Replacing HYPOT neuron 7f328ea8-04b1-48f0-b63f-cb59a924a69b
Replacing HYPOT neuron 9cbb3816-0d3a-4c75-9405-18ab76aa0818
Fine tuning increased fitness by 1.3391698294729082e-7 to 0.8056253074019591 adjusted 1 weight 
Replacing HYPOT neuron 7f328ea8-04b1-48f0-b63f-cb59a924a69b
Replacing HYPOT neuron 9cbb3816-0d3a-4c75-9405-18ab76aa0818
Replacing HYPOT neuron 7f328ea8-04b1-48f0-b63f-cb59a924a69b
Replacing HYPOT neuron 9cbb3816-0d3a-4c75-9405-18ab76aa0818
Replacing HYPOT neuron 7f328ea8-04b1-48f0-b63f-cb59a924a69b
Replacing HYPOT neuron 9cbb3816-0d3a-4c75-9405-18ab76aa0818
Replacing HYPOT neuron 7f328ea8-04b1-48f0-b63f-cb59a924a69b
Replacing HYPOT neuron 9cbb3816-0d3a-4c75-9405-18ab76aa0818
Replacing HYPOT neuron 7f328ea8-04b1-48f0-b63f-cb59a924a69b
Replacing HYPOT neuron 9cbb3816-0d3a-4c75-9405-18ab76aa0818
Replacing HYPOT neuron 7f328ea8-04b1-48f0-b63f-cb59a924a69b
Replacing HYPOT neuron 9cbb3816-0d3a-4c75-9405-18ab76aa0818
Replacing HYPOT neuron 7f328ea8-04b1-48f0-b63f-cb59a924a69b
Replacing HYPOT neuron 9cbb3816-0d3a-4c75-9405-18ab76aa0818
Replacing HYPOT neuron 7f328ea8-04b1-48f0-b63f-cb59a924a69b
Replacing HYPOT neuron 9cbb3816-0d3a-4c75-9405-18ab76aa0818
Replacing HYPOT neuron 7f328ea8-04b1-48f0-b63f-cb59a924a69b
Replacing HYPOT neuron 9cbb3816-0d3a-4c75-9405-18ab76aa0818
Replacing HYPOT neuron 7f328ea8-04b1-48f0-b63f-cb59a924a69b
Replacing HYPOT neuron 9cbb3816-0d3a-4c75-9405-18ab76aa0818
Replacing HYPOT neuron 7f328ea8-04b1-48f0-b63f-cb59a924a69b
Replacing HYPOT neuron 9cbb3816-0d3a-4c75-9405-18ab76aa0818
Replacing HYPOT neuron 7f328ea8-04b1-48f0-b63f-cb59a924a69b
Replacing HYPOT neuron 9cbb3816-0d3a-4c75-9405-18ab76aa0818
Replacing HYPOT neuron 7f328ea8-04b1-48f0-b63f-cb59a924a69b
Replacing HYPOT neuron 9cbb3816-0d3a-4c75-9405-18ab76aa0818
Replacing HYPOT neuron 7f328ea8-04b1-48f0-b63f-cb59a924a69b
Replacing HYPOT neuron 9cbb3816-0d3a-4c75-9405-18ab76aa0818
Replacing HYPOT neuron 7f328ea8-04b1-48f0-b63f-cb59a924a69b
Replacing HYPOT neuron 9cbb3816-0d3a-4c75-9405-18ab76aa0818
Replacing HYPOT neuron 7f328ea8-04b1-48f0-b63f-cb59a924a69b
Replacing HYPOT neuron 9cbb3816-0d3a-4c75-9405-18ab76aa0818
Replacing HYPOT neuron 7f328ea8-04b1-48f0-b63f-cb59a924a69b
Replacing HYPOT neuron 9cbb3816-0d3a-4c75-9405-18ab76aa0818
Replacing HYPOT neuron 7f328ea8-04b1-48f0-b63f-cb59a924a69b
Replacing HYPOT neuron 9cbb3816-0d3a-4c75-9405-18ab76aa0818
Replacing HYPOT neuron 7f328ea8-04b1-48f0-b63f-cb59a924a69b
Replacing HYPOT neuron 9cbb3816-0d3a-4c75-9405-18ab76aa0818
Replacing HYPOT neuron 7f328ea8-04b1-48f0-b63f-cb59a924a69b
Replacing HYPOT neuron 9cbb3816-0d3a-4c75-9405-18ab76aa0818
Replacing HYPOT neuron 7f328ea8-04b1-48f0-b63f-cb59a924a69b
Replacing HYPOT neuron 9cbb3816-0d3a-4c75-9405-18ab76aa0818
Replacing HYPOT neuron 7f328ea8-04b1-48f0-b63f-cb59a924a69b
Replacing HYPOT neuron 9cbb3816-0d3a-4c75-9405-18ab76aa0818
Replacing HYPOT neuron 7f328ea8-04b1-48f0-b63f-cb59a924a69b
Replacing HYPOT neuron 9cbb3816-0d3a-4c75-9405-18ab76aa0818
Replacing HYPOT neuron 7f328ea8-04b1-48f0-b63f-cb59a924a69b
Replacing HYPOT neuron 9cbb3816-0d3a-4c75-9405-18ab76aa0818
Replacing HYPOT neuron 7f328ea8-04b1-48f0-b63f-cb59a924a69b
Replacing HYPOT neuron 9cbb3816-0d3a-4c75-9405-18ab76aa0818
Replacing HYPOT neuron 7f328ea8-04b1-48f0-b63f-cb59a924a69b
Replacing HYPOT neuron 9cbb3816-0d3a-4c75-9405-18ab76aa0818
Replacing HYPOT neuron 7f328ea8-04b1-48f0-b63f-cb59a924a69b
Replacing HYPOT neuron 9cbb3816-0d3a-4c75-9405-18ab76aa0818
Replacing HYPOT neuron 7f328ea8-04b1-48f0-b63f-cb59a924a69b
Replacing HYPOT neuron 9cbb3816-0d3a-4c75-9405-18ab76aa0818
Replacing HYPOT neuron 7f328ea8-04b1-48f0-b63f-cb59a924a69b
Replacing HYPOT neuron 9cbb3816-0d3a-4c75-9405-18ab76aa0818
Replacing HYPOT neuron 7f328ea8-04b1-48f0-b63f-cb59a924a69b
Replacing HYPOT neuron 9cbb3816-0d3a-4c75-9405-18ab76aa0818
Replacing HYPOT neuron 7f328ea8-04b1-48f0-b63f-cb59a924a69b
Replacing HYPOT neuron 9cbb3816-0d3a-4c75-9405-18ab76aa0818
Replacing HYPOT neuron 7f328ea8-04b1-48f0-b63f-cb59a924a69b
Replacing HYPOT neuron 9cbb3816-0d3a-4c75-9405-18ab76aa0818
Replacing HYPOT neuron 7f328ea8-04b1-48f0-b63f-cb59a924a69b
Replacing HYPOT neuron 9cbb3816-0d3a-4c75-9405-18ab76aa0818
Replacing HYPOT neuron 7f328ea8-04b1-48f0-b63f-cb59a924a69b
Replacing HYPOT neuron 9cbb3816-0d3a-4c75-9405-18ab76aa0818
Replacing HYPOT neuron 7f328ea8-04b1-48f0-b63f-cb59a924a69b
Replacing HYPOT neuron 9cbb3816-0d3a-4c75-9405-18ab76aa0818
Replacing HYPOT neuron 7f328ea8-04b1-48f0-b63f-cb59a924a69b
Replacing HYPOT neuron 9cbb3816-0d3a-4c75-9405-18ab76aa0818
Replacing HYPOT neuron 7f328ea8-04b1-48f0-b63f-cb59a924a69b
Replacing HYPOT neuron 9cbb3816-0d3a-4c75-9405-18ab76aa0818
Replacing HYPOT neuron 7f328ea8-04b1-48f0-b63f-cb59a924a69b
Replacing HYPOT neuron 9cbb3816-0d3a-4c75-9405-18ab76aa0818
Replacing HYPOT neuron 7f328ea8-04b1-48f0-b63f-cb59a924a69b
Replacing HYPOT neuron 9cbb3816-0d3a-4c75-9405-18ab76aa0818
Replacing HYPOT neuron 7f328ea8-04b1-48f0-b63f-cb59a924a69b
Replacing HYPOT neuron 9cbb3816-0d3a-4c75-9405-18ab76aa0818
Replacing HYPOT neuron 7f328ea8-04b1-48f0-b63f-cb59a924a69b
Replacing HYPOT neuron 9cbb3816-0d3a-4c75-9405-18ab76aa0818
Replacing HYPOT neuron 7f328ea8-04b1-48f0-b63f-cb59a924a69b
Replacing HYPOT neuron 9cbb3816-0d3a-4c75-9405-18ab76aa0818
Replacing HYPOT neuron 7f328ea8-04b1-48f0-b63f-cb59a924a69b
Replacing HYPOT neuron 9cbb3816-0d3a-4c75-9405-18ab76aa0818
Replacing HYPOT neuron 7f328ea8-04b1-48f0-b63f-cb59a924a69b
Replacing HYPOT neuron 9cbb3816-0d3a-4c75-9405-18ab76aa0818
Replacing HYPOT neuron 7f328ea8-04b1-48f0-b63f-cb59a924a69b
Replacing HYPOT neuron 9cbb3816-0d3a-4c75-9405-18ab76aa0818
Replacing HYPOT neuron 7f328ea8-04b1-48f0-b63f-cb59a924a69b
Replacing HYPOT neuron 9cbb3816-0d3a-4c75-9405-18ab76aa0818
Replacing HYPOT neuron 7f328ea8-04b1-48f0-b63f-cb59a924a69b
Replacing HYPOT neuron 9cbb3816-0d3a-4c75-9405-18ab76aa0818
Replacing HYPOT neuron 7f328ea8-04b1-48f0-b63f-cb59a924a69b
Replacing HYPOT neuron 9cbb3816-0d3a-4c75-9405-18ab76aa0818
Replacing HYPOT neuron 7f328ea8-04b1-48f0-b63f-cb59a924a69b
Replacing HYPOT neuron 9cbb3816-0d3a-4c75-9405-18ab76aa0818
Replacing HYPOT neuron 7f328ea8-04b1-48f0-b63f-cb59a924a69b
Replacing HYPOT neuron 9cbb3816-0d3a-4c75-9405-18ab76aa0818
Replacing HYPOT neuron 7f328ea8-04b1-48f0-b63f-cb59a924a69b
Replacing HYPOT neuron 9cbb3816-0d3a-4c75-9405-18ab76aa0818
Replacing HYPOT neuron 7f328ea8-04b1-48f0-b63f-cb59a924a69b
Replacing HYPOT neuron 9cbb3816-0d3a-4c75-9405-18ab76aa0818
Replacing HYPOT neuron 7f328ea8-04b1-48f0-b63f-cb59a924a69b
Replacing HYPOT neuron 9cbb3816-0d3a-4c75-9405-18ab76aa0818
Replacing HYPOT neuron 7f328ea8-04b1-48f0-b63f-cb59a924a69b
Replacing HYPOT neuron 9cbb3816-0d3a-4c75-9405-18ab76aa0818
Replacing HYPOT neuron 7f328ea8-04b1-48f0-b63f-cb59a924a69b
Replacing HYPOT neuron 9cbb3816-0d3a-4c75-9405-18ab76aa0818
Replacing HYPOT neuron 7f328ea8-04b1-48f0-b63f-cb59a924a69b
Replacing HYPOT neuron 9cbb3816-0d3a-4c75-9405-18ab76aa0818
Replacing HYPOT neuron 7f328ea8-04b1-48f0-b63f-cb59a924a69b
Replacing HYPOT neuron 9cbb3816-0d3a-4c75-9405-18ab76aa0818
Replacing HYPOT neuron 7f328ea8-04b1-48f0-b63f-cb59a924a69b
Replacing HYPOT neuron 9cbb3816-0d3a-4c75-9405-18ab76aa0818
Replacing HYPOT neuron 7f328ea8-04b1-48f0-b63f-cb59a924a69b
Replacing HYPOT neuron 9cbb3816-0d3a-4c75-9405-18ab76aa0818
Replacing HYPOT neuron 7f328ea8-04b1-48f0-b63f-cb59a924a69b
Replacing HYPOT neuron 9cbb3816-0d3a-4c75-9405-18ab76aa0818
Replacing HYPOT neuron 7f328ea8-04b1-48f0-b63f-cb59a924a69b
Replacing HYPOT neuron 9cbb3816-0d3a-4c75-9405-18ab76aa0818
Replacing HYPOT neuron 7f328ea8-04b1-48f0-b63f-cb59a924a69b
Replacing HYPOT neuron 9cbb3816-0d3a-4c75-9405-18ab76aa0818
Fine tuning increased fitness by 2.0435057324075245e-7 to 0.8056255117525324 adjusted 1 weight 
Replacing HYPOT neuron 7f328ea8-04b1-48f0-b63f-cb59a924a69b
Replacing HYPOT neuron 9cbb3816-0d3a-4c75-9405-18ab76aa0818
Replacing HYPOT neuron 7f328ea8-04b1-48f0-b63f-cb59a924a69b
Replacing HYPOT neuron 9cbb3816-0d3a-4c75-9405-18ab76aa0818
Replacing HYPOT neuron 7f328ea8-04b1-48f0-b63f-cb59a924a69b
Replacing HYPOT neuron 9cbb3816-0d3a-4c75-9405-18ab76aa0818
Replacing HYPOT neuron 7f328ea8-04b1-48f0-b63f-cb59a924a69b
Replacing HYPOT neuron 9cbb3816-0d3a-4c75-9405-18ab76aa0818
Replacing HYPOT neuron 7f328ea8-04b1-48f0-b63f-cb59a924a69b
Replacing HYPOT neuron 9cbb3816-0d3a-4c75-9405-18ab76aa0818
Replacing HYPOT neuron 7f328ea8-04b1-48f0-b63f-cb59a924a69b
Replacing HYPOT neuron 9cbb3816-0d3a-4c75-9405-18ab76aa0818
Replacing HYPOT neuron 7f328ea8-04b1-48f0-b63f-cb59a924a69b
Replacing HYPOT neuron 9cbb3816-0d3a-4c75-9405-18ab76aa0818
Replacing HYPOT neuron 7f328ea8-04b1-48f0-b63f-cb59a924a69b
Replacing HYPOT neuron 9cbb3816-0d3a-4c75-9405-18ab76aa0818
Replacing HYPOT neuron 7f328ea8-04b1-48f0-b63f-cb59a924a69b
Replacing HYPOT neuron 9cbb3816-0d3a-4c75-9405-18ab76aa0818
Replacing HYPOT neuron 7f328ea8-04b1-48f0-b63f-cb59a924a69b
Replacing HYPOT neuron 9cbb3816-0d3a-4c75-9405-18ab76aa0818
Replacing HYPOT neuron 7f328ea8-04b1-48f0-b63f-cb59a924a69b
Replacing HYPOT neuron 9cbb3816-0d3a-4c75-9405-18ab76aa0818
Replacing HYPOT neuron 7f328ea8-04b1-48f0-b63f-cb59a924a69b
Replacing HYPOT neuron 9cbb3816-0d3a-4c75-9405-18ab76aa0818
Replacing HYPOT neuron 7f328ea8-04b1-48f0-b63f-cb59a924a69b
Replacing HYPOT neuron 9cbb3816-0d3a-4c75-9405-18ab76aa0818
Replacing HYPOT neuron 7f328ea8-04b1-48f0-b63f-cb59a924a69b
Replacing HYPOT neuron 9cbb3816-0d3a-4c75-9405-18ab76aa0818
Replacing HYPOT neuron 7f328ea8-04b1-48f0-b63f-cb59a924a69b
Replacing HYPOT neuron 9cbb3816-0d3a-4c75-9405-18ab76aa0818
Replacing HYPOT neuron 7f328ea8-04b1-48f0-b63f-cb59a924a69b
Replacing HYPOT neuron 9cbb3816-0d3a-4c75-9405-18ab76aa0818
Replacing HYPOT neuron 7f328ea8-04b1-48f0-b63f-cb59a924a69b
Replacing HYPOT neuron 9cbb3816-0d3a-4c75-9405-18ab76aa0818
Replacing HYPOT neuron 7f328ea8-04b1-48f0-b63f-cb59a924a69b
Replacing HYPOT neuron 9cbb3816-0d3a-4c75-9405-18ab76aa0818
Replacing HYPOT neuron 7f328ea8-04b1-48f0-b63f-cb59a924a69b
Replacing HYPOT neuron 9cbb3816-0d3a-4c75-9405-18ab76aa0818
Replacing HYPOT neuron 7f328ea8-04b1-48f0-b63f-cb59a924a69b
Replacing HYPOT neuron 9cbb3816-0d3a-4c75-9405-18ab76aa0818
Replacing HYPOT neuron 7f328ea8-04b1-48f0-b63f-cb59a924a69b
Replacing HYPOT neuron 9cbb3816-0d3a-4c75-9405-18ab76aa0818
Replacing HYPOT neuron 7f328ea8-04b1-48f0-b63f-cb59a924a69b
Replacing HYPOT neuron 9cbb3816-0d3a-4c75-9405-18ab76aa0818
Replacing HYPOT neuron 7f328ea8-04b1-48f0-b63f-cb59a924a69b
Replacing HYPOT neuron 9cbb3816-0d3a-4c75-9405-18ab76aa0818
Replacing HYPOT neuron 7f328ea8-04b1-48f0-b63f-cb59a924a69b
Replacing HYPOT neuron 9cbb3816-0d3a-4c75-9405-18ab76aa0818
Replacing HYPOT neuron 7f328ea8-04b1-48f0-b63f-cb59a924a69b
Replacing HYPOT neuron 9cbb3816-0d3a-4c75-9405-18ab76aa0818
Replacing HYPOT neuron 7f328ea8-04b1-48f0-b63f-cb59a924a69b
Replacing HYPOT neuron 9cbb3816-0d3a-4c75-9405-18ab76aa0818
Replacing HYPOT neuron 7f328ea8-04b1-48f0-b63f-cb59a924a69b
Replacing HYPOT neuron 9cbb3816-0d3a-4c75-9405-18ab76aa0818
Replacing HYPOT neuron 7f328ea8-04b1-48f0-b63f-cb59a924a69b
Replacing HYPOT neuron 9cbb3816-0d3a-4c75-9405-18ab76aa0818
Replacing HYPOT neuron 7f328ea8-04b1-48f0-b63f-cb59a924a69b
Replacing HYPOT neuron 9cbb3816-0d3a-4c75-9405-18ab76aa0818
Replacing HYPOT neuron 7f328ea8-04b1-48f0-b63f-cb59a924a69b
Replacing HYPOT neuron 9cbb3816-0d3a-4c75-9405-18ab76aa0818
Training df58b42c with 1 binary file, target error: 0.05, iterations: 1, sample rate: 100%, sparse: 100%
Fine tuning increased fitness by 3.510560494524029e-7 to 0.8056258628085818 adjusted 1 weight 
Replacing HYPOT neuron 7f328ea8-04b1-48f0-b63f-cb59a924a69b
Replacing HYPOT neuron 9cbb3816-0d3a-4c75-9405-18ab76aa0818
Replacing HYPOT neuron 7f328ea8-04b1-48f0-b63f-cb59a924a69b
Replacing HYPOT neuron 9cbb3816-0d3a-4c75-9405-18ab76aa0818
Replacing HYPOT neuron 7f328ea8-04b1-48f0-b63f-cb59a924a69b
Replacing HYPOT neuron 9cbb3816-0d3a-4c75-9405-18ab76aa0818
Replacing HYPOT neuron 7f328ea8-04b1-48f0-b63f-cb59a924a69b
Replacing HYPOT neuron 9cbb3816-0d3a-4c75-9405-18ab76aa0818
Replacing HYPOT neuron 7f328ea8-04b1-48f0-b63f-cb59a924a69b
Replacing HYPOT neuron 9cbb3816-0d3a-4c75-9405-18ab76aa0818
Replacing HYPOT neuron 7f328ea8-04b1-48f0-b63f-cb59a924a69b
Replacing HYPOT neuron 9cbb3816-0d3a-4c75-9405-18ab76aa0818
Replacing HYPOT neuron 7f328ea8-04b1-48f0-b63f-cb59a924a69b
Replacing HYPOT neuron 9cbb3816-0d3a-4c75-9405-18ab76aa0818
Replacing HYPOT neuron 7f328ea8-04b1-48f0-b63f-cb59a924a69b
Replacing HYPOT neuron 9cbb3816-0d3a-4c75-9405-18ab76aa0818
Replacing HYPOT neuron 7f328ea8-04b1-48f0-b63f-cb59a924a69b
Replacing HYPOT neuron 9cbb3816-0d3a-4c75-9405-18ab76aa0818
Replacing HYPOT neuron 7f328ea8-04b1-48f0-b63f-cb59a924a69b
Replacing HYPOT neuron 9cbb3816-0d3a-4c75-9405-18ab76aa0818
Replacing HYPOT neuron 7f328ea8-04b1-48f0-b63f-cb59a924a69b
Replacing HYPOT neuron 9cbb3816-0d3a-4c75-9405-18ab76aa0818
Replacing HYPOT neuron 7f328ea8-04b1-48f0-b63f-cb59a924a69b
Replacing HYPOT neuron 9cbb3816-0d3a-4c75-9405-18ab76aa0818
Replacing HYPOT neuron 7f328ea8-04b1-48f0-b63f-cb59a924a69b
Replacing HYPOT neuron 9cbb3816-0d3a-4c75-9405-18ab76aa0818
Replacing HYPOT neuron 7f328ea8-04b1-48f0-b63f-cb59a924a69b
Replacing HYPOT neuron 9cbb3816-0d3a-4c75-9405-18ab76aa0818
Replacing HYPOT neuron 7f328ea8-04b1-48f0-b63f-cb59a924a69b
Replacing HYPOT neuron 9cbb3816-0d3a-4c75-9405-18ab76aa0818
Replacing HYPOT neuron 7f328ea8-04b1-48f0-b63f-cb59a924a69b
Replacing HYPOT neuron 9cbb3816-0d3a-4c75-9405-18ab76aa0818
Replacing HYPOT neuron 7f328ea8-04b1-48f0-b63f-cb59a924a69b
Replacing HYPOT neuron 9cbb3816-0d3a-4c75-9405-18ab76aa0818
Replacing HYPOT neuron 7f328ea8-04b1-48f0-b63f-cb59a924a69b
Replacing HYPOT neuron 9cbb3816-0d3a-4c75-9405-18ab76aa0818
Replacing HYPOT neuron 7f328ea8-04b1-48f0-b63f-cb59a924a69b
Replacing HYPOT neuron 9cbb3816-0d3a-4c75-9405-18ab76aa0818
Replacing HYPOT neuron 7f328ea8-04b1-48f0-b63f-cb59a924a69b
Replacing HYPOT neuron 9cbb3816-0d3a-4c75-9405-18ab76aa0818
Replacing HYPOT neuron 7f328ea8-04b1-48f0-b63f-cb59a924a69b
Replacing HYPOT neuron 9cbb3816-0d3a-4c75-9405-18ab76aa0818
Replacing HYPOT neuron 7f328ea8-04b1-48f0-b63f-cb59a924a69b
Replacing HYPOT neuron 9cbb3816-0d3a-4c75-9405-18ab76aa0818
Replacing HYPOT neuron 7f328ea8-04b1-48f0-b63f-cb59a924a69b
Replacing HYPOT neuron 9cbb3816-0d3a-4c75-9405-18ab76aa0818
Replacing HYPOT neuron 7f328ea8-04b1-48f0-b63f-cb59a924a69b
Replacing HYPOT neuron 9cbb3816-0d3a-4c75-9405-18ab76aa0818
Replacing HYPOT neuron 7f328ea8-04b1-48f0-b63f-cb59a924a69b
Replacing HYPOT neuron 9cbb3816-0d3a-4c75-9405-18ab76aa0818
Replacing HYPOT neuron 7f328ea8-04b1-48f0-b63f-cb59a924a69b
Replacing HYPOT neuron 9cbb3816-0d3a-4c75-9405-18ab76aa0818
Replacing HYPOT neuron 7f328ea8-04b1-48f0-b63f-cb59a924a69b
Replacing HYPOT neuron 9cbb3816-0d3a-4c75-9405-18ab76aa0818
Replacing HYPOT neuron 7f328ea8-04b1-48f0-b63f-cb59a924a69b
Replacing HYPOT neuron 9cbb3816-0d3a-4c75-9405-18ab76aa0818
Replacing HYPOT neuron 7f328ea8-04b1-48f0-b63f-cb59a924a69b
Replacing HYPOT neuron 9cbb3816-0d3a-4c75-9405-18ab76aa0818
Replacing HYPOT neuron 7f328ea8-04b1-48f0-b63f-cb59a924a69b
Replacing HYPOT neuron 9cbb3816-0d3a-4c75-9405-18ab76aa0818
Replacing HYPOT neuron 7f328ea8-04b1-48f0-b63f-cb59a924a69b
Replacing HYPOT neuron 9cbb3816-0d3a-4c75-9405-18ab76aa0818
Replacing HYPOT neuron 7f328ea8-04b1-48f0-b63f-cb59a924a69b
Replacing HYPOT neuron 9cbb3816-0d3a-4c75-9405-18ab76aa0818
Replacing HYPOT neuron 7f328ea8-04b1-48f0-b63f-cb59a924a69b
Replacing HYPOT neuron 9cbb3816-0d3a-4c75-9405-18ab76aa0818
Replacing HYPOT neuron 7f328ea8-04b1-48f0-b63f-cb59a924a69b
Replacing HYPOT neuron 9cbb3816-0d3a-4c75-9405-18ab76aa0818
Replacing HYPOT neuron 7f328ea8-04b1-48f0-b63f-cb59a924a69b
Replacing HYPOT neuron 9cbb3816-0d3a-4c75-9405-18ab76aa0818
Replacing HYPOT neuron 7f328ea8-04b1-48f0-b63f-cb59a924a69b
Replacing HYPOT neuron 9cbb3816-0d3a-4c75-9405-18ab76aa0818
Replacing HYPOT neuron 7f328ea8-04b1-48f0-b63f-cb59a924a69b
Replacing HYPOT neuron 9cbb3816-0d3a-4c75-9405-18ab76aa0818
Replacing HYPOT neuron 7f328ea8-04b1-48f0-b63f-cb59a924a69b
Replacing HYPOT neuron 9cbb3816-0d3a-4c75-9405-18ab76aa0818
Replacing HYPOT neuron 7f328ea8-04b1-48f0-b63f-cb59a924a69b
Replacing HYPOT neuron 9cbb3816-0d3a-4c75-9405-18ab76aa0818
Replacing HYPOT neuron 7f328ea8-04b1-48f0-b63f-cb59a924a69b
Replacing HYPOT neuron 9cbb3816-0d3a-4c75-9405-18ab76aa0818
Replacing HYPOT neuron 7f328ea8-04b1-48f0-b63f-cb59a924a69b
Replacing HYPOT neuron 9cbb3816-0d3a-4c75-9405-18ab76aa0818
Replacing HYPOT neuron 7f328ea8-04b1-48f0-b63f-cb59a924a69b
Replacing HYPOT neuron 9cbb3816-0d3a-4c75-9405-18ab76aa0818
Replacing HYPOT neuron 7f328ea8-04b1-48f0-b63f-cb59a924a69b
Replacing HYPOT neuron 9cbb3816-0d3a-4c75-9405-18ab76aa0818
Replacing HYPOT neuron 7f328ea8-04b1-48f0-b63f-cb59a924a69b
Replacing HYPOT neuron 9cbb3816-0d3a-4c75-9405-18ab76aa0818
Replacing HYPOT neuron 7f328ea8-04b1-48f0-b63f-cb59a924a69b
Replacing HYPOT neuron 9cbb3816-0d3a-4c75-9405-18ab76aa0818
Replacing HYPOT neuron 7f328ea8-04b1-48f0-b63f-cb59a924a69b
Replacing HYPOT neuron 9cbb3816-0d3a-4c75-9405-18ab76aa0818
Replacing HYPOT neuron 7f328ea8-04b1-48f0-b63f-cb59a924a69b
Replacing HYPOT neuron 9cbb3816-0d3a-4c75-9405-18ab76aa0818
Replacing HYPOT neuron 7f328ea8-04b1-48f0-b63f-cb59a924a69b
Replacing HYPOT neuron 9cbb3816-0d3a-4c75-9405-18ab76aa0818
Replacing HYPOT neuron 7f328ea8-04b1-48f0-b63f-cb59a924a69b
Replacing HYPOT neuron 9cbb3816-0d3a-4c75-9405-18ab76aa0818
Replacing HYPOT neuron 7f328ea8-04b1-48f0-b63f-cb59a924a69b
Replacing HYPOT neuron 9cbb3816-0d3a-4c75-9405-18ab76aa0818
Replacing HYPOT neuron 7f328ea8-04b1-48f0-b63f-cb59a924a69b
Replacing HYPOT neuron 9cbb3816-0d3a-4c75-9405-18ab76aa0818
Replacing HYPOT neuron 7f328ea8-04b1-48f0-b63f-cb59a924a69b
Replacing HYPOT neuron 9cbb3816-0d3a-4c75-9405-18ab76aa0818
Replacing HYPOT neuron 7f328ea8-04b1-48f0-b63f-cb59a924a69b
Replacing HYPOT neuron 9cbb3816-0d3a-4c75-9405-18ab76aa0818
Replacing HYPOT neuron 7f328ea8-04b1-48f0-b63f-cb59a924a69b
Replacing HYPOT neuron 9cbb3816-0d3a-4c75-9405-18ab76aa0818
Replacing HYPOT neuron 7f328ea8-04b1-48f0-b63f-cb59a924a69b
Replacing HYPOT neuron 9cbb3816-0d3a-4c75-9405-18ab76aa0818
Replacing HYPOT neuron 7f328ea8-04b1-48f0-b63f-cb59a924a69b
Replacing HYPOT neuron 9cbb3816-0d3a-4c75-9405-18ab76aa0818
Replacing HYPOT neuron 7f328ea8-04b1-48f0-b63f-cb59a924a69b
Replacing HYPOT neuron 9cbb3816-0d3a-4c75-9405-18ab76aa0818
Replacing HYPOT neuron 7f328ea8-04b1-48f0-b63f-cb59a924a69b
Replacing HYPOT neuron 9cbb3816-0d3a-4c75-9405-18ab76aa0818
Replacing HYPOT neuron 7f328ea8-04b1-48f0-b63f-cb59a924a69b
Replacing HYPOT neuron 9cbb3816-0d3a-4c75-9405-18ab76aa0818
Replacing HYPOT neuron 7f328ea8-04b1-48f0-b63f-cb59a924a69b
Replacing HYPOT neuron 9cbb3816-0d3a-4c75-9405-18ab76aa0818
Replacing HYPOT neuron 7f328ea8-04b1-48f0-b63f-cb59a924a69b
Replacing HYPOT neuron 9cbb3816-0d3a-4c75-9405-18ab76aa0818
Replacing HYPOT neuron 7f328ea8-04b1-48f0-b63f-cb59a924a69b
Replacing HYPOT neuron 9cbb3816-0d3a-4c75-9405-18ab76aa0818
Fine tuning increased fitness by 5.915875027628914e-7 to 0.8056264543960846 adjusted 1 weight 
Replacing HYPOT neuron 7f328ea8-04b1-48f0-b63f-cb59a924a69b
Replacing HYPOT neuron 9cbb3816-0d3a-4c75-9405-18ab76aa0818
Replacing HYPOT neuron 7f328ea8-04b1-48f0-b63f-cb59a924a69b
Replacing HYPOT neuron 9cbb3816-0d3a-4c75-9405-18ab76aa0818
Replacing HYPOT neuron 7f328ea8-04b1-48f0-b63f-cb59a924a69b
Replacing HYPOT neuron 9cbb3816-0d3a-4c75-9405-18ab76aa0818
Replacing HYPOT neuron 7f328ea8-04b1-48f0-b63f-cb59a924a69b
Replacing HYPOT neuron 9cbb3816-0d3a-4c75-9405-18ab76aa0818
Replacing HYPOT neuron 7f328ea8-04b1-48f0-b63f-cb59a924a69b
Replacing HYPOT neuron 9cbb3816-0d3a-4c75-9405-18ab76aa0818
Replacing HYPOT neuron 7f328ea8-04b1-48f0-b63f-cb59a924a69b
Replacing HYPOT neuron 9cbb3816-0d3a-4c75-9405-18ab76aa0818
Replacing HYPOT neuron 7f328ea8-04b1-48f0-b63f-cb59a924a69b
Replacing HYPOT neuron 9cbb3816-0d3a-4c75-9405-18ab76aa0818
Replacing HYPOT neuron 7f328ea8-04b1-48f0-b63f-cb59a924a69b
Replacing HYPOT neuron 9cbb3816-0d3a-4c75-9405-18ab76aa0818
Replacing HYPOT neuron 7f328ea8-04b1-48f0-b63f-cb59a924a69b
Replacing HYPOT neuron 9cbb3816-0d3a-4c75-9405-18ab76aa0818
Replacing HYPOT neuron 7f328ea8-04b1-48f0-b63f-cb59a924a69b
Replacing HYPOT neuron 9cbb3816-0d3a-4c75-9405-18ab76aa0818
Replacing HYPOT neuron 7f328ea8-04b1-48f0-b63f-cb59a924a69b
Replacing HYPOT neuron 9cbb3816-0d3a-4c75-9405-18ab76aa0818
Replacing HYPOT neuron 7f328ea8-04b1-48f0-b63f-cb59a924a69b
Replacing HYPOT neuron 9cbb3816-0d3a-4c75-9405-18ab76aa0818
Replacing HYPOT neuron 7f328ea8-04b1-48f0-b63f-cb59a924a69b
Replacing HYPOT neuron 9cbb3816-0d3a-4c75-9405-18ab76aa0818
Replacing HYPOT neuron 7f328ea8-04b1-48f0-b63f-cb59a924a69b
Replacing HYPOT neuron 9cbb3816-0d3a-4c75-9405-18ab76aa0818
Replacing HYPOT neuron 7f328ea8-04b1-48f0-b63f-cb59a924a69b
Replacing HYPOT neuron 9cbb3816-0d3a-4c75-9405-18ab76aa0818
Replacing HYPOT neuron 7f328ea8-04b1-48f0-b63f-cb59a924a69b
Replacing HYPOT neuron 9cbb3816-0d3a-4c75-9405-18ab76aa0818
Replacing HYPOT neuron 7f328ea8-04b1-48f0-b63f-cb59a924a69b
Replacing HYPOT neuron 9cbb3816-0d3a-4c75-9405-18ab76aa0818
Replacing HYPOT neuron 7f328ea8-04b1-48f0-b63f-cb59a924a69b
Replacing HYPOT neuron 9cbb3816-0d3a-4c75-9405-18ab76aa0818
Replacing HYPOT neuron 7f328ea8-04b1-48f0-b63f-cb59a924a69b
Replacing HYPOT neuron 9cbb3816-0d3a-4c75-9405-18ab76aa0818
Replacing HYPOT neuron 7f328ea8-04b1-48f0-b63f-cb59a924a69b
Replacing HYPOT neuron 9cbb3816-0d3a-4c75-9405-18ab76aa0818
Replacing HYPOT neuron 7f328ea8-04b1-48f0-b63f-cb59a924a69b
Replacing HYPOT neuron 9cbb3816-0d3a-4c75-9405-18ab76aa0818
Replacing HYPOT neuron 7f328ea8-04b1-48f0-b63f-cb59a924a69b
Replacing HYPOT neuron 9cbb3816-0d3a-4c75-9405-18ab76aa0818
Replacing HYPOT neuron 7f328ea8-04b1-48f0-b63f-cb59a924a69b
Replacing HYPOT neuron 9cbb3816-0d3a-4c75-9405-18ab76aa0818
Replacing HYPOT neuron 7f328ea8-04b1-48f0-b63f-cb59a924a69b
Replacing HYPOT neuron 9cbb3816-0d3a-4c75-9405-18ab76aa0818
Discovered beneficial synapse from input-1312 to 3e4b1c4c-a7be-4d88-984b-c79bbe0910cc with weight -1.0000, helping 50.6% more records than it harms (2883/4613)
Discovery 78fb696d analyze time 20s 629ms found 1 candidates
Replacing HYPOT neuron 7f328ea8-04b1-48f0-b63f-cb59a924a69b
Replacing HYPOT neuron 9cbb3816-0d3a-4c75-9405-18ab76aa0818
Replacing HYPOT neuron 7f328ea8-04b1-48f0-b63f-cb59a924a69b
Replacing HYPOT neuron 9cbb3816-0d3a-4c75-9405-18ab76aa0818
Replacing HYPOT neuron 7f328ea8-04b1-48f0-b63f-cb59a924a69b
Replacing HYPOT neuron 9cbb3816-0d3a-4c75-9405-18ab76aa0818
Replacing HYPOT neuron 7f328ea8-04b1-48f0-b63f-cb59a924a69b
Replacing HYPOT neuron 9cbb3816-0d3a-4c75-9405-18ab76aa0818
Replacing HYPOT neuron 7f328ea8-04b1-48f0-b63f-cb59a924a69b
Replacing HYPOT neuron 9cbb3816-0d3a-4c75-9405-18ab76aa0818
Replacing HYPOT neuron 7f328ea8-04b1-48f0-b63f-cb59a924a69b
Replacing HYPOT neuron 9cbb3816-0d3a-4c75-9405-18ab76aa0818
Replacing HYPOT neuron 7f328ea8-04b1-48f0-b63f-cb59a924a69b
Replacing HYPOT neuron 9cbb3816-0d3a-4c75-9405-18ab76aa0818
Replacing HYPOT neuron 7f328ea8-04b1-48f0-b63f-cb59a924a69b
Replacing HYPOT neuron 9cbb3816-0d3a-4c75-9405-18ab76aa0818
Generation 30 score 0.8056264543960846  error 0.19432246160482286 avg time 4s 153ms
Discovered harmful synapse from input-23 to 3e4b1c4c-a7be-4d88-984b-c79bbe0910cc, harming 49.2% more records than it helps (581/4613)
Discovery 78fb696d analyze harmful time 2s 395ms found 1 candidates
Fine tuning increased fitness by 0.0000015137428255318497 to 0.8056279681389101 adjusted 1 weight 
Replacing HYPOT neuron 7f328ea8-04b1-48f0-b63f-cb59a924a69b
Replacing HYPOT neuron 9cbb3816-0d3a-4c75-9405-18ab76aa0818
Replacing HYPOT neuron 7f328ea8-04b1-48f0-b63f-cb59a924a69b
Replacing HYPOT neuron 9cbb3816-0d3a-4c75-9405-18ab76aa0818
Replacing HYPOT neuron 7f328ea8-04b1-48f0-b63f-cb59a924a69b
Replacing HYPOT neuron 9cbb3816-0d3a-4c75-9405-18ab76aa0818
Replacing HYPOT neuron 7f328ea8-04b1-48f0-b63f-cb59a924a69b
Replacing HYPOT neuron 9cbb3816-0d3a-4c75-9405-18ab76aa0818
Replacing HYPOT neuron 7f328ea8-04b1-48f0-b63f-cb59a924a69b
Replacing HYPOT neuron 9cbb3816-0d3a-4c75-9405-18ab76aa0818
Replacing HYPOT neuron 7f328ea8-04b1-48f0-b63f-cb59a924a69b
Replacing HYPOT neuron 9cbb3816-0d3a-4c75-9405-18ab76aa0818
Replacing HYPOT neuron 7f328ea8-04b1-48f0-b63f-cb59a924a69b
Replacing HYPOT neuron 9cbb3816-0d3a-4c75-9405-18ab76aa0818
Replacing HYPOT neuron 7f328ea8-04b1-48f0-b63f-cb59a924a69b
Replacing HYPOT neuron 9cbb3816-0d3a-4c75-9405-18ab76aa0818
Discovery 78fb696d analyze squashes time 1s 49ms found 1 candidate, Summary: 3e4b1c4c-a7be-4d88-984b-c79bbe0910cc ArcTan -> SQUARE improved: 2.2% error: 3.461650542334403e+21 -> 3.3849179672571465e+21
Replacing HYPOT neuron 7f328ea8-04b1-48f0-b63f-cb59a924a69b
Replacing HYPOT neuron 9cbb3816-0d3a-4c75-9405-18ab76aa0818
Replacing HYPOT neuron 7f328ea8-04b1-48f0-b63f-cb59a924a69b
Replacing HYPOT neuron 9cbb3816-0d3a-4c75-9405-18ab76aa0818
Replacing HYPOT neuron 7f328ea8-04b1-48f0-b63f-cb59a924a69b
Replacing HYPOT neuron 9cbb3816-0d3a-4c75-9405-18ab76aa0818
Replacing HYPOT neuron 7f328ea8-04b1-48f0-b63f-cb59a924a69b
Replacing HYPOT neuron 9cbb3816-0d3a-4c75-9405-18ab76aa0818
Replacing HYPOT neuron 7f328ea8-04b1-48f0-b63f-cb59a924a69b
Replacing HYPOT neuron 9cbb3816-0d3a-4c75-9405-18ab76aa0818
Replacing HYPOT neuron 7f328ea8-04b1-48f0-b63f-cb59a924a69b
Replacing HYPOT neuron 9cbb3816-0d3a-4c75-9405-18ab76aa0818
Replacing HYPOT neuron 7f328ea8-04b1-48f0-b63f-cb59a924a69b
Replacing HYPOT neuron 9cbb3816-0d3a-4c75-9405-18ab76aa0818
Replacing HYPOT neuron 7f328ea8-04b1-48f0-b63f-cb59a924a69b
Replacing HYPOT neuron 9cbb3816-0d3a-4c75-9405-18ab76aa0818
Replacing HYPOT neuron 7f328ea8-04b1-48f0-b63f-cb59a924a69b
Replacing HYPOT neuron 9cbb3816-0d3a-4c75-9405-18ab76aa0818
Replacing HYPOT neuron 7f328ea8-04b1-48f0-b63f-cb59a924a69b
Replacing HYPOT neuron 9cbb3816-0d3a-4c75-9405-18ab76aa0818
Replacing HYPOT neuron 7f328ea8-04b1-48f0-b63f-cb59a924a69b
Replacing HYPOT neuron 9cbb3816-0d3a-4c75-9405-18ab76aa0818
Replacing HYPOT neuron 7f328ea8-04b1-48f0-b63f-cb59a924a69b
Replacing HYPOT neuron 9cbb3816-0d3a-4c75-9405-18ab76aa0818
Replacing HYPOT neuron 7f328ea8-04b1-48f0-b63f-cb59a924a69b
Replacing HYPOT neuron 9cbb3816-0d3a-4c75-9405-18ab76aa0818
Replacing HYPOT neuron 7f328ea8-04b1-48f0-b63f-cb59a924a69b
Replacing HYPOT neuron 9cbb3816-0d3a-4c75-9405-18ab76aa0818
Replacing HYPOT neuron 7f328ea8-04b1-48f0-b63f-cb59a924a69b
Replacing HYPOT neuron 9cbb3816-0d3a-4c75-9405-18ab76aa0818
Replacing HYPOT neuron 7f328ea8-04b1-48f0-b63f-cb59a924a69b
Replacing HYPOT neuron 9cbb3816-0d3a-4c75-9405-18ab76aa0818
Replacing HYPOT neuron 7f328ea8-04b1-48f0-b63f-cb59a924a69b
Replacing HYPOT neuron 9cbb3816-0d3a-4c75-9405-18ab76aa0818
Replacing HYPOT neuron 7f328ea8-04b1-48f0-b63f-cb59a924a69b
Replacing HYPOT neuron 9cbb3816-0d3a-4c75-9405-18ab76aa0818
Replacing HYPOT neuron 7f328ea8-04b1-48f0-b63f-cb59a924a69b
Replacing HYPOT neuron 9cbb3816-0d3a-4c75-9405-18ab76aa0818
Replacing HYPOT neuron 7f328ea8-04b1-48f0-b63f-cb59a924a69b
Replacing HYPOT neuron 9cbb3816-0d3a-4c75-9405-18ab76aa0818
Replacing HYPOT neuron 7f328ea8-04b1-48f0-b63f-cb59a924a69b
Replacing HYPOT neuron 9cbb3816-0d3a-4c75-9405-18ab76aa0818
Replacing HYPOT neuron 7f328ea8-04b1-48f0-b63f-cb59a924a69b
Replacing HYPOT neuron 9cbb3816-0d3a-4c75-9405-18ab76aa0818
Replacing HYPOT neuron 7f328ea8-04b1-48f0-b63f-cb59a924a69b
Replacing HYPOT neuron 9cbb3816-0d3a-4c75-9405-18ab76aa0818
Replacing HYPOT neuron 7f328ea8-04b1-48f0-b63f-cb59a924a69b
Replacing HYPOT neuron 9cbb3816-0d3a-4c75-9405-18ab76aa0818
Replacing HYPOT neuron 7f328ea8-04b1-48f0-b63f-cb59a924a69b
Replacing HYPOT neuron 9cbb3816-0d3a-4c75-9405-18ab76aa0818
Replacing HYPOT neuron 7f328ea8-04b1-48f0-b63f-cb59a924a69b
Replacing HYPOT neuron 9cbb3816-0d3a-4c75-9405-18ab76aa0818
Replacing HYPOT neuron 7f328ea8-04b1-48f0-b63f-cb59a924a69b
Replacing HYPOT neuron 9cbb3816-0d3a-4c75-9405-18ab76aa0818
Replacing HYPOT neuron 7f328ea8-04b1-48f0-b63f-cb59a924a69b
Replacing HYPOT neuron 9cbb3816-0d3a-4c75-9405-18ab76aa0818
Replacing HYPOT neuron 7f328ea8-04b1-48f0-b63f-cb59a924a69b
Replacing HYPOT neuron 9cbb3816-0d3a-4c75-9405-18ab76aa0818
Replacing HYPOT neuron 7f328ea8-04b1-48f0-b63f-cb59a924a69b
Replacing HYPOT neuron 9cbb3816-0d3a-4c75-9405-18ab76aa0818
Replacing HYPOT neuron 7f328ea8-04b1-48f0-b63f-cb59a924a69b
Replacing HYPOT neuron 9cbb3816-0d3a-4c75-9405-18ab76aa0818
Replacing HYPOT neuron 7f328ea8-04b1-48f0-b63f-cb59a924a69b
Replacing HYPOT neuron 9cbb3816-0d3a-4c75-9405-18ab76aa0818
Replacing HYPOT neuron 7f328ea8-04b1-48f0-b63f-cb59a924a69b
Replacing HYPOT neuron 9cbb3816-0d3a-4c75-9405-18ab76aa0818
Replacing HYPOT neuron 7f328ea8-04b1-48f0-b63f-cb59a924a69b
Replacing HYPOT neuron 9cbb3816-0d3a-4c75-9405-18ab76aa0818
Replacing HYPOT neuron 7f328ea8-04b1-48f0-b63f-cb59a924a69b
Replacing HYPOT neuron 9cbb3816-0d3a-4c75-9405-18ab76aa0818
Replacing HYPOT neuron 7f328ea8-04b1-48f0-b63f-cb59a924a69b
Replacing HYPOT neuron 9cbb3816-0d3a-4c75-9405-18ab76aa0818
Replacing HYPOT neuron 7f328ea8-04b1-48f0-b63f-cb59a924a69b
Replacing HYPOT neuron 9cbb3816-0d3a-4c75-9405-18ab76aa0818
Replacing HYPOT neuron 7f328ea8-04b1-48f0-b63f-cb59a924a69b
Replacing HYPOT neuron 9cbb3816-0d3a-4c75-9405-18ab76aa0818
Replacing HYPOT neuron 7f328ea8-04b1-48f0-b63f-cb59a924a69b
Replacing HYPOT neuron 9cbb3816-0d3a-4c75-9405-18ab76aa0818
Replacing HYPOT neuron 7f328ea8-04b1-48f0-b63f-cb59a924a69b
Replacing HYPOT neuron 9cbb3816-0d3a-4c75-9405-18ab76aa0818
Replacing HYPOT neuron 7f328ea8-04b1-48f0-b63f-cb59a924a69b
Replacing HYPOT neuron 9cbb3816-0d3a-4c75-9405-18ab76aa0818
Replacing HYPOT neuron 7f328ea8-04b1-48f0-b63f-cb59a924a69b
Replacing HYPOT neuron 9cbb3816-0d3a-4c75-9405-18ab76aa0818
Replacing HYPOT neuron 7f328ea8-04b1-48f0-b63f-cb59a924a69b
Replacing HYPOT neuron 9cbb3816-0d3a-4c75-9405-18ab76aa0818
Replacing HYPOT neuron 7f328ea8-04b1-48f0-b63f-cb59a924a69b
Replacing HYPOT neuron 9cbb3816-0d3a-4c75-9405-18ab76aa0818
Replacing HYPOT neuron 7f328ea8-04b1-48f0-b63f-cb59a924a69b
Replacing HYPOT neuron 9cbb3816-0d3a-4c75-9405-18ab76aa0818
Replacing HYPOT neuron 7f328ea8-04b1-48f0-b63f-cb59a924a69b
Replacing HYPOT neuron 9cbb3816-0d3a-4c75-9405-18ab76aa0818
Replacing HYPOT neuron 7f328ea8-04b1-48f0-b63f-cb59a924a69b
Replacing HYPOT neuron 9cbb3816-0d3a-4c75-9405-18ab76aa0818
Replacing HYPOT neuron 7f328ea8-04b1-48f0-b63f-cb59a924a69b
Replacing HYPOT neuron 9cbb3816-0d3a-4c75-9405-18ab76aa0818
Replacing HYPOT neuron 7f328ea8-04b1-48f0-b63f-cb59a924a69b
Replacing HYPOT neuron 9cbb3816-0d3a-4c75-9405-18ab76aa0818
Replacing HYPOT neuron 7f328ea8-04b1-48f0-b63f-cb59a924a69b
Replacing HYPOT neuron 9cbb3816-0d3a-4c75-9405-18ab76aa0818
Replacing HYPOT neuron 7f328ea8-04b1-48f0-b63f-cb59a924a69b
Replacing HYPOT neuron 9cbb3816-0d3a-4c75-9405-18ab76aa0818
Replacing HYPOT neuron 7f328ea8-04b1-48f0-b63f-cb59a924a69b
Replacing HYPOT neuron 9cbb3816-0d3a-4c75-9405-18ab76aa0818
Discovery af159130 with 1 binary files, sample rate: 100%, batch size: 512
Discovery af159130 initialize time 93ms
Discovery af159130 processing .trainData-industry_88/SERVICES-MISCELLANEOUS_REPAIR_SERVICES/data.bin
Fine tuning increased fitness by 5.990353600937581e-7 to 0.8056285671742702 adjusted 1 weight 
Replacing HYPOT neuron 7f328ea8-04b1-48f0-b63f-cb59a924a69b
Replacing HYPOT neuron 9cbb3816-0d3a-4c75-9405-18ab76aa0818
Replacing HYPOT neuron 7f328ea8-04b1-48f0-b63f-cb59a924a69b
Replacing HYPOT neuron 9cbb3816-0d3a-4c75-9405-18ab76aa0818
Replacing HYPOT neuron 7f328ea8-04b1-48f0-b63f-cb59a924a69b
Replacing HYPOT neuron 9cbb3816-0d3a-4c75-9405-18ab76aa0818
Replacing HYPOT neuron 7f328ea8-04b1-48f0-b63f-cb59a924a69b
Replacing HYPOT neuron 9cbb3816-0d3a-4c75-9405-18ab76aa0818
Replacing HYPOT neuron 7f328ea8-04b1-48f0-b63f-cb59a924a69b
Replacing HYPOT neuron 9cbb3816-0d3a-4c75-9405-18ab76aa0818
Replacing HYPOT neuron 7f328ea8-04b1-48f0-b63f-cb59a924a69b
Replacing HYPOT neuron 9cbb3816-0d3a-4c75-9405-18ab76aa0818
Replacing HYPOT neuron 7f328ea8-04b1-48f0-b63f-cb59a924a69b
Replacing HYPOT neuron 9cbb3816-0d3a-4c75-9405-18ab76aa0818
Replacing HYPOT neuron 7f328ea8-04b1-48f0-b63f-cb59a924a69b
Replacing HYPOT neuron 9cbb3816-0d3a-4c75-9405-18ab76aa0818
Replacing HYPOT neuron 7f328ea8-04b1-48f0-b63f-cb59a924a69b
Replacing HYPOT neuron 9cbb3816-0d3a-4c75-9405-18ab76aa0818
Replacing HYPOT neuron 7f328ea8-04b1-48f0-b63f-cb59a924a69b
Replacing HYPOT neuron 9cbb3816-0d3a-4c75-9405-18ab76aa0818
Replacing HYPOT neuron 7f328ea8-04b1-48f0-b63f-cb59a924a69b
Replacing HYPOT neuron 9cbb3816-0d3a-4c75-9405-18ab76aa0818
Replacing HYPOT neuron 7f328ea8-04b1-48f0-b63f-cb59a924a69b
Replacing HYPOT neuron 9cbb3816-0d3a-4c75-9405-18ab76aa0818
Replacing HYPOT neuron 7f328ea8-04b1-48f0-b63f-cb59a924a69b
Replacing HYPOT neuron 9cbb3816-0d3a-4c75-9405-18ab76aa0818
Replacing HYPOT neuron 7f328ea8-04b1-48f0-b63f-cb59a924a69b
Replacing HYPOT neuron 9cbb3816-0d3a-4c75-9405-18ab76aa0818
Replacing HYPOT neuron 7f328ea8-04b1-48f0-b63f-cb59a924a69b
Replacing HYPOT neuron 9cbb3816-0d3a-4c75-9405-18ab76aa0818
Replacing HYPOT neuron 7f328ea8-04b1-48f0-b63f-cb59a924a69b
Replacing HYPOT neuron 9cbb3816-0d3a-4c75-9405-18ab76aa0818
Replacing HYPOT neuron 7f328ea8-04b1-48f0-b63f-cb59a924a69b
Replacing HYPOT neuron 9cbb3816-0d3a-4c75-9405-18ab76aa0818
Replacing HYPOT neuron 7f328ea8-04b1-48f0-b63f-cb59a924a69b
Replacing HYPOT neuron 9cbb3816-0d3a-4c75-9405-18ab76aa0818
Replacing HYPOT neuron 7f328ea8-04b1-48f0-b63f-cb59a924a69b
Replacing HYPOT neuron 9cbb3816-0d3a-4c75-9405-18ab76aa0818
Replacing HYPOT neuron 7f328ea8-04b1-48f0-b63f-cb59a924a69b
Replacing HYPOT neuron 9cbb3816-0d3a-4c75-9405-18ab76aa0818
Replacing HYPOT neuron 7f328ea8-04b1-48f0-b63f-cb59a924a69b
Replacing HYPOT neuron 9cbb3816-0d3a-4c75-9405-18ab76aa0818
Replacing HYPOT neuron 7f328ea8-04b1-48f0-b63f-cb59a924a69b
Replacing HYPOT neuron 9cbb3816-0d3a-4c75-9405-18ab76aa0818
Replacing HYPOT neuron 7f328ea8-04b1-48f0-b63f-cb59a924a69b
Replacing HYPOT neuron 9cbb3816-0d3a-4c75-9405-18ab76aa0818
Replacing HYPOT neuron 7f328ea8-04b1-48f0-b63f-cb59a924a69b
Replacing HYPOT neuron 9cbb3816-0d3a-4c75-9405-18ab76aa0818
Replacing HYPOT neuron 7f328ea8-04b1-48f0-b63f-cb59a924a69b
Replacing HYPOT neuron 9cbb3816-0d3a-4c75-9405-18ab76aa0818
Replacing HYPOT neuron 7f328ea8-04b1-48f0-b63f-cb59a924a69b
Replacing HYPOT neuron 9cbb3816-0d3a-4c75-9405-18ab76aa0818
Replacing HYPOT neuron 7f328ea8-04b1-48f0-b63f-cb59a924a69b
Replacing HYPOT neuron 9cbb3816-0d3a-4c75-9405-18ab76aa0818
Replacing HYPOT neuron 7f328ea8-04b1-48f0-b63f-cb59a924a69b
Replacing HYPOT neuron 9cbb3816-0d3a-4c75-9405-18ab76aa0818
Replacing HYPOT neuron 7f328ea8-04b1-48f0-b63f-cb59a924a69b
Replacing HYPOT neuron 9cbb3816-0d3a-4c75-9405-18ab76aa0818
Replacing HYPOT neuron 7f328ea8-04b1-48f0-b63f-cb59a924a69b
Replacing HYPOT neuron 9cbb3816-0d3a-4c75-9405-18ab76aa0818
Training af159130 with 1 binary file, target error: 0.05, iterations: 1, sample rate: 100%, sparse: 100%
Replacing HYPOT neuron 7f328ea8-04b1-48f0-b63f-cb59a924a69b
Replacing HYPOT neuron 9cbb3816-0d3a-4c75-9405-18ab76aa0818
Replacing HYPOT neuron 7f328ea8-04b1-48f0-b63f-cb59a924a69b
Replacing HYPOT neuron 9cbb3816-0d3a-4c75-9405-18ab76aa0818
Replacing HYPOT neuron 7f328ea8-04b1-48f0-b63f-cb59a924a69b
Replacing HYPOT neuron 9cbb3816-0d3a-4c75-9405-18ab76aa0818
Replacing HYPOT neuron 7f328ea8-04b1-48f0-b63f-cb59a924a69b
Replacing HYPOT neuron 9cbb3816-0d3a-4c75-9405-18ab76aa0818
Replacing HYPOT neuron 7f328ea8-04b1-48f0-b63f-cb59a924a69b
Replacing HYPOT neuron 9cbb3816-0d3a-4c75-9405-18ab76aa0818
Replacing HYPOT neuron 7f328ea8-04b1-48f0-b63f-cb59a924a69b
Replacing HYPOT neuron 9cbb3816-0d3a-4c75-9405-18ab76aa0818
Replacing HYPOT neuron 7f328ea8-04b1-48f0-b63f-cb59a924a69b
Replacing HYPOT neuron 9cbb3816-0d3a-4c75-9405-18ab76aa0818
Replacing HYPOT neuron 7f328ea8-04b1-48f0-b63f-cb59a924a69b
Replacing HYPOT neuron 9cbb3816-0d3a-4c75-9405-18ab76aa0818
Replacing HYPOT neuron 7f328ea8-04b1-48f0-b63f-cb59a924a69b
Replacing HYPOT neuron 9cbb3816-0d3a-4c75-9405-18ab76aa0818
Discovery af159130 read time 7ms for .trainData-industry_88/SERVICES-MISCELLANEOUS_REPAIR_SERVICES/data.bin with 4613 records
Discovery af159130 scanning time 4s 971ms
Replacing HYPOT neuron 7f328ea8-04b1-48f0-b63f-cb59a924a69b
Replacing HYPOT neuron 9cbb3816-0d3a-4c75-9405-18ab76aa0818
Replacing HYPOT neuron 7f328ea8-04b1-48f0-b63f-cb59a924a69b
Replacing HYPOT neuron 9cbb3816-0d3a-4c75-9405-18ab76aa0818
Replacing HYPOT neuron 7f328ea8-04b1-48f0-b63f-cb59a924a69b
Replacing HYPOT neuron 9cbb3816-0d3a-4c75-9405-18ab76aa0818
Replacing HYPOT neuron 7f328ea8-04b1-48f0-b63f-cb59a924a69b
Replacing HYPOT neuron 9cbb3816-0d3a-4c75-9405-18ab76aa0818
Replacing HYPOT neuron 7f328ea8-04b1-48f0-b63f-cb59a924a69b
Replacing HYPOT neuron 9cbb3816-0d3a-4c75-9405-18ab76aa0818
Replacing HYPOT neuron 7f328ea8-04b1-48f0-b63f-cb59a924a69b
Replacing HYPOT neuron 9cbb3816-0d3a-4c75-9405-18ab76aa0818
Replacing HYPOT neuron 7f328ea8-04b1-48f0-b63f-cb59a924a69b
Replacing HYPOT neuron 9cbb3816-0d3a-4c75-9405-18ab76aa0818
Replacing HYPOT neuron 7f328ea8-04b1-48f0-b63f-cb59a924a69b
Replacing HYPOT neuron 9cbb3816-0d3a-4c75-9405-18ab76aa0818
Replacing HYPOT neuron 7f328ea8-04b1-48f0-b63f-cb59a924a69b
Replacing HYPOT neuron 9cbb3816-0d3a-4c75-9405-18ab76aa0818
Replacing HYPOT neuron 7f328ea8-04b1-48f0-b63f-cb59a924a69b
Replacing HYPOT neuron 9cbb3816-0d3a-4c75-9405-18ab76aa0818
Replacing HYPOT neuron 7f328ea8-04b1-48f0-b63f-cb59a924a69b
Replacing HYPOT neuron 9cbb3816-0d3a-4c75-9405-18ab76aa0818
Replacing HYPOT neuron 7f328ea8-04b1-48f0-b63f-cb59a924a69b
Replacing HYPOT neuron 9cbb3816-0d3a-4c75-9405-18ab76aa0818
Replacing HYPOT neuron 7f328ea8-04b1-48f0-b63f-cb59a924a69b
Replacing HYPOT neuron 9cbb3816-0d3a-4c75-9405-18ab76aa0818
Replacing HYPOT neuron 7f328ea8-04b1-48f0-b63f-cb59a924a69b
Replacing HYPOT neuron 9cbb3816-0d3a-4c75-9405-18ab76aa0818
Replacing HYPOT neuron 7f328ea8-04b1-48f0-b63f-cb59a924a69b
Replacing HYPOT neuron 9cbb3816-0d3a-4c75-9405-18ab76aa0818
Replacing HYPOT neuron 7f328ea8-04b1-48f0-b63f-cb59a924a69b
Replacing HYPOT neuron 9cbb3816-0d3a-4c75-9405-18ab76aa0818
Replacing HYPOT neuron 7f328ea8-04b1-48f0-b63f-cb59a924a69b
Replacing HYPOT neuron 9cbb3816-0d3a-4c75-9405-18ab76aa0818
Replacing HYPOT neuron 7f328ea8-04b1-48f0-b63f-cb59a924a69b
Replacing HYPOT neuron 9cbb3816-0d3a-4c75-9405-18ab76aa0818
Replacing HYPOT neuron 7f328ea8-04b1-48f0-b63f-cb59a924a69b
Replacing HYPOT neuron 9cbb3816-0d3a-4c75-9405-18ab76aa0818
Replacing HYPOT neuron 7f328ea8-04b1-48f0-b63f-cb59a924a69b
Replacing HYPOT neuron 9cbb3816-0d3a-4c75-9405-18ab76aa0818
Replacing HYPOT neuron 7f328ea8-04b1-48f0-b63f-cb59a924a69b
Replacing HYPOT neuron 9cbb3816-0d3a-4c75-9405-18ab76aa0818
Replacing HYPOT neuron 7f328ea8-04b1-48f0-b63f-cb59a924a69b
Replacing HYPOT neuron 9cbb3816-0d3a-4c75-9405-18ab76aa0818
Replacing HYPOT neuron 7f328ea8-04b1-48f0-b63f-cb59a924a69b
Replacing HYPOT neuron 9cbb3816-0d3a-4c75-9405-18ab76aa0818
Replacing HYPOT neuron 7f328ea8-04b1-48f0-b63f-cb59a924a69b
Replacing HYPOT neuron 9cbb3816-0d3a-4c75-9405-18ab76aa0818
Replacing HYPOT neuron 7f328ea8-04b1-48f0-b63f-cb59a924a69b
Replacing HYPOT neuron 9cbb3816-0d3a-4c75-9405-18ab76aa0818
Replacing HYPOT neuron 7f328ea8-04b1-48f0-b63f-cb59a924a69b
Replacing HYPOT neuron 9cbb3816-0d3a-4c75-9405-18ab76aa0818
Replacing HYPOT neuron 7f328ea8-04b1-48f0-b63f-cb59a924a69b
Replacing HYPOT neuron 9cbb3816-0d3a-4c75-9405-18ab76aa0818
Replacing HYPOT neuron 7f328ea8-04b1-48f0-b63f-cb59a924a69b
Replacing HYPOT neuron 9cbb3816-0d3a-4c75-9405-18ab76aa0818
Replacing HYPOT neuron 7f328ea8-04b1-48f0-b63f-cb59a924a69b
Replacing HYPOT neuron 9cbb3816-0d3a-4c75-9405-18ab76aa0818
Replacing HYPOT neuron 7f328ea8-04b1-48f0-b63f-cb59a924a69b
Replacing HYPOT neuron 9cbb3816-0d3a-4c75-9405-18ab76aa0818
Replacing HYPOT neuron 7f328ea8-04b1-48f0-b63f-cb59a924a69b
Replacing HYPOT neuron 9cbb3816-0d3a-4c75-9405-18ab76aa0818
Discovery af159130 recorded time 5s 964ms
Replacing HYPOT neuron 7f328ea8-04b1-48f0-b63f-cb59a924a69b
Replacing HYPOT neuron 9cbb3816-0d3a-4c75-9405-18ab76aa0818
Replacing HYPOT neuron 7f328ea8-04b1-48f0-b63f-cb59a924a69b
Replacing HYPOT neuron 9cbb3816-0d3a-4c75-9405-18ab76aa0818
Replacing HYPOT neuron 7f328ea8-04b1-48f0-b63f-cb59a924a69b
Replacing HYPOT neuron 9cbb3816-0d3a-4c75-9405-18ab76aa0818
Replacing HYPOT neuron 7f328ea8-04b1-48f0-b63f-cb59a924a69b
Replacing HYPOT neuron 9cbb3816-0d3a-4c75-9405-18ab76aa0818
Replacing HYPOT neuron 7f328ea8-04b1-48f0-b63f-cb59a924a69b
Replacing HYPOT neuron 9cbb3816-0d3a-4c75-9405-18ab76aa0818
Replacing HYPOT neuron 7f328ea8-04b1-48f0-b63f-cb59a924a69b
Replacing HYPOT neuron 9cbb3816-0d3a-4c75-9405-18ab76aa0818
Replacing HYPOT neuron 7f328ea8-04b1-48f0-b63f-cb59a924a69b
Replacing HYPOT neuron 9cbb3816-0d3a-4c75-9405-18ab76aa0818
Replacing HYPOT neuron 7f328ea8-04b1-48f0-b63f-cb59a924a69b
Replacing HYPOT neuron 9cbb3816-0d3a-4c75-9405-18ab76aa0818
Replacing HYPOT neuron 7f328ea8-04b1-48f0-b63f-cb59a924a69b
Replacing HYPOT neuron 9cbb3816-0d3a-4c75-9405-18ab76aa0818
Replacing HYPOT neuron 7f328ea8-04b1-48f0-b63f-cb59a924a69b
Replacing HYPOT neuron 9cbb3816-0d3a-4c75-9405-18ab76aa0818
Replacing HYPOT neuron 7f328ea8-04b1-48f0-b63f-cb59a924a69b
Replacing HYPOT neuron 9cbb3816-0d3a-4c75-9405-18ab76aa0818
Replacing HYPOT neuron 7f328ea8-04b1-48f0-b63f-cb59a924a69b
Replacing HYPOT neuron 9cbb3816-0d3a-4c75-9405-18ab76aa0818
Replacing HYPOT neuron 7f328ea8-04b1-48f0-b63f-cb59a924a69b
Replacing HYPOT neuron 9cbb3816-0d3a-4c75-9405-18ab76aa0818
Replacing HYPOT neuron 7f328ea8-04b1-48f0-b63f-cb59a924a69b
Replacing HYPOT neuron 9cbb3816-0d3a-4c75-9405-18ab76aa0818
Replacing HYPOT neuron 7f328ea8-04b1-48f0-b63f-cb59a924a69b
Replacing HYPOT neuron 9cbb3816-0d3a-4c75-9405-18ab76aa0818
Replacing HYPOT neuron 7f328ea8-04b1-48f0-b63f-cb59a924a69b
Replacing HYPOT neuron 9cbb3816-0d3a-4c75-9405-18ab76aa0818
Replacing HYPOT neuron 7f328ea8-04b1-48f0-b63f-cb59a924a69b
Replacing HYPOT neuron 9cbb3816-0d3a-4c75-9405-18ab76aa0818
Replacing HYPOT neuron 7f328ea8-04b1-48f0-b63f-cb59a924a69b
Replacing HYPOT neuron 9cbb3816-0d3a-4c75-9405-18ab76aa0818
Replacing HYPOT neuron 7f328ea8-04b1-48f0-b63f-cb59a924a69b
Replacing HYPOT neuron 9cbb3816-0d3a-4c75-9405-18ab76aa0818
Replacing HYPOT neuron 7f328ea8-04b1-48f0-b63f-cb59a924a69b
Replacing HYPOT neuron 9cbb3816-0d3a-4c75-9405-18ab76aa0818
Replacing HYPOT neuron 7f328ea8-04b1-48f0-b63f-cb59a924a69b
Replacing HYPOT neuron 9cbb3816-0d3a-4c75-9405-18ab76aa0818
Replacing HYPOT neuron 7f328ea8-04b1-48f0-b63f-cb59a924a69b
Replacing HYPOT neuron 9cbb3816-0d3a-4c75-9405-18ab76aa0818
Replacing HYPOT neuron 7f328ea8-04b1-48f0-b63f-cb59a924a69b
Replacing HYPOT neuron 9cbb3816-0d3a-4c75-9405-18ab76aa0818
Replacing HYPOT neuron 7f328ea8-04b1-48f0-b63f-cb59a924a69b
Replacing HYPOT neuron 9cbb3816-0d3a-4c75-9405-18ab76aa0818
Replacing HYPOT neuron 7f328ea8-04b1-48f0-b63f-cb59a924a69b
Replacing HYPOT neuron 9cbb3816-0d3a-4c75-9405-18ab76aa0818
Replacing HYPOT neuron 7f328ea8-04b1-48f0-b63f-cb59a924a69b
Replacing HYPOT neuron 9cbb3816-0d3a-4c75-9405-18ab76aa0818
Replacing HYPOT neuron 7f328ea8-04b1-48f0-b63f-cb59a924a69b
Replacing HYPOT neuron 9cbb3816-0d3a-4c75-9405-18ab76aa0818
Replacing HYPOT neuron 7f328ea8-04b1-48f0-b63f-cb59a924a69b
Replacing HYPOT neuron 9cbb3816-0d3a-4c75-9405-18ab76aa0818
Replacing HYPOT neuron 7f328ea8-04b1-48f0-b63f-cb59a924a69b
Replacing HYPOT neuron 9cbb3816-0d3a-4c75-9405-18ab76aa0818
Replacing HYPOT neuron 7f328ea8-04b1-48f0-b63f-cb59a924a69b
Replacing HYPOT neuron 9cbb3816-0d3a-4c75-9405-18ab76aa0818
Replacing HYPOT neuron 7f328ea8-04b1-48f0-b63f-cb59a924a69b
Replacing HYPOT neuron 9cbb3816-0d3a-4c75-9405-18ab76aa0818
Replacing HYPOT neuron 7f328ea8-04b1-48f0-b63f-cb59a924a69b
Replacing HYPOT neuron 9cbb3816-0d3a-4c75-9405-18ab76aa0818
Replacing HYPOT neuron 7f328ea8-04b1-48f0-b63f-cb59a924a69b
Replacing HYPOT neuron 9cbb3816-0d3a-4c75-9405-18ab76aa0818
Replacing HYPOT neuron 7f328ea8-04b1-48f0-b63f-cb59a924a69b
Replacing HYPOT neuron 9cbb3816-0d3a-4c75-9405-18ab76aa0818
Replacing HYPOT neuron 7f328ea8-04b1-48f0-b63f-cb59a924a69b
Replacing HYPOT neuron 9cbb3816-0d3a-4c75-9405-18ab76aa0818
Replacing HYPOT neuron 7f328ea8-04b1-48f0-b63f-cb59a924a69b
Replacing HYPOT neuron 9cbb3816-0d3a-4c75-9405-18ab76aa0818
Replacing HYPOT neuron 7f328ea8-04b1-48f0-b63f-cb59a924a69b
Replacing HYPOT neuron 9cbb3816-0d3a-4c75-9405-18ab76aa0818
Replacing HYPOT neuron 7f328ea8-04b1-48f0-b63f-cb59a924a69b
Replacing HYPOT neuron 9cbb3816-0d3a-4c75-9405-18ab76aa0818
Replacing HYPOT neuron 7f328ea8-04b1-48f0-b63f-cb59a924a69b
Replacing HYPOT neuron 9cbb3816-0d3a-4c75-9405-18ab76aa0818
Replacing HYPOT neuron 7f328ea8-04b1-48f0-b63f-cb59a924a69b
Replacing HYPOT neuron 9cbb3816-0d3a-4c75-9405-18ab76aa0818
Replacing HYPOT neuron 7f328ea8-04b1-48f0-b63f-cb59a924a69b
Replacing HYPOT neuron 9cbb3816-0d3a-4c75-9405-18ab76aa0818
Replacing HYPOT neuron 7f328ea8-04b1-48f0-b63f-cb59a924a69b
Replacing HYPOT neuron 9cbb3816-0d3a-4c75-9405-18ab76aa0818
Replacing HYPOT neuron 7f328ea8-04b1-48f0-b63f-cb59a924a69b
Replacing HYPOT neuron 9cbb3816-0d3a-4c75-9405-18ab76aa0818
Replacing HYPOT neuron 7f328ea8-04b1-48f0-b63f-cb59a924a69b
Replacing HYPOT neuron 9cbb3816-0d3a-4c75-9405-18ab76aa0818
Replacing HYPOT neuron 7f328ea8-04b1-48f0-b63f-cb59a924a69b
Replacing HYPOT neuron 9cbb3816-0d3a-4c75-9405-18ab76aa0818
Replacing HYPOT neuron 7f328ea8-04b1-48f0-b63f-cb59a924a69b
Replacing HYPOT neuron 9cbb3816-0d3a-4c75-9405-18ab76aa0818
Replacing HYPOT neuron 7f328ea8-04b1-48f0-b63f-cb59a924a69b
Replacing HYPOT neuron 9cbb3816-0d3a-4c75-9405-18ab76aa0818
Replacing HYPOT neuron 7f328ea8-04b1-48f0-b63f-cb59a924a69b
Replacing HYPOT neuron 9cbb3816-0d3a-4c75-9405-18ab76aa0818
Replacing HYPOT neuron 7f328ea8-04b1-48f0-b63f-cb59a924a69b
Replacing HYPOT neuron 9cbb3816-0d3a-4c75-9405-18ab76aa0818
Replacing HYPOT neuron 7f328ea8-04b1-48f0-b63f-cb59a924a69b
Replacing HYPOT neuron 9cbb3816-0d3a-4c75-9405-18ab76aa0818
Replacing HYPOT neuron 7f328ea8-04b1-48f0-b63f-cb59a924a69b
Replacing HYPOT neuron 9cbb3816-0d3a-4c75-9405-18ab76aa0818
Replacing HYPOT neuron 7f328ea8-04b1-48f0-b63f-cb59a924a69b
Replacing HYPOT neuron 9cbb3816-0d3a-4c75-9405-18ab76aa0818
Replacing HYPOT neuron 7f328ea8-04b1-48f0-b63f-cb59a924a69b
Replacing HYPOT neuron 9cbb3816-0d3a-4c75-9405-18ab76aa0818
Replacing HYPOT neuron 7f328ea8-04b1-48f0-b63f-cb59a924a69b
Replacing HYPOT neuron 9cbb3816-0d3a-4c75-9405-18ab76aa0818
Replacing HYPOT neuron 7f328ea8-04b1-48f0-b63f-cb59a924a69b
Replacing HYPOT neuron 9cbb3816-0d3a-4c75-9405-18ab76aa0818
Replacing HYPOT neuron 7f328ea8-04b1-48f0-b63f-cb59a924a69b
Replacing HYPOT neuron 9cbb3816-0d3a-4c75-9405-18ab76aa0818
Fine tuning increased fitness by 1.019942130753293e-9 to 0.8056285681942124 adjusted 1 weight 
Replacing HYPOT neuron 7f328ea8-04b1-48f0-b63f-cb59a924a69b
Replacing HYPOT neuron 9cbb3816-0d3a-4c75-9405-18ab76aa0818
Replacing HYPOT neuron 7f328ea8-04b1-48f0-b63f-cb59a924a69b
Replacing HYPOT neuron 9cbb3816-0d3a-4c75-9405-18ab76aa0818
Replacing HYPOT neuron 7f328ea8-04b1-48f0-b63f-cb59a924a69b
Replacing HYPOT neuron 9cbb3816-0d3a-4c75-9405-18ab76aa0818
Replacing HYPOT neuron 7f328ea8-04b1-48f0-b63f-cb59a924a69b
Replacing HYPOT neuron 9cbb3816-0d3a-4c75-9405-18ab76aa0818
Replacing HYPOT neuron 7f328ea8-04b1-48f0-b63f-cb59a924a69b
Replacing HYPOT neuron 9cbb3816-0d3a-4c75-9405-18ab76aa0818
Replacing HYPOT neuron 7f328ea8-04b1-48f0-b63f-cb59a924a69b
Replacing HYPOT neuron 9cbb3816-0d3a-4c75-9405-18ab76aa0818
Replacing HYPOT neuron 7f328ea8-04b1-48f0-b63f-cb59a924a69b
Replacing HYPOT neuron 9cbb3816-0d3a-4c75-9405-18ab76aa0818
Replacing HYPOT neuron 7f328ea8-04b1-48f0-b63f-cb59a924a69b
Replacing HYPOT neuron 9cbb3816-0d3a-4c75-9405-18ab76aa0818
Replacing HYPOT neuron 7f328ea8-04b1-48f0-b63f-cb59a924a69b
Replacing HYPOT neuron 9cbb3816-0d3a-4c75-9405-18ab76aa0818
Replacing HYPOT neuron 7f328ea8-04b1-48f0-b63f-cb59a924a69b
Replacing HYPOT neuron 9cbb3816-0d3a-4c75-9405-18ab76aa0818
Replacing HYPOT neuron 7f328ea8-04b1-48f0-b63f-cb59a924a69b
Replacing HYPOT neuron 9cbb3816-0d3a-4c75-9405-18ab76aa0818
Replacing HYPOT neuron 7f328ea8-04b1-48f0-b63f-cb59a924a69b
Replacing HYPOT neuron 9cbb3816-0d3a-4c75-9405-18ab76aa0818
Replacing HYPOT neuron 7f328ea8-04b1-48f0-b63f-cb59a924a69b
Replacing HYPOT neuron 9cbb3816-0d3a-4c75-9405-18ab76aa0818
Replacing HYPOT neuron 7f328ea8-04b1-48f0-b63f-cb59a924a69b
Replacing HYPOT neuron 9cbb3816-0d3a-4c75-9405-18ab76aa0818
Replacing HYPOT neuron 7f328ea8-04b1-48f0-b63f-cb59a924a69b
Replacing HYPOT neuron 9cbb3816-0d3a-4c75-9405-18ab76aa0818
Replacing HYPOT neuron 7f328ea8-04b1-48f0-b63f-cb59a924a69b
Replacing HYPOT neuron 9cbb3816-0d3a-4c75-9405-18ab76aa0818
Replacing HYPOT neuron 7f328ea8-04b1-48f0-b63f-cb59a924a69b
Replacing HYPOT neuron 9cbb3816-0d3a-4c75-9405-18ab76aa0818
Replacing HYPOT neuron 7f328ea8-04b1-48f0-b63f-cb59a924a69b
Replacing HYPOT neuron 9cbb3816-0d3a-4c75-9405-18ab76aa0818
Replacing HYPOT neuron 7f328ea8-04b1-48f0-b63f-cb59a924a69b
Replacing HYPOT neuron 9cbb3816-0d3a-4c75-9405-18ab76aa0818
Replacing HYPOT neuron 7f328ea8-04b1-48f0-b63f-cb59a924a69b
Replacing HYPOT neuron 9cbb3816-0d3a-4c75-9405-18ab76aa0818
Replacing HYPOT neuron 7f328ea8-04b1-48f0-b63f-cb59a924a69b
Replacing HYPOT neuron 9cbb3816-0d3a-4c75-9405-18ab76aa0818
Replacing HYPOT neuron 7f328ea8-04b1-48f0-b63f-cb59a924a69b
Replacing HYPOT neuron 9cbb3816-0d3a-4c75-9405-18ab76aa0818
Replacing HYPOT neuron 7f328ea8-04b1-48f0-b63f-cb59a924a69b
Replacing HYPOT neuron 9cbb3816-0d3a-4c75-9405-18ab76aa0818
Replacing HYPOT neuron 7f328ea8-04b1-48f0-b63f-cb59a924a69b
Replacing HYPOT neuron 9cbb3816-0d3a-4c75-9405-18ab76aa0818
Replacing HYPOT neuron 7f328ea8-04b1-48f0-b63f-cb59a924a69b
Replacing HYPOT neuron 9cbb3816-0d3a-4c75-9405-18ab76aa0818
Replacing HYPOT neuron 7f328ea8-04b1-48f0-b63f-cb59a924a69b
Replacing HYPOT neuron 9cbb3816-0d3a-4c75-9405-18ab76aa0818
Replacing HYPOT neuron 7f328ea8-04b1-48f0-b63f-cb59a924a69b
Replacing HYPOT neuron 9cbb3816-0d3a-4c75-9405-18ab76aa0818
Replacing HYPOT neuron 7f328ea8-04b1-48f0-b63f-cb59a924a69b
Replacing HYPOT neuron 9cbb3816-0d3a-4c75-9405-18ab76aa0818
Replacing HYPOT neuron 7f328ea8-04b1-48f0-b63f-cb59a924a69b
Replacing HYPOT neuron 9cbb3816-0d3a-4c75-9405-18ab76aa0818
Replacing HYPOT neuron 7f328ea8-04b1-48f0-b63f-cb59a924a69b
Replacing HYPOT neuron 9cbb3816-0d3a-4c75-9405-18ab76aa0818
Replacing HYPOT neuron 7f328ea8-04b1-48f0-b63f-cb59a924a69b
Replacing HYPOT neuron 9cbb3816-0d3a-4c75-9405-18ab76aa0818
Replacing HYPOT neuron 7f328ea8-04b1-48f0-b63f-cb59a924a69b
Replacing HYPOT neuron 9cbb3816-0d3a-4c75-9405-18ab76aa0818
Replacing HYPOT neuron 7f328ea8-04b1-48f0-b63f-cb59a924a69b
Replacing HYPOT neuron 9cbb3816-0d3a-4c75-9405-18ab76aa0818
Replacing HYPOT neuron 7f328ea8-04b1-48f0-b63f-cb59a924a69b
Replacing HYPOT neuron 9cbb3816-0d3a-4c75-9405-18ab76aa0818
Replacing HYPOT neuron 7f328ea8-04b1-48f0-b63f-cb59a924a69b
Replacing HYPOT neuron 9cbb3816-0d3a-4c75-9405-18ab76aa0818
Replacing HYPOT neuron 7f328ea8-04b1-48f0-b63f-cb59a924a69b
Replacing HYPOT neuron 9cbb3816-0d3a-4c75-9405-18ab76aa0818
Replacing HYPOT neuron 7f328ea8-04b1-48f0-b63f-cb59a924a69b
Replacing HYPOT neuron 9cbb3816-0d3a-4c75-9405-18ab76aa0818
Replacing HYPOT neuron 7f328ea8-04b1-48f0-b63f-cb59a924a69b
Replacing HYPOT neuron 9cbb3816-0d3a-4c75-9405-18ab76aa0818
Replacing HYPOT neuron 7f328ea8-04b1-48f0-b63f-cb59a924a69b
Replacing HYPOT neuron 9cbb3816-0d3a-4c75-9405-18ab76aa0818
Replacing HYPOT neuron 7f328ea8-04b1-48f0-b63f-cb59a924a69b
Replacing HYPOT neuron 9cbb3816-0d3a-4c75-9405-18ab76aa0818
Replacing HYPOT neuron 7f328ea8-04b1-48f0-b63f-cb59a924a69b
Replacing HYPOT neuron 9cbb3816-0d3a-4c75-9405-18ab76aa0818
Replacing HYPOT neuron 7f328ea8-04b1-48f0-b63f-cb59a924a69b
Replacing HYPOT neuron 9cbb3816-0d3a-4c75-9405-18ab76aa0818
Replacing HYPOT neuron 7f328ea8-04b1-48f0-b63f-cb59a924a69b
Replacing HYPOT neuron 9cbb3816-0d3a-4c75-9405-18ab76aa0818
Replacing HYPOT neuron 7f328ea8-04b1-48f0-b63f-cb59a924a69b
Replacing HYPOT neuron 9cbb3816-0d3a-4c75-9405-18ab76aa0818
Replacing HYPOT neuron 7f328ea8-04b1-48f0-b63f-cb59a924a69b
Replacing HYPOT neuron 9cbb3816-0d3a-4c75-9405-18ab76aa0818
Replacing HYPOT neuron 7f328ea8-04b1-48f0-b63f-cb59a924a69b
Replacing HYPOT neuron 9cbb3816-0d3a-4c75-9405-18ab76aa0818
Replacing HYPOT neuron 7f328ea8-04b1-48f0-b63f-cb59a924a69b
Replacing HYPOT neuron 9cbb3816-0d3a-4c75-9405-18ab76aa0818
Replacing HYPOT neuron 7f328ea8-04b1-48f0-b63f-cb59a924a69b
Replacing HYPOT neuron 9cbb3816-0d3a-4c75-9405-18ab76aa0818
Replacing HYPOT neuron 7f328ea8-04b1-48f0-b63f-cb59a924a69b
Replacing HYPOT neuron 9cbb3816-0d3a-4c75-9405-18ab76aa0818
Replacing HYPOT neuron 7f328ea8-04b1-48f0-b63f-cb59a924a69b
Replacing HYPOT neuron 9cbb3816-0d3a-4c75-9405-18ab76aa0818
Replacing HYPOT neuron 7f328ea8-04b1-48f0-b63f-cb59a924a69b
Replacing HYPOT neuron 9cbb3816-0d3a-4c75-9405-18ab76aa0818
Replacing HYPOT neuron 7f328ea8-04b1-48f0-b63f-cb59a924a69b
Replacing HYPOT neuron 9cbb3816-0d3a-4c75-9405-18ab76aa0818
Replacing HYPOT neuron 7f328ea8-04b1-48f0-b63f-cb59a924a69b
Replacing HYPOT neuron 9cbb3816-0d3a-4c75-9405-18ab76aa0818
Replacing HYPOT neuron 7f328ea8-04b1-48f0-b63f-cb59a924a69b
Replacing HYPOT neuron 9cbb3816-0d3a-4c75-9405-18ab76aa0818
Replacing HYPOT neuron 7f328ea8-04b1-48f0-b63f-cb59a924a69b
Replacing HYPOT neuron 9cbb3816-0d3a-4c75-9405-18ab76aa0818
Replacing HYPOT neuron 7f328ea8-04b1-48f0-b63f-cb59a924a69b
Replacing HYPOT neuron 9cbb3816-0d3a-4c75-9405-18ab76aa0818
Replacing HYPOT neuron 7f328ea8-04b1-48f0-b63f-cb59a924a69b
Replacing HYPOT neuron 9cbb3816-0d3a-4c75-9405-18ab76aa0818
Replacing HYPOT neuron 7f328ea8-04b1-48f0-b63f-cb59a924a69b
Replacing HYPOT neuron 9cbb3816-0d3a-4c75-9405-18ab76aa0818
Replacing HYPOT neuron 7f328ea8-04b1-48f0-b63f-cb59a924a69b
Replacing HYPOT neuron 9cbb3816-0d3a-4c75-9405-18ab76aa0818
Replacing HYPOT neuron 7f328ea8-04b1-48f0-b63f-cb59a924a69b
Replacing HYPOT neuron 9cbb3816-0d3a-4c75-9405-18ab76aa0818
Replacing HYPOT neuron 7f328ea8-04b1-48f0-b63f-cb59a924a69b
Replacing HYPOT neuron 9cbb3816-0d3a-4c75-9405-18ab76aa0818
Replacing HYPOT neuron 7f328ea8-04b1-48f0-b63f-cb59a924a69b
Replacing HYPOT neuron 9cbb3816-0d3a-4c75-9405-18ab76aa0818
Replacing HYPOT neuron 7f328ea8-04b1-48f0-b63f-cb59a924a69b
Replacing HYPOT neuron 9cbb3816-0d3a-4c75-9405-18ab76aa0818
Replacing HYPOT neuron 7f328ea8-04b1-48f0-b63f-cb59a924a69b
Replacing HYPOT neuron 9cbb3816-0d3a-4c75-9405-18ab76aa0818
Replacing HYPOT neuron 7f328ea8-04b1-48f0-b63f-cb59a924a69b
Replacing HYPOT neuron 9cbb3816-0d3a-4c75-9405-18ab76aa0818
Replacing HYPOT neuron 7f328ea8-04b1-48f0-b63f-cb59a924a69b
Replacing HYPOT neuron 9cbb3816-0d3a-4c75-9405-18ab76aa0818
Fine tuning increased fitness by 1.1225146256954588e-8 to 0.8056285794193586 adjusted 1 weight 
Replacing HYPOT neuron 7f328ea8-04b1-48f0-b63f-cb59a924a69b
Replacing HYPOT neuron 9cbb3816-0d3a-4c75-9405-18ab76aa0818
Replacing HYPOT neuron 7f328ea8-04b1-48f0-b63f-cb59a924a69b
Replacing HYPOT neuron 9cbb3816-0d3a-4c75-9405-18ab76aa0818
Replacing HYPOT neuron 7f328ea8-04b1-48f0-b63f-cb59a924a69b
Replacing HYPOT neuron 9cbb3816-0d3a-4c75-9405-18ab76aa0818
Replacing HYPOT neuron 7f328ea8-04b1-48f0-b63f-cb59a924a69b
Replacing HYPOT neuron 9cbb3816-0d3a-4c75-9405-18ab76aa0818
Replacing HYPOT neuron 7f328ea8-04b1-48f0-b63f-cb59a924a69b
Replacing HYPOT neuron 9cbb3816-0d3a-4c75-9405-18ab76aa0818
Replacing HYPOT neuron 7f328ea8-04b1-48f0-b63f-cb59a924a69b
Replacing HYPOT neuron 9cbb3816-0d3a-4c75-9405-18ab76aa0818
Replacing HYPOT neuron 7f328ea8-04b1-48f0-b63f-cb59a924a69b
Replacing HYPOT neuron 9cbb3816-0d3a-4c75-9405-18ab76aa0818
Replacing HYPOT neuron 7f328ea8-04b1-48f0-b63f-cb59a924a69b
Replacing HYPOT neuron 9cbb3816-0d3a-4c75-9405-18ab76aa0818
Replacing HYPOT neuron 7f328ea8-04b1-48f0-b63f-cb59a924a69b
Replacing HYPOT neuron 9cbb3816-0d3a-4c75-9405-18ab76aa0818
Replacing HYPOT neuron 7f328ea8-04b1-48f0-b63f-cb59a924a69b
Replacing HYPOT neuron 9cbb3816-0d3a-4c75-9405-18ab76aa0818
Replacing HYPOT neuron 7f328ea8-04b1-48f0-b63f-cb59a924a69b
Replacing HYPOT neuron 9cbb3816-0d3a-4c75-9405-18ab76aa0818
Replacing HYPOT neuron 7f328ea8-04b1-48f0-b63f-cb59a924a69b
Replacing HYPOT neuron 9cbb3816-0d3a-4c75-9405-18ab76aa0818
Replacing HYPOT neuron 7f328ea8-04b1-48f0-b63f-cb59a924a69b
Replacing HYPOT neuron 9cbb3816-0d3a-4c75-9405-18ab76aa0818
Replacing HYPOT neuron 7f328ea8-04b1-48f0-b63f-cb59a924a69b
Replacing HYPOT neuron 9cbb3816-0d3a-4c75-9405-18ab76aa0818
Replacing HYPOT neuron 7f328ea8-04b1-48f0-b63f-cb59a924a69b
Replacing HYPOT neuron 9cbb3816-0d3a-4c75-9405-18ab76aa0818
Replacing HYPOT neuron 7f328ea8-04b1-48f0-b63f-cb59a924a69b
Replacing HYPOT neuron 9cbb3816-0d3a-4c75-9405-18ab76aa0818
Replacing HYPOT neuron 7f328ea8-04b1-48f0-b63f-cb59a924a69b
Replacing HYPOT neuron 9cbb3816-0d3a-4c75-9405-18ab76aa0818
Replacing HYPOT neuron 7f328ea8-04b1-48f0-b63f-cb59a924a69b
Replacing HYPOT neuron 9cbb3816-0d3a-4c75-9405-18ab76aa0818
Replacing HYPOT neuron 7f328ea8-04b1-48f0-b63f-cb59a924a69b
Replacing HYPOT neuron 9cbb3816-0d3a-4c75-9405-18ab76aa0818
Replacing HYPOT neuron 7f328ea8-04b1-48f0-b63f-cb59a924a69b
Replacing HYPOT neuron 9cbb3816-0d3a-4c75-9405-18ab76aa0818
Replacing HYPOT neuron 7f328ea8-04b1-48f0-b63f-cb59a924a69b
Replacing HYPOT neuron 9cbb3816-0d3a-4c75-9405-18ab76aa0818
Replacing HYPOT neuron 7f328ea8-04b1-48f0-b63f-cb59a924a69b
Replacing HYPOT neuron 9cbb3816-0d3a-4c75-9405-18ab76aa0818
Replacing HYPOT neuron 7f328ea8-04b1-48f0-b63f-cb59a924a69b
Replacing HYPOT neuron 9cbb3816-0d3a-4c75-9405-18ab76aa0818
Replacing HYPOT neuron 7f328ea8-04b1-48f0-b63f-cb59a924a69b
Replacing HYPOT neuron 9cbb3816-0d3a-4c75-9405-18ab76aa0818
Replacing HYPOT neuron 7f328ea8-04b1-48f0-b63f-cb59a924a69b
Replacing HYPOT neuron 9cbb3816-0d3a-4c75-9405-18ab76aa0818
Replacing HYPOT neuron 7f328ea8-04b1-48f0-b63f-cb59a924a69b
Replacing HYPOT neuron 9cbb3816-0d3a-4c75-9405-18ab76aa0818
Fine tuning increased fitness by 4.22809914857325e-8 to 0.8056286217003501 adjusted 1 weight 
Replacing HYPOT neuron 7f328ea8-04b1-48f0-b63f-cb59a924a69b
Replacing HYPOT neuron 9cbb3816-0d3a-4c75-9405-18ab76aa0818
Replacing HYPOT neuron 7f328ea8-04b1-48f0-b63f-cb59a924a69b
Replacing HYPOT neuron 9cbb3816-0d3a-4c75-9405-18ab76aa0818
Replacing HYPOT neuron 7f328ea8-04b1-48f0-b63f-cb59a924a69b
Replacing HYPOT neuron 9cbb3816-0d3a-4c75-9405-18ab76aa0818
Replacing HYPOT neuron 7f328ea8-04b1-48f0-b63f-cb59a924a69b
Replacing HYPOT neuron 9cbb3816-0d3a-4c75-9405-18ab76aa0818
Replacing HYPOT neuron 7f328ea8-04b1-48f0-b63f-cb59a924a69b
Replacing HYPOT neuron 9cbb3816-0d3a-4c75-9405-18ab76aa0818
Replacing HYPOT neuron 7f328ea8-04b1-48f0-b63f-cb59a924a69b
Replacing HYPOT neuron 9cbb3816-0d3a-4c75-9405-18ab76aa0818
Replacing HYPOT neuron 7f328ea8-04b1-48f0-b63f-cb59a924a69b
Replacing HYPOT neuron 9cbb3816-0d3a-4c75-9405-18ab76aa0818
Replacing HYPOT neuron 7f328ea8-04b1-48f0-b63f-cb59a924a69b
Replacing HYPOT neuron 9cbb3816-0d3a-4c75-9405-18ab76aa0818
Replacing HYPOT neuron 7f328ea8-04b1-48f0-b63f-cb59a924a69b
Replacing HYPOT neuron 9cbb3816-0d3a-4c75-9405-18ab76aa0818
Replacing HYPOT neuron 7f328ea8-04b1-48f0-b63f-cb59a924a69b
Replacing HYPOT neuron 9cbb3816-0d3a-4c75-9405-18ab76aa0818
Replacing HYPOT neuron 7f328ea8-04b1-48f0-b63f-cb59a924a69b
Replacing HYPOT neuron 9cbb3816-0d3a-4c75-9405-18ab76aa0818
Replacing HYPOT neuron 7f328ea8-04b1-48f0-b63f-cb59a924a69b
Replacing HYPOT neuron 9cbb3816-0d3a-4c75-9405-18ab76aa0818
Replacing HYPOT neuron 7f328ea8-04b1-48f0-b63f-cb59a924a69b
Replacing HYPOT neuron 9cbb3816-0d3a-4c75-9405-18ab76aa0818
Replacing HYPOT neuron 7f328ea8-04b1-48f0-b63f-cb59a924a69b
Replacing HYPOT neuron 9cbb3816-0d3a-4c75-9405-18ab76aa0818
Replacing HYPOT neuron 7f328ea8-04b1-48f0-b63f-cb59a924a69b
Replacing HYPOT neuron 9cbb3816-0d3a-4c75-9405-18ab76aa0818
Replacing HYPOT neuron 7f328ea8-04b1-48f0-b63f-cb59a924a69b
Replacing HYPOT neuron 9cbb3816-0d3a-4c75-9405-18ab76aa0818
Replacing HYPOT neuron 7f328ea8-04b1-48f0-b63f-cb59a924a69b
Replacing HYPOT neuron 9cbb3816-0d3a-4c75-9405-18ab76aa0818
Replacing HYPOT neuron 7f328ea8-04b1-48f0-b63f-cb59a924a69b
Replacing HYPOT neuron 9cbb3816-0d3a-4c75-9405-18ab76aa0818
Replacing HYPOT neuron 7f328ea8-04b1-48f0-b63f-cb59a924a69b
Replacing HYPOT neuron 9cbb3816-0d3a-4c75-9405-18ab76aa0818
Replacing HYPOT neuron 7f328ea8-04b1-48f0-b63f-cb59a924a69b
Replacing HYPOT neuron 9cbb3816-0d3a-4c75-9405-18ab76aa0818
Replacing HYPOT neuron 7f328ea8-04b1-48f0-b63f-cb59a924a69b
Replacing HYPOT neuron 9cbb3816-0d3a-4c75-9405-18ab76aa0818
Replacing HYPOT neuron 7f328ea8-04b1-48f0-b63f-cb59a924a69b
Replacing HYPOT neuron 9cbb3816-0d3a-4c75-9405-18ab76aa0818
Replacing HYPOT neuron 7f328ea8-04b1-48f0-b63f-cb59a924a69b
Replacing HYPOT neuron 9cbb3816-0d3a-4c75-9405-18ab76aa0818
Replacing HYPOT neuron 7f328ea8-04b1-48f0-b63f-cb59a924a69b
Replacing HYPOT neuron 9cbb3816-0d3a-4c75-9405-18ab76aa0818
Replacing HYPOT neuron 7f328ea8-04b1-48f0-b63f-cb59a924a69b
Replacing HYPOT neuron 9cbb3816-0d3a-4c75-9405-18ab76aa0818
Replacing HYPOT neuron 7f328ea8-04b1-48f0-b63f-cb59a924a69b
Replacing HYPOT neuron 9cbb3816-0d3a-4c75-9405-18ab76aa0818
Replacing HYPOT neuron 7f328ea8-04b1-48f0-b63f-cb59a924a69b
Replacing HYPOT neuron 9cbb3816-0d3a-4c75-9405-18ab76aa0818
Replacing HYPOT neuron 7f328ea8-04b1-48f0-b63f-cb59a924a69b
Replacing HYPOT neuron 9cbb3816-0d3a-4c75-9405-18ab76aa0818
Replacing HYPOT neuron 7f328ea8-04b1-48f0-b63f-cb59a924a69b
Replacing HYPOT neuron 9cbb3816-0d3a-4c75-9405-18ab76aa0818
Replacing HYPOT neuron 7f328ea8-04b1-48f0-b63f-cb59a924a69b
Replacing HYPOT neuron 9cbb3816-0d3a-4c75-9405-18ab76aa0818
Replacing HYPOT neuron 7f328ea8-04b1-48f0-b63f-cb59a924a69b
Replacing HYPOT neuron 9cbb3816-0d3a-4c75-9405-18ab76aa0818
Replacing HYPOT neuron 7f328ea8-04b1-48f0-b63f-cb59a924a69b
Replacing HYPOT neuron 9cbb3816-0d3a-4c75-9405-18ab76aa0818
Replacing HYPOT neuron 7f328ea8-04b1-48f0-b63f-cb59a924a69b
Replacing HYPOT neuron 9cbb3816-0d3a-4c75-9405-18ab76aa0818
Replacing HYPOT neuron 7f328ea8-04b1-48f0-b63f-cb59a924a69b
Replacing HYPOT neuron 9cbb3816-0d3a-4c75-9405-18ab76aa0818
Replacing HYPOT neuron 7f328ea8-04b1-48f0-b63f-cb59a924a69b
Replacing HYPOT neuron 9cbb3816-0d3a-4c75-9405-18ab76aa0818
Replacing HYPOT neuron 7f328ea8-04b1-48f0-b63f-cb59a924a69b
Replacing HYPOT neuron 9cbb3816-0d3a-4c75-9405-18ab76aa0818
Replacing HYPOT neuron 7f328ea8-04b1-48f0-b63f-cb59a924a69b
Replacing HYPOT neuron 9cbb3816-0d3a-4c75-9405-18ab76aa0818
Replacing HYPOT neuron 7f328ea8-04b1-48f0-b63f-cb59a924a69b
Replacing HYPOT neuron 9cbb3816-0d3a-4c75-9405-18ab76aa0818
Replacing HYPOT neuron 7f328ea8-04b1-48f0-b63f-cb59a924a69b
Replacing HYPOT neuron 9cbb3816-0d3a-4c75-9405-18ab76aa0818
Replacing HYPOT neuron 7f328ea8-04b1-48f0-b63f-cb59a924a69b
Replacing HYPOT neuron 9cbb3816-0d3a-4c75-9405-18ab76aa0818
Replacing HYPOT neuron 7f328ea8-04b1-48f0-b63f-cb59a924a69b
Replacing HYPOT neuron 9cbb3816-0d3a-4c75-9405-18ab76aa0818
Replacing HYPOT neuron 7f328ea8-04b1-48f0-b63f-cb59a924a69b
Replacing HYPOT neuron 9cbb3816-0d3a-4c75-9405-18ab76aa0818
Replacing HYPOT neuron 7f328ea8-04b1-48f0-b63f-cb59a924a69b
Replacing HYPOT neuron 9cbb3816-0d3a-4c75-9405-18ab76aa0818
Replacing HYPOT neuron 7f328ea8-04b1-48f0-b63f-cb59a924a69b
Replacing HYPOT neuron 9cbb3816-0d3a-4c75-9405-18ab76aa0818
Replacing HYPOT neuron 7f328ea8-04b1-48f0-b63f-cb59a924a69b
Replacing HYPOT neuron 9cbb3816-0d3a-4c75-9405-18ab76aa0818
Replacing HYPOT neuron 7f328ea8-04b1-48f0-b63f-cb59a924a69b
Replacing HYPOT neuron 9cbb3816-0d3a-4c75-9405-18ab76aa0818
Replacing HYPOT neuron 7f328ea8-04b1-48f0-b63f-cb59a924a69b
Replacing HYPOT neuron 9cbb3816-0d3a-4c75-9405-18ab76aa0818
Replacing HYPOT neuron 7f328ea8-04b1-48f0-b63f-cb59a924a69b
Replacing HYPOT neuron 9cbb3816-0d3a-4c75-9405-18ab76aa0818
Replacing HYPOT neuron 7f328ea8-04b1-48f0-b63f-cb59a924a69b
Replacing HYPOT neuron 9cbb3816-0d3a-4c75-9405-18ab76aa0818
Replacing HYPOT neuron 7f328ea8-04b1-48f0-b63f-cb59a924a69b
Replacing HYPOT neuron 9cbb3816-0d3a-4c75-9405-18ab76aa0818
Replacing HYPOT neuron 7f328ea8-04b1-48f0-b63f-cb59a924a69b
Replacing HYPOT neuron 9cbb3816-0d3a-4c75-9405-18ab76aa0818
Replacing HYPOT neuron 7f328ea8-04b1-48f0-b63f-cb59a924a69b
Replacing HYPOT neuron 9cbb3816-0d3a-4c75-9405-18ab76aa0818
Replacing HYPOT neuron 7f328ea8-04b1-48f0-b63f-cb59a924a69b
Replacing HYPOT neuron 9cbb3816-0d3a-4c75-9405-18ab76aa0818
Replacing HYPOT neuron 7f328ea8-04b1-48f0-b63f-cb59a924a69b
Replacing HYPOT neuron 9cbb3816-0d3a-4c75-9405-18ab76aa0818
Replacing HYPOT neuron 7f328ea8-04b1-48f0-b63f-cb59a924a69b
Replacing HYPOT neuron 9cbb3816-0d3a-4c75-9405-18ab76aa0818
Replacing HYPOT neuron 7f328ea8-04b1-48f0-b63f-cb59a924a69b
Replacing HYPOT neuron 9cbb3816-0d3a-4c75-9405-18ab76aa0818
Replacing HYPOT neuron 7f328ea8-04b1-48f0-b63f-cb59a924a69b
Replacing HYPOT neuron 9cbb3816-0d3a-4c75-9405-18ab76aa0818
Replacing HYPOT neuron 7f328ea8-04b1-48f0-b63f-cb59a924a69b
Replacing HYPOT neuron 9cbb3816-0d3a-4c75-9405-18ab76aa0818
Replacing HYPOT neuron 7f328ea8-04b1-48f0-b63f-cb59a924a69b
Replacing HYPOT neuron 9cbb3816-0d3a-4c75-9405-18ab76aa0818
Replacing HYPOT neuron 7f328ea8-04b1-48f0-b63f-cb59a924a69b
Replacing HYPOT neuron 9cbb3816-0d3a-4c75-9405-18ab76aa0818
Replacing HYPOT neuron 7f328ea8-04b1-48f0-b63f-cb59a924a69b
Replacing HYPOT neuron 9cbb3816-0d3a-4c75-9405-18ab76aa0818
Replacing HYPOT neuron 7f328ea8-04b1-48f0-b63f-cb59a924a69b
Replacing HYPOT neuron 9cbb3816-0d3a-4c75-9405-18ab76aa0818
Replacing HYPOT neuron 7f328ea8-04b1-48f0-b63f-cb59a924a69b
Replacing HYPOT neuron 9cbb3816-0d3a-4c75-9405-18ab76aa0818
Replacing HYPOT neuron 7f328ea8-04b1-48f0-b63f-cb59a924a69b
Replacing HYPOT neuron 9cbb3816-0d3a-4c75-9405-18ab76aa0818
Replacing HYPOT neuron 7f328ea8-04b1-48f0-b63f-cb59a924a69b
Replacing HYPOT neuron 9cbb3816-0d3a-4c75-9405-18ab76aa0818
Replacing HYPOT neuron 7f328ea8-04b1-48f0-b63f-cb59a924a69b
Replacing HYPOT neuron 9cbb3816-0d3a-4c75-9405-18ab76aa0818
Fine tuning increased fitness by 5.8521333667904685e-8 to 0.8056286802216838 adjusted 1 weight 
Replacing HYPOT neuron 7f328ea8-04b1-48f0-b63f-cb59a924a69b
Replacing HYPOT neuron 9cbb3816-0d3a-4c75-9405-18ab76aa0818
Replacing HYPOT neuron 7f328ea8-04b1-48f0-b63f-cb59a924a69b
Replacing HYPOT neuron 9cbb3816-0d3a-4c75-9405-18ab76aa0818
Replacing HYPOT neuron 7f328ea8-04b1-48f0-b63f-cb59a924a69b
Replacing HYPOT neuron 9cbb3816-0d3a-4c75-9405-18ab76aa0818
Replacing HYPOT neuron 7f328ea8-04b1-48f0-b63f-cb59a924a69b
Replacing HYPOT neuron 9cbb3816-0d3a-4c75-9405-18ab76aa0818
Replacing HYPOT neuron 7f328ea8-04b1-48f0-b63f-cb59a924a69b
Replacing HYPOT neuron 9cbb3816-0d3a-4c75-9405-18ab76aa0818
Replacing HYPOT neuron 7f328ea8-04b1-48f0-b63f-cb59a924a69b
Replacing HYPOT neuron 9cbb3816-0d3a-4c75-9405-18ab76aa0818
Replacing HYPOT neuron 7f328ea8-04b1-48f0-b63f-cb59a924a69b
Replacing HYPOT neuron 9cbb3816-0d3a-4c75-9405-18ab76aa0818
Replacing HYPOT neuron 7f328ea8-04b1-48f0-b63f-cb59a924a69b
Replacing HYPOT neuron 9cbb3816-0d3a-4c75-9405-18ab76aa0818
Replacing HYPOT neuron 7f328ea8-04b1-48f0-b63f-cb59a924a69b
Replacing HYPOT neuron 9cbb3816-0d3a-4c75-9405-18ab76aa0818
Replacing HYPOT neuron 7f328ea8-04b1-48f0-b63f-cb59a924a69b
Replacing HYPOT neuron 9cbb3816-0d3a-4c75-9405-18ab76aa0818
Replacing HYPOT neuron 7f328ea8-04b1-48f0-b63f-cb59a924a69b
Replacing HYPOT neuron 9cbb3816-0d3a-4c75-9405-18ab76aa0818
Replacing HYPOT neuron 7f328ea8-04b1-48f0-b63f-cb59a924a69b
Replacing HYPOT neuron 9cbb3816-0d3a-4c75-9405-18ab76aa0818
Replacing HYPOT neuron 7f328ea8-04b1-48f0-b63f-cb59a924a69b
Replacing HYPOT neuron 9cbb3816-0d3a-4c75-9405-18ab76aa0818
Replacing HYPOT neuron 7f328ea8-04b1-48f0-b63f-cb59a924a69b
Replacing HYPOT neuron 9cbb3816-0d3a-4c75-9405-18ab76aa0818
Replacing HYPOT neuron 7f328ea8-04b1-48f0-b63f-cb59a924a69b
Replacing HYPOT neuron 9cbb3816-0d3a-4c75-9405-18ab76aa0818
Replacing HYPOT neuron 7f328ea8-04b1-48f0-b63f-cb59a924a69b
Replacing HYPOT neuron 9cbb3816-0d3a-4c75-9405-18ab76aa0818
Replacing HYPOT neuron 7f328ea8-04b1-48f0-b63f-cb59a924a69b
Replacing HYPOT neuron 9cbb3816-0d3a-4c75-9405-18ab76aa0818
Replacing HYPOT neuron 7f328ea8-04b1-48f0-b63f-cb59a924a69b
Replacing HYPOT neuron 9cbb3816-0d3a-4c75-9405-18ab76aa0818
Replacing HYPOT neuron 7f328ea8-04b1-48f0-b63f-cb59a924a69b
Replacing HYPOT neuron 9cbb3816-0d3a-4c75-9405-18ab76aa0818
Replacing HYPOT neuron 7f328ea8-04b1-48f0-b63f-cb59a924a69b
Replacing HYPOT neuron 9cbb3816-0d3a-4c75-9405-18ab76aa0818
Replacing HYPOT neuron 7f328ea8-04b1-48f0-b63f-cb59a924a69b
Replacing HYPOT neuron 9cbb3816-0d3a-4c75-9405-18ab76aa0818
Replacing HYPOT neuron 7f328ea8-04b1-48f0-b63f-cb59a924a69b
Replacing HYPOT neuron 9cbb3816-0d3a-4c75-9405-18ab76aa0818
Replacing HYPOT neuron 7f328ea8-04b1-48f0-b63f-cb59a924a69b
Replacing HYPOT neuron 9cbb3816-0d3a-4c75-9405-18ab76aa0818
Replacing HYPOT neuron 7f328ea8-04b1-48f0-b63f-cb59a924a69b
Replacing HYPOT neuron 9cbb3816-0d3a-4c75-9405-18ab76aa0818
Replacing HYPOT neuron 7f328ea8-04b1-48f0-b63f-cb59a924a69b
Replacing HYPOT neuron 9cbb3816-0d3a-4c75-9405-18ab76aa0818
Replacing HYPOT neuron 7f328ea8-04b1-48f0-b63f-cb59a924a69b
Replacing HYPOT neuron 9cbb3816-0d3a-4c75-9405-18ab76aa0818
Replacing HYPOT neuron 7f328ea8-04b1-48f0-b63f-cb59a924a69b
Replacing HYPOT neuron 9cbb3816-0d3a-4c75-9405-18ab76aa0818
Replacing HYPOT neuron 7f328ea8-04b1-48f0-b63f-cb59a924a69b
Replacing HYPOT neuron 9cbb3816-0d3a-4c75-9405-18ab76aa0818
Discovered beneficial synapse from input-1312 to 3e4b1c4c-a7be-4d88-984b-c79bbe0910cc with weight -1.0000, helping 50.6% more records than it harms (2882/4613)
Discovery af159130 analyze time 20s 763ms found 1 candidates
Discovered harmful synapse from input-1004 to 1b33ae58-5c91-41e6-b239-ad98393c0c29, harming 16.4% more records than it helps (1325/4613)
Discovery af159130 analyze harmful time 945ms found 1 candidates
Discovery af159130 analyze squashes time 1s 78ms found 1 candidate, Summary: 3e4b1c4c-a7be-4d88-984b-c79bbe0910cc ArcTan -> SQUARE improved: 2.2% error: 3.452979397351231e+21 -> 3.3766911199845595e+21
Fine tuning increased fitness by 1.1630590135425223e-7 to 0.8056287965275851 adjusted 1 weight 
Replacing HYPOT neuron 7f328ea8-04b1-48f0-b63f-cb59a924a69b
Replacing HYPOT neuron 9cbb3816-0d3a-4c75-9405-18ab76aa0818
Replacing HYPOT neuron 7f328ea8-04b1-48f0-b63f-cb59a924a69b
Replacing HYPOT neuron 9cbb3816-0d3a-4c75-9405-18ab76aa0818
Replacing HYPOT neuron 7f328ea8-04b1-48f0-b63f-cb59a924a69b
Replacing HYPOT neuron 9cbb3816-0d3a-4c75-9405-18ab76aa0818
Replacing HYPOT neuron 7f328ea8-04b1-48f0-b63f-cb59a924a69b
Replacing HYPOT neuron 9cbb3816-0d3a-4c75-9405-18ab76aa0818
Replacing HYPOT neuron 7f328ea8-04b1-48f0-b63f-cb59a924a69b
Replacing HYPOT neuron 9cbb3816-0d3a-4c75-9405-18ab76aa0818
Replacing HYPOT neuron 7f328ea8-04b1-48f0-b63f-cb59a924a69b
Replacing HYPOT neuron 9cbb3816-0d3a-4c75-9405-18ab76aa0818
Replacing HYPOT neuron 7f328ea8-04b1-48f0-b63f-cb59a924a69b
Replacing HYPOT neuron 9cbb3816-0d3a-4c75-9405-18ab76aa0818
Replacing HYPOT neuron 7f328ea8-04b1-48f0-b63f-cb59a924a69b
Replacing HYPOT neuron 9cbb3816-0d3a-4c75-9405-18ab76aa0818
Replacing HYPOT neuron 7f328ea8-04b1-48f0-b63f-cb59a924a69b
Replacing HYPOT neuron 9cbb3816-0d3a-4c75-9405-18ab76aa0818
Replacing HYPOT neuron 7f328ea8-04b1-48f0-b63f-cb59a924a69b
Replacing HYPOT neuron 9cbb3816-0d3a-4c75-9405-18ab76aa0818
Replacing HYPOT neuron 7f328ea8-04b1-48f0-b63f-cb59a924a69b
Replacing HYPOT neuron 9cbb3816-0d3a-4c75-9405-18ab76aa0818
Replacing HYPOT neuron 7f328ea8-04b1-48f0-b63f-cb59a924a69b
Replacing HYPOT neuron 9cbb3816-0d3a-4c75-9405-18ab76aa0818
Replacing HYPOT neuron 7f328ea8-04b1-48f0-b63f-cb59a924a69b
Replacing HYPOT neuron 9cbb3816-0d3a-4c75-9405-18ab76aa0818
Replacing HYPOT neuron 7f328ea8-04b1-48f0-b63f-cb59a924a69b
Replacing HYPOT neuron 9cbb3816-0d3a-4c75-9405-18ab76aa0818
Replacing HYPOT neuron 7f328ea8-04b1-48f0-b63f-cb59a924a69b
Replacing HYPOT neuron 9cbb3816-0d3a-4c75-9405-18ab76aa0818
Replacing HYPOT neuron 7f328ea8-04b1-48f0-b63f-cb59a924a69b
Replacing HYPOT neuron 9cbb3816-0d3a-4c75-9405-18ab76aa0818
Replacing HYPOT neuron 7f328ea8-04b1-48f0-b63f-cb59a924a69b
Replacing HYPOT neuron 9cbb3816-0d3a-4c75-9405-18ab76aa0818
Replacing HYPOT neuron 7f328ea8-04b1-48f0-b63f-cb59a924a69b
Replacing HYPOT neuron 9cbb3816-0d3a-4c75-9405-18ab76aa0818
Replacing HYPOT neuron 7f328ea8-04b1-48f0-b63f-cb59a924a69b
Replacing HYPOT neuron 9cbb3816-0d3a-4c75-9405-18ab76aa0818
Replacing HYPOT neuron 7f328ea8-04b1-48f0-b63f-cb59a924a69b
Replacing HYPOT neuron 9cbb3816-0d3a-4c75-9405-18ab76aa0818
Replacing HYPOT neuron 7f328ea8-04b1-48f0-b63f-cb59a924a69b
Replacing HYPOT neuron 9cbb3816-0d3a-4c75-9405-18ab76aa0818
Replacing HYPOT neuron 7f328ea8-04b1-48f0-b63f-cb59a924a69b
Replacing HYPOT neuron 9cbb3816-0d3a-4c75-9405-18ab76aa0818
Replacing HYPOT neuron 7f328ea8-04b1-48f0-b63f-cb59a924a69b
Replacing HYPOT neuron 9cbb3816-0d3a-4c75-9405-18ab76aa0818
Replacing HYPOT neuron 7f328ea8-04b1-48f0-b63f-cb59a924a69b
Replacing HYPOT neuron 9cbb3816-0d3a-4c75-9405-18ab76aa0818
Replacing HYPOT neuron 7f328ea8-04b1-48f0-b63f-cb59a924a69b
Replacing HYPOT neuron 9cbb3816-0d3a-4c75-9405-18ab76aa0818
Replacing HYPOT neuron 7f328ea8-04b1-48f0-b63f-cb59a924a69b
Replacing HYPOT neuron 9cbb3816-0d3a-4c75-9405-18ab76aa0818
Replacing HYPOT neuron 7f328ea8-04b1-48f0-b63f-cb59a924a69b
Replacing HYPOT neuron 9cbb3816-0d3a-4c75-9405-18ab76aa0818
Replacing HYPOT neuron 7f328ea8-04b1-48f0-b63f-cb59a924a69b
Replacing HYPOT neuron 9cbb3816-0d3a-4c75-9405-18ab76aa0818
Replacing HYPOT neuron 7f328ea8-04b1-48f0-b63f-cb59a924a69b
Replacing HYPOT neuron 9cbb3816-0d3a-4c75-9405-18ab76aa0818
Replacing HYPOT neuron 7f328ea8-04b1-48f0-b63f-cb59a924a69b
Replacing HYPOT neuron 9cbb3816-0d3a-4c75-9405-18ab76aa0818
Replacing HYPOT neuron 7f328ea8-04b1-48f0-b63f-cb59a924a69b
Replacing HYPOT neuron 9cbb3816-0d3a-4c75-9405-18ab76aa0818
Replacing HYPOT neuron 7f328ea8-04b1-48f0-b63f-cb59a924a69b
Replacing HYPOT neuron 9cbb3816-0d3a-4c75-9405-18ab76aa0818
Replacing HYPOT neuron 7f328ea8-04b1-48f0-b63f-cb59a924a69b
Replacing HYPOT neuron 9cbb3816-0d3a-4c75-9405-18ab76aa0818
Replacing HYPOT neuron 7f328ea8-04b1-48f0-b63f-cb59a924a69b
Replacing HYPOT neuron 9cbb3816-0d3a-4c75-9405-18ab76aa0818
Replacing HYPOT neuron 7f328ea8-04b1-48f0-b63f-cb59a924a69b
Replacing HYPOT neuron 9cbb3816-0d3a-4c75-9405-18ab76aa0818
Replacing HYPOT neuron 7f328ea8-04b1-48f0-b63f-cb59a924a69b
Replacing HYPOT neuron 9cbb3816-0d3a-4c75-9405-18ab76aa0818
Replacing HYPOT neuron 7f328ea8-04b1-48f0-b63f-cb59a924a69b
Replacing HYPOT neuron 9cbb3816-0d3a-4c75-9405-18ab76aa0818
Replacing HYPOT neuron 7f328ea8-04b1-48f0-b63f-cb59a924a69b
Replacing HYPOT neuron 9cbb3816-0d3a-4c75-9405-18ab76aa0818
Replacing HYPOT neuron 7f328ea8-04b1-48f0-b63f-cb59a924a69b
Replacing HYPOT neuron 9cbb3816-0d3a-4c75-9405-18ab76aa0818
Replacing HYPOT neuron 7f328ea8-04b1-48f0-b63f-cb59a924a69b
Replacing HYPOT neuron 9cbb3816-0d3a-4c75-9405-18ab76aa0818
Replacing HYPOT neuron 7f328ea8-04b1-48f0-b63f-cb59a924a69b
Replacing HYPOT neuron 9cbb3816-0d3a-4c75-9405-18ab76aa0818
Replacing HYPOT neuron 7f328ea8-04b1-48f0-b63f-cb59a924a69b
Replacing HYPOT neuron 9cbb3816-0d3a-4c75-9405-18ab76aa0818
Replacing HYPOT neuron 7f328ea8-04b1-48f0-b63f-cb59a924a69b
Replacing HYPOT neuron 9cbb3816-0d3a-4c75-9405-18ab76aa0818
Replacing HYPOT neuron 7f328ea8-04b1-48f0-b63f-cb59a924a69b
Replacing HYPOT neuron 9cbb3816-0d3a-4c75-9405-18ab76aa0818
Replacing HYPOT neuron 7f328ea8-04b1-48f0-b63f-cb59a924a69b
Replacing HYPOT neuron 9cbb3816-0d3a-4c75-9405-18ab76aa0818
Replacing HYPOT neuron 7f328ea8-04b1-48f0-b63f-cb59a924a69b
Replacing HYPOT neuron 9cbb3816-0d3a-4c75-9405-18ab76aa0818
Replacing HYPOT neuron 7f328ea8-04b1-48f0-b63f-cb59a924a69b
Replacing HYPOT neuron 9cbb3816-0d3a-4c75-9405-18ab76aa0818
Replacing HYPOT neuron 7f328ea8-04b1-48f0-b63f-cb59a924a69b
Replacing HYPOT neuron 9cbb3816-0d3a-4c75-9405-18ab76aa0818
Replacing HYPOT neuron 7f328ea8-04b1-48f0-b63f-cb59a924a69b
Replacing HYPOT neuron 9cbb3816-0d3a-4c75-9405-18ab76aa0818
Replacing HYPOT neuron 7f328ea8-04b1-48f0-b63f-cb59a924a69b
Replacing HYPOT neuron 9cbb3816-0d3a-4c75-9405-18ab76aa0818
Replacing HYPOT neuron 7f328ea8-04b1-48f0-b63f-cb59a924a69b
Replacing HYPOT neuron 9cbb3816-0d3a-4c75-9405-18ab76aa0818
Replacing HYPOT neuron 7f328ea8-04b1-48f0-b63f-cb59a924a69b
Replacing HYPOT neuron 9cbb3816-0d3a-4c75-9405-18ab76aa0818
Replacing HYPOT neuron 7f328ea8-04b1-48f0-b63f-cb59a924a69b
Replacing HYPOT neuron 9cbb3816-0d3a-4c75-9405-18ab76aa0818
Replacing HYPOT neuron 7f328ea8-04b1-48f0-b63f-cb59a924a69b
Replacing HYPOT neuron 9cbb3816-0d3a-4c75-9405-18ab76aa0818
Replacing HYPOT neuron 7f328ea8-04b1-48f0-b63f-cb59a924a69b
Replacing HYPOT neuron 9cbb3816-0d3a-4c75-9405-18ab76aa0818
Replacing HYPOT neuron 7f328ea8-04b1-48f0-b63f-cb59a924a69b
Replacing HYPOT neuron 9cbb3816-0d3a-4c75-9405-18ab76aa0818
Replacing HYPOT neuron 7f328ea8-04b1-48f0-b63f-cb59a924a69b
Replacing HYPOT neuron 9cbb3816-0d3a-4c75-9405-18ab76aa0818
Replacing HYPOT neuron 7f328ea8-04b1-48f0-b63f-cb59a924a69b
Replacing HYPOT neuron 9cbb3816-0d3a-4c75-9405-18ab76aa0818
Replacing HYPOT neuron 7f328ea8-04b1-48f0-b63f-cb59a924a69b
Replacing HYPOT neuron 9cbb3816-0d3a-4c75-9405-18ab76aa0818
Replacing HYPOT neuron 7f328ea8-04b1-48f0-b63f-cb59a924a69b
Replacing HYPOT neuron 9cbb3816-0d3a-4c75-9405-18ab76aa0818
Replacing HYPOT neuron 7f328ea8-04b1-48f0-b63f-cb59a924a69b
Replacing HYPOT neuron 9cbb3816-0d3a-4c75-9405-18ab76aa0818
Replacing HYPOT neuron 7f328ea8-04b1-48f0-b63f-cb59a924a69b
Replacing HYPOT neuron 9cbb3816-0d3a-4c75-9405-18ab76aa0818
Replacing HYPOT neuron 7f328ea8-04b1-48f0-b63f-cb59a924a69b
Replacing HYPOT neuron 9cbb3816-0d3a-4c75-9405-18ab76aa0818
Replacing HYPOT neuron 7f328ea8-04b1-48f0-b63f-cb59a924a69b
Replacing HYPOT neuron 9cbb3816-0d3a-4c75-9405-18ab76aa0818
Fine tuning increased fitness by 2.0014134582968524e-7 to 0.805628996668931 adjusted 1 weight 
Replacing HYPOT neuron 7f328ea8-04b1-48f0-b63f-cb59a924a69b
Replacing HYPOT neuron 9cbb3816-0d3a-4c75-9405-18ab76aa0818
Replacing HYPOT neuron 7f328ea8-04b1-48f0-b63f-cb59a924a69b
Replacing HYPOT neuron 9cbb3816-0d3a-4c75-9405-18ab76aa0818
Replacing HYPOT neuron 7f328ea8-04b1-48f0-b63f-cb59a924a69b
Replacing HYPOT neuron 9cbb3816-0d3a-4c75-9405-18ab76aa0818
Replacing HYPOT neuron 7f328ea8-04b1-48f0-b63f-cb59a924a69b
Replacing HYPOT neuron 9cbb3816-0d3a-4c75-9405-18ab76aa0818
Replacing HYPOT neuron 7f328ea8-04b1-48f0-b63f-cb59a924a69b
Replacing HYPOT neuron 9cbb3816-0d3a-4c75-9405-18ab76aa0818
Replacing HYPOT neuron 7f328ea8-04b1-48f0-b63f-cb59a924a69b
Replacing HYPOT neuron 9cbb3816-0d3a-4c75-9405-18ab76aa0818
Replacing HYPOT neuron 7f328ea8-04b1-48f0-b63f-cb59a924a69b
Replacing HYPOT neuron 9cbb3816-0d3a-4c75-9405-18ab76aa0818
Replacing HYPOT neuron 7f328ea8-04b1-48f0-b63f-cb59a924a69b
Replacing HYPOT neuron 9cbb3816-0d3a-4c75-9405-18ab76aa0818
Replacing HYPOT neuron 7f328ea8-04b1-48f0-b63f-cb59a924a69b
Replacing HYPOT neuron 9cbb3816-0d3a-4c75-9405-18ab76aa0818
Replacing HYPOT neuron 7f328ea8-04b1-48f0-b63f-cb59a924a69b
Replacing HYPOT neuron 9cbb3816-0d3a-4c75-9405-18ab76aa0818
Replacing HYPOT neuron 7f328ea8-04b1-48f0-b63f-cb59a924a69b
Replacing HYPOT neuron 9cbb3816-0d3a-4c75-9405-18ab76aa0818
Replacing HYPOT neuron 7f328ea8-04b1-48f0-b63f-cb59a924a69b
Replacing HYPOT neuron 9cbb3816-0d3a-4c75-9405-18ab76aa0818
Replacing HYPOT neuron 7f328ea8-04b1-48f0-b63f-cb59a924a69b
Replacing HYPOT neuron 9cbb3816-0d3a-4c75-9405-18ab76aa0818
Replacing HYPOT neuron 7f328ea8-04b1-48f0-b63f-cb59a924a69b
Replacing HYPOT neuron 9cbb3816-0d3a-4c75-9405-18ab76aa0818
Replacing HYPOT neuron 7f328ea8-04b1-48f0-b63f-cb59a924a69b
Replacing HYPOT neuron 9cbb3816-0d3a-4c75-9405-18ab76aa0818
Replacing HYPOT neuron 7f328ea8-04b1-48f0-b63f-cb59a924a69b
Replacing HYPOT neuron 9cbb3816-0d3a-4c75-9405-18ab76aa0818
Replacing HYPOT neuron 7f328ea8-04b1-48f0-b63f-cb59a924a69b
Replacing HYPOT neuron 9cbb3816-0d3a-4c75-9405-18ab76aa0818
Replacing HYPOT neuron 7f328ea8-04b1-48f0-b63f-cb59a924a69b
Replacing HYPOT neuron 9cbb3816-0d3a-4c75-9405-18ab76aa0818
Replacing HYPOT neuron 7f328ea8-04b1-48f0-b63f-cb59a924a69b
Replacing HYPOT neuron 9cbb3816-0d3a-4c75-9405-18ab76aa0818
Replacing HYPOT neuron 7f328ea8-04b1-48f0-b63f-cb59a924a69b
Replacing HYPOT neuron 9cbb3816-0d3a-4c75-9405-18ab76aa0818
Replacing HYPOT neuron 7f328ea8-04b1-48f0-b63f-cb59a924a69b
Replacing HYPOT neuron 9cbb3816-0d3a-4c75-9405-18ab76aa0818
Replacing HYPOT neuron 7f328ea8-04b1-48f0-b63f-cb59a924a69b
Replacing HYPOT neuron 9cbb3816-0d3a-4c75-9405-18ab76aa0818
Replacing HYPOT neuron 7f328ea8-04b1-48f0-b63f-cb59a924a69b
Replacing HYPOT neuron 9cbb3816-0d3a-4c75-9405-18ab76aa0818
Replacing HYPOT neuron 7f328ea8-04b1-48f0-b63f-cb59a924a69b
Replacing HYPOT neuron 9cbb3816-0d3a-4c75-9405-18ab76aa0818
Replacing HYPOT neuron 7f328ea8-04b1-48f0-b63f-cb59a924a69b
Replacing HYPOT neuron 9cbb3816-0d3a-4c75-9405-18ab76aa0818
Replacing HYPOT neuron 7f328ea8-04b1-48f0-b63f-cb59a924a69b
Replacing HYPOT neuron 9cbb3816-0d3a-4c75-9405-18ab76aa0818
Generation 40 score 0.805628996668931  error 0.19431990933197688 avg time 4s 79ms
Fine tuning increased fitness by 6.511541262854692e-7 to 0.8056296478230572 adjusted 1 weight 
Replacing HYPOT neuron 7f328ea8-04b1-48f0-b63f-cb59a924a69b
Replacing HYPOT neuron 9cbb3816-0d3a-4c75-9405-18ab76aa0818
Replacing HYPOT neuron 7f328ea8-04b1-48f0-b63f-cb59a924a69b
Replacing HYPOT neuron 9cbb3816-0d3a-4c75-9405-18ab76aa0818
Replacing HYPOT neuron 7f328ea8-04b1-48f0-b63f-cb59a924a69b
Replacing HYPOT neuron 9cbb3816-0d3a-4c75-9405-18ab76aa0818
Replacing HYPOT neuron 7f328ea8-04b1-48f0-b63f-cb59a924a69b
Replacing HYPOT neuron 9cbb3816-0d3a-4c75-9405-18ab76aa0818
Replacing HYPOT neuron 7f328ea8-04b1-48f0-b63f-cb59a924a69b
Replacing HYPOT neuron 9cbb3816-0d3a-4c75-9405-18ab76aa0818
Replacing HYPOT neuron 7f328ea8-04b1-48f0-b63f-cb59a924a69b
Replacing HYPOT neuron 9cbb3816-0d3a-4c75-9405-18ab76aa0818
Replacing HYPOT neuron 7f328ea8-04b1-48f0-b63f-cb59a924a69b
Replacing HYPOT neuron 9cbb3816-0d3a-4c75-9405-18ab76aa0818
Replacing HYPOT neuron 7f328ea8-04b1-48f0-b63f-cb59a924a69b
Replacing HYPOT neuron 9cbb3816-0d3a-4c75-9405-18ab76aa0818
Replacing HYPOT neuron 7f328ea8-04b1-48f0-b63f-cb59a924a69b
Replacing HYPOT neuron 9cbb3816-0d3a-4c75-9405-18ab76aa0818
Replacing HYPOT neuron 7f328ea8-04b1-48f0-b63f-cb59a924a69b
Replacing HYPOT neuron 9cbb3816-0d3a-4c75-9405-18ab76aa0818
Replacing HYPOT neuron 7f328ea8-04b1-48f0-b63f-cb59a924a69b
Replacing HYPOT neuron 9cbb3816-0d3a-4c75-9405-18ab76aa0818
Replacing HYPOT neuron 7f328ea8-04b1-48f0-b63f-cb59a924a69b
Replacing HYPOT neuron 9cbb3816-0d3a-4c75-9405-18ab76aa0818
Replacing HYPOT neuron 7f328ea8-04b1-48f0-b63f-cb59a924a69b
Replacing HYPOT neuron 9cbb3816-0d3a-4c75-9405-18ab76aa0818
Replacing HYPOT neuron 7f328ea8-04b1-48f0-b63f-cb59a924a69b
Replacing HYPOT neuron 9cbb3816-0d3a-4c75-9405-18ab76aa0818
Replacing HYPOT neuron 7f328ea8-04b1-48f0-b63f-cb59a924a69b
Replacing HYPOT neuron 9cbb3816-0d3a-4c75-9405-18ab76aa0818
Replacing HYPOT neuron 7f328ea8-04b1-48f0-b63f-cb59a924a69b
Replacing HYPOT neuron 9cbb3816-0d3a-4c75-9405-18ab76aa0818
Replacing HYPOT neuron 7f328ea8-04b1-48f0-b63f-cb59a924a69b
Replacing HYPOT neuron 9cbb3816-0d3a-4c75-9405-18ab76aa0818
Replacing HYPOT neuron 7f328ea8-04b1-48f0-b63f-cb59a924a69b
Replacing HYPOT neuron 9cbb3816-0d3a-4c75-9405-18ab76aa0818
Replacing HYPOT neuron 7f328ea8-04b1-48f0-b63f-cb59a924a69b
Replacing HYPOT neuron 9cbb3816-0d3a-4c75-9405-18ab76aa0818
Replacing HYPOT neuron 7f328ea8-04b1-48f0-b63f-cb59a924a69b
Replacing HYPOT neuron 9cbb3816-0d3a-4c75-9405-18ab76aa0818
Replacing HYPOT neuron 7f328ea8-04b1-48f0-b63f-cb59a924a69b
Replacing HYPOT neuron 9cbb3816-0d3a-4c75-9405-18ab76aa0818
Replacing HYPOT neuron 7f328ea8-04b1-48f0-b63f-cb59a924a69b
Replacing HYPOT neuron 9cbb3816-0d3a-4c75-9405-18ab76aa0818
Replacing HYPOT neuron 7f328ea8-04b1-48f0-b63f-cb59a924a69b
Replacing HYPOT neuron 9cbb3816-0d3a-4c75-9405-18ab76aa0818
Replacing HYPOT neuron 7f328ea8-04b1-48f0-b63f-cb59a924a69b
Replacing HYPOT neuron 9cbb3816-0d3a-4c75-9405-18ab76aa0818
Replacing HYPOT neuron 7f328ea8-04b1-48f0-b63f-cb59a924a69b
Replacing HYPOT neuron 9cbb3816-0d3a-4c75-9405-18ab76aa0818
Replacing HYPOT neuron 7f328ea8-04b1-48f0-b63f-cb59a924a69b
Replacing HYPOT neuron 9cbb3816-0d3a-4c75-9405-18ab76aa0818
Replacing HYPOT neuron 7f328ea8-04b1-48f0-b63f-cb59a924a69b
Replacing HYPOT neuron 9cbb3816-0d3a-4c75-9405-18ab76aa0818
Replacing HYPOT neuron 7f328ea8-04b1-48f0-b63f-cb59a924a69b
Replacing HYPOT neuron 9cbb3816-0d3a-4c75-9405-18ab76aa0818
Replacing HYPOT neuron 7f328ea8-04b1-48f0-b63f-cb59a924a69b
Replacing HYPOT neuron 9cbb3816-0d3a-4c75-9405-18ab76aa0818
Replacing HYPOT neuron 7f328ea8-04b1-48f0-b63f-cb59a924a69b
Replacing HYPOT neuron 9cbb3816-0d3a-4c75-9405-18ab76aa0818
Replacing HYPOT neuron 7f328ea8-04b1-48f0-b63f-cb59a924a69b
Replacing HYPOT neuron 9cbb3816-0d3a-4c75-9405-18ab76aa0818
Replacing HYPOT neuron 7f328ea8-04b1-48f0-b63f-cb59a924a69b
Replacing HYPOT neuron 9cbb3816-0d3a-4c75-9405-18ab76aa0818
Replacing HYPOT neuron 7f328ea8-04b1-48f0-b63f-cb59a924a69b
Replacing HYPOT neuron 9cbb3816-0d3a-4c75-9405-18ab76aa0818
Replacing HYPOT neuron 7f328ea8-04b1-48f0-b63f-cb59a924a69b
Replacing HYPOT neuron 9cbb3816-0d3a-4c75-9405-18ab76aa0818
Replacing HYPOT neuron 7f328ea8-04b1-48f0-b63f-cb59a924a69b
Replacing HYPOT neuron 9cbb3816-0d3a-4c75-9405-18ab76aa0818
Replacing HYPOT neuron 7f328ea8-04b1-48f0-b63f-cb59a924a69b
Replacing HYPOT neuron 9cbb3816-0d3a-4c75-9405-18ab76aa0818
Replacing HYPOT neuron 7f328ea8-04b1-48f0-b63f-cb59a924a69b
Replacing HYPOT neuron 9cbb3816-0d3a-4c75-9405-18ab76aa0818
Replacing HYPOT neuron 7f328ea8-04b1-48f0-b63f-cb59a924a69b
Replacing HYPOT neuron 9cbb3816-0d3a-4c75-9405-18ab76aa0818
Replacing HYPOT neuron 7f328ea8-04b1-48f0-b63f-cb59a924a69b
Replacing HYPOT neuron 9cbb3816-0d3a-4c75-9405-18ab76aa0818
Replacing HYPOT neuron 7f328ea8-04b1-48f0-b63f-cb59a924a69b
Replacing HYPOT neuron 9cbb3816-0d3a-4c75-9405-18ab76aa0818
Replacing HYPOT neuron 7f328ea8-04b1-48f0-b63f-cb59a924a69b
Replacing HYPOT neuron 9cbb3816-0d3a-4c75-9405-18ab76aa0818
Replacing HYPOT neuron 7f328ea8-04b1-48f0-b63f-cb59a924a69b
Replacing HYPOT neuron 9cbb3816-0d3a-4c75-9405-18ab76aa0818
Replacing HYPOT neuron 7f328ea8-04b1-48f0-b63f-cb59a924a69b
Replacing HYPOT neuron 9cbb3816-0d3a-4c75-9405-18ab76aa0818
Replacing HYPOT neuron 7f328ea8-04b1-48f0-b63f-cb59a924a69b
Replacing HYPOT neuron 9cbb3816-0d3a-4c75-9405-18ab76aa0818
Replacing HYPOT neuron 7f328ea8-04b1-48f0-b63f-cb59a924a69b
Replacing HYPOT neuron 9cbb3816-0d3a-4c75-9405-18ab76aa0818
Replacing HYPOT neuron 7f328ea8-04b1-48f0-b63f-cb59a924a69b
Replacing HYPOT neuron 9cbb3816-0d3a-4c75-9405-18ab76aa0818
Replacing HYPOT neuron 7f328ea8-04b1-48f0-b63f-cb59a924a69b
Replacing HYPOT neuron 9cbb3816-0d3a-4c75-9405-18ab76aa0818
Replacing HYPOT neuron 7f328ea8-04b1-48f0-b63f-cb59a924a69b
Replacing HYPOT neuron 9cbb3816-0d3a-4c75-9405-18ab76aa0818
Replacing HYPOT neuron 7f328ea8-04b1-48f0-b63f-cb59a924a69b
Replacing HYPOT neuron 9cbb3816-0d3a-4c75-9405-18ab76aa0818
Replacing HYPOT neuron 7f328ea8-04b1-48f0-b63f-cb59a924a69b
Replacing HYPOT neuron 9cbb3816-0d3a-4c75-9405-18ab76aa0818
Replacing HYPOT neuron 7f328ea8-04b1-48f0-b63f-cb59a924a69b
Replacing HYPOT neuron 9cbb3816-0d3a-4c75-9405-18ab76aa0818
Replacing HYPOT neuron 7f328ea8-04b1-48f0-b63f-cb59a924a69b
Replacing HYPOT neuron 9cbb3816-0d3a-4c75-9405-18ab76aa0818
Replacing HYPOT neuron 7f328ea8-04b1-48f0-b63f-cb59a924a69b
Replacing HYPOT neuron 9cbb3816-0d3a-4c75-9405-18ab76aa0818
Replacing HYPOT neuron 7f328ea8-04b1-48f0-b63f-cb59a924a69b
Replacing HYPOT neuron 9cbb3816-0d3a-4c75-9405-18ab76aa0818
Replacing HYPOT neuron 7f328ea8-04b1-48f0-b63f-cb59a924a69b
Replacing HYPOT neuron 9cbb3816-0d3a-4c75-9405-18ab76aa0818
Replacing HYPOT neuron 7f328ea8-04b1-48f0-b63f-cb59a924a69b
Replacing HYPOT neuron 9cbb3816-0d3a-4c75-9405-18ab76aa0818
Replacing HYPOT neuron 7f328ea8-04b1-48f0-b63f-cb59a924a69b
Replacing HYPOT neuron 9cbb3816-0d3a-4c75-9405-18ab76aa0818
Replacing HYPOT neuron 7f328ea8-04b1-48f0-b63f-cb59a924a69b
Replacing HYPOT neuron 9cbb3816-0d3a-4c75-9405-18ab76aa0818
Replacing HYPOT neuron 7f328ea8-04b1-48f0-b63f-cb59a924a69b
Replacing HYPOT neuron 9cbb3816-0d3a-4c75-9405-18ab76aa0818
Replacing HYPOT neuron 7f328ea8-04b1-48f0-b63f-cb59a924a69b
Replacing HYPOT neuron 9cbb3816-0d3a-4c75-9405-18ab76aa0818
Replacing HYPOT neuron 7f328ea8-04b1-48f0-b63f-cb59a924a69b
Replacing HYPOT neuron 9cbb3816-0d3a-4c75-9405-18ab76aa0818
Replacing HYPOT neuron 7f328ea8-04b1-48f0-b63f-cb59a924a69b
Replacing HYPOT neuron 9cbb3816-0d3a-4c75-9405-18ab76aa0818
Replacing HYPOT neuron 7f328ea8-04b1-48f0-b63f-cb59a924a69b
Replacing HYPOT neuron 9cbb3816-0d3a-4c75-9405-18ab76aa0818
Replacing HYPOT neuron 7f328ea8-04b1-48f0-b63f-cb59a924a69b
Replacing HYPOT neuron 9cbb3816-0d3a-4c75-9405-18ab76aa0818
Replacing HYPOT neuron 7f328ea8-04b1-48f0-b63f-cb59a924a69b
Replacing HYPOT neuron 9cbb3816-0d3a-4c75-9405-18ab76aa0818
Replacing HYPOT neuron 7f328ea8-04b1-48f0-b63f-cb59a924a69b
Replacing HYPOT neuron 9cbb3816-0d3a-4c75-9405-18ab76aa0818
Replacing HYPOT neuron 7f328ea8-04b1-48f0-b63f-cb59a924a69b
Replacing HYPOT neuron 9cbb3816-0d3a-4c75-9405-18ab76aa0818
Replacing HYPOT neuron 7f328ea8-04b1-48f0-b63f-cb59a924a69b
Replacing HYPOT neuron 9cbb3816-0d3a-4c75-9405-18ab76aa0818
Replacing HYPOT neuron 7f328ea8-04b1-48f0-b63f-cb59a924a69b
Replacing HYPOT neuron 9cbb3816-0d3a-4c75-9405-18ab76aa0818
Replacing HYPOT neuron 7f328ea8-04b1-48f0-b63f-cb59a924a69b
Replacing HYPOT neuron 9cbb3816-0d3a-4c75-9405-18ab76aa0818
Fine tuning increased fitness by 0.0000012627965624290027 to 0.8056309106196197 adjusted 1 weight 
Replacing HYPOT neuron 7f328ea8-04b1-48f0-b63f-cb59a924a69b
Replacing HYPOT neuron 9cbb3816-0d3a-4c75-9405-18ab76aa0818
Replacing HYPOT neuron 7f328ea8-04b1-48f0-b63f-cb59a924a69b
Replacing HYPOT neuron 9cbb3816-0d3a-4c75-9405-18ab76aa0818
Replacing HYPOT neuron 7f328ea8-04b1-48f0-b63f-cb59a924a69b
Replacing HYPOT neuron 9cbb3816-0d3a-4c75-9405-18ab76aa0818
Replacing HYPOT neuron 7f328ea8-04b1-48f0-b63f-cb59a924a69b
Replacing HYPOT neuron 9cbb3816-0d3a-4c75-9405-18ab76aa0818
Replacing HYPOT neuron 7f328ea8-04b1-48f0-b63f-cb59a924a69b
Replacing HYPOT neuron 9cbb3816-0d3a-4c75-9405-18ab76aa0818
Replacing HYPOT neuron 7f328ea8-04b1-48f0-b63f-cb59a924a69b
Replacing HYPOT neuron 9cbb3816-0d3a-4c75-9405-18ab76aa0818
Replacing HYPOT neuron 7f328ea8-04b1-48f0-b63f-cb59a924a69b
Replacing HYPOT neuron 9cbb3816-0d3a-4c75-9405-18ab76aa0818
Replacing HYPOT neuron 7f328ea8-04b1-48f0-b63f-cb59a924a69b
Replacing HYPOT neuron 9cbb3816-0d3a-4c75-9405-18ab76aa0818
Replacing HYPOT neuron 7f328ea8-04b1-48f0-b63f-cb59a924a69b
Replacing HYPOT neuron 9cbb3816-0d3a-4c75-9405-18ab76aa0818
Replacing HYPOT neuron 7f328ea8-04b1-48f0-b63f-cb59a924a69b
Replacing HYPOT neuron 9cbb3816-0d3a-4c75-9405-18ab76aa0818
Replacing HYPOT neuron 7f328ea8-04b1-48f0-b63f-cb59a924a69b
Replacing HYPOT neuron 9cbb3816-0d3a-4c75-9405-18ab76aa0818
Replacing HYPOT neuron 7f328ea8-04b1-48f0-b63f-cb59a924a69b
Replacing HYPOT neuron 9cbb3816-0d3a-4c75-9405-18ab76aa0818
Replacing HYPOT neuron 7f328ea8-04b1-48f0-b63f-cb59a924a69b
Replacing HYPOT neuron 9cbb3816-0d3a-4c75-9405-18ab76aa0818
Replacing HYPOT neuron 7f328ea8-04b1-48f0-b63f-cb59a924a69b
Replacing HYPOT neuron 9cbb3816-0d3a-4c75-9405-18ab76aa0818
Replacing HYPOT neuron 7f328ea8-04b1-48f0-b63f-cb59a924a69b
Replacing HYPOT neuron 9cbb3816-0d3a-4c75-9405-18ab76aa0818
Replacing HYPOT neuron 7f328ea8-04b1-48f0-b63f-cb59a924a69b
Replacing HYPOT neuron 9cbb3816-0d3a-4c75-9405-18ab76aa0818
Replacing HYPOT neuron 7f328ea8-04b1-48f0-b63f-cb59a924a69b
Replacing HYPOT neuron 9cbb3816-0d3a-4c75-9405-18ab76aa0818
Replacing HYPOT neuron 7f328ea8-04b1-48f0-b63f-cb59a924a69b
Replacing HYPOT neuron 9cbb3816-0d3a-4c75-9405-18ab76aa0818
Replacing HYPOT neuron 7f328ea8-04b1-48f0-b63f-cb59a924a69b
Replacing HYPOT neuron 9cbb3816-0d3a-4c75-9405-18ab76aa0818
Replacing HYPOT neuron 7f328ea8-04b1-48f0-b63f-cb59a924a69b
Replacing HYPOT neuron 9cbb3816-0d3a-4c75-9405-18ab76aa0818
Replacing HYPOT neuron 7f328ea8-04b1-48f0-b63f-cb59a924a69b
Replacing HYPOT neuron 9cbb3816-0d3a-4c75-9405-18ab76aa0818
Replacing HYPOT neuron 7f328ea8-04b1-48f0-b63f-cb59a924a69b
Replacing HYPOT neuron 9cbb3816-0d3a-4c75-9405-18ab76aa0818
Fine tuning increased fitness by 0.0000030999787050678407 to 0.8056340105983247 adjusted 1 weight 
Replacing HYPOT neuron 7f328ea8-04b1-48f0-b63f-cb59a924a69b
Replacing HYPOT neuron 9cbb3816-0d3a-4c75-9405-18ab76aa0818
Replacing HYPOT neuron 7f328ea8-04b1-48f0-b63f-cb59a924a69b
Replacing HYPOT neuron 9cbb3816-0d3a-4c75-9405-18ab76aa0818
Replacing HYPOT neuron 7f328ea8-04b1-48f0-b63f-cb59a924a69b
Replacing HYPOT neuron 9cbb3816-0d3a-4c75-9405-18ab76aa0818
Replacing HYPOT neuron 7f328ea8-04b1-48f0-b63f-cb59a924a69b
Replacing HYPOT neuron 9cbb3816-0d3a-4c75-9405-18ab76aa0818
Replacing HYPOT neuron 7f328ea8-04b1-48f0-b63f-cb59a924a69b
Replacing HYPOT neuron 9cbb3816-0d3a-4c75-9405-18ab76aa0818
Replacing HYPOT neuron 7f328ea8-04b1-48f0-b63f-cb59a924a69b
Replacing HYPOT neuron 9cbb3816-0d3a-4c75-9405-18ab76aa0818
Replacing HYPOT neuron 7f328ea8-04b1-48f0-b63f-cb59a924a69b
Replacing HYPOT neuron 9cbb3816-0d3a-4c75-9405-18ab76aa0818
Replacing HYPOT neuron 7f328ea8-04b1-48f0-b63f-cb59a924a69b
Replacing HYPOT neuron 9cbb3816-0d3a-4c75-9405-18ab76aa0818
Replacing HYPOT neuron 7f328ea8-04b1-48f0-b63f-cb59a924a69b
Replacing HYPOT neuron 9cbb3816-0d3a-4c75-9405-18ab76aa0818
Replacing HYPOT neuron 7f328ea8-04b1-48f0-b63f-cb59a924a69b
Replacing HYPOT neuron 9cbb3816-0d3a-4c75-9405-18ab76aa0818
Replacing HYPOT neuron 7f328ea8-04b1-48f0-b63f-cb59a924a69b
Replacing HYPOT neuron 9cbb3816-0d3a-4c75-9405-18ab76aa0818
Replacing HYPOT neuron 7f328ea8-04b1-48f0-b63f-cb59a924a69b
Replacing HYPOT neuron 9cbb3816-0d3a-4c75-9405-18ab76aa0818
Replacing HYPOT neuron 7f328ea8-04b1-48f0-b63f-cb59a924a69b
Replacing HYPOT neuron 9cbb3816-0d3a-4c75-9405-18ab76aa0818
Replacing HYPOT neuron 7f328ea8-04b1-48f0-b63f-cb59a924a69b
Replacing HYPOT neuron 9cbb3816-0d3a-4c75-9405-18ab76aa0818
Replacing HYPOT neuron 7f328ea8-04b1-48f0-b63f-cb59a924a69b
Replacing HYPOT neuron 9cbb3816-0d3a-4c75-9405-18ab76aa0818
Replacing HYPOT neuron 7f328ea8-04b1-48f0-b63f-cb59a924a69b
Replacing HYPOT neuron 9cbb3816-0d3a-4c75-9405-18ab76aa0818
Replacing HYPOT neuron 7f328ea8-04b1-48f0-b63f-cb59a924a69b
Replacing HYPOT neuron 9cbb3816-0d3a-4c75-9405-18ab76aa0818
Replacing HYPOT neuron 7f328ea8-04b1-48f0-b63f-cb59a924a69b
Replacing HYPOT neuron 9cbb3816-0d3a-4c75-9405-18ab76aa0818
Replacing HYPOT neuron 7f328ea8-04b1-48f0-b63f-cb59a924a69b
Replacing HYPOT neuron 9cbb3816-0d3a-4c75-9405-18ab76aa0818
Replacing HYPOT neuron 7f328ea8-04b1-48f0-b63f-cb59a924a69b
Replacing HYPOT neuron 9cbb3816-0d3a-4c75-9405-18ab76aa0818
Replacing HYPOT neuron 7f328ea8-04b1-48f0-b63f-cb59a924a69b
Replacing HYPOT neuron 9cbb3816-0d3a-4c75-9405-18ab76aa0818
Replacing HYPOT neuron 7f328ea8-04b1-48f0-b63f-cb59a924a69b
Replacing HYPOT neuron 9cbb3816-0d3a-4c75-9405-18ab76aa0818
Replacing HYPOT neuron 7f328ea8-04b1-48f0-b63f-cb59a924a69b
Replacing HYPOT neuron 9cbb3816-0d3a-4c75-9405-18ab76aa0818
Replacing HYPOT neuron 7f328ea8-04b1-48f0-b63f-cb59a924a69b
Replacing HYPOT neuron 9cbb3816-0d3a-4c75-9405-18ab76aa0818
Replacing HYPOT neuron 7f328ea8-04b1-48f0-b63f-cb59a924a69b
Replacing HYPOT neuron 9cbb3816-0d3a-4c75-9405-18ab76aa0818
Replacing HYPOT neuron 7f328ea8-04b1-48f0-b63f-cb59a924a69b
Replacing HYPOT neuron 9cbb3816-0d3a-4c75-9405-18ab76aa0818
Replacing HYPOT neuron 7f328ea8-04b1-48f0-b63f-cb59a924a69b
Replacing HYPOT neuron 9cbb3816-0d3a-4c75-9405-18ab76aa0818
Replacing HYPOT neuron 7f328ea8-04b1-48f0-b63f-cb59a924a69b
Replacing HYPOT neuron 9cbb3816-0d3a-4c75-9405-18ab76aa0818
Replacing HYPOT neuron 7f328ea8-04b1-48f0-b63f-cb59a924a69b
Replacing HYPOT neuron 9cbb3816-0d3a-4c75-9405-18ab76aa0818
Replacing HYPOT neuron 7f328ea8-04b1-48f0-b63f-cb59a924a69b
Replacing HYPOT neuron 9cbb3816-0d3a-4c75-9405-18ab76aa0818
Replacing HYPOT neuron 7f328ea8-04b1-48f0-b63f-cb59a924a69b
Replacing HYPOT neuron 9cbb3816-0d3a-4c75-9405-18ab76aa0818
Replacing HYPOT neuron 7f328ea8-04b1-48f0-b63f-cb59a924a69b
Replacing HYPOT neuron 9cbb3816-0d3a-4c75-9405-18ab76aa0818
Replacing HYPOT neuron 7f328ea8-04b1-48f0-b63f-cb59a924a69b
Replacing HYPOT neuron 9cbb3816-0d3a-4c75-9405-18ab76aa0818
Replacing HYPOT neuron 7f328ea8-04b1-48f0-b63f-cb59a924a69b
Replacing HYPOT neuron 9cbb3816-0d3a-4c75-9405-18ab76aa0818
Replacing HYPOT neuron 7f328ea8-04b1-48f0-b63f-cb59a924a69b
Replacing HYPOT neuron 9cbb3816-0d3a-4c75-9405-18ab76aa0818
Replacing HYPOT neuron 7f328ea8-04b1-48f0-b63f-cb59a924a69b
Replacing HYPOT neuron 9cbb3816-0d3a-4c75-9405-18ab76aa0818
Replacing HYPOT neuron 7f328ea8-04b1-48f0-b63f-cb59a924a69b
Replacing HYPOT neuron 9cbb3816-0d3a-4c75-9405-18ab76aa0818
Replacing HYPOT neuron 7f328ea8-04b1-48f0-b63f-cb59a924a69b
Replacing HYPOT neuron 9cbb3816-0d3a-4c75-9405-18ab76aa0818
Replacing HYPOT neuron 7f328ea8-04b1-48f0-b63f-cb59a924a69b
Replacing HYPOT neuron 9cbb3816-0d3a-4c75-9405-18ab76aa0818
Replacing HYPOT neuron 7f328ea8-04b1-48f0-b63f-cb59a924a69b
Replacing HYPOT neuron 9cbb3816-0d3a-4c75-9405-18ab76aa0818
Replacing HYPOT neuron 7f328ea8-04b1-48f0-b63f-cb59a924a69b
Replacing HYPOT neuron 9cbb3816-0d3a-4c75-9405-18ab76aa0818
Replacing HYPOT neuron 7f328ea8-04b1-48f0-b63f-cb59a924a69b
Replacing HYPOT neuron 9cbb3816-0d3a-4c75-9405-18ab76aa0818
Replacing HYPOT neuron 7f328ea8-04b1-48f0-b63f-cb59a924a69b
Replacing HYPOT neuron 9cbb3816-0d3a-4c75-9405-18ab76aa0818
Replacing HYPOT neuron 7f328ea8-04b1-48f0-b63f-cb59a924a69b
Replacing HYPOT neuron 9cbb3816-0d3a-4c75-9405-18ab76aa0818
Replacing HYPOT neuron 7f328ea8-04b1-48f0-b63f-cb59a924a69b
Replacing HYPOT neuron 9cbb3816-0d3a-4c75-9405-18ab76aa0818
Replacing HYPOT neuron 7f328ea8-04b1-48f0-b63f-cb59a924a69b
Replacing HYPOT neuron 9cbb3816-0d3a-4c75-9405-18ab76aa0818
Replacing HYPOT neuron 7f328ea8-04b1-48f0-b63f-cb59a924a69b
Replacing HYPOT neuron 9cbb3816-0d3a-4c75-9405-18ab76aa0818
Replacing HYPOT neuron 7f328ea8-04b1-48f0-b63f-cb59a924a69b
Replacing HYPOT neuron 9cbb3816-0d3a-4c75-9405-18ab76aa0818
Replacing HYPOT neuron 7f328ea8-04b1-48f0-b63f-cb59a924a69b
Replacing HYPOT neuron 9cbb3816-0d3a-4c75-9405-18ab76aa0818
Replacing HYPOT neuron 7f328ea8-04b1-48f0-b63f-cb59a924a69b
Replacing HYPOT neuron 9cbb3816-0d3a-4c75-9405-18ab76aa0818
Replacing HYPOT neuron 7f328ea8-04b1-48f0-b63f-cb59a924a69b
Replacing HYPOT neuron 9cbb3816-0d3a-4c75-9405-18ab76aa0818
Replacing HYPOT neuron 7f328ea8-04b1-48f0-b63f-cb59a924a69b
Replacing HYPOT neuron 9cbb3816-0d3a-4c75-9405-18ab76aa0818
Replacing HYPOT neuron 7f328ea8-04b1-48f0-b63f-cb59a924a69b
Replacing HYPOT neuron 9cbb3816-0d3a-4c75-9405-18ab76aa0818
Replacing HYPOT neuron 7f328ea8-04b1-48f0-b63f-cb59a924a69b
Replacing HYPOT neuron 9cbb3816-0d3a-4c75-9405-18ab76aa0818
Replacing HYPOT neuron 7f328ea8-04b1-48f0-b63f-cb59a924a69b
Replacing HYPOT neuron 9cbb3816-0d3a-4c75-9405-18ab76aa0818
Replacing HYPOT neuron 7f328ea8-04b1-48f0-b63f-cb59a924a69b
Replacing HYPOT neuron 9cbb3816-0d3a-4c75-9405-18ab76aa0818
Replacing HYPOT neuron 7f328ea8-04b1-48f0-b63f-cb59a924a69b
Replacing HYPOT neuron 9cbb3816-0d3a-4c75-9405-18ab76aa0818
Replacing HYPOT neuron 7f328ea8-04b1-48f0-b63f-cb59a924a69b
Replacing HYPOT neuron 9cbb3816-0d3a-4c75-9405-18ab76aa0818
Replacing HYPOT neuron 7f328ea8-04b1-48f0-b63f-cb59a924a69b
Replacing HYPOT neuron 9cbb3816-0d3a-4c75-9405-18ab76aa0818
Replacing HYPOT neuron 7f328ea8-04b1-48f0-b63f-cb59a924a69b
Replacing HYPOT neuron 9cbb3816-0d3a-4c75-9405-18ab76aa0818
Replacing HYPOT neuron 7f328ea8-04b1-48f0-b63f-cb59a924a69b
Replacing HYPOT neuron 9cbb3816-0d3a-4c75-9405-18ab76aa0818
Replacing HYPOT neuron 7f328ea8-04b1-48f0-b63f-cb59a924a69b
Replacing HYPOT neuron 9cbb3816-0d3a-4c75-9405-18ab76aa0818
Replacing HYPOT neuron 7f328ea8-04b1-48f0-b63f-cb59a924a69b
Replacing HYPOT neuron 9cbb3816-0d3a-4c75-9405-18ab76aa0818
Replacing HYPOT neuron 7f328ea8-04b1-48f0-b63f-cb59a924a69b
Replacing HYPOT neuron 9cbb3816-0d3a-4c75-9405-18ab76aa0818
Replacing HYPOT neuron 7f328ea8-04b1-48f0-b63f-cb59a924a69b
Replacing HYPOT neuron 9cbb3816-0d3a-4c75-9405-18ab76aa0818
Replacing HYPOT neuron 7f328ea8-04b1-48f0-b63f-cb59a924a69b
Replacing HYPOT neuron 9cbb3816-0d3a-4c75-9405-18ab76aa0818
Replacing HYPOT neuron 7f328ea8-04b1-48f0-b63f-cb59a924a69b
Replacing HYPOT neuron 9cbb3816-0d3a-4c75-9405-18ab76aa0818
Replacing HYPOT neuron 7f328ea8-04b1-48f0-b63f-cb59a924a69b
Replacing HYPOT neuron 9cbb3816-0d3a-4c75-9405-18ab76aa0818
Replacing HYPOT neuron 7f328ea8-04b1-48f0-b63f-cb59a924a69b
Replacing HYPOT neuron 9cbb3816-0d3a-4c75-9405-18ab76aa0818
Replacing HYPOT neuron 7f328ea8-04b1-48f0-b63f-cb59a924a69b
Replacing HYPOT neuron 9cbb3816-0d3a-4c75-9405-18ab76aa0818
Generation 43 score 0.8056340105983247  error 0.194314895402583 avg time 1s 219ms
{
  error: 0.194314895402583,
  score: 0.8056340105983247,
  generation: 43,
  time: 181699,
  startScore: 0.8054610390011333
}
process FISHING_HUNTING_AND_TRAPPING lvl: 3
loaded ../GRQ-portfolio/best/industry/v6/FISHING_HUNTING_AND_TRAPPING.json
7 mutations, mutation rate 5.0%, elitism 6, mutation ALL, selection TOURNAMENT
Creature count: 50
Culling duplicate creature at 1 of 51
DeDuplication of 1 creatures to 50 in 151ms (previous experiment )
Training a3c56bda with 1 binary file, target error: 0.05, iterations: 1, sample rate: 100%, sparse: 100%
Discovery a3c56bda with 1 binary files, sample rate: 100%, batch size: 512
Discovery a3c56bda initialize time 94ms
Discovery a3c56bda processing .trainData-industry_88/FISHING_HUNTING_AND_TRAPPING/data.bin
Discovery a3c56bda read time 5ms for .trainData-industry_88/FISHING_HUNTING_AND_TRAPPING/data.bin with 4613 records
Discovery a3c56bda scanning time 1s 427ms
Generation 1 score 0.957164080893511  error 0.04282875811042043 avg time 465ms
Set training/discovery clean up count to 2
Waiting for discovery to complete
Discovery a3c56bda recorded time 2s 760ms
Generation 2 score 0.957164080893511  error 0.04282875811042043 avg time 197ms
Waiting for discovery to complete
Generation 3 score 0.957164080893511  error 0.04282875811042043 avg time 147ms
Waiting for discovery to complete
Generation 4 score 0.957164080893511  error 0.04282875811042043 avg time 167ms
Waiting for discovery to complete
Generation 5 score 0.957164080893511  error 0.04282875811042043 avg time 80ms
Waiting for discovery to complete
Generation 6 score 0.957164080893511  error 0.04282875811042043 avg time 81ms
Waiting for discovery to complete
Generation 7 score 0.957164080893511  error 0.04282875811042043 avg time 59ms
Waiting for discovery to complete
Generation 8 score 0.9571640895222986  error 0.04282873948163986 avg time 127ms
Waiting for discovery to complete
Fine tuning increased fitness by 3.628911882103125e-8 to 0.9571641258114174 adjusted 1 weight 
Generation 9 score 0.9571641258114174  error 0.04282870319252112 avg time 70ms
Waiting for discovery to complete
Fine tuning increased fitness by 4.865165599277077e-7 to 0.9571646123279773 adjusted 1 weight 
Generation 10 score 0.9571646123279773  error 0.04282820667596812 avg time 48ms
Waiting for discovery to complete
Fine tuning increased fitness by 5.898198661702381e-7 to 0.9571652021478435 adjusted 1 weight 
Generation 11 score 0.9571652021478435  error 0.04282761685610187 avg time 74ms
Waiting for discovery to complete
Fine tuning increased fitness by 1.086976589848021e-7 to 0.9571653108455025 adjusted 1 weight 
Generation 12 score 0.9571653108455025  error 0.04282750815844293 avg time 45ms
Waiting for discovery to complete
Generation 13 score 0.9571653108455025  error 0.04282750815844293 avg time 75ms
Waiting for discovery to complete
Generation 14 score 0.9571653108455025  error 0.04282750815844293 avg time 43ms
Waiting for discovery to complete
Generation 15 score 0.9571653108455025  error 0.04282750815844293 avg time 76ms
Waiting for discovery to complete
Generation 16 score 0.9571653108455025  error 0.04282750815844293 avg time 44ms
Waiting for discovery to complete
Generation 17 score 0.9571653108455025  error 0.04282750815844293 avg time 73ms
Waiting for discovery to complete
Fine tuning increased fitness by 2.590773517940903e-8 to 0.9571653367532377 adjusted 1 weight 
Generation 18 score 0.9571653367532377  error 0.042827472250714815 avg time 44ms
Waiting for discovery to complete
Fine tuning increased fitness by 6.717738854078448e-8 to 0.9571654039306262 adjusted 1 weight 
Generation 19 score 0.9571654039306262  error 0.04282740507332628 avg time 76ms
Waiting for discovery to complete
Fine tuning increased fitness by 1.2704051166601005e-7 to 0.9571655309711379 adjusted 1 weight 
Generation 20 score 0.9571655309711379  error 0.04282727803281462 avg time 46ms
Waiting for discovery to complete
Fine tuning increased fitness by 3.89845792092558e-7 to 0.95716592081693 adjusted 1 weight 
Generation 21 score 0.95716592081693  error 0.042826888187022474 avg time 73ms
Waiting for discovery to complete
Fine tuning increased fitness by 6.304339110752011e-7 to 0.957166551250841 adjusted 1 weight 
Generation 22 score 0.957166551250841  error 0.0428262577531114 avg time 44ms
Waiting for discovery to complete
Fine tuning increased fitness by 8.837485536705714e-7 to 0.9571674349993947 adjusted 1 weight 
Generation 23 score 0.9571674349993947  error 0.04282537400455779 avg time 71ms
Waiting for discovery to complete
Fine tuning increased fitness by 6.82741977731105e-7 to 0.9571681177413724 adjusted 1 weight 
Generation 24 score 0.9571681177413724  error 0.04282469126258002 avg time 45ms
Waiting for discovery to complete
Fine tuning increased fitness by 5.448623741077796e-8 to 0.9571681722276099 adjusted 1 weight 
Generation 25 score 0.9571681722276099  error 0.04282463677634258 avg time 74ms
Waiting for discovery to complete
Fine tuning increased fitness by 9.729396732716111e-9 to 0.9571681819570066 adjusted 1 weight 
Generation 26 score 0.9571681819570066  error 0.04282462704694585 avg time 46ms
Waiting for discovery to complete
Fine tuning increased fitness by 2.5260138425409195e-9 to 0.9571681844830204 adjusted 1 weight 
Generation 27 score 0.9571681844830204  error 0.042824624520932025 avg time 73ms
Waiting for discovery to complete
Generation 28 score 0.9571681844830204  error 0.042824624520932025 avg time 50ms
Waiting for discovery to complete
Generation 29 score 0.9571681844830204  error 0.042824624520932025 avg time 68ms
Waiting for discovery to complete
Generation 30 score 0.9571681844830204  error 0.042824624520932025 avg time 50ms
Waiting for discovery to complete
Generation 31 score 0.9571681844830204  error 0.042824624520932025 avg time 68ms
Waiting for discovery to complete
Fine tuning increased fitness by 4.742939374580146e-11 to 0.9571681845304498 adjusted 1 weight 
Generation 32 score 0.9571681845304498  error 0.042824624473502625 avg time 52ms
Waiting for discovery to complete
Generation 33 score 0.9571681845304498  error 0.042824624473502625 avg time 71ms
Waiting for discovery to complete
Generation 34 score 0.9571681845304498  error 0.042824624473502625 avg time 45ms
Waiting for discovery to complete
Generation 35 score 0.9571681845304498  error 0.042824624473502625 avg time 74ms
Waiting for discovery to complete
Generation 36 score 0.9571681845304498  error 0.042824624473502625 avg time 46ms
Waiting for discovery to complete
Generation 37 score 0.9571681845304498  error 0.042824624473502625 avg time 72ms
Waiting for discovery to complete
Generation 38 score 0.9571681845304498  error 0.042824624473502625 avg time 46ms
Waiting for discovery to complete
Fine tuning increased fitness by 2.4416197508259074e-8 to 0.9571682089466473 adjusted 1 weight 
Generation 39 score 0.9571682089466473  error 0.04282459005731225 avg time 90ms
Waiting for discovery to complete
Fine tuning increased fitness by 5.1473698525761336e-8 to 0.9571682604203459 adjusted 1 weight 
Generation 40 score 0.9571682604203459  error 0.04282453858361373 avg time 78ms
Waiting for discovery to complete
Fine tuning increased fitness by 9.976636294872776e-8 to 0.9571683601867088 adjusted 1 weight 
Generation 41 score 0.9571683601867088  error 0.04282443881725072 avg time 70ms
Waiting for discovery to complete
Fine tuning increased fitness by 1.8685209424162963e-7 to 0.957168547038803 adjusted 1 weight 
Generation 42 score 0.957168547038803  error 0.04282425196515652 avg time 51ms
Waiting for discovery to complete
Fine tuning increased fitness by 2.8830267506663176e-7 to 0.9571688353414781 adjusted 1 weight 
Generation 43 score 0.9571688353414781  error 0.04282396366248143 avg time 70ms
Waiting for discovery to complete
Fine tuning increased fitness by 6.538618591012124e-7 to 0.9571694892033372 adjusted 1 weight 
Generation 44 score 0.9571694892033372  error 0.04282330980062234 avg time 47ms
Waiting for discovery to complete
Fine tuning increased fitness by 4.5243662782912253e-7 to 0.957169941639965 adjusted 1 weight 
Generation 45 score 0.957169941639965  error 0.04282285736399453 avg time 73ms
Waiting for discovery to complete
Generation 46 score 0.957169941639965  error 0.04282285736399453 avg time 49ms
Waiting for discovery to complete
Fine tuning increased fitness by 5.351962206745497e-10 to 0.9571699421751613 adjusted 1 weight 
Generation 47 score 0.9571699421751613  error 0.04282285682879826 avg time 65ms
Waiting for discovery to complete
Fine tuning increased fitness by 8.156939568237931e-10 to 0.9571699429908552 adjusted 1 weight 
Discovered beneficial synapse from output-0 to output-1 with weight 0.0328, helping 57.3% more records than it harms (2738/4613)
Discovery a3c56bda analyze time 31s 455ms found 1 candidates
Generation 48 score 0.9571699429908552  error 0.04282285601310436 avg time 50ms
Waiting for discovery to complete
Fine tuning increased fitness by 1.0438001574186728e-9 to 0.9571699440346554 adjusted 1 weight 
Generation 49 score 0.9571699440346554  error 0.042822854969304214 avg time 66ms
Waiting for discovery to complete
Fine tuning increased fitness by 2.9620050856493663e-10 to 0.9571699443308559 adjusted 1 weight 
Generation 50 score 0.9571699443308559  error 0.042822854673103664 avg time 48ms
Waiting for discovery to complete
Discovered harmful synapse from 1615dd13-4d63-42a9-9964-ec63a692fabd to output-1, harming 57.3% more records than it helps (96/4613)
Discovery a3c56bda analyze harmful time 1s 365ms found 1 candidates
Fine tuning increased fitness by 4.528044605933701e-12 to 0.9571699443353839 adjusted 1 weight 
Generation 51 score 0.9571699443353839  error 0.04282285466857559 avg time 65ms
Waiting for discovery to complete
Fine tuning increased fitness by 6.340483693634269e-13 to 0.957169944336018 adjusted 1 weight 
Generation 52 score 0.957169944336018  error 0.042822854667941605 avg time 56ms
Waiting for discovery to complete
Fine tuning increased fitness by 1.1801670751765414e-13 to 0.957169944336136 adjusted 1 weight 
Discovery a3c56bda analyze squashes time 1s 527ms found 1 candidate, Summary: 1615dd13-4d63-42a9-9964-ec63a692fabd BIPOLAR -> SOFTSIGN improved: 4.7% error: 0.0349 -> 0.0332
Generation 53 score 0.957169944336136  error 0.042822854667823554 avg time 69ms
Waiting for discovery to complete
Generation 54 score 0.957169944336136  error 0.042822854667823554 avg time 54ms
Waiting for training/discovery clean up 2
Generation 55 score 0.957169944336136  error 0.042822854667823554 avg time 69ms
Waiting for training/discovery clean up 1
Generation 56 score 0.957169944336136  error 0.042822854667823554 avg time 45ms
{
  error: 0.042822854667823554,
  score: 0.957169944336136,
  generation: 56,
  time: 42447,
  startScore: 0.957164080893511
}
process SERVICES-AMUSEMENT-RECREATION_SERVICES lvl: 3
loaded ../GRQ-portfolio/best/industry/v6/SERVICES-AMUSEMENT-RECREATION_SERVICES.json
9 mutations, mutation rate 12.1%, elitism 3, mutation FFW, selection POWER
Creature count: 50
Culling duplicate creature at 1 of 51
DeDuplication of 1 creatures to 50 in 95ms (previous experiment )
Training ca57729a with 1 binary file, target error: 0.05, iterations: 1, sample rate: 100%, sparse: 100%
Discovery ca57729a with 1 binary files, sample rate: 100%, batch size: 512
Discovery ca57729a initialize time 97ms
Discovery ca57729a processing .trainData-industry_88/SERVICES-AMUSEMENT-RECREATION_SERVICES/data.bin
Discovery ca57729a read time 8ms for .trainData-industry_88/SERVICES-AMUSEMENT-RECREATION_SERVICES/data.bin with 4613 records
Discovery ca57729a scanning time 3s 901ms
Discovery ca57729a recorded time 5s 334ms
Training 9dbdd2c3 with 1 binary file, target error: 0.05, iterations: 1, sample rate: 100%, sparse: 100%
Discovered beneficial synapse from input-882 to 20c84a43-063d-4dcb-b51e-31825f7f3889 with weight -1.0000, helping 57.3% more records than it harms (3030/4613)
Discovery ca57729a analyze time 10s 275ms found 1 candidates
Discovered harmful synapse from input-1068 to 20c84a43-063d-4dcb-b51e-31825f7f3889, harming 55.9% more records than it helps (418/4613)
Discovery ca57729a analyze harmful time 1s 500ms found 1 candidates
Discovery ca57729a analyze squashes time 1s 171ms found 0 candidates
Discovery 27a75180 with 1 binary files, sample rate: 100%, batch size: 512
Discovery 27a75180 initialize time 95ms
Discovery 27a75180 processing .trainData-industry_88/SERVICES-AMUSEMENT-RECREATION_SERVICES/data.bin
Fine tuning increased fitness by 2.6056988999823005e-7 to 0.8800353826162375 adjusted 4 weights 
Discovery 27a75180 read time 9ms for .trainData-industry_88/SERVICES-AMUSEMENT-RECREATION_SERVICES/data.bin with 4613 records
Discovery 27a75180 scanning time 4s 7ms
Discovery 27a75180 recorded time 5s 470ms
Training 423e7f1e with 1 binary file, target error: 0.05, iterations: 1, sample rate: 100%, sparse: 100%
Fine tuning increased fitness by 4.240312606595964e-7 to 0.8800358066474981 adjusted 4 weights 
Discovered beneficial synapse from input-882 to 20c84a43-063d-4dcb-b51e-31825f7f3889 with weight -1.0000, helping 57.3% more records than it harms (3030/4613)
Discovery 27a75180 analyze time 10s 808ms found 1 candidates
Fine tuning increased fitness by 1.0463126354220975e-7 to 0.8800359112787617 adjusted 4 weights 
Discovered harmful synapse from input-1068 to 20c84a43-063d-4dcb-b51e-31825f7f3889, harming 55.9% more records than it helps (418/4613)
Discovery 27a75180 analyze harmful time 1s 623ms found 1 candidates
Discovery 27a75180 analyze squashes time 1s 218ms found 0 candidates
Training 65f0c1ab with 1 binary file, target error: 0.05, iterations: 1, sample rate: 100%, sparse: 100%
Discovery 65f0c1ab with 1 binary files, sample rate: 100%, batch size: 512
Discovery 65f0c1ab initialize time 93ms
Discovery 65f0c1ab processing .trainData-industry_88/SERVICES-AMUSEMENT-RECREATION_SERVICES/data.bin
Fine tuning increased fitness by 3.2793063486913354e-7 to 0.8800362392093966 adjusted 4 weights 
Discovery 65f0c1ab read time 6ms for .trainData-industry_88/SERVICES-AMUSEMENT-RECREATION_SERVICES/data.bin with 4613 records
Discovery 65f0c1ab scanning time 4s 597ms
Discovery 65f0c1ab recorded time 6s 272ms
Fine tuning increased fitness by 0.000003008399402815165 to 0.8800392476087994 adjusted 4 weights 
Discovered beneficial synapse from input-882 to 20c84a43-063d-4dcb-b51e-31825f7f3889 with weight -1.0000, helping 57.3% more records than it harms (3030/4613)
Discovery 65f0c1ab analyze time 10s 540ms found 1 candidates
Training f1470952 with 1 binary file, target error: 0.05, iterations: 1, sample rate: 100%, sparse: 100%
Discovered harmful synapse from input-1068 to 20c84a43-063d-4dcb-b51e-31825f7f3889, harming 55.9% more records than it helps (418/4613)
Discovery 65f0c1ab analyze harmful time 1s 679ms found 1 candidates
Discovery 65f0c1ab analyze squashes time 1s 475ms found 0 candidates
Discovery 5300d87a with 1 binary files, sample rate: 100%, batch size: 512
Discovery 5300d87a initialize time 95ms
Discovery 5300d87a processing .trainData-industry_88/SERVICES-AMUSEMENT-RECREATION_SERVICES/data.bin
Discovery 5300d87a read time 9ms for .trainData-industry_88/SERVICES-AMUSEMENT-RECREATION_SERVICES/data.bin with 4613 records
Discovery 5300d87a scanning time 4s 300ms
Generation 10 score 0.8800392538941862  error 0.11992149310666918 avg time 8s 198ms
Discovery 5300d87a recorded time 5s 781ms
Training 151e0490 with 1 binary file, target error: 0.05, iterations: 1, sample rate: 100%, sparse: 100%
Fine tuning increased fitness by 6.1887712732300315e-9 to 0.8800392600829575 adjusted 1 weight 
Fine tuning increased fitness by 1.0680267448215375e-8 to 0.880039270763225 adjusted 1 weight 
Discovered beneficial synapse from input-882 to 20c84a43-063d-4dcb-b51e-31825f7f3889 with weight -1.0000, helping 57.3% more records than it harms (3030/4613)
Discovery 5300d87a analyze time 10s 451ms found 1 candidates
Discovered harmful synapse from input-1068 to 20c84a43-063d-4dcb-b51e-31825f7f3889, harming 55.9% more records than it helps (418/4613)
Discovery 5300d87a analyze harmful time 1s 520ms found 1 candidates
Discovery 5300d87a analyze squashes time 1s 243ms found 0 candidates
Training 738b0691 with 1 binary file, target error: 0.05, iterations: 1, sample rate: 100%, sparse: 100%
Discovery 738b0691 with 1 binary files, sample rate: 100%, batch size: 512
Discovery 738b0691 initialize time 100ms
Discovery 738b0691 processing .trainData-industry_88/SERVICES-AMUSEMENT-RECREATION_SERVICES/data.bin
Fine tuning increased fitness by 1.8363066067728084e-8 to 0.880039289126291 adjusted 1 weight 
Discovery 738b0691 read time 10ms for .trainData-industry_88/SERVICES-AMUSEMENT-RECREATION_SERVICES/data.bin with 4613 records
Discovery 738b0691 scanning time 4s 428ms
Discovery 738b0691 recorded time 6s 243ms
Fine tuning increased fitness by 2.5754896659790916e-8 to 0.8800393148811877 adjusted 1 weight 
Training c8f39e94 with 1 binary file, target error: 0.05, iterations: 1, sample rate: 100%, sparse: 100%
Fine tuning increased fitness by 5.0011626284707233e-8 to 0.880039364892814 adjusted 1 weight 
Discovered beneficial synapse from input-882 to 20c84a43-063d-4dcb-b51e-31825f7f3889 with weight -1.0000, helping 57.3% more records than it harms (3030/4613)
Discovery 738b0691 analyze time 10s 304ms found 1 candidates
Discovered harmful synapse from input-1068 to 20c84a43-063d-4dcb-b51e-31825f7f3889, harming 55.9% more records than it helps (418/4613)
Discovery 738b0691 analyze harmful time 1s 621ms found 1 candidates
Discovery 738b0691 analyze squashes time 1s 260ms found 0 candidates
Fine tuning increased fitness by 9.728903271888356e-8 to 0.8800394621818467 adjusted 1 weight 
Training b6d5f3bb with 1 binary file, target error: 0.05, iterations: 1, sample rate: 100%, sparse: 100%
Discovery b6d5f3bb with 1 binary files, sample rate: 100%, batch size: 512
Discovery b6d5f3bb initialize time 101ms
Discovery b6d5f3bb processing .trainData-industry_88/SERVICES-AMUSEMENT-RECREATION_SERVICES/data.bin
Fine tuning increased fitness by 1.7789015593905333e-7 to 0.8800396400720026 adjusted 1 weight 
Discovery b6d5f3bb read time 8ms for .trainData-industry_88/SERVICES-AMUSEMENT-RECREATION_SERVICES/data.bin with 4613 records
Discovery b6d5f3bb scanning time 4s 988ms
Discovery b6d5f3bb recorded time 6s 330ms
Fine tuning increased fitness by 3.528443162092998e-7 to 0.8800399929163188 adjusted 1 weight 
Fine tuning increased fitness by 6.095098837866075e-7 to 0.8800406024262026 adjusted 1 weight 
Discovered beneficial synapse from input-882 to 20c84a43-063d-4dcb-b51e-31825f7f3889 with weight -1.0000, helping 57.3% more records than it harms (3030/4613)
Discovery b6d5f3bb analyze time 10s 562ms found 1 candidates
Discovered harmful synapse from input-1068 to 20c84a43-063d-4dcb-b51e-31825f7f3889, harming 55.9% more records than it helps (418/4613)
Discovery b6d5f3bb analyze harmful time 1s 687ms found 1 candidates
Training bfb54f56 with 1 binary file, target error: 0.05, iterations: 1, sample rate: 100%, sparse: 100%
Discovery b6d5f3bb analyze squashes time 1s 541ms found 0 candidates
Generation 20 score 0.8800430809304384  error 0.11991766607041711 avg time 6s 533ms
Fine tuning increased fitness by 0.0000040145547828274175 to 0.8800470954852212 adjusted 2 weights 
Remove neuron e6b888b8-8845-43b2-aece-f11334b7a55d as no longer connected
Fine tuning increased fitness by 0.000008654316067557843 to 0.8800625801750942 adjusted 1 weight 
Fine tuning increased fitness by 0.0000040671316356988285 to 0.8800666473067299 adjusted 1 weight 
Generation 25 score 0.8800666473067299  error 0.11989409969412561 avg time 3s 360ms
{
  error: 0.11989409969412561,
  score: 0.8800666473067299,
  generation: 25,
  time: 181175,
  startScore: 0.8800349615579629
}
process REAL_ESTATE_AGENTS-MANAGERS_FOR_OTHERS lvl: 3
loaded ../GRQ-portfolio/best/industry/v6/REAL_ESTATE_AGENTS-MANAGERS_FOR_OTHERS.json
2 mutations, mutation rate 17.2%, elitism 4, mutation FFW, selection TOURNAMENT
Creature count: 50
Culling duplicate creature at 1 of 51
DeDuplication of 1 creatures to 50 in 92ms (previous experiment )
Training a03aac43 with 1 binary file, target error: 0.05, iterations: 1, sample rate: 100%, sparse: 100%
Discovery a03aac43 with 1 binary files, sample rate: 100%, batch size: 512
Discovery a03aac43 initialize time 108ms
Discovery a03aac43 processing .trainData-industry_88/REAL_ESTATE_AGENTS-MANAGERS_FOR_OTHERS/data.bin
Replacing HYPOT neuron 8c8fc085-89dd-472e-ae08-42f0f73e04e5
compactUnused: 024b3c0c-8ca3-4cd0-bd1f-c0c538534e46 already connected to third-one
compactUnused: 024b3c0c-8ca3-4cd0-bd1f-c0c538534e46 already connected to third-one with type condition required condition
Discovery a03aac43 read time 8ms for .trainData-industry_88/REAL_ESTATE_AGENTS-MANAGERS_FOR_OTHERS/data.bin with 4613 records
Discovery a03aac43 scanning time 17s 270ms
Training 09f55ae9 with 1 binary file, target error: 0.05, iterations: 1, sample rate: 100%, sparse: 100%
Discovery a03aac43 recorded time 19s 70ms
compactUnused: 024b3c0c-8ca3-4cd0-bd1f-c0c538534e46 already connected to third-one
compactUnused: 024b3c0c-8ca3-4cd0-bd1f-c0c538534e46 already connected to third-one with type condition required condition
Training 52fbca9a with 1 binary file, target error: 0.05, iterations: 1, sample rate: 100%, sparse: 100%
compactUnused: 024b3c0c-8ca3-4cd0-bd1f-c0c538534e46 already connected to third-one
compactUnused: 024b3c0c-8ca3-4cd0-bd1f-c0c538534e46 already connected to third-one with type condition required condition
Training 255c90c2 with 1 binary file, target error: 0.05, iterations: 1, sample rate: 100%, sparse: 100%
Discovered beneficial synapse from input-1596 to 76c22346-e2f9-43ed-a975-2e04720087ef with weight -1.0000, helping 41.2% more records than it harms (3051/4613)
Discovery a03aac43 analyze time 38s 965ms found 1 candidates
Discovered harmful synapse from input-1086 to 76c22346-e2f9-43ed-a975-2e04720087ef, harming 29.9% more records than it helps (1411/4613)
Discovery a03aac43 analyze harmful time 6s 346ms found 1 candidates
compactUnused: 024b3c0c-8ca3-4cd0-bd1f-c0c538534e46 already connected to third-one
compactUnused: 024b3c0c-8ca3-4cd0-bd1f-c0c538534e46 already connected to third-one with type condition required condition
Discovery a03aac43 analyze squashes time 6s 357ms found 0 candidates
Training dfa568ce with 1 binary file, target error: 0.05, iterations: 1, sample rate: 100%, sparse: 100%
Discovery dfa568ce with 1 binary files, sample rate: 100%, batch size: 512
Discovery dfa568ce initialize time 108ms
Discovery dfa568ce processing .trainData-industry_88/REAL_ESTATE_AGENTS-MANAGERS_FOR_OTHERS/data.bin
Fine tuning increased fitness by 0.00031877313955419595 to 0.8803572596163275 adjusted 5 weights, 1 bias 
Generation 10 score 0.8803572596163275  error 0.11958982438376045 avg time 8s 110ms
compactUnused: 024b3c0c-8ca3-4cd0-bd1f-c0c538534e46 already connected to third-one
compactUnused: 024b3c0c-8ca3-4cd0-bd1f-c0c538534e46 already connected to third-one with type condition required condition
Training 0f22ae49 with 1 binary file, target error: 0.05, iterations: 1, sample rate: 100%, sparse: 100%
Discovery dfa568ce read time 5ms for .trainData-industry_88/REAL_ESTATE_AGENTS-MANAGERS_FOR_OTHERS/data.bin with 4613 records
Discovery dfa568ce scanning time 18s 561ms
Discovery dfa568ce recorded time 19s 906ms
Remove neuron 6ce73c59-8991-4694-907f-b70363e1041b-836 as no longer connected
Fine tuning increased fitness by 5.560919464908665e-7 to 0.8803701314632122 adjusted 5 weights, 1 bias 
compactUnused: 024b3c0c-8ca3-4cd0-bd1f-c0c538534e46 already connected to third-one
compactUnused: 024b3c0c-8ca3-4cd0-bd1f-c0c538534e46 already connected to third-one with type condition required condition
Training 2a54591c with 1 binary file, target error: 0.05, iterations: 1, sample rate: 100%, sparse: 100%
compactUnused: 024b3c0c-8ca3-4cd0-bd1f-c0c538534e46 already connected to third-one
compactUnused: 024b3c0c-8ca3-4cd0-bd1f-c0c538534e46 already connected to third-one with type condition required condition
Training c473d859 with 1 binary file, target error: 0.05, iterations: 1, sample rate: 100%, sparse: 100%
Fine tuning increased fitness by 0.0000033012938328580432 to 0.8803811360438636 adjusted 4 weights, 1 bias 
Remove neuron 1820ae6a-1d4f-4149-8ad4-7b0a52164a41-1336 as no longer connected
compactUnused: 024b3c0c-8ca3-4cd0-bd1f-c0c538534e46 already connected to third-one
compactUnused: 024b3c0c-8ca3-4cd0-bd1f-c0c538534e46 already connected to third-one with type condition required condition
Training ed39ff96 with 1 binary file, target error: 0.05, iterations: 1, sample rate: 100%, sparse: 100%
Fine tuning increased fitness by 0.0000012153957680283156 to 0.8803838674262549 adjusted 4 weights, 1 bias 
Discovered beneficial synapse from input-1596 to 76c22346-e2f9-43ed-a975-2e04720087ef with weight -1.0000, helping 41.1% more records than it harms (3051/4613)
Discovery dfa568ce analyze time 1m 3s 991ms found 1 candidates
compactUnused: 024b3c0c-8ca3-4cd0-bd1f-c0c538534e46 already connected to third-one
compactUnused: 024b3c0c-8ca3-4cd0-bd1f-c0c538534e46 already connected to third-one with type condition required condition
Discovered harmful synapse from input-1086 to 76c22346-e2f9-43ed-a975-2e04720087ef, harming 29.8% more records than it helps (1414/4613)
Discovery dfa568ce analyze harmful time 6s 24ms found 1 candidates
Generation 20 score 0.880384151488876  error 0.11956293251121188 avg time 8s 812ms
Discovery dfa568ce analyze squashes time 6s 44ms found 0 candidates
Fine tuning increased fitness by 4.2402270583608015e-10 to 0.8803842518952038 adjusted 2 weights, 1 bias 
Generation 22 score 0.8803842518952038  error 0.11956283210488415 avg time 1s 493ms
Waiting for additional generation
Generation 23 score 0.8803862648152041  error 0.11956081918488386 avg time 766ms
{
  error: 0.11956081918488386,
  score: 0.8803862648152041,
  generation: 23,
  time: 192068,
  startScore: 0.880006681773953
}
process WHOLESALE-PAPER-PAPER_PRODUCTS lvl: 3
loaded ../GRQ-portfolio/best/industry/v6/WHOLESALE-PAPER-PAPER_PRODUCTS.json
1 mutation, mutation rate 5.0%, elitism 7, mutation FFW, selection FITNESS_PROPORTIONATE
Creature count: 50
Culling duplicate creature at 1 of 51
DeDuplication of 1 creatures to 50 in 132ms (previous experiment )
Training c8bee784 with 1 binary file, target error: 0.05, iterations: 1, sample rate: 100%, sparse: 100%
Discovery c8bee784 with 1 binary files, sample rate: 100%, batch size: 512
Discovery c8bee784 initialize time 95ms
Discovery c8bee784 processing .trainData-industry_88/WHOLESALE-PAPER-PAPER_PRODUCTS/data.bin
Replacing HYPOT neuron 8c8fc085-89dd-472e-ae08-42f0f73e04e5
Creature is not valid MEMETIC: Memetic from UUID 8c8fc085-89dd-472e-ae08-42f0f73e04e5 to UUID ddcd78b0-1130-4336-9a63-31d8df0a6ca5 has no matching synapses.
    at https://jsr.io/@stsoftware/neat-ai/0.181.0/src/architecture/CreatureValidate.ts:373:17
    at Array.forEach (<anonymous>)
    at creatureValidate (https://jsr.io/@stsoftware/neat-ai/0.181.0/src/architecture/CreatureValidate.ts:350:22)
    at Creature.validate (https://jsr.io/@stsoftware/neat-ai/0.181.0/src/Creature.ts:399:5)
    at removeHYPOT (https://jsr.io/@stsoftware/neat-ai/0.181.0/src/upgrade/UpgradeTwo.ts:115:18)
    at removeHYPOT (https://jsr.io/@stsoftware/neat-ai/0.181.0/src/upgrade/UpgradeTwo.ts:110:12)
    at upgradeTwo (https://jsr.io/@stsoftware/neat-ai/0.181.0/src/upgrade/UpgradeTwo.ts:34:19)
    at upgrade (https://jsr.io/@stsoftware/neat-ai/0.181.0/src/upgrade/Upgrade.ts:9:21)
    at Offspring.breed (https://jsr.io/@stsoftware/neat-ai/0.181.0/src/architecture/Offspring.ts:29:20)
    at Breed.breed (https://jsr.io/@stsoftware/neat-ai/0.181.0/src/breed/Breed.ts:74:29) {
  name: "MEMETIC"
}
Creature is not valid MEMETIC: Memetic from UUID 8c8fc085-89dd-472e-ae08-42f0f73e04e5 to UUID ddcd78b0-1130-4336-9a63-31d8df0a6ca5 has no matching synapses.
    at https://jsr.io/@stsoftware/neat-ai/0.181.0/src/architecture/CreatureValidate.ts:373:17
    at Array.forEach (<anonymous>)
    at creatureValidate (https://jsr.io/@stsoftware/neat-ai/0.181.0/src/architecture/CreatureValidate.ts:350:22)
    at Creature.validate (https://jsr.io/@stsoftware/neat-ai/0.181.0/src/Creature.ts:399:5)
    at removeHYPOTv2 (https://jsr.io/@stsoftware/neat-ai/0.181.0/src/upgrade/UpgradeTwo.ts:168:18)
    at upgradeTwo (https://jsr.io/@stsoftware/neat-ai/0.181.0/src/upgrade/UpgradeTwo.ts:35:20)
    at upgrade (https://jsr.io/@stsoftware/neat-ai/0.181.0/src/upgrade/Upgrade.ts:9:21)
    at Offspring.breed (https://jsr.io/@stsoftware/neat-ai/0.181.0/src/architecture/Offspring.ts:29:20)
    at Breed.breed (https://jsr.io/@stsoftware/neat-ai/0.181.0/src/breed/Breed.ts:74:29)
    at Neat.evolve (https://jsr.io/@stsoftware/neat-ai/0.181.0/src/NEAT/Neat.ts:579:27) {
  name: "MEMETIC"
}
Discovery c8bee784 read time 9ms for .trainData-industry_88/WHOLESALE-PAPER-PAPER_PRODUCTS/data.bin with 4613 records
Discovery c8bee784 scanning time 3s 531ms
Discovery c8bee784 recorded time 5s 189ms
Training a9a33d72 with 1 binary file, target error: 0.05, iterations: 1, sample rate: 100%, sparse: 100%
Training 3c966615 with 1 binary file, target error: 0.05, iterations: 1, sample rate: 100%, sparse: 100%
Training 220d6aff with 1 binary file, target error: 0.05, iterations: 1, sample rate: 100%, sparse: 100%
Fine tuning increased fitness by 0.0000018306170874726746 to 0.9465557621566408 adjusted 1 weight 
Training 7f8dc705 with 1 binary file, target error: 0.05, iterations: 1, sample rate: 100%, sparse: 100%
Training 239aa74d with 1 binary file, target error: 0.05, iterations: 1, sample rate: 100%, sparse: 100%
Training fa4da8ad with 1 binary file, target error: 0.05, iterations: 1, sample rate: 100%, sparse: 100%
Discovered beneficial synapse from input-1736 to 3975fd82-3f4e-4cda-b220-75e671a69534 with weight -1.0000, helping 11.5% more records than it harms (1424/4613)
Discovery c8bee784 analyze time 40s 734ms found 1 candidates
Discovery c8bee784 analyze harmful time 1s 498ms found 0 candidates
Generation 10 score 0.9465620567071554  error 0.0534060392947448 avg time 5s 148ms
Discovery c8bee784 analyze squashes time 1s 665ms found 0 candidates
Discovery 2dc2e956 with 1 binary files, sample rate: 100%, batch size: 512
Fine tuning increased fitness by 0.000004600513040742271 to 0.9465666572201962 adjusted 295 weights 
Discovery 2dc2e956 initialize time 99ms
Discovery 2dc2e956 processing .trainData-industry_88/WHOLESALE-PAPER-PAPER_PRODUCTS/data.bin
Discovery 2dc2e956 read time 10ms for .trainData-industry_88/WHOLESALE-PAPER-PAPER_PRODUCTS/data.bin with 4613 records
Discovery 2dc2e956 scanning time 4s 268ms
Training c3da8b86 with 1 binary file, target error: 0.05, iterations: 1, sample rate: 100%, sparse: 100%
Fine tuning increased fitness by 0.000005644736488230606 to 0.9465723019566844 adjusted 295 weights 
Discovery 2dc2e956 recorded time 5s 611ms
Fine tuning increased fitness by 0.000007712404625159763 to 0.9465800143613096 adjusted 294 weights 
Training 10ecdd78 with 1 binary file, target error: 0.05, iterations: 1, sample rate: 100%, sparse: 100%
Fine tuning increased fitness by 5.21591341784422e-7 to 0.9465805359526513 adjusted 294 weights 
Over populated 52, expected 50.
Training a7ba3f2e with 1 binary file, target error: 0.05, iterations: 1, sample rate: 100%, sparse: 100%
Fine tuning increased fitness by 2.467021557039928e-7 to 0.946580782654807 adjusted 294 weights 
Over populated 52, expected 50.
Training 0f54fc53 with 1 binary file, target error: 0.05, iterations: 1, sample rate: 100%, sparse: 100%
Training fe1fb7b6 with 1 binary file, target error: 0.05, iterations: 1, sample rate: 100%, sparse: 100%
Discovered beneficial synapse from input-1736 to 3975fd82-3f4e-4cda-b220-75e671a69534 with weight -1.0000, helping 11.5% more records than it harms (1424/4613)
Discovery 2dc2e956 analyze time 33s 80ms found 1 candidates
Fine tuning increased fitness by 0.000005287938194320496 to 0.9465948217560233 adjusted 1529 weights, 1 bias 
Discovery 2dc2e956 analyze harmful time 1s 136ms found 0 candidates
Discovery 2dc2e956 analyze squashes time 1s 444ms found 0 candidates
Discovery 7794e9ba with 1 binary files, sample rate: 100%, batch size: 512
Discovery 7794e9ba initialize time 99ms
Discovery 7794e9ba processing .trainData-industry_88/WHOLESALE-PAPER-PAPER_PRODUCTS/data.bin
Fine tuning increased fitness by 0.000006679777647566887 to 0.9466015015336708 adjusted 1529 weights, 1 bias 
Discovery 7794e9ba read time 9ms for .trainData-industry_88/WHOLESALE-PAPER-PAPER_PRODUCTS/data.bin with 4613 records
Discovery 7794e9ba scanning time 3s 769ms
Training 98e257d5 with 1 binary file, target error: 0.05, iterations: 1, sample rate: 100%, sparse: 100%
Discovery 7794e9ba recorded time 5s 712ms
Fine tuning increased fitness by 0.000007224446310516441 to 0.9466087259799814 adjusted 1529 weights, 1 bias 
Generation 20 score 0.9466087259799814  error 0.053359370021919 avg time 5s 658ms
Fine tuning increased fitness by 0.000014267154777591884 to 0.946622993134759 adjusted 1529 weights, 1 bias 
Training e64d6cbd with 1 binary file, target error: 0.05, iterations: 1, sample rate: 100%, sparse: 100%
Fine tuning increased fitness by 0.000009281253488202523 to 0.9466322743882472 adjusted 1529 weights, 1 bias 
Training 184bd01d with 1 binary file, target error: 0.05, iterations: 1, sample rate: 100%, sparse: 100%
Training 0908f991 with 1 binary file, target error: 0.05, iterations: 1, sample rate: 100%, sparse: 100%
Discovered beneficial synapse from input-1736 to 3975fd82-3f4e-4cda-b220-75e671a69534 with weight -1.0000, helping 11.4% more records than it harms (1422/4613)
Discovery 7794e9ba analyze time 34s 507ms found 1 candidates
Training d9fe96af with 1 binary file, target error: 0.05, iterations: 1, sample rate: 100%, sparse: 100%
Discovery 7794e9ba analyze harmful time 1s 979ms found 0 candidates
Discovery 7794e9ba analyze squashes time 1s 607ms found 0 candidates
Generation 30 score 0.9467012434240121  error 0.05326684257788891 avg time 5s 648ms
Fine tuning increased fitness by 0.000003761210626285205 to 0.9467076851923903 adjusted 603 weights 
Fine tuning increased fitness by 0.000006257473487480958 to 0.9467139426658778 adjusted 603 weights 
Generation 33 score 0.9467139426658778  error 0.05325413333602401 avg time 1s 573ms
{
  error: 0.05325413333602401,
  score: 0.9467139426658778,
  generation: 33,
  time: 180544,
  startScore: 0.9465415344518281
}
process HAZARDOUS_WASTE_MANAGEMENT lvl: 3
loaded ../GRQ-portfolio/best/industry/v6/HAZARDOUS_WASTE_MANAGEMENT.json
2 mutations, mutation rate 5.0%, elitism 2, mutation FFW, selection TOURNAMENT
Creature count: 50
Culling duplicate creature at 1 of 51
DeDuplication of 1 creatures to 50 in 116ms (previous experiment )
Training 0fdadfc0 with 1 binary file, target error: 0.05, iterations: 1, sample rate: 100%, sparse: 100%
Discovery 0fdadfc0 with 1 binary files, sample rate: 100%, batch size: 512
Discovery 0fdadfc0 initialize time 99ms
Discovery 0fdadfc0 processing .trainData-industry_88/HAZARDOUS_WASTE_MANAGEMENT/data.bin
Replacing HYPOT neuron 8c8fc085-89dd-472e-ae08-42f0f73e04e5
Discovery 0fdadfc0 read time 13ms for .trainData-industry_88/HAZARDOUS_WASTE_MANAGEMENT/data.bin with 4613 records
Discovery 0fdadfc0 scanning time 15s 696ms
Discovery 0fdadfc0 recorded time 17s 4ms
Training 05f73b38 with 1 binary file, target error: 0.05, iterations: 1, sample rate: 100%, sparse: 100%
Discovered beneficial synapse from 8d67c5a9-2831-4a11-b282-7b0c590f3f66 to c1462f71-f38c-4095-aa48-8a8b3d19bab0 with weight -1.0000, helping 17.1% more records than it harms (2088/4613)
Discovery 0fdadfc0 analyze time 15s 48ms found 1 candidates
Discovered harmful synapse from input-1001 to c1462f71-f38c-4095-aa48-8a8b3d19bab0, harming 39.5% more records than it helps (780/4613)
Discovery 0fdadfc0 analyze harmful time 3s 765ms found 1 candidates
Discovery 0fdadfc0 analyze squashes time 3s 572ms found 0 candidates
Discovery d320c695 with 1 binary files, sample rate: 100%, batch size: 512
Discovery d320c695 initialize time 101ms
Discovery d320c695 processing .trainData-industry_88/HAZARDOUS_WASTE_MANAGEMENT/data.bin
Training dffb8c12 with 1 binary file, target error: 0.05, iterations: 1, sample rate: 100%, sparse: 100%
Fine tuning increased fitness by 0.000002145639757422657 to 0.8653065006462117 adjusted 175 weights, 2 biases 
Discovery d320c695 read time 9ms for .trainData-industry_88/HAZARDOUS_WASTE_MANAGEMENT/data.bin with 4613 records
Discovery d320c695 scanning time 15s 688ms
Discovery d320c695 recorded time 17s 394ms
Fine tuning increased fitness by 0.000005065120955771718 to 0.8653148850981474 adjusted 177 weights, 2 biases 
Discovered beneficial synapse from 8d67c5a9-2831-4a11-b282-7b0c590f3f66 to c1462f71-f38c-4095-aa48-8a8b3d19bab0 with weight -1.0000, helping 17.2% more records than it harms (2088/4613)
Discovery d320c695 analyze time 15s 127ms found 1 candidates
Training 82555d68 with 1 binary file, target error: 0.05, iterations: 1, sample rate: 100%, sparse: 100%
Discovered harmful synapse from input-1001 to c1462f71-f38c-4095-aa48-8a8b3d19bab0, harming 39.6% more records than it helps (779/4613)
Discovery d320c695 analyze harmful time 3s 722ms found 1 candidates
Over populated 52, expected 50.
Generation 10 score 0.8653182479476014  error 0.134640845052489 avg time 8s 76ms
Discovery d320c695 analyze squashes time 3s 917ms found 0 candidates
Discovery 18e0be59 with 1 binary files, sample rate: 100%, batch size: 512
Discovery 18e0be59 initialize time 98ms
Discovery 18e0be59 processing .trainData-industry_88/HAZARDOUS_WASTE_MANAGEMENT/data.bin
Fine tuning increased fitness by 8.04419888811303e-7 to 0.8653195680454911 adjusted 66 weights 
Discovery 18e0be59 read time 10ms for .trainData-industry_88/HAZARDOUS_WASTE_MANAGEMENT/data.bin with 4613 records
Discovery 18e0be59 scanning time 15s 653ms
Training 574f055a with 1 binary file, target error: 0.05, iterations: 1, sample rate: 100%, sparse: 100%
Fine tuning increased fitness by 0.000001038104137096596 to 0.8653206061496282 adjusted 66 weights 
Discovery 18e0be59 recorded time 16s 836ms
Training 39721dca with 1 binary file, target error: 0.05, iterations: 1, sample rate: 100%, sparse: 100%
Discovered beneficial synapse from input-89 to acc42dd8-c404-4be4-9378-687b5978a9b1 with weight 1.0000, helping 31.4% more records than it harms (3031/4613)
Discovery 18e0be59 analyze time 24s 104ms found 1 candidates
Over populated 52, expected 50.
Discovered harmful synapse from input-1001 to c1462f71-f38c-4095-aa48-8a8b3d19bab0, harming 39.5% more records than it helps (780/4613)
Discovery 18e0be59 analyze harmful time 3s 620ms found 1 candidates
Discovery 18e0be59 analyze squashes time 3s 962ms found 0 candidates
Fine tuning increased fitness by 0.000014838580663312229 to 0.8653620198447826 adjusted 177 weights, 2 biases 
Discovery c19b4776 with 1 binary files, sample rate: 100%, batch size: 512
Discovery c19b4776 initialize time 100ms
Discovery c19b4776 processing .trainData-industry_88/HAZARDOUS_WASTE_MANAGEMENT/data.bin
Over populated 52, expected 50.
Discovery c19b4776 read time 11ms for .trainData-industry_88/HAZARDOUS_WASTE_MANAGEMENT/data.bin with 4613 records
Discovery c19b4776 scanning time 15s 378ms
Discovery c19b4776 recorded time 16s 655ms
Generation 20 score 0.8653960662101532  error 0.13456302678993712 avg time 8s 206ms
Discovered beneficial synapse from 8d67c5a9-2831-4a11-b282-7b0c590f3f66 to c1462f71-f38c-4095-aa48-8a8b3d19bab0 with weight -1.0000, helping 17.2% more records than it harms (2087/4613)
Discovery c19b4776 analyze time 14s 888ms found 1 candidates
Discovered harmful synapse from input-1001 to c1462f71-f38c-4095-aa48-8a8b3d19bab0, harming 39.4% more records than it helps (781/4613)
Discovery c19b4776 analyze harmful time 3s 629ms found 1 candidates
Discovery c19b4776 analyze squashes time 3s 467ms found 0 candidates
Fine tuning increased fitness by 2.1007114370252822e-7 to 0.8653964872835335 adjusted 156 weights, 1 bias 
Generation 23 score 0.8653964872835335  error 0.13456260571655684 avg time 2s 342ms
Waiting for additional generation
Generation 24 score 0.8654141656584663  error 0.134544937341624 avg time 752ms
{
  error: 0.134544937341624,
  score: 0.8654141656584663,
  generation: 24,
  time: 194028,
  startScore: 0.8653029027529859
}
process RETAIL-RETAIL_STORES_NEC lvl: 3
loaded ../GRQ-portfolio/best/industry/v6/RETAIL-RETAIL_STORES_NEC.json
7 mutations, mutation rate 5.0%, elitism 2, mutation FFW, selection FITNESS_PROPORTIONATE
Creature count: 50
Culling duplicate creature at 1 of 51
DeDuplication of 1 creatures to 50 in 249ms (previous experiment )
Training 861e2d74 with 1 binary file, target error: 0.05, iterations: 1, sample rate: 100%, sparse: 100%
Discovery 861e2d74 with 1 binary files, sample rate: 100%, batch size: 512
Discovery 861e2d74 initialize time 98ms
Discovery 861e2d74 processing .trainData-industry_88/RETAIL-RETAIL_STORES_NEC/data.bin
Discovery 861e2d74 read time 11ms for .trainData-industry_88/RETAIL-RETAIL_STORES_NEC/data.bin with 4613 records
Discovery 861e2d74 scanning time 2s 590ms
Replacing HYPOT neuron 8c8fc085-89dd-472e-ae08-42f0f73e04e5
Creature is not valid MEMETIC: Memetic from UUID 8c8fc085-89dd-472e-ae08-42f0f73e04e5 to UUID ddcd78b0-1130-4336-9a63-31d8df0a6ca5 has no matching synapses.
    at https://jsr.io/@stsoftware/neat-ai/0.181.0/src/architecture/CreatureValidate.ts:373:17
    at Array.forEach (<anonymous>)
    at creatureValidate (https://jsr.io/@stsoftware/neat-ai/0.181.0/src/architecture/CreatureValidate.ts:350:22)
    at Creature.validate (https://jsr.io/@stsoftware/neat-ai/0.181.0/src/Creature.ts:399:5)
    at removeHYPOT (https://jsr.io/@stsoftware/neat-ai/0.181.0/src/upgrade/UpgradeTwo.ts:115:18)
    at removeHYPOT (https://jsr.io/@stsoftware/neat-ai/0.181.0/src/upgrade/UpgradeTwo.ts:110:12)
    at upgradeTwo (https://jsr.io/@stsoftware/neat-ai/0.181.0/src/upgrade/UpgradeTwo.ts:34:19)
    at upgrade (https://jsr.io/@stsoftware/neat-ai/0.181.0/src/upgrade/Upgrade.ts:9:21)
    at Offspring.breed (https://jsr.io/@stsoftware/neat-ai/0.181.0/src/architecture/Offspring.ts:29:20)
    at Breed.breed (https://jsr.io/@stsoftware/neat-ai/0.181.0/src/breed/Breed.ts:74:29) {
  name: "MEMETIC"
}
Creature is not valid MEMETIC: Memetic from UUID 8c8fc085-89dd-472e-ae08-42f0f73e04e5 to UUID ddcd78b0-1130-4336-9a63-31d8df0a6ca5 has no matching synapses.
    at https://jsr.io/@stsoftware/neat-ai/0.181.0/src/architecture/CreatureValidate.ts:373:17
    at Array.forEach (<anonymous>)
    at creatureValidate (https://jsr.io/@stsoftware/neat-ai/0.181.0/src/architecture/CreatureValidate.ts:350:22)
    at Creature.validate (https://jsr.io/@stsoftware/neat-ai/0.181.0/src/Creature.ts:399:5)
    at removeHYPOTv2 (https://jsr.io/@stsoftware/neat-ai/0.181.0/src/upgrade/UpgradeTwo.ts:168:18)
    at upgradeTwo (https://jsr.io/@stsoftware/neat-ai/0.181.0/src/upgrade/UpgradeTwo.ts:35:20)
    at upgrade (https://jsr.io/@stsoftware/neat-ai/0.181.0/src/upgrade/Upgrade.ts:9:21)
    at Offspring.breed (https://jsr.io/@stsoftware/neat-ai/0.181.0/src/architecture/Offspring.ts:29:20)
    at Breed.breed (https://jsr.io/@stsoftware/neat-ai/0.181.0/src/breed/Breed.ts:74:29)
    at Neat.evolve (https://jsr.io/@stsoftware/neat-ai/0.181.0/src/NEAT/Neat.ts:579:27) {
  name: "MEMETIC"
}
Discovery 861e2d74 recorded time 4s 172ms
Training d8c9ae27 with 1 binary file, target error: 0.05, iterations: 1, sample rate: 100%, sparse: 100%
Training 7374b0be with 1 binary file, target error: 0.05, iterations: 1, sample rate: 100%, sparse: 100%
Fine tuning increased fitness by 0.000018936977588035475 to 0.8882351544679659 adjusted 69 weights, 1 bias 
Training f66b26d0 with 1 binary file, target error: 0.05, iterations: 1, sample rate: 100%, sparse: 100%
Discovered beneficial synapse from input-1526 to 269f7ef5-6a0a-41ab-b34c-c34b43026e3d with weight -1.0000, helping 19.1% more records than it harms (2583/4613)
Discovery 861e2d74 analyze time 18s 443ms found 1 candidates
Discovered harmful synapse from input-1415 to 669117a2-3ded-45db-9561-ce48b91bb2f4, harming 39.8% more records than it helps (263/4613)
Discovery 861e2d74 analyze harmful time 1s 169ms found 1 candidates
Discovery 861e2d74 analyze squashes time 1s 874ms found 0 candidates
Fine tuning increased fitness by 0.000014853575723949852 to 0.8882603611847757 adjusted 110 weights, 3 biases 
Discovery b244ff70 with 1 binary files, sample rate: 100%, batch size: 512
Discovery b244ff70 initialize time 93ms
Discovery b244ff70 processing .trainData-industry_88/RETAIL-RETAIL_STORES_NEC/data.bin
Discovery b244ff70 read time 10ms for .trainData-industry_88/RETAIL-RETAIL_STORES_NEC/data.bin with 4613 records
Discovery b244ff70 scanning time 2s 662ms
Training 739e36b6 with 1 binary file, target error: 0.05, iterations: 1, sample rate: 100%, sparse: 100%
Discovery b244ff70 recorded time 4s 494ms
Fine tuning increased fitness by 0.000014602279504560833 to 0.8882749634642803 adjusted 110 weights, 3 biases 
Fine tuning increased fitness by 0.000006054728196369652 to 0.8882810181924766 adjusted 110 weights, 3 biases 
Remove neuron 50df24d7-bd35-4b9b-9f51-9e768efcc5a7 as no longer connected
Training f24bf180 with 1 binary file, target error: 0.05, iterations: 1, sample rate: 100%, sparse: 100%
Over populated 52, expected 50.
Generation 10 score 0.8882810382839795  error 0.11168948071691422 avg time 4s 716ms
Retrying increased fitness by 0.000024863634349725494 to 0.8883059019183293 adjusted 468 weights, 8 biases
Training 0f459129 with 1 binary file, target error: 0.05, iterations: 1, sample rate: 100%, sparse: 100%
Fine tuning increased fitness by 0.000049509789083246325 to 0.8883554117074125 adjusted 464 weights, 8 biases 
Training 58aefeaa with 1 binary file, target error: 0.05, iterations: 1, sample rate: 100%, sparse: 100%
Discovered beneficial synapse from input-1274 to 669117a2-3ded-45db-9561-ce48b91bb2f4 with weight -1.0000, helping 40.1% more records than it harms (2107/4613)
Discovery b244ff70 analyze time 27s 625ms found 1 candidates
Discovered harmful synapse from input-1277 to ee01efb0-2758-4203-abf4-01aba4980e57, harming 41.5% more records than it helps (217/4613)
Discovery b244ff70 analyze harmful time 1s 219ms found 1 candidates
Discovery b244ff70 analyze squashes time 1s 915ms found 0 candidates
Training 4532d12c with 1 binary file, target error: 0.05, iterations: 1, sample rate: 100%, sparse: 100%
Over populated 52, expected 50.
Training 2071ed86 with 1 binary file, target error: 0.05, iterations: 1, sample rate: 100%, sparse: 100%
Discovery 2071ed86 with 1 binary files, sample rate: 100%, batch size: 512
Discovery 2071ed86 initialize time 104ms
Discovery 2071ed86 processing .trainData-industry_88/RETAIL-RETAIL_STORES_NEC/data.bin
Discovery 2071ed86 read time 8ms for .trainData-industry_88/RETAIL-RETAIL_STORES_NEC/data.bin with 4613 records
Discovery 2071ed86 scanning time 2s 639ms
Over populated 52, expected 50.
Discovery 2071ed86 recorded time 4s 343ms
Fine tuning increased fitness by 2.9209278662456484e-8 to 0.888503926698099 adjusted 764 weights, 15 biases 
Training 7dcea865 with 1 binary file, target error: 0.05, iterations: 1, sample rate: 100%, sparse: 100%
Fine tuning increased fitness by 3.13813263153051e-8 to 0.8885039580794253 adjusted 764 weights, 15 biases 
Over populated 52, expected 50.
Generation 20 score 0.8885039580794253  error 0.11146656092146842 avg time 4s 534ms
Training b1ecda04 with 1 binary file, target error: 0.05, iterations: 1, sample rate: 100%, sparse: 100%
Over populated 52, expected 50.
Training 17fc1b20 with 1 binary file, target error: 0.05, iterations: 1, sample rate: 100%, sparse: 100%
Fine tuning increased fitness by 0.0000090833993403594 to 0.888530934000126 adjusted 851 weights, 17 biases 
Over populated 52, expected 50.
Training 64e3d3d3 with 1 binary file, target error: 0.05, iterations: 1, sample rate: 100%, sparse: 100%
Fine tuning increased fitness by 0.00001119390673376408 to 0.8885421279068597 adjusted 851 weights, 17 biases 
Over populated 52, expected 50.
Training 92c21f49 with 1 binary file, target error: 0.05, iterations: 1, sample rate: 100%, sparse: 100%
Fine tuning increased fitness by 0.000007893100452127655 to 0.8885500210073118 adjusted 851 weights, 17 biases 
Over populated 52, expected 50.
Discovered beneficial synapse from input-1286 to ee01efb0-2758-4203-abf4-01aba4980e57 with weight -1.0000, helping 41.5% more records than it harms (2131/4613)
Discovery 2071ed86 analyze time 34s 443ms found 1 candidates
Discovered harmful synapse from input-1277 to ee01efb0-2758-4203-abf4-01aba4980e57, harming 41.5% more records than it helps (217/4613)
Discovery 2071ed86 analyze harmful time 1s 478ms found 1 candidates
Training 4fdc66e3 with 1 binary file, target error: 0.05, iterations: 1, sample rate: 100%, sparse: 100%
Fine tuning increased fitness by 0.0000016680194632190393 to 0.8885539625971949 adjusted 851 weights, 17 biases 
Discovery 2071ed86 analyze squashes time 2s 59ms found 0 candidates
Discovery f063e5e8 with 1 binary files, sample rate: 100%, batch size: 512
Fine tuning increased fitness by 0.000001331199352194723 to 0.8885552937965471 adjusted 851 weights, 17 biases 
Discovery f063e5e8 initialize time 87ms
Discovery f063e5e8 processing .trainData-industry_88/RETAIL-RETAIL_STORES_NEC/data.bin
Discovery f063e5e8 read time 14ms for .trainData-industry_88/RETAIL-RETAIL_STORES_NEC/data.bin with 4613 records
Discovery f063e5e8 scanning time 2s 240ms
Discovery f063e5e8 recorded time 3s 690ms
Training dbe14819 with 1 binary file, target error: 0.05, iterations: 1, sample rate: 100%, sparse: 100%
Over populated 52, expected 50.
Training 384955ec with 1 binary file, target error: 0.05, iterations: 1, sample rate: 100%, sparse: 100%
Over populated 52, expected 50.
Generation 30 score 0.8885626842348595  error 0.11140783476603423 avg time 4s 518ms
Training 19aa49ef with 1 binary file, target error: 0.05, iterations: 1, sample rate: 100%, sparse: 100%
Fine tuning increased fitness by 0.000005127681984795629 to 0.8885678119168443 adjusted 810 weights, 17 biases 
Over populated 52, expected 50.
Training 87ed36da with 1 binary file, target error: 0.05, iterations: 1, sample rate: 100%, sparse: 100%
Fine tuning increased fitness by 0.000003003422534120226 to 0.8885708153393784 adjusted 810 weights, 17 biases 
Over populated 52, expected 50.
Training dc15991d with 1 binary file, target error: 0.05, iterations: 1, sample rate: 100%, sparse: 100%
Fine tuning increased fitness by 0.000009973466268298203 to 0.8885807888056467 adjusted 810 weights, 17 biases 
Over populated 52, expected 50.
Fine tuning increased fitness by 0.0000066369273494792935 to 0.8885874257329962 adjusted 810 weights, 17 biases 
Fine tuning increased fitness by 0.000038870366658394495 to 0.8886262960996546 adjusted 1107 weights, 21 biases 
Discovered beneficial synapse from 966c62fe-0970-4004-af7a-9abe5704d549 to b041963b-a44a-4335-a078-61ea3e6e0e15 with weight -1.0000, helping 25.1% more records than it harms (2722/4613)
Discovery f063e5e8 analyze time 34s 791ms found 1 candidates
Discovered harmful synapse from input-1277 to ee01efb0-2758-4203-abf4-01aba4980e57, harming 41.5% more records than it helps (217/4613)
Discovery f063e5e8 analyze harmful time 1s 196ms found 1 candidates
Discovery f063e5e8 analyze squashes time 1s 290ms found 0 candidates
Fine tuning increased fitness by 0.0018541001299298143 to 0.890965978662895 adjusted 1132 weights, 22 biases 
Generation 40 score 0.890965978662895  error 0.1090045303379991 avg time 4s 387ms
{
  error: 0.1090045303379991,
  score: 0.890965978662895,
  generation: 40,
  time: 181946,
  startScore: 0.8882103303693356
}
process FOOD_AND_KINDRED_PRODUCTS lvl: 3
loaded ../GRQ-portfolio/best/industry/v6/FOOD_AND_KINDRED_PRODUCTS.json
1 mutation, mutation rate 10.7%, elitism 3, mutation FFW, selection FITNESS_PROPORTIONATE
Creature count: 50
Culling duplicate creature at 1 of 51
DeDuplication of 1 creatures to 50 in 124ms (previous experiment )
Training 4a5d5b27 with 1 binary file, target error: 0.05, iterations: 1, sample rate: 100%, sparse: 100%
Discovery 4a5d5b27 with 1 binary files, sample rate: 100%, batch size: 512
Discovery 4a5d5b27 initialize time 97ms
Discovery 4a5d5b27 processing .trainData-industry_88/FOOD_AND_KINDRED_PRODUCTS/data.bin
Replacing HYPOT neuron 8c8fc085-89dd-472e-ae08-42f0f73e04e5
Replacing HYPOT neuron 8c8fc085-89dd-472e-ae08-42f0f73e04e5
Creature is not valid MEMETIC: Memetic from UUID 8c8fc085-89dd-472e-ae08-42f0f73e04e5 to UUID ddcd78b0-1130-4336-9a63-31d8df0a6ca5 has no matching synapses.
    at https://jsr.io/@stsoftware/neat-ai/0.181.0/src/architecture/CreatureValidate.ts:373:17
    at Array.forEach (<anonymous>)
    at creatureValidate (https://jsr.io/@stsoftware/neat-ai/0.181.0/src/architecture/CreatureValidate.ts:350:22)
    at Creature.validate (https://jsr.io/@stsoftware/neat-ai/0.181.0/src/Creature.ts:399:5)
    at removeHYPOT (https://jsr.io/@stsoftware/neat-ai/0.181.0/src/upgrade/UpgradeTwo.ts:115:18)
    at removeHYPOT (https://jsr.io/@stsoftware/neat-ai/0.181.0/src/upgrade/UpgradeTwo.ts:110:12)
    at upgradeTwo (https://jsr.io/@stsoftware/neat-ai/0.181.0/src/upgrade/UpgradeTwo.ts:34:19)
    at upgrade (https://jsr.io/@stsoftware/neat-ai/0.181.0/src/upgrade/Upgrade.ts:9:21)
    at Offspring.breed (https://jsr.io/@stsoftware/neat-ai/0.181.0/src/architecture/Offspring.ts:29:20)
    at Breed.breed (https://jsr.io/@stsoftware/neat-ai/0.181.0/src/breed/Breed.ts:74:29) {
  name: "MEMETIC"
}
Creature is not valid MEMETIC: Memetic from UUID 8c8fc085-89dd-472e-ae08-42f0f73e04e5 to UUID ddcd78b0-1130-4336-9a63-31d8df0a6ca5 has no matching synapses.
    at https://jsr.io/@stsoftware/neat-ai/0.181.0/src/architecture/CreatureValidate.ts:373:17
    at Array.forEach (<anonymous>)
    at creatureValidate (https://jsr.io/@stsoftware/neat-ai/0.181.0/src/architecture/CreatureValidate.ts:350:22)
    at Creature.validate (https://jsr.io/@stsoftware/neat-ai/0.181.0/src/Creature.ts:399:5)
    at removeHYPOTv2 (https://jsr.io/@stsoftware/neat-ai/0.181.0/src/upgrade/UpgradeTwo.ts:168:18)
    at upgradeTwo (https://jsr.io/@stsoftware/neat-ai/0.181.0/src/upgrade/UpgradeTwo.ts:35:20)
    at upgrade (https://jsr.io/@stsoftware/neat-ai/0.181.0/src/upgrade/Upgrade.ts:9:21)
    at Offspring.breed (https://jsr.io/@stsoftware/neat-ai/0.181.0/src/architecture/Offspring.ts:29:20)
    at Breed.breed (https://jsr.io/@stsoftware/neat-ai/0.181.0/src/breed/Breed.ts:74:29)
    at Neat.evolve (https://jsr.io/@stsoftware/neat-ai/0.181.0/src/NEAT/Neat.ts:579:27) {
  name: "MEMETIC"
}
Discovery 4a5d5b27 read time 8ms for .trainData-industry_88/FOOD_AND_KINDRED_PRODUCTS/data.bin with 4613 records
Discovery 4a5d5b27 scanning time 3s 51ms
Discovery 4a5d5b27 recorded time 4s 477ms
Training 02ec94f7 with 1 binary file, target error: 0.05, iterations: 1, sample rate: 100%, sparse: 100%
Training 65937ea2 with 1 binary file, target error: 0.05, iterations: 1, sample rate: 100%, sparse: 100%
Discovered beneficial synapse from a61380a6-09a6-45aa-becc-a0dd3512b9c0 to ed56cecc-3158-46b0-811a-0134e24c6379 with weight 1.0000, helping 44.4% more records than it harms (2939/4613)
Discovery 4a5d5b27 analyze time 19s 547ms found 1 candidates
Training c27d188a with 1 binary file, target error: 0.05, iterations: 1, sample rate: 100%, sparse: 100%
Fine tuning increased fitness by 0.00007826657780130031 to 0.9459638609580778 adjusted 57 weights, 3 biases 
Discovered harmful synapse from input-55 to 37054bf6-2a97-489e-8bd7-18cca447c082, harming 43.7% more records than it helps (907/4613)
Discovery 4a5d5b27 analyze harmful time 901ms found 1 candidates
Discovery 4a5d5b27 analyze squashes time 1s 595ms found 1 candidate, Summary: 80ed0751-4b47-406b-a321-700943392967 ArcTan -> Cube improved: 1.7% error: 5.820507215095535e+22 -> 5.721910939547563e+22
Training cb8e7c85 with 1 binary file, target error: 0.05, iterations: 1, sample rate: 100%, sparse: 100%
Over populated 53, expected 50.
Discovery 00e01b4f with 1 binary files, sample rate: 100%, batch size: 512
Fine tuning increased fitness by 0.0000063464387901612795 to 0.945970207396868 adjusted 57 weights, 3 biases 
Discovery 00e01b4f initialize time 103ms
Discovery 00e01b4f processing .trainData-industry_88/FOOD_AND_KINDRED_PRODUCTS/data.bin
Discovery 00e01b4f read time 12ms for .trainData-industry_88/FOOD_AND_KINDRED_PRODUCTS/data.bin with 4613 records
Discovery 00e01b4f scanning time 3s 319ms
Discovery 00e01b4f recorded time 5s 452ms
Training daea1a4d with 1 binary file, target error: 0.05, iterations: 1, sample rate: 100%, sparse: 100%
Training b6c8dcc4 with 1 binary file, target error: 0.05, iterations: 1, sample rate: 100%, sparse: 100%
Fine tuning increased fitness by 0.000018321398332687977 to 0.945992810640266 adjusted 58 weights, 3 biases 
Generation 10 score 0.945992810640266  error 0.05397666536101708 avg time 6s 243ms
Training 0ecfc87d with 1 binary file, target error: 0.05, iterations: 1, sample rate: 100%, sparse: 100%
Fine tuning increased fitness by 0.000002375016397104801 to 0.9459962148154764 adjusted 57 weights, 3 biases 
Discovered beneficial synapse from a61380a6-09a6-45aa-becc-a0dd3512b9c0 to 37054bf6-2a97-489e-8bd7-18cca447c082 with weight -1.0000, helping 44.4% more records than it harms (2939/4613)
Discovery 00e01b4f analyze time 29s 762ms found 1 candidates
Discovered harmful synapse from input-55 to 37054bf6-2a97-489e-8bd7-18cca447c082, harming 43.7% more records than it helps (907/4613)
Discovery 00e01b4f analyze harmful time 977ms found 1 candidates
Discovery 00e01b4f analyze squashes time 1s 488ms found 0 candidates
Training a454a5a4 with 1 binary file, target error: 0.05, iterations: 1, sample rate: 100%, sparse: 100%
Discovery a454a5a4 with 1 binary files, sample rate: 100%, batch size: 512
Fine tuning increased fitness by 9.701559853247943e-7 to 0.946003623751679 adjusted 57 weights, 3 biases 
Discovery a454a5a4 initialize time 92ms
Discovery a454a5a4 processing .trainData-industry_88/FOOD_AND_KINDRED_PRODUCTS/data.bin
Over populated 52, expected 50.
Discovery a454a5a4 read time 9ms for .trainData-industry_88/FOOD_AND_KINDRED_PRODUCTS/data.bin with 4613 records
Discovery a454a5a4 scanning time 3s 397ms
Discovery a454a5a4 recorded time 5s 260ms
Fine tuning increased fitness by 0.0000014995718127241986 to 0.9460051233234917 adjusted 57 weights, 3 biases 
Training 37cb2686 with 1 binary file, target error: 0.05, iterations: 1, sample rate: 100%, sparse: 100%
Fine tuning increased fitness by 0.0000011169117528631034 to 0.9460062402352446 adjusted 57 weights, 3 biases 
Fine tuning increased fitness by 6.726718595473358e-7 to 0.9460069129071041 adjusted 57 weights, 3 biases 
Discovered beneficial synapse from input-551 to 7faadcb8-802e-4f9b-abea-3fe21143b141 with weight 1.0000, helping 27.2% more records than it harms (2673/4613)
Discovery a454a5a4 analyze time 18s 566ms found 1 candidates
Training b6770f5b with 1 binary file, target error: 0.05, iterations: 1, sample rate: 100%, sparse: 100%
Discovered harmful synapse from input-97 to 37054bf6-2a97-489e-8bd7-18cca447c082, harming 43.8% more records than it helps (909/4613)
Discovery a454a5a4 analyze harmful time 1s 643ms found 1 candidates
Discovery a454a5a4 analyze squashes time 1s 294ms found 0 candidates
Discovery 003a2e74 with 1 binary files, sample rate: 100%, batch size: 512
Fine tuning increased fitness by 6.832832415426537e-7 to 0.9464205650216199 adjusted 74 weights, 3 biases 
Discovery 003a2e74 initialize time 99ms
Discovery 003a2e74 processing .trainData-industry_88/FOOD_AND_KINDRED_PRODUCTS/data.bin
Discovery 003a2e74 read time 11ms for .trainData-industry_88/FOOD_AND_KINDRED_PRODUCTS/data.bin with 4613 records
Discovery 003a2e74 scanning time 3s 152ms
Discovery 003a2e74 recorded time 5s 196ms
Training 0a8c0b5e with 1 binary file, target error: 0.05, iterations: 1, sample rate: 100%, sparse: 100%
Generation 20 score 0.9464226039743938  error 0.0535468720268892 avg time 6s 87ms
Training 39d69413 with 1 binary file, target error: 0.05, iterations: 1, sample rate: 100%, sparse: 100%
Training a55df7d4 with 1 binary file, target error: 0.05, iterations: 1, sample rate: 100%, sparse: 100%
Fine tuning increased fitness by 0.000003771286143039454 to 0.9464402835754552 adjusted 73 weights, 3 biases 
Discovered beneficial synapse from a61380a6-09a6-45aa-becc-a0dd3512b9c0 to 37054bf6-2a97-489e-8bd7-18cca447c082 with weight -1.0000, helping 41.7% more records than it harms (2796/4613)
Discovery 003a2e74 analyze time 27s 636ms found 1 candidates
Discovered harmful synapse from input-97 to 37054bf6-2a97-489e-8bd7-18cca447c082, harming 40.1% more records than it helps (909/4613)
Discovery 003a2e74 analyze harmful time 1s 576ms found 1 candidates
Discovery 003a2e74 analyze squashes time 1s 176ms found 0 candidates
Fine tuning increased fitness by 0.000006764183965279891 to 0.9464470477594205 adjusted 73 weights, 3 biases 
Fine tuning increased fitness by 0.000023268470047743683 to 0.94648009853593 adjusted 71 weights, 2 biases 
Fine tuning increased fitness by 0.00001545136037339745 to 0.9464955498963034 adjusted 71 weights, 2 biases 
Fine tuning increased fitness by 8.820577079848846e-7 to 0.9464984180347816 adjusted 72 weights, 3 biases 
Generation 30 score 0.9464984180347816  error 0.05347093796650287 avg time 5s 824ms
{
  error: 0.05347093796650287,
  score: 0.9464984180347816,
  generation: 30,
  time: 181817,
  startScore: 0.9458773981701939
}
🧹 Cleaning up any inconsistent git state
✅ Git state cleanup completed
✅ Already on proper branch: main
From github.com:stSoftwareAU/GRQ-industryV2
   da69621..e6fd82d  main       -> origin/main
Updating da69621..e6fd82d
Created autostash: 4af92a5
Fast-forward
 v6/AIR_TRANSPORTATION_NONSCHEDULED.json            |  199 +-
 v6/AIR_TRANSPORTATION_SCHEDULED.json               |   27 +-
 v6/BOOKS_PUBLISHING_OR_PUBLISHING-PRINTING.json    |  116 +-
 v6/CABLE-OTHER_PAY_TELEVISION_SERVICES.json        | 1162 ++-
 v6/CARPETS-RUGS.json                               | 5250 ++---------
 v6/COATING_ENGRAVING-ALLIED_SERVICES.json          | 9351 +++-----------------
 v6/COMPUTER_PERIPHERAL_EQUIPMENT_NEC.json          |  252 +-
 v6/DEEP_SEA_FOREIGN_TRANSPORTATION_OF_FREIGHT.json | 7613 +++++++++++++---
 v6/ELECTRIC-OTHER_SERVICES_COMBINED.json           |  587 +-
 v6/FARM_MACHINERY-EQUIPMENT.json                   | 2269 ++---
 v6/FORESTRY.json                                   |  446 +-
 v6/HAZARDOUS_WASTE_MANAGEMENT.json                 | 1423 +--
 v6/HOUSEHOLD_AUDIO-VIDEO_EQUIPMENT.json            |   35 +-
 v6/JEWELRY_SILVERWARE-PLATED_WARE.json             | 2803 ++----
 v6/MISCELLANEOUS_PRIMARY_METAL_PRODUCTS.json       |  625 +-
 v6/MISCELLANEOUS_PRODUCTS_OF_PETROLEUM-COAL.json   |  422 +-
 v6/NATIONAL_COMMERCIAL_BANKS.json                  | 4426 +++------
 v6/OPHTHALMIC_GOODS.json                           | 2239 +----
 v6/PAPERBOARD_CONTAINERS-BOXES.json                |  532 +-
 v6/PETROLEUM_REFINING.json                         | 3452 +++++++-
 ...RAPH_RECORDS-PRERECORDED_AUDIO_TAPES-DISKS.json |    8 +-
 ...ATERIALS_SYNTH_RESINS-NONVULCAN_ELASTOMERS.json | 3132 +------
 v6/PREPARED_FRESH_OR_FROZEN_FISH-SEAFOODS.json     |  564 +-
 v6/RADIO_BROADCASTING_STATIONS.json                |  277 +-
 v6/RETAIL-CATALOG-MAIL-ORDER_HOUSES.json           | 1610 +++-
 ...IL-LUMBER-OTHER_BUILDING_MATERIALS_DEALERS.json | 1506 ++--
 v6/RETAIL-SHOE_STORES.json                         | 4486 ++--------
 v6/SAUSAGES-OTHER_PREPARED_MEAT_PRODUCTS.json      | 1290 ++-
 ...RVICES-ALLIED_TO_MOTION_PICTURE_PRODUCTION.json |   16 +-
 v6/SERVICES-CHILD_DAY_CARE_SERVICES.json           | 3352 +------
 v6/SERVICES-COMPUTER_PROGRAMMING_SERVICES.json     |  416 +-
 ...ENGINEERING_ACCOUNTING_RESEARCH_MANAGEMENT.json | 4735 ++++++++--
 v6/SERVICES-HEALTH_SERVICES.json                   |   76 +-
 v6/SERVICES-HELP_SUPPLY_SERVICES.json              | 2450 ++++-
 v6/SERVICES-HOSPITALS.json                         |  159 +-
 ...ERVICES-MEMBERSHIP_SPORTS-RECREATION_CLUBS.json | 7638 +++++++---------
 v6/SERVICES-SERVICES_NEC.json                      |   93 +-
 v6/SERVICES-SKILLED_NURSING_CARE_FACILITIES.json   | 1054 +--
 ...NING_POLISHING_AND_SANITATION_PREPARATIONS.json | 1094 ++-
 v6/STRUCTURAL_CLAY_PRODUCTS.json                   | 6722 +++++++++++---
 v6/TRUCKING_NO_LOCAL.json                          | 5936 ++++++-------
 v6/TRUCK_TRAILERS.json                             |  128 +-
 v6/UNSUPPORTED_PLASTICS_FILM-SHEET.json            |  449 +-
 v6/WHOLESALE-GROCERIES_GENERAL_LINE.json           |  773 +-
 ...ALE-JEWELRY_WATCHES_PRECIOUS_STONES-METALS.json |   25 +-
 v6/WHOLESALE-MACHINERY_EQUIPMENT-SUPPLIES.json     |  100 +-
 v6/WHOLESALE-METALS-MINERALS_NO_PETROLEUM.json     | 1134 ++-
 47 files changed, 42551 insertions(+), 49901 deletions(-)
Applying autostash resulted in conflicts.
Your changes are safe in the stash.
You can run "git stash pop" or "git stash drop" at any time.
✅ Already on proper branch: main
📦 Changes detected — staging files and validating JSON
[0;32m🔍 Validating staged JSON files...[0m
[0;32m🔍 Validating: v6/FISHING_HUNTING_AND_TRAPPING.json[0m
[0;32m   ✅ PASSED: File is valid[0m
[0;32m🔍 Validating: v6/FOOD_AND_KINDRED_PRODUCTS.json[0m
[0;32m   ✅ PASSED: File is valid[0m
[0;32m🔍 Validating: v6/HAZARDOUS_WASTE_MANAGEMENT.json[0m
[0;31m🚨 MERGE CONFLICT DETECTED in: v6/HAZARDOUS_WASTE_MANAGEMENT.json[0m
[1;33m   This file contains unresolved merge conflict markers:[0m
391:<<<<<<< Updated upstream
393:=======
395:>>>>>>> Stashed changes
515:<<<<<<< Updated upstream
517:=======
[0;31m   ❌ FAILED: Merge conflicts detected[0m
[0;32m🔍 Validating: v6/MOBILE_HOMES.json[0m
[0;32m   ✅ PASSED: File is valid[0m
[0;32m🔍 Validating: v6/REAL_ESTATE_AGENTS-MANAGERS_FOR_OTHERS.json[0m
[0;32m   ✅ PASSED: File is valid[0m
[0;32m🔍 Validating: v6/RETAIL-RETAIL_STORES_NEC.json[0m
[0;32m   ✅ PASSED: File is valid[0m
[0;32m🔍 Validating: v6/SERVICES-AMUSEMENT-RECREATION_SERVICES.json[0m
[0;32m   ✅ PASSED: File is valid[0m
[0;32m🔍 Validating: v6/SERVICES-MISCELLANEOUS_REPAIR_SERVICES.json[0m
[0;32m   ✅ PASSED: File is valid[0m
[0;32m🔍 Validating: v6/WHOLESALE-LUMBER-OTHER_CONSTRUCTION_MATERIALS.json[0m
[0;32m   ✅ PASSED: File is valid[0m
[0;32m🔍 Validating: v6/WHOLESALE-PAPER-PAPER_PRODUCTS.json[0m
[0;32m   ✅ PASSED: File is valid[0m

[0;31m❌ Commit blocked due to invalid JSON files[0m
❌ JSON validation failed — aborting commit
🧹 Cleaning up staged changes
Unstaged changes after reset:
M	v6/FISHING_HUNTING_AND_TRAPPING.json
M	v6/FOOD_AND_KINDRED_PRODUCTS.json
M	v6/HAZARDOUS_WASTE_MANAGEMENT.json
M	v6/MOBILE_HOMES.json
M	v6/REAL_ESTATE_AGENTS-MANAGERS_FOR_OTHERS.json
M	v6/RETAIL-RETAIL_STORES_NEC.json
M	v6/SERVICES-AMUSEMENT-RECREATION_SERVICES.json
M	v6/SERVICES-MISCELLANEOUS_REPAIR_SERVICES.json
M	v6/WHOLESALE-LUMBER-OTHER_CONSTRUCTION_MATERIALS.json
M	v6/WHOLESALE-PAPER-PAPER_PRODUCTS.json
💥 Commit blocked due to invalid JSON files
🧹 Performing final git cleanup on exit...
✅ Final cleanup completed
Cloning into 'GRQ-logs'...
[Develop ef49dbc] ip-10-0-44-56 status 1
 1 file changed, 1863 insertions(+), 1395 deletions(-)
To github.com:stSoftwareAU/GRQ-logs.git
   10495a8..ef49dbc  Develop -> Develop
📥 Pulling GRQ-health with --ours strategy...
From github.com:stSoftwareAU/GRQ-health
   b306a81..38301c4  Develop    -> origin/Develop
📦 No local changes or untracked files - checking remote state
🔄 Resetting to remote state (commit: 38301c4d)
HEAD is now at 38301c4 Update health status for ip-10-0-45-201 at Wed Aug  6 06:38:14 AM UTC 2025
✅ Successfully reset to remote state - all models updated by another machine
✅ GRQ-health pull succeeded in 8 seconds
Updating health information...
Updated health information for ip-10-0-44-56
