================ Clean up START ================
Version 1.3.3
Disk usage:
Filesystem        Size  Used Avail Use% Mounted on
devtmpfs          4.0M     0  4.0M   0% /dev
tmpfs             7.7G     0  7.7G   0% /dev/shm
tmpfs             3.1G  448K  3.1G   1% /run
/dev/nvme0n1p1     40G  2.4G   38G   6% /
tmpfs             7.7G  4.0K  7.7G   1% /tmp
/dev/nvme0n1p128   10M  1.4M  8.7M  14% /boot/efi
/dev/nvme1n1      434G   17G  396G   4% /data
tmpfs             1.6G     0  1.6G   0% /run/user/1001
Uptime:  06:15:28 up  8:20,  0 users,  load average: 3.08, 4.63, 4.93
USER         PID    PPID COMMAND
GRQ        22643   22597 (sd-pam)
GRQ        22750   22352 /bin/bash /data/GRQ/run.sh --option=industry
GRQ        26610   22750 /bin/bash ./check_spot_termination.sh
GRQ        97428   22750 /bin/bash ./run.sh --run-once
GRQ        97442   26610 sleep 5
GRQ        97447   97428 /bin/bash worker/node.sh
GRQ        97456   97447 ps -U GRQ -o user,pid,ppid,command
Host: ip-10-0-33-238
IP: 10.0.33.238
Number of CPUs: 8
Available Memory: 15Gi
================ Clean up ENDED ================
Use local deno
PATH: /data/GRQ/.deno/bin:/usr/local/sbin:/usr/local/bin:/usr/sbin:/usr/bin:/sbin:/bin:/var/lib/snapd/snap/bin
deno 2.4.3 (stable, release, aarch64-unknown-linux-gnu)
v8 13.7.152.14-rusty
typescript 5.8.3
aws-cli/2.23.11 Python/3.9.21 Linux/6.1.130-139.222.amzn2023.aarch64 source/aarch64.amzn.2023
Option: industry
Starting Industry... Wed Aug  6 06:15:28 AM UTC 2025
Already up to date.
📥 Pulling GRQ-industryV2 with --ours strategy...
📦 No local changes or untracked files - checking remote state
🔄 Resetting to remote state (commit: 428c5730)
HEAD is now at 428c573 ip-10-0-33-238 Improved Industry models
✅ Successfully reset to remote state - all models updated by another machine
✅ GRQ-industryV2 pull succeeded in 7 seconds
Fetching S3 checksum file from: s3://grq-trainingdata/trainData-industry_88/checksum.sha256
Checksum matches. Skipping data file download.
🧹 Removing: trainData-industry_*
📥 Pulling GRQ-portfolio with --ours strategy...
📦 No local changes or untracked files - checking remote state
🔄 Resetting to remote state (commit: 6efea1f5)
HEAD is now at 6efea1f REJECTED 38.66% -> 29.83% Delta -8.831
✅ Successfully reset to remote state - all models updated by another machine
✅ GRQ-portfolio pull succeeded in 7 seconds
X-RAY_APPARATUS-TUBES-RELATED_IRRADIATION_APPARATUS , score: 0.8677760475744185
Skipping (good score) X-RAY_APPARATUS-TUBES-RELATED_IRRADIATION_APPARATUS , score: 0.868
MISCELLANEOUS_FOOD_PREPARATIONS-KINDRED_PRODUCTS , score: 0.8494554526156392
Skipping (good score) MISCELLANEOUS_FOOD_PREPARATIONS-KINDRED_PRODUCTS , score: 0.849
ACCIDENT-HEALTH_INSURANCE , score: 0.8834054902293573
Skipping (good score) ACCIDENT-HEALTH_INSURANCE , score: 0.883
BEVERAGES , score: 0.9226169406204686
Skipping (good score) BEVERAGES , score: 0.923
FABRICATED_PLATE_WORK_BOILER_SHOPS , score: 0.8501072285784397
Skipping (good score) FABRICATED_PLATE_WORK_BOILER_SHOPS , score: 0.850
DRILLING_OIL-GAS_WELLS , score: 0.8512366808617455
Skipping (good score) DRILLING_OIL-GAS_WELLS , score: 0.851
MISCELLANEOUS_PLASTICS_PRODUCTS , score: 0.8320112843394669
Skipping (good score) MISCELLANEOUS_PLASTICS_PRODUCTS , score: 0.832
AIRCRAFT_PARTS-AUXILIARY_EQUIPMENT_NEC , score: 0.8692343079722785
Skipping (good score) AIRCRAFT_PARTS-AUXILIARY_EQUIPMENT_NEC , score: 0.869
SERVICES-ADVERTISING_AGENCIES , score: 0.887560455515765
Skipping (good score) SERVICES-ADVERTISING_AGENCIES , score: 0.888
WHOLESALE-HARDWARE-PLUMBING-HEATING_EQUIPMENT-SUPPLIES , score: 0.8972650057180344
Skipping (good score) WHOLESALE-HARDWARE-PLUMBING-HEATING_EQUIPMENT-SUPPLIES , score: 0.897
ELECTRIC_SERVICES , score: 0.949623993450924
Skipping (good score) ELECTRIC_SERVICES , score: 0.950
RAILROAD_SWITCHING-TERMINAL_ESTABLISHMENTS , score: 0.9598939726155655
Skipping (good score) RAILROAD_SWITCHING-TERMINAL_ESTABLISHMENTS , score: 0.960
BITUMINOUS_COAL-LIGNITE_MINING , score: 0.809402670984076
Skipping (good score) BITUMINOUS_COAL-LIGNITE_MINING , score: 0.809
HOUSEHOLD_APPLIANCES , score: 0.8148270745183565
Skipping (good score) HOUSEHOLD_APPLIANCES , score: 0.815
STRUCTURAL_CLAY_PRODUCTS , score: 0.9039453816474956
Skipping (good score) STRUCTURAL_CLAY_PRODUCTS , score: 0.904
MISCELLANEOUS_TRANSPORTATION_EQUIPMENT , score: 0.7996337348901926
Skipping (good score) MISCELLANEOUS_TRANSPORTATION_EQUIPMENT , score: 0.800
HEATING_EQUIPMENT_EXCEPT_ELECTRIC-WARM_AIR_FURNACES , score: 0.9290876423310923
Skipping (good score) HEATING_EQUIPMENT_EXCEPT_ELECTRIC-WARM_AIR_FURNACES , score: 0.929
SERVICES-NURSING-PERSONAL_CARE_FACILITIES , score: 0.822482592489047
Skipping (good score) SERVICES-NURSING-PERSONAL_CARE_FACILITIES , score: 0.822
PRIMARY_PRODUCTION_OF_ALUMINUM , score: 0.7906513853667602
Skipping (good score) PRIMARY_PRODUCTION_OF_ALUMINUM , score: 0.791
FEDERAL-FEDERALLY-SPONSORED_CREDIT_AGENCIES , score: 0.7530941815597433
Skipping (good score) FEDERAL-FEDERALLY-SPONSORED_CREDIT_AGENCIES , score: 0.753
BITUMINOUS_COAL-LIGNITE_SURFACE_MINING , score: 0.8642182293338234
Skipping (good score) BITUMINOUS_COAL-LIGNITE_SURFACE_MINING , score: 0.864
FLAT_GLASS , score: 0.9413788975200826
Skipping (good score) FLAT_GLASS , score: 0.941
NEWSPAPERS_PUBLISHING_OR_PUBLISHING-PRINTING , score: 0.8078269863212761
Skipping (good score) NEWSPAPERS_PUBLISHING_OR_PUBLISHING-PRINTING , score: 0.808
SERVICES-AUTOMOTIVE_REPAIR_SERVICES-PARKING , score: 0.8515417892618604
Skipping (good score) SERVICES-AUTOMOTIVE_REPAIR_SERVICES-PARKING , score: 0.852
FORESTRY , score: 0.9564537165345176
Skipping (good score) FORESTRY , score: 0.956
TELEGRAPH-OTHER_MESSAGE_COMMUNICATIONS , score: 0.9032922657241744
Skipping (good score) TELEGRAPH-OTHER_MESSAGE_COMMUNICATIONS , score: 0.903
SERVICES-COMPUTER_PROGRAMMING_SERVICES , score: 0.9441986471970195
Skipping (good score) SERVICES-COMPUTER_PROGRAMMING_SERVICES , score: 0.944
COATING_ENGRAVING-ALLIED_SERVICES , score: 0.9470302422602863
Skipping (good score) COATING_ENGRAVING-ALLIED_SERVICES , score: 0.947
GENERAL , score: 0.945841233963878
Skipping (good score) GENERAL , score: 0.946
RETAIL-FURNITURE_STORES , score: 0.7674309899372782
Skipping (good score) RETAIL-FURNITURE_STORES , score: 0.767
GAS-OTHER_SERVICES_COMBINED , score: 0.8566391134444425
Skipping (good score) GAS-OTHER_SERVICES_COMBINED , score: 0.857
STEEL_PIPE-TUBES , score: 0.7944489899690791
Skipping (good score) STEEL_PIPE-TUBES , score: 0.794
TITLE_INSURANCE , score: 0.8568986814908474
Skipping (good score) TITLE_INSURANCE , score: 0.857
MOBILE_HOMES , score: 0.7890975498474891
Skipping (good score) MOBILE_HOMES , score: 0.789
SERVICES-ADVERTISING , score: 0.8788094538134626
Skipping (good score) SERVICES-ADVERTISING , score: 0.879
CONSTRUCTION-SPECIAL_TRADE_CONTRACTORS , score: 0.860432458952837
Skipping (good score) CONSTRUCTION-SPECIAL_TRADE_CONTRACTORS , score: 0.860
SUGAR-CONFECTIONERY_PRODUCTS , score: 0.8782982806869187
Skipping (good score) SUGAR-CONFECTIONERY_PRODUCTS , score: 0.878
HEAVY_CONSTRUCTION_OTHER_THAN_BLDG_CONST-CONTRACTORS , score: 0.8691027595124837
Skipping (good score) HEAVY_CONSTRUCTION_OTHER_THAN_BLDG_CONST-CONTRACTORS , score: 0.869
WATER_SEWER_PIPELINE_COMM-POWER_LINE_CONSTRUCTION , score: 0.8756407349704012
Skipping (good score) WATER_SEWER_PIPELINE_COMM-POWER_LINE_CONSTRUCTION , score: 0.876
RETAIL-DEPARTMENT_STORES , score: 0.8625395940781567
Skipping (good score) RETAIL-DEPARTMENT_STORES , score: 0.863
TRUCKING-COURIER_SERVICES_NO_AIR , score: 0.8687191927068426
Skipping (good score) TRUCKING-COURIER_SERVICES_NO_AIR , score: 0.869
RETAIL-EATING-DRINKING_PLACES , score: 0.8594088472566735
Skipping (good score) RETAIL-EATING-DRINKING_PLACES , score: 0.859
MISCELLANEOUS_ELECTRICAL_MACHINERY_EQUIPMENT-SUPPLIES , score: 0.8872583525745408
Skipping (good score) MISCELLANEOUS_ELECTRICAL_MACHINERY_EQUIPMENT-SUPPLIES , score: 0.887
HEATING_EQUIP_EXCEPT_ELEC-WARM_AIR;-PLUMBING_FIXTURES , score: 0.8616229115331686
Skipping (good score) HEATING_EQUIP_EXCEPT_ELEC-WARM_AIR;-PLUMBING_FIXTURES , score: 0.862
WHOLESALE-ELECTRONIC_PARTS-EQUIPMENT_NEC , score: 0.8503068095876246
Skipping (good score) WHOLESALE-ELECTRONIC_PARTS-EQUIPMENT_NEC , score: 0.850
SERVICES-SERVICES_NEC , score: 0.968346910149667
Skipping (good score) SERVICES-SERVICES_NEC , score: 0.968
METAL_SHIPPING_BARRELS_DRUMS_KEGS-PAILS , score: 0.87394385648473
Skipping (good score) METAL_SHIPPING_BARRELS_DRUMS_KEGS-PAILS , score: 0.874
HAZARDOUS_WASTE_MANAGEMENT , score: 0.8656366581185975
Skipping (good score) HAZARDOUS_WASTE_MANAGEMENT , score: 0.866
OPERATORS_OF_NONRESIDENTIAL_BUILDINGS , score: 0.8022467390915068
Skipping (good score) OPERATORS_OF_NONRESIDENTIAL_BUILDINGS , score: 0.802
RETAIL-FAMILY_CLOTHING_STORES , score: 0.9248744747807212
Skipping (good score) RETAIL-FAMILY_CLOTHING_STORES , score: 0.925
SERVICES-HOSPITALS , score: 0.8576168100515827
Skipping (good score) SERVICES-HOSPITALS , score: 0.858
AUTO_CONTROLS_FOR_REGULATING_RESIDENTIAL-COMML_ENVIRONMENTS , score: 0.901506811327259
Skipping (good score) AUTO_CONTROLS_FOR_REGULATING_RESIDENTIAL-COMML_ENVIRONMENTS , score: 0.902
SERVICES-MOTION_PICTURE-VIDEO_TAPE_PRODUCTION , score: 0.78650479886234
Skipping (good score) SERVICES-MOTION_PICTURE-VIDEO_TAPE_PRODUCTION , score: 0.787
RAILROADS_LINE-HAUL_OPERATING , score: 0.8774415821752112
Skipping (good score) RAILROADS_LINE-HAUL_OPERATING , score: 0.877
AGRICULTURAL_SERVICES , score: 0.8088070590712548
Skipping (good score) AGRICULTURAL_SERVICES , score: 0.809
RETAIL-VARIETY_STORES , score: 0.9462803679668258
Skipping (good score) RETAIL-VARIETY_STORES , score: 0.946
LIFE_INSURANCE , score: 0.9248933770823055
Skipping (good score) LIFE_INSURANCE , score: 0.925
RETAIL-AUTO_DEALERS-GASOLINE_STATIONS , score: 0.9510835835749113
Skipping (good score) RETAIL-AUTO_DEALERS-GASOLINE_STATIONS , score: 0.951
SERVICES-CONSUMER_CREDIT_REPORTING_COLLECTION_AGENCIES , score: 0.8671522515369128
Skipping (good score) SERVICES-CONSUMER_CREDIT_REPORTING_COLLECTION_AGENCIES , score: 0.867
WOOD_HOUSEHOLD_FURNITURE_NO_UPHOLSTERED , score: 0.7963146284345638
Skipping (good score) WOOD_HOUSEHOLD_FURNITURE_NO_UPHOLSTERED , score: 0.796
BROADWOVEN_FABRIC_MILLS_MAN_MADE_FIBER-SILK , score: 0.8534741150969086
Skipping (good score) BROADWOVEN_FABRIC_MILLS_MAN_MADE_FIBER-SILK , score: 0.853
SERVICES-MISCELLANEOUS_REPAIR_SERVICES , score: 0.8054610390011333
Skipping (good score) SERVICES-MISCELLANEOUS_REPAIR_SERVICES , score: 0.805
RETAIL-RADIO_TV-CONSUMER_ELECTRONICS_STORES , score: 0.7028754872764242
Skipping (good score) RETAIL-RADIO_TV-CONSUMER_ELECTRONICS_STORES , score: 0.703
SEARCH_DETECTION_NAVAGATION_GUIDANCE_AERONAUTICAL_SYS , score: 0.894389438223673
Skipping (good score) SEARCH_DETECTION_NAVAGATION_GUIDANCE_AERONAUTICAL_SYS , score: 0.894
RETAIL-CATALOG-MAIL-ORDER_HOUSES , score: 0.9286557918895502
Skipping (good score) RETAIL-CATALOG-MAIL-ORDER_HOUSES , score: 0.929
TIRES-INNER_TUBES , score: 0.8201466072534401
Skipping (good score) TIRES-INNER_TUBES , score: 0.820
SERVICES-MEDICAL_LABORATORIES , score: 0.8655639899836542
Skipping (good score) SERVICES-MEDICAL_LABORATORIES , score: 0.866
AIR_COURIER_SERVICES , score: 0.818940590515897
Skipping (good score) AIR_COURIER_SERVICES , score: 0.819
DOLLS-STUFFED_TOYS , score: 0.881733658730969
Skipping (good score) DOLLS-STUFFED_TOYS , score: 0.882
RUBBER-PLASTICS_FOOTWEAR , score: 0.8721768495034359
Skipping (good score) RUBBER-PLASTICS_FOOTWEAR , score: 0.872
LEATHER-LEATHER_PRODUCTS , score: 0.8687851932749152
Skipping (good score) LEATHER-LEATHER_PRODUCTS , score: 0.869
DENTAL_EQUIPMENT-SUPPLIES , score: 0.814842004733041
Skipping (good score) DENTAL_EQUIPMENT-SUPPLIES , score: 0.815
HOTELS_ROOMING_HOUSES_CAMPS-OTHER_LODGING_PLACES , score: 0.8558376869549847
Skipping (good score) HOTELS_ROOMING_HOUSES_CAMPS-OTHER_LODGING_PLACES , score: 0.856
REAL_ESTATE_INVESTMENT_TRUSTS , score: 0.9464346808264179
Skipping (good score) REAL_ESTATE_INVESTMENT_TRUSTS , score: 0.946
AIR_TRANSPORTATION_SCHEDULED , score: 0.9161541739950272
Skipping (good score) AIR_TRANSPORTATION_SCHEDULED , score: 0.916
RADIO-TV_BROADCASTING-COMMUNICATIONS_EQUIPMENT , score: 0.93733279791011
Skipping (good score) RADIO-TV_BROADCASTING-COMMUNICATIONS_EQUIPMENT , score: 0.937
ADHESIVES-SEALANTS , score: 0.8051291689907305
Skipping (good score) ADHESIVES-SEALANTS , score: 0.805
ELECTRONIC_COMPONENTS_NEC , score: 0.8921187070865996
Skipping (good score) ELECTRONIC_COMPONENTS_NEC , score: 0.892
CUT_STONE-STONE_PRODUCTS , score: 0.8859114560241127
Skipping (good score) CUT_STONE-STONE_PRODUCTS , score: 0.886
PREPARED_FRESH_OR_FROZEN_FISH-SEAFOODS , score: 0.9938898968936858
Skipping (good score) PREPARED_FRESH_OR_FROZEN_FISH-SEAFOODS , score: 0.994
GOLD_AND_SILVER_ORES , score: 0.8621401654313229
Skipping (good score) GOLD_AND_SILVER_ORES , score: 0.862
WHOLESALE-HARDWARE , score: 0.9351329063332141
Skipping (good score) WHOLESALE-HARDWARE , score: 0.935
RETAIL-NONSTORE_RETAILERS , score: 0.9650531943011906
Skipping (good score) RETAIL-NONSTORE_RETAILERS , score: 0.965
OPHTHALMIC_GOODS , score: 0.8412008339916508
Skipping (good score) OPHTHALMIC_GOODS , score: 0.841
RETAIL-APPAREL-ACCESSORY_STORES , score: 0.855328362155802
Skipping (good score) RETAIL-APPAREL-ACCESSORY_STORES , score: 0.855
ELECTRIC_GAS-SANITARY_SERVICES , score: 0.8787044124838638
Skipping (good score) ELECTRIC_GAS-SANITARY_SERVICES , score: 0.879
GAMES_TOYS-CHILDRENS_VEHICLES_NO_DOLLS-BICYCLES , score: 0.8737020599707978
Skipping (good score) GAMES_TOYS-CHILDRENS_VEHICLES_NO_DOLLS-BICYCLES , score: 0.874
NATIONAL_COMMERCIAL_BANKS , score: 0.908354441611683
Skipping (good score) NATIONAL_COMMERCIAL_BANKS , score: 0.908
SAVINGS_INSTITUTIONS_NOT_FEDERALLY_CHARTERED , score: 0.8046301244646454
Skipping (good score) SAVINGS_INSTITUTIONS_NOT_FEDERALLY_CHARTERED , score: 0.805
AGRICULTURAL_CHEMICALS , score: 0.9189989112352156
Skipping (good score) AGRICULTURAL_CHEMICALS , score: 0.919
ELECTRONIC_CONNECTORS , score: 0.8458332122148488
Skipping (good score) ELECTRONIC_CONNECTORS , score: 0.846
REAL_ESTATE , score: 0.916005464383732
Skipping (good score) REAL_ESTATE , score: 0.916
WATER_TRANSPORTATION , score: 0.9355204880345919
Skipping (good score) WATER_TRANSPORTATION , score: 0.936
LOCAL-SUBURBAN_TRANSIT-INTERURBAN_HWY_PASSENGER_TRANS , score: 0.9596781845241594
Skipping (good score) LOCAL-SUBURBAN_TRANSIT-INTERURBAN_HWY_PASSENGER_TRANS , score: 0.960
GASKETS_PACKG-SEALG_DEVICES-RUBBER-PLASTICS_HOSE , score: 0.8704644120172617
Skipping (good score) GASKETS_PACKG-SEALG_DEVICES-RUBBER-PLASTICS_HOSE , score: 0.870
LAWN-GARDEN_TRACTORS-HOME_LAWN-GARDENS_EQUIP , score: 0.8357406083297697
Skipping (good score) LAWN-GARDEN_TRACTORS-HOME_LAWN-GARDENS_EQUIP , score: 0.836
SHORT-TERM_BUSINESS_CREDIT_INSTITUTIONS , score: 0.8264152395960922
Skipping (good score) SHORT-TERM_BUSINESS_CREDIT_INSTITUTIONS , score: 0.826
MALT_BEVERAGES , score: 0.9028661396721561
Skipping (good score) MALT_BEVERAGES , score: 0.903
SERVICES-CHILD_DAY_CARE_SERVICES , score: 0.9089184308944247
Skipping (good score) SERVICES-CHILD_DAY_CARE_SERVICES , score: 0.909
SERVICES-ENGINEERING_SERVICES , score: 0.8544622331380899
Skipping (good score) SERVICES-ENGINEERING_SERVICES , score: 0.854
RETAIL-LUMBER-OTHER_BUILDING_MATERIALS_DEALERS , score: 0.8628206146322551
Skipping (good score) RETAIL-LUMBER-OTHER_BUILDING_MATERIALS_DEALERS , score: 0.863
ELECTRIC_HOUSEWARES-FANS , score: 0.8271096721271277
Skipping (good score) ELECTRIC_HOUSEWARES-FANS , score: 0.827
MEDICINAL_CHEMICALS-BOTANICAL_PRODUCTS , score: 0.8295694167792256
Skipping (good score) MEDICINAL_CHEMICALS-BOTANICAL_PRODUCTS , score: 0.830
PHOTOGRAPHIC_EQUIPMENT-SUPPLIES , score: 0.8441981620847357
Skipping (good score) PHOTOGRAPHIC_EQUIPMENT-SUPPLIES , score: 0.844
COMMODITY_CONTRACTS_BROKERS-DEALERS , score: 0.7716709701023058
Skipping (good score) COMMODITY_CONTRACTS_BROKERS-DEALERS , score: 0.772
AGRICULTURAL_PRODUCTION-CROPS , score: 0.8610388451900198
Skipping (good score) AGRICULTURAL_PRODUCTION-CROPS , score: 0.861
METALWORKG_MACHINERY-EQUIPMENT , score: 0.8611162214716598
Skipping (good score) METALWORKG_MACHINERY-EQUIPMENT , score: 0.861
CUTLERY_HANDTOOLS-GENERAL_HARDWARE , score: 0.8433827719519151
Skipping (good score) CUTLERY_HANDTOOLS-GENERAL_HARDWARE , score: 0.843
SERVICES-LEGAL_SERVICES , score: 0.7600529559934834
Skipping (good score) SERVICES-LEGAL_SERVICES , score: 0.760
COMPUTER_PERIPHERAL_EQUIPMENT_NEC , score: 0.8836198598474454
Skipping (good score) COMPUTER_PERIPHERAL_EQUIPMENT_NEC , score: 0.884
COMMUNICATIONS_SERVICES_NEC , score: 0.87224830780749
Skipping (good score) COMMUNICATIONS_SERVICES_NEC , score: 0.872
AIR-COND-WARM_AIR_HEATG_EQUIP-COMM-INDL_REFRIG_EQUIP , score: 0.8376480888551644
Skipping (good score) AIR-COND-WARM_AIR_HEATG_EQUIP-COMM-INDL_REFRIG_EQUIP , score: 0.838
MEASURING-CONTROLLING_DEVICES_NEC , score: 0.9066829946314943
Skipping (good score) MEASURING-CONTROLLING_DEVICES_NEC , score: 0.907
INDUSTRIAL-COMMERCIAL_FANS-BLOWERS-AIR_PURIFING_EQUIP , score: 0.8330202436986841
Skipping (good score) INDUSTRIAL-COMMERCIAL_FANS-BLOWERS-AIR_PURIFING_EQUIP , score: 0.833
RADIO_BROADCASTING_STATIONS , score: 0.8511655805222196
Skipping (good score) RADIO_BROADCASTING_STATIONS , score: 0.851
WOMENS_MISSES_CHILDRENS-INFANTS_UNDERGARMENTS , score: 0.8764210318560733
Skipping (good score) WOMENS_MISSES_CHILDRENS-INFANTS_UNDERGARMENTS , score: 0.876
SERVICES-EQUIPMENT_RENTAL-LEASING_NEC , score: 0.9100538675730891
Skipping (good score) SERVICES-EQUIPMENT_RENTAL-LEASING_NEC , score: 0.910
AIRCRAFT-PARTS , score: 0.8518549772029117
Skipping (good score) AIRCRAFT-PARTS , score: 0.852
MANIFOLD_BUSINESS_FORMS , score: 0.8385536350668908
Skipping (good score) MANIFOLD_BUSINESS_FORMS , score: 0.839
RETAIL-AUTO-HOME_SUPPLY_STORES , score: 0.8551290260093903
Skipping (good score) RETAIL-AUTO-HOME_SUPPLY_STORES , score: 0.855
COMPUTER_COMMUNICATIONS_EQUIPMENT , score: 0.8905893351527325
Skipping (good score) COMPUTER_COMMUNICATIONS_EQUIPMENT , score: 0.891
ROLLING_DRAWING-EXTRUDING_OF_NONFERROUS_METALS , score: 0.8628389390243538
Skipping (good score) ROLLING_DRAWING-EXTRUDING_OF_NONFERROUS_METALS , score: 0.863
BLANKBOOKS_LOOSELEAF_BINDERS-BOOKBINDG-RELATD_WORK , score: 0.8258308726119701
Skipping (good score) BLANKBOOKS_LOOSELEAF_BINDERS-BOOKBINDG-RELATD_WORK , score: 0.826
LESSORS_OF_REAL_PROPERTY_NEC , score: 0.7655205476710236
Skipping (good score) LESSORS_OF_REAL_PROPERTY_NEC , score: 0.766
FATS-OILS , score: 0.8311989067763582
Skipping (good score) FATS-OILS , score: 0.831
BOLTS_NUTS_SCREWS_RIVETS-WASHERS , score: 0.9186537764744445
Skipping (good score) BOLTS_NUTS_SCREWS_RIVETS-WASHERS , score: 0.919
MISCELLANEOUS_METAL_ORES , score: 0.7860716790722508
Skipping (good score) MISCELLANEOUS_METAL_ORES , score: 0.786
RADIOTELEPHONE_COMMUNICATIONS , score: 0.9381911587486697
Skipping (good score) RADIOTELEPHONE_COMMUNICATIONS , score: 0.938
SERVICES-SKILLED_NURSING_CARE_FACILITIES , score: 0.7742844969347504
Skipping (good score) SERVICES-SKILLED_NURSING_CARE_FACILITIES , score: 0.774
SERVICES-RACING_INCLUDING_TRACK_OPERATION , score: 0.8857571221942221
Skipping (good score) SERVICES-RACING_INCLUDING_TRACK_OPERATION , score: 0.886
OIL-GAS_FIELD_EXPLORATION_SERVICES , score: 0.864850405228901
Skipping (good score) OIL-GAS_FIELD_EXPLORATION_SERVICES , score: 0.865
SERVICES-COMPUTER_RENTAL-LEASING , score: 0.9973985409262787
Skipping (good score) SERVICES-COMPUTER_RENTAL-LEASING , score: 0.997
INVESTMENT_ADVICE , score: 0.9310727032576558
Skipping (good score) INVESTMENT_ADVICE , score: 0.931
WHOLESALE-CHEMICALS-ALLIED_PRODUCTS , score: 0.8649137342297488
Skipping (good score) WHOLESALE-CHEMICALS-ALLIED_PRODUCTS , score: 0.865
REAL_ESTATE_OPERATORS_NO_DEVELOPERS-LESSORS , score: 0.9413014580036205
Skipping (good score) REAL_ESTATE_OPERATORS_NO_DEVELOPERS-LESSORS , score: 0.941
GENERAL_INDUSTRIAL_MACHINERY-EQUIPMENT , score: 0.8602347274791019
Skipping (good score) GENERAL_INDUSTRIAL_MACHINERY-EQUIPMENT , score: 0.860
FABRICATED_STRUCTURAL_METAL_PRODUCTS , score: 0.8635195641366179
Skipping (good score) FABRICATED_STRUCTURAL_METAL_PRODUCTS , score: 0.864
ELECTRONIC-OTHER_ELECTRICAL_EQUIPMENT_NO_COMPUTER_EQUIP , score: 0.8528511682669883
Skipping (good score) ELECTRONIC-OTHER_ELECTRICAL_EQUIPMENT_NO_COMPUTER_EQUIP , score: 0.853
TOTALIZING_FLUID_METERS-COUNTING_DEVICES , score: 0.8047575029774532
Skipping (good score) TOTALIZING_FLUID_METERS-COUNTING_DEVICES , score: 0.805
OIL-GAS_FIELD_SERVICES_NEC , score: 0.888424402049829
Skipping (good score) OIL-GAS_FIELD_SERVICES_NEC , score: 0.888
NATURAL_GAS_DISTRIBUTION , score: 0.9286945579570284
Skipping (good score) NATURAL_GAS_DISTRIBUTION , score: 0.929
INDUSTRIAL_TRUCKS_TRACTORS_TRAILORS-STACKERS , score: 0.817835252796293
Skipping (good score) INDUSTRIAL_TRUCKS_TRACTORS_TRAILORS-STACKERS , score: 0.818
WHOLESALE-MOTOR_VEHICLE_SUPPLIES-NEW_PARTS , score: 0.8696804189525106
Skipping (good score) WHOLESALE-MOTOR_VEHICLE_SUPPLIES-NEW_PARTS , score: 0.870
SERVICES-MOTION_PICTURE_THEATERS , score: 0.8113476702656819
Skipping (good score) SERVICES-MOTION_PICTURE_THEATERS , score: 0.811
LOAN_BROKERS , score: 0.8719682955783458
Skipping (good score) LOAN_BROKERS , score: 0.872
SERVICES-MANAGEMENT_CONSULTING_SERVICES , score: 0.9376043322926175
Skipping (good score) SERVICES-MANAGEMENT_CONSULTING_SERVICES , score: 0.938
CANNED_FROZEN-PRESERVD_FRUIT_VEG-FOOD_SPECIALTIES , score: 0.822221605123607
Skipping (good score) CANNED_FROZEN-PRESERVD_FRUIT_VEG-FOOD_SPECIALTIES , score: 0.822
INDUSTRIAL_INSTRUMENTS_FOR_MEASUREMENT_DISPLAY_AND_CONTROL , score: 0.9065082880542288
Skipping (good score) INDUSTRIAL_INSTRUMENTS_FOR_MEASUREMENT_DISPLAY_AND_CONTROL , score: 0.907
FIRE_MARINE-CASUALTY_INSURANCE , score: 0.9514876233575613
Skipping (good score) FIRE_MARINE-CASUALTY_INSURANCE , score: 0.951
SPORTING-ATHLETIC_GOODS_NEC , score: 0.824506797023746
Skipping (good score) SPORTING-ATHLETIC_GOODS_NEC , score: 0.825
LUMBER-WOOD_PRODUCTS_NO_FURNITURE , score: 0.8562195855382172
Skipping (good score) LUMBER-WOOD_PRODUCTS_NO_FURNITURE , score: 0.856
POWER_DISTRIBUTION-SPECIALTY_TRANSFORMERS , score: 0.9284542151910503
Skipping (good score) POWER_DISTRIBUTION-SPECIALTY_TRANSFORMERS , score: 0.928
AIR_TRANSPORTATION_NONSCHEDULED , score: 0.7978159495028923
Skipping (good score) AIR_TRANSPORTATION_NONSCHEDULED , score: 0.798
AIRCRAFT , score: 0.8495688250451601
Skipping (good score) AIRCRAFT , score: 0.850
INDUSTRIAL_INORGANIC_CHEMICALS , score: 0.8886498220084947
Skipping (good score) INDUSTRIAL_INORGANIC_CHEMICALS , score: 0.889
WHOLESALE-GROCERIES-RELATED_PRODUCTS , score: 0.855417421889785
Skipping (good score) WHOLESALE-GROCERIES-RELATED_PRODUCTS , score: 0.855
PIPE_LINES_NO_NATURAL_GAS , score: 0.9182089235714529
Skipping (good score) PIPE_LINES_NO_NATURAL_GAS , score: 0.918
METAL_DOORS_SASH_FRAMES_MOLDINGS-TRIM , score: 0.8306255868695442
Skipping (good score) METAL_DOORS_SASH_FRAMES_MOLDINGS-TRIM , score: 0.831
ELECTRIC-OTHER_SERVICES_COMBINED , score: 0.9299670727297695
Skipping (good score) ELECTRIC-OTHER_SERVICES_COMBINED , score: 0.930
WHOLESALE-MISC_DURABLE_GOODS , score: 0.8484664768782241
Skipping (good score) WHOLESALE-MISC_DURABLE_GOODS , score: 0.848
SERVICES-MISCELLANEOUS_EQUIPMENT_RENTAL-LEASING , score: 0.8507733013179394
Skipping (good score) SERVICES-MISCELLANEOUS_EQUIPMENT_RENTAL-LEASING , score: 0.851
WHOLESALE-PETROLEUM-PETROLEUM_PRODUCTS_NO_BULK_STATIONS , score: 0.8715981711646252
Skipping (good score) WHOLESALE-PETROLEUM-PETROLEUM_PRODUCTS_NO_BULK_STATIONS , score: 0.872
COMPUTER_STORAGE_DEVICES , score: 0.88090209222664
Skipping (good score) COMPUTER_STORAGE_DEVICES , score: 0.881
WHOLESALE-APPAREL_PIECE_GOODS-NOTIONS , score: 0.9051652829606408
Skipping (good score) WHOLESALE-APPAREL_PIECE_GOODS-NOTIONS , score: 0.905
COMMERCIAL_BANKS_NEC , score: 0.9499089319968314
Skipping (good score) COMMERCIAL_BANKS_NEC , score: 0.950
PREFABRICATED_METAL_BUILDINGS-COMPONENTS , score: 0.950781574770953
Skipping (good score) PREFABRICATED_METAL_BUILDINGS-COMPONENTS , score: 0.951
RETAIL-MISCELLANEOUS_RETAIL , score: 0.8897790042052327
Skipping (good score) RETAIL-MISCELLANEOUS_RETAIL , score: 0.890
ELECTROMEDICAL-ELECTROTHERAPEUTIC_APPARATUS , score: 0.8828507666297776
Skipping (good score) ELECTROMEDICAL-ELECTROTHERAPEUTIC_APPARATUS , score: 0.883
PLASTIC_MATERIALS_SYNTH_RESINS-NONVULCAN_ELASTOMERS , score: 0.9095110868798024
Skipping (good score) PLASTIC_MATERIALS_SYNTH_RESINS-NONVULCAN_ELASTOMERS , score: 0.910
BROADWOVEN_FABRIC_MILLS_COTTON , score: 0.9296201642988687
Skipping (good score) BROADWOVEN_FABRIC_MILLS_COTTON , score: 0.930
WHOLESALE-METALS_SERVICE_CENTERS-OFFICES , score: 0.8605447809753868
Skipping (good score) WHOLESALE-METALS_SERVICE_CENTERS-OFFICES , score: 0.861
PLASTICS_FOIL-COATED_PAPER_BAGS , score: 0.9463738783952452
Skipping (good score) PLASTICS_FOIL-COATED_PAPER_BAGS , score: 0.946
PAPERBOARD_MILLS , score: 0.876750570459315
Skipping (good score) PAPERBOARD_MILLS , score: 0.877
SPECIALTY_CLEANING_POLISHING_AND_SANITATION_PREPARATIONS , score: 0.8253035327599789
Skipping (good score) SPECIALTY_CLEANING_POLISHING_AND_SANITATION_PREPARATIONS , score: 0.825
MISCELLANEOUS_MANUFACTURING_INDUSTRIES , score: 0.9026785390192036
Skipping (good score) MISCELLANEOUS_MANUFACTURING_INDUSTRIES , score: 0.903
FABRICATED_RUBBER_PRODUCTS_NEC , score: 0.8464845236012557
Skipping (good score) FABRICATED_RUBBER_PRODUCTS_NEC , score: 0.846
SERVICES-PERSONAL_SERVICES , score: 0.9457499285500027
Skipping (good score) SERVICES-PERSONAL_SERVICES , score: 0.946
COGENERATION_SERVICES-SMALL_POWER_PRODUCERS , score: 0.8712535934089056
Skipping (good score) COGENERATION_SERVICES-SMALL_POWER_PRODUCERS , score: 0.871
OIL_ROYALTY_TRADERS , score: 0.8695701062374829
Skipping (good score) OIL_ROYALTY_TRADERS , score: 0.870
SERVICES-HOME_HEALTH_CARE_SERVICES , score: 0.9090234130841857
Skipping (good score) SERVICES-HOME_HEALTH_CARE_SERVICES , score: 0.909
PUMPS-PUMPING_EQUIPMENT , score: 0.8794548728870153
Skipping (good score) PUMPS-PUMPING_EQUIPMENT , score: 0.879
PAINTS_VARNISHES_LACQUERS_ENAMELS-ALLIED_PRODS , score: 0.8681384930645099
Skipping (good score) PAINTS_VARNISHES_LACQUERS_ENAMELS-ALLIED_PRODS , score: 0.868
MOTOR_VEHICLES-PASSENGER_CAR_BODIES , score: 0.9499904838157093
Skipping (good score) MOTOR_VEHICLES-PASSENGER_CAR_BODIES , score: 0.950
DRAWING-INSULATING_OF_NONFERROUS_WIRE , score: 0.8546725474906712
Skipping (good score) DRAWING-INSULATING_OF_NONFERROUS_WIRE , score: 0.855
CABLE-OTHER_PAY_TELEVISION_SERVICES , score: 0.8944946286443501
Skipping (good score) CABLE-OTHER_PAY_TELEVISION_SERVICES , score: 0.894
HOUSEHOLD_FURNITURE , score: 0.8915694233846188
Skipping (good score) HOUSEHOLD_FURNITURE , score: 0.892
FOOD_AND_KINDRED_PRODUCTS , score: 0.9458773981701939
Skipping (good score) FOOD_AND_KINDRED_PRODUCTS , score: 0.946
SERVICES-HELP_SUPPLY_SERVICES , score: 0.9438004180304186
Skipping (good score) SERVICES-HELP_SUPPLY_SERVICES , score: 0.944
BIOLOGICAL_PRODUCTS_NO_DISGNOSTIC_SUBSTANCES , score: 0.9418902092898824
Skipping (good score) BIOLOGICAL_PRODUCTS_NO_DISGNOSTIC_SUBSTANCES , score: 0.942
STATE_COMMERCIAL_BANKS , score: 0.9273605254336525
Skipping (good score) STATE_COMMERCIAL_BANKS , score: 0.927
CONSTRUCTION_MACHINERY-EQUIP , score: 0.8524465007048937
Skipping (good score) CONSTRUCTION_MACHINERY-EQUIP , score: 0.852
BOTTLED-CANNED_SOFT_DRINKS-CARBONATED_WATERS , score: 0.9172136935666442
Skipping (good score) BOTTLED-CANNED_SOFT_DRINKS-CARBONATED_WATERS , score: 0.917
PRINTING_TRADES_MACHINERY-EQUIPMENT , score: 0.9409147466780239
Skipping (good score) PRINTING_TRADES_MACHINERY-EQUIPMENT , score: 0.941
CIGARETTES , score: 0.8310035957907395
Skipping (good score) CIGARETTES , score: 0.831
SANITARY_SERVICES , score: 0.926925432248351
Skipping (good score) SANITARY_SERVICES , score: 0.927
SERVICES-VIDEO_TAPE_RENTAL , score: 0.7941599444126457
Skipping (good score) SERVICES-VIDEO_TAPE_RENTAL , score: 0.794
PERIODICALS_PUBLISHING_OR_PUBLISHING-PRINTING , score: 0.797919891312287
Skipping (good score) PERIODICALS_PUBLISHING_OR_PUBLISHING-PRINTING , score: 0.798
CONCRETE_PRODUCTS_EXCEPT_BLOCK-BRICK , score: 0.9478816493832346
Skipping (good score) CONCRETE_PRODUCTS_EXCEPT_BLOCK-BRICK , score: 0.948
PHONOGRAPH_RECORDS-PRERECORDED_AUDIO_TAPES-DISKS , score: 0.9568429412749329
Skipping (good score) PHONOGRAPH_RECORDS-PRERECORDED_AUDIO_TAPES-DISKS , score: 0.957
PHARMACEUTICAL_PREPARATIONS , score: 0.9527794138564278
Skipping (good score) PHARMACEUTICAL_PREPARATIONS , score: 0.953
TOBACCO_PRODUCTS , score: 0.9492166632382985
Skipping (good score) TOBACCO_PRODUCTS , score: 0.949
SERVICES-ENGINEERING_ACCOUNTING_RESEARCH_MANAGEMENT , score: 0.8269574091883197
Skipping (good score) SERVICES-ENGINEERING_ACCOUNTING_RESEARCH_MANAGEMENT , score: 0.827
SECONDARY_SMELTING-REFINING_OF_NONFERROUS_METALS , score: 0.8843922145655659
Skipping (good score) SECONDARY_SMELTING-REFINING_OF_NONFERROUS_METALS , score: 0.884
RETAIL-DRUG_STORES_AND_PROPRIETARY_STORES , score: 0.8800120281423133
Skipping (good score) RETAIL-DRUG_STORES_AND_PROPRIETARY_STORES , score: 0.880
MORTGAGE_BANKERS-LOAN_CORRESPONDENTS , score: 0.8351105750807498
Skipping (good score) MORTGAGE_BANKERS-LOAN_CORRESPONDENTS , score: 0.835
PERSONAL_CREDIT_INSTITUTIONS , score: 0.9219385590036124
Skipping (good score) PERSONAL_CREDIT_INSTITUTIONS , score: 0.922
CANNED_FRUITS_VEG_PRESERVES_JAMS-JELLIES , score: 0.7886661724214625
Skipping (good score) CANNED_FRUITS_VEG_PRESERVES_JAMS-JELLIES , score: 0.789
MISCELLANEOUS_BUSINESS_CREDIT_INSTITUTION , score: 0.8311601632844403
Skipping (good score) MISCELLANEOUS_BUSINESS_CREDIT_INSTITUTION , score: 0.831
UNSUPPORTED_PLASTICS_FILM-SHEET , score: 0.95140919395993
Skipping (good score) UNSUPPORTED_PLASTICS_FILM-SHEET , score: 0.951
TELEVISION_BROADCASTING_STATIONS , score: 0.9176229946373633
Skipping (good score) TELEVISION_BROADCASTING_STATIONS , score: 0.918
ELECTRICAL_WORK , score: 0.8424290250376764
Skipping (good score) ELECTRICAL_WORK , score: 0.842
RETAIL-CONVENIENCE_STORES , score: 0.9505640090265757
Skipping (good score) RETAIL-CONVENIENCE_STORES , score: 0.951
RETAIL-HOBBY_TOY-GAME_SHOPS , score: 0.7734654417815751
Skipping (good score) RETAIL-HOBBY_TOY-GAME_SHOPS , score: 0.773
MISCELLANEOUS_FABRICATED_METAL_PRODUCTS , score: 0.878973814148257
Skipping (good score) MISCELLANEOUS_FABRICATED_METAL_PRODUCTS , score: 0.879
CARPETS-RUGS , score: 0.8226579671102685
Skipping (good score) CARPETS-RUGS , score: 0.823
GLASS_CONTAINERS , score: 0.8820992089944847
Skipping (good score) GLASS_CONTAINERS , score: 0.882
MINING-QUARRYING_OF_NONMETALLIC_MINERALS_NO_FUELS , score: 0.9377346875036969
Skipping (good score) MINING-QUARRYING_OF_NONMETALLIC_MINERALS_NO_FUELS , score: 0.938
MOTORS-GENERATORS , score: 0.8128763308003076
Skipping (good score) MOTORS-GENERATORS , score: 0.813
SAVINGS_INSTITUTION_FEDERALLY_CHARTERED , score: 0.9071814077452067
Skipping (good score) SAVINGS_INSTITUTION_FEDERALLY_CHARTERED , score: 0.907
OIL-GAS_FIELD_MACHINERY-EQUIPMENT , score: 0.8596314121531204
Skipping (good score) OIL-GAS_FIELD_MACHINERY-EQUIPMENT , score: 0.860
INSURANCE_AGENTS_BROKERS-SERVICE , score: 0.9414874235773906
Skipping (good score) INSURANCE_AGENTS_BROKERS-SERVICE , score: 0.941
OFFICE_MACHINES_NEC , score: 0.8829970568345036
Skipping (good score) OFFICE_MACHINES_NEC , score: 0.883
GRAIN_MILL_PRODUCTS , score: 0.8988177800972438
Skipping (good score) GRAIN_MILL_PRODUCTS , score: 0.899
SERVICES-ALLIED_TO_MOTION_PICTURE_PRODUCTION , score: 0.9592347998624265
Skipping (good score) SERVICES-ALLIED_TO_MOTION_PICTURE_PRODUCTION , score: 0.959
SAUSAGES-OTHER_PREPARED_MEAT_PRODUCTS , score: 0.9800558237272411
Skipping (good score) SAUSAGES-OTHER_PREPARED_MEAT_PRODUCTS , score: 0.980
TRUCKING_NO_LOCAL , score: 0.9000348216204405
Skipping (good score) TRUCKING_NO_LOCAL , score: 0.900
MOTORCYCLES_BICYCLES-PARTS , score: 0.8389906155140713
Skipping (good score) MOTORCYCLES_BICYCLES-PARTS , score: 0.839
REFUSE_SYSTEMS , score: 0.852686026678775
Skipping (good score) REFUSE_SYSTEMS , score: 0.853
WHOLESALE-GROCERIES_GENERAL_LINE , score: 0.828703142531837
Skipping (good score) WHOLESALE-GROCERIES_GENERAL_LINE , score: 0.829
ELECTRONIC_COILS_TRANSFORMERS-OTHER_INDUCTORS , score: 0.9139627401127247
Skipping (good score) ELECTRONIC_COILS_TRANSFORMERS-OTHER_INDUCTORS , score: 0.914
MEAT_PACKING_PLANTS , score: 0.7886794293469945
Skipping (good score) MEAT_PACKING_PLANTS , score: 0.789
POTTERY-RELATED_PRODUCTS , score: 0.9629637392306041
Skipping (good score) POTTERY-RELATED_PRODUCTS , score: 0.963
INDUSTRIAL_ORGANIC_CHEMICALS , score: 0.9479033901077064
Skipping (good score) INDUSTRIAL_ORGANIC_CHEMICALS , score: 0.948
NATURAL_GAS_TRANSMISSION , score: 0.9219333082507105
Skipping (good score) NATURAL_GAS_TRANSMISSION , score: 0.922
POULTRY_SLAUGHTERING_AND_PROCESSING , score: 0.8470858983878833
Skipping (good score) POULTRY_SLAUGHTERING_AND_PROCESSING , score: 0.847
BALL-ROLLER_BEARINGS , score: 0.8035846468707011
Skipping (good score) BALL-ROLLER_BEARINGS , score: 0.804
DAIRY_PRODUCTS , score: 0.9425406339907698
Skipping (good score) DAIRY_PRODUCTS , score: 0.943
SECURITY_BROKERS_DEALERS-FLOTATION_COMPANIES , score: 0.9490910574067861
Skipping (good score) SECURITY_BROKERS_DEALERS-FLOTATION_COMPANIES , score: 0.949
NONFERROUS_FOUNDRIES_CASTINGS , score: 0.8111215864123966
Skipping (good score) NONFERROUS_FOUNDRIES_CASTINGS , score: 0.811
COOKIES-CRACKERS , score: 0.8910654163711031
Skipping (good score) COOKIES-CRACKERS , score: 0.891
PLASTICS_FOAM_PRODUCTS , score: 0.901143652629184
Skipping (good score) PLASTICS_FOAM_PRODUCTS , score: 0.901
WHOLESALE-PAPER-PAPER_PRODUCTS , score: 0.9465415344518281
Skipping (good score) WHOLESALE-PAPER-PAPER_PRODUCTS , score: 0.947
ELECTRIC_LIGHTING-WIRING_EQUIPMENT , score: 0.7860778991843491
Skipping (good score) ELECTRIC_LIGHTING-WIRING_EQUIPMENT , score: 0.786
WHOLESALE-PROFESSIONAL-COMMERCIAL_EQUIPMENT-SUPPLIES , score: 0.9580147067810854
Skipping (good score) WHOLESALE-PROFESSIONAL-COMMERCIAL_EQUIPMENT-SUPPLIES , score: 0.958
MISCELLANEOUS_CHEMICAL_PRODUCTS , score: 0.8611337879231399
Skipping (good score) MISCELLANEOUS_CHEMICAL_PRODUCTS , score: 0.861
CONVERTED_PAPER-PAPERBOARD_PRODS_NO_CONTANERS-BOXES , score: 0.8705434366767764
Skipping (good score) CONVERTED_PAPER-PAPERBOARD_PRODS_NO_CONTANERS-BOXES , score: 0.871
MACHINE_TOOLS_METAL_CUTTING_TYPES , score: 0.8795123570416832
Skipping (good score) MACHINE_TOOLS_METAL_CUTTING_TYPES , score: 0.880
SWITCHGEAR-SWITCHBOARD_APPARATUS , score: 0.8293442854417967
Skipping (good score) SWITCHGEAR-SWITCHBOARD_APPARATUS , score: 0.829
CRUDE_PETROLEUM-NATURAL_GAS , score: 0.9301586209430708
Skipping (good score) CRUDE_PETROLEUM-NATURAL_GAS , score: 0.930
WHOLESALE-METALS-MINERALS_NO_PETROLEUM , score: 0.9542558288203694
Skipping (good score) WHOLESALE-METALS-MINERALS_NO_PETROLEUM , score: 0.954
RETAIL-RECORD-PRERECORDED_TAPE_STORES , score: 0.9937234144377038
Skipping (good score) RETAIL-RECORD-PRERECORDED_TAPE_STORES , score: 0.994
TELEPHONE_COMMUNICATIONS_NO_RADIOTELEPHONE , score: 0.948834773418447
Skipping (good score) TELEPHONE_COMMUNICATIONS_NO_RADIOTELEPHONE , score: 0.949
COMPUTER-OFFICE_EQUIPMENT , score: 0.8556840340203046
Skipping (good score) COMPUTER-OFFICE_EQUIPMENT , score: 0.856
OPERATIVE_BUILDERS , score: 0.8782899755015269
Skipping (good score) OPERATIVE_BUILDERS , score: 0.878
LABORATORY_APPARATUS-FURNITURE , score: 0.9500329029238498
Skipping (good score) LABORATORY_APPARATUS-FURNITURE , score: 0.950
ELECTRONIC_COMPONENTS-ACCESSORIES , score: 0.9020710110257505
Skipping (good score) ELECTRONIC_COMPONENTS-ACCESSORIES , score: 0.902
WHOLESALE-MOTOR_VEHICLES-MOTOR_VEHICLE_PARTS-SUPPLIES , score: 0.9121460459824853
Skipping (good score) WHOLESALE-MOTOR_VEHICLES-MOTOR_VEHICLE_PARTS-SUPPLIES , score: 0.912
OFFICE_FURNITURE , score: 0.8622167299121353
Skipping (good score) OFFICE_FURNITURE , score: 0.862
RETAIL-WOMENS_CLOTHING_STORES , score: 0.8361845140976724
Skipping (good score) RETAIL-WOMENS_CLOTHING_STORES , score: 0.836
CEMENT_HYDRAULIC , score: 0.8726354797534928
Skipping (good score) CEMENT_HYDRAULIC , score: 0.873
TRUCK_TRAILERS , score: 0.8919846660736408
Skipping (good score) TRUCK_TRAILERS , score: 0.892
SERVICES-OFFICES-CLINICS_OF_DOCTORS_OF_MEDICINE , score: 0.8747814811472557
Skipping (good score) SERVICES-OFFICES-CLINICS_OF_DOCTORS_OF_MEDICINE , score: 0.875
SERVICES-TESTING_LABORATORIES , score: 0.816507525682784
Skipping (good score) SERVICES-TESTING_LABORATORIES , score: 0.817
SURETY_INSURANCE , score: 0.8831048650543462
Skipping (good score) SURETY_INSURANCE , score: 0.883
SERVICES-COMMERCIAL_PHYSICAL-BIOLOGICAL_RESEARCH , score: 0.9362200598314334
Skipping (good score) SERVICES-COMMERCIAL_PHYSICAL-BIOLOGICAL_RESEARCH , score: 0.936
SERVICES-COMPUTER_INTEGRATED_SYSTEMS_DESIGN , score: 0.94601550232031
Skipping (good score) SERVICES-COMPUTER_INTEGRATED_SYSTEMS_DESIGN , score: 0.946
PRINTED_CIRCUIT_BOARDS , score: 0.8827941110514126
Skipping (good score) PRINTED_CIRCUIT_BOARDS , score: 0.883
TRANSPORTATION_SERVICES , score: 0.9209376609589932
Skipping (good score) TRANSPORTATION_SERVICES , score: 0.921
TELEPHONE-TELEGRAPH_APPARATUS , score: 0.8883087759130726
Skipping (good score) TELEPHONE-TELEGRAPH_APPARATUS , score: 0.888
PRIMARY_SMELTING-REFINING_OF_NONFERROUS_METALS , score: 0.9623841150737027
Skipping (good score) PRIMARY_SMELTING-REFINING_OF_NONFERROUS_METALS , score: 0.962
RAILROAD_EQUIPMENT , score: 0.7981393591957747
Skipping (good score) RAILROAD_EQUIPMENT , score: 0.798
MISCELLANEOUS_PUBLISHING , score: 0.8796729512560368
Skipping (good score) MISCELLANEOUS_PUBLISHING , score: 0.880
WHOLESALE-DURABLE_GOODS_NEC , score: 0.9039460614849874
Skipping (good score) WHOLESALE-DURABLE_GOODS_NEC , score: 0.904
SAWMILLS-PLANTING_MILLS_GENERAL , score: 0.7938352355791459
Skipping (good score) SAWMILLS-PLANTING_MILLS_GENERAL , score: 0.794
WHOLESALE-MEDICAL_DENTAL-HOSPITAL_EQUIPMENT-SUPPLIES , score: 0.8351629913737104
Skipping (good score) WHOLESALE-MEDICAL_DENTAL-HOSPITAL_EQUIPMENT-SUPPLIES , score: 0.835
WHOLESALE-DURABLE_GOODS , score: 0.8995916402149485
Skipping (good score) WHOLESALE-DURABLE_GOODS , score: 0.900
GLASS_PRODUCTS_MADE_OF_PURCHASED_GLASS , score: 0.8971675669458539
Skipping (good score) GLASS_PRODUCTS_MADE_OF_PURCHASED_GLASS , score: 0.897
SERVICES-PREPACKAGED_SOFTWARE , score: 0.9516646163119222
Skipping (good score) SERVICES-PREPACKAGED_SOFTWARE , score: 0.952
SERVICES-MANAGEMENT_SERVICES , score: 0.8484925891989563
Skipping (good score) SERVICES-MANAGEMENT_SERVICES , score: 0.848
SERVICES-FACILITIES_SUPPORT_MANAGEMENT_SERVICES , score: 0.9257406283128312
Skipping (good score) SERVICES-FACILITIES_SUPPORT_MANAGEMENT_SERVICES , score: 0.926
GENERAL_INDUSTRIAL_MACHINERY-EQUIPMENT_NEC , score: 0.8274671474918623
Skipping (good score) GENERAL_INDUSTRIAL_MACHINERY-EQUIPMENT_NEC , score: 0.827
PLASTIC_MATERIAL_SYNTH_RESIN-RUBBER_CELLULOS_NO_GLASS , score: 0.8346901790277315
Skipping (good score) PLASTIC_MATERIAL_SYNTH_RESIN-RUBBER_CELLULOS_NO_GLASS , score: 0.835
PAPERBOARD_CONTAINERS-BOXES , score: 0.8686298536586512
Skipping (good score) PAPERBOARD_CONTAINERS-BOXES , score: 0.869
SERVICES-TO_DWELLINGS-OTHER_BUILDINGS , score: 0.8438897795860146
Skipping (good score) SERVICES-TO_DWELLINGS-OTHER_BUILDINGS , score: 0.844
WOMENS_MISSES_AND_JUNIORS_OUTERWEAR , score: 0.8981965496455968
Skipping (good score) WOMENS_MISSES_AND_JUNIORS_OUTERWEAR , score: 0.898
BOOKS_PUBLISHING_OR_PUBLISHING-PRINTING , score: 0.802711772190196
Skipping (good score) BOOKS_PUBLISHING_OR_PUBLISHING-PRINTING , score: 0.803
RETAIL-FOOD_STORES , score: 0.9402413819943822
Skipping (good score) RETAIL-FOOD_STORES , score: 0.940
WHOLESALE-DRUGS_PROPRIETARIES-DRUGGISTS_SUNDRIES , score: 0.891272113957422
Skipping (good score) WHOLESALE-DRUGS_PROPRIETARIES-DRUGGISTS_SUNDRIES , score: 0.891
PLASTICS_PRODUCTS_NEC , score: 0.9133209197746557
Skipping (good score) PLASTICS_PRODUCTS_NEC , score: 0.913
PULP_MILLS , score: 0.8730367612400974
Skipping (good score) PULP_MILLS , score: 0.873
SERVICES-DIRECT_MAIL_ADVERTISING_SERVICES , score: 0.9307093466777818
Skipping (good score) SERVICES-DIRECT_MAIL_ADVERTISING_SERVICES , score: 0.931
ABRASIVE_ASBESTOS-MISC_NONMETALLIC_MINERAL_PRODS , score: 0.8826924645449614
Skipping (good score) ABRASIVE_ASBESTOS-MISC_NONMETALLIC_MINERAL_PRODS , score: 0.883
RETAIL-EATING_PLACES , score: 0.9488854829364932
Skipping (good score) RETAIL-EATING_PLACES , score: 0.949
BLANK_CHECKS , score: 0.8761508837357834
Skipping (good score) BLANK_CHECKS , score: 0.876
RETAIL-JEWELRY_STORES , score: 0.8232888021063843
Skipping (good score) RETAIL-JEWELRY_STORES , score: 0.823
TRUCK-BUS_BODIES , score: 0.8073687843700952
Skipping (good score) TRUCK-BUS_BODIES , score: 0.807
DEEP_SEA_FOREIGN_TRANSPORTATION_OF_FREIGHT , score: 0.8920870408785285
Skipping (good score) DEEP_SEA_FOREIGN_TRANSPORTATION_OF_FREIGHT , score: 0.892
OPERATORS_OF_APARTMENT_BUILDINGS , score: 0.9971448078106183
Skipping (good score) OPERATORS_OF_APARTMENT_BUILDINGS , score: 0.997
CONSTRUCTION_MINING-MATERIALS_HANDLING_MACHINERY-EQUIP , score: 0.7426114113927913
Skipping (good score) CONSTRUCTION_MINING-MATERIALS_HANDLING_MACHINERY-EQUIP , score: 0.743
ELECTRONIC_COMPUTERS , score: 0.9079997115336358
Skipping (good score) ELECTRONIC_COMPUTERS , score: 0.908
SERVICES-SPECIALTY_OUTPATIENT_FACILITIES_NEC , score: 0.9028755294639564
Skipping (good score) SERVICES-SPECIALTY_OUTPATIENT_FACILITIES_NEC , score: 0.903
WHOLESALE-COMPUTERS-PERIPHERAL_EQUIPMENT-SOFTWARE , score: 0.842956311567001
Skipping (good score) WHOLESALE-COMPUTERS-PERIPHERAL_EQUIPMENT-SOFTWARE , score: 0.843
SEMICONDUCTORS-RELATED_DEVICES , score: 0.9443121215300629
Skipping (good score) SEMICONDUCTORS-RELATED_DEVICES , score: 0.944
SECURITY-COMMODITY_BROKERS_DEALERS_EXCHANGES-SERVICES , score: 0.9197073844419363
Skipping (good score) SECURITY-COMMODITY_BROKERS_DEALERS_EXCHANGES-SERVICES , score: 0.920
RETAIL-GROCERY_STORES , score: 0.8909433908985647
Skipping (good score) RETAIL-GROCERY_STORES , score: 0.891
WHOLESALE-PETROLEUM_BULK_STATIONS-TERMINALS , score: 0.7088771886628478
Skipping (good score) WHOLESALE-PETROLEUM_BULK_STATIONS-TERMINALS , score: 0.709
RETAIL-SHOE_STORES , score: 0.8454506978685192
Skipping (good score) RETAIL-SHOE_STORES , score: 0.845
RETAIL-COMPUTER-COMPUTER_SOFTWARE_STORES , score: 0.9081718284704373
Skipping (good score) RETAIL-COMPUTER-COMPUTER_SOFTWARE_STORES , score: 0.908
STEEL_WORKS_BLAST_FURNACES-ROLLING_MILLS_COKE_OVENS , score: 0.9172903861764008
Skipping (good score) STEEL_WORKS_BLAST_FURNACES-ROLLING_MILLS_COKE_OVENS , score: 0.917
NATURAL_GAS_TRANSMISISON-DISTRIBUTION , score: 0.8908951732687896
Skipping (good score) NATURAL_GAS_TRANSMISISON-DISTRIBUTION , score: 0.891
OFFICE_FURNITURE_NO_WOOD , score: 0.8133933358607317
Skipping (good score) OFFICE_FURNITURE_NO_WOOD , score: 0.813
GENERAL_BLDG_CONTRACTORS-NONRESIDENTIAL_BLDGS , score: 0.8265323905441418
Skipping (good score) GENERAL_BLDG_CONTRACTORS-NONRESIDENTIAL_BLDGS , score: 0.827
COMMUNICATIONS_EQUIPMENT_NEC , score: 0.8649502346147064
Skipping (good score) COMMUNICATIONS_EQUIPMENT_NEC , score: 0.865
WHOLESALE-JEWELRY_WATCHES_PRECIOUS_STONES-METALS , score: 0.9087068931519624
Skipping (good score) WHOLESALE-JEWELRY_WATCHES_PRECIOUS_STONES-METALS , score: 0.909
INSTRUMENTS_FOR_MEAS-TESTING_OF_ELECTRICITY-ELEC_SIGNALS , score: 0.8731471658387873
Skipping (good score) INSTRUMENTS_FOR_MEAS-TESTING_OF_ELECTRICITY-ELEC_SIGNALS , score: 0.873
NON-OPERATING_ESTABLISHMENTS , score: 0.9333603006628923
Skipping (good score) NON-OPERATING_ESTABLISHMENTS , score: 0.933
SERVICES-HEALTH_SERVICES , score: 0.8071137747613331
Skipping (good score) SERVICES-HEALTH_SERVICES , score: 0.807
MISCELLANEOUS_PRODUCTS_OF_PETROLEUM-COAL , score: 0.7333411703316254
Skipping (good score) MISCELLANEOUS_PRODUCTS_OF_PETROLEUM-COAL , score: 0.733
MISC_INDUSTRIAL-COMMERCIAL_MACHINERY-EQUIPMENT , score: 0.8539604274134976
Skipping (good score) MISC_INDUSTRIAL-COMMERCIAL_MACHINERY-EQUIPMENT , score: 0.854
SERVICES-BUSINESS_SERVICES_NEC , score: 0.9550235375391452
Skipping (good score) SERVICES-BUSINESS_SERVICES_NEC , score: 0.955
FISHING_HUNTING_AND_TRAPPING , score: 0.957164080893511
Skipping (good score) FISHING_HUNTING_AND_TRAPPING , score: 0.957
LAND_SUBDIVIDERS-DEVELOPERS_NO_CEMETERIES , score: 0.7446112859833126
Skipping (good score) LAND_SUBDIVIDERS-DEVELOPERS_NO_CEMETERIES , score: 0.745
HOTELS-MOTELS , score: 0.907756382392076
Skipping (good score) HOTELS-MOTELS , score: 0.908
TEXTILE_MILL_PRODUCTS , score: 0.8509152286170439
Skipping (good score) TEXTILE_MILL_PRODUCTS , score: 0.851
FUNCTIONS_RELATED_TO_DEPOSITORY_BANKING_NEC , score: 0.7804439990822245
Skipping (good score) FUNCTIONS_RELATED_TO_DEPOSITORY_BANKING_NEC , score: 0.780
WHOLESALE-MACHINERY_EQUIPMENT-SUPPLIES , score: 0.8439053391059582
Skipping (good score) WHOLESALE-MACHINERY_EQUIPMENT-SUPPLIES , score: 0.844
SOAP_DETERGENTS_CLEANG_PREPARATIONS_PERFUMES_COSMETICS , score: 0.9101123652580341
Skipping (good score) SOAP_DETERGENTS_CLEANG_PREPARATIONS_PERFUMES_COSMETICS , score: 0.910
METAL_FORGINGS-STAMPINGS , score: 0.8051599329420639
Skipping (good score) METAL_FORGINGS-STAMPINGS , score: 0.805
IN_VITRO-IN_VIVO_DIAGNOSTIC_SUBSTANCES , score: 0.939577122102683
Skipping (good score) IN_VITRO-IN_VIVO_DIAGNOSTIC_SUBSTANCES , score: 0.940
GUIDED_MISSILES-SPACE_VEHICLES-PARTS , score: 0.808725803758653
Skipping (good score) GUIDED_MISSILES-SPACE_VEHICLES-PARTS , score: 0.809
SERVICES-MAILING_REPRODUCTION_COMMERCIAL_ART-PHOTOGRAPHY , score: 0.8834841657780781
Skipping (good score) SERVICES-MAILING_REPRODUCTION_COMMERCIAL_ART-PHOTOGRAPHY , score: 0.883
SERVICES-MEMBERSHIP_SPORTS-RECREATION_CLUBS , score: 0.9182523921790333
Skipping (good score) SERVICES-MEMBERSHIP_SPORTS-RECREATION_CLUBS , score: 0.918
HOUSEHOLD_AUDIO-VIDEO_EQUIPMENT , score: 0.849488997989959
Skipping (good score) HOUSEHOLD_AUDIO-VIDEO_EQUIPMENT , score: 0.849
SERVICES-GENERAL_MEDICAL-SURGICAL_HOSPITALS_NEC , score: 0.8414510549903134
Skipping (good score) SERVICES-GENERAL_MEDICAL-SURGICAL_HOSPITALS_NEC , score: 0.841
AGRICULTURAL_PROD-LIVESTOCK-ANIMAL_SPECIALTIES , score: 0.822580253768867
Skipping (good score) AGRICULTURAL_PROD-LIVESTOCK-ANIMAL_SPECIALTIES , score: 0.823
WHOLESALE-INDUSTRIAL_MACHINERY-EQUIPMENT , score: 0.8198947038364527
Skipping (good score) WHOLESALE-INDUSTRIAL_MACHINERY-EQUIPMENT , score: 0.820
CHEMICALS-ALLIED_PRODUCTS , score: 0.8797278039130886
Skipping (good score) CHEMICALS-ALLIED_PRODUCTS , score: 0.880
MOTOR_HOMES , score: 0.8396596702025887
Skipping (good score) MOTOR_HOMES , score: 0.840
AIRPORTS_FLYING_FIELDS-AIRPORT_TERMINAL_SERVICES , score: 0.8655882338832986
Skipping (good score) AIRPORTS_FLYING_FIELDS-AIRPORT_TERMINAL_SERVICES , score: 0.866
SPECIAL_INDUSTRY_MACHINERY_NO_METALWORKING_MACHINERY , score: 0.8605129515547764
Skipping (good score) SPECIAL_INDUSTRY_MACHINERY_NO_METALWORKING_MACHINERY , score: 0.861
STEEL_WORKS_BLAST_FURNACES-ROLLING-FINISHING_MILLS , score: 0.8625635850496608
Skipping (good score) STEEL_WORKS_BLAST_FURNACES-ROLLING-FINISHING_MILLS , score: 0.863
PAPER_MILLS , score: 0.8340375183040265
Skipping (good score) PAPER_MILLS , score: 0.834
RETAIL-HOME_FURNITURE_FURNISHINGS-EQUIPMENT_STORES , score: 0.8177120597579629
Skipping (good score) RETAIL-HOME_FURNITURE_FURNISHINGS-EQUIPMENT_STORES , score: 0.818
ELECTRICAL_INDUSTRIAL_APPARATUS , score: 0.8335207695976831
Skipping (good score) ELECTRICAL_INDUSTRIAL_APPARATUS , score: 0.834
SERVICES-EDUCATIONAL_SERVICES , score: 0.9437228473182164
Skipping (good score) SERVICES-EDUCATIONAL_SERVICES , score: 0.944
PUBLIC_BLDG-RELATED_FURNITURE , score: 0.9861129813440206
Skipping (good score) PUBLIC_BLDG-RELATED_FURNITURE , score: 0.986
GENERAL_BLDG_CONTRACTORS-RESIDENTIAL_BLDGS , score: 0.7895479797245812
Skipping (good score) GENERAL_BLDG_CONTRACTORS-RESIDENTIAL_BLDGS , score: 0.790
RETAIL-RETAIL_STORES_NEC , score: 0.8882103303693356
Skipping (good score) RETAIL-RETAIL_STORES_NEC , score: 0.888
ORTHOPEDIC_PROSTHETIC-SURGICAL_APPLIANCES-SUPPLIES , score: 0.9357453683602472
Skipping (good score) ORTHOPEDIC_PROSTHETIC-SURGICAL_APPLIANCES-SUPPLIES , score: 0.936
WHOLESALE-ELECTRICAL_APPARATUS-EQUIPMENT_WIRING_SUPPLIES , score: 0.8206909331229627
Skipping (good score) WHOLESALE-ELECTRICAL_APPARATUS-EQUIPMENT_WIRING_SUPPLIES , score: 0.821
PETROLEUM_REFINING , score: 0.9041113631003926
Skipping (good score) PETROLEUM_REFINING , score: 0.904
HOSPITAL-MEDICAL_SERVICE_PLANS , score: 0.9088166479202708
Skipping (good score) HOSPITAL-MEDICAL_SERVICE_PLANS , score: 0.909
FOOTWEAR_NO_RUBBER , score: 0.8860876056355108
Skipping (good score) FOOTWEAR_NO_RUBBER , score: 0.886
OPTICAL_INSTRUMENTS-LENSES , score: 0.8601124758206518
Skipping (good score) OPTICAL_INSTRUMENTS-LENSES , score: 0.860
SERVICES-MISC_HEALTH-ALLIED_SERVICES_NEC , score: 0.8661777755286207
Skipping (good score) SERVICES-MISC_HEALTH-ALLIED_SERVICES_NEC , score: 0.866
FARM_MACHINERY-EQUIPMENT , score: 0.8678194353195958
Skipping (good score) FARM_MACHINERY-EQUIPMENT , score: 0.868
WATCHES_CLOCKS_CLOCKWORK_OPERATED_DEVICES-PARTS , score: 0.822343495588196
Skipping (good score) WATCHES_CLOCKS_CLOCKWORK_OPERATED_DEVICES-PARTS , score: 0.822
WHOLESALE-BEER_WINE-DISTILLED_ALCOHOLIC_BEVERAGES , score: 0.8692204163270519
Skipping (good score) WHOLESALE-BEER_WINE-DISTILLED_ALCOHOLIC_BEVERAGES , score: 0.869
METAL_MINING , score: 0.9259695621017675
Skipping (good score) METAL_MINING , score: 0.926
WHOLESALE-FARM_PRODUCT_RAW_MATERIALS , score: 0.8928991542895487
Skipping (good score) WHOLESALE-FARM_PRODUCT_RAW_MATERIALS , score: 0.893
WATER_SUPPLY , score: 0.9065084047265031
Skipping (good score) WATER_SUPPLY , score: 0.907
SERVICES-COMPUTER_PROGRAMMING_DATA_PROCESSING_ETC , score: 0.9233178346048182
Skipping (good score) SERVICES-COMPUTER_PROGRAMMING_DATA_PROCESSING_ETC , score: 0.923
SERVICES-COMPUTER_PROCESSING-DATA_PREPARATION , score: 0.9459883616834047
Skipping (good score) SERVICES-COMPUTER_PROCESSING-DATA_PREPARATION , score: 0.946
MENS-BOYS_FURNISHGS_WORK_CLOTHG-ALLIED_GARMENTS , score: 0.8254488073764396
Skipping (good score) MENS-BOYS_FURNISHGS_WORK_CLOTHG-ALLIED_GARMENTS , score: 0.825
WHOLESALE-LUMBER_PLYWOOD_MILLWORK-WOOD_PANELS , score: 0.8906738552055202
Skipping (good score) WHOLESALE-LUMBER_PLYWOOD_MILLWORK-WOOD_PANELS , score: 0.891
SURGICAL-MEDICAL_INSTRUMENTS-APPARATUS , score: 0.9431390733747909
Skipping (good score) SURGICAL-MEDICAL_INSTRUMENTS-APPARATUS , score: 0.943
SERVICES-AMUSEMENT-RECREATION_SERVICES , score: 0.8800349615579629
Skipping (good score) SERVICES-AMUSEMENT-RECREATION_SERVICES , score: 0.880
SERVICES-DETECTIVE_GUARD-ARMORED_CAR_SERVICES , score: 0.8784984691699189
Skipping (good score) SERVICES-DETECTIVE_GUARD-ARMORED_CAR_SERVICES , score: 0.878
METAL_CANS , score: 0.8795162065824684
Skipping (good score) METAL_CANS , score: 0.880
FINANCE_SERVICES , score: 0.920507303963884
Skipping (good score) FINANCE_SERVICES , score: 0.921
PATENT_OWNERS-LESSORS , score: 0.892622760787168
Skipping (good score) PATENT_OWNERS-LESSORS , score: 0.893
JEWELRY_SILVERWARE-PLATED_WARE , score: 0.9601608647605414
Skipping (good score) JEWELRY_SILVERWARE-PLATED_WARE , score: 0.960
INSURANCE_CARRIERS_NEC , score: 0.7949987394423318
Skipping (good score) INSURANCE_CARRIERS_NEC , score: 0.795
RETAIL-BUILDING_MATERIALS_HARDWARE_GARDEN_SUPPLY , score: 0.8943817511561483
Skipping (good score) RETAIL-BUILDING_MATERIALS_HARDWARE_GARDEN_SUPPLY , score: 0.894
SHIP-BOAT_BUILDING-REPAIRING , score: 0.8603277328357547
Skipping (good score) SHIP-BOAT_BUILDING-REPAIRING , score: 0.860
SERVICES-MISCELLANEOUS_BUSINESS_SERVICES , score: 0.8299919022326656
Skipping (good score) SERVICES-MISCELLANEOUS_BUSINESS_SERVICES , score: 0.830
PUBLIC_WAREHOUSING-STORAGE , score: 0.9921475129205592
Skipping (good score) PUBLIC_WAREHOUSING-STORAGE , score: 0.992
WHOLESALE-LUMBER-OTHER_CONSTRUCTION_MATERIALS , score: 0.8425426985032786
Skipping (good score) WHOLESALE-LUMBER-OTHER_CONSTRUCTION_MATERIALS , score: 0.843
PARTITIONS_SHELVG_LOCKERS-OFFICE-STORE_FIXTURES , score: 0.9907126884931435
Skipping (good score) PARTITIONS_SHELVG_LOCKERS-OFFICE-STORE_FIXTURES , score: 0.991
ENGINES-TURBINES , score: 0.8730008894362272
Skipping (good score) ENGINES-TURBINES , score: 0.873
APPAREL-OTHER_FINISHD_PRODS_OF_FABRICS-SIMILAR_MATL , score: 0.9045293863167715
Skipping (good score) APPAREL-OTHER_FINISHD_PRODS_OF_FABRICS-SIMILAR_MATL , score: 0.905
SERVICES-EMPLOYMENT_AGENCIES , score: 0.8599984682700991
Skipping (good score) SERVICES-EMPLOYMENT_AGENCIES , score: 0.860
AIRCRAFT_ENGINES-ENGINE_PARTS , score: 0.8705996692012966
Skipping (good score) AIRCRAFT_ENGINES-ENGINE_PARTS , score: 0.871
WHOLESALE-MISCELLANEOUS_NONDURABLE_GOODS , score: 0.7935657453282621
Skipping (good score) WHOLESALE-MISCELLANEOUS_NONDURABLE_GOODS , score: 0.794
INVESTORS_NEC , score: 0.8306951325164222
Skipping (good score) INVESTORS_NEC , score: 0.831
MILLWOOD_VENEER_PLYWOOD-STRUCTURAL_WOOD_MEMBERS , score: 0.8253741202634586
Skipping (good score) MILLWOOD_VENEER_PLYWOOD-STRUCTURAL_WOOD_MEMBERS , score: 0.825
SPECIAL_INDUSTRY_MACHINERY_NEC , score: 0.8977387470566446
Skipping (good score) SPECIAL_INDUSTRY_MACHINERY_NEC , score: 0.898
LABORATORY_ANALYTICAL_INSTRUMENTS , score: 0.907545590375803
Skipping (good score) LABORATORY_ANALYTICAL_INSTRUMENTS , score: 0.908
SERVICES-MISCELLANEOUS_AMUSEMENT-RECREATION , score: 0.894305034401589
Skipping (good score) SERVICES-MISCELLANEOUS_AMUSEMENT-RECREATION , score: 0.894
COMMERCIAL_PRINTING , score: 0.801130269903356
Skipping (good score) COMMERCIAL_PRINTING , score: 0.801
SERVICES-AUTO_RENTAL-LEASING_NO_DRIVERS , score: 0.8610389866200758
Skipping (good score) SERVICES-AUTO_RENTAL-LEASING_NO_DRIVERS , score: 0.861
BAKERY_PRODUCTS , score: 0.9546589460991218
Skipping (good score) BAKERY_PRODUCTS , score: 0.955
MINERAL_ROYALTY_TRADERS , score: 0.8245648100181039
Skipping (good score) MINERAL_ROYALTY_TRADERS , score: 0.825
CALCULATING-ACCOUNTING_MACHINES_NO_ELECTRONIC_COMPUTERS , score: 0.7898446382289026
Skipping (good score) CALCULATING-ACCOUNTING_MACHINES_NO_ELECTRONIC_COMPUTERS , score: 0.790
REFRIGERATION-SERVICE_INDUSTRY_MACHINERY , score: 0.8478559948073326
Skipping (good score) REFRIGERATION-SERVICE_INDUSTRY_MACHINERY , score: 0.848
ORDNANCE-ACCESSORIES_NO_VEHICLES-GUIDED_MISSILES , score: 0.8918282450984818
Skipping (good score) ORDNANCE-ACCESSORIES_NO_VEHICLES-GUIDED_MISSILES , score: 0.892
MISCELLANEOUS_PRIMARY_METAL_PRODUCTS , score: 0.8197085679675076
Skipping (good score) MISCELLANEOUS_PRIMARY_METAL_PRODUCTS , score: 0.820
ARRANGEMENT_OF_TRANSPORTATION_OF_FREIGHT-CARGO , score: 0.8836044507386295
Skipping (good score) ARRANGEMENT_OF_TRANSPORTATION_OF_FREIGHT-CARGO , score: 0.884
RETAIL-MISCELLANEOUS_SHOPPING_GOODS_STORES , score: 0.8148076733483341
Skipping (good score) RETAIL-MISCELLANEOUS_SHOPPING_GOODS_STORES , score: 0.815
PERFUMES_COSMETICS-OTHER_TOILET_PREPARATIONS , score: 0.8897191578386534
Skipping (good score) PERFUMES_COSMETICS-OTHER_TOILET_PREPARATIONS , score: 0.890
MOTOR_VEHICLE_PARTS-ACCESSORIES , score: 0.9345235604534481
Skipping (good score) MOTOR_VEHICLE_PARTS-ACCESSORIES , score: 0.935
REAL_ESTATE_AGENTS-MANAGERS_FOR_OTHERS , score: 0.880006681773953
Skipping (good score) REAL_ESTATE_AGENTS-MANAGERS_FOR_OTHERS , score: 0.880
process X-RAY_APPARATUS-TUBES-RELATED_IRRADIATION_APPARATUS lvl: 3
loaded ../GRQ-portfolio/best/industry/v6/X-RAY_APPARATUS-TUBES-RELATED_IRRADIATION_APPARATUS.json
7 mutations, mutation rate 36.5%, elitism 9, mutation ALL, selection POWER
Creature count: 50
Culling duplicate creature at 1 of 51
DeDuplication of 1 creatures to 50 in 197ms (previous experiment 1ms)
Max is too large 1.1559466326634707e+195
Total is too large 1.1559466326634707e+195
Training e17112f9 with 1 binary file, target error: 0.05, iterations: 1, sample rate: 100%, sparse: 100%
Discovery e17112f9 with 1 binary files, sample rate: 100%, batch size: 512
Discovery e17112f9 initialize time 113ms
Discovery e17112f9 processing .trainData-industry_88/X-RAY_APPARATUS-TUBES-RELATED_IRRADIATION_APPARATUS/data.bin
Max is too large 1.1559466326634707e+195
Total is too large 1.1559466326634707e+195
Remove neuron 7541a50f-9ff4-4f44-b7ee-1c8f01645d1f-961 as no longer connected
Remove neuron 5a316fed-b807-4c52-b200-ddf627d67ce5 as no longer connected
Discovery e17112f9 read time 7ms for .trainData-industry_88/X-RAY_APPARATUS-TUBES-RELATED_IRRADIATION_APPARATUS/data.bin with 4613 records
Discovery e17112f9 scanning time 13s 444ms
Discovery e17112f9 recorded time 15s 493ms
Training 6fbbe15c with 1 binary file, target error: 0.05, iterations: 1, sample rate: 100%, sparse: 100%
Over populated 52, expected 50.
Training 8f0e7fae with 1 binary file, target error: 0.05, iterations: 1, sample rate: 100%, sparse: 100%
Fine tuning increased fitness by 7.619831815519618e-7 to 0.8677774271748085 adjusted 113 weights, 4 biases 
Over populated 52, expected 50.
Fine tuning increased fitness by 0.0000011698815584049171 to 0.867778597056367 adjusted 113 weights, 4 biases 
Discovered beneficial synapse from input-1517 to 12dff12f-ca05-4ac5-8a96-8d4fe4b4980a with weight 1.0000, helping 36.6% more records than it harms (3024/4613)
Discovery e17112f9 analyze time 31s 955ms found 1 candidates
Discovered harmful synapse from 49a42359-b0e5-47d3-8001-6cdb15b717a8 to de878322-edab-4f3a-9c3c-232816a6b449-641, harming 43.1% more records than it helps (1157/4613)
Discovery e17112f9 analyze harmful time 4s 914ms found 1 candidates
Training 11e4c4ba with 1 binary file, target error: 0.05, iterations: 1, sample rate: 100%, sparse: 100%
Fine tuning increased fitness by 0.0000014039718843061877 to 0.8677800010282513 adjusted 113 weights, 4 biases 
Discovery e17112f9 analyze squashes time 5s 101ms found 0 candidates
Remove neuron 3be47ef1-8ad5-4745-add9-34fc91365c56 as no longer connected
Constant neuron 931a7c88-8980-4d8d-8350-f0c09f62cb68-745 convert hidden to constant
Adjust neuron 931a7c88-8980-4d8d-8350-f0c09f62cb68-745 bias 0 to 0
Over populated 52, expected 50.
Discovery 3dd6a722 with 1 binary files, sample rate: 100%, batch size: 512
Discovery 3dd6a722 initialize time 112ms
Discovery 3dd6a722 processing .trainData-industry_88/X-RAY_APPARATUS-TUBES-RELATED_IRRADIATION_APPARATUS/data.bin
Fine tuning increased fitness by 0.0000013129311984272363 to 0.8677813139594497 adjusted 113 weights, 4 biases 
Remove neuron 931a7c88-8980-4d8d-8350-f0c09f62cb68-688 as no longer connected
Training 82481699 with 1 binary file, target error: 0.05, iterations: 1, sample rate: 100%, sparse: 100%
Discovery 3dd6a722 read time 7ms for .trainData-industry_88/X-RAY_APPARATUS-TUBES-RELATED_IRRADIATION_APPARATUS/data.bin with 4613 records
Discovery 3dd6a722 scanning time 13s 484ms
Over populated 52, expected 50.
Discovery 3dd6a722 recorded time 15s 128ms
Fine tuning increased fitness by 0.000004516664945386495 to 0.8677890396834336 adjusted 113 weights, 4 biases 
Generation 10 score 0.8677890396834336  error 0.13215877631666145 avg time 9s 25ms
Training 81368c8c with 1 binary file, target error: 0.05, iterations: 1, sample rate: 100%, sparse: 100%
Fine tuning increased fitness by 0.000004255969362043643 to 0.8677932956527956 adjusted 113 weights, 4 biases 
Over populated 52, expected 50.
Discovered beneficial synapse from input-1517 to 12dff12f-ca05-4ac5-8a96-8d4fe4b4980a with weight 1.0000, helping 36.6% more records than it harms (3024/4613)
Discovery 3dd6a722 analyze time 17s 850ms found 1 candidates
Fine tuning increased fitness by 0.000004283396328741418 to 0.8677975790491244 adjusted 113 weights, 4 biases 
Discovered harmful synapse from 49a42359-b0e5-47d3-8001-6cdb15b717a8 to de878322-edab-4f3a-9c3c-232816a6b449-641, harming 43.1% more records than it helps (1157/4613)
Discovery 3dd6a722 analyze harmful time 4s 895ms found 1 candidates
Discovery 3dd6a722 analyze squashes time 4s 929ms found 0 candidates
Training 39f2c0b4 with 1 binary file, target error: 0.05, iterations: 1, sample rate: 100%, sparse: 100%
Discovery 39f2c0b4 with 1 binary files, sample rate: 100%, batch size: 512
Discovery 39f2c0b4 initialize time 110ms
Discovery 39f2c0b4 processing .trainData-industry_88/X-RAY_APPARATUS-TUBES-RELATED_IRRADIATION_APPARATUS/data.bin
Fine tuning increased fitness by 6.561956620299014e-7 to 0.8677982352447864 adjusted 113 weights, 4 biases 
Over populated 53, expected 50.
Discovery 39f2c0b4 read time 4ms for .trainData-industry_88/X-RAY_APPARATUS-TUBES-RELATED_IRRADIATION_APPARATUS/data.bin with 4613 records
Discovery 39f2c0b4 scanning time 12s 512ms
Discovery 39f2c0b4 recorded time 13s 866ms
Training c0c74cf1 with 1 binary file, target error: 0.05, iterations: 1, sample rate: 100%, sparse: 100%
Fine tuning increased fitness by 0.0000012954244124063763 to 0.8678005240868021 adjusted 51 weights 
Discovered beneficial synapse from input-1517 to 12dff12f-ca05-4ac5-8a96-8d4fe4b4980a with weight 1.0000, helping 36.7% more records than it harms (3025/4613)
Discovery 39f2c0b4 analyze time 18s 620ms found 1 candidates
Training e5ad3580 with 1 binary file, target error: 0.05, iterations: 1, sample rate: 100%, sparse: 100%
Discovered harmful synapse from 49a42359-b0e5-47d3-8001-6cdb15b717a8 to de878322-edab-4f3a-9c3c-232816a6b449-641, harming 42.9% more records than it helps (1162/4613)
Discovery 39f2c0b4 analyze harmful time 4s 958ms found 1 candidates
Over populated 52, expected 50.
Discovery 39f2c0b4 analyze squashes time 4s 974ms found 0 candidates
Fine tuning increased fitness by 0.0000021305729499543347 to 0.8678323434916743 adjusted 10 weights 
Fine tuning increased fitness by 0.0000020537831447731136 to 0.867834397274819 adjusted 10 weights 
Generation 20 score 0.867834397274819  error 0.1321134187252759 avg time 8s 238ms
Fine tuning increased fitness by 0.0000051171765673707625 to 0.8678395144513864 adjusted 10 weights 
Fine tuning increased fitness by 0.0000013737014804560133 to 0.8678408881528669 adjusted 10 weights 
Generation 22 score 0.8678408881528669  error 0.13210692784722808 avg time 977ms
{
  error: 0.13210692784722808,
  score: 0.8678408881528669,
  generation: 22,
  time: 182791,
  startScore: 0.8677760475744185
}
process MISCELLANEOUS_FOOD_PREPARATIONS-KINDRED_PRODUCTS lvl: 3
loaded ../GRQ-portfolio/best/industry/v6/MISCELLANEOUS_FOOD_PREPARATIONS-KINDRED_PRODUCTS.json
6 mutations, mutation rate 5.0%, elitism 2, mutation FFW, selection POWER
Creature count: 50
Culling duplicate creature at 1 of 51
DeDuplication of 1 creatures to 50 in 48ms (previous experiment )
Max is too large 1.1559466326634707e+195
Total is too large 1.1559466326634707e+195
Training 5dbedbad with 1 binary file, target error: 0.05, iterations: 1, sample rate: 100%, sparse: 100%
Discovery 5dbedbad with 1 binary files, sample rate: 100%, batch size: 512
Discovery 5dbedbad initialize time 106ms
Discovery 5dbedbad processing .trainData-industry_88/MISCELLANEOUS_FOOD_PREPARATIONS-KINDRED_PRODUCTS/data.bin
Discovery 5dbedbad read time 15ms for .trainData-industry_88/MISCELLANEOUS_FOOD_PREPARATIONS-KINDRED_PRODUCTS/data.bin with 4613 records
Discovery 5dbedbad scanning time 3s 938ms
Discovery 5dbedbad recorded time 5s 624ms
Max is too large 1.1559466326634707e+195
Total is too large 1.1559466326634707e+195
compactUnused hidden neuron 89e29313 has no outward connections
Training 195c6781 with 1 binary file, target error: 0.05, iterations: 1, sample rate: 100%, sparse: 100%
compactUnused hidden neuron 89e29313 has no outward connections
Training 876bb7fb with 1 binary file, target error: 0.05, iterations: 1, sample rate: 100%, sparse: 100%
compactUnused hidden neuron 89e29313 has no outward connections
Training c489598f with 1 binary file, target error: 0.05, iterations: 1, sample rate: 100%, sparse: 100%
Discovered beneficial synapse from 36f9c1c5-c4c4-48c4-ae92-f39b9a39e0c0 to c91178a4-be5b-4360-b076-fb8e094689d2 with weight 1.0000, helping 51.0% more records than it harms (3482/4613)
Discovery 5dbedbad analyze time 31s 978ms found 1 candidates
Discovered harmful synapse from input-1399 to 4f53f821-ff56-4bf5-bf1f-76e6bc559a97, harming 25.9% more records than it helps (1566/4613)
Discovery 5dbedbad analyze harmful time 1s 536ms found 1 candidates
Discovery 5dbedbad analyze squashes time 1s 577ms found 1 candidate, Summary: 3f1a0fea-a1cc-4d13-8539-95843c7bf0d6 ArcTan -> Cube improved: 1.7% error: 9.766095364535015e+22 -> 9.597185349118877e+22
Discovery 47dd60c8 with 1 binary files, sample rate: 100%, batch size: 512
Discovery 47dd60c8 initialize time 104ms
Discovery 47dd60c8 processing .trainData-industry_88/MISCELLANEOUS_FOOD_PREPARATIONS-KINDRED_PRODUCTS/data.bin
Fine tuning increased fitness by 0.000008443825798232218 to 0.8494842695092011 adjusted 41 weights, 3 biases 
compactUnused hidden neuron 89e29313 has no outward connections
Discovery 47dd60c8 read time 9ms for .trainData-industry_88/MISCELLANEOUS_FOOD_PREPARATIONS-KINDRED_PRODUCTS/data.bin with 4613 records
Discovery 47dd60c8 scanning time 4s 108ms
Discovery 47dd60c8 recorded time 5s 733ms
Training 6a79d226 with 1 binary file, target error: 0.05, iterations: 1, sample rate: 100%, sparse: 100%
Fine tuning increased fitness by 5.37269505551663e-8 to 0.8494843859952592 adjusted 40 weights, 2 biases 
compactUnused hidden neuron 89e29313 has no outward connections
Training c1e24be3 with 1 binary file, target error: 0.05, iterations: 1, sample rate: 100%, sparse: 100%
Fine tuning increased fitness by 7.840602034292488e-8 to 0.8494844644012796 adjusted 40 weights, 2 biases 
Generation 10 score 0.8494844644012796  error 0.15048130459981995 avg time 6s 810ms
compactUnused hidden neuron 89e29313 has no outward connections
Fine tuning increased fitness by 9.856610150293932e-8 to 0.8494845629673811 adjusted 40 weights, 2 biases 
Training 590dbe3c with 1 binary file, target error: 0.05, iterations: 1, sample rate: 100%, sparse: 100%
Discovered beneficial synapse from 36f9c1c5-c4c4-48c4-ae92-f39b9a39e0c0 to c91178a4-be5b-4360-b076-fb8e094689d2 with weight 1.0000, helping 51.0% more records than it harms (3482/4613)
Discovery 47dd60c8 analyze time 30s 896ms found 1 candidates
Discovered harmful synapse from input-1399 to 4f53f821-ff56-4bf5-bf1f-76e6bc559a97, harming 26.3% more records than it helps (1555/4613)
Discovery 47dd60c8 analyze harmful time 1s 588ms found 1 candidates
Fine tuning increased fitness by 1.4192275121782671e-7 to 0.8494848087998623 adjusted 40 weights, 2 biases 
compactUnused hidden neuron 89e29313 has no outward connections
Discovery 47dd60c8 analyze squashes time 1s 872ms found 1 candidate, Summary: 3f1a0fea-a1cc-4d13-8539-95843c7bf0d6 ArcTan -> Cube improved: 1.7% error: 9.756460756926259e+22 -> 9.587643882585238e+22
Training 1ff3f649 with 1 binary file, target error: 0.05, iterations: 1, sample rate: 100%, sparse: 100%
Discovery 1ff3f649 with 1 binary files, sample rate: 100%, batch size: 512
Discovery 1ff3f649 initialize time 100ms
Discovery 1ff3f649 processing .trainData-industry_88/MISCELLANEOUS_FOOD_PREPARATIONS-KINDRED_PRODUCTS/data.bin
Over populated 53, expected 50.
Discovery 1ff3f649 read time 15ms for .trainData-industry_88/MISCELLANEOUS_FOOD_PREPARATIONS-KINDRED_PRODUCTS/data.bin with 4613 records
Discovery 1ff3f649 scanning time 4s 51ms
Discovery 1ff3f649 recorded time 5s 552ms
compactUnused hidden neuron 89e29313 has no outward connections
Training 2d333215 with 1 binary file, target error: 0.05, iterations: 1, sample rate: 100%, sparse: 100%
Fine tuning increased fitness by 5.812041637964782e-7 to 0.8495010026368934 adjusted 61 weights, 4 biases 
Fine tuning increased fitness by 0.0000010247494521831157 to 0.8495020273863456 adjusted 61 weights, 4 biases 
compactUnused hidden neuron 89e29313 has no outward connections
Training 004646bd with 1 binary file, target error: 0.05, iterations: 1, sample rate: 100%, sparse: 100%
Fine tuning increased fitness by 0.0000095598233623706 to 0.8495134572060953 adjusted 181 weights, 9 biases 
compactUnused hidden neuron 89e29313 has no outward connections
Training 1b9ff317 with 1 binary file, target error: 0.05, iterations: 1, sample rate: 100%, sparse: 100%
Fine tuning increased fitness by 0.000009035892594266848 to 0.8495224930986895 adjusted 181 weights, 9 biases 
Generation 20 score 0.8495224930986895  error 0.15044327590240988 avg time 6s 419ms
compactUnused hidden neuron 89e29313 has no outward connections
Discovered beneficial synapse from 36f9c1c5-c4c4-48c4-ae92-f39b9a39e0c0 to c91178a4-be5b-4360-b076-fb8e094689d2 with weight 1.0000, helping 51.0% more records than it harms (3482/4613)
Discovery 1ff3f649 analyze time 41s 782ms found 1 candidates
Discovered harmful synapse from input-532 to a13a6aed-dcf6-4a2b-a6ed-6c39f2871f34, harming 24.6% more records than it helps (1665/4613)
Discovery 1ff3f649 analyze harmful time 1s 756ms found 1 candidates
Remove neuron 582efc44-f8ff-4563-9867-6d0e31b988ab as no longer connected
Discovery 1ff3f649 analyze squashes time 2s 294ms found 1 candidate, Summary: 3f1a0fea-a1cc-4d13-8539-95843c7bf0d6 ArcTan -> Cube improved: 1.7% error: 9.768455842737695e+22 -> 9.599734250164528e+22
Training ffe9dce2 with 1 binary file, target error: 0.05, iterations: 1, sample rate: 100%, sparse: 100%
Discovery ffe9dce2 with 1 binary files, sample rate: 100%, batch size: 512
Discovery ffe9dce2 initialize time 103ms
Discovery ffe9dce2 processing .trainData-industry_88/MISCELLANEOUS_FOOD_PREPARATIONS-KINDRED_PRODUCTS/data.bin
Fine tuning increased fitness by 0.000012040468812979377 to 0.8495447595890029 adjusted 70 weights, 5 biases 
Over populated 53, expected 50.
Discovery ffe9dce2 read time 14ms for .trainData-industry_88/MISCELLANEOUS_FOOD_PREPARATIONS-KINDRED_PRODUCTS/data.bin with 4613 records
Discovery ffe9dce2 scanning time 3s 742ms
Discovery ffe9dce2 recorded time 5s 386ms
compactUnused hidden neuron 89e29313 has no outward connections
Discovered beneficial synapse from 36f9c1c5-c4c4-48c4-ae92-f39b9a39e0c0 to c91178a4-be5b-4360-b076-fb8e094689d2 with weight 1.0000, helping 51.0% more records than it harms (3482/4613)
Discovery ffe9dce2 analyze time 32s 984ms found 1 candidates
Discovered harmful synapse from input-516 to 3f1a0fea-a1cc-4d13-8539-95843c7bf0d6, harming 15.1% more records than it helps (32/4613)
Discovery ffe9dce2 analyze harmful time 1s 401ms found 1 candidates
Discovery ffe9dce2 analyze squashes time 2s 46ms found 1 candidate, Summary: 3f1a0fea-a1cc-4d13-8539-95843c7bf0d6 ArcTan -> Cube improved: 1.7% error: 9.772141079426617e+22 -> 9.60324674619756e+22
Generation 28 score 0.8495912957752368  error 0.15037447322586242 avg time 5s 232ms
Set training/discovery clean up count to 2
Waiting for discovery to complete
Over populated 52, expected 50.
Generation 29 score 0.8495967422571729  error 0.15036902674392638 avg time 584ms
Waiting for training/discovery clean up 2
Generation 30 score 0.8495991293761702  error 0.15036663962492902 avg time 617ms
Waiting for training/discovery clean up 1
Generation 31 score 0.849602210194189  error 0.15036355880691019 avg time 586ms
{
  error: 0.15036355880691019,
  score: 0.849602210194189,
  generation: 31,
  time: 202679,
  startScore: 0.8494554526156392
}
process ACCIDENT-HEALTH_INSURANCE lvl: 3
loaded ../GRQ-portfolio/best/industry/v6/ACCIDENT-HEALTH_INSURANCE.json
7 mutations, mutation rate 5.0%, elitism 2, mutation FFW, selection TOURNAMENT
Creature count: 50
Culling duplicate creature at 1 of 51
DeDuplication of 1 creatures to 50 in 104ms (previous experiment )
Max is too large 1.1559466326634707e+195
Total is too large 1.1559466326634707e+195
Training d86b07d1 with 1 binary file, target error: 0.05, iterations: 1, sample rate: 100%, sparse: 100%
Discovery d86b07d1 with 1 binary files, sample rate: 100%, batch size: 512
Discovery d86b07d1 initialize time 105ms
Discovery d86b07d1 processing .trainData-industry_88/ACCIDENT-HEALTH_INSURANCE/data.bin
Discovery d86b07d1 read time 12ms for .trainData-industry_88/ACCIDENT-HEALTH_INSURANCE/data.bin with 4613 records
Discovery d86b07d1 scanning time 4s 198ms
Discovery d86b07d1 recorded time 5s 877ms
Max is too large 1.1559466326634707e+195
Total is too large 1.1559466326634707e+195
Fine tuning increased fitness by 0.000029645695447499953 to 0.8834351359248048 adjusted 73 weights, 4 biases 
Max is too large 1.1559466326634707e+195
Total is too large 1.1559466326634707e+195
Training ad447b19 with 1 binary file, target error: 0.05, iterations: 1, sample rate: 100%, sparse: 100%
Remove neuron bd5d03dc-f7b2-4928-ae49-35c3900d0333 as no longer connected
Training d1a2e0aa with 1 binary file, target error: 0.05, iterations: 1, sample rate: 100%, sparse: 100%
Discovered beneficial synapse from 15ae748b-e488-4540-8143-67aabd06a4dc to output-1 with weight -1.0000, helping 23.8% more records than it harms (2667/4613)
Discovery d86b07d1 analyze time 26s 574ms found 1 candidates
Discovered harmful synapse from input-1248 to output-1, harming 21.0% more records than it helps (1633/4613)
Discovery d86b07d1 analyze harmful time 2s 421ms found 1 candidates
Discovery d86b07d1 analyze squashes time 2s 695ms found 1 candidate, Summary: output-1 HARD_TANH -> COMPLEMENT improved: 40.0% error: 2.2467768125976246e+26 -> 1.3480660875585749e+26
Training 3fa6132c with 1 binary file, target error: 0.05, iterations: 1, sample rate: 100%, sparse: 100%
Discovery 3fa6132c with 1 binary files, sample rate: 100%, batch size: 512
Discovery 3fa6132c initialize time 105ms
Discovery 3fa6132c processing .trainData-industry_88/ACCIDENT-HEALTH_INSURANCE/data.bin
Over populated 54, expected 50.
Discovery 3fa6132c read time 10ms for .trainData-industry_88/ACCIDENT-HEALTH_INSURANCE/data.bin with 4613 records
Discovery 3fa6132c scanning time 4s 272ms
Discovery 3fa6132c recorded time 5s 963ms
Training c0da160c with 1 binary file, target error: 0.05, iterations: 1, sample rate: 100%, sparse: 100%
Training 0090d1a1 with 1 binary file, target error: 0.05, iterations: 1, sample rate: 100%, sparse: 100%
Generation 10 score 0.8836591231641473  error 0.1163032198368314 avg time 7s 290ms
Training 05c52cbe with 1 binary file, target error: 0.05, iterations: 1, sample rate: 100%, sparse: 100%
Discovered beneficial synapse from 15ae748b-e488-4540-8143-67aabd06a4dc to output-1 with weight -1.0000, helping 23.8% more records than it harms (2667/4613)
Discovery 3fa6132c analyze time 36s 963ms found 1 candidates
Discovered harmful synapse from input-98 to output-2, harming 11.6% more records than it helps (878/4613)
Discovery 3fa6132c analyze harmful time 2s 464ms found 1 candidates
Discovery 3fa6132c analyze squashes time 2s 472ms found 1 candidate, Summary: output-1 HARD_TANH -> COMPLEMENT improved: 40.0% error: 2.2467768125976246e+26 -> 1.3480660875585749e+26
Training 8f2fb39c with 1 binary file, target error: 0.05, iterations: 1, sample rate: 100%, sparse: 100%
Discovery 8f2fb39c with 1 binary files, sample rate: 100%, batch size: 512
Discovery 8f2fb39c initialize time 105ms
Discovery 8f2fb39c processing .trainData-industry_88/ACCIDENT-HEALTH_INSURANCE/data.bin
Fine tuning increased fitness by 2.7935689084213067e-7 to 0.8836623356489606 adjusted 2 weights, 3 biases 
Discovery 8f2fb39c read time 11ms for .trainData-industry_88/ACCIDENT-HEALTH_INSURANCE/data.bin with 4613 records
Over populated 54, expected 50.
Discovery 8f2fb39c scanning time 3s 907ms
Discovery 8f2fb39c recorded time 5s 813ms
Training 9b6687b4 with 1 binary file, target error: 0.05, iterations: 1, sample rate: 100%, sparse: 100%
Fine tuning increased fitness by 3.5397236508583063e-7 to 0.8836626896213257 adjusted 2 weights, 3 biases 
Fine tuning increased fitness by 5.088033061539932e-7 to 0.8836631984246318 adjusted 2 weights, 3 biases 
Training 9d49a94e with 1 binary file, target error: 0.05, iterations: 1, sample rate: 100%, sparse: 100%
Training 5df4a40f with 1 binary file, target error: 0.05, iterations: 1, sample rate: 100%, sparse: 100%
Discovered beneficial synapse from a8607f83-1ffc-47e2-bccd-9e44e0b8409e to 8dea7bea-e9e4-41eb-9e45-3f250625b702 with weight -1.0000, helping 17.0% more records than it harms (1537/4613)
Discovery 8f2fb39c analyze time 35s 892ms found 1 candidates
Discovered harmful synapse from input-98 to output-2, harming 11.6% more records than it helps (878/4613)
Discovery 8f2fb39c analyze harmful time 2s 521ms found 1 candidates
Fine tuning increased fitness by 7.510449963055166e-7 to 0.8836663677832938 adjusted 2 weights, 3 biases 
Discovery 8f2fb39c analyze squashes time 2s 195ms found 1 candidate, Summary: output-1 HARD_TANH -> COMPLEMENT improved: 40.0% error: 2.2467768125976246e+26 -> 1.3480660875585749e+26
Generation 20 score 0.8836663677832938  error 0.11629597521768495 avg time 7s 313ms
Training e2938eca with 1 binary file, target error: 0.05, iterations: 1, sample rate: 100%, sparse: 100%
Fine tuning increased fitness by 0.000010315115138159747 to 0.8836780633918917 adjusted 48 weights, 3 biases 
Fine tuning increased fitness by 0.0000010795460293477888 to 0.883679142937921 adjusted 48 weights, 3 biases 
Fine tuning increased fitness by 0.0000016727949485595417 to 0.8836808157328696 adjusted 48 weights, 3 biases 
Generation 26 score 0.8836808157328696  error 0.11628152726810917 avg time 4s 10ms
{
  error: 0.11628152726810917,
  score: 0.8836808157328696,
  generation: 26,
  time: 186390,
  startScore: 0.8834054902293573
}
process BEVERAGES lvl: 3
loaded ../GRQ-portfolio/best/industry/v6/BEVERAGES.json
6 mutations, mutation rate 5.0%, elitism 7, mutation FFW, selection FITNESS_PROPORTIONATE
Creature count: 50
Culling duplicate creature at 1 of 51
DeDuplication of 1 creatures to 50 in 111ms (previous experiment )
Max is too large 1.1559466326634707e+195
Total is too large 1.1559466326634707e+195
Training d8c23441 with 1 binary file, target error: 0.05, iterations: 1, sample rate: 100%, sparse: 100%
Discovery d8c23441 with 1 binary files, sample rate: 100%, batch size: 512
Discovery d8c23441 initialize time 108ms
Discovery d8c23441 processing .trainData-industry_88/BEVERAGES/data.bin
Discovery d8c23441 read time 13ms for .trainData-industry_88/BEVERAGES/data.bin with 4613 records
Discovery d8c23441 scanning time 3s 873ms
Discovery d8c23441 recorded time 5s 320ms
Max is too large 1.1559466326634707e+195
Total is too large 1.1559466326634707e+195
Max is too large 1.1559466326634707e+195
Total is too large 1.1559466326634707e+195
Training d3b2cd24 with 1 binary file, target error: 0.05, iterations: 1, sample rate: 100%, sparse: 100%
Over populated 52, expected 50.
Max is too large 1.1559466326634707e+195
Total is too large 1.1559466326634707e+195
Training 2f94a306 with 1 binary file, target error: 0.05, iterations: 1, sample rate: 100%, sparse: 100%
Fine tuning increased fitness by 0.0000020695028285500072 to 0.9226190791004537 adjusted 62 weights, 2 biases 
Over populated 52, expected 50.
Discovered beneficial synapse from 4810642b-ad65-4e46-b79e-5d60bc7091ab to 62eae1f8-58d3-4a24-9695-7ceb4d8fcba4 with weight -1.0000, helping 62.4% more records than it harms (3269/4613)
Discovery d8c23441 analyze time 20s 256ms found 1 candidates
Discovered harmful synapse from input-75 to ccc7df5b-cf1b-4292-8787-11663a7cb7b1, harming 72.4% more records than it helps (329/4613)
Discovery d8c23441 analyze harmful time 1s 785ms found 1 candidates
Training c67bcef3 with 1 binary file, target error: 0.05, iterations: 1, sample rate: 100%, sparse: 100%
Discovery d8c23441 analyze squashes time 1s 322ms found 1 candidate, Summary: 3d013f2c-8b30-4d7d-bef0-ababcc4b611e ArcTan -> ABSOLUTE improved: 100.0% error: 2.3003696013769714e+28 -> 4.406207175183332e+22
Discovery 4ebfd1db with 1 binary files, sample rate: 100%, batch size: 512
Discovery 4ebfd1db initialize time 106ms
Discovery 4ebfd1db processing .trainData-industry_88/BEVERAGES/data.bin
Fine tuning increased fitness by 3.334733672533119e-7 to 0.9226240637315628 adjusted 105 weights, 4 biases 
Discovery 4ebfd1db read time 13ms for .trainData-industry_88/BEVERAGES/data.bin with 4613 records
Discovery 4ebfd1db scanning time 3s 303ms
Discovery 4ebfd1db recorded time 5s 267ms
Training 8903f743 with 1 binary file, target error: 0.05, iterations: 1, sample rate: 100%, sparse: 100%
Remove neuron 7fb610f8-c32e-48eb-a041-48f2569c1a19 as no longer connected
Training 01182720 with 1 binary file, target error: 0.05, iterations: 1, sample rate: 100%, sparse: 100%
Over populated 52, expected 50.
Training b57fee77 with 1 binary file, target error: 0.05, iterations: 1, sample rate: 100%, sparse: 100%
Fine tuning increased fitness by 0.000007703923395663281 to 0.9226403525587521 adjusted 1195 weights, 30 biases 
Over populated 52, expected 50.
Generation 10 score 0.9226403525587521  error 0.07732427644249527 avg time 5s 832ms
Training 60dcd2eb with 1 binary file, target error: 0.05, iterations: 1, sample rate: 100%, sparse: 100%
Discovered beneficial synapse from 4810642b-ad65-4e46-b79e-5d60bc7091ab to 62eae1f8-58d3-4a24-9695-7ceb4d8fcba4 with weight -1.0000, helping 62.4% more records than it harms (3270/4613)
Discovery 4ebfd1db analyze time 19s 750ms found 1 candidates
Fine tuning increased fitness by 0.0000049978248566340255 to 0.9226453503836087 adjusted 1195 weights, 30 biases 
Discovery 4ebfd1db analyze harmful time 1s 203ms found 0 candidates
Discovery 4ebfd1db analyze squashes time 1s 307ms found 1 candidate, Summary: 3d013f2c-8b30-4d7d-bef0-ababcc4b611e ArcTan -> ABSOLUTE improved: 100.0% error: 2.3003696013769714e+28 -> 4.406207175183332e+22
Over populated 52, expected 50.
Discovery 8e9a2502 with 1 binary files, sample rate: 100%, batch size: 512
Discovery 8e9a2502 initialize time 100ms
Discovery 8e9a2502 processing .trainData-industry_88/BEVERAGES/data.bin
Fine tuning increased fitness by 0.000007008681910058989 to 0.9226523590655188 adjusted 1195 weights, 30 biases 
Discovery 8e9a2502 read time 13ms for .trainData-industry_88/BEVERAGES/data.bin with 4613 records
Discovery 8e9a2502 scanning time 3s 156ms
Discovery 8e9a2502 recorded time 5s 37ms
Training 28849fc8 with 1 binary file, target error: 0.05, iterations: 1, sample rate: 100%, sparse: 100%
Fine tuning increased fitness by 0.000005094800138771838 to 0.9226574538656576 adjusted 1195 weights, 30 biases 
Training bbfdba3c with 1 binary file, target error: 0.05, iterations: 1, sample rate: 100%, sparse: 100%
Fine tuning increased fitness by 0.000006678140800686627 to 0.9226641320064582 adjusted 1195 weights, 30 biases 
Over populated 52, expected 50.
Fine tuning increased fitness by 0.0000012284118924288379 to 0.9226653604183507 adjusted 1195 weights, 30 biases 
Training ecb1a7c6 with 1 binary file, target error: 0.05, iterations: 1, sample rate: 100%, sparse: 100%
Fine tuning increased fitness by 9.363937408801704e-7 to 0.9226662968120916 adjusted 1195 weights, 30 biases 
Over populated 52, expected 50.
Training 18403dad with 1 binary file, target error: 0.05, iterations: 1, sample rate: 100%, sparse: 100%
Fine tuning increased fitness by 6.845877071892659e-7 to 0.9226669813997987 adjusted 1195 weights, 30 biases 
Over populated 52, expected 50.
Discovered beneficial synapse from input-1672 to ccc7df5b-cf1b-4292-8787-11663a7cb7b1 with weight -1.0000, helping 74.1% more records than it harms (3708/4613)
Discovery 8e9a2502 analyze time 30s 813ms found 1 candidates
Discovery 8e9a2502 analyze harmful time 1s 380ms found 0 candidates
Training 25a712b4 with 1 binary file, target error: 0.05, iterations: 1, sample rate: 100%, sparse: 100%
Discovery 8e9a2502 analyze squashes time 1s 639ms found 1 candidate, Summary: 3d013f2c-8b30-4d7d-bef0-ababcc4b611e ArcTan -> ABSOLUTE improved: 100.0% error: 2.2978653630433185e+28 -> 4.440244420561699e+22
Over populated 52, expected 50.
Training 7112165d with 1 binary file, target error: 0.05, iterations: 1, sample rate: 100%, sparse: 100%
Discovery 7112165d with 1 binary files, sample rate: 100%, batch size: 512
Discovery 7112165d initialize time 107ms
Discovery 7112165d processing .trainData-industry_88/BEVERAGES/data.bin
Over populated 54, expected 50.
Discovery 7112165d read time 11ms for .trainData-industry_88/BEVERAGES/data.bin with 4613 records
Discovery 7112165d scanning time 3s 388ms
Discovery 7112165d recorded time 4s 708ms
Training c598214c with 1 binary file, target error: 0.05, iterations: 1, sample rate: 100%, sparse: 100%
Generation 20 score 0.9226720122367926  error 0.07729261676445476 avg time 6s 363ms
Training ffe5d27f with 1 binary file, target error: 0.05, iterations: 1, sample rate: 100%, sparse: 100%
Fine tuning increased fitness by 0.000002620224557325912 to 0.92267463246135 adjusted 1193 weights, 30 biases 
Discovered beneficial synapse from a61380a6-09a6-45aa-becc-a0dd3512b9c0 to 3d013f2c-8b30-4d7d-bef0-ababcc4b611e with weight -1.0000, helping 19.9% more records than it harms (2708/4613)
Discovery 7112165d analyze time 10s 742ms found 1 candidates
Over populated 52, expected 50.
Discovery 7112165d analyze harmful time 1s 280ms found 0 candidates
Discovery 7112165d analyze squashes time 1s 436ms found 1 candidate, Summary: 3d013f2c-8b30-4d7d-bef0-ababcc4b611e ArcTan -> ABSOLUTE improved: 100.0% error: 2.299279010327485e+28 -> 4.423839910285559e+22
Training 75ee5a1a with 1 binary file, target error: 0.05, iterations: 1, sample rate: 100%, sparse: 100%
Discovery 75ee5a1a with 1 binary files, sample rate: 100%, batch size: 512
Discovery 75ee5a1a initialize time 106ms
Discovery 75ee5a1a processing .trainData-industry_88/BEVERAGES/data.bin
Fine tuning increased fitness by 5.57848576443476e-7 to 0.9226751903099264 adjusted 1193 weights, 30 biases 
Over populated 54, expected 50.
Discovery 75ee5a1a read time 10ms for .trainData-industry_88/BEVERAGES/data.bin with 4613 records
Discovery 75ee5a1a scanning time 3s 766ms
Discovery 75ee5a1a recorded time 5s 493ms
Training e604cafc with 1 binary file, target error: 0.05, iterations: 1, sample rate: 100%, sparse: 100%
Fine tuning increased fitness by 7.899523991605761e-7 to 0.9226759802623256 adjusted 1193 weights, 30 biases 
Training 5fb23920 with 1 binary file, target error: 0.05, iterations: 1, sample rate: 100%, sparse: 100%
Fine tuning increased fitness by 3.687721177314529e-7 to 0.9226763490344433 adjusted 1193 weights, 30 biases 
Discovered beneficial synapse from a61380a6-09a6-45aa-becc-a0dd3512b9c0 to 3d013f2c-8b30-4d7d-bef0-ababcc4b611e with weight -1.0000, helping 19.9% more records than it harms (2708/4613)
Discovery 75ee5a1a analyze time 10s 461ms found 1 candidates
Over populated 52, expected 50.
Discovered harmful synapse from input-75 to ccc7df5b-cf1b-4292-8787-11663a7cb7b1, harming 72.6% more records than it helps (328/4613)
Discovery 75ee5a1a analyze harmful time 2s 47ms found 1 candidates
Discovery 75ee5a1a analyze squashes time 1s 416ms found 1 candidate, Summary: 3d013f2c-8b30-4d7d-bef0-ababcc4b611e ArcTan -> ABSOLUTE improved: 100.0% error: 2.299270033615022e+28 -> 4.42381347543389e+22
Fine tuning increased fitness by 3.641151609112825e-7 to 0.9226767131496042 adjusted 1193 weights, 30 biases 
Over populated 52, expected 50.
Fine tuning increased fitness by 7.775411741128835e-7 to 0.9226774906907783 adjusted 1193 weights, 30 biases 
Over populated 53, expected 50.
Fine tuning increased fitness by 8.113125272712907e-7 to 0.9226783020033056 adjusted 1193 weights, 30 biases 
Fine tuning increased fitness by 0.0000013671796583736295 to 0.922679669182964 adjusted 1193 weights, 30 biases 
Fine tuning increased fitness by 0.000002235444841125478 to 0.9226819046278051 adjusted 1193 weights, 30 biases 
Generation 30 score 0.9226854987023392  error 0.07727913029890822 avg time 6s 103ms
{
  error: 0.07727913029890822,
  score: 0.9226854987023392,
  generation: 30,
  time: 183249,
  startScore: 0.9226169406204686
}
process FABRICATED_PLATE_WORK_BOILER_SHOPS lvl: 3
loaded ../GRQ-portfolio/best/industry/v6/FABRICATED_PLATE_WORK_BOILER_SHOPS.json
4 mutations, mutation rate 7.8%, elitism 3, mutation ALL, selection FITNESS_PROPORTIONATE
Creature count: 50
Culling duplicate creature at 2 of 51
DeDuplication of 1 creatures to 50 in  (previous experiment )
Max is too large 1.1559466326634707e+195
Total is too large 1.1559466326634707e+195
Training 827d0891 with 1 binary file, target error: 0.05, iterations: 1, sample rate: 100%, sparse: 100%
Discovery 827d0891 with 1 binary files, sample rate: 100%, batch size: 512
Discovery 827d0891 initialize time 102ms
Discovery 827d0891 processing .trainData-industry_88/FABRICATED_PLATE_WORK_BOILER_SHOPS/data.bin
Max is too large 1.1559466326634707e+195
Total is too large 1.1559466326634707e+195
Max is too large 1.1559466326634707e+195
Total is too large 1.1559466326634707e+195
Discovery 827d0891 read time 14ms for .trainData-industry_88/FABRICATED_PLATE_WORK_BOILER_SHOPS/data.bin with 4613 records
Discovery 827d0891 scanning time 8s 771ms
Discovery 827d0891 recorded time 10s 648ms
Training d6b4dad0 with 1 binary file, target error: 0.05, iterations: 1, sample rate: 100%, sparse: 100%
Compacting increased fitness by 1.210722232469763e-7 to 0.8501073496506629 neurons: 85 was: 86 synapses: 1822 was: 1824
Fine tuning increased fitness by 2.0806841805054432e-9 to 0.8501073517313471 adjusted 1 bias 
Fine tuning increased fitness by 3.052712527207291e-9 to 0.8501073547840596 adjusted 1 bias 
Training 3ead104d with 1 binary file, target error: 0.05, iterations: 1, sample rate: 100%, sparse: 100%
Fine tuning increased fitness by 3.682266938032086e-7 to 0.8501078828776726 adjusted 82 weights, 4 biases 
Fine tuning increased fitness by 5.147839636787666e-7 to 0.8501083976616363 adjusted 82 weights, 4 biases 
Generation 10 score 0.8501083976616363  error 0.1498647523397419 avg time 4s 231ms
Training b71db5e4 with 1 binary file, target error: 0.05, iterations: 1, sample rate: 100%, sparse: 100%
Fine tuning increased fitness by 0.000010099752029812947 to 0.8501290236772369 adjusted 89 weights, 7 biases 
Fine tuning increased fitness by 0.0000038817152291370505 to 0.8501434218335333 adjusted 85 weights, 7 biases 
Training d41877a1 with 1 binary file, target error: 0.05, iterations: 1, sample rate: 100%, sparse: 100%
Fine tuning increased fitness by 9.913598164601467e-7 to 0.8501476158783362 adjusted 85 weights, 7 biases 
Fine tuning increased fitness by 1.0279719186989666e-7 to 0.8501477186755281 adjusted 85 weights, 7 biases 
Fine tuning increased fitness by 9.620411833832776e-8 to 0.8501478148796464 adjusted 85 weights, 7 biases 
Fine tuning increased fitness by 9.9761509386731e-7 to 0.8501488124947403 adjusted 85 weights, 7 biases 
Training 5f06d998 with 1 binary file, target error: 0.05, iterations: 1, sample rate: 100%, sparse: 100%
Fine tuning increased fitness by 3.1341343298407764e-7 to 0.8501491259081733 adjusted 85 weights, 7 biases 
Generation 20 score 0.8501491259081733  error 0.14982402409320467 avg time 3s 517ms
Fine tuning increased fitness by 3.469051275128976e-7 to 0.8501494728133008 adjusted 85 weights, 7 biases 
Constant neuron 53e8c01c-3cb1-4d7e-9276-179d367b24e8 convert hidden to constant
Adjust neuron 53e8c01c-3cb1-4d7e-9276-179d367b24e8 bias -0.0867009 to -0.0867009
Fine tuning increased fitness by 4.520540364261194e-8 to 0.8501496917385137 adjusted 85 weights, 7 biases 
Training b41687fd with 1 binary file, target error: 0.05, iterations: 1, sample rate: 100%, sparse: 100%
Fine tuning increased fitness by 6.629728954710146e-8 to 0.8501497580358033 adjusted 85 weights, 7 biases 
Fine tuning increased fitness by 3.244451141082294e-8 to 0.8501498244729357 adjusted 85 weights, 7 biases 
Training 54f3cb68 with 1 binary file, target error: 0.05, iterations: 1, sample rate: 100%, sparse: 100%
Fine tuning increased fitness by 5.3330530547235355e-8 to 0.8501498778034663 adjusted 85 weights, 7 biases 
Fine tuning increased fitness by 5.930828561595547e-8 to 0.8501499371117519 adjusted 85 weights, 7 biases 
Fine tuning increased fitness by 1.7687799758192568e-7 to 0.8501501139897495 adjusted 85 weights, 7 biases 
Discovered beneficial synapse from input-54 to e5464c98-6330-4c66-b6c5-5e7a35f9b29c with weight -1.0000, helping 61.7% more records than it harms (3040/4613)
Discovery 827d0891 analyze time 1m 37s 887ms found 1 candidates
Generation 30 score 0.8501501139897495  error 0.1498230360116285 avg time 3s 478ms
Fine tuning increased fitness by 3.203980885047031e-7 to 0.850150434387838 adjusted 85 weights, 7 biases 
Discovered harmful synapse from input-1078 to a78cb4db-131b-4613-8462-51c545dc144a, harming 49.8% more records than it helps (670/4613)
Discovery 827d0891 analyze harmful time 2s 983ms found 1 candidates
Training ea6ac33b with 1 binary file, target error: 0.05, iterations: 1, sample rate: 100%, sparse: 100%
Discovery 827d0891 analyze squashes time 2s 972ms found 0 candidates
Fine tuning increased fitness by 0.00003909422084957814 to 0.8502160559458041 adjusted 77 weights, 7 biases 
Discovery 8e124e0b with 1 binary files, sample rate: 100%, batch size: 512
Discovery 8e124e0b initialize time 105ms
Discovery 8e124e0b processing .trainData-industry_88/FABRICATED_PLATE_WORK_BOILER_SHOPS/data.bin
Fine tuning increased fitness by 0.0000393279685118042 to 0.8502553839143159 adjusted 77 weights, 7 biases 
Fine tuning increased fitness by 2.841012689547284e-7 to 0.8502556680155848 adjusted 77 weights, 7 biases 
Discovery 8e124e0b read time 17ms for .trainData-industry_88/FABRICATED_PLATE_WORK_BOILER_SHOPS/data.bin with 4613 records
Discovery 8e124e0b scanning time 8s 759ms
Discovery 8e124e0b recorded time 10s 218ms
Training 3b8430f4 with 1 binary file, target error: 0.05, iterations: 1, sample rate: 100%, sparse: 100%
Fine tuning increased fitness by 0.000020899648240479962 to 0.8502927619049174 adjusted 13 weights, 2 biases 
Fine tuning increased fitness by 0.000005580349171641075 to 0.8502983422540891 adjusted 13 weights, 2 biases 
Fine tuning increased fitness by 2.404759080754104e-8 to 0.8502983663016799 adjusted 13 weights, 2 biases 
Constant neuron 08e6d3c6-c606-4f9a-9485-54f727a44338 convert hidden to constant
Adjust neuron 08e6d3c6-c606-4f9a-9485-54f727a44338 bias -2.4163992999999997 to -14.109320661070731
Training 354ae19d with 1 binary file, target error: 0.05, iterations: 1, sample rate: 100%, sparse: 100%
Generation 40 score 0.850299899686572  error 0.14967324031480672 avg time 3s 526ms
Fine tuning increased fitness by 0.0000010714361821095864 to 0.8503009711227542 adjusted 13 weights, 2 biases 
Constant neuron 08e6d3c6-c606-4f9a-9485-54f727a44338 convert hidden to constant
Adjust neuron 08e6d3c6-c606-4f9a-9485-54f727a44338 bias -2.4163992999999997 to -14.109320661070731
Fine tuning increased fitness by 8.958897134148103e-7 to 0.850302626736089 adjusted 46 weights, 3 biases 
Fine tuning increased fitness by 0.0000011874177215931425 to 0.8503038141538106 adjusted 46 weights, 3 biases 
Fine tuning increased fitness by 0.000002006173544732981 to 0.8503058203273554 adjusted 46 weights, 3 biases 
Fine tuning increased fitness by 8.346672113468401e-7 to 0.8503066549945667 adjusted 46 weights, 3 biases 
Discovered beneficial synapse from input-1068 to 7c211fca-7616-489e-b30c-d5dad83d3cff with weight 1.0000, helping 58.7% more records than it harms (3661/4613)
Discovery 8e124e0b analyze time 45s 178ms found 1 candidates
Discovered harmful synapse from input-1720 to 7c211fca-7616-489e-b30c-d5dad83d3cff, harming 35.2% more records than it helps (1491/4613)
Discovery 8e124e0b analyze harmful time 2s 844ms found 1 candidates
Generation 50 score 0.8503066892355595  error 0.14966645076581864 avg time 3s 398ms
Set training/discovery clean up count to 2
Waiting for discovery to complete
Discovery 8e124e0b analyze squashes time 2s 971ms found 0 candidates
Generation 51 score 0.8503292225289308  error 0.1496439274724467 avg time 325ms
Waiting for training/discovery clean up 2
Fine tuning increased fitness by 0.000015017629185098968 to 0.8503442401581159 adjusted 59 weights, 4 biases 
Remove neuron ed39c424-63cb-4891-b21b-bac131a558e4 as no longer connected
Generation 52 score 0.8503442401581159  error 0.1496288998432622 avg time 326ms
Waiting for training/discovery clean up 1
Generation 53 score 0.8503484847924171  error 0.1496246552089611 avg time 329ms
{
  error: 0.1496246552089611,
  score: 0.8503484847924171,
  generation: 53,
  time: 191449,
  startScore: 0.8501072285784397
}
process DRILLING_OIL-GAS_WELLS lvl: 3
loaded ../GRQ-portfolio/best/industry/v6/DRILLING_OIL-GAS_WELLS.json
3 mutations, mutation rate 13.4%, elitism 6, mutation FFW, selection POWER
Creature count: 50
Culling duplicate creature at 1 of 51
DeDuplication of 1 creatures to 50 in 105ms (previous experiment )
Max is too large 1.1559466326634707e+195
Total is too large 1.1559466326634707e+195
Training 1a4b90be with 1 binary file, target error: 0.05, iterations: 1, sample rate: 100%, sparse: 100%
Discovery 1a4b90be with 1 binary files, sample rate: 100%, batch size: 512
Discovery 1a4b90be initialize time 106ms
Discovery 1a4b90be processing .trainData-industry_88/DRILLING_OIL-GAS_WELLS/data.bin
Max is too large 1.1559466326634707e+195
Total is too large 1.1559466326634707e+195
Discovery 1a4b90be read time 10ms for .trainData-industry_88/DRILLING_OIL-GAS_WELLS/data.bin with 4613 records
Discovery 1a4b90be scanning time 4s 625ms
Fine tuning increased fitness by 0.000023680785632751444 to 0.8512603616473783 adjusted 11 weights, 1 bias 
Discovery 1a4b90be recorded time 5s 676ms
Training bb7bb9e4 with 1 binary file, target error: 0.05, iterations: 1, sample rate: 100%, sparse: 100%
Fine tuning increased fitness by 0.000006805518695029988 to 0.8512671671660733 adjusted 11 weights, 1 bias 
Fine tuning increased fitness by 0.0000025451008672794373 to 0.8512697122669406 adjusted 11 weights, 1 bias 
Training e2c49b83 with 1 binary file, target error: 0.05, iterations: 1, sample rate: 100%, sparse: 100%
Training d099c0bc with 1 binary file, target error: 0.05, iterations: 1, sample rate: 100%, sparse: 100%
Fine tuning increased fitness by 0.0000014041013330912122 to 0.8512774395958976 adjusted 3 weights, 1 bias 
Training 558c7abc with 1 binary file, target error: 0.05, iterations: 1, sample rate: 100%, sparse: 100%
Fine tuning increased fitness by 2.4453506997090813e-9 to 0.8512774997327996 adjusted 1 bias 
Discovered beneficial synapse from input-553 to e5aaac6f-0ab7-4a64-b267-8d57eb09fd2d-2298 with weight 1.0000, helping 35.2% more records than it harms (1737/4613)
Discovery 1a4b90be analyze time 32s 938ms found 1 candidates
Discovery 1a4b90be analyze harmful time 1s 76ms found 0 candidates
Training 8fbbd992 with 1 binary file, target error: 0.05, iterations: 1, sample rate: 100%, sparse: 100%
Discovery 1a4b90be analyze squashes time 1s 364ms found 0 candidates
Discovery 46e4e94e with 1 binary files, sample rate: 100%, batch size: 512
Discovery 46e4e94e initialize time 102ms
Discovery 46e4e94e processing .trainData-industry_88/DRILLING_OIL-GAS_WELLS/data.bin
Fine tuning increased fitness by 2.790245123840407e-8 to 0.8512775426000242 adjusted 1 weight 
Generation 10 score 0.8512775426000242  error 0.14868713340115414 avg time 5s 175ms
Training a174a0c9 with 1 binary file, target error: 0.05, iterations: 1, sample rate: 100%, sparse: 100%
Discovery 46e4e94e read time 7ms for .trainData-industry_88/DRILLING_OIL-GAS_WELLS/data.bin with 4613 records
Discovery 46e4e94e scanning time 4s 433ms
Fine tuning increased fitness by 5.2271936779035855e-8 to 0.851277594871961 adjusted 1 weight 
Discovery 46e4e94e recorded time 5s 633ms
Fine tuning increased fitness by 9.755840424396922e-8 to 0.8512776924303652 adjusted 1 weight 
Training de2fe0d2 with 1 binary file, target error: 0.05, iterations: 1, sample rate: 100%, sparse: 100%
Fine tuning increased fitness by 1.9414079766022496e-7 to 0.8512778865711629 adjusted 1 weight 
Fine tuning increased fitness by 3.8161005833092787e-7 to 0.8512782681812212 adjusted 1 weight 
Training 93ebe467 with 1 binary file, target error: 0.05, iterations: 1, sample rate: 100%, sparse: 100%
Fine tuning increased fitness by 5.365665064482883e-7 to 0.8512788047477277 adjusted 1 weight 
Discovered beneficial synapse from input-553 to e5aaac6f-0ab7-4a64-b267-8d57eb09fd2d-2298 with weight 1.0000, helping 35.1% more records than it harms (1735/4613)
Discovery 46e4e94e analyze time 19s 405ms found 1 candidates
Discovery 46e4e94e analyze harmful time 1s 201ms found 0 candidates
Fine tuning increased fitness by 0.0000010326985659947496 to 0.8512798374462937 adjusted 1 weight 
Discovery 46e4e94e analyze squashes time 1s 493ms found 0 candidates
Training 42f1ecfa with 1 binary file, target error: 0.05, iterations: 1, sample rate: 100%, sparse: 100%
Discovery 42f1ecfa with 1 binary files, sample rate: 100%, batch size: 512
Discovery 42f1ecfa initialize time 104ms
Discovery 42f1ecfa processing .trainData-industry_88/DRILLING_OIL-GAS_WELLS/data.bin
Fine tuning increased fitness by 0.0000017981994668847534 to 0.8512816356457605 adjusted 1 weight 
Discovery 42f1ecfa read time 7ms for .trainData-industry_88/DRILLING_OIL-GAS_WELLS/data.bin with 4613 records
Discovery 42f1ecfa scanning time 4s 444ms
Fine tuning increased fitness by 0.000003219011621258261 to 0.8512848546573818 adjusted 1 weight 
Discovery 42f1ecfa recorded time 5s 585ms
Training edf737f2 with 1 binary file, target error: 0.05, iterations: 1, sample rate: 100%, sparse: 100%
Fine tuning increased fitness by 0.000006813958229545669 to 0.8512992860984421 adjusted 2 weights 
Generation 20 score 0.8512992860984421  error 0.14866538990273617 avg time 4s 679ms
Training f763c603 with 1 binary file, target error: 0.05, iterations: 1, sample rate: 100%, sparse: 100%
Discovered beneficial synapse from input-553 to e5aaac6f-0ab7-4a64-b267-8d57eb09fd2d-2298 with weight 1.0000, helping 35.1% more records than it harms (1735/4613)
Discovery 42f1ecfa analyze time 23s 242ms found 1 candidates
Discovery 42f1ecfa analyze harmful time 1s 248ms found 0 candidates
Training f5f76d7a with 1 binary file, target error: 0.05, iterations: 1, sample rate: 100%, sparse: 100%
Fine tuning increased fitness by 6.40864854517531e-8 to 0.8513001012643827 adjusted 1 weight 
Discovery 42f1ecfa analyze squashes time 1s 596ms found 0 candidates
Discovery a4908f76 with 1 binary files, sample rate: 100%, batch size: 512
Discovery a4908f76 initialize time 98ms
Discovery a4908f76 processing .trainData-industry_88/DRILLING_OIL-GAS_WELLS/data.bin
Fine tuning increased fitness by 2.749812710867161e-9 to 0.8513001040141954 adjusted 1 weight 
Discovery a4908f76 read time 9ms for .trainData-industry_88/DRILLING_OIL-GAS_WELLS/data.bin with 4613 records
Discovery a4908f76 scanning time 4s 447ms
Training cbeb3dc0 with 1 binary file, target error: 0.05, iterations: 1, sample rate: 100%, sparse: 100%
Fine tuning increased fitness by 5.733811203612049e-10 to 0.8513001045875765 adjusted 1 weight 
Discovery a4908f76 recorded time 5s 548ms
Compacting increased fitness by 6.152239273582438e-9 to 0.8513001107398158 neurons: 89 was: 89 synapses: 2641 was: 2642
Training 3b1dbe7d with 1 binary file, target error: 0.05, iterations: 1, sample rate: 100%, sparse: 100%
Fine tuning increased fitness by 2.9634087406194e-9 to 0.8513001137032246 adjusted 1 weight 
Fine tuning increased fitness by 7.207260344088695e-10 to 0.8513001144239506 adjusted 1 weight 
Training a0785692 with 1 binary file, target error: 0.05, iterations: 1, sample rate: 100%, sparse: 100%
Discovered beneficial synapse from input-553 to e5aaac6f-0ab7-4a64-b267-8d57eb09fd2d-2298 with weight 1.0000, helping 35.1% more records than it harms (1734/4613)
Discovery a4908f76 analyze time 19s 565ms found 1 candidates
Discovered harmful synapse from input-527 to 5cc5de6f-2876-4b63-add7-4a96f019ddb2, harming 16.5% more records than it helps (1773/4613)
Discovery a4908f76 analyze harmful time 1s 767ms found 1 candidates
Discovery a4908f76 analyze squashes time 1s 346ms found 0 candidates
Compacting increased fitness by 1.3065889448160561e-7 to 0.8513002450828451 neurons: 88 was: 89 synapses: 2639 was: 2641
Generation 30 score 0.8513002450828451  error 0.1486645609183314 avg time 4s 979ms
Fine tuning increased fitness by 3.1935722999421046e-7 to 0.8513005644400751 adjusted 1 weight, 1 bias 
Remove neuron cb0b1365-7d19-464a-8b93-3eb9509e4b59 as no longer connected
Fine tuning increased fitness by 4.188012620032211e-7 to 0.8513014468800079 adjusted 1 bias 
Fine tuning increased fitness by 1.4684149118870948e-8 to 0.851301461564157 adjusted 1 bias 
Fine tuning increased fitness by 2.0103974041063566e-10 to 0.8513014692817015 adjusted 1 weight, 1 bias 
Generation 37 score 0.8513014692817015  error 0.14866333671947507 avg time 3s 325ms
{
  error: 0.14866333671947507,
  score: 0.8513014692817015,
  generation: 37,
  time: 181845,
  startScore: 0.8512366808617455
}
process MISCELLANEOUS_PLASTICS_PRODUCTS lvl: 3
loaded ../GRQ-portfolio/best/industry/v6/MISCELLANEOUS_PLASTICS_PRODUCTS.json
1 mutation, mutation rate 8.2%, elitism 2, mutation FFW, selection TOURNAMENT
Creature count: 50
Culling duplicate creature at 1 of 51
DeDuplication of 1 creatures to 50 in 84ms (previous experiment )
Max is too large 1.1559466326634707e+195
Total is too large 1.1559466326634707e+195
Training fea6f4a8 with 1 binary file, target error: 0.05, iterations: 1, sample rate: 100%, sparse: 100%
Discovery fea6f4a8 with 1 binary files, sample rate: 100%, batch size: 512
Discovery fea6f4a8 initialize time 105ms
Discovery fea6f4a8 processing .trainData-industry_88/MISCELLANEOUS_PLASTICS_PRODUCTS/data.bin
Discovery fea6f4a8 read time 15ms for .trainData-industry_88/MISCELLANEOUS_PLASTICS_PRODUCTS/data.bin with 4613 records
Discovery fea6f4a8 scanning time 3s 246ms
Discovery fea6f4a8 recorded time 4s 995ms
Training bcd34d82 with 1 binary file, target error: 0.05, iterations: 1, sample rate: 100%, sparse: 100%
Training feedcd58 with 1 binary file, target error: 0.05, iterations: 1, sample rate: 100%, sparse: 100%
Discovered beneficial synapse from input-1212 to 3632ee13-fbea-4f0f-bbaa-d3adc1c673c3 with weight -1.0000, helping 11.2% more records than it harms (1090/4613)
Discovery fea6f4a8 analyze time 9s 355ms found 1 candidates
Discovered harmful synapse from 8bd6a13b-50b1-4ee7-88ed-e8f9bb6c90f7 to 3632ee13-fbea-4f0f-bbaa-d3adc1c673c3, harming 12.6% more records than it helps (541/4613)
Discovery fea6f4a8 analyze harmful time 1s 767ms found 1 candidates
Discovery fea6f4a8 analyze squashes time 1s 142ms found 0 candidates
Training 9254b5a5 with 1 binary file, target error: 0.05, iterations: 1, sample rate: 100%, sparse: 100%
Discovery 9254b5a5 with 1 binary files, sample rate: 100%, batch size: 512
Discovery 9254b5a5 initialize time 105ms
Discovery 9254b5a5 processing .trainData-industry_88/MISCELLANEOUS_PLASTICS_PRODUCTS/data.bin
Discovery 9254b5a5 read time 9ms for .trainData-industry_88/MISCELLANEOUS_PLASTICS_PRODUCTS/data.bin with 4613 records
Discovery 9254b5a5 scanning time 3s 429ms
Discovery 9254b5a5 recorded time 5s 254ms
Training c11b9cfd with 1 binary file, target error: 0.05, iterations: 1, sample rate: 100%, sparse: 100%
Fine tuning increased fitness by 3.1209141826415987e-7 to 0.8320117901898281 adjusted 15 weights, 1 bias 
Training ffe0107f with 1 binary file, target error: 0.05, iterations: 1, sample rate: 100%, sparse: 100%
Fine tuning increased fitness by 2.728182675326707e-7 to 0.8320120630080956 adjusted 15 weights, 1 bias 
Discovered beneficial synapse from input-1212 to 3632ee13-fbea-4f0f-bbaa-d3adc1c673c3 with weight -1.0000, helping 11.2% more records than it harms (1090/4613)
Discovery 9254b5a5 analyze time 9s 864ms found 1 candidates
Discovered harmful synapse from 8bd6a13b-50b1-4ee7-88ed-e8f9bb6c90f7 to 3632ee13-fbea-4f0f-bbaa-d3adc1c673c3, harming 12.6% more records than it helps (541/4613)
Discovery 9254b5a5 analyze harmful time 1s 987ms found 1 candidates
Training ece5cd90 with 1 binary file, target error: 0.05, iterations: 1, sample rate: 100%, sparse: 100%
Fine tuning increased fitness by 2.9968243442368703e-9 to 0.83201206600492 adjusted 15 weights, 1 bias 
Discovery 9254b5a5 analyze squashes time 1s 87ms found 0 candidates
Training 6622cc6e with 1 binary file, target error: 0.05, iterations: 1, sample rate: 100%, sparse: 100%
Discovery 6622cc6e with 1 binary files, sample rate: 100%, batch size: 512
Discovery 6622cc6e initialize time 104ms
Discovery 6622cc6e processing .trainData-industry_88/MISCELLANEOUS_PLASTICS_PRODUCTS/data.bin
Discovery 6622cc6e read time 10ms for .trainData-industry_88/MISCELLANEOUS_PLASTICS_PRODUCTS/data.bin with 4613 records
Discovery 6622cc6e scanning time 3s 488ms
Discovery 6622cc6e recorded time 5s 534ms
Training 346c1c5a with 1 binary file, target error: 0.05, iterations: 1, sample rate: 100%, sparse: 100%
Training 11cf6cf4 with 1 binary file, target error: 0.05, iterations: 1, sample rate: 100%, sparse: 100%
Discovered beneficial synapse from input-1212 to 3632ee13-fbea-4f0f-bbaa-d3adc1c673c3 with weight -1.0000, helping 11.2% more records than it harms (1089/4613)
Discovery 6622cc6e analyze time 9s 316ms found 1 candidates
Over populated 52, expected 50.
Generation 10 score 0.8320125281506399  error 0.1679541878494432 avg time 6s 32ms
Discovered harmful synapse from 8bd6a13b-50b1-4ee7-88ed-e8f9bb6c90f7 to 3632ee13-fbea-4f0f-bbaa-d3adc1c673c3, harming 12.6% more records than it helps (541/4613)
Discovery 6622cc6e analyze harmful time 1s 763ms found 1 candidates
Discovery 6622cc6e analyze squashes time 1s 160ms found 0 candidates
Training 332db3d3 with 1 binary file, target error: 0.05, iterations: 1, sample rate: 100%, sparse: 100%
Discovery 332db3d3 with 1 binary files, sample rate: 100%, batch size: 512
Discovery 332db3d3 initialize time 103ms
Discovery 332db3d3 processing .trainData-industry_88/MISCELLANEOUS_PLASTICS_PRODUCTS/data.bin
Discovery 332db3d3 read time 8ms for .trainData-industry_88/MISCELLANEOUS_PLASTICS_PRODUCTS/data.bin with 4613 records
Discovery 332db3d3 scanning time 3s 349ms
Over populated 54, expected 50.
Discovery 332db3d3 recorded time 5s 115ms
Training b68aef7d with 1 binary file, target error: 0.05, iterations: 1, sample rate: 100%, sparse: 100%
Fine tuning increased fitness by 5.891102154986783e-7 to 0.8320134412145586 adjusted 444 weights, 15 biases 
Over populated 52, expected 50.
Training 1bcca0fb with 1 binary file, target error: 0.05, iterations: 1, sample rate: 100%, sparse: 100%
Fine tuning increased fitness by 7.787729776609353e-7 to 0.8320142199875362 adjusted 444 weights, 15 biases 
Discovered beneficial synapse from input-1212 to 3632ee13-fbea-4f0f-bbaa-d3adc1c673c3 with weight -1.0000, helping 11.2% more records than it harms (1089/4613)
Discovery 332db3d3 analyze time 9s 429ms found 1 candidates
Discovered harmful synapse from 8bd6a13b-50b1-4ee7-88ed-e8f9bb6c90f7 to 3632ee13-fbea-4f0f-bbaa-d3adc1c673c3, harming 12.6% more records than it helps (541/4613)
Discovery 332db3d3 analyze harmful time 1s 749ms found 1 candidates
Over populated 52, expected 50.
Discovery 332db3d3 analyze squashes time 1s 58ms found 0 candidates
Training 31fa9430 with 1 binary file, target error: 0.05, iterations: 1, sample rate: 100%, sparse: 100%
Discovery 31fa9430 with 1 binary files, sample rate: 100%, batch size: 512
Discovery 31fa9430 initialize time 103ms
Discovery 31fa9430 processing .trainData-industry_88/MISCELLANEOUS_PLASTICS_PRODUCTS/data.bin
Discovery 31fa9430 read time 7ms for .trainData-industry_88/MISCELLANEOUS_PLASTICS_PRODUCTS/data.bin with 4613 records
Discovery 31fa9430 scanning time 3s 377ms
Over populated 54, expected 50.
Discovery 31fa9430 recorded time 5s 78ms
Training e86c501c with 1 binary file, target error: 0.05, iterations: 1, sample rate: 100%, sparse: 100%
Fine tuning increased fitness by 1.0275642259305329e-7 to 0.8320156676829455 adjusted 438 weights, 15 biases 
Training 9b0db24d with 1 binary file, target error: 0.05, iterations: 1, sample rate: 100%, sparse: 100%
Fine tuning increased fitness by 2.492788453434258e-7 to 0.8320159169617909 adjusted 411 weights, 15 biases 
Discovered beneficial synapse from input-1212 to 3632ee13-fbea-4f0f-bbaa-d3adc1c673c3 with weight -1.0000, helping 11.2% more records than it harms (1090/4613)
Discovery 31fa9430 analyze time 9s 547ms found 1 candidates
Discovered harmful synapse from 8bd6a13b-50b1-4ee7-88ed-e8f9bb6c90f7 to 3632ee13-fbea-4f0f-bbaa-d3adc1c673c3, harming 12.6% more records than it helps (541/4613)
Discovery 31fa9430 analyze harmful time 1s 765ms found 1 candidates
Over populated 52, expected 50.
Discovery 31fa9430 analyze squashes time 1s 181ms found 0 candidates
Training e4cb1428 with 1 binary file, target error: 0.05, iterations: 1, sample rate: 100%, sparse: 100%
Discovery e4cb1428 with 1 binary files, sample rate: 100%, batch size: 512
Discovery e4cb1428 initialize time 98ms
Discovery e4cb1428 processing .trainData-industry_88/MISCELLANEOUS_PLASTICS_PRODUCTS/data.bin
Discovery e4cb1428 read time 12ms for .trainData-industry_88/MISCELLANEOUS_PLASTICS_PRODUCTS/data.bin with 4613 records
Discovery e4cb1428 scanning time 3s 214ms
Over populated 54, expected 50.
Discovery e4cb1428 recorded time 4s 929ms
Training d867e195 with 1 binary file, target error: 0.05, iterations: 1, sample rate: 100%, sparse: 100%
Over populated 52, expected 50.
Training 6de2fe46 with 1 binary file, target error: 0.05, iterations: 1, sample rate: 100%, sparse: 100%
Fine tuning increased fitness by 0.000001128679889661477 to 0.8320187925605945 adjusted 402 weights, 14 biases 
Discovered beneficial synapse from input-1212 to 3632ee13-fbea-4f0f-bbaa-d3adc1c673c3 with weight -1.0000, helping 11.2% more records than it harms (1089/4613)
Discovery e4cb1428 analyze time 10s 401ms found 1 candidates
Over populated 52, expected 50.
Discovered harmful synapse from 8bd6a13b-50b1-4ee7-88ed-e8f9bb6c90f7 to 3632ee13-fbea-4f0f-bbaa-d3adc1c673c3, harming 12.5% more records than it helps (542/4613)
Discovery e4cb1428 analyze harmful time 1s 876ms found 1 candidates
Discovery e4cb1428 analyze squashes time 1s 204ms found 0 candidates
Training 8daeff60 with 1 binary file, target error: 0.05, iterations: 1, sample rate: 100%, sparse: 100%
Discovery 8daeff60 with 1 binary files, sample rate: 100%, batch size: 512
Discovery 8daeff60 initialize time 103ms
Discovery 8daeff60 processing .trainData-industry_88/MISCELLANEOUS_PLASTICS_PRODUCTS/data.bin
Fine tuning increased fitness by 0.000003895541674237002 to 0.8320226881022688 adjusted 390 weights, 14 biases 
Discovery 8daeff60 read time 6ms for .trainData-industry_88/MISCELLANEOUS_PLASTICS_PRODUCTS/data.bin with 4613 records
Discovery 8daeff60 scanning time 3s 123ms
Over populated 54, expected 50.
Generation 20 score 0.8320226881022688  error 0.16794422789781416 avg time 6s 631ms
Discovery 8daeff60 recorded time 4s 903ms
Training b35f25c9 with 1 binary file, target error: 0.05, iterations: 1, sample rate: 100%, sparse: 100%
Training 3963f31b with 1 binary file, target error: 0.05, iterations: 1, sample rate: 100%, sparse: 100%
Fine tuning increased fitness by 0.000013998158055028576 to 0.8320453769084799 adjusted 384 weights, 14 biases 
Discovered beneficial synapse from input-1212 to 3632ee13-fbea-4f0f-bbaa-d3adc1c673c3 with weight -1.0000, helping 11.2% more records than it harms (1089/4613)
Discovery 8daeff60 analyze time 9s 368ms found 1 candidates
Discovered harmful synapse from 8bd6a13b-50b1-4ee7-88ed-e8f9bb6c90f7 to 3632ee13-fbea-4f0f-bbaa-d3adc1c673c3, harming 12.6% more records than it helps (541/4613)
Discovery 8daeff60 analyze harmful time 1s 716ms found 1 candidates
Over populated 52, expected 50.
Discovery 8daeff60 analyze squashes time 1s 107ms found 0 candidates
Training b48170d1 with 1 binary file, target error: 0.05, iterations: 1, sample rate: 100%, sparse: 100%
Discovery b48170d1 with 1 binary files, sample rate: 100%, batch size: 512
Discovery b48170d1 initialize time 102ms
Discovery b48170d1 processing .trainData-industry_88/MISCELLANEOUS_PLASTICS_PRODUCTS/data.bin
Fine tuning increased fitness by 0.000021813910454637764 to 0.8320671908189345 adjusted 384 weights, 14 biases 
Discovery b48170d1 read time 4ms for .trainData-industry_88/MISCELLANEOUS_PLASTICS_PRODUCTS/data.bin with 4613 records
Discovery b48170d1 scanning time 3s 113ms
Over populated 54, expected 50.
Discovery b48170d1 recorded time 4s 885ms
Training 9b8a3243 with 1 binary file, target error: 0.05, iterations: 1, sample rate: 100%, sparse: 100%
Fine tuning increased fitness by 0.000005670860631412644 to 0.832072861679566 adjusted 384 weights, 14 biases 
Over populated 52, expected 50.
Discovered beneficial synapse from input-1212 to 3632ee13-fbea-4f0f-bbaa-d3adc1c673c3 with weight -1.0000, helping 11.2% more records than it harms (1089/4613)
Discovery b48170d1 analyze time 9s 362ms found 1 candidates
Discovered harmful synapse from 8bd6a13b-50b1-4ee7-88ed-e8f9bb6c90f7 to 3632ee13-fbea-4f0f-bbaa-d3adc1c673c3, harming 12.6% more records than it helps (540/4613)
Discovery b48170d1 analyze harmful time 1s 789ms found 1 candidates
Over populated 52, expected 50.
Discovery b48170d1 analyze squashes time 1s 91ms found 0 candidates
Compacting increased fitness by 1.140063037308181e-7 to 0.8320729817344807 neurons: 82 was: 83 synapses: 2476 was: 2478
Discovery b48170d1 beneficial increased fitness by 7.952979308445407e-8 to 0.8320730612642738
Fine tuning increased fitness by 1.4270794113091512e-7 to 0.832073203972215 adjusted 1 weight 
Fine tuning increased fitness by 1.3846971147479792e-7 to 0.8320733424419264 adjusted 1 weight 
Generation 29 score 0.8320733424419264  error 0.1678936835581565 avg time 5s 486ms
{
  error: 0.1678936835581565,
  score: 0.8320733424419264,
  generation: 29,
  time: 181721,
  startScore: 0.8320112843394669
}
process AIRCRAFT_PARTS-AUXILIARY_EQUIPMENT_NEC lvl: 3
loaded ../GRQ-portfolio/best/industry/v6/AIRCRAFT_PARTS-AUXILIARY_EQUIPMENT_NEC.json
7 mutations, mutation rate 45.7%, elitism 3, mutation FFW, selection FITNESS_PROPORTIONATE
Creature count: 50
Culling duplicate creature at 1 of 51
DeDuplication of 1 creatures to 50 in 161ms (previous experiment )
Max is too large 1.1559466326634707e+195
Total is too large 1.1559466326634707e+195
Training 3b091ab9 with 1 binary file, target error: 0.05, iterations: 1, sample rate: 100%, sparse: 100%
Discovery 3b091ab9 with 1 binary files, sample rate: 100%, batch size: 512
Discovery 3b091ab9 initialize time 107ms
Discovery 3b091ab9 processing .trainData-industry_88/AIRCRAFT_PARTS-AUXILIARY_EQUIPMENT_NEC/data.bin
Discovery 3b091ab9 read time 14ms for .trainData-industry_88/AIRCRAFT_PARTS-AUXILIARY_EQUIPMENT_NEC/data.bin with 4613 records
Discovery 3b091ab9 scanning time 5s 547ms
Discovery 3b091ab9 recorded time 7s 461ms
Training 99f4a9a7 with 1 binary file, target error: 0.05, iterations: 1, sample rate: 100%, sparse: 100%
Over populated 52, expected 50.
Training 81c334ea with 1 binary file, target error: 0.05, iterations: 1, sample rate: 100%, sparse: 100%
Over populated 52, expected 50.
Training 4a081b62 with 1 binary file, target error: 0.05, iterations: 1, sample rate: 100%, sparse: 100%
Discovered beneficial synapse from input-1283 to dbaa0b72-8848-4149-8d2a-1102d6f6794b with weight 1.0000, helping 38.4% more records than it harms (2458/4613)
Discovery 3b091ab9 analyze time 30s 467ms found 1 candidates
Discovered harmful synapse from input-885 to f370a94a-e696-4038-94d3-ff269a1b885c, harming 36.2% more records than it helps (782/4613)
Discovery 3b091ab9 analyze harmful time 2s 56ms found 1 candidates
Discovery 3b091ab9 analyze squashes time 2s 389ms found 0 candidates
Over populated 52, expected 50.
Over populated 54, expected 50.
Remove neuron 1c9ddff1-fd88-4b95-b7bb-de0a967fd8ec as no longer connected
Training 437c84e0 with 1 binary file, target error: 0.05, iterations: 1, sample rate: 100%, sparse: 100%
Remove neuron 76a26340-ffcc-4899-8e3d-a302874f8d2c as no longer connected
Remove neuron c8e8dff9-797e-4046-94c0-e645b131f0e6 as no longer connected
Training 493df080 with 1 binary file, target error: 0.05, iterations: 1, sample rate: 100%, sparse: 100%
Over populated 52, expected 50.
Generation 10 score 0.8692343079722785  error 0.1307260400283678 avg time 9s 169ms
Training eda2ebfa with 1 binary file, target error: 0.05, iterations: 1, sample rate: 100%, sparse: 100%
Over populated 52, expected 50.
Training 111550b1 with 1 binary file, target error: 0.05, iterations: 1, sample rate: 100%, sparse: 100%
Discovery 111550b1 with 1 binary files, sample rate: 100%, batch size: 512
Discovery 111550b1 initialize time 108ms
Discovery 111550b1 processing .trainData-industry_88/AIRCRAFT_PARTS-AUXILIARY_EQUIPMENT_NEC/data.bin
Fine tuning increased fitness by 1.947413527103592e-7 to 0.8692345027136312 adjusted 91 weights, 3 biases 
Remove neuron 2f79783b-a41a-43c0-8740-47c886387a2c as no longer connected
Over populated 52, expected 50.
Discovery 111550b1 read time 16ms for .trainData-industry_88/AIRCRAFT_PARTS-AUXILIARY_EQUIPMENT_NEC/data.bin with 4613 records
Discovery 111550b1 scanning time 5s 444ms
Discovery 111550b1 recorded time 7s 209ms
Training 601d2a0f with 1 binary file, target error: 0.05, iterations: 1, sample rate: 100%, sparse: 100%
Fine tuning increased fitness by 3.181252734574258e-7 to 0.8692348208389047 adjusted 91 weights, 3 biases 
Remove neuron 5d0c1e07-2457-49c6-88dd-28338e777e09 as no longer connected
Over populated 52, expected 50.
Training 4f9db952 with 1 binary file, target error: 0.05, iterations: 1, sample rate: 100%, sparse: 100%
Fine tuning increased fitness by 3.705939398690461e-7 to 0.8692351914328446 adjusted 91 weights, 3 biases 
Over populated 52, expected 50.
Training f6925ae0 with 1 binary file, target error: 0.05, iterations: 1, sample rate: 100%, sparse: 100%
Discovered beneficial synapse from input-1283 to f370a94a-e696-4038-94d3-ff269a1b885c with weight -1.0000, helping 36.4% more records than it harms (2458/4613)
Discovery 111550b1 analyze time 22s 227ms found 1 candidates
Discovered harmful synapse from input-680 to eb94a8ab-7bf1-492c-849c-11c7bdf61478, harming 48.7% more records than it helps (1157/4613)
Discovery 111550b1 analyze harmful time 2s 396ms found 1 candidates
Remove neuron 6aa1e63e-06a3-4aad-a302-67d6f899d468 as no longer connected
Over populated 52, expected 50.
Discovery 111550b1 analyze squashes time 2s 725ms found 0 candidates
Training e1c492d0 with 1 binary file, target error: 0.05, iterations: 1, sample rate: 100%, sparse: 100%
Discovery e1c492d0 with 1 binary files, sample rate: 100%, batch size: 512
Discovery e1c492d0 initialize time 107ms
Discovery e1c492d0 processing .trainData-industry_88/AIRCRAFT_PARTS-AUXILIARY_EQUIPMENT_NEC/data.bin
Fine tuning increased fitness by 0.000002274880991581796 to 0.869239790946568 adjusted 136 weights, 6 biases 
Over populated 54, expected 50.
Discovery e1c492d0 read time 12ms for .trainData-industry_88/AIRCRAFT_PARTS-AUXILIARY_EQUIPMENT_NEC/data.bin with 4613 records
Discovery e1c492d0 scanning time 5s 435ms
Discovery e1c492d0 recorded time 7s 124ms
Fine tuning increased fitness by 0.000002310494602197899 to 0.8692421014411702 adjusted 136 weights, 6 biases 
Over populated 52, expected 50.
Fine tuning increased fitness by 0.0000011426861100671815 to 0.8692432441272803 adjusted 136 weights, 6 biases 
Remove neuron 16949d86-e6df-4728-8577-efabc8e1273a as no longer connected
Fine tuning increased fitness by 0.000002168369372945733 to 0.8692454124966532 adjusted 136 weights, 6 biases 
Generation 20 score 0.8692503769140404  error 0.130709971086606 avg time 8s 783ms
Discovered beneficial synapse from input-1283 to dbaa0b72-8848-4149-8d2a-1102d6f6794b with weight 1.0000, helping 38.2% more records than it harms (2456/4613)
Discovery e1c492d0 analyze time 32s 476ms found 1 candidates
Fine tuning increased fitness by 0.000007692963720162815 to 0.8692580698777606 adjusted 134 weights, 6 biases 
Discovered harmful synapse from input-680 to eb94a8ab-7bf1-492c-849c-11c7bdf61478, harming 48.7% more records than it helps (1156/4613)
Discovery e1c492d0 analyze harmful time 2s 579ms found 1 candidates
Discovery e1c492d0 analyze squashes time 2s 573ms found 0 candidates
Remove neuron 3278ca4e-9045-4605-90f3-65a4f67cc0cc as no longer connected
Generation 21 score 0.8692580698777606  error 0.13070227812288582 avg time 810ms
Set training/discovery clean up count to 2
Waiting for discovery to complete
Fine tuning increased fitness by 0.00001010692753866671 to 0.8692681768052992 adjusted 134 weights, 6 biases 
Generation 22 score 0.8692681768052992  error 0.13069217119534718 avg time 789ms
Waiting for training/discovery clean up 2
Fine tuning increased fitness by 0.0000053769004099146755 to 0.8692735537057091 adjusted 134 weights, 6 biases 
Generation 23 score 0.8692735537057091  error 0.13068679429493724 avg time 867ms
Waiting for training/discovery clean up 1
Fine tuning increased fitness by 5.058169963989556e-7 to 0.8692740595227055 adjusted 134 weights, 6 biases 
Remove neuron 9ee3634f-d293-4f9e-a3ac-eba0d3b8b419 as no longer connected
Generation 24 score 0.8692740595227055  error 0.13068628847794084 avg time 726ms
{
  error: 0.13068628847794084,
  score: 0.8692740595227055,
  generation: 24,
  time: 211768,
  startScore: 0.8692343079722785
}
process SERVICES-ADVERTISING_AGENCIES lvl: 3
loaded ../GRQ-portfolio/best/industry/v6/SERVICES-ADVERTISING_AGENCIES.json
1 mutation, mutation rate 14.8%, elitism 4, mutation ALL, selection POWER
Creature count: 50
Culling duplicate creature at 1 of 51
DeDuplication of 1 creatures to 50 in 69ms (previous experiment )
Max is too large 1.1559466326634707e+195
Total is too large 1.1559466326634707e+195
Training 01713a82 with 1 binary file, target error: 0.05, iterations: 1, sample rate: 100%, sparse: 100%
Discovery 01713a82 with 1 binary files, sample rate: 100%, batch size: 512
Discovery 01713a82 initialize time 103ms
Discovery 01713a82 processing .trainData-industry_88/SERVICES-ADVERTISING_AGENCIES/data.bin
Discovery 01713a82 read time 8ms for .trainData-industry_88/SERVICES-ADVERTISING_AGENCIES/data.bin with 4613 records
Discovery 01713a82 scanning time 4s 61ms
Discovery 01713a82 recorded time 5s 387ms
Training 21139c83 with 1 binary file, target error: 0.05, iterations: 1, sample rate: 100%, sparse: 100%
Discovered beneficial synapse from input-1214 to 2d420cba-66d0-4e4d-8a8f-5b53d503623c with weight -1.0000, helping 35.2% more records than it harms (1648/4613)
Discovery 01713a82 analyze time 8s 752ms found 1 candidates
Discovered harmful synapse from input-1084 to 2d420cba-66d0-4e4d-8a8f-5b53d503623c, harming 35.3% more records than it helps (22/4613)
Discovery 01713a82 analyze harmful time 1s 73ms found 1 candidates
Discovery 01713a82 analyze squashes time 1s 209ms found 1 candidate, Summary: 2d420cba-66d0-4e4d-8a8f-5b53d503623c SELU -> COMPLEMENT improved: 12.5% error: 6.786131361988809e+31 -> 5.939261904685224e+31
Training 4ac4dddc with 1 binary file, target error: 0.05, iterations: 1, sample rate: 100%, sparse: 100%
Training 22646da6 with 1 binary file, target error: 0.05, iterations: 1, sample rate: 100%, sparse: 100%
Generation 10 score 0.887560455515765  error 0.11240659348540326 avg time 4s 502ms
Training dafd72dc with 1 binary file, target error: 0.05, iterations: 1, sample rate: 100%, sparse: 100%
Training d3f070ec with 1 binary file, target error: 0.05, iterations: 1, sample rate: 100%, sparse: 100%
Discovery d3f070ec with 1 binary files, sample rate: 100%, batch size: 512
Discovery d3f070ec initialize time 105ms
Discovery d3f070ec processing .trainData-industry_88/SERVICES-ADVERTISING_AGENCIES/data.bin
Discovery d3f070ec read time 8ms for .trainData-industry_88/SERVICES-ADVERTISING_AGENCIES/data.bin with 4613 records
Discovery d3f070ec scanning time 3s 929ms
Discovery d3f070ec recorded time 5s 307ms
Fine tuning increased fitness by 1.4953695937069966e-7 to 0.8875606740292259 adjusted 1 weight 
Training de33b0c8 with 1 binary file, target error: 0.05, iterations: 1, sample rate: 100%, sparse: 100%
Fine tuning increased fitness by 1.8605500440305178e-7 to 0.8875608600842303 adjusted 1 weight 
Fine tuning increased fitness by 3.335421029371233e-7 to 0.8875611936263332 adjusted 1 weight 
Discovered beneficial synapse from input-1214 to 2d420cba-66d0-4e4d-8a8f-5b53d503623c with weight -1.0000, helping 35.2% more records than it harms (1648/4613)
Discovery d3f070ec analyze time 8s 742ms found 1 candidates
Discovered harmful synapse from input-1084 to 2d420cba-66d0-4e4d-8a8f-5b53d503623c, harming 35.3% more records than it helps (22/4613)
Discovery d3f070ec analyze harmful time 1s 34ms found 1 candidates
Discovery d3f070ec analyze squashes time 1s 189ms found 1 candidate, Summary: 2d420cba-66d0-4e4d-8a8f-5b53d503623c SELU -> SQUARE improved: 12.5% error: 6.786131361988809e+31 -> 5.939261904685224e+31
Training 238418a5 with 1 binary file, target error: 0.05, iterations: 1, sample rate: 100%, sparse: 100%
Discovery 238418a5 with 1 binary files, sample rate: 100%, batch size: 512
Discovery 238418a5 initialize time 103ms
Discovery 238418a5 processing .trainData-industry_88/SERVICES-ADVERTISING_AGENCIES/data.bin
Fine tuning increased fitness by 5.071160223968363e-7 to 0.8875617007423556 adjusted 1 weight 
Discovery 238418a5 read time 12ms for .trainData-industry_88/SERVICES-ADVERTISING_AGENCIES/data.bin with 4613 records
Discovery 238418a5 scanning time 4s 435ms
Fine tuning increased fitness by 4.871084988700147e-7 to 0.8875621878508545 adjusted 1 weight 
Discovery 238418a5 recorded time 5s 439ms
Generation 20 score 0.8875621878508545  error 0.1124048511503142 avg time 4s 194ms
Training 53cd7557 with 1 binary file, target error: 0.05, iterations: 1, sample rate: 100%, sparse: 100%
Fine tuning increased fitness by 1.4802111536482698e-8 to 0.887562202652966 adjusted 1 weight 
Fine tuning increased fitness by 4.841916867448504e-10 to 0.8875622031371577 adjusted 1 weight 
Discovered beneficial synapse from input-1214 to 2d420cba-66d0-4e4d-8a8f-5b53d503623c with weight -1.0000, helping 35.2% more records than it harms (1648/4613)
Discovery 238418a5 analyze time 8s 733ms found 1 candidates
Discovered harmful synapse from input-1084 to 2d420cba-66d0-4e4d-8a8f-5b53d503623c, harming 35.3% more records than it helps (22/4613)
Discovery 238418a5 analyze harmful time 1s 43ms found 1 candidates
Discovery 238418a5 analyze squashes time 1s 367ms found 1 candidate, Summary: 2d420cba-66d0-4e4d-8a8f-5b53d503623c SELU -> COMPLEMENT improved: 12.5% error: 6.786131361988809e+31 -> 5.939261904685224e+31
Training 5c92645d with 1 binary file, target error: 0.05, iterations: 1, sample rate: 100%, sparse: 100%
Training 73e8b2c7 with 1 binary file, target error: 0.05, iterations: 1, sample rate: 100%, sparse: 100%
Training 723edccc with 1 binary file, target error: 0.05, iterations: 1, sample rate: 100%, sparse: 100%
Training ce762d3d with 1 binary file, target error: 0.05, iterations: 1, sample rate: 100%, sparse: 100%
Generation 30 score 0.8875622031371577  error 0.11240483586401098 avg time 4s 125ms
Training 954d177d with 1 binary file, target error: 0.05, iterations: 1, sample rate: 100%, sparse: 100%
Discovery ca0995eb with 1 binary files, sample rate: 100%, batch size: 512
Discovery ca0995eb initialize time 105ms
Discovery ca0995eb processing .trainData-industry_88/SERVICES-ADVERTISING_AGENCIES/data.bin
Fine tuning increased fitness by 5.9188209888816345e-12 to 0.8875622031430765 adjusted 1 weight 
Training f7a5a907 with 1 binary file, target error: 0.05, iterations: 1, sample rate: 100%, sparse: 100%
Discovery ca0995eb read time 6ms for .trainData-industry_88/SERVICES-ADVERTISING_AGENCIES/data.bin with 4613 records
Discovery ca0995eb scanning time 3s 882ms
Discovery ca0995eb recorded time 4s 959ms
Fine tuning increased fitness by 3.9367398230183426e-11 to 0.8875622031824439 adjusted 1 weight 
Training 2bd5cf1d with 1 binary file, target error: 0.05, iterations: 1, sample rate: 100%, sparse: 100%
Fine tuning increased fitness by 1.6730394847286334e-11 to 0.8875622031991743 adjusted 1 weight 
Discovered beneficial synapse from input-1214 to 2d420cba-66d0-4e4d-8a8f-5b53d503623c with weight -1.0000, helping 35.2% more records than it harms (1648/4613)
Discovery ca0995eb analyze time 8s 619ms found 1 candidates
Discovered harmful synapse from input-1084 to 2d420cba-66d0-4e4d-8a8f-5b53d503623c, harming 35.3% more records than it helps (22/4613)
Discovery ca0995eb analyze harmful time 1s 33ms found 1 candidates
Discovery ca0995eb analyze squashes time 1s 158ms found 1 candidate, Summary: 2d420cba-66d0-4e4d-8a8f-5b53d503623c SELU -> ABSOLUTE improved: 12.5% error: 6.786131361988809e+31 -> 5.939261904685224e+31
Generation 40 score 0.887562212146294  error 0.11240483685487443 avg time 4s 650ms
Generation 42 score 0.887562212146294  error 0.11240483685487443 avg time 759ms
{
  error: 0.11240483685487443,
  score: 0.887562212146294,
  generation: 42,
  time: 182521,
  startScore: 0.887560455515765
}
process WHOLESALE-HARDWARE-PLUMBING-HEATING_EQUIPMENT-SUPPLIES lvl: 3
loaded ../GRQ-portfolio/best/industry/v6/WHOLESALE-HARDWARE-PLUMBING-HEATING_EQUIPMENT-SUPPLIES.json
4 mutations, mutation rate 5.0%, elitism 7, mutation FFW, selection POWER
Creature count: 50
Culling duplicate creature at 1 of 51
DeDuplication of 1 creatures to 50 in 113ms (previous experiment )
Max is too large 1.1559466326634707e+195
Total is too large 1.1559466326634707e+195
Training 8278a125 with 1 binary file, target error: 0.05, iterations: 1, sample rate: 100%, sparse: 100%
Discovery 8278a125 with 1 binary files, sample rate: 100%, batch size: 512
Discovery 8278a125 initialize time 105ms
Discovery 8278a125 processing .trainData-industry_88/WHOLESALE-HARDWARE-PLUMBING-HEATING_EQUIPMENT-SUPPLIES/data.bin
Max is too large 1.1559466326634707e+195
Total is too large 1.1559466326634707e+195
Fine tuning increased fitness by 3.390687519644331e-8 to 0.8972650396249096 adjusted 3 weights 
Discovery 8278a125 read time 7ms for .trainData-industry_88/WHOLESALE-HARDWARE-PLUMBING-HEATING_EQUIPMENT-SUPPLIES/data.bin with 4613 records
Discovery 8278a125 scanning time 10s 32ms
Training d20bcd96 with 1 binary file, target error: 0.05, iterations: 1, sample rate: 100%, sparse: 100%
Discovery 8278a125 recorded time 11s 651ms
Fine tuning increased fitness by 1.45474133850243e-7 to 0.8972651850990434 adjusted 3 weights 
Fine tuning increased fitness by 2.686603211010663e-7 to 0.8972654537593645 adjusted 3 weights 
Remove neuron a5ade7ce-4536-4023-9876-adcd6a4ea04b as no longer connected
Training 80b0516e with 1 binary file, target error: 0.05, iterations: 1, sample rate: 100%, sparse: 100%
Fine tuning increased fitness by 0.00005006827044973239 to 0.8973435831758447 adjusted 5 weights 
Training 9dc80254 with 1 binary file, target error: 0.05, iterations: 1, sample rate: 100%, sparse: 100%
Fine tuning increased fitness by 5.123037075671633e-7 to 0.8973444199265622 adjusted 2 weights 
Training b3c977b0 with 1 binary file, target error: 0.05, iterations: 1, sample rate: 100%, sparse: 100%
Fine tuning increased fitness by 7.916047336520293e-7 to 0.8973452115312959 adjusted 2 weights 
Fine tuning increased fitness by 0.000001525187410478246 to 0.8973467367187064 adjusted 2 weights 
Generation 10 score 0.8973467367187064  error 0.1026144602813702 avg time 5s 933ms
Fine tuning increased fitness by 0.000002920089146707383 to 0.8973496568078531 adjusted 2 weights 
Training a89be767 with 1 binary file, target error: 0.05, iterations: 1, sample rate: 100%, sparse: 100%
Fine tuning increased fitness by 0.000004472687286871668 to 0.8973541294951399 adjusted 2 weights 
Fine tuning increased fitness by 0.000005150093247863197 to 0.8973592795883878 adjusted 2 weights 
Fine tuning increased fitness by 0.000006924948267483799 to 0.8973662045366553 adjusted 2 weights 
Discovered beneficial synapse from input-1194 to 6944d33d-4fdf-4160-b67f-2b5fb4dade79 with weight 1.0000, helping 19.2% more records than it harms (2692/4613)
Discovery 8278a125 analyze time 1m 3s 925ms found 1 candidates
Training 8bf221e9 with 1 binary file, target error: 0.05, iterations: 1, sample rate: 100%, sparse: 100%
Discovered harmful synapse from input-666 to 6944d33d-4fdf-4160-b67f-2b5fb4dade79, harming 19.7% more records than it helps (1796/4613)
Discovery 8278a125 analyze harmful time 3s 349ms found 1 candidates
Discovery 8278a125 analyze squashes time 4s 311ms found 0 candidates
Discovery d8a76fdc with 1 binary files, sample rate: 100%, batch size: 512
Discovery d8a76fdc initialize time 107ms
Discovery d8a76fdc processing .trainData-industry_88/WHOLESALE-HARDWARE-PLUMBING-HEATING_EQUIPMENT-SUPPLIES/data.bin
Training 3f5cc4f7 with 1 binary file, target error: 0.05, iterations: 1, sample rate: 100%, sparse: 100%
Discovery d8a76fdc read time 8ms for .trainData-industry_88/WHOLESALE-HARDWARE-PLUMBING-HEATING_EQUIPMENT-SUPPLIES/data.bin with 4613 records
Discovery d8a76fdc scanning time 10s 398ms
Discovery d8a76fdc recorded time 11s 630ms
Fine tuning increased fitness by 1.686877698636735e-7 to 0.8973720423450143 adjusted 3 weights 
Training 257f8502 with 1 binary file, target error: 0.05, iterations: 1, sample rate: 100%, sparse: 100%
Fine tuning increased fitness by 1.1497519492031927e-7 to 0.897372350613872 adjusted 1 weight 
Generation 20 score 0.897372350613872  error 0.10258884638620458 avg time 5s 582ms
Training c037c708 with 1 binary file, target error: 0.05, iterations: 1, sample rate: 100%, sparse: 100%
Fine tuning increased fitness by 3.367441347990052e-8 to 0.8973730187754809 adjusted 3 weights 
Fine tuning increased fitness by 4.782262363889345e-10 to 0.8973730223524449 adjusted 1 weight 
Training df1b0191 with 1 binary file, target error: 0.05, iterations: 1, sample rate: 100%, sparse: 100%
Compacting increased fitness by 2.04669758252507e-7 to 0.8973732270222031 neurons: 129 was: 130 synapses: 2577 was: 2579
Training dcf0f334 with 1 binary file, target error: 0.05, iterations: 1, sample rate: 100%, sparse: 100%
Discovered beneficial synapse from input-948 to 3ce44e20-fe20-4cb4-a24a-70a4b1ebbb2a with weight -1.0000, helping 13.8% more records than it harms (2561/4613)
Discovery d8a76fdc analyze time 53s 960ms found 1 candidates
Discovered harmful synapse from input-654 to 3ce44e20-fe20-4cb4-a24a-70a4b1ebbb2a, harming 12.8% more records than it helps (1946/4613)
Discovery d8a76fdc analyze harmful time 2s 955ms found 1 candidates
Fine tuning increased fitness by 3.62040051271606e-8 to 0.897373287113105 adjusted 2 weights 
Discovery d8a76fdc analyze squashes time 3s 635ms found 0 candidates
Fine tuning increased fitness by 7.908059385108857e-8 to 0.8973733661936989 adjusted 2 weights 
Generation 30 score 0.8973733661936989  error 0.10258794080637765 avg time 5s 388ms
Fine tuning increased fitness by 2.17711182637359e-7 to 0.8973735839048815 adjusted 2 weights 
Fine tuning increased fitness by 6.857317346176117e-7 to 0.8973742696366162 adjusted 2 weights 
Fine tuning increased fitness by 0.000001236114104741226 to 0.8973755057507209 adjusted 2 weights 
Remove neuron f338cbfd-be5d-4cb1-bf80-22a9f880544d as no longer connected
Generation 33 score 0.8973755057507209  error 0.10258580124935565 avg time 1s 487ms
{
  error: 0.10258580124935565,
  score: 0.8973755057507209,
  generation: 33,
  time: 184168,
  startScore: 0.8972650057180344
}
🧹 Cleaning up any inconsistent git state
✅ Git state cleanup completed
✅ Already on proper branch: main
From github.com:stSoftwareAU/GRQ-industryV2
   428c573..e6fd82d  main       -> origin/main
Updating 428c573..e6fd82d
Created autostash: cb30c23
Fast-forward
 v6/AIR_TRANSPORTATION_NONSCHEDULED.json            |  199 +-
 v6/CABLE-OTHER_PAY_TELEVISION_SERVICES.json        | 1162 +++++--
 v6/MISCELLANEOUS_PRODUCTS_OF_PETROLEUM-COAL.json   |  422 +--
 v6/OPHTHALMIC_GOODS.json                           | 2239 +++----------
 ...IL-LUMBER-OTHER_BUILDING_MATERIALS_DEALERS.json | 1506 +++++----
 v6/SAUSAGES-OTHER_PREPARED_MEAT_PRODUCTS.json      | 1290 +++++++-
 v6/SERVICES-CHILD_DAY_CARE_SERVICES.json           | 3352 ++------------------
 v6/SERVICES-COMPUTER_PROGRAMMING_SERVICES.json     |  416 +--
 v6/SERVICES-HOSPITALS.json                         |  159 +-
 v6/WHOLESALE-MACHINERY_EQUIPMENT-SUPPLIES.json     |  100 +-
 10 files changed, 4012 insertions(+), 6833 deletions(-)
Applied autostash.
✅ Already on proper branch: main
📦 Changes detected — staging files and validating JSON
[0;32m🔍 Validating staged JSON files...[0m
[0;32m🔍 Validating: v6/ACCIDENT-HEALTH_INSURANCE.json[0m
[0;32m   ✅ PASSED: File is valid[0m
[0;32m🔍 Validating: v6/AIRCRAFT_PARTS-AUXILIARY_EQUIPMENT_NEC.json[0m
[0;32m   ✅ PASSED: File is valid[0m
[0;32m🔍 Validating: v6/BEVERAGES.json[0m
[0;32m   ✅ PASSED: File is valid[0m
[0;32m🔍 Validating: v6/DRILLING_OIL-GAS_WELLS.json[0m
[0;32m   ✅ PASSED: File is valid[0m
[0;32m🔍 Validating: v6/FABRICATED_PLATE_WORK_BOILER_SHOPS.json[0m
[0;32m   ✅ PASSED: File is valid[0m
[0;32m🔍 Validating: v6/MISCELLANEOUS_FOOD_PREPARATIONS-KINDRED_PRODUCTS.json[0m
[0;32m   ✅ PASSED: File is valid[0m
[0;32m🔍 Validating: v6/MISCELLANEOUS_PLASTICS_PRODUCTS.json[0m
[0;32m   ✅ PASSED: File is valid[0m
[0;32m🔍 Validating: v6/SERVICES-ADVERTISING_AGENCIES.json[0m
[0;32m   ✅ PASSED: File is valid[0m
[0;32m🔍 Validating: v6/WHOLESALE-HARDWARE-PLUMBING-HEATING_EQUIPMENT-SUPPLIES.json[0m
[0;32m   ✅ PASSED: File is valid[0m
[0;32m🔍 Validating: v6/X-RAY_APPARATUS-TUBES-RELATED_IRRADIATION_APPARATUS.json[0m
[0;32m   ✅ PASSED: File is valid[0m
[0;32m✅ All staged JSON files are valid[0m
✅ JSON validation passed — committing
✅ Already on proper branch: main
🔍 Pre-commit state:
🔍 Current Git State:
  Branch: main
  Commit: e6fd82dd92e4e0cbf3dffa4eba21c0475618f88b
  Status:
M  v6/ACCIDENT-HEALTH_INSURANCE.json
M  v6/AIRCRAFT_PARTS-AUXILIARY_EQUIPMENT_NEC.json
M  v6/BEVERAGES.json
M  v6/DRILLING_OIL-GAS_WELLS.json
M  v6/FABRICATED_PLATE_WORK_BOILER_SHOPS.json
  Remote branches:
  origin/HEAD -> origin/main
  origin/main
[main 466ed3e] ip-10-0-33-238 Improved Industry models
 10 files changed, 8203 insertions(+), 21926 deletions(-)
🛡️ Preventing merge conflicts with aggressive strategy...
📦 Local commits detected (1 ahead) - using force push to prevent conflicts
To github.com:stSoftwareAU/GRQ-industryV2.git
   e6fd82d..466ed3e  main -> main
✅ Force push succeeded - conflicts prevented
✅ Conflict prevention succeeded
🧹 Performing final git cleanup on exit...
✅ Final cleanup completed
📥 Pulling GRQ-health with --ours strategy...
From github.com:stSoftwareAU/GRQ-health
   b306a81..a0973b3  Develop    -> origin/Develop
📦 No local changes or untracked files - checking remote state
🔄 Resetting to remote state (commit: a0973b37)
HEAD is now at a0973b3 Update health status for ip-10-0-41-142 at Wed Aug  6 06:46:27 AM UTC 2025
✅ Successfully reset to remote state - all models updated by another machine
✅ GRQ-health pull succeeded in 8 seconds
Updating health information...
Updated health information for ip-10-0-33-238
