scorer scores index guard abort: FAIL marker keeps exit non-zero, pushes GRQ-logs trace, skips health (AC1-3) ... [0m[32mok[0m [0m[38;5;245m(17ms)[0m
reporting-only failure (no FAIL marker): downgraded to success, health runs, no GRQ-logs trace (AC4) ... [0m[32mok[0m [0m[38;5;245m(12ms)[0m
[0m[38;5;245mrunning 8 tests from ./test/worker/ScorerMarketDataAndTimezone.ts[0m
check_sydney_timezone.sh helpers behave correctly (harness) ... [0m[32mok[0m [0m[38;5;245m(13ms)[0m
worker/scorer/task.sh aborts on a non-Sydney host ... [0m[32mok[0m [0m[38;5;245m(3ms)[0m
worker/score.sh aborts on a non-Sydney host ... [0m[32mok[0m [0m[38;5;245m(3ms)[0m
repos.sh finishUp prints a set-u-safe human-readable duration ... [0m[32mok[0m [0m[38;5;245m(9ms)[0m
repos.sh rejects an unknown flag with a usage message ... [0m[32mok[0m [0m[38;5;245m(5ms)[0m
repos.sh --require-market-data succeeds when fetches succeed ... [0m[32mok[0m [0m[38;5;245m(603ms)[0m
repos.sh --require-market-data aborts before fetching when market data fails ... [0m[32mok[0m [0m[38;5;245m(364ms)[0m
repos.sh without --require-market-data continues past a market-data failure ... [0m[32mok[0m [0m[38;5;245m(537ms)[0m
[0m[38;5;245mrunning 6 tests from ./test/worker/ScorerTaskHeapStability.ts[0m
issue #2163: worker/scorer/task.sh sources memory_calc.sh ... [0m[32mok[0m [0m[38;5;245m(576µs)[0m
issue #2163: task.sh sources memory_calc.sh BEFORE invoking score.sh / score_client.sh ... [0m[32mok[0m [0m[38;5;245m(229µs)[0m
issue #2163: memory_calc.sh preserves a parent-exported MAX_HEAP_SIZE ... [0m[32mok[0m [0m[38;5;245m(4ms)[0m
issue #2163: child invocation inherits parent MAX_HEAP_SIZE despite low available memory ... [0m[32mok[0m [0m[38;5;245m(7ms)[0m
issue #2243: 16 GB scorer host floored at 4096 MB and logged ... [0m[32mok[0m [0m[38;5;245m(5ms)[0m
issue #2243: worker/scorer/task.sh logs host-detail MAX_HEAP_SIZE line ... [0m[32mok[0m [0m[38;5;245m(242µs)[0m
[0m[38;5;245mrunning 1 test from ./test/worker/ScoresIndexGuard.ts[0m
worker/shared/scores_index_guard.sh — blocks dashboard index regressions (#3100) ... [0m[32mok[0m [0m[38;5;245m(545ms)[0m
[0m[38;5;245mrunning 1 test from ./test/worker/ScoringProvenance.ts[0m
scoring-provenance — native / js-fallback / missing fingerprints ... [0m[32mok[0m [0m[38;5;245m(70ms)[0m
[0m[38;5;245mrunning 10 tests from ./test/worker/SegfaultDiagnostics_2355.ts[0m
Segfault diagnostics: prints native-crash banner ... [0m[32mok[0m [0m[38;5;245m(12ms)[0m
Segfault diagnostics: includes configured heap size ... [0m[32mok[0m [0m[38;5;245m(9ms)[0m
Segfault diagnostics: includes system memory state section ... [0m[32mok[0m [0m[38;5;245m(9ms)[0m
Segfault diagnostics: includes total RAM when helper available ... [0m[32mok[0m [0m[38;5;245m(7ms)[0m
Segfault diagnostics: reports host architecture ... [0m[32mok[0m [0m[38;5;245m(10ms)[0m
Segfault diagnostics: reports rust_scorer-related env vars ... [0m[32mok[0m [0m[38;5;245m(9ms)[0m
Segfault diagnostics: safe under set -euo pipefail with no env vars set ... [0m[32mok[0m [0m[38;5;245m(9ms)[0m
Segfault diagnostics: no false positive when no crash report files exist ... [0m[32mok[0m [0m[38;5;245m(9ms)[0m
Segfault diagnostics: defaults heap size to 'unknown' when omitted ... [0m[32mok[0m [0m[38;5;245m(9ms)[0m
Segfault diagnostics: surfaces existing macOS crash reports newer than start ... [0m[32mok[0m [0m[38;5;245m(13ms)[0m
[0m[38;5;245mrunning 5 tests from ./test/worker/SegfaultFixture_2357.ts[0m
Segfault fixture: creates the timestamped directory under .tmp/segfault-fixtures ... [0m[32mok[0m [0m[38;5;245m(8ms)[0m
Segfault fixture: writes params.json with the supplied JSON body ... [0m[32mok[0m [0m[38;5;245m(5ms)[0m
Segfault fixture: tolerates empty JSON body by defaulting to {} ... [0m[32mok[0m [0m[38;5;245m(5ms)[0m
Segfault fixture: nests fixtures under per-worker label so labels do not collide ... [0m[32mok[0m [0m[38;5;245m(12ms)[0m
Segfault fixture: helper runs safely under set -euo pipefail ... [0m[32mok[0m [0m[38;5;245m(5ms)[0m
[0m[38;5;245mrunning 5 tests from ./test/worker/Sha256Wrapper.ts[0m
portable_sha256sum hashes a file correctly ... [0m[32mok[0m [0m[38;5;245m(6ms)[0m
portable_sha256sum produces consistent hash across invocations ... [0m[32mok[0m [0m[38;5;245m(6ms)[0m
portable_sha256sum handles multiple files ... [0m[32mok[0m [0m[38;5;245m(3ms)[0m
SHA256SUM array works with find -exec ... [0m[32mok[0m [0m[38;5;245m(4ms)[0m
portable_sha256sum fails gracefully with no tool ... [0m[32mok[0m [0m[38;5;245m(1ms)[0m
[0m[38;5;245mrunning 5 tests from ./test/worker/ShouldPushToRemote.ts[0m
should_push_to_remote returns true when HEAD is ahead of origin/main ... [0m[32mok[0m [0m[38;5;245m(270ms)[0m
should_push_to_remote returns false when HEAD == origin/main (no commits ahead) ... [0m[32mok[0m [0m[38;5;245m(345ms)[0m
should_push_to_remote returns false when HEAD is behind origin/main ... [0m[32mok[0m [0m[38;5;245m(335ms)[0m
should_push_to_remote returns true when origin/<branch> does not exist ... [0m[32mok[0m [0m[38;5;245m(265ms)[0m
should_push_to_remote returns false when called without a branch argument ... [0m[32mok[0m [0m[38;5;245m(216ms)[0m
[0m[38;5;245mrunning 1 test from ./test/worker/SidecarCleanup.ts[0m
worker/shared — sidecar cleanup bash tests pass ... [0m[32mok[0m [0m[38;5;245m(407ms)[0m
[0m[38;5;245mrunning 1 test from ./test/worker/SingleCommitCheckin.ts[0m
worker/shared/single_commit_checkin.sh — one run = at most one commit (#2616) ... [0m[32mok[0m [0m[38;5;245m(1s)[0m
[0m[38;5;245mrunning 1 test from ./test/worker/SquashWeightsParity.ts[0m
bash and Deno read the same curated table (#3744) ... [0m[31mFAILED[0m [0m[38;5;245m(17ms)[0m
[0m[38;5;245mrunning 3 tests from ./test/worker/StageFailMarkerHelpers.ts[0m
grq_source_or_fail: missing file emits FAIL marker and exits non-zero ... [0m[32mok[0m [0m[38;5;245m(5ms)[0m
grq_fail_loud_exit_trap: non-zero exit emits task marker to node log ... [0m[32mok[0m [0m[38;5;245m(2ms)[0m
grq_discovery_health_stamp: summary + update_health_repo Discovery ... [0m[32mok[0m [0m[38;5;245m(2ms)[0m
[0m[38;5;245mrunning 3 tests from ./test/worker/StageFailMarkerSymlinkIsolation.ts[0m
stage_fail_marker: no NODE_PID must not write through the node.log symlink into a foreign log (#3758) ... [0m[32mok[0m [0m[38;5;245m(6ms)[0m
stage_fail_marker: NODE_PID marker lands in its own log, not the symlink target (#3758) ... [0m[32mok[0m [0m[38;5;245m(3ms)[0m
stage_fail_marker: a plain node.log still receives markers (#3758 positive control) ... [0m[32mok[0m [0m[38;5;245m(2ms)[0m
[0m[38;5;245mrunning 8 tests from ./test/worker/StageFailureContext.ts[0m
stage_failure_context — captures the failing stage even when a later stage dominates the tail ... [0m[32mok[0m [0m[38;5;245m(9ms)[0m
stage_failure_context — respects before/after sizes and clamps start to line 1 ... [0m[32mok[0m [0m[38;5;245m(5ms)[0m
stage_failure_context — earliest FAIL wins when several stages fail ... [0m[32mok[0m [0m[38;5;245m(5ms)[0m
stage_failure_context — no well-formed FAIL line yields empty output ... [0m[32mok[0m [0m[38;5;245m(4ms)[0m
stage_failure_context — missing / no-arg log path is safe and empty ... [0m[32mok[0m [0m[38;5;245m(3ms)[0m
stage_failure_context — env overrides set the window size ... [0m[32mok[0m [0m[38;5;245m(6ms)[0m
stage_failure_context — window skips markers from earlier cycles ... [0m[32mok[0m [0m[38;5;245m(6ms)[0m
stage_failure_context — stale-only log yields empty output for a clean cycle ... [0m[32mok[0m [0m[38;5;245m(4ms)[0m
[0m[38;5;245mrunning 2 tests from ./test/worker/StageFailureCycleScope.ts[0m
node.sh cycle scope: a green cycle after a failed cycle reports green (#3758) ... [0m[32mok[0m [0m[38;5;245m(59ms)[0m
node.sh cycle scope: a real failure in the current cycle is still reported red (#3758) ... [0m[32mok[0m [0m[38;5;245m(20ms)[0m
[0m[38;5;245mrunning 13 tests from ./test/worker/StageFailureHealth.ts[0m
stage_failure_health — zero-failure log emits OK summary ... [0m[32mok[0m [0m[38;5;245m(6ms)[0m
stage_failure_health — one-failure log extracts stage and exit code ... [0m[32mok[0m [0m[38;5;245m(7ms)[0m
stage_failure_health — multiple FAIL stages report earliest hit ... [0m[32mok[0m [0m[38;5;245m(7ms)[0m
stage_failure_health — malformed FAIL lines are ignored ... [0m[32mok[0m [0m[38;5;245m(7ms)[0m
stage_failure_health — missing log path is safe ... [0m[32mok[0m [0m[38;5;245m(1ms)[0m
stage_failure_health — no log path argument is safe ... [0m[32mok[0m [0m[38;5;245m(1ms)[0m
stage_failure_health — stale markers before the cycle start are not counted ... [0m[32mok[0m [0m[38;5;245m(7ms)[0m
stage_failure_health — a marker emitted in the current cycle still counts, with its absolute line ... [0m[32mok[0m [0m[38;5;245m(11ms)[0m
stage_failure_health — cycle start honoured via GRQ_NODE_LOG_CYCLE_START_LINE ... [0m[32mok[0m [0m[38;5;245m(7ms)[0m
stage_failure_health — a truncated log fails loud and rescans the whole file ... [0m[32mok[0m [0m[38;5;245m(9ms)[0m
stage_failure_health_cycle_start_line — reports the current line count ... [0m[32mok[0m [0m[38;5;245m(5ms)[0m
stage_failure_health_last_stage_line — only reports this cycle's stage lines ... [0m[32mok[0m [0m[38;5;245m(6ms)[0m
stage_failure_health — checked-in fixture parses to a single failure ... [0m[32mok[0m [0m[38;5;245m(7ms)[0m
[0m[38;5;245mrunning 4 tests from ./test/worker/StageFailureSandboxGuard.ts[0m
run_stage refuses to write a stage-failure record to a non-sandbox dir under SANDBOX_ONLY (#3358) ... [0m[32mok[0m [0m[38;5;245m(17ms)[0m
run_stage writes the record when the dir is marked a sandbox under SANDBOX_ONLY (#3358) ... [0m[32mok[0m [0m[38;5;245m(20ms)[0m
run_stage production behaviour is unchanged when SANDBOX_ONLY is unset (#3358) ... [0m[32mok[0m [0m[38;5;245m(21ms)[0m
run_stage never writes when GRQ_STAGE_FAILURE_DIR is unset, guard or not (#3358) ... [0m[32mok[0m [0m[38;5;245m(8ms)[0m
[0m[38;5;245mrunning 14 tests from ./test/worker/StatisticsSnapshot.ts[0m
write_statistics_snapshot copies .result.json to a dated per-host UTC path ... [0m[32mok[0m [0m[38;5;245m(27ms)[0m
write_statistics_snapshot records requested vs effective populationSize and the learn task (#3711) ... [0m[32mok[0m [0m[38;5;245m(18ms)[0m
write_statistics_snapshot derives task=sampler from a sampler-shaped result (#3711) ... [0m[32mok[0m [0m[38;5;245m(18ms)[0m
write_statistics_snapshot is additive — every pre-existing field survives unchanged (#3711) ... [0m[32mok[0m [0m[38;5;245m(20ms)[0m
write_statistics_snapshot falls back to the legacy population stamp and records task=unknown (#3711) ... [0m[32mok[0m [0m[38;5;245m(19ms)[0m
write_statistics_snapshot fails loud on malformed result JSON (#3711) ... [0m[32mok[0m [0m[38;5;245m(5ms)[0m
write_statistics_snapshot soft-skips thin results missing plateau fields (#3787) ... [0m[32mok[0m [0m[38;5;245m(6ms)[0m
write_statistics_snapshot soft-skips a missing/empty result file (rc 0, no output) ... [0m[32mok[0m [0m[38;5;245m(2ms)[0m
write_statistics_snapshot fails loud on missing arguments (rc 1) ... [0m[32mok[0m [0m[38;5;245m(2ms)[0m
write_statistics_snapshot fails loud when the cluster dir is absent (rc 1) ... [0m[32mok[0m [0m[38;5;245m(2ms)[0m
prune_statistics_snapshots deletes snapshots older than the cutoff and keeps recent ones ... [0m[32mok[0m [0m[38;5;245m(12ms)[0m
prune_statistics_snapshots is a soft skip when no statistics dir exists (rc 0) ... [0m[32mok[0m [0m[38;5;245m(2ms)[0m
prune_statistics_snapshots fails loud on an invalid max_age_days (rc 1) ... [0m[32mok[0m [0m[38;5;245m(2ms)[0m
cluster.sh sources statistics_snapshot.sh and records snapshots in both commit paths ... [0m[32mok[0m [0m[38;5;245m(156µs)[0m
[0m[38;5;245mrunning 3 tests from ./test/worker/SyncTrainingS3LogAppend.ts[0m
sync script appends to log file instead of truncating ... [0m[32mok[0m [0m[38;5;245m(8ms)[0m
sync script uses portable_readlink_f instead of readlink -f ... [0m[32mok[0m [0m[38;5;245m(9ms)[0m
prune_old_training_files uses portable_readlink_f ... [0m[32mok[0m [0m[38;5;245m(13ms)[0m
[0m[38;5;245mrunning 7 tests from ./test/worker/SystemMemoryPressureDiagnostics.ts[0m
System memory pressure diagnostics: outputs system memory pressure header ... [0m[32mok[0m [0m[38;5;245m(8ms)[0m
System memory pressure diagnostics: explains OS memory pressure cause ... [0m[32mok[0m [0m[38;5;245m(6ms)[0m
System memory pressure diagnostics: includes configured heap size ... [0m[32mok[0m [0m[38;5;245m(6ms)[0m
System memory pressure diagnostics: includes system memory state ... [0m[32mok[0m [0m[38;5;245m(5ms)[0m
System memory pressure diagnostics: distinct from OOM kill diagnostics ... [0m[32mok[0m [0m[38;5;245m(11ms)[0m
System memory pressure diagnostics: suggests the process exited before suspension ... [0m[32mok[0m [0m[38;5;245m(6ms)[0m
System memory pressure diagnostics: includes total RAM when get_total_memory_gb available ... [0m[32mok[0m [0m[38;5;245m(4ms)[0m
[0m[38;5;245mrunning 1 test from ./test/worker/TaskBudget.ts[0m
worker/shared/task_budget.sh — budget helpers behave correctly ... [0m[32mok[0m [0m[38;5;245m(27ms)[0m
[0m[38;5;245mrunning 5 tests from ./test/worker/TaskDataFailureMarker.ts[0m
taskData failure writes a [stage] FAIL marker that survives reconciliation ... [0m[32mok[0m [0m[38;5;245m(1s)[0m
taskData fail-soft: later scripts still run and every failure is marked ... [0m[32mok[0m [0m[38;5;245m(1s)[0m
taskData success writes no [stage] FAIL marker (health.sh path preserved) ... [0m[32mok[0m [0m[38;5;245m(812ms)[0m
taskData stocks exit 42 (partial success) writes no [stage] FAIL marker ... [0m[32mok[0m [0m[38;5;245m(905ms)[0m
taskData exit 124 (wall-clock cap) writes no [stage] FAIL marker ... [0m[32mok[0m [0m[38;5;245m(924ms)[0m
[0m[38;5;245mrunning 3 tests from ./test/worker/TaskDataSelfHeal.ts[0m
taskData.sh sources git_self_heal and runs healing before training ... [0m[32mok[0m [0m[38;5;245m(80ms)[0m
taskData.sh trap cleans up PID file on SIGTERM ... [0m[32mok[0m [0m[38;5;245m(10s)[0m
taskData.sh creates PID file with correct content ... [0m[32mok[0m [0m[38;5;245m(18ms)[0m
[0m[38;5;245mrunning 8 tests from ./test/worker/TaskDataStageOrder.ts[0m
stage order: all five stages run exactly once regardless of grouping ... [0m[32mok[0m [0m[38;5;245m(934ms)[0m
stage order: missing datasets run before present datasets ... [0m[32mok[0m [0m[38;5;245m(701ms)[0m
stage order: a single missing dataset is fast-tracked to the front ... [0m[32mok[0m [0m[38;5;245m(719ms)[0m
stage order: a partial dataset (some .bin) counts as present ... [0m[32mok[0m [0m[38;5;245m(680ms)[0m
stage order: stocks keeps allow_partial (exit 42 = PARTIAL) even when reordered first ... [0m[32mok[0m [0m[38;5;245m(706ms)[0m
stage order: an absent dataset dir is missing and fast-tracked ... [0m[32mok[0m [0m[38;5;245m(795ms)[0m
stage order: falls back to a plain shuffle when dirs cannot be resolved ... [0m[32mok[0m [0m[38;5;245m(717ms)[0m
stage order: within-group order is randomised across runs (#3610) ... [0m[32mok[0m [0m[38;5;245m(8s)[0m
[0m[38;5;245mrunning 5 tests from ./test/worker/TaskDataStageSummary.ts[0m
taskData summary: FX success is not invalidated by an earlier stocks failure ... [0m[32mok[0m [0m[38;5;245m(816ms)[0m
taskData summary: all stages succeed → every stage reported SUCCESS ... [0m[32mok[0m [0m[38;5;245m(567ms)[0m
taskData terminal status: failed run names the stage and omits the contradictory 'completed' line (#3192) ... [0m[32mok[0m [0m[38;5;245m(572ms)[0m
taskData terminal status: successful run prints 'completed' and no FAILED line (#3192) ... [0m[32mok[0m [0m[38;5;245m(570ms)[0m
taskData summary: stocks exit 42 is reported PARTIAL, not FAILED ... [0m[32mok[0m [0m[38;5;245m(565ms)[0m
[0m[38;5;245mrunning 4 tests from ./test/worker/TeamEmoji.ts[0m
team_rules — emoji and demonym from rules.properties ... [0m[32mok[0m [0m[38;5;245m(51ms)[0m
run.sh sources team_rules.sh for welcome lines ... [0m[32mok[0m [0m[38;5;245m(457µs)[0m
checkin-sample.sh uses team_emoji for commit NAME ... [0m[32mok[0m [0m[38;5;245m(138µs)[0m
team_rules.sh documents rules.properties keys ... [0m[32mok[0m [0m[38;5;245m(140µs)[0m
[0m[38;5;245mrunning 4 tests from ./test/worker/TeamRepoPushConflictResolution.ts[0m
team repo push resolves conflicts when rival pushes first ... [0m[32mok[0m [0m[38;5;245m(394ms)[0m
team repo push cleans stale rebase state before retry ... [0m[32mok[0m [0m[38;5;245m(867ms)[0m
team repo push uses --autostash flag ... [0m[32mok[0m [0m[38;5;245m(395ms)[0m
team repo push cleans git state on final failure ... [0m[32mok[0m [0m[38;5;245m(832ms)[0m
[0m[38;5;245mrunning 4 tests from ./test/worker/TeamsCheckinFormatJson.ts[0m
format_creature_json: pretty-prints with 1-space indentation (#2459) ... [0m[32mok[0m [0m[38;5;245m(11ms)[0m
format_creature_json: preserves semantic content (whitespace only) (#2459) ... [0m[32mok[0m [0m[38;5;245m(7ms)[0m
format_creature_json: falls back to verbatim copy when jq fails (#2459) ... [0m[32mok[0m [0m[38;5;245m(6ms)[0m
format_creature_json: errors when source file is missing (#2459) ... [0m[32mok[0m [0m[38;5;245m(1ms)[0m
[0m[38;5;245mrunning 1 test from ./test/worker/TeamsCheckinHealGate.ts[0m
teams check-in — healed restores suppressed, evolution still commits ... [0m[32mok[0m [0m[38;5;245m(1s)[0m
[0m[38;5;245mrunning 6 tests from ./test/worker/TeamsCheckinPerStageFile.ts[0m
checkin.sh writes <HOST>-<pct>.json when STAGE_PCT is supplied (#2430) ... [0m[32mok[0m [0m[38;5;245m(10ms)[0m
checkin.sh defaults to the legacy <HOST>-1.json slot when STAGE_PCT is omitted (#2430) ... [0m[32mok[0m [0m[38;5;245m(7ms)[0m
checkin.sh per-rate score gate: skips when new score is not strictly better (#2430) ... [0m[32mok[0m [0m[38;5;245m(13ms)[0m
checkin.sh per-rate score gate: accepts strict improvement at the same rate (#2430) ... [0m[32mok[0m [0m[38;5;245m(15ms)[0m
checkin.sh: a 5%-rate champion does not collide with a 100%-rate champion for the same host (#2430) ... [0m[32mok[0m [0m[38;5;245m(9ms)[0m
checkin.sh script accepts an optional third STAGE_PCT argument (#2430) ... [0m[32mok[0m [0m[38;5;245m(283µs)[0m
[0m[38;5;245mrunning 5 tests from ./test/worker/TeamsCheckinScoreMessage.ts[0m
teams check-in: commit subject states 6 s.f. score and signed delta (#3735) ... [0m[32mok[0m [0m[38;5;245m(36ms)[0m
teams check-in: delta is against the replaced champion, not the new file (#3735) ... [0m[32mok[0m [0m[38;5;245m(32ms)[0m
teams check-in: first check-in omits the improved-by clause (#3735) ... [0m[32mok[0m [0m[38;5;245m(20ms)[0m
teams check-in: score is 6 significant figures, not 5 decimal places (#3735) ... [0m[32mok[0m [0m[38;5;245m(20ms)[0m
teams check-in: retry subject keeps the score wording and attempt (#3735) ... [0m[32mok[0m [0m[38;5;245m(5ms)[0m
[0m[38;5;245mrunning 6 tests from ./test/worker/TeamsPurgePartialRateChampions.ts[0m
partial-rate sweep lists only the 5/25/50 champions (#3748) ... [0m[32mok[0m [0m[38;5;245m(21ms)[0m
purge removes the partial-rate champions and nothing else (#3748) ... [0m[32mok[0m [0m[38;5;245m(24ms)[0m
purge is idempotent: a clean archive removes nothing (#3748) ... [0m[32mok[0m [0m[38;5;245m(33ms)[0m
purge fails loudly when the archive is missing (#3748) ... [0m[32mok[0m [0m[38;5;245m(2ms)[0m
purge script commits and pushes the removal once (#3748) ... [0m[32mok[0m [0m[38;5;245m(703ms)[0m
purge script fails loudly when the checkout is missing (#3748) ... [0m[32mok[0m [0m[38;5;245m(5ms)[0m
[0m[38;5;245mrunning 13 tests from ./test/worker/TeamsRunEvolutionMode.ts[0m
teams/run.sh: BEGIN_EVOLUTION_MODE / END_EVOLUTION_MODE anchors exist ... [0m[32mok[0m [0m[38;5;245m(584µs)[0m
teams/run.sh: evolution-mode block sources worker/shared/evolution_mode.sh ... [0m[32mok[0m [0m[38;5;245m(350µs)[0m
teams/run.sh: deno run Learn argv splices EVOLUTION_MODE_FLAGS array ... [0m[32mok[0m [0m[38;5;245m(166µs)[0m
teams/run.sh: evolution-mode block sits BEFORE the stage for-loop ... [0m[32mok[0m [0m[38;5;245m(498µs)[0m
teams/run.sh evolution-mode block: random path picks 6-bit label and exports it ... [0m[32mok[0m [0m[38;5;245m(8ms)[0m
teams/run.sh evolution-mode block: EVOLUTION_MODE inherits to subprocesses (record_performance.sh / checkin.sh) ... [0m[32mok[0m [0m[38;5;245m(7ms)[0m
teams/run.sh evolution-mode block: EVOLUTION_MODE=101010 pins label and flags ... [0m[32mok[0m [0m[38;5;245m(5ms)[0m
teams/run.sh evolution-mode block: all four stages of one run share the same mode label ... [0m[32mok[0m [0m[38;5;245m(5ms)[0m
teams/run.sh evolution-mode block: flags splice alongside existing Learn argv ... [0m[32mok[0m [0m[38;5;245m(5ms)[0m
teams/run.sh: loop_manifest_record_completed records evolution_mode ... [0m[32mok[0m [0m[38;5;245m(5ms)[0m
teams/run.sh: loop_manifest_record_crashed records evolution_mode ... [0m[32mok[0m [0m[38;5;245m(5ms)[0m
teams/run.sh: manifest helpers default evolution_mode to empty string when env unset ... [0m[32mok[0m [0m[38;5;245m(7ms)[0m
teams/run.sh: evolution_mode survives a synthetic loop-2 SIGILL crash ... [0m[32mok[0m [0m[38;5;245m(719ms)[0m
[0m[38;5;245mrunning 4 tests from ./test/worker/TeamsRunFinalSafetyCheck.ts[0m
safety check: one bad file is removed and worker continues (#1742) ... [0m[32mok[0m [0m[38;5;245m(34ms)[0m
safety check: all bad files -> removed, worker aborts with clear message (#1742) ... [0m[32mok[0m [0m[38;5;245m(21ms)[0m
safety check: all good files -> no removal, worker continues (#1742) ... [0m[32mok[0m [0m[38;5;245m(24ms)[0m
safety check: strict regex still rejects 1.x, 0.x, and malformed versions (#1742) ... [0m[32mok[0m [0m[38;5;245m(39ms)[0m
[0m[38;5;245mrunning 3 tests from ./test/worker/TeamsRunFinalSafetyCheckSelfHeal.ts[0m
self-heal: isolated + empty CREATURES_DIR + non-empty TEAM_DIR → re-copy recovers and continues (#1816) ... [0m[32mok[0m [0m[38;5;245m(77ms)[0m
self-heal: isolated + empty CREATURES_DIR + empty TEAM_DIR → aborts with distinct re-copy-attempted message (#1816) ... [0m[32mok[0m [0m[38;5;245m(10ms)[0m
self-heal: shared mode (TEAM_ISOLATED=0) + empty CREATURES_DIR → still aborts, no re-copy attempted (#1816) ... [0m[32mok[0m [0m[38;5;245m(6ms)[0m
[0m[38;5;245mrunning 5 tests from ./test/worker/TeamsRunForwardOnlyCheck.ts[0m
upgrade(): forwardOnly:true survives — emits exactly one [forward-only-check] action=kept ... [0m[32mok[0m [0m[38;5;245m(22ms)[0m
upgrade(): forwardOnly:false is removed — emits exactly one [forward-only-check] action=removed ... [0m[32mok[0m [0m[38;5;245m(15ms)[0m
upgrade(): missing forwardOnly is removed — emits exactly one [forward-only-check] status=missing action=removed ... [0m[32mok[0m [0m[38;5;245m(15ms)[0m
final safety check: forwardOnly:true file survives, forwardOnly:false and missing are removed (#2002) ... [0m[32mok[0m [0m[38;5;245m(35ms)[0m
final safety check: every creature missing forwardOnly → safety check aborts after removing all (#2002) ... [0m[32mok[0m [0m[38;5;245m(26ms)[0m
[0m[38;5;245mrunning 10 tests from ./test/worker/TeamsRunFourStageSchedule.ts[0m
run.sh defines the four-stage schedule (5%/100, 25%/50, 50%/30, 100%/20) (#1893) ... [0m[32mok[0m [0m[38;5;245m(5ms)[0m
run.sh validates LOOPS in [1..MAX_STAGES] and rejects out-of-range values (#1893) ... [0m[32mok[0m [0m[38;5;245m(14ms)[0m
run.sh writes each stage winner to .sampler/<TEAM_NAME>/team-loop-${i}.json (#1893) ... [0m[32mok[0m [0m[38;5;245m(323µs)[0m
run.sh seeds CREATURES_DIR from .sampler/<TEAM_NAME>/team-loop-{1..MAX_STAGES}.json when present (#1893) ... [0m[32mok[0m [0m[38;5;245m(214µs)[0m
run.sh first-run case: missing .sampler/<TEAM_NAME>/ does not error (#1893) ... [0m[32mok[0m [0m[38;5;245m(6ms)[0m
run.sh stage-4 disables discovery sampling and sampler (#1893) ... [0m[32mok[0m [0m[38;5;245m(343µs)[0m
run.sh main loop indexes the schedule arrays by stage (#1893) ... [0m[32mok[0m [0m[38;5;245m(212µs)[0m
run.sh continues to invoke checkin.sh so stage 4 pushes <HOST>-1.json (#1893) ... [0m[32mok[0m [0m[38;5;245m(218µs)[0m
run.sh isolated branch also seeds from per-team team-loop files (#1893) ... [0m[32mok[0m [0m[38;5;245m(247µs)[0m
run.sh GRQ_TEAM_LOOPS=N runs only the first N stages (1..MAX_STAGES) (#1893) ... [0m[32mok[0m [0m[38;5;245m(241µs)[0m
[0m[38;5;245mrunning 2 tests from ./test/worker/TeamsRunHeapSize.ts[0m
issue #2015: 13 GB sloth host MAX_HEAP_SIZE <= 10240 MB ... [0m[32mok[0m [0m[38;5;245m(7ms)[0m
issue #2015: 6 GB GRQ-13 class host MAX_HEAP_SIZE <= 4096 MB ... [0m[32mok[0m [0m[38;5;245m(4ms)[0m
[0m[38;5;245mrunning 3 tests from ./test/worker/TeamsRunIsolatedCrisprEnabled.ts[0m
isolated Europa: LEARN_CREATURES_ARGS is --dir only, no --disableCRISPR (#1943) ... [0m[32mok[0m [0m[38;5;245m(9ms)[0m
isolated branch sets per-team --dir (population isolation preserved) ... [0m[32mok[0m [0m[38;5;245m(466µs)[0m
comment block documents Europa CRISPR-on default and Mars DISABLE_CRISPR opt-out ... [0m[32mok[0m [0m[38;5;245m(422µs)[0m
[0m[38;5;245mrunning 3 tests from ./test/worker/TeamsRunIsolatedDisableCRISPR.ts[0m
isolated Europa: LEARN_CREATURES_ARGS does NOT include --disableCRISPR (#1943) ... [0m[32mok[0m [0m[38;5;245m(9ms)[0m
shared mode: LEARN_CREATURES_ARGS does NOT include --disableCRISPR (#1943) ... [0m[32mok[0m [0m[38;5;245m(1ms)[0m
run.sh threads LEARN_CREATURES_ARGS into the Learn.ts deno invocation (#1943) ... [0m[32mok[0m [0m[38;5;245m(238µs)[0m
[0m[38;5;245mrunning 1 test from ./test/worker/TeamsRunIsolatedHappyPath.ts[0m
isolated pipeline: 50 valid 4.0.0 creatures survive copyNetworks → upgrade → safety check, no abort (#1817) ... [0m[32mok[0m [0m[38;5;245m(1s)[0m
[0m[38;5;245mrunning 2 tests from ./test/worker/TeamsRunIsolatedUpgradeNoSilentSkip.ts[0m
copyNetworks.isolated: mid-loop wipe of CREATURES_DIR still produces an upgrade audit line for every post-copy file (#1818) ... [0m[32mok[0m [0m[38;5;245m(212ms)[0m
copyNetworks.isolated: empty TEAM_DIR still completes cleanly with no upgrade lines (#1818) ... [0m[32mok[0m [0m[38;5;245m(112ms)[0m
[0m[38;5;245mrunning 10 tests from ./test/worker/TeamsRunLoopCrashRecovery.ts[0m
crash_signal_label maps known exit codes to greppable labels ... [0m[32mok[0m [0m[38;5;245m(6ms)[0m
loop_manifest_record_completed writes a JSON manifest ... [0m[32mok[0m [0m[38;5;245m(6ms)[0m
loop_manifest_record_crashed writes a JSON manifest with the signal ... [0m[32mok[0m [0m[38;5;245m(6ms)[0m
snapshot_loop_winner copies CREATURES_DIR/1.json into the manifest dir ... [0m[32mok[0m [0m[38;5;245m(6ms)[0m
loop 1 ok, loop 2 SIGILL: run exits 0, no partial-stage check-in (#2016, #3748) ... [0m[32mok[0m [0m[38;5;245m(367ms)[0m
all loops succeed: each writes a manifest and records performance (#2016) ... [0m[32mok[0m [0m[38;5;245m(422ms)[0m
loop 1 crashes with no prior good loop: run exits 1 (#2016) ... [0m[32mok[0m [0m[38;5;245m(27ms)[0m
loop returns 0 but produces no 1.json: treated as crash (#2016) ... [0m[32mok[0m [0m[38;5;245m(383ms)[0m
full four-stage run checks in exactly once, at the 100% slot (#3748) ... [0m[32mok[0m [0m[38;5;245m(795ms)[0m
stage 4 crashes after stage 3 completed: nothing is checked in (#3748) ... [0m[32mok[0m [0m[38;5;245m(429ms)[0m
[0m[38;5;245mrunning 8 tests from ./test/worker/TeamsRunOomRetry.ts[0m
is_fatal_oom_status recognises SIGTRAP(133) and SIGKILL/OOM(137) ... [0m[32mok[0m [0m[38;5;245m(5ms)[0m
oom_retry_halve_cap halves toward the floor of 1 ... [0m[32mok[0m [0m[38;5;245m(2ms)[0m
first-loop fatal-OOM then success: one step-down, halved pop + cap, exit 0 (#3344) ... [0m[32mok[0m [0m[38;5;245m(7ms)[0m
OS-OOM(137) on first loop also triggers a step-down retry (#3344) ... [0m[32mok[0m [0m[38;5;245m(6ms)[0m
retries are bounded: persistent fatal-OOM stops after TEAMS_OOM_MAX_RETRIES (#3344) ... [0m[32mok[0m [0m[38;5;245m(12ms)[0m
non-OOM first-loop failure is NOT retried — no masking of real errors (#3344) ... [0m[32mok[0m [0m[38;5;245m(3ms)[0m
fatal-OOM with a prior good loop is NOT retried — fall-back path owns it (#3344) ... [0m[32mok[0m [0m[38;5;245m(4ms)[0m
first attempt succeeds: no retry, pop / cap unchanged (#3344) ... [0m[32mok[0m [0m[38;5;245m(4ms)[0m
[0m[38;5;245mrunning 4 tests from ./test/worker/TeamsRunOomSalvage.ts[0m
step-down retry FIRES even with a mid-run 1.json present, then succeeds (#3471) ... [0m[32mok[0m [0m[38;5;245m(733ms)[0m
persistent OOM salvages the mid-run checkpoint and checks it in — no hard-fail (#3471) ... [0m[32mok[0m [0m[38;5;245m(404ms)[0m
persistent OOM with NO salvageable checkpoint still hard-fails loudly (#3471) ... [0m[32mok[0m [0m[38;5;245m(42ms)[0m
is_valid_creature_json accepts a creature, rejects junk and non-creature JSON (#3471) ... [0m[32mok[0m [0m[38;5;245m(15ms)[0m
[0m[38;5;245mrunning 9 tests from ./test/worker/TeamsRunPerformanceCsvWiring.ts[0m
run.sh declares STAGE_PCTS=(5 25 50 100) parallel to the stage arrays (#1894) ... [0m[32mok[0m [0m[38;5;245m(5ms)[0m
run.sh invokes record_performance.sh with --team / --stage-pct / --population (#1894) ... [0m[32mok[0m [0m[38;5;245m(382µs)[0m
run.sh reads stage_pct from STAGE_PCTS[i-1] inside the main loop (#1894) ... [0m[32mok[0m [0m[38;5;245m(192µs)[0m
run.sh recorder failure is soft (warning + continue, never aborts) (#1894) ... [0m[32mok[0m [0m[38;5;245m(223µs)[0m
run.sh stage-4 records performance before checkin.sh runs (#1894) ... [0m[32mok[0m [0m[38;5;245m(240µs)[0m
run.sh skips the recorder when .spot_termination is detected mid-stage (#1894) ... [0m[32mok[0m [0m[38;5;245m(292µs)[0m
stub recorder receives --stage-pct 5,25,50,100 in order across four stages (#1894) ... [0m[32mok[0m [0m[38;5;245m(359ms)[0m
non-zero exit from recorder logs a warning and does not abort the loop (#1894) ... [0m[32mok[0m [0m[38;5;245m(361ms)[0m
spot_termination short-circuit skips the recorder for the unfinished stage (#1894) ... [0m[32mok[0m [0m[38;5;245m(351ms)[0m
[0m[38;5;245mrunning 24 tests from ./test/worker/TeamsRunPopulationScaling.ts[0m
popscale_divisor: tight free-RAM budget + bloated avg → 2 (#3345) ... [0m[32mok[0m [0m[38;5;245m(11ms)[0m
popscale_divisor: tight free-RAM budget + small avg (≤1000) → 1 (#3345) ... [0m[32mok[0m [0m[38;5;245m(2ms)[0m
popscale_divisor: ample free-RAM budget + bloated avg → 1 (#3345) ... [0m[32mok[0m [0m[38;5;245m(2ms)[0m
popscale_divisor: non-numeric budget fails safe toward shrinking (#3345) ... [0m[32mok[0m [0m[38;5;245m(1ms)[0m
popscale_free_budget_mb: subtracts the FFI/OS headroom, floors at 0 (#3345) ... [0m[32mok[0m [0m[38;5;245m(2ms)[0m
popscale_population: divisor=1 returns the original value unchanged (#2344) ... [0m[32mok[0m [0m[38;5;245m(1ms)[0m
popscale_population: divisor=2 halves the schedule (rounded up) (#2344) ... [0m[32mok[0m [0m[38;5;245m(1ms)[0m
popscale_population: rounds up odd populations and floors at 5 (#2344) ... [0m[32mok[0m [0m[38;5;245m(1ms)[0m
popscale_avg_neurons: returns 0 for an empty directory (#2344) ... [0m[32mok[0m [0m[38;5;245m(2ms)[0m
popscale_avg_neurons: computes integer mean across creature files (#2344) ... [0m[32mok[0m [0m[38;5;245m(17ms)[0m
Acceptance #3345 (1): co-tenant-loaded 16 GB host (available 4096 MB) shrinks ... [0m[32mok[0m [0m[38;5;245m(241ms)[0m
Acceptance #3345 (2): genuinely-free 8 GB host (available 7168 MB) does NOT shrink ... [0m[32mok[0m [0m[38;5;245m(245ms)[0m
Fixture: constrained 8 GB host + small archive (avg ≤ 1000) → divisor=1 (#3345) ... [0m[32mok[0m [0m[38;5;245m(19ms)[0m
Fixture: constrained 8 GB host (GRQ-26, available 3865 MB) + bloated archive shrinks (#3345) ... [0m[32mok[0m [0m[38;5;245m(248ms)[0m
popscale_grow_population: free budget above threshold grows proportionally (#3346) ... [0m[32mok[0m [0m[38;5;245m(2ms)[0m
popscale_grow_population: at/below the grow threshold leaves the baseline unchanged (#3346) ... [0m[32mok[0m [0m[38;5;245m(1ms)[0m
popscale_grow_population: multiplier cap bounds growth on a huge host (#3346) ... [0m[32mok[0m [0m[38;5;245m(1ms)[0m
popscale_grow_population: headroom budget ceiling bounds a large baseline (#3346) ... [0m[32mok[0m [0m[38;5;245m(1ms)[0m
popscale_grow_population: non-numeric budget fails safe to the baseline (#3346) ... [0m[32mok[0m [0m[38;5;245m(1ms)[0m
Acceptance #3346: genuinely large host grows every stage above baseline ... [0m[32mok[0m [0m[38;5;245m(3ms)[0m
Acceptance #3346: mid-size host below the grow threshold is unchanged ... [0m[32mok[0m [0m[38;5;245m(3ms)[0m
run.sh grows effective population when the free-RAM budget is high (#3346) ... [0m[32mok[0m [0m[38;5;245m(208µs)[0m
run.sh emits a [teams-popscale] audit line per stage (#2344) ... [0m[32mok[0m [0m[38;5;245m(413µs)[0m
run.sh preserves the original STAGE_POPULATION_SIZES literal contract (#2344) ... [0m[32mok[0m [0m[38;5;245m(147µs)[0m
[0m[38;5;245mrunning 7 tests from ./test/worker/TeamsRunPurgeStrayCreatures.ts[0m
purge_stray_creatures: removes all *.json files in the directory ... [0m[32mok[0m [0m[38;5;245m(12ms)[0m
purge_stray_creatures: leaves non-JSON files alone ... [0m[32mok[0m [0m[38;5;245m(4ms)[0m
purge_stray_creatures: missing directory is a no-op (no error) ... [0m[32mok[0m [0m[38;5;245m(1ms)[0m
purge_stray_creatures: does not recurse into subdirectories ... [0m[32mok[0m [0m[38;5;245m(3ms)[0m
purge_stray_creatures: survivor of bulk delete is logged with semanticVersion and removed ... [0m[32mok[0m [0m[38;5;245m(401ms)[0m
purge_stray_creatures: bulk delete failure is logged as WARN (not swallowed) ... [0m[32mok[0m [0m[38;5;245m(381ms)[0m
copyNetworks isolated branch: stray file removed, team archive copied (#1743) ... [0m[32mok[0m [0m[38;5;245m(166ms)[0m
[0m[38;5;245mrunning 1 test from ./test/worker/TeamsRunReseedEachLoop.ts[0m
copyNetworks re-pulls GRQ-teams every loop, ingesting fresh champions (#2861) ... [0m[32mok[0m [0m[38;5;245m(464ms)[0m
[0m[38;5;245mrunning 4 tests from ./test/worker/TeamsRunSafetyPipelineRegression.ts[0m
safety pipeline: mixed seed (2.0.0, 4.0.0, empty, 1.3.0) — valids survive, stray removed, no abort (#1744) ... [0m[32mok[0m [0m[38;5;245m(466ms)[0m
safety pipeline: stray empty-version file appears AFTER upgrade — reproduces #1740 (45.json race) ... [0m[32mok[0m [0m[38;5;245m(55ms)[0m
safety pipeline: every seeded file invalid — pipeline aborts with the distinct 'no valid creatures' message (#1744) ... [0m[32mok[0m [0m[38;5;245m(29ms)[0m
safety pipeline: upgrade path alone — 1.3.0 becomes 2.0.0 and survives the safety check (#1744) ... [0m[32mok[0m [0m[38;5;245m(180ms)[0m
[0m[38;5;245mrunning 3 tests from ./test/worker/TeamsRunSamplerCheckinOncePerRun.ts[0m
run.sh checks the fittest into GRQ-sampler exactly once per run (#2856) ... [0m[32mok[0m [0m[38;5;245m(866µs)[0m
run.sh GRQ-sampler check-in runs AFTER the loop, never inside the per-loop body (#2856) ... [0m[32mok[0m [0m[38;5;245m(487µs)[0m
run.sh keeps the per-loop GRQ-teams check-in inside the loop (#2856) ... [0m[32mok[0m [0m[38;5;245m(457µs)[0m
[0m[38;5;245mrunning 3 tests from ./test/worker/TeamsRunScriptVersion.ts[0m
teams/version.sh exports semver constants when sourced ... [0m[32mok[0m [0m[38;5;245m(5ms)[0m
teams/run.sh logs the version.sh script-version at runtime ... [0m[32mok[0m [0m[38;5;245m(3ms)[0m
terminal-promote.sh logs the terminal script-version at runtime ... [0m[32mok[0m [0m[38;5;245m(4ms)[0m
[0m[38;5;245mrunning 11 tests from ./test/worker/TeamsRunSemverCheckLogging.ts[0m
upgrade(): valid 2.x.x file → action=skipped ... [0m[32mok[0m [0m[38;5;245m(21ms)[0m
upgrade(): invalid JSON → action=removed-invalid-json ... [0m[32mok[0m [0m[38;5;245m(6ms)[0m
upgrade(): HYPOT squash → action=removed-legacy-squash ... [0m[32mok[0m [0m[38;5;245m(12ms)[0m
upgrade(): deno failure → action=removed-upgrade-failure ... [0m[32mok[0m [0m[38;5;245m(146ms)[0m
upgrade(): deno success → action=upgraded and post records new version ... [0m[32mok[0m [0m[38;5;245m(380ms)[0m
upgrade(): deno success but post-version still invalid → action=removed-post-upgrade ... [0m[32mok[0m [0m[38;5;245m(407ms)[0m
final safety check: emits [semver-check] final-check line per file ... [0m[32mok[0m [0m[38;5;245m(37ms)[0m
final safety check: emits [semver-check] main-loop.pre-safety-check unconditionally (#1815) ... [0m[32mok[0m [0m[38;5;245m(17ms)[0m
final safety check: empty CREATURES_DIR emits [semver-check] final-check-start dir=… (empty) before abort (#1815) ... [0m[32mok[0m [0m[38;5;245m(5ms)[0m
copyNetworks.isolated: emits [semver-check] copyNetworks.isolated.post-upgrade after upgrade pass (#1815) ... [0m[32mok[0m [0m[38;5;245m(177ms)[0m
copyNetworks.isolated.post-upgrade reflects upgrade() removals (e.g. HYPOT squash) (#1815) ... [0m[32mok[0m [0m[38;5;245m(154ms)[0m
[0m[38;5;245mrunning 2 tests from ./test/worker/TeamsRunTeamCrisprPolicy.ts[0m
isolated Europa: --dir only, CRISPR stays on (#1943) ... [0m[32mok[0m [0m[38;5;245m(10ms)[0m
isolated Mars with DISABLE_CRISPR=1: passes --disableCRISPR=true ... [0m[32mok[0m [0m[38;5;245m(5ms)[0m
[0m[38;5;245mrunning 4 tests from ./test/worker/TeamsRunTeamSelection.ts[0m
team selection: defaults to Enceladus when no --team CLI ... [0m[32mok[0m [0m[38;5;245m(6ms)[0m
team selection: --team= CLI overrides default ... [0m[32mok[0m [0m[38;5;245m(4ms)[0m
teams/run.sh must never reference team pin files ... [0m[32mok[0m [0m[38;5;245m(242µs)[0m
teams/run.sh seeds GRQ-sampler from team sample only, not global best ... [0m[32mok[0m [0m[38;5;245m(189µs)[0m
[0m[38;5;245mrunning 1 test from ./test/worker/TeamsRunUpgradePath.ts[0m
upgrade() resolves Upgrade.ts from the repo root, not worker/ — healthy creature kept (#3471) ... [0m[32mok[0m [0m[38;5;245m(370ms)[0m
[0m[38;5;245mrunning 7 tests from ./test/worker/Terminal.ts[0m
terminal — staging behaviour (test_terminal.sh) ... [0m[32mok[0m [0m[38;5;245m(4s)[0m
terminal.sh defines the public functions when sourced ... [0m[32mok[0m [0m[38;5;245m(3ms)[0m
run.sh sources run_stage.sh and terminal.sh ... [0m[32mok[0m [0m[38;5;245m(5ms)[0m
run.sh wraps terminal-promote in run_stage when the island opts in ... [0m[32mok[0m [0m[38;5;245m(2ms)[0m
run.sh runs no terminal stage when the island has not opted in ... [0m[32mok[0m [0m[38;5;245m(1ms)[0m
terminal-promote.sh runs from the repo root and syncs tacit around ID ... [0m[32mok[0m [0m[38;5;245m(1s)[0m
terminal-promote.sh is a no-op for an opted-out island ... [0m[32mok[0m [0m[38;5;245m(22ms)[0m
[0m[38;5;245mrunning 2 tests from ./test/worker/TerminalDiagnostic.ts[0m
terminal diagnostic — CRISPR dir is cwd-sensitive (post-checkin-sample bug) ... [0m[32mok[0m [0m[38;5;245m(800µs)[0m
terminal diagnostic — tacit hive seeds baseline squashes from creature ...
[0m[38;5;245m------- post-test output -------[0m
2026-07-30T10:18:07.184Z [WARN] [TacitKnowledge] [pid-57721] No hive knowledge for 4d393dfb-113e-4f1f-93a3-fb3b121d3d30 with squash SELU, adding.
2026-07-30T10:18:07.184Z [WARN] [TacitKnowledge] [pid-57721] No hive knowledge for 273ef90b-9cfb-4571-b2f4-f4abd6c07d59 with squash SELU, adding.
2026-07-30T10:18:07.184Z [WARN] [TacitKnowledge] [pid-57721] No hive knowledge for 5baeac83-988a-4bab-b753-b297a8150971 with squash SOFTSIGN, adding.
2026-07-30T10:18:07.184Z [WARN] [TacitKnowledge] [pid-57721] No hive knowledge for 301d7df2-b743-4a08-bd53-98e41ae2b554 with squash SELU, adding.
2026-07-30T10:18:07.184Z [WARN] [TacitKnowledge] [pid-57721] No hive knowledge for 3061414c-9d01-4d2e-8d39-8acd682ea1d6 with squash IDENTITY, adding.
2026-07-30T10:18:07.184Z [WARN] [TacitKnowledge] [pid-57721] No hive knowledge for 4a18bee3-abf4-4ad7-9a55-a4bffe159e48 with squash IDENTITY, adding.
2026-07-30T10:18:07.184Z [WARN] [TacitKnowledge] [pid-57721] No hive knowledge for aeef559a-9104-4caf-bbde-929c89042fac with squash Swish, adding.
2026-07-30T10:18:07.184Z [WARN] [TacitKnowledge] [pid-57721] No hive knowledge for 282be7ae-b5c4-4396-a640-7a56da325ac8 with squash HYPOT, adding.
2026-07-30T10:18:07.184Z [WARN] [TacitKnowledge] [pid-57721] No hive knowledge for 3d393118-90d1-44f6-afe7-a50715a43bcf with squash HARD_TANH, adding.
2026-07-30T10:18:07.184Z [WARN] [TacitKnowledge] [pid-57721] No hive knowledge for d220d3a2-d79b-4388-b4d8-bbdf6d2e3a80 with squash BIPOLAR, adding.
2026-07-30T10:18:07.184Z [WARN] [TacitKnowledge] [pid-57721] No hive knowledge for ce5c52bd-3813-4cee-904f-47484591c2ef with squash HARD_TANH, adding.
2026-07-30T10:18:07.184Z [WARN] [TacitKnowledge] [pid-57721] No hive knowledge for 690dd85d-7509-42c4-a346-666c91d9242a with squash MINIMUM, adding.
2026-07-30T10:18:07.184Z [WARN] [TacitKnowledge] [pid-57721] No hive knowledge for a98188a4-78a9-49d6-bd4d-031e2a5e92e5 with squash SELU, adding.
2026-07-30T10:18:07.184Z [WARN] [TacitKnowledge] [pid-57721] No hive knowledge for 4e05f0bd-1948-415e-96a9-3098357e016c with squash IF, adding.
2026-07-30T10:18:07.184Z [WARN] [TacitKnowledge] [pid-57721] No hive knowledge for 42571f4e-4d9d-4844-bdc5-2716878fc2cd with squash BIPOLAR, adding.
2026-07-30T10:18:07.184Z [WARN] [TacitKnowledge] [pid-57721] No hive knowledge for 8230d121-25c9-48cf-85d0-1974ccea1329 with squash IDENTITY, adding.
2026-07-30T10:18:07.184Z [WARN] [TacitKnowledge] [pid-57721] No hive knowledge for 6cfe4791-2cf1-4983-88da-2b53f749935f with squash MINIMUM, adding.
2026-07-30T10:18:07.184Z [WARN] [TacitKnowledge] [pid-57721] No hive knowledge for 0189ed5f-4349-47bb-9264-ef1f2aa62b00 with squash IDENTITY, adding.
2026-07-30T10:18:07.184Z [WARN] [TacitKnowledge] [pid-57721] No hive knowledge for 5e4d4857-0d3f-48f8-adf1-76b17fd0fec3 with squash MEAN, adding.
2026-07-30T10:18:07.184Z [WARN] [TacitKnowledge] [pid-57721] No hive knowledge for 9a76e9c8-d96e-4d71-b9c4-d33a8d438164 with squash BIPOLAR, adding.
2026-07-30T10:18:07.184Z [WARN] [TacitKnowledge] [pid-57721] No hive knowledge for 07d7d41b-68cd-4ea3-a0b3-b4c763f0ef95 with squash IDENTITY, adding.
2026-07-30T10:18:07.184Z [WARN] [TacitKnowledge] [pid-57721] No hive knowledge for 98b1e5aa-327c-40d7-87b6-cb2a12a32958 with squash ABSOLUTE, adding.
2026-07-30T10:18:07.184Z [WARN] [TacitKnowledge] [pid-57721] No hive knowledge for 62548e20-6e88-4bec-ab00-22f47384b63d with squash MINIMUM, adding.
2026-07-30T10:18:07.184Z [WARN] [TacitKnowledge] [pid-57721] No hive knowledge for 3718aebb-3a9e-4a72-bbce-ba64436f17ad with squash ELU, adding.
2026-07-30T10:18:07.184Z [WARN] [TacitKnowledge] [pid-57721] No hive knowledge for 487d2a18-33f9-487b-b6bd-48560ee3c824 with squash Cosine, adding.
2026-07-30T10:18:07.184Z [WARN] [TacitKnowledge] [pid-57721] No hive knowledge for f5913fa2-9acc-45e6-a998-6106e35521dc with squash IF, adding.
2026-07-30T10:18:07.184Z [WARN] [TacitKnowledge] [pid-57721] No hive knowledge for 50218f9c-e122-46fc-88a8-b345dfd55374 with squash ABSOLUTE, adding.
2026-07-30T10:18:07.184Z [WARN] [TacitKnowledge] [pid-57721] No hive knowledge for 1bfc6ce3-14d3-4688-a492-3c2af01579ca with squash HARD_TANH, adding.
2026-07-30T10:18:07.184Z [WARN] [TacitKnowledge] [pid-57721] No hive knowledge for 245796ce-a7f0-4207-8189-f0e94ed6d636 with squash ABSOLUTE, adding.
2026-07-30T10:18:07.184Z [WARN] [TacitKnowledge] [pid-57721] No hive knowledge for 81478d18-5e44-4033-93df-a46fc6ac0856 with squash ABSOLUTE, adding.
2026-07-30T10:18:07.184Z [WARN] [TacitKnowledge] [pid-57721] No hive knowledge for 3231966f-dde4-4458-bc81-170a3c31bad6 with squash ABSOLUTE, adding.
2026-07-30T10:18:07.184Z [WARN] [TacitKnowledge] [pid-57721] No hive knowledge for 7c21ad51-e034-44cb-bfad-92ae2c636897 with squash IDENTITY, adding.
2026-07-30T10:18:07.184Z [WARN] [TacitKnowledge] [pid-57721] No hive knowledge for c660ee24-b9cf-4bf1-9181-c3a6d2f5eb76 with squash BENT_IDENTITY, adding.
2026-07-30T10:18:07.184Z [WARN] [TacitKnowledge] [pid-57721] No hive knowledge for 1d7fab12-b87b-45c3-a4ec-c5730bcc87e6 with squash ELU, adding.
2026-07-30T10:18:07.184Z [WARN] [TacitKnowledge] [pid-57721] No hive knowledge for bf8219e7-e654-40af-9945-8e5adac00667 with squash IF, adding.
2026-07-30T10:18:07.184Z [WARN] [TacitKnowledge] [pid-57721] No hive knowledge for c5ed1575-101c-42ae-a108-dc630255cb28 with squash COMPLEMENT, adding.
2026-07-30T10:18:07.184Z [WARN] [TacitKnowledge] [pid-57721] No hive knowledge for 971d0cfb-6f3c-4c8d-a430-233c7c5b9bde with squash BIPOLAR, adding.
2026-07-30T10:18:07.184Z [WARN] [TacitKnowledge] [pid-57721] No hive knowledge for 71cf9846-4cef-4b1b-8b88-5ec4eb2363d3 with squash HYPOT, adding.
2026-07-30T10:18:07.184Z [WARN] [TacitKnowledge] [pid-57721] No hive knowledge for 6a0672c0-a2cb-4472-87af-b03fbaeaa49e with squash BENT_IDENTITY, adding.
2026-07-30T10:18:07.184Z [WARN] [TacitKnowledge] [pid-57721] No hive knowledge for a2c4cb72-ed4c-4d1f-94e2-0f05efa63493 with squash BIPOLAR, adding.
2026-07-30T10:18:07.184Z [WARN] [TacitKnowledge] [pid-57721] No hive knowledge for 0dc1e21a-cb82-450c-a045-9561713eca88 with squash RELU, adding.
2026-07-30T10:18:07.184Z [WARN] [TacitKnowledge] [pid-57721] No hive knowledge for 8f511432-4eb7-45a5-b381-d150cf456a1a with squash MEAN, adding.
2026-07-30T10:18:07.184Z [WARN] [TacitKnowledge] [pid-57721] No hive knowledge for 3b1a3fdd-eec1-4495-9118-13f1ecbd9e88 with squash Swish, adding.
2026-07-30T10:18:07.184Z [WARN] [TacitKnowledge] [pid-57721] No hive knowledge for 0c7cd09b-2cf5-4864-ad21-a05e35c6ef97 with squash SELU, adding.
2026-07-30T10:18:07.184Z [WARN] [TacitKnowledge] [pid-57721] No hive knowledge for cfa1d684-5909-45e0-b2fd-79e2277f5d07 with squash ABSOLUTE, adding.
2026-07-30T10:18:07.184Z [WARN] [TacitKnowledge] [pid-57721] No hive knowledge for ccb4bc01-0301-46ae-a137-ebc668989d05 with squash MAXIMUM, adding.
2026-07-30T10:18:07.184Z [WARN] [TacitKnowledge] [pid-57721] No hive knowledge for 65813f22-18a0-4ff5-845f-ccd7a5f490fb with squash RELU, adding.
2026-07-30T10:18:07.184Z [WARN] [TacitKnowledge] [pid-57721] No hive knowledge for ec37f933-71a3-4ee7-b3a2-292db6d797d8 with squash SELU, adding.
2026-07-30T10:18:07.184Z [WARN] [TacitKnowledge] [pid-57721] No hive knowledge for 326d32a8-baab-42f1-af12-53a54da1003f with squash ABSOLUTE, adding.
2026-07-30T10:18:07.184Z [WARN] [TacitKnowledge] [pid-57721] No hive knowledge for 90b6018d-42a7-4a3a-92f2-d9efdd86cded with squash IDENTITY, adding.
2026-07-30T10:18:07.184Z [WARN] [TacitKnowledge] [pid-57721] No hive knowledge for c8373504-7056-45ab-8531-9aa3f5267362 with squash MAXIMUM, adding.
2026-07-30T10:18:07.184Z [WARN] [TacitKnowledge] [pid-57721] No hive knowledge for dc24d324-5ead-401e-9377-61dc9843bff5 with squash SINUSOID, adding.
2026-07-30T10:18:07.184Z [WARN] [TacitKnowledge] [pid-57721] No hive knowledge for f5e760f9-308e-449d-bc4b-6376f55471dc with squash HYPOT, adding.
2026-07-30T10:18:07.184Z [WARN] [TacitKnowledge] [pid-57721] No hive knowledge for b8822209-7048-42bc-be16-adbdefa7b3b6 with squash HARD_TANH, adding.
2026-07-30T10:18:07.184Z [WARN] [TacitKnowledge] [pid-57721] No hive knowledge for ef0422e7-bd9f-4d6b-9862-af43b4a21d7e with squash SELU, adding.
2026-07-30T10:18:07.184Z [WARN] [TacitKnowledge] [pid-57721] No hive knowledge for 788bee80-cd96-4d5c-9664-867017144c67 with squash MINIMUM, adding.
2026-07-30T10:18:07.184Z [WARN] [TacitKnowledge] [pid-57721] No hive knowledge for 4554777d-137d-4d80-a88d-e73656c93053 with squash LOGISTIC, adding.
2026-07-30T10:18:07.184Z [WARN] [TacitKnowledge] [pid-57721] No hive knowledge for f5c7a0f8-9244-4223-a285-cf010b050b76 with squash LOGISTIC, adding.
2026-07-30T10:18:07.184Z [WARN] [TacitKnowledge] [pid-57721] No hive knowledge for 285af948-0788-45d5-8a2a-e354d106a97d with squash Mish, adding.
2026-07-30T10:18:07.184Z [WARN] [TacitKnowledge] [pid-57721] No hive knowledge for 98cee92e-5d0b-4b74-9636-c0955023c7d0 with squash HYPOT, adding.
2026-07-30T10:18:07.184Z [WARN] [TacitKnowledge] [pid-57721] No hive knowledge for 8cf2e82a-9791-4279-9fa8-79134e2a3816 with squash LogSigmoid, adding.
2026-07-30T10:18:07.184Z [WARN] [TacitKnowledge] [pid-57721] No hive knowledge for 1294e752-19f6-42cd-baa9-ba93c6abd06e with squash BENT_IDENTITY, adding.
2026-07-30T10:18:07.184Z [WARN] [TacitKnowledge] [pid-57721] No hive knowledge for d235fd78-a28c-42d8-9e12-bae6e3c40efe with squash SELU, adding.
2026-07-30T10:18:07.184Z [WARN] [TacitKnowledge] [pid-57721] No hive knowledge for 4d9b6267-238f-4a12-9569-89712bcc631f with squash SELU, adding.
2026-07-30T10:18:07.184Z [WARN] [TacitKnowledge] [pid-57721] No hive knowledge for 04975181-3a9c-4f31-bd1f-ee7d709bde99 with squash BIPOLAR_SIGMOID, adding.
2026-07-30T10:18:07.184Z [WARN] [TacitKnowledge] [pid-57721] No hive knowledge for 60984fb8-89bc-431c-a457-1146fea8c4ee with squash MEAN, adding.
2026-07-30T10:18:07.184Z [WARN] [TacitKnowledge] [pid-57721] No hive knowledge for 3be63014-4523-4d9f-b6ff-2c16118ceb23 with squash BENT_IDENTITY, adding.
2026-07-30T10:18:07.184Z [WARN] [TacitKnowledge] [pid-57721] No hive knowledge for f2a60cfc-0250-4859-8687-a0a8cad32a8f with squash IDENTITY, adding.
2026-07-30T10:18:07.184Z [WARN] [TacitKnowledge] [pid-57721] No hive knowledge for 2d491719-69c8-49dc-bbd5-d197566bf590 with squash MAXIMUM, adding.
2026-07-30T10:18:07.184Z [WARN] [TacitKnowledge] [pid-57721] No hive knowledge for 9f64a560-1f88-427a-9163-89d0f7e2c584 with squash MINIMUM, adding.
2026-07-30T10:18:07.184Z [WARN] [TacitKnowledge] [pid-57721] No hive knowledge for a27cf768-8493-4eee-b8ec-8d2c28b51d76 with squash TANH, adding.
2026-07-30T10:18:07.184Z [WARN] [TacitKnowledge] [pid-57721] No hive knowledge for aa465046-1349-4a65-b5b1-e35d718c9ad5 with squash BENT_IDENTITY, adding.
2026-07-30T10:18:07.184Z [WARN] [TacitKnowledge] [pid-57721] No hive knowledge for 65c541ea-64ed-431e-8ed3-fe35f4403f07 with squash BENT_IDENTITY, adding.
2026-07-30T10:18:07.184Z [WARN] [TacitKnowledge] [pid-57721] No hive knowledge for eeef836f-5e1a-4a84-af67-c8c801c40171 with squash MEAN, adding.
2026-07-30T10:18:07.184Z [WARN] [TacitKnowledge] [pid-57721] No hive knowledge for 3f0eb834-ed60-423f-b510-750c08815196 with squash MAXIMUM, adding.
2026-07-30T10:18:07.184Z [WARN] [TacitKnowledge] [pid-57721] No hive knowledge for a3d77343-e7e4-47b4-8738-6c9d24112708 with squash IF, adding.
2026-07-30T10:18:07.184Z [WARN] [TacitKnowledge] [pid-57721] No hive knowledge for a908b394-418f-4548-87a0-35c0acccce4d with squash GAUSSIAN, adding.
2026-07-30T10:18:07.184Z [WARN] [TacitKnowledge] [pid-57721] No hive knowledge for 9834d0aa-279c-485c-b227-2fa28c9e4343 with squash MAXIMUM, adding.
2026-07-30T10:18:07.184Z [WARN] [TacitKnowledge] [pid-57721] No hive knowledge for d8e74cbe-71cd-4aea-b678-397e99a19549 with squash BENT_IDENTITY, adding.
2026-07-30T10:18:07.184Z [WARN] [TacitKnowledge] [pid-57721] No hive knowledge for 323bc0cc-fc66-4eb0-8f9d-d1fee8ca0656 with squash IF, adding.
2026-07-30T10:18:07.184Z [WARN] [TacitKnowledge] [pid-57721] No hive knowledge for 1aa153bf-4dc5-4686-a6ba-f144e4e1686a with squash IDENTITY, adding.
2026-07-30T10:18:07.184Z [WARN] [TacitKnowledge] [pid-57721] No hive knowledge for 8d50dca5-960d-4081-aef4-5a5f7d83dd7c with squash ABSOLUTE, adding.
2026-07-30T10:18:07.184Z [WARN] [TacitKnowledge] [pid-57721] No hive knowledge for 9f3c9520-59b5-4f24-879e-084b969da9b7 with squash SELU, adding.
2026-07-30T10:18:07.184Z [WARN] [TacitKnowledge] [pid-57721] No hive knowledge for 18bf3725-9270-48fe-aa40-de9ce7f51b3a with squash Mish, adding.
2026-07-30T10:18:07.184Z [WARN] [TacitKnowledge] [pid-57721] No hive knowledge for 8d3da999-0c6c-47a7-99b7-9a84728163ab with squash MEAN, adding.
2026-07-30T10:18:07.184Z [WARN] [TacitKnowledge] [pid-57721] No hive knowledge for ee2edd5f-365b-441b-b683-f2cfd5ab8539 with squash MINIMUM, adding.
2026-07-30T10:18:07.184Z [WARN] [TacitKnowledge] [pid-57721] No hive knowledge for f0cd8a71-bd68-42c5-9c4b-74880cd9e3b5 with squash Softplus, adding.
2026-07-30T10:18:07.184Z [WARN] [TacitKnowledge] [pid-57721] No hive knowledge for 397e8b27-f6b4-48d9-b339-6267c4bb3374 with squash SELU, adding.
2026-07-30T10:18:07.184Z [WARN] [TacitKnowledge] [pid-57721] No hive knowledge for b75a416c-007e-4256-8af0-0f40e58868e9 with squash HARD_TANH, adding.
2026-07-30T10:18:07.184Z [WARN] [TacitKnowledge] [pid-57721] No hive knowledge for eb47e1cc-68ba-4350-b9bb-62b2a843914f with squash ABSOLUTE, adding.
2026-07-30T10:18:07.184Z [WARN] [TacitKnowledge] [pid-57721] No hive knowledge for 39066ba5-d875-4593-8da6-72d59a16293b with squash SELU, adding.
2026-07-30T10:18:07.184Z [WARN] [TacitKnowledge] [pid-57721] No hive knowledge for 71188009-bc4a-4239-81ab-3db0562884c6 with squash ELU, adding.
2026-07-30T10:18:07.184Z [WARN] [TacitKnowledge] [pid-57721] No hive knowledge for ae311f57-50c3-4aad-96b8-fb5b6dce5832 with squash MINIMUM, adding.
2026-07-30T10:18:07.184Z [WARN] [TacitKnowledge] [pid-57721] No hive knowledge for cc2f2425-68bb-4f87-91ba-58e2ea9ee964 with squash SINUSOID, adding.
2026-07-30T10:18:07.184Z [WARN] [TacitKnowledge] [pid-57721] No hive knowledge for 10ab2291-b3ff-41bb-b1aa-dce4317411ac with squash Softplus, adding.
2026-07-30T10:18:07.184Z [WARN] [TacitKnowledge] [pid-57721] No hive knowledge for af50aad3-67ab-4a00-bb9e-b6dffbda88fe with squash RELU, adding.
2026-07-30T10:18:07.184Z [WARN] [TacitKnowledge] [pid-57721] No hive knowledge for 9f2af68d-5355-4569-b8ec-5a4b0a499d48 with squash BIPOLAR_SIGMOID, adding.
2026-07-30T10:18:07.184Z [WARN] [TacitKnowledge] [pid-57721] No hive knowledge for b1ff4d25-95bc-4e85-8a6a-21b415bf3e38 with squash ELU, adding.
2026-07-30T10:18:07.184Z [WARN] [TacitKnowledge] [pid-57721] No hive knowledge for a2bb0766-8108-424e-8c00-3af305171336 with squash SELU, adding.
2026-07-30T10:18:07.184Z [WARN] [TacitKnowledge] [pid-57721] No hive knowledge for 43254b71-c1db-4da0-a37d-9fa5a6a8fa7a with squash SOFTSIGN, adding.
2026-07-30T10:18:07.184Z [WARN] [TacitKnowledge] [pid-57721] No hive knowledge for 9c536c58-e498-4b56-b1fd-df00d1e413ab with squash HARD_TANH, adding.
2026-07-30T10:18:07.184Z [WARN] [TacitKnowledge] [pid-57721] No hive knowledge for c5feda8d-8aac-4e13-967d-ef0c1a171e8f with squash IF, adding.
2026-07-30T10:18:07.184Z [WARN] [TacitKnowledge] [pid-57721] No hive knowledge for 4933f7d2-762c-4af5-b9b7-4a59a90d6caa with squash LogSigmoid, adding.
2026-07-30T10:18:07.184Z [WARN] [TacitKnowledge] [pid-57721] No hive knowledge for eb2ff092-b195-46fa-ae38-132a3f9a3d45 with squash IF, adding.
2026-07-30T10:18:07.184Z [WARN] [TacitKnowledge] [pid-57721] No hive knowledge for d6ed0611-4466-494f-a156-30609c9d4010 with squash LeakyReLU, adding.
2026-07-30T10:18:07.184Z [WARN] [TacitKnowledge] [pid-57721] No hive knowledge for 45594a4e-9e7b-4c3b-8123-a58c16665177 with squash HARD_TANH, adding.
2026-07-30T10:18:07.184Z [WARN] [TacitKnowledge] [pid-57721] No hive knowledge for 2ef4e126-91ad-4561-bbb5-a35c8ebc3768 with squash LOGISTIC, adding.
2026-07-30T10:18:07.184Z [WARN] [TacitKnowledge] [pid-57721] No hive knowledge for d57be16d-0244-4a21-beeb-ab3c5bab13a3 with squash MINIMUM, adding.
2026-07-30T10:18:07.184Z [WARN] [TacitKnowledge] [pid-57721] No hive knowledge for f0d8a711-e5fe-4f00-990f-626948c02a6e with squash SELU, adding.
2026-07-30T10:18:07.184Z [WARN] [TacitKnowledge] [pid-57721] No hive knowledge for 2856e35f-ca65-4adb-9fe2-bdccc9e301c4 with squash HYPOT, adding.
2026-07-30T10:18:07.184Z [WARN] [TacitKnowledge] [pid-57721] No hive knowledge for b9295dbb-0ee6-4ea2-b87e-15d74d30e136 with squash RELU, adding.
2026-07-30T10:18:07.184Z [WARN] [TacitKnowledge] [pid-57721] No hive knowledge for 249f5e3e-4cc2-4166-b91a-575350ebc847 with squash IDENTITY, adding.
2026-07-30T10:18:07.184Z [WARN] [TacitKnowledge] [pid-57721] No hive knowledge for 37b3f6ca-6915-41d8-82a5-62871f779124 with squash COMPLEMENT, adding.
2026-07-30T10:18:07.184Z [WARN] [TacitKnowledge] [pid-57721] No hive knowledge for 9f08b990-0a55-4c45-aa30-6e502c7915b1 with squash MINIMUM, adding.
2026-07-30T10:18:07.184Z [WARN] [TacitKnowledge] [pid-57721] No hive knowledge for 2ba9af09-560b-4e22-bb61-a550f040bedb with squash BIPOLAR, adding.
2026-07-30T10:18:07.184Z [WARN] [TacitKnowledge] [pid-57721] No hive knowledge for 38bf7978-8c97-4cc6-b1d4-288eebe0c8c9 with squash HYPOT, adding.
2026-07-30T10:18:07.184Z [WARN] [TacitKnowledge] [pid-57721] No hive knowledge for bd92d86d-6c91-446b-99e4-ca7515063a3b with squash Cosine, adding.
2026-07-30T10:18:07.184Z [WARN] [TacitKnowledge] [pid-57721] No hive knowledge for 82716709-8c5c-4346-ae45-7c11d11c6352 with squash RELU, adding.
2026-07-30T10:18:07.184Z [WARN] [TacitKnowledge] [pid-57721] No hive knowledge for 6c2bea2f-f3a2-42a6-aabb-e91b07f80685 with squash SELU, adding.
2026-07-30T10:18:07.184Z [WARN] [TacitKnowledge] [pid-57721] No hive knowledge for 60eea5a5-94ff-4a71-bf04-58622feb2897 with squash SOFTSIGN, adding.
2026-07-30T10:18:07.184Z [WARN] [TacitKnowledge] [pid-57721] No hive knowledge for c237a606-2244-4fe1-8baa-557c1dbbf853 with squash GAUSSIAN, adding.
2026-07-30T10:18:07.184Z [WARN] [TacitKnowledge] [pid-57721] No hive knowledge for dd96b70f-7207-4689-9aac-3fd24a248519 with squash BENT_IDENTITY, adding.
2026-07-30T10:18:07.184Z [WARN] [TacitKnowledge] [pid-57721] No hive knowledge for 7d2e7158-9235-437c-87a9-d0c6ab58dcf9 with squash BENT_IDENTITY, adding.
2026-07-30T10:18:07.184Z [WARN] [TacitKnowledge] [pid-57721] No hive knowledge for 0f429103-6f81-4284-86f5-9a2ea3e89fca with squash ABSOLUTE, adding.
2026-07-30T10:18:07.184Z [WARN] [TacitKnowledge] [pid-57721] No hive knowledge for 1bf641b7-6d2f-476c-901a-3c5ef513c5a7 with squash HARD_TANH, adding.
2026-07-30T10:18:07.184Z [WARN] [TacitKnowledge] [pid-57721] No hive knowledge for f4b4e04e-0671-4b4f-9327-dcd9496ace41 with squash Exponential, adding.
2026-07-30T10:18:07.184Z [WARN] [TacitKnowledge] [pid-57721] No hive knowledge for 2afb81df-f47b-427c-95e6-83b2c4fb9965 with squash Exponential, adding.
2026-07-30T10:18:07.184Z [WARN] [TacitKnowledge] [pid-57721] No hive knowledge for db1f35ee-b60d-4bda-959a-309af9205ef4 with squash SELU, adding.
2026-07-30T10:18:07.184Z [WARN] [TacitKnowledge] [pid-57721] No hive knowledge for 453255c5-1031-4f50-a673-2386b071bd73 with squash LeakyReLU, adding.
2026-07-30T10:18:07.184Z [WARN] [TacitKnowledge] [pid-57721] No hive knowledge for 6206db4f-152f-48ec-b903-600951060c6d with squash HYPOT, adding.
2026-07-30T10:18:07.184Z [WARN] [TacitKnowledge] [pid-57721] No hive knowledge for 1ceb4a37-6ec4-4ad4-9f48-ab15af6f6ec8 with squash HYPOT, adding.
2026-07-30T10:18:07.184Z [WARN] [TacitKnowledge] [pid-57721] No hive knowledge for 3f8dd86f-5d53-4b95-ae67-ddb551ae6052 with squash COMPLEMENT, adding.
2026-07-30T10:18:07.184Z [WARN] [TacitKnowledge] [pid-57721] No hive knowledge for 19e81fc1-4c07-4b40-8436-755311ffe70a with squash ELU, adding.
2026-07-30T10:18:07.184Z [WARN] [TacitKnowledge] [pid-57721] No hive knowledge for 8b70f75b-6a0a-4e7b-9bfb-f00a92a8af9d with squash SELU, adding.
2026-07-30T10:18:07.184Z [WARN] [TacitKnowledge] [pid-57721] No hive knowledge for 96c5ba93-8bc0-48a4-8e77-b643ee62482f with squash StdInverse, adding.
2026-07-30T10:18:07.184Z [WARN] [TacitKnowledge] [pid-57721] No hive knowledge for bc41f7c5-a2e6-4097-8aec-ae1e223ff6b4 with squash HYPOT, adding.
2026-07-30T10:18:07.184Z [WARN] [TacitKnowledge] [pid-57721] No hive knowledge for 7c71c691-7235-4c95-8e6f-fc0be2ca4bf3 with squash Exponential, adding.
2026-07-30T10:18:07.184Z [WARN] [TacitKnowledge] [pid-57721] No hive knowledge for 78b585bc-db69-4879-a468-2a954b7d29d3 with squash SELU, adding.
2026-07-30T10:18:07.184Z [WARN] [TacitKnowledge] [pid-57721] No hive knowledge for 6124f8cc-7878-4e2e-a88d-d411d216aaa3 with squash Swish, adding.
2026-07-30T10:18:07.184Z [WARN] [TacitKnowledge] [pid-57721] No hive knowledge for 87007b84-795b-4244-a112-327735f4d6ea with squash IF, adding.
2026-07-30T10:18:07.184Z [WARN] [TacitKnowledge] [pid-57721] No hive knowledge for 3d256f0c-6d16-4f42-bc32-56c04fff40c7 with squash SINUSOID, adding.
2026-07-30T10:18:07.184Z [WARN] [TacitKnowledge] [pid-57721] No hive knowledge for ae18a1d8-c5a3-4c96-9c8a-ce62f8a210dd with squash RELU, adding.
2026-07-30T10:18:07.184Z [WARN] [TacitKnowledge] [pid-57721] No hive knowledge for f1dcac76-3463-4547-8f50-37919b5dd734 with squash IDENTITY, adding.
2026-07-30T10:18:07.184Z [WARN] [TacitKnowledge] [pid-57721] No hive knowledge for 6df4d996-d915-4c5a-b539-ef413f73c919 with squash SELU, adding.
2026-07-30T10:18:07.184Z [WARN] [TacitKnowledge] [pid-57721] No hive knowledge for e0c1ad1e-ff99-45d4-b212-b55c594cb450 with squash MAXIMUM, adding.
2026-07-30T10:18:07.184Z [WARN] [TacitKnowledge] [pid-57721] No hive knowledge for a6f9dad5-2862-428e-96ff-ac3aa172ac7e with squash MEAN, adding.
2026-07-30T10:18:07.184Z [WARN] [TacitKnowledge] [pid-57721] No hive knowledge for dd624fe2-ac6c-4cbe-b518-b267af3acb0c with squash SELU, adding.
2026-07-30T10:18:07.184Z [WARN] [TacitKnowledge] [pid-57721] No hive knowledge for 2675e291-0157-4762-8a58-7fd403061485 with squash ABSOLUTE, adding.
2026-07-30T10:18:07.184Z [WARN] [TacitKnowledge] [pid-57721] No hive knowledge for 71b29d72-42b2-4d69-b9ec-359d91f706aa with squash SELU, adding.
2026-07-30T10:18:07.184Z [WARN] [TacitKnowledge] [pid-57721] No hive knowledge for db42f498-f614-472b-908e-1e038b99f257 with squash LeakyReLU, adding.
2026-07-30T10:18:07.184Z [WARN] [TacitKnowledge] [pid-57721] No hive knowledge for 2a4c25b2-0d1f-4df2-a0da-decdf3383147 with squash BIPOLAR, adding.
2026-07-30T10:18:07.184Z [WARN] [TacitKnowledge] [pid-57721] No hive knowledge for 88872cbe-615c-48c5-b89b-0bb5d285c237 with squash LeakyReLU, adding.
2026-07-30T10:18:07.184Z [WARN] [TacitKnowledge] [pid-57721] No hive knowledge for 813f1ed3-54a4-42d4-9f98-d344a3edd0cb with squash ABSOLUTE, adding.
2026-07-30T10:18:07.184Z [WARN] [TacitKnowledge] [pid-57721] No hive knowledge for 9e7b78f7-0f3f-4a56-9589-995979caffdc with squash SOFTSIGN, adding.
2026-07-30T10:18:07.184Z [WARN] [TacitKnowledge] [pid-57721] No hive knowledge for 8607c152-6e97-4ac2-8e0e-57c166181b3c with squash BIPOLAR_SIGMOID, adding.
2026-07-30T10:18:07.184Z [WARN] [TacitKnowledge] [pid-57721] No hive knowledge for b2fe1a3e-e6b0-443e-9557-82f030aa108a with squash BIPOLAR, adding.
2026-07-30T10:18:07.184Z [WARN] [TacitKnowledge] [pid-57721] No hive knowledge for 9cc4ba41-23c0-477e-b3be-1cf1cf62289f with squash SINUSOID, adding.
2026-07-30T10:18:07.184Z [WARN] [TacitKnowledge] [pid-57721] No hive knowledge for 49a780a8-3288-41e3-b695-dd03a6104105 with squash BIPOLAR_SIGMOID, adding.
2026-07-30T10:18:07.184Z [WARN] [TacitKnowledge] [pid-57721] No hive knowledge for 758fc77b-4dcf-4788-9351-cbe9f6519989 with squash ABSOLUTE, adding.
2026-07-30T10:18:07.184Z [WARN] [TacitKnowledge] [pid-57721] No hive knowledge for 33c20b9b-9ae4-4a16-ba8a-8eff21868d7b with squash SELU, adding.
2026-07-30T10:18:07.184Z [WARN] [TacitKnowledge] [pid-57721] No hive knowledge for f3f7ac04-98e6-480b-b512-a1baf22d1eb5 with squash BIPOLAR, adding.
2026-07-30T10:18:07.184Z [WARN] [TacitKnowledge] [pid-57721] No hive knowledge for 9a907428-61bd-41d9-9f6c-192477c52ddd with squash IDENTITY, adding.
2026-07-30T10:18:07.184Z [WARN] [TacitKnowledge] [pid-57721] No hive knowledge for 5e7b7b1c-9a55-40a2-b7b4-e898cc2b1e66 with squash MINIMUM, adding.
2026-07-30T10:18:07.184Z [WARN] [TacitKnowledge] [pid-57721] No hive knowledge for 0aca1951-f13d-43ec-8371-ce7cd208632c with squash BIPOLAR, adding.
2026-07-30T10:18:07.184Z [WARN] [TacitKnowledge] [pid-57721] No hive knowledge for 33119996-8df7-451c-836d-e0d4522f7920 with squash BIPOLAR, adding.
2026-07-30T10:18:07.184Z [WARN] [TacitKnowledge] [pid-57721] No hive knowledge for 52bcd923-0a6e-4bc7-b88a-6483607e3893 with squash HARD_TANH, adding.
2026-07-30T10:18:07.184Z [WARN] [TacitKnowledge] [pid-57721] No hive knowledge for c01a7884-dd6e-4211-a776-7ce30e97943e with squash STEP, adding.
2026-07-30T10:18:07.184Z [WARN] [TacitKnowledge] [pid-57721] No hive knowledge for f2b2c261-dc8c-4a79-8d51-3155ef553f7d with squash TANH, adding.
2026-07-30T10:18:07.184Z [WARN] [TacitKnowledge] [pid-57721] No hive knowledge for f4569cf9-f239-4a2b-a764-7c58c4f29a34 with squash HARD_TANH, adding.
2026-07-30T10:18:07.184Z [WARN] [TacitKnowledge] [pid-57721] No hive knowledge for 3e0f1ef2-7b0b-4aa5-86e9-ee8d29ec4faf with squash SELU, adding.
2026-07-30T10:18:07.184Z [WARN] [TacitKnowledge] [pid-57721] No hive knowledge for 4e974236-771c-46f3-8e46-6f7535727fed with squash IF, adding.
2026-07-30T10:18:07.184Z [WARN] [TacitKnowledge] [pid-57721] No hive knowledge for 97461743-e844-4ff8-93fa-060517eeeb4d with squash ABSOLUTE, adding.
2026-07-30T10:18:07.184Z [WARN] [TacitKnowledge] [pid-57721] No hive knowledge for c97adafc-d428-4274-88ae-36b813c598f0 with squash RELU, adding.
2026-07-30T10:18:07.184Z [WARN] [TacitKnowledge] [pid-57721] No hive knowledge for 95ad4bd7-b27e-4567-8083-de68ec43324d with squash IDENTITY, adding.
2026-07-30T10:18:07.184Z [WARN] [TacitKnowledge] [pid-57721] No hive knowledge for dc8f5c9c-72e0-4c4b-9f6a-7105330c58c9 with squash IDENTITY, adding.
2026-07-30T10:18:07.184Z [WARN] [TacitKnowledge] [pid-57721] No hive knowledge for 2c17fd93-402f-4dfb-b167-a33078e2addc with squash MAXIMUM, adding.
2026-07-30T10:18:07.184Z [WARN] [TacitKnowledge] [pid-57721] No hive knowledge for 00eb67f6-7b7c-456b-a459-dbaa2ff80e74 with squash MEAN, adding.
2026-07-30T10:18:07.184Z [WARN] [TacitKnowledge] [pid-57721] No hive knowledge for 115b0169-65c3-4c87-9904-316bae966a6f with squash MAXIMUM, adding.
2026-07-30T10:18:07.184Z [WARN] [TacitKnowledge] [pid-57721] No hive knowledge for 86fcef86-f051-4697-a233-85573c0f6dc9 with squash MEAN, adding.
2026-07-30T10:18:07.184Z [WARN] [TacitKnowledge] [pid-57721] No hive knowledge for 9e69f230-0d54-4869-a61b-74ba747200fc with squash IF, adding.
2026-07-30T10:18:07.184Z [WARN] [TacitKnowledge] [pid-57721] No hive knowledge for dbb35812-cf21-4bf2-9eaf-27184dad9171 with squash ABSOLUTE, adding.
2026-07-30T10:18:07.184Z [WARN] [TacitKnowledge] [pid-57721] No hive knowledge for a445b115-a115-4b19-9a23-94421f891a7b with squash MEAN, adding.
2026-07-30T10:18:07.184Z [WARN] [TacitKnowledge] [pid-57721] No hive knowledge for d88e757c-062a-468d-bc9a-42af38541535 with squash Exponential, adding.
2026-07-30T10:18:07.184Z [WARN] [TacitKnowledge] [pid-57721] No hive knowledge for f8c32c9b-f314-4d94-b95c-a8b61bf1c953 with squash Mish, adding.
2026-07-30T10:18:07.184Z [WARN] [TacitKnowledge] [pid-57721] No hive knowledge for 3939f112-b727-4e75-a9b1-696a420a0392 with squash HARD_TANH, adding.
2026-07-30T10:18:07.184Z [WARN] [TacitKnowledge] [pid-57721] No hive knowledge for 8138191a-c26a-4e19-a790-cd2ead1083e6 with squash StdInverse, adding.
2026-07-30T10:18:07.184Z [WARN] [TacitKnowledge] [pid-57721] No hive knowledge for 63d25596-ff22-4b68-a8cc-0fa3dfed9b3f with squash HARD_TANH, adding.
2026-07-30T10:18:07.184Z [WARN] [TacitKnowledge] [pid-57721] No hive knowledge for 5cd7cfe9-c9dc-495a-aae6-6a890e6c9fa3 with squash BIPOLAR, adding.
2026-07-30T10:18:07.184Z [WARN] [TacitKnowledge] [pid-57721] No hive knowledge for 0002ff5c-1b91-49ac-8364-fd9a0df40e08 with squash SELU, adding.
2026-07-30T10:18:07.184Z [WARN] [TacitKnowledge] [pid-57721] No hive knowledge for 1b81968d-0f3b-4a9c-a1a9-9b0d520b99af with squash LogSigmoid, adding.
2026-07-30T10:18:07.184Z [WARN] [TacitKnowledge] [pid-57721] No hive knowledge for b0a91306-8147-4b8d-82ce-d3fb9cdafe93 with squash Exponential, adding.
2026-07-30T10:18:07.184Z [WARN] [TacitKnowledge] [pid-57721] No hive knowledge for 66ffd5c7-c2ff-43ee-9b20-2fb23ec402c5 with squash RELU, adding.
2026-07-30T10:18:07.184Z [WARN] [TacitKnowledge] [pid-57721] No hive knowledge for b892313b-4abb-4389-892b-94d0675ccbc0 with squash SINUSOID, adding.
2026-07-30T10:18:07.184Z [WARN] [TacitKnowledge] [pid-57721] No hive knowledge for da4bb6a3-265f-4a30-a0fb-e4213cf11a9c with squash MINIMUM, adding.
2026-07-30T10:18:07.184Z [WARN] [TacitKnowledge] [pid-57721] No hive knowledge for b25be2f7-4c35-4ad7-9c94-3d57987cebbd with squash TANH, adding.
2026-07-30T10:18:07.184Z [WARN] [TacitKnowledge] [pid-57721] No hive knowledge for a98604c5-5a68-425b-95e1-c069e21032cb with squash MEAN, adding.
2026-07-30T10:18:07.184Z [WARN] [TacitKnowledge] [pid-57721] No hive knowledge for 6cd201f7-f7b5-47ce-8826-2be5fc554849 with squash BIPOLAR_SIGMOID, adding.
2026-07-30T10:18:07.184Z [WARN] [TacitKnowledge] [pid-57721] No hive knowledge for c1c27197-f25f-48f1-8c43-056bcb0838ab with squash COMPLEMENT, adding.
2026-07-30T10:18:07.184Z [WARN] [TacitKnowledge] [pid-57721] No hive knowledge for 8b76ed76-88e7-4ccb-9811-4deeb1980f0b with squash IF, adding.
2026-07-30T10:18:07.184Z [WARN] [TacitKnowledge] [pid-57721] No hive knowledge for 910cc2e8-db19-4e1b-8b98-f17e8238426a with squash TANH, adding.
2026-07-30T10:18:07.184Z [WARN] [TacitKnowledge] [pid-57721] No hive knowledge for ded6bb1f-3abe-4afc-9e2e-7e2b2b544e74 with squash HARD_TANH, adding.
2026-07-30T10:18:07.184Z [WARN] [TacitKnowledge] [pid-57721] No hive knowledge for 9ac218b0-ae1d-424a-8fdc-89a67da243f3 with squash IF, adding.
2026-07-30T10:18:07.184Z [WARN] [TacitKnowledge] [pid-57721] No hive knowledge for 43f505c5-6e18-4947-95f6-d5422fc96e4b with squash BIPOLAR, adding.
2026-07-30T10:18:07.184Z [WARN] [TacitKnowledge] [pid-57721] No hive knowledge for 9e48bd62-f38b-4ccb-8f88-f0795209e01c with squash ABSOLUTE, adding.
2026-07-30T10:18:07.184Z [WARN] [TacitKnowledge] [pid-57721] No hive knowledge for dd88150a-9578-4587-82a8-feee89c037f4 with squash BENT_IDENTITY, adding.
2026-07-30T10:18:07.184Z [WARN] [TacitKnowledge] [pid-57721] No hive knowledge for 552c68d3-6ea2-4e0c-a6bb-d7d1b0ad2661 with squash IF, adding.
2026-07-30T10:18:07.184Z [WARN] [TacitKnowledge] [pid-57721] No hive knowledge for 64fe73c4-5f7a-44ba-a807-ec114b4e267e with squash GAUSSIAN, adding.
2026-07-30T10:18:07.184Z [WARN] [TacitKnowledge] [pid-57721] No hive knowledge for d259b00d-6cd7-4e5d-bbb4-3e4513834790 with squash RELU, adding.
2026-07-30T10:18:07.184Z [WARN] [TacitKnowledge] [pid-57721] No hive knowledge for 70481510-9e7a-4cb8-8eac-a49904c464d1 with squash MEAN, adding.
2026-07-30T10:18:07.184Z [WARN] [TacitKnowledge] [pid-57721] No hive knowledge for 8ccaa90d-a1c4-4b9f-9a5d-da3f3deefa5f with squash SINUSOID, adding.
2026-07-30T10:18:07.184Z [WARN] [TacitKnowledge] [pid-57721] No hive knowledge for d07db145-4a4f-4b90-9461-82c914879681 with squash BIPOLAR, adding.
2026-07-30T10:18:07.184Z [WARN] [TacitKnowledge] [pid-57721] No hive knowledge for 1efe8062-c8e4-4db2-9dc2-4d7a1b0f423b with squash ABSOLUTE, adding.
2026-07-30T10:18:07.184Z [WARN] [TacitKnowledge] [pid-57721] No hive knowledge for 972edd27-dbc7-4eeb-8a9c-b6f98bbd6acd with squash IDENTITY, adding.
2026-07-30T10:18:07.184Z [WARN] [TacitKnowledge] [pid-57721] No hive knowledge for dbb0ebb0-1aa7-45a4-ab6b-159147fa19de with squash MEAN, adding.
2026-07-30T10:18:07.184Z [WARN] [TacitKnowledge] [pid-57721] No hive knowledge for e2a66d5c-8340-4d23-8136-6164a750d8ff with squash SOFTSIGN, adding.
2026-07-30T10:18:07.184Z [WARN] [TacitKnowledge] [pid-57721] No hive knowledge for cf901c80-a7ec-466a-a2a5-fd281d6a08cd with squash SOFTSIGN, adding.
2026-07-30T10:18:07.184Z [WARN] [TacitKnowledge] [pid-57721] No hive knowledge for 5e3ecf21-af7e-4bea-a449-5c354612bb60 with squash SINUSOID, adding.
2026-07-30T10:18:07.184Z [WARN] [TacitKnowledge] [pid-57721] No hive knowledge for cead3c51-dd8e-4554-8cdf-ec6c4cf78652 with squash ELU, adding.
2026-07-30T10:18:07.184Z [WARN] [TacitKnowledge] [pid-57721] No hive knowledge for 27365547-dd3c-4f3c-a6c8-8374cde01ae5 with squash SELU, adding.
2026-07-30T10:18:07.184Z [WARN] [TacitKnowledge] [pid-57721] No hive knowledge for ab577a5c-9dfe-41ea-9359-d0868922396b with squash BIPOLAR_SIGMOID, adding.
2026-07-30T10:18:07.184Z [WARN] [TacitKnowledge] [pid-57721] No hive knowledge for e29d31ae-1435-46d6-842f-47c0d4211fdd with squash BENT_IDENTITY, adding.
2026-07-30T10:18:07.184Z [WARN] [TacitKnowledge] [pid-57721] No hive knowledge for b9c96d46-5a43-4f15-8df0-88ec6f27e746 with squash MEAN, adding.
2026-07-30T10:18:07.184Z [WARN] [TacitKnowledge] [pid-57721] No hive knowledge for f257f6db-1980-496b-979a-5a8d04cdfbbc with squash COMPLEMENT, adding.
2026-07-30T10:18:07.184Z [WARN] [TacitKnowledge] [pid-57721] No hive knowledge for 1ffffaa2-8d32-4a4b-952a-f96e307aba13 with squash BENT_IDENTITY, adding.
2026-07-30T10:18:07.184Z [WARN] [TacitKnowledge] [pid-57721] No hive knowledge for 294133c7-e43f-477a-8e46-babe86bce042 with squash LogSigmoid, adding.
2026-07-30T10:18:07.184Z [WARN] [TacitKnowledge] [pid-57721] No hive knowledge for a185cc4a-d8f0-4163-a5ea-8c0fcaf66d12 with squash SELU, adding.
2026-07-30T10:18:07.184Z [WARN] [TacitKnowledge] [pid-57721] No hive knowledge for 473c6b1a-9cc6-46fb-b047-9eac178aff7c with squash COMPLEMENT, adding.
2026-07-30T10:18:07.184Z [WARN] [TacitKnowledge] [pid-57721] No hive knowledge for 9963db06-8119-4d2c-979f-6fc4b4cddc45 with squash BENT_IDENTITY, adding.
2026-07-30T10:18:07.184Z [WARN] [TacitKnowledge] [pid-57721] No hive knowledge for f4871c4c-5942-4acc-9583-3d8daf6e597b with squash IDENTITY, adding.
2026-07-30T10:18:07.184Z [WARN] [TacitKnowledge] [pid-57721] No hive knowledge for 6505d6bc-6355-4d85-95fd-1091a0e7046b with squash SINUSOID, adding.
2026-07-30T10:18:07.184Z [WARN] [TacitKnowledge] [pid-57721] No hive knowledge for 112e84ec-3a33-4c43-8e86-e2e5794fc956 with squash BENT_IDENTITY, adding.
2026-07-30T10:18:07.184Z [WARN] [TacitKnowledge] [pid-57721] No hive knowledge for 894f1362-16c6-462f-8ed6-08e00e6bb53c with squash BENT_IDENTITY, adding.
2026-07-30T10:18:07.184Z [WARN] [TacitKnowledge] [pid-57721] No hive knowledge for ad52a7df-d5f0-4aa8-9fae-29ad2703fa3a with squash SINUSOID, adding.
2026-07-30T10:18:07.184Z [WARN] [TacitKnowledge] [pid-57721] No hive knowledge for dfb860ff-e655-49a5-b29c-2d8522b5cacd with squash IDENTITY, adding.
2026-07-30T10:18:07.184Z [WARN] [TacitKnowledge] [pid-57721] No hive knowledge for fdac4e49-3a25-4fee-9b8a-9fe1714a2b37 with squash HYPOT, adding.
2026-07-30T10:18:07.184Z [WARN] [TacitKnowledge] [pid-57721] No hive knowledge for d5879011-0a55-4684-8546-97797c01ba4a with squash COMPLEMENT, adding.
2026-07-30T10:18:07.184Z [WARN] [TacitKnowledge] [pid-57721] No hive knowledge for aeb2b882-4860-46af-a889-ed1c127be179 with squash HARD_TANH, adding.
2026-07-30T10:18:07.184Z [WARN] [TacitKnowledge] [pid-57721] No hive knowledge for be8ea94b-9aed-4a77-ba84-356a545f2cef with squash SELU, adding.
2026-07-30T10:18:07.184Z [WARN] [TacitKnowledge] [pid-57721] No hive knowledge for b66ea75e-9da5-4920-be0a-e09e558a4bd9 with squash BIPOLAR, adding.
2026-07-30T10:18:07.184Z [WARN] [TacitKnowledge] [pid-57721] No hive knowledge for e8c19057-e7a9-457d-a06b-2203156beff6 with squash BENT_IDENTITY, adding.
2026-07-30T10:18:07.184Z [WARN] [TacitKnowledge] [pid-57721] No hive knowledge for 38edd224-99c2-411d-a142-55b7008c7cc9 with squash BIPOLAR, adding.
2026-07-30T10:18:07.184Z [WARN] [TacitKnowledge] [pid-57721] No hive knowledge for 2dfd2a39-21a6-40de-838e-25dca5144257 with squash HARD_TANH, adding.
2026-07-30T10:18:07.184Z [WARN] [TacitKnowledge] [pid-57721] No hive knowledge for 1ef95b91-efe9-4bae-90e2-da3a165a011c with squash HYPOT, adding.
2026-07-30T10:18:07.184Z [WARN] [TacitKnowledge] [pid-57721] No hive knowledge for be4e5516-87c6-4991-bcff-618b2d7d72cf with squash SELU, adding.
2026-07-30T10:18:07.184Z [WARN] [TacitKnowledge] [pid-57721] No hive knowledge for 9dca7c44-3f57-4187-9a8c-6aab33418afd with squash HYPOT, adding.
2026-07-30T10:18:07.184Z [WARN] [TacitKnowledge] [pid-57721] No hive knowledge for e5924c4a-c305-4e6b-bf3a-127af46694fe with squash BIPOLAR_SIGMOID, adding.
2026-07-30T10:18:07.184Z [WARN] [TacitKnowledge] [pid-57721] No hive knowledge for 9d931d4c-7da1-43f9-9991-5bbc8fdafc1e with squash TANH, adding.
2026-07-30T10:18:07.184Z [WARN] [TacitKnowledge] [pid-57721] No hive knowledge for e0a9d8e2-a681-4e8a-af88-f037de41cb3b with squash SINUSOID, adding.
2026-07-30T10:18:07.184Z [WARN] [TacitKnowledge] [pid-57721] No hive knowledge for ac1535c0-1fa9-47f0-97a3-cd79a5fb1e1b with squash LeakyReLU, adding.
2026-07-30T10:18:07.184Z [WARN] [TacitKnowledge] [pid-57721] No hive knowledge for f600b34f-ca7b-43e8-bd60-5bd3bfc907e5 with squash Mish, adding.
2026-07-30T10:18:07.184Z [WARN] [TacitKnowledge] [pid-57721] No hive knowledge for 0382fa90-3079-41c8-84a3-410066897b2e with squash SOFTSIGN, adding.
2026-07-30T10:18:07.184Z [WARN] [TacitKnowledge] [pid-57721] No hive knowledge for 8bf6af8d-c733-4a24-81cd-7b9d413323aa with squash ABSOLUTE, adding.
2026-07-30T10:18:07.184Z [WARN] [TacitKnowledge] [pid-57721] No hive knowledge for 35348762-5485-4ea7-8ec7-bdd8e729b76e with squash IDENTITY, adding.
2026-07-30T10:18:07.184Z [WARN] [TacitKnowledge] [pid-57721] No hive knowledge for fe417eb7-0ce2-4989-80a7-dd335d0fa08e with squash IF, adding.
2026-07-30T10:18:07.184Z [WARN] [TacitKnowledge] [pid-57721] No hive knowledge for 6eb9e8c7-0a53-4c36-aed4-19847a40ee16 with squash GAUSSIAN, adding.
2026-07-30T10:18:07.184Z [WARN] [TacitKnowledge] [pid-57721] No hive knowledge for 7f3e8e30-ca33-4102-9fa5-d32a2ea2095c with squash MEAN, adding.
2026-07-30T10:18:07.184Z [WARN] [TacitKnowledge] [pid-57721] No hive knowledge for 0daf2518-7cd9-4f61-aeed-c10ca5f34254 with squash HARD_TANH, adding.
2026-07-30T10:18:07.184Z [WARN] [TacitKnowledge] [pid-57721] No hive knowledge for 33ba3d6d-7914-48bb-af82-c1258d8071d8 with squash IF, adding.
2026-07-30T10:18:07.184Z [WARN] [TacitKnowledge] [pid-57721] No hive knowledge for c62f3bb7-7ce8-4c76-8eda-2f657aac90e3 with squash GAUSSIAN, adding.
2026-07-30T10:18:07.184Z [WARN] [TacitKnowledge] [pid-57721] No hive knowledge for fdbffc1d-122f-4e85-bae9-829c834e74b5 with squash IDENTITY, adding.
2026-07-30T10:18:07.185Z [WARN] [TacitKnowledge] [pid-57721] No hive knowledge for 824cfc13-ecfd-4283-8777-2838fef415fa with squash MINIMUM, adding.
2026-07-30T10:18:07.185Z [WARN] [TacitKnowledge] [pid-57721] No hive knowledge for 84743b3f-9a4e-4fc1-8093-4818df52cf4a with squash HARD_TANH, adding.
2026-07-30T10:18:07.185Z [WARN] [TacitKnowledge] [pid-57721] No hive knowledge for ce5ddc64-d907-49bd-9a0f-01419e19adc8 with squash BIPOLAR_SIGMOID, adding.
2026-07-30T10:18:07.185Z [WARN] [TacitKnowledge] [pid-57721] No hive knowledge for a3babc81-0955-480b-8213-7cae17672423 with squash SINUSOID, adding.
2026-07-30T10:18:07.185Z [WARN] [TacitKnowledge] [pid-57721] No hive knowledge for 1be513dd-7556-4b17-8de6-34d91001f6cb with squash SELU, adding.
2026-07-30T10:18:07.185Z [WARN] [TacitKnowledge] [pid-57721] No hive knowledge for 52da34f4-3755-4803-a413-83a1729abc25 with squash BIPOLAR, adding.
2026-07-30T10:18:07.185Z [WARN] [TacitKnowledge] [pid-57721] No hive knowledge for 46e9946e-d69e-46cd-aa13-99e35479ebfc with squash SELU, adding.
2026-07-30T10:18:07.185Z [WARN] [TacitKnowledge] [pid-57721] No hive knowledge for bc2b3b87-aa8c-41df-86ee-4ebacb973fd4 with squash Softplus, adding.
2026-07-30T10:18:07.185Z [WARN] [TacitKnowledge] [pid-57721] No hive knowledge for 2e653887-8169-447f-8cce-84e05e59129d with squash SINUSOID, adding.
2026-07-30T10:18:07.185Z [WARN] [TacitKnowledge] [pid-57721] No hive knowledge for d4a35c26-bb5b-476d-b702-ca1b48987583 with squash SINUSOID, adding.
2026-07-30T10:18:07.185Z [WARN] [TacitKnowledge] [pid-57721] No hive knowledge for 0f395f74-f5cd-4de2-89dc-576706c97e90 with squash BENT_IDENTITY, adding.
2026-07-30T10:18:07.185Z [WARN] [TacitKnowledge] [pid-57721] No hive knowledge for 4adc7f51-39bc-469f-a6d9-1aa8e6847077 with squash IF, adding.
2026-07-30T10:18:07.185Z [WARN] [TacitKnowledge] [pid-57721] No hive knowledge for d3249447-fe46-4360-bb75-7e8f033c1503 with squash HARD_TANH, adding.
2026-07-30T10:18:07.185Z [WARN] [TacitKnowledge] [pid-57721] No hive knowledge for 283c539b-ded7-487d-a9e9-79135d5833a4 with squash Mish, adding.
2026-07-30T10:18:07.185Z [WARN] [TacitKnowledge] [pid-57721] No hive knowledge for cd505e4e-4818-4c19-8077-fded345e41ee with squash BENT_IDENTITY, adding.
2026-07-30T10:18:07.185Z [WARN] [TacitKnowledge] [pid-57721] No hive knowledge for 4b8b2c50-b0ac-4c9d-bdaf-eb83ca7d6f47 with squash Mish, adding.
2026-07-30T10:18:07.185Z [WARN] [TacitKnowledge] [pid-57721] No hive knowledge for 3c9a71d0-7970-4b34-b7b2-295ef3bae1d2 with squash SELU, adding.
2026-07-30T10:18:07.185Z [WARN] [TacitKnowledge] [pid-57721] No hive knowledge for f657877f-3ece-4623-a9e3-9d6ad8549d27 with squash SELU, adding.
2026-07-30T10:18:07.185Z [WARN] [TacitKnowledge] [pid-57721] No hive knowledge for 085adc81-7c34-4158-be2d-9ce10c472271 with squash ABSOLUTE, adding.
2026-07-30T10:18:07.185Z [WARN] [TacitKnowledge] [pid-57721] No hive knowledge for 063f1235-5a4d-4bca-b3c7-7500f40d9217 with squash BENT_IDENTITY, adding.
2026-07-30T10:18:07.185Z [WARN] [TacitKnowledge] [pid-57721] No hive knowledge for 737195f3-9d6a-4492-8a58-3a91d5da03ed with squash COMPLEMENT, adding.
2026-07-30T10:18:07.185Z [WARN] [TacitKnowledge] [pid-57721] No hive knowledge for cddce506-4fc7-4971-b3ca-eb378ba52e5f with squash MINIMUM, adding.
2026-07-30T10:18:07.185Z [WARN] [TacitKnowledge] [pid-57721] No hive knowledge for 1c856445-5870-4c8b-82ff-f8f4bc87ea75 with squash MEAN, adding.
2026-07-30T10:18:07.185Z [WARN] [TacitKnowledge] [pid-57721] No hive knowledge for 01a7904d-d256-4a4d-8d13-5592dce6f409 with squash BENT_IDENTITY, adding.
2026-07-30T10:18:07.185Z [WARN] [TacitKnowledge] [pid-57721] No hive knowledge for 0785918f-2997-474c-8b22-961d04629bfb with squash STEP, adding.
2026-07-30T10:18:07.185Z [WARN] [TacitKnowledge] [pid-57721] No hive knowledge for 58d30643-a685-48c8-8c44-3be3c57a53f4 with squash HARD_TANH, adding.
2026-07-30T10:18:07.185Z [WARN] [TacitKnowledge] [pid-57721] No hive knowledge for 3f4a8def-be01-40fc-90c0-fe11ff587883 with squash SOFTSIGN, adding.
2026-07-30T10:18:07.185Z [WARN] [TacitKnowledge] [pid-57721] No hive knowledge for 8d865875-1749-4333-842b-cc478194136b with squash SINUSOID, adding.
2026-07-30T10:18:07.185Z [WARN] [TacitKnowledge] [pid-57721] No hive knowledge for 4a10f402-73d0-49db-b9ce-6fb3a2855a75 with squash HYPOT, adding.
2026-07-30T10:18:07.185Z [WARN] [TacitKnowledge] [pid-57721] No hive knowledge for 4f0763e1-d504-4be3-ba24-5cf99be6d864 with squash SINUSOID, adding.
2026-07-30T10:18:07.185Z [WARN] [TacitKnowledge] [pid-57721] No hive knowledge for 86122bd9-da2b-479b-a9d0-3b8e985a03d1 with squash ELU, adding.
2026-07-30T10:18:07.185Z [WARN] [TacitKnowledge] [pid-57721] No hive knowledge for 3716b3cd-b985-4aba-8e28-e5a00dd74ed7 with squash TANH, adding.
2026-07-30T10:18:07.185Z [WARN] [TacitKnowledge] [pid-57721] No hive knowledge for 86499c48-f50d-448f-bca7-90ba2d79d65a with squash SELU, adding.
2026-07-30T10:18:07.185Z [WARN] [TacitKnowledge] [pid-57721] No hive knowledge for 54d21043-558e-4a66-9fea-90be5509740c with squash ABSOLUTE, adding.
2026-07-30T10:18:07.185Z [WARN] [TacitKnowledge] [pid-57721] No hive knowledge for a57b7855-4445-4b3e-8b78-ec809ec04478 with squash BIPOLAR_SIGMOID, adding.
2026-07-30T10:18:07.185Z [WARN] [TacitKnowledge] [pid-57721] No hive knowledge for e7d78cd1-88bb-4d9f-8adb-4c15fbcfc783 with squash ABSOLUTE, adding.
2026-07-30T10:18:07.185Z [WARN] [TacitKnowledge] [pid-57721] No hive knowledge for 03b27176-5bb7-44a9-b3ed-5920e803eef2 with squash SOFTSIGN, adding.
2026-07-30T10:18:07.185Z [WARN] [TacitKnowledge] [pid-57721] No hive knowledge for fb638f20-6d5d-4b84-8ce9-ee0acc4f4462 with squash MAXIMUM, adding.
2026-07-30T10:18:07.185Z [WARN] [TacitKnowledge] [pid-57721] No hive knowledge for 0cc085ce-1047-4d2a-8902-57376cf81929 with squash BIPOLAR_SIGMOID, adding.
2026-07-30T10:18:07.185Z [WARN] [TacitKnowledge] [pid-57721] No hive knowledge for e833ca67-e8d0-4e72-955e-af9736165b5b with squash TANH, adding.
2026-07-30T10:18:07.185Z [WARN] [TacitKnowledge] [pid-57721] No hive knowledge for ae0b5b83-f62a-419b-bd77-a58ef56f504d with squash MAXIMUM, adding.
2026-07-30T10:18:07.185Z [WARN] [TacitKnowledge] [pid-57721] No hive knowledge for 79edd642-8add-49a7-854a-5652cf5fe594 with squash STEP, adding.
2026-07-30T10:18:07.185Z [WARN] [TacitKnowledge] [pid-57721] No hive knowledge for 3194251d-d4e5-44e8-b1f0-c724dfb6a1c1 with squash BIPOLAR_SIGMOID, adding.
2026-07-30T10:18:07.185Z [WARN] [TacitKnowledge] [pid-57721] No hive knowledge for ea1286f0-249b-4101-b506-ab8a857cddfa with squash IF, adding.
2026-07-30T10:18:07.185Z [WARN] [TacitKnowledge] [pid-57721] No hive knowledge for 7dc0174c-f96b-47fc-82cf-667bc23a8e1e with squash GAUSSIAN, adding.
2026-07-30T10:18:07.185Z [WARN] [TacitKnowledge] [pid-57721] No hive knowledge for 704edec6-aac5-4daa-92eb-d5e5ba3d36bf with squash BIPOLAR, adding.
2026-07-30T10:18:07.185Z [WARN] [TacitKnowledge] [pid-57721] No hive knowledge for b08a4560-0c0d-4cfe-8b47-1826cdd97837 with squash IF, adding.
2026-07-30T10:18:07.185Z [WARN] [TacitKnowledge] [pid-57721] No hive knowledge for d5c82972-29db-4a70-8374-2b47dd2df60e with squash BENT_IDENTITY, adding.
2026-07-30T10:18:07.185Z [WARN] [TacitKnowledge] [pid-57721] No hive knowledge for 1668a56c-5506-4976-ad08-131f518cf3ac with squash HYPOT, adding.
2026-07-30T10:18:07.185Z [WARN] [TacitKnowledge] [pid-57721] No hive knowledge for fe1919d7-27c7-406d-9803-84349f7fd51e with squash IDENTITY, adding.
2026-07-30T10:18:07.185Z [WARN] [TacitKnowledge] [pid-57721] No hive knowledge for 73c4d1c2-3b6f-4c70-9792-16cb3530caae with squash SELU, adding.
2026-07-30T10:18:07.185Z [WARN] [TacitKnowledge] [pid-57721] No hive knowledge for 3a6401f9-339c-48ad-b877-38adfe6013ba with squash BIPOLAR, adding.
2026-07-30T10:18:07.185Z [WARN] [TacitKnowledge] [pid-57721] No hive knowledge for cde448a5-fcd2-4d50-a99c-9b539b560486 with squash SOFTSIGN, adding.
2026-07-30T10:18:07.185Z [WARN] [TacitKnowledge] [pid-57721] No hive knowledge for 0f091118-7e09-4f08-b16a-6df0deb8a784 with squash MINIMUM, adding.
2026-07-30T10:18:07.185Z [WARN] [TacitKnowledge] [pid-57721] No hive knowledge for 64d0fdaf-0fb2-49d6-bd66-1bd723cbea9a with squash GAUSSIAN, adding.
2026-07-30T10:18:07.185Z [WARN] [TacitKnowledge] [pid-57721] No hive knowledge for 1ff92375-dd08-47b6-ae99-59e8d092e11d with squash BENT_IDENTITY, adding.
2026-07-30T10:18:07.185Z [WARN] [TacitKnowledge] [pid-57721] No hive knowledge for be917499-6172-4134-9956-92278906176e with squash MINIMUM, adding.
2026-07-30T10:18:07.185Z [WARN] [TacitKnowledge] [pid-57721] No hive knowledge for 9a864418-ff2c-4f67-816b-0f08f29a9f52 with squash LeakyReLU, adding.
2026-07-30T10:18:07.185Z [WARN] [TacitKnowledge] [pid-57721] No hive knowledge for 5543cb04-1062-4fa6-aaf8-aaa188bfd827 with squash STEP, adding.
2026-07-30T10:18:07.185Z [WARN] [TacitKnowledge] [pid-57721] No hive knowledge for 65208fc1-9175-4e7c-989a-2a7988b424c6 with squash SELU, adding.
2026-07-30T10:18:07.185Z [WARN] [TacitKnowledge] [pid-57721] No hive knowledge for 2798251a-b05f-4954-b2bf-7dcce8fd312a with squash IDENTITY, adding.
2026-07-30T10:18:07.185Z [WARN] [TacitKnowledge] [pid-57721] No hive knowledge for c2fb1c79-a42b-43ab-ba6b-2eae07042f8f with squash TANH, adding.
2026-07-30T10:18:07.185Z [WARN] [TacitKnowledge] [pid-57721] No hive knowledge for d147f4ba-b5ce-4f0a-ad46-d4a90dbe8b3c with squash HARD_TANH, adding.
2026-07-30T10:18:07.185Z [WARN] [TacitKnowledge] [pid-57721] No hive knowledge for 77447c04-df08-4218-b602-48f39e5be2b1 with squash SELU, adding.
2026-07-30T10:18:07.185Z [WARN] [TacitKnowledge] [pid-57721] No hive knowledge for 5ce1f905-ccb1-4458-a715-e1762bf1e82d with squash BIPOLAR_SIGMOID, adding.
2026-07-30T10:18:07.185Z [WARN] [TacitKnowledge] [pid-57721] No hive knowledge for 57ef0983-5585-458b-baa8-bb8eba210514 with squash COMPLEMENT, adding.
2026-07-30T10:18:07.185Z [WARN] [TacitKnowledge] [pid-57721] No hive knowledge for 7d045d62-bcd9-4637-a264-f8678cb18ce3 with squash IF, adding.
2026-07-30T10:18:07.185Z [WARN] [TacitKnowledge] [pid-57721] No hive knowledge for 6b8f6ba0-1d1d-4903-ab42-17c8fcac042e with squash SINUSOID, adding.
2026-07-30T10:18:07.185Z [WARN] [TacitKnowledge] [pid-57721] No hive knowledge for 11fb7845-b140-4f13-ac05-2795c2889039 with squash ABSOLUTE, adding.
2026-07-30T10:18:07.185Z [WARN] [TacitKnowledge] [pid-57721] No hive knowledge for e5623104-644a-40b1-8994-2f1bd3956669 with squash HARD_TANH, adding.
2026-07-30T10:18:07.185Z [WARN] [TacitKnowledge] [pid-57721] No hive knowledge for 0031f43c-ba86-491c-beb3-83530aa2754d with squash MINIMUM, adding.
2026-07-30T10:18:07.185Z [WARN] [TacitKnowledge] [pid-57721] No hive knowledge for 5cf6c862-a62a-4055-9131-3f030c521069 with squash GAUSSIAN, adding.
2026-07-30T10:18:07.185Z [WARN] [TacitKnowledge] [pid-57721] No hive knowledge for 8f083216-5578-4a87-a215-e9fe551d00d2 with squash StdInverse, adding.
2026-07-30T10:18:07.185Z [WARN] [TacitKnowledge] [pid-57721] No hive knowledge for 0c635a67-101d-4bfe-b441-f0d33aa5fa0f with squash RELU, adding.
2026-07-30T10:18:07.185Z [WARN] [TacitKnowledge] [pid-57721] No hive knowledge for 9ccd66b0-56dc-489d-95f7-1aa5adc80859 with squash HARD_TANH, adding.
2026-07-30T10:18:07.185Z [WARN] [TacitKnowledge] [pid-57721] No hive knowledge for c360c2e6-f9e3-4793-ba20-6a30a8a27930 with squash IF, adding.
2026-07-30T10:18:07.185Z [WARN] [TacitKnowledge] [pid-57721] No hive knowledge for 98d5e343-e272-482c-af27-f5dc2516f079 with squash Swish, adding.
2026-07-30T10:18:07.185Z [WARN] [TacitKnowledge] [pid-57721] No hive knowledge for 62bb2111-fa8b-439a-8328-0d4713dbc858 with squash IF, adding.
2026-07-30T10:18:07.185Z [WARN] [TacitKnowledge] [pid-57721] No hive knowledge for 2b35aa3e-ddf0-4f73-9f3d-60676363f3fe with squash BIPOLAR, adding.
2026-07-30T10:18:07.185Z [WARN] [TacitKnowledge] [pid-57721] No hive knowledge for b6f00035-fa6c-4499-996b-a9f584f5c56c with squash RELU, adding.
2026-07-30T10:18:07.185Z [WARN] [TacitKnowledge] [pid-57721] No hive knowledge for 4094ecd6-fe8b-46b9-a844-7dd25efae7f8 with squash SOFTSIGN, adding.
2026-07-30T10:18:07.185Z [WARN] [TacitKnowledge] [pid-57721] No hive knowledge for b9417080-1204-49f8-bef5-2a6c89a51851 with squash ABSOLUTE, adding.
2026-07-30T10:18:07.185Z [WARN] [TacitKnowledge] [pid-57721] No hive knowledge for 0728120a-097f-4f2c-a705-b1dc1a378d68 with squash BENT_IDENTITY, adding.
2026-07-30T10:18:07.185Z [WARN] [TacitKnowledge] [pid-57721] No hive knowledge for 20d0eb9a-20db-44f8-aa92-20d38a7ed44b with squash SINUSOID, adding.
2026-07-30T10:18:07.185Z [WARN] [TacitKnowledge] [pid-57721] No hive knowledge for f6fdb9e0-cc7b-4715-b6dc-e4a50bcea6b0 with squash BENT_IDENTITY, adding.
2026-07-30T10:18:07.185Z [WARN] [TacitKnowledge] [pid-57721] No hive knowledge for 95891f78-de57-43d9-bf52-ca50a373d66a with squash MINIMUM, adding.
2026-07-30T10:18:07.185Z [WARN] [TacitKnowledge] [pid-57721] No hive knowledge for d1f7b4e1-7493-4476-ac16-83dab3eff5ea with squash IF, adding.
2026-07-30T10:18:07.185Z [WARN] [TacitKnowledge] [pid-57721] No hive knowledge for 4536ef00-8ad6-457b-8594-187cc29f54d2 with squash MINIMUM, adding.
2026-07-30T10:18:07.185Z [WARN] [TacitKnowledge] [pid-57721] No hive knowledge for 4e2a03b6-72f2-404f-8851-50f597de14a1 with squash BIPOLAR_SIGMOID, adding.
2026-07-30T10:18:07.185Z [WARN] [TacitKnowledge] [pid-57721] No hive knowledge for 3371c11b-8918-407e-8d8a-4061a381522e with squash HARD_TANH, adding.
2026-07-30T10:18:07.185Z [WARN] [TacitKnowledge] [pid-57721] No hive knowledge for 352235e3-6650-41f7-b730-84e91b83d13d with squash TANH, adding.
2026-07-30T10:18:07.185Z [WARN] [TacitKnowledge] [pid-57721] No hive knowledge for a87143a5-c999-4b45-8492-ec68db98cd3a with squash SELU, adding.
2026-07-30T10:18:07.185Z [WARN] [TacitKnowledge] [pid-57721] No hive knowledge for cc9f8c41-ae54-40a1-93cb-b6f3e5f780fa with squash STEP, adding.
2026-07-30T10:18:07.185Z [WARN] [TacitKnowledge] [pid-57721] No hive knowledge for c7494bf3-b646-4001-bfbf-86f5ee1bd45d with squash BENT_IDENTITY, adding.
2026-07-30T10:18:07.185Z [WARN] [TacitKnowledge] [pid-57721] No hive knowledge for f6d8902d-4f56-4ce3-8f74-4d57662f2f5d with squash IF, adding.
2026-07-30T10:18:07.185Z [WARN] [TacitKnowledge] [pid-57721] No hive knowledge for 78d33931-8a48-489d-b9e2-ea6d77fbea71 with squash IDENTITY, adding.
2026-07-30T10:18:07.185Z [WARN] [TacitKnowledge] [pid-57721] No hive knowledge for 3b718d7d-410a-4b99-bca0-037e9bbf26da with squash ABSOLUTE, adding.
2026-07-30T10:18:07.185Z [WARN] [TacitKnowledge] [pid-57721] No hive knowledge for e62c575b-feb0-41a3-acef-e6afa49c38a5 with squash MEAN, adding.
2026-07-30T10:18:07.185Z [WARN] [TacitKnowledge] [pid-57721] No hive knowledge for 635b244b-c330-403a-953d-f8f92175d506 with squash BENT_IDENTITY, adding.
2026-07-30T10:18:07.185Z [WARN] [TacitKnowledge] [pid-57721] No hive knowledge for dd3876f1-4947-416e-abbd-f6868b11ac76 with squash ABSOLUTE, adding.
2026-07-30T10:18:07.185Z [WARN] [TacitKnowledge] [pid-57721] No hive knowledge for 128aa973-7c76-4a87-9727-1c3deb675b0d with squash SINUSOID, adding.
2026-07-30T10:18:07.185Z [WARN] [TacitKnowledge] [pid-57721] No hive knowledge for 7205a670-a220-4a6b-8f9e-26273e749667 with squash TANH, adding.
2026-07-30T10:18:07.185Z [WARN] [TacitKnowledge] [pid-57721] No hive knowledge for c10739df-f575-4a07-a5e8-d3127a0320e7 with squash IDENTITY, adding.
2026-07-30T10:18:07.185Z [WARN] [TacitKnowledge] [pid-57721] No hive knowledge for industry-95th-00000 with squash MINIMUM, adding.
2026-07-30T10:18:07.185Z [WARN] [TacitKnowledge] [pid-57721] No hive knowledge for 7e448735-b983-4967-821a-be90f57ea574 with squash HARD_TANH, adding.
2026-07-30T10:18:07.185Z [WARN] [TacitKnowledge] [pid-57721] No hive knowledge for location-95th-00000 with squash MINIMUM, adding.
2026-07-30T10:18:07.185Z [WARN] [TacitKnowledge] [pid-57721] No hive knowledge for c224624b-c857-437a-98dc-a782cb59a61f with squash IF, adding.
2026-07-30T10:18:07.185Z [WARN] [TacitKnowledge] [pid-57721] No hive knowledge for 109db939-d735-47a9-a1e7-e96747f5905f with squash MINIMUM, adding.
2026-07-30T10:18:07.185Z [WARN] [TacitKnowledge] [pid-57721] No hive knowledge for 4f4417b7-d2cf-4c2f-b616-4b19af3391ba with squash MINIMUM, adding.
2026-07-30T10:18:07.185Z [WARN] [TacitKnowledge] [pid-57721] No hive knowledge for output-0 with squash HARD_TANH, adding.
[0m[38;5;245m----- post-test output end -----[0m
terminal diagnostic — tacit hive seeds baseline squashes from creature ... [0m[32mok[0m [0m[38;5;245m(3ms)[0m
[0m[38;5;245mrunning 2 tests from ./test/worker/TerminalFailureMarker.ts[0m
terminal failure via run_stage writes FAIL marker and preserves non-zero status ... [0m[32mok[0m [0m[38;5;245m(541ms)[0m
terminal time budget (124) via run_stage is not a task failure ... [0m[32mok[0m [0m[38;5;245m(608ms)[0m
[0m[38;5;245mrunning 3 tests from ./test/worker/TerminalNativeScorer.ts[0m
terminal-promote.sh builds the native scorer when invoked standalone ... [0m[32mok[0m [0m[38;5;245m(4ms)[0m
terminal-promote.sh skips the build when a parent already exported the binary path ... [0m[32mok[0m [0m[38;5;245m(1ms)[0m
terminal-promote.sh skips the build under GRQ_TERMINAL_TEST_MODE ... [0m[32mok[0m [0m[38;5;245m(1ms)[0m
[0m[38;5;245mrunning 7 tests from ./test/worker/ToolchainCacheCleanup.ts[0m
purge_deno_cache invokes `deno clean` when deno is on PATH ... [0m[32mok[0m [0m[38;5;245m(322ms)[0m
purge_deno_cache skips silently when deno is not installed ... [0m[32mok[0m [0m[38;5;245m(2ms)[0m
purge_deno_cache tolerates a non-zero `deno clean` exit ... [0m[32mok[0m [0m[38;5;245m(323ms)[0m
purge_rust_cache removes registry and git caches under CARGO_HOME ... [0m[32mok[0m [0m[38;5;245m(17ms)[0m
purge_rust_cache skips when cargo is not installed ... [0m[32mok[0m [0m[38;5;245m(2ms)[0m
purge_rust_cache skips when CARGO_HOME is missing ... [0m[32mok[0m [0m[38;5;245m(2ms)[0m
purge_toolchain_caches calls both deno and rust helpers ... [0m[32mok[0m [0m[38;5;245m(361ms)[0m
[0m[38;5;245mrunning 1 test from ./test/worker/TrainDataExchangeHeapSize.ts[0m
trainDataExchange.sh resolves MAX_HEAP_SIZE from shared/memory_calc.sh ... [0m[32mok[0m [0m[38;5;245m(6ms)[0m
[0m[38;5;245mrunning 1 test from ./test/worker/TrainDataExchangeResume.ts[0m
worker/trainDataExchange.sh — resumes from shadow after a simulated interrupt ... [0m[32mok[0m [0m[38;5;245m(837ms)[0m
[0m[38;5;245mrunning 1 test from ./test/worker/TrainDataFXResume.ts[0m
worker/trainDataFX.sh — resumes from shadow after a simulated interrupt ... [0m[32mok[0m [0m[38;5;245m(905ms)[0m
[0m[38;5;245mrunning 1 test from ./test/worker/TrainDataIndustryHeapSize.ts[0m
trainDataIndustry.sh resolves MAX_HEAP_SIZE from shared/memory_calc.sh ... [0m[32mok[0m [0m[38;5;245m(4ms)[0m
[0m[38;5;245mrunning 1 test from ./test/worker/TrainDataIndustryResume.ts[0m
worker/trainDataIndustry.sh — resumes from shadow after a simulated interrupt ... [0m[32mok[0m [0m[38;5;245m(653ms)[0m
[0m[38;5;245mrunning 8 tests from ./test/worker/TrainDataLeaseProtection.ts[0m
acquire_leased_dir_lock writes the caller PID and held-by confirms it ... [0m[32mok[0m [0m[38;5;245m(9ms)[0m
acquire_leased_dir_lock fails loud on a missing directory ... [0m[32mok[0m [0m[38;5;245m(1ms)[0m
release_leased_dir_lock removes the lease and is a no-op when absent ... [0m[32mok[0m [0m[38;5;245m(5ms)[0m
safe_remove_leased_glob keeps a live-leased dataset and removes an unleased one ... [0m[32mok[0m [0m[38;5;245m(10ms)[0m
broken lease is detectable so the task can fail loud (discovery contract, #3518) ... [0m[32mok[0m [0m[38;5;245m(5ms)[0m
cleanup_cache.sh heavy purge skips a live-leased dataset (GRQ-23, #3518) ... [0m[32mok[0m [0m[38;5;245m(71ms)[0m
pre_health_cleanup.sh skips a live-leased dataset at low disk (#3518) ... [0m[32mok[0m [0m[38;5;245m(415ms)[0m
disk_guard purge step skips a live-leased dataset (#3518) ... [0m[32mok[0m [0m[38;5;245m(16ms)[0m
[0m[38;5;245mrunning 1 test from ./test/worker/TrainDataLocationHeapSize.ts[0m
trainDataLocation.sh resolves MAX_HEAP_SIZE from shared/memory_calc.sh ... [0m[32mok[0m [0m[38;5;245m(5ms)[0m
[0m[38;5;245mrunning 1 test from ./test/worker/TrainDataLocationResume.ts[0m
worker/trainDataLocation.sh — resumes from shadow after a simulated interrupt ... [0m[32mok[0m [0m[38;5;245m(624ms)[0m
[0m[38;5;245mrunning 3 tests from ./test/worker/TrainDataMarketDataClone.ts[0m
trainDataStocks.sh (Cluster mode) does NOT fetch market data on the remote fast path (#3403) ... [0m[32mok[0m [0m[38;5;245m(1s)[0m
trainDataStocks.sh (Cluster mode) reaches ./repos.sh on the generation path (#3403) ... [0m[32mok[0m [0m[38;5;245m(1s)[0m
repos.sh fetches market data via alphavantage.sh (genuine-consumer path, #3403) ... [0m[32mok[0m [0m[38;5;245m(609ms)[0m
[0m[38;5;245mrunning 9 tests from ./test/worker/TrainDataSentimentClone.ts[0m
trainDataStocks.sh does NOT fetch GRQ-sentiment-* on the remote fast path (#3398) ... [0m[32mok[0m [0m[38;5;245m(1s)[0m
trainDataIndustry.sh does NOT fetch GRQ-sentiment-* on the remote fast path (#3398) ... [0m[32mok[0m [0m[38;5;245m(960ms)[0m
trainDataLocation.sh does NOT fetch GRQ-sentiment-* on the remote fast path (#3398) ... [0m[32mok[0m [0m[38;5;245m(942ms)[0m
trainDataFX.sh does NOT fetch GRQ-sentiment-* on the remote fast path (#3398) ... [0m[32mok[0m [0m[38;5;245m(932ms)[0m
trainDataExchange.sh does NOT fetch GRQ-sentiment-* on the remote fast path (#3398) ... [0m[32mok[0m [0m[38;5;245m(954ms)[0m
trainDataExchange.sh runs ./repos.sh with GRQ_SKIP_SENTIMENT=1 on the generation path (#3398) ... [0m[32mok[0m [0m[38;5;245m(1s)[0m
trainDataStocks.sh runs ./repos.sh without GRQ_SKIP_SENTIMENT on the generation path (#3398) ... [0m[32mok[0m [0m[38;5;245m(1s)[0m
repos.sh clones GRQ-sentiment-* by default (generation / scoring path, #3398) ... [0m[32mok[0m [0m[38;5;245m(605ms)[0m
repos.sh skips GRQ-sentiment-* when GRQ_SKIP_SENTIMENT=1 (#3398) ... [0m[32mok[0m [0m[38;5;245m(598ms)[0m
[0m[38;5;245mrunning 1 test from ./test/worker/TrainDataShadow.ts[0m
worker/shared/train_data_shadow.sh — seed / preserve / cleanup paths ... [0m[32mok[0m [0m[38;5;245m(81ms)[0m
[0m[38;5;245mrunning 2 tests from ./test/worker/TrainDataStocksHeapSize.ts[0m
trainDataStocks.sh resolves TRAIN_WORKER_MAX_OLD_SPACE_MB from memory_calc.sh ... [0m[32mok[0m [0m[38;5;245m(4ms)[0m
trainDataStocks.sh TRAIN_WORKER_MAX_OLD_SPACE_MB env override still works ... [0m[32mok[0m [0m[38;5;245m(2ms)[0m
[0m[38;5;245mrunning 1 test from ./test/worker/UpdateHealthRepo.ts[0m
update_health_repo — bash tests pass ... [0m[32mok[0m [0m[38;5;245m(5s)[0m
[0m[38;5;245mrunning 3 tests from ./test/worker/UpgradeAllowNet.ts[0m
worker/sampler.sh grants --allow-net=jsr.io:443 to Upgrade.ts (#2282) ... [0m[32mok[0m [0m[38;5;245m(635µs)[0m
worker/teams/run.sh grants --allow-net=jsr.io:443 to Upgrade.ts (#2282) ... [0m[32mok[0m [0m[38;5;245m(506µs)[0m
Upgrade.ts CLI does not throw 'reading length' when granted net+import (#2282) ... [0m[32mok[0m [0m[38;5;245m(3s)[0m
[0m[38;5;245mrunning 5 tests from ./test/worker/UpgradeJqResilience.ts[0m
upgrade() handles file deleted between -f check and jq call (#1731) ... [0m[32mok[0m [0m[38;5;245m(10ms)[0m
upgrade() with || fallback survives missing file (#1731) ... [0m[32mok[0m [0m[38;5;245m(6ms)[0m
upgrade() with || fallback works for existing valid files (#1731) ... [0m[32mok[0m [0m[38;5;245m(4ms)[0m
sampler.sh upgrade function handles deleted file gracefully (#1731) ... [0m[32mok[0m [0m[38;5;245m(7ms)[0m
teams/run.sh version safety check handles missing file (#1731) ... [0m[32mok[0m [0m[38;5;245m(5ms)[0m
[0m[38;5;245mrunning 9 tests from ./test/worker/UpgradeShIntegrityCheck.ts[0m
verify_sha256.sh exists and is executable as a sourceable file ... [0m[32mok[0m [0m[38;5;245m(377µs)[0m
verify_sha256 returns 0 when hash matches ... [0m[32mok[0m [0m[38;5;245m(13ms)[0m
verify_sha256 returns non-zero and reports mismatch ... [0m[32mok[0m [0m[38;5;245m(5ms)[0m
verify_sha256 fails when file is missing ... [0m[32mok[0m [0m[38;5;245m(3ms)[0m
verify_sha256 fails when expected hash is empty ... [0m[32mok[0m [0m[38;5;245m(3ms)[0m
upgrade.sh sources verify_sha256 and refuses to exec install.sh on mismatch ... [0m[32mok[0m [0m[38;5;245m(5ms)[0m
upgrade.sh exposes pinned constants resolvable by the shell ... [0m[32mok[0m [0m[38;5;245m(11ms)[0m
upgrade.sh hardened flow: private dir is unwritable by others and survives a TOCTOU rewrite attempt ... [0m[32mok[0m [0m[38;5;245m(13ms)[0m
upgrade.sh install path aborts on tampered install.sh and never executes it ... [0m[32mok[0m [0m[38;5;245m(6ms)[0m
[0m[38;5;245mrunning 1 test from ./test/worker/UtcDate.ts[0m
worker/shared/utc_date.sh — UTC date functions are consistent ... [0m[32mok[0m [0m[38;5;245m(30ms)[0m
[0m[38;5;245mrunning 4 tests from ./test/worker/ValidateJsonShell.ts[0m
validate_json.sh staged validates only staged JSON files ... [0m[32mok[0m [0m[38;5;245m(80ms)[0m
validate_json.sh staged fails on invalid staged JSON and writes diagnostics ... [0m[32mok[0m [0m[38;5;245m(404ms)[0m
validate_json.sh git_range validates JSON changed between refs ... [0m[32mok[0m [0m[38;5;245m(168ms)[0m
validate_json.sh changed includes untracked JSON files ... [0m[32mok[0m [0m[38;5;245m(96ms)[0m
[0m[38;5;245mrunning 1 test from ./test/worker/ValidationCsvRowGuard.ts[0m
worker/validation.sh — preserves published market data + fails loud on shrink (#3099) ... [0m[32mok[0m [0m[38;5;245m(1s)[0m
[0m[38;5;245mrunning 1 test from ./test/worker/ValidationScoresIndexGuard.ts[0m
worker/validation.sh — restores index + fails loud on published-date regression (#3100) ... [0m[32mok[0m [0m[38;5;245m(1s)[0m
[0m[38;5;245mrunning 9 tests from ./test/worker/WasmActivationHealth.ts[0m
wasm_activation_health — empty log emits zero summary ... [0m[32mok[0m [0m[38;5;245m(13ms)[0m
wasm_activation_health — counts N failures and extracts UUID + stage ... [0m[32mok[0m [0m[38;5;245m(18ms)[0m
wasm_activation_health — no stage marker reports stage=unknown ... [0m[32mok[0m [0m[38;5;245m(16ms)[0m
wasm_activation_health — custom anchor via env ... [0m[32mok[0m [0m[38;5;245m(12ms)[0m
wasm_activation_health — missing log file is safe ... [0m[32mok[0m [0m[38;5;245m(1ms)[0m
wasm_activation_health — no log path argument is safe ... [0m[32mok[0m [0m[38;5;245m(1ms)[0m
wasm_activation_health — default anchors cover both producer messages (#2286) ... [0m[32mok[0m [0m[38;5;245m(18ms)[0m
wasm_activation_health — explicit WASM_ACTIVATION_HEALTH_ANCHORS list (#2286) ... [0m[32mok[0m [0m[38;5;245m(16ms)[0m
wasm_activation_health — counts WASM activation load failure (requireWasm path) (#3422) ... [0m[32mok[0m [0m[38;5;245m(16ms)[0m
[0m[38;5;245mrunning 2 tests from ./test/worker/WorkerHeapHarmonisation.ts[0m
worker/shared/memory_calc.sh exports MAX_HEAP_SIZE as a positive integer (#2098) ... [0m[32mok[0m [0m[38;5;245m(5ms)[0m
worker/shared/memory_calc.sh is safe to source multiple times (#2098) ... [0m[32mok[0m [0m[38;5;245m(3ms)[0m
[0m[38;5;245mrunning 1 test from ./test/worker/WorldUncertaintyHealth.ts[0m
worldUncertaintyIndex health tracking — bash tests pass ... [0m[32mok[0m [0m[38;5;245m(1s)[0m
[0m[38;5;245mrunning 2 tests from ./test/worker/fxShell.ts[0m
worker/fx.sh --help prints usage and exits cleanly (no side effects) ... [0m[32mok[0m [0m[38;5;245m(14ms)[0m
worker/fx.sh rejects unknown args with usage and non-zero exit (no side effects) ... [0m[32mok[0m [0m[38;5;245m(11ms)[0m
[0m[38;5;245mrunning 8 tests from ./test/worker/memoryCalcGrowthReserve.ts[0m
growth reserve: default is 15% of the available snapshot ... [0m[32mok[0m [0m[38;5;245m(5ms)[0m
growth reserve: GRQ_MEMORY_GROWTH_RESERVE_PCT overrides the percentage ... [0m[32mok[0m [0m[38;5;245m(2ms)[0m
growth reserve: GRQ_MEMORY_GROWTH_RESERVE_MB sets an absolute reserve ... [0m[32mok[0m [0m[38;5;245m(2ms)[0m
growth reserve: out-of-range percentage falls back to 15% ... [0m[32mok[0m [0m[38;5;245m(5ms)[0m
rust budget: subtracts the growth reserve (16 GB host) ... [0m[32mok[0m [0m[38;5;245m(4ms)[0m
rust budget: leaves headroom — sum stays strictly below available (elephant #3182) ... [0m[32mok[0m [0m[38;5;245m(4ms)[0m
rust budget: growth reserve can be tuned off via GRQ_MEMORY_GROWTH_RESERVE_MB=0 ... [0m[32mok[0m [0m[38;5;245m(3ms)[0m
rust budget: still floors at 256 MB when reserve would drive it negative ... [0m[32mok[0m [0m[38;5;245m(3ms)[0m
[0m[38;5;245mrunning 9 tests from ./test/worker/memoryCalcHeadroom.ts[0m
memory_calc #1768: 1536 MB headroom subtracted before percentage ... [0m[32mok[0m [0m[38;5;245m(7ms)[0m
memory_calc #1768: default percentage is 65 (was 80) ... [0m[32mok[0m [0m[38;5;245m(5ms)[0m
memory_calc #1768: 8 GB host yields MAX_HEAP_SIZE <= 4 GB ... [0m[32mok[0m [0m[38;5;245m(5ms)[0m
memory_calc #1768: GRQ-13 (8 GB sloth host) heap <= 4 GB ... [0m[32mok[0m [0m[38;5;245m(5ms)[0m
memory_calc #1768: heap floors when the budget is below the headroom ... [0m[32mok[0m [0m[38;5;245m(5ms)[0m
memory_calc #1768: heap capped at 24576 MB for very large hosts ... [0m[32mok[0m [0m[38;5;245m(5ms)[0m
memory_calc #1768: MEMORY_FFI_OS_HEADROOM_MB is overridable ... [0m[32mok[0m [0m[38;5;245m(5ms)[0m
memory_calc #3712: 8 GB host — heap + FFI/OS headroom fits physical RAM ... [0m[32mok[0m [0m[38;5;245m(5ms)[0m
memory_calc #3712: heap + headroom never exceeds physical RAM ... [0m[32mok[0m [0m[38;5;245m(35ms)[0m
[0m[38;5;245mrunning 12 tests from ./test/worker/memoryCalcRamCap.ts[0m
memory_calc: 15GB machine gets heap under upper cap ... [0m[32mok[0m [0m[38;5;245m(7ms)[0m
memory_calc: 96GB machine gets heap capped at 24576 MB ... [0m[32mok[0m [0m[38;5;245m(5ms)[0m
memory_calc: 192GB machine gets heap capped at 24576 MB ... [0m[32mok[0m [0m[38;5;245m(5ms)[0m
memory_calc: 32GB machine sizes from the stable budget, below the cap (#3712) ... [0m[32mok[0m [0m[38;5;245m(4ms)[0m
memory_calc: 64GB machine sizes from the stable budget, below the cap (#3712) ... [0m[32mok[0m [0m[38;5;245m(4ms)[0m
memory_calc: 4GB machine gets post-headroom heap (#1768) ... [0m[32mok[0m [0m[38;5;245m(5ms)[0m
memory_calc: 2GB machine gets post-headroom heap above minimum ... [0m[32mok[0m [0m[38;5;245m(4ms)[0m
memory_calc: 1GB machine gets minimum heap of 1536 MB ... [0m[32mok[0m [0m[38;5;245m(4ms)[0m
memory_calc: 8GB machine gets post-headroom heap (#1768) ... [0m[32mok[0m [0m[38;5;245m(4ms)[0m
memory_calc: 16GB machine post-headroom heap (#1768) ... [0m[32mok[0m [0m[38;5;245m(5ms)[0m
memory_calc: 20GB machine post-headroom heap under the cap (#1768) ... [0m[32mok[0m [0m[38;5;245m(4ms)[0m
memory_calc: heap never exceeds physical RAM ... [0m[32mok[0m [0m[38;5;245m(49ms)[0m
[0m[38;5;245mrunning 7 tests from ./test/worker/memoryCalcRustBudget.ts[0m
memory_calc: get_rust_memory_budget_mb returns positive value ... [0m[32mok[0m [0m[38;5;245m(6ms)[0m
memory_calc: get_rust_memory_budget_mb subtracts heap and safety margin ... [0m[32mok[0m [0m[38;5;245m(3ms)[0m
memory_calc: get_rust_memory_budget_mb floors at 256 MB ... [0m[32mok[0m [0m[38;5;245m(4ms)[0m
memory_calc: get_rust_memory_budget_mb floors when available equals heap ... [0m[32mok[0m [0m[38;5;245m(4ms)[0m
memory_calc: get_rust_memory_budget_mb works with real system memory ... [0m[32mok[0m [0m[38;5;245m(22ms)[0m
memory_calc: rust budget never exceeds available minus heap ... [0m[32mok[0m [0m[38;5;245m(15ms)[0m
memory_calc: OOM scenario from GRQ-22-sloth (#1567) ... [0m[32mok[0m [0m[38;5;245m(4ms)[0m
[0m[38;5;245mrunning 13 tests from ./test/worker/memoryCalcStableHostSizing.ts[0m
memory_calc: get_available_memory_mb returns a positive value ... [0m[32mok[0m [0m[38;5;245m(17ms)[0m
memory_calc: get_available_memory_mb returns less than total RAM ... [0m[32mok[0m [0m[38;5;245m(16ms)[0m
memory_calc #3712: constrained ≥16 GB host gets the same grant as an idle one ... [0m[32mok[0m [0m[38;5;245m(10ms)[0m
memory_calc #2243: the scorer's 4096 MB floor still applies on a ≥16 GB host ... [0m[32mok[0m [0m[38;5;245m(4ms)[0m
memory_calc #3294: GRQ-22 aggregate fits available (heap+rust+envelope+margin+growth ≤ available) ... [0m[32mok[0m [0m[38;5;245m(9ms)[0m
memory_calc #3294: worker envelope and per-worker cap are non-negative ... [0m[32mok[0m [0m[38;5;245m(9ms)[0m
memory_calc: a drained 16 GB host still clears the scorer floor ... [0m[32mok[0m [0m[38;5;245m(5ms)[0m
memory_calc: heap scales with host RAM, not with free RAM ... [0m[32mok[0m [0m[38;5;245m(4ms)[0m
memory_calc: heap respects minimum floor on micro hosts ... [0m[32mok[0m [0m[38;5;245m(5ms)[0m
memory_calc: max cap applies to very large hosts ... [0m[32mok[0m [0m[38;5;245m(5ms)[0m
memory_calc: existing get_total_memory_gb unchanged ... [0m[32mok[0m [0m[38;5;245m(4ms)[0m
memory_calc: Discovery 50% scenario — OOM machine (#1564) ... [0m[32mok[0m [0m[38;5;245m(4ms)[0m
memory_calc: heap never exceeds physical RAM across machine sizes ... [0m[32mok[0m [0m[38;5;245m(24ms)[0m
[0m[38;5;245mrunning 11 tests from ./test/worker/memoryStartupLog.ts[0m
log_memory_startup_info: emits info line with heap, total RAM, and available memory ... [0m[32mok[0m [0m[38;5;245m(6ms)[0m
log_memory_startup_info: info line contains all three memory metrics ... [0m[32mok[0m [0m[38;5;245m(3ms)[0m
log_memory_startup_info: emits warning when heap exceeds available memory ... [0m[32mok[0m [0m[38;5;245m(3ms)[0m
log_memory_startup_info: warning contains both heap and available values ... [0m[32mok[0m [0m[38;5;245m(3ms)[0m
log_memory_startup_info: no warning when heap is within available memory ... [0m[32mok[0m [0m[38;5;245m(3ms)[0m
log_memory_startup_info: no warning when heap equals available memory ... [0m[32mok[0m [0m[38;5;245m(3ms)[0m
log_memory_startup_info: works with small machines ... [0m[32mok[0m [0m[38;5;245m(3ms)[0m
log_memory_startup_info: works with large machines ... [0m[32mok[0m [0m[38;5;245m(3ms)[0m
log_memory_plan_info: single line contains all six plan fields ... [0m[32mok[0m [0m[38;5;245m(2ms)[0m
log_memory_plan_info: emits a value for a zero envelope (constrained host) ... [0m[32mok[0m [0m[38;5;245m(2ms)[0m
log_memory_startup_info: reproduces issue #1566 scenario exactly ... [0m[32mok[0m [0m[38;5;245m(3ms)[0m
[0m[38;5;245mrunning 5 tests from ./test/worker/shared/SparseRatio.ts[0m
sparse_ratio.sh: random draws only ever yield the candidate set ... [0m[32mok[0m [0m[38;5;245m(88ms)[0m
sparse_ratio.sh: sparse_ratio_value picks lazily when no pick has run ... [0m[32mok[0m [0m[38;5;245m(3ms)[0m
sparse_ratio.sh: SPARSE_RATIO override pins a candidate value ... [0m[32mok[0m [0m[38;5;245m(10ms)[0m
sparse_ratio.sh: out-of-set override warns loudly and a candidate is drawn ... [0m[32mok[0m [0m[38;5;245m(2ms)[0m
sparse_ratio.sh: a non-numeric override is rejected, not passed through ... [0m[32mok[0m [0m[38;5;245m(2ms)[0m
[0m[38;5;245mrunning 5 tests from ./test/worker/shared/TrainingSampleRate.ts[0m
training_sample_rate.sh: random draws only ever yield the candidate set ... [0m[32mok[0m [0m[38;5;245m(87ms)[0m
training_sample_rate.sh: training_sample_rate_value picks lazily when no pick has run ... [0m[32mok[0m [0m[38;5;245m(3ms)[0m
training_sample_rate.sh: TRAINING_SAMPLE_RATE override pins a candidate value ... [0m[32mok[0m [0m[38;5;245m(10ms)[0m
training_sample_rate.sh: out-of-set override warns loudly and a candidate is drawn ... [0m[32mok[0m [0m[38;5;245m(2ms)[0m
training_sample_rate.sh: a non-numeric override is rejected, not passed through ... [0m[32mok[0m [0m[38;5;245m(2ms)[0m

[0m[1m[37m[41m ERRORS [0m

learn.sh execs deno (Learn.ts) directly with the soft --timeout, not an OS timeout(1) wrapper [0m[38;5;245m=> ./test/worker/LearnNoHardTimeout.ts:108:6[0m
[0m[1m[31merror[0m: AssertionError: Values are not equal: extracted deno-run block failed: /bin/bash: line 15: trainingSampleRate: unbound variable



    [90m[1m[Diff][22m[39m [31m[1mActual[22m[39m / [32m[1mExpected[22m[39m


[31m[1m-   1[22m[39m
[32m[1m+   0[22m[39m

  throw new AssertionError(message);
[0m[31m        ^[0m
    at [0m[1m[3massertEquals[0m ([0m[36mhttps://jsr.io/@std/assert/1.0.19/equals.ts[0m:[0m[33m67[0m:[0m[33m9[0m)
    at [0m[2m[38;5;245mfile:///Users/nigelleck/src/GRQ/[0m[0m[36mtest/worker/LearnNoHardTimeout.ts[0m:[0m[33m164[0m:[0m[33m7[0m

learn.sh Learn.ts invocation grants the perms the WASM cache needs (#3645) [0m[38;5;245m=> ./test/worker/NeatAiWasmCache.ts:110:6[0m
[0m[1m[31merror[0m: AssertionError: Values are not equal: extracted deno-run block failed: /bin/bash: line 15: trainingSampleRate: unbound variable



    [90m[1m[Diff][22m[39m [31m[1mActual[22m[39m / [32m[1mExpected[22m[39m


[31m[1m-   1[22m[39m
[32m[1m+   0[22m[39m

  throw new AssertionError(message);
[0m[31m        ^[0m
    at [0m[1m[3massertEquals[0m ([0m[36mhttps://jsr.io/@std/assert/1.0.19/equals.ts[0m:[0m[33m67[0m:[0m[33m9[0m)
    at [0m[1m[3mrecordLearnDenoArgv[0m ([0m[2m[38;5;245mfile:///Users/nigelleck/src/GRQ/[0m[0m[36mtest/worker/NeatAiWasmCache.ts[0m:[0m[33m98[0m:[0m[33m5[0m)
    at async [0m[2m[38;5;245mfile:///Users/nigelleck/src/GRQ/[0m[0m[36mtest/worker/NeatAiWasmCache.ts[0m:[0m[33m113[0m:[0m[33m18[0m

bash and Deno read the same curated table (#3744) [0m[38;5;245m=> ./test/worker/SquashWeightsParity.ts:13:6[0m
[0m[1m[31merror[0m: AssertionError: Values are not equal.


    [90m[1m[Diff][22m[39m [31m[1mActual[22m[39m / [32m[1mExpected[22m[39m


[37m    [[39m
[37m      "ABSOLUTE",[39m
[37m      "ArcTan",[39m
[37m      "BENT_IDENTITY",[39m
[37m      "Cosine",[39m
[37m      "Cube",[39m
[37m      "ELU",[39m
[37m      "GAUSSIAN",[39m
[37m      "GELU",[39m
[37m      "HARD_TANH",[39m
[37m      "ISRU",[39m
[37m      "LOGISTIC",[39m
[37m      "LogSigmoid",[39m
[37m      "Mish",[39m
[37m      "ReLU",[39m
[37m      "SELU",[39m
[37m      "SINE",[39m
[31m[1m-     "Softplus",[22m[39m
[37m      "SOFTSIGN",[39m
[32m[1m+     "Softplus",[22m[39m
[37m      "Swish",[39m
[37m      "TANH",[39m
[37m    ][39m

  throw new AssertionError(message);
[0m[31m        ^[0m
    at [0m[1m[3massertEquals[0m ([0m[36mhttps://jsr.io/@std/assert/1.0.19/equals.ts[0m:[0m[33m67[0m:[0m[33m9[0m)
    at [0m[2m[38;5;245mfile:///Users/nigelleck/src/GRQ/[0m[0m[36mtest/worker/SquashWeightsParity.ts[0m:[0m[33m29[0m:[0m[33m3[0m

[0m[1m[37m[41m FAILURES [0m

learn.sh execs deno (Learn.ts) directly with the soft --timeout, not an OS timeout(1) wrapper [0m[38;5;245m=> ./test/worker/LearnNoHardTimeout.ts:108:6[0m
learn.sh Learn.ts invocation grants the perms the WASM cache needs (#3645) [0m[38;5;245m=> ./test/worker/NeatAiWasmCache.ts:110:6[0m
bash and Deno read the same curated table (#3744) [0m[38;5;245m=> ./test/worker/SquashWeightsParity.ts:13:6[0m

[0m[31mFAILED[0m | 6172 passed (42 steps) | 3 failed | 7 ignored [0m[38;5;245m(38m32s)[0m

[0m[1m[31merror[0m: Test failed
❌ deno test failed (exit 1)
