================ Clean up START ================
Version 1.3.3
Disk usage:
Filesystem        Size  Used Avail Use% Mounted on
devtmpfs          4.0M     0  4.0M   0% /dev
tmpfs             7.7G     0  7.7G   0% /dev/shm
tmpfs             3.1G  448K  3.1G   1% /run
/dev/nvme0n1p1     40G  2.4G   38G   6% /
tmpfs             7.7G  4.0K  7.7G   1% /tmp
/dev/nvme0n1p128   10M  1.4M  8.7M  14% /boot/efi
/dev/nvme1n1      434G   17G  396G   4% /data
tmpfs             1.6G     0  1.6G   0% /run/user/1001
Uptime:  06:19:31 up  8:24,  0 users,  load average: 3.33, 4.69, 4.85
USER         PID    PPID COMMAND
GRQ        22988   22940 (sd-pam)
GRQ        23095   22698 /bin/bash /data/GRQ/run.sh --option=industry
GRQ        26613   23095 /bin/bash ./check_spot_termination.sh
GRQ        96151   26613 sleep 5
GRQ        96153   23095 /bin/bash ./run.sh --run-once
GRQ        96169   96153 /bin/bash worker/node.sh
GRQ        96178   96169 ps -U GRQ -o user,pid,ppid,command
Host: ip-10-0-33-81
IP: 10.0.33.81
Number of CPUs: 8
Available Memory: 15Gi
================ Clean up ENDED ================
Use local deno
PATH: /data/GRQ/.deno/bin:/usr/local/sbin:/usr/local/bin:/usr/sbin:/usr/bin:/sbin:/bin:/var/lib/snapd/snap/bin
deno 2.4.3 (stable, release, aarch64-unknown-linux-gnu)
v8 13.7.152.14-rusty
typescript 5.8.3
aws-cli/2.23.11 Python/3.9.21 Linux/6.1.130-139.222.amzn2023.aarch64 source/aarch64.amzn.2023
Option: industry
Starting Industry... Wed Aug  6 06:19:31 AM UTC 2025
Already up to date.
📥 Pulling GRQ-industryV2 with --ours strategy...
📦 No local changes or untracked files - checking remote state
🔄 Resetting to remote state (commit: e6fd82dd)
HEAD is now at e6fd82d ip-10-0-33-81 Improved Industry models
✅ Successfully reset to remote state - all models updated by another machine
✅ GRQ-industryV2 pull succeeded in 7 seconds
Fetching S3 checksum file from: s3://grq-trainingdata/trainData-industry_88/checksum.sha256
Checksum matches. Skipping data file download.
🧹 Removing: trainData-industry_*
📥 Pulling GRQ-portfolio with --ours strategy...
📦 No local changes or untracked files - checking remote state
🔄 Resetting to remote state (commit: 6efea1f5)
HEAD is now at 6efea1f REJECTED 38.66% -> 29.83% Delta -8.831
✅ Successfully reset to remote state - all models updated by another machine
✅ GRQ-portfolio pull succeeded in 7 seconds
AGRICULTURAL_SERVICES , score: 0.8088070590712548
Skipping (good score) AGRICULTURAL_SERVICES , score: 0.809
COMMUNICATIONS_EQUIPMENT_NEC , score: 0.8649502346147064
Skipping (good score) COMMUNICATIONS_EQUIPMENT_NEC , score: 0.865
WHOLESALE-MOTOR_VEHICLE_SUPPLIES-NEW_PARTS , score: 0.8696804189525106
Skipping (good score) WHOLESALE-MOTOR_VEHICLE_SUPPLIES-NEW_PARTS , score: 0.870
WHOLESALE-METALS_SERVICE_CENTERS-OFFICES , score: 0.8605447809753868
Skipping (good score) WHOLESALE-METALS_SERVICE_CENTERS-OFFICES , score: 0.861
ELECTRONIC_COMPUTERS , score: 0.9079997115336358
Skipping (good score) ELECTRONIC_COMPUTERS , score: 0.908
CONSTRUCTION_MINING-MATERIALS_HANDLING_MACHINERY-EQUIP , score: 0.7426114113927913
Skipping (good score) CONSTRUCTION_MINING-MATERIALS_HANDLING_MACHINERY-EQUIP , score: 0.743
WOMENS_MISSES_AND_JUNIORS_OUTERWEAR , score: 0.8981965496455968
Skipping (good score) WOMENS_MISSES_AND_JUNIORS_OUTERWEAR , score: 0.898
MEDICINAL_CHEMICALS-BOTANICAL_PRODUCTS , score: 0.8295694167792256
Skipping (good score) MEDICINAL_CHEMICALS-BOTANICAL_PRODUCTS , score: 0.830
FINANCE_SERVICES , score: 0.920507303963884
Skipping (good score) FINANCE_SERVICES , score: 0.921
SECURITY-COMMODITY_BROKERS_DEALERS_EXCHANGES-SERVICES , score: 0.9197073844419363
Skipping (good score) SECURITY-COMMODITY_BROKERS_DEALERS_EXCHANGES-SERVICES , score: 0.920
SERVICES-NURSING-PERSONAL_CARE_FACILITIES , score: 0.822482592489047
Skipping (good score) SERVICES-NURSING-PERSONAL_CARE_FACILITIES , score: 0.822
WHOLESALE-HARDWARE , score: 0.9351329063332141
Skipping (good score) WHOLESALE-HARDWARE , score: 0.935
PUMPS-PUMPING_EQUIPMENT , score: 0.8794548728870153
Skipping (good score) PUMPS-PUMPING_EQUIPMENT , score: 0.879
NATURAL_GAS_TRANSMISISON-DISTRIBUTION , score: 0.8908951732687896
Skipping (good score) NATURAL_GAS_TRANSMISISON-DISTRIBUTION , score: 0.891
SERVICES-FACILITIES_SUPPORT_MANAGEMENT_SERVICES , score: 0.9257406283128312
Skipping (good score) SERVICES-FACILITIES_SUPPORT_MANAGEMENT_SERVICES , score: 0.926
ABRASIVE_ASBESTOS-MISC_NONMETALLIC_MINERAL_PRODS , score: 0.8826924645449614
Skipping (good score) ABRASIVE_ASBESTOS-MISC_NONMETALLIC_MINERAL_PRODS , score: 0.883
METAL_CANS , score: 0.8795162065824684
Skipping (good score) METAL_CANS , score: 0.880
AIRCRAFT_ENGINES-ENGINE_PARTS , score: 0.8705996692012966
Skipping (good score) AIRCRAFT_ENGINES-ENGINE_PARTS , score: 0.871
PUBLIC_BLDG-RELATED_FURNITURE , score: 0.9861129813440206
Skipping (good score) PUBLIC_BLDG-RELATED_FURNITURE , score: 0.986
ELECTRONIC_COMPONENTS-ACCESSORIES , score: 0.9020710110257505
Skipping (good score) ELECTRONIC_COMPONENTS-ACCESSORIES , score: 0.902
RETAIL-COMPUTER-COMPUTER_SOFTWARE_STORES , score: 0.9081718284704373
Skipping (good score) RETAIL-COMPUTER-COMPUTER_SOFTWARE_STORES , score: 0.908
HEAVY_CONSTRUCTION_OTHER_THAN_BLDG_CONST-CONTRACTORS , score: 0.8691027595124837
Skipping (good score) HEAVY_CONSTRUCTION_OTHER_THAN_BLDG_CONST-CONTRACTORS , score: 0.869
FABRICATED_PLATE_WORK_BOILER_SHOPS , score: 0.8501072285784397
Skipping (good score) FABRICATED_PLATE_WORK_BOILER_SHOPS , score: 0.850
RADIO_BROADCASTING_STATIONS , score: 0.8511655805222196
Skipping (good score) RADIO_BROADCASTING_STATIONS , score: 0.851
SHIP-BOAT_BUILDING-REPAIRING , score: 0.8603277328357547
Skipping (good score) SHIP-BOAT_BUILDING-REPAIRING , score: 0.860
COMPUTER_STORAGE_DEVICES , score: 0.88090209222664
Skipping (good score) COMPUTER_STORAGE_DEVICES , score: 0.881
CONSTRUCTION-SPECIAL_TRADE_CONTRACTORS , score: 0.860432458952837
Skipping (good score) CONSTRUCTION-SPECIAL_TRADE_CONTRACTORS , score: 0.860
HAZARDOUS_WASTE_MANAGEMENT , score: 0.8656366581185975
Skipping (good score) HAZARDOUS_WASTE_MANAGEMENT , score: 0.866
GRAIN_MILL_PRODUCTS , score: 0.8988177800972438
Skipping (good score) GRAIN_MILL_PRODUCTS , score: 0.899
ELECTRIC_LIGHTING-WIRING_EQUIPMENT , score: 0.7860778991843491
Skipping (good score) ELECTRIC_LIGHTING-WIRING_EQUIPMENT , score: 0.786
BITUMINOUS_COAL-LIGNITE_SURFACE_MINING , score: 0.8642182293338234
Skipping (good score) BITUMINOUS_COAL-LIGNITE_SURFACE_MINING , score: 0.864
AGRICULTURAL_PRODUCTION-CROPS , score: 0.8610388451900198
Skipping (good score) AGRICULTURAL_PRODUCTION-CROPS , score: 0.861
GASKETS_PACKG-SEALG_DEVICES-RUBBER-PLASTICS_HOSE , score: 0.8704644120172617
Skipping (good score) GASKETS_PACKG-SEALG_DEVICES-RUBBER-PLASTICS_HOSE , score: 0.870
WHOLESALE-PAPER-PAPER_PRODUCTS , score: 0.9465415344518281
Skipping (good score) WHOLESALE-PAPER-PAPER_PRODUCTS , score: 0.947
NATIONAL_COMMERCIAL_BANKS , score: 0.908354441611683
Skipping (good score) NATIONAL_COMMERCIAL_BANKS , score: 0.908
MEAT_PACKING_PLANTS , score: 0.7886794293469945
Skipping (good score) MEAT_PACKING_PLANTS , score: 0.789
ELECTRICAL_WORK , score: 0.8424290250376764
Skipping (good score) ELECTRICAL_WORK , score: 0.842
SERVICES-CONSUMER_CREDIT_REPORTING_COLLECTION_AGENCIES , score: 0.8671522515369128
Skipping (good score) SERVICES-CONSUMER_CREDIT_REPORTING_COLLECTION_AGENCIES , score: 0.867
LIFE_INSURANCE , score: 0.9248933770823055
Skipping (good score) LIFE_INSURANCE , score: 0.925
WHOLESALE-MACHINERY_EQUIPMENT-SUPPLIES , score: 0.8441243334697293
Skipping (good score) WHOLESALE-MACHINERY_EQUIPMENT-SUPPLIES , score: 0.844
PERSONAL_CREDIT_INSTITUTIONS , score: 0.9219385590036124
Skipping (good score) PERSONAL_CREDIT_INSTITUTIONS , score: 0.922
SERVICES-MISC_HEALTH-ALLIED_SERVICES_NEC , score: 0.8661777755286207
Skipping (good score) SERVICES-MISC_HEALTH-ALLIED_SERVICES_NEC , score: 0.866
BROADWOVEN_FABRIC_MILLS_MAN_MADE_FIBER-SILK , score: 0.8534741150969086
Skipping (good score) BROADWOVEN_FABRIC_MILLS_MAN_MADE_FIBER-SILK , score: 0.853
PERFUMES_COSMETICS-OTHER_TOILET_PREPARATIONS , score: 0.8897191578386534
Skipping (good score) PERFUMES_COSMETICS-OTHER_TOILET_PREPARATIONS , score: 0.890
SURETY_INSURANCE , score: 0.8831048650543462
Skipping (good score) SURETY_INSURANCE , score: 0.883
SPECIAL_INDUSTRY_MACHINERY_NO_METALWORKING_MACHINERY , score: 0.8605129515547764
Skipping (good score) SPECIAL_INDUSTRY_MACHINERY_NO_METALWORKING_MACHINERY , score: 0.861
SERVICES-EDUCATIONAL_SERVICES , score: 0.9437228473182164
Skipping (good score) SERVICES-EDUCATIONAL_SERVICES , score: 0.944
PULP_MILLS , score: 0.8730367612400974
Skipping (good score) PULP_MILLS , score: 0.873
STEEL_WORKS_BLAST_FURNACES-ROLLING_MILLS_COKE_OVENS , score: 0.9172903861764008
Skipping (good score) STEEL_WORKS_BLAST_FURNACES-ROLLING_MILLS_COKE_OVENS , score: 0.917
SERVICES-ADVERTISING , score: 0.8788094538134626
Skipping (good score) SERVICES-ADVERTISING , score: 0.879
HOUSEHOLD_AUDIO-VIDEO_EQUIPMENT , score: 0.849488997989959
Skipping (good score) HOUSEHOLD_AUDIO-VIDEO_EQUIPMENT , score: 0.849
SERVICES-MEMBERSHIP_SPORTS-RECREATION_CLUBS , score: 0.9182523921790333
Skipping (good score) SERVICES-MEMBERSHIP_SPORTS-RECREATION_CLUBS , score: 0.918
SEARCH_DETECTION_NAVAGATION_GUIDANCE_AERONAUTICAL_SYS , score: 0.894389438223673
Skipping (good score) SEARCH_DETECTION_NAVAGATION_GUIDANCE_AERONAUTICAL_SYS , score: 0.894
BLANKBOOKS_LOOSELEAF_BINDERS-BOOKBINDG-RELATD_WORK , score: 0.8258308726119701
Skipping (good score) BLANKBOOKS_LOOSELEAF_BINDERS-BOOKBINDG-RELATD_WORK , score: 0.826
SERVICES-COMPUTER_PROCESSING-DATA_PREPARATION , score: 0.9459883616834047
Skipping (good score) SERVICES-COMPUTER_PROCESSING-DATA_PREPARATION , score: 0.946
ARRANGEMENT_OF_TRANSPORTATION_OF_FREIGHT-CARGO , score: 0.8836044507386295
Skipping (good score) ARRANGEMENT_OF_TRANSPORTATION_OF_FREIGHT-CARGO , score: 0.884
PAPER_MILLS , score: 0.8340375183040265
Skipping (good score) PAPER_MILLS , score: 0.834
DRAWING-INSULATING_OF_NONFERROUS_WIRE , score: 0.8546725474906712
Skipping (good score) DRAWING-INSULATING_OF_NONFERROUS_WIRE , score: 0.855
SERVICES-BUSINESS_SERVICES_NEC , score: 0.9550235375391452
Skipping (good score) SERVICES-BUSINESS_SERVICES_NEC , score: 0.955
SERVICES-RACING_INCLUDING_TRACK_OPERATION , score: 0.8857571221942221
Skipping (good score) SERVICES-RACING_INCLUDING_TRACK_OPERATION , score: 0.886
SERVICES-COMMERCIAL_PHYSICAL-BIOLOGICAL_RESEARCH , score: 0.9362200598314334
Skipping (good score) SERVICES-COMMERCIAL_PHYSICAL-BIOLOGICAL_RESEARCH , score: 0.936
PLASTICS_FOAM_PRODUCTS , score: 0.901143652629184
Skipping (good score) PLASTICS_FOAM_PRODUCTS , score: 0.901
WATER_SEWER_PIPELINE_COMM-POWER_LINE_CONSTRUCTION , score: 0.8756407349704012
Skipping (good score) WATER_SEWER_PIPELINE_COMM-POWER_LINE_CONSTRUCTION , score: 0.876
SECONDARY_SMELTING-REFINING_OF_NONFERROUS_METALS , score: 0.8843922145655659
Skipping (good score) SECONDARY_SMELTING-REFINING_OF_NONFERROUS_METALS , score: 0.884
COATING_ENGRAVING-ALLIED_SERVICES , score: 0.9470302422602863
Skipping (good score) COATING_ENGRAVING-ALLIED_SERVICES , score: 0.947
SERVICES-COMPUTER_PROGRAMMING_SERVICES , score: 0.9442910449648301
Skipping (good score) SERVICES-COMPUTER_PROGRAMMING_SERVICES , score: 0.944
SERVICES-ALLIED_TO_MOTION_PICTURE_PRODUCTION , score: 0.9592347998624265
Skipping (good score) SERVICES-ALLIED_TO_MOTION_PICTURE_PRODUCTION , score: 0.959
OPERATORS_OF_APARTMENT_BUILDINGS , score: 0.9971448078106183
Skipping (good score) OPERATORS_OF_APARTMENT_BUILDINGS , score: 0.997
LAND_SUBDIVIDERS-DEVELOPERS_NO_CEMETERIES , score: 0.7446112859833126
Skipping (good score) LAND_SUBDIVIDERS-DEVELOPERS_NO_CEMETERIES , score: 0.745
SERVICES-OFFICES-CLINICS_OF_DOCTORS_OF_MEDICINE , score: 0.8747814811472557
Skipping (good score) SERVICES-OFFICES-CLINICS_OF_DOCTORS_OF_MEDICINE , score: 0.875
SERVICES-SERVICES_NEC , score: 0.968346910149667
Skipping (good score) SERVICES-SERVICES_NEC , score: 0.968
SERVICES-TESTING_LABORATORIES , score: 0.816507525682784
Skipping (good score) SERVICES-TESTING_LABORATORIES , score: 0.817
RETAIL-RECORD-PRERECORDED_TAPE_STORES , score: 0.9937234144377038
Skipping (good score) RETAIL-RECORD-PRERECORDED_TAPE_STORES , score: 0.994
RETAIL-LUMBER-OTHER_BUILDING_MATERIALS_DEALERS , score: 0.8631726706140143
Skipping (good score) RETAIL-LUMBER-OTHER_BUILDING_MATERIALS_DEALERS , score: 0.863
MOTOR_HOMES , score: 0.8396596702025887
Skipping (good score) MOTOR_HOMES , score: 0.840
WHOLESALE-LUMBER_PLYWOOD_MILLWORK-WOOD_PANELS , score: 0.8906738552055202
Skipping (good score) WHOLESALE-LUMBER_PLYWOOD_MILLWORK-WOOD_PANELS , score: 0.891
SERVICES-MISCELLANEOUS_AMUSEMENT-RECREATION , score: 0.894305034401589
Skipping (good score) SERVICES-MISCELLANEOUS_AMUSEMENT-RECREATION , score: 0.894
WHOLESALE-PETROLEUM_BULK_STATIONS-TERMINALS , score: 0.7088771886628478
Skipping (good score) WHOLESALE-PETROLEUM_BULK_STATIONS-TERMINALS , score: 0.709
RETAIL-AUTO-HOME_SUPPLY_STORES , score: 0.8551290260093903
Skipping (good score) RETAIL-AUTO-HOME_SUPPLY_STORES , score: 0.855
PATENT_OWNERS-LESSORS , score: 0.892622760787168
Skipping (good score) PATENT_OWNERS-LESSORS , score: 0.893
TITLE_INSURANCE , score: 0.8568986814908474
Skipping (good score) TITLE_INSURANCE , score: 0.857
DEEP_SEA_FOREIGN_TRANSPORTATION_OF_FREIGHT , score: 0.8920870408785285
Skipping (good score) DEEP_SEA_FOREIGN_TRANSPORTATION_OF_FREIGHT , score: 0.892
SOAP_DETERGENTS_CLEANG_PREPARATIONS_PERFUMES_COSMETICS , score: 0.9101123652580341
Skipping (good score) SOAP_DETERGENTS_CLEANG_PREPARATIONS_PERFUMES_COSMETICS , score: 0.910
HEATING_EQUIP_EXCEPT_ELEC-WARM_AIR;-PLUMBING_FIXTURES , score: 0.8616229115331686
Skipping (good score) HEATING_EQUIP_EXCEPT_ELEC-WARM_AIR;-PLUMBING_FIXTURES , score: 0.862
OIL_ROYALTY_TRADERS , score: 0.8695701062374829
Skipping (good score) OIL_ROYALTY_TRADERS , score: 0.870
AIR_COURIER_SERVICES , score: 0.818940590515897
Skipping (good score) AIR_COURIER_SERVICES , score: 0.819
MISCELLANEOUS_PRODUCTS_OF_PETROLEUM-COAL , score: 0.7333589653631314
Skipping (good score) MISCELLANEOUS_PRODUCTS_OF_PETROLEUM-COAL , score: 0.733
WHOLESALE-APPAREL_PIECE_GOODS-NOTIONS , score: 0.9051652829606408
Skipping (good score) WHOLESALE-APPAREL_PIECE_GOODS-NOTIONS , score: 0.905
TELEGRAPH-OTHER_MESSAGE_COMMUNICATIONS , score: 0.9032922657241744
Skipping (good score) TELEGRAPH-OTHER_MESSAGE_COMMUNICATIONS , score: 0.903
REAL_ESTATE_OPERATORS_NO_DEVELOPERS-LESSORS , score: 0.9413014580036205
Skipping (good score) REAL_ESTATE_OPERATORS_NO_DEVELOPERS-LESSORS , score: 0.941
RETAIL-JEWELRY_STORES , score: 0.8232888021063843
Skipping (good score) RETAIL-JEWELRY_STORES , score: 0.823
INDUSTRIAL-COMMERCIAL_FANS-BLOWERS-AIR_PURIFING_EQUIP , score: 0.8330202436986841
Skipping (good score) INDUSTRIAL-COMMERCIAL_FANS-BLOWERS-AIR_PURIFING_EQUIP , score: 0.833
METAL_SHIPPING_BARRELS_DRUMS_KEGS-PAILS , score: 0.87394385648473
Skipping (good score) METAL_SHIPPING_BARRELS_DRUMS_KEGS-PAILS , score: 0.874
ELECTRICAL_INDUSTRIAL_APPARATUS , score: 0.8335207695976831
Skipping (good score) ELECTRICAL_INDUSTRIAL_APPARATUS , score: 0.834
STEEL_WORKS_BLAST_FURNACES-ROLLING-FINISHING_MILLS , score: 0.8625635850496608
Skipping (good score) STEEL_WORKS_BLAST_FURNACES-ROLLING-FINISHING_MILLS , score: 0.863
SPECIALTY_CLEANING_POLISHING_AND_SANITATION_PREPARATIONS , score: 0.8253035327599789
Skipping (good score) SPECIALTY_CLEANING_POLISHING_AND_SANITATION_PREPARATIONS , score: 0.825
LABORATORY_APPARATUS-FURNITURE , score: 0.9500329029238498
Skipping (good score) LABORATORY_APPARATUS-FURNITURE , score: 0.950
FORESTRY , score: 0.9564537165345176
Skipping (good score) FORESTRY , score: 0.956
NON-OPERATING_ESTABLISHMENTS , score: 0.9333603006628923
Skipping (good score) NON-OPERATING_ESTABLISHMENTS , score: 0.933
RETAIL-FAMILY_CLOTHING_STORES , score: 0.9248744747807212
Skipping (good score) RETAIL-FAMILY_CLOTHING_STORES , score: 0.925
OPTICAL_INSTRUMENTS-LENSES , score: 0.8601124758206518
Skipping (good score) OPTICAL_INSTRUMENTS-LENSES , score: 0.860
PUBLIC_WAREHOUSING-STORAGE , score: 0.9921475129205592
Skipping (good score) PUBLIC_WAREHOUSING-STORAGE , score: 0.992
BOOKS_PUBLISHING_OR_PUBLISHING-PRINTING , score: 0.802711772190196
Skipping (good score) BOOKS_PUBLISHING_OR_PUBLISHING-PRINTING , score: 0.803
SERVICES-DETECTIVE_GUARD-ARMORED_CAR_SERVICES , score: 0.8784984691699189
Skipping (good score) SERVICES-DETECTIVE_GUARD-ARMORED_CAR_SERVICES , score: 0.878
WHOLESALE-DRUGS_PROPRIETARIES-DRUGGISTS_SUNDRIES , score: 0.891272113957422
Skipping (good score) WHOLESALE-DRUGS_PROPRIETARIES-DRUGGISTS_SUNDRIES , score: 0.891
METAL_FORGINGS-STAMPINGS , score: 0.8051599329420639
Skipping (good score) METAL_FORGINGS-STAMPINGS , score: 0.805
PAPERBOARD_MILLS , score: 0.876750570459315
Skipping (good score) PAPERBOARD_MILLS , score: 0.877
SERVICES-MISCELLANEOUS_EQUIPMENT_RENTAL-LEASING , score: 0.8507733013179394
Skipping (good score) SERVICES-MISCELLANEOUS_EQUIPMENT_RENTAL-LEASING , score: 0.851
SERVICES-MEDICAL_LABORATORIES , score: 0.8655639899836542
Skipping (good score) SERVICES-MEDICAL_LABORATORIES , score: 0.866
MOTOR_VEHICLES-PASSENGER_CAR_BODIES , score: 0.9499904838157093
Skipping (good score) MOTOR_VEHICLES-PASSENGER_CAR_BODIES , score: 0.950
GENERAL_INDUSTRIAL_MACHINERY-EQUIPMENT , score: 0.8602347274791019
Skipping (good score) GENERAL_INDUSTRIAL_MACHINERY-EQUIPMENT , score: 0.860
SUGAR-CONFECTIONERY_PRODUCTS , score: 0.8782982806869187
Skipping (good score) SUGAR-CONFECTIONERY_PRODUCTS , score: 0.878
GENERAL_BLDG_CONTRACTORS-RESIDENTIAL_BLDGS , score: 0.7895479797245812
Skipping (good score) GENERAL_BLDG_CONTRACTORS-RESIDENTIAL_BLDGS , score: 0.790
NATURAL_GAS_DISTRIBUTION , score: 0.9286945579570284
Skipping (good score) NATURAL_GAS_DISTRIBUTION , score: 0.929
WHOLESALE-COMPUTERS-PERIPHERAL_EQUIPMENT-SOFTWARE , score: 0.842956311567001
Skipping (good score) WHOLESALE-COMPUTERS-PERIPHERAL_EQUIPMENT-SOFTWARE , score: 0.843
CHEMICALS-ALLIED_PRODUCTS , score: 0.8797278039130886
Skipping (good score) CHEMICALS-ALLIED_PRODUCTS , score: 0.880
ACCIDENT-HEALTH_INSURANCE , score: 0.8834054902293573
Skipping (good score) ACCIDENT-HEALTH_INSURANCE , score: 0.883
TRUCK_TRAILERS , score: 0.8919846660736408
Skipping (good score) TRUCK_TRAILERS , score: 0.892
WATER_SUPPLY , score: 0.9065084047265031
Skipping (good score) WATER_SUPPLY , score: 0.907
CONCRETE_PRODUCTS_EXCEPT_BLOCK-BRICK , score: 0.9478816493832346
Skipping (good score) CONCRETE_PRODUCTS_EXCEPT_BLOCK-BRICK , score: 0.948
MOTORS-GENERATORS , score: 0.8128763308003076
Skipping (good score) MOTORS-GENERATORS , score: 0.813
SERVICES-PERSONAL_SERVICES , score: 0.9457499285500027
Skipping (good score) SERVICES-PERSONAL_SERVICES , score: 0.946
SERVICES-AUTO_RENTAL-LEASING_NO_DRIVERS , score: 0.8610389866200758
Skipping (good score) SERVICES-AUTO_RENTAL-LEASING_NO_DRIVERS , score: 0.861
RETAIL-DRUG_STORES_AND_PROPRIETARY_STORES , score: 0.8800120281423133
Skipping (good score) RETAIL-DRUG_STORES_AND_PROPRIETARY_STORES , score: 0.880
APPAREL-OTHER_FINISHD_PRODS_OF_FABRICS-SIMILAR_MATL , score: 0.9045293863167715
Skipping (good score) APPAREL-OTHER_FINISHD_PRODS_OF_FABRICS-SIMILAR_MATL , score: 0.905
SERVICES-PREPACKAGED_SOFTWARE , score: 0.9516646163119222
Skipping (good score) SERVICES-PREPACKAGED_SOFTWARE , score: 0.952
RETAIL-FOOD_STORES , score: 0.9402413819943822
Skipping (good score) RETAIL-FOOD_STORES , score: 0.940
RETAIL-BUILDING_MATERIALS_HARDWARE_GARDEN_SUPPLY , score: 0.8943817511561483
Skipping (good score) RETAIL-BUILDING_MATERIALS_HARDWARE_GARDEN_SUPPLY , score: 0.894
FUNCTIONS_RELATED_TO_DEPOSITORY_BANKING_NEC , score: 0.7804439990822245
Skipping (good score) FUNCTIONS_RELATED_TO_DEPOSITORY_BANKING_NEC , score: 0.780
INSTRUMENTS_FOR_MEAS-TESTING_OF_ELECTRICITY-ELEC_SIGNALS , score: 0.8731471658387873
Skipping (good score) INSTRUMENTS_FOR_MEAS-TESTING_OF_ELECTRICITY-ELEC_SIGNALS , score: 0.873
CARPETS-RUGS , score: 0.8226579671102685
Skipping (good score) CARPETS-RUGS , score: 0.823
LESSORS_OF_REAL_PROPERTY_NEC , score: 0.7655205476710236
Skipping (good score) LESSORS_OF_REAL_PROPERTY_NEC , score: 0.766
MISC_INDUSTRIAL-COMMERCIAL_MACHINERY-EQUIPMENT , score: 0.8539604274134976
Skipping (good score) MISC_INDUSTRIAL-COMMERCIAL_MACHINERY-EQUIPMENT , score: 0.854
SPECIAL_INDUSTRY_MACHINERY_NEC , score: 0.8977387470566446
Skipping (good score) SPECIAL_INDUSTRY_MACHINERY_NEC , score: 0.898
SAWMILLS-PLANTING_MILLS_GENERAL , score: 0.7938352355791459
Skipping (good score) SAWMILLS-PLANTING_MILLS_GENERAL , score: 0.794
MACHINE_TOOLS_METAL_CUTTING_TYPES , score: 0.8795123570416832
Skipping (good score) MACHINE_TOOLS_METAL_CUTTING_TYPES , score: 0.880
INDUSTRIAL_TRUCKS_TRACTORS_TRAILORS-STACKERS , score: 0.817835252796293
Skipping (good score) INDUSTRIAL_TRUCKS_TRACTORS_TRAILORS-STACKERS , score: 0.818
AIRPORTS_FLYING_FIELDS-AIRPORT_TERMINAL_SERVICES , score: 0.8655882338832986
Skipping (good score) AIRPORTS_FLYING_FIELDS-AIRPORT_TERMINAL_SERVICES , score: 0.866
MISCELLANEOUS_CHEMICAL_PRODUCTS , score: 0.8611337879231399
Skipping (good score) MISCELLANEOUS_CHEMICAL_PRODUCTS , score: 0.861
COMMUNICATIONS_SERVICES_NEC , score: 0.87224830780749
Skipping (good score) COMMUNICATIONS_SERVICES_NEC , score: 0.872
RETAIL-SHOE_STORES , score: 0.8454506978685192
Skipping (good score) RETAIL-SHOE_STORES , score: 0.845
SERVICES-MOTION_PICTURE-VIDEO_TAPE_PRODUCTION , score: 0.78650479886234
Skipping (good score) SERVICES-MOTION_PICTURE-VIDEO_TAPE_PRODUCTION , score: 0.787
CONSTRUCTION_MACHINERY-EQUIP , score: 0.8524465007048937
Skipping (good score) CONSTRUCTION_MACHINERY-EQUIP , score: 0.852
MINING-QUARRYING_OF_NONMETALLIC_MINERALS_NO_FUELS , score: 0.9377346875036969
Skipping (good score) MINING-QUARRYING_OF_NONMETALLIC_MINERALS_NO_FUELS , score: 0.938
SECURITY_BROKERS_DEALERS-FLOTATION_COMPANIES , score: 0.9490910574067861
Skipping (good score) SECURITY_BROKERS_DEALERS-FLOTATION_COMPANIES , score: 0.949
FARM_MACHINERY-EQUIPMENT , score: 0.8678194353195958
Skipping (good score) FARM_MACHINERY-EQUIPMENT , score: 0.868
MALT_BEVERAGES , score: 0.9028661396721561
Skipping (good score) MALT_BEVERAGES , score: 0.903
TRUCKING-COURIER_SERVICES_NO_AIR , score: 0.8687191927068426
Skipping (good score) TRUCKING-COURIER_SERVICES_NO_AIR , score: 0.869
SERVICES-VIDEO_TAPE_RENTAL , score: 0.7941599444126457
Skipping (good score) SERVICES-VIDEO_TAPE_RENTAL , score: 0.794
SERVICES-ENGINEERING_SERVICES , score: 0.8544622331380899
Skipping (good score) SERVICES-ENGINEERING_SERVICES , score: 0.854
SERVICES-MANAGEMENT_SERVICES , score: 0.8484925891989563
Skipping (good score) SERVICES-MANAGEMENT_SERVICES , score: 0.848
COMPUTER_COMMUNICATIONS_EQUIPMENT , score: 0.8905893351527325
Skipping (good score) COMPUTER_COMMUNICATIONS_EQUIPMENT , score: 0.891
WHOLESALE-METALS-MINERALS_NO_PETROLEUM , score: 0.9542558288203694
Skipping (good score) WHOLESALE-METALS-MINERALS_NO_PETROLEUM , score: 0.954
COGENERATION_SERVICES-SMALL_POWER_PRODUCERS , score: 0.8712535934089056
Skipping (good score) COGENERATION_SERVICES-SMALL_POWER_PRODUCERS , score: 0.871
SAVINGS_INSTITUTION_FEDERALLY_CHARTERED , score: 0.9071814077452067
Skipping (good score) SAVINGS_INSTITUTION_FEDERALLY_CHARTERED , score: 0.907
OIL-GAS_FIELD_SERVICES_NEC , score: 0.888424402049829
Skipping (good score) OIL-GAS_FIELD_SERVICES_NEC , score: 0.888
RETAIL-VARIETY_STORES , score: 0.9462803679668258
Skipping (good score) RETAIL-VARIETY_STORES , score: 0.946
PRIMARY_PRODUCTION_OF_ALUMINUM , score: 0.7906513853667602
Skipping (good score) PRIMARY_PRODUCTION_OF_ALUMINUM , score: 0.791
ELECTRONIC-OTHER_ELECTRICAL_EQUIPMENT_NO_COMPUTER_EQUIP , score: 0.8528511682669883
Skipping (good score) ELECTRONIC-OTHER_ELECTRICAL_EQUIPMENT_NO_COMPUTER_EQUIP , score: 0.853
WHOLESALE-BEER_WINE-DISTILLED_ALCOHOLIC_BEVERAGES , score: 0.8692204163270519
Skipping (good score) WHOLESALE-BEER_WINE-DISTILLED_ALCOHOLIC_BEVERAGES , score: 0.869
PREPARED_FRESH_OR_FROZEN_FISH-SEAFOODS , score: 0.9938898968936858
Skipping (good score) PREPARED_FRESH_OR_FROZEN_FISH-SEAFOODS , score: 0.994
SERVICES-AMUSEMENT-RECREATION_SERVICES , score: 0.8800349615579629
Skipping (good score) SERVICES-AMUSEMENT-RECREATION_SERVICES , score: 0.880
SPORTING-ATHLETIC_GOODS_NEC , score: 0.824506797023746
Skipping (good score) SPORTING-ATHLETIC_GOODS_NEC , score: 0.825
PRINTED_CIRCUIT_BOARDS , score: 0.8827941110514126
Skipping (good score) PRINTED_CIRCUIT_BOARDS , score: 0.883
FABRICATED_RUBBER_PRODUCTS_NEC , score: 0.8464845236012557
Skipping (good score) FABRICATED_RUBBER_PRODUCTS_NEC , score: 0.846
ELECTRIC-OTHER_SERVICES_COMBINED , score: 0.9299670727297695
Skipping (good score) ELECTRIC-OTHER_SERVICES_COMBINED , score: 0.930
RETAIL-NONSTORE_RETAILERS , score: 0.9650531943011906
Skipping (good score) RETAIL-NONSTORE_RETAILERS , score: 0.965
PAPERBOARD_CONTAINERS-BOXES , score: 0.8686298536586512
Skipping (good score) PAPERBOARD_CONTAINERS-BOXES , score: 0.869
ELECTRONIC_CONNECTORS , score: 0.8458332122148488
Skipping (good score) ELECTRONIC_CONNECTORS , score: 0.846
RETAIL-EATING-DRINKING_PLACES , score: 0.8594088472566735
Skipping (good score) RETAIL-EATING-DRINKING_PLACES , score: 0.859
SERVICES-EQUIPMENT_RENTAL-LEASING_NEC , score: 0.9100538675730891
Skipping (good score) SERVICES-EQUIPMENT_RENTAL-LEASING_NEC , score: 0.910
SERVICES-LEGAL_SERVICES , score: 0.7600529559934834
Skipping (good score) SERVICES-LEGAL_SERVICES , score: 0.760
GUIDED_MISSILES-SPACE_VEHICLES-PARTS , score: 0.808725803758653
Skipping (good score) GUIDED_MISSILES-SPACE_VEHICLES-PARTS , score: 0.809
WHOLESALE-PROFESSIONAL-COMMERCIAL_EQUIPMENT-SUPPLIES , score: 0.9580147067810854
Skipping (good score) WHOLESALE-PROFESSIONAL-COMMERCIAL_EQUIPMENT-SUPPLIES , score: 0.958
PLASTICS_FOIL-COATED_PAPER_BAGS , score: 0.9463738783952452
Skipping (good score) PLASTICS_FOIL-COATED_PAPER_BAGS , score: 0.946
TRANSPORTATION_SERVICES , score: 0.9209376609589932
Skipping (good score) TRANSPORTATION_SERVICES , score: 0.921
RETAIL-MISCELLANEOUS_SHOPPING_GOODS_STORES , score: 0.8148076733483341
Skipping (good score) RETAIL-MISCELLANEOUS_SHOPPING_GOODS_STORES , score: 0.815
CUT_STONE-STONE_PRODUCTS , score: 0.8859114560241127
Skipping (good score) CUT_STONE-STONE_PRODUCTS , score: 0.886
STEEL_PIPE-TUBES , score: 0.7944489899690791
Skipping (good score) STEEL_PIPE-TUBES , score: 0.794
MENS-BOYS_FURNISHGS_WORK_CLOTHG-ALLIED_GARMENTS , score: 0.8254488073764396
Skipping (good score) MENS-BOYS_FURNISHGS_WORK_CLOTHG-ALLIED_GARMENTS , score: 0.825
SERVICES-GENERAL_MEDICAL-SURGICAL_HOSPITALS_NEC , score: 0.8414510549903134
Skipping (good score) SERVICES-GENERAL_MEDICAL-SURGICAL_HOSPITALS_NEC , score: 0.841
WHOLESALE-MISCELLANEOUS_NONDURABLE_GOODS , score: 0.7935657453282621
Skipping (good score) WHOLESALE-MISCELLANEOUS_NONDURABLE_GOODS , score: 0.794
OFFICE_MACHINES_NEC , score: 0.8829970568345036
Skipping (good score) OFFICE_MACHINES_NEC , score: 0.883
WOMENS_MISSES_CHILDRENS-INFANTS_UNDERGARMENTS , score: 0.8764210318560733
Skipping (good score) WOMENS_MISSES_CHILDRENS-INFANTS_UNDERGARMENTS , score: 0.876
WHOLESALE-CHEMICALS-ALLIED_PRODUCTS , score: 0.8649137342297488
Skipping (good score) WHOLESALE-CHEMICALS-ALLIED_PRODUCTS , score: 0.865
RETAIL-RETAIL_STORES_NEC , score: 0.8882103303693356
Skipping (good score) RETAIL-RETAIL_STORES_NEC , score: 0.888
HOTELS-MOTELS , score: 0.907756382392076
Skipping (good score) HOTELS-MOTELS , score: 0.908
NONFERROUS_FOUNDRIES_CASTINGS , score: 0.8111215864123966
Skipping (good score) NONFERROUS_FOUNDRIES_CASTINGS , score: 0.811
COMPUTER_PERIPHERAL_EQUIPMENT_NEC , score: 0.8836198598474454
Skipping (good score) COMPUTER_PERIPHERAL_EQUIPMENT_NEC , score: 0.884
BOLTS_NUTS_SCREWS_RIVETS-WASHERS , score: 0.9186537764744445
Skipping (good score) BOLTS_NUTS_SCREWS_RIVETS-WASHERS , score: 0.919
PIPE_LINES_NO_NATURAL_GAS , score: 0.9182089235714529
Skipping (good score) PIPE_LINES_NO_NATURAL_GAS , score: 0.918
INVESTORS_NEC , score: 0.8306951325164222
Skipping (good score) INVESTORS_NEC , score: 0.831
SERVICES-MAILING_REPRODUCTION_COMMERCIAL_ART-PHOTOGRAPHY , score: 0.8834841657780781
Skipping (good score) SERVICES-MAILING_REPRODUCTION_COMMERCIAL_ART-PHOTOGRAPHY , score: 0.883
MISCELLANEOUS_BUSINESS_CREDIT_INSTITUTION , score: 0.8311601632844403
Skipping (good score) MISCELLANEOUS_BUSINESS_CREDIT_INSTITUTION , score: 0.831
SERVICES-MANAGEMENT_CONSULTING_SERVICES , score: 0.9376043322926175
Skipping (good score) SERVICES-MANAGEMENT_CONSULTING_SERVICES , score: 0.938
STATE_COMMERCIAL_BANKS , score: 0.9273605254336525
Skipping (good score) STATE_COMMERCIAL_BANKS , score: 0.927
WHOLESALE-PETROLEUM-PETROLEUM_PRODUCTS_NO_BULK_STATIONS , score: 0.8715981711646252
Skipping (good score) WHOLESALE-PETROLEUM-PETROLEUM_PRODUCTS_NO_BULK_STATIONS , score: 0.872
ROLLING_DRAWING-EXTRUDING_OF_NONFERROUS_METALS , score: 0.8628389390243538
Skipping (good score) ROLLING_DRAWING-EXTRUDING_OF_NONFERROUS_METALS , score: 0.863
REFRIGERATION-SERVICE_INDUSTRY_MACHINERY , score: 0.8478559948073326
Skipping (good score) REFRIGERATION-SERVICE_INDUSTRY_MACHINERY , score: 0.848
RETAIL-HOBBY_TOY-GAME_SHOPS , score: 0.7734654417815751
Skipping (good score) RETAIL-HOBBY_TOY-GAME_SHOPS , score: 0.773
GENERAL_INDUSTRIAL_MACHINERY-EQUIPMENT_NEC , score: 0.8274671474918623
Skipping (good score) GENERAL_INDUSTRIAL_MACHINERY-EQUIPMENT_NEC , score: 0.827
ELECTRIC_SERVICES , score: 0.949623993450924
Skipping (good score) ELECTRIC_SERVICES , score: 0.950
INSURANCE_CARRIERS_NEC , score: 0.7949987394423318
Skipping (good score) INSURANCE_CARRIERS_NEC , score: 0.795
SERVICES-EMPLOYMENT_AGENCIES , score: 0.8599984682700991
Skipping (good score) SERVICES-EMPLOYMENT_AGENCIES , score: 0.860
TELEPHONE_COMMUNICATIONS_NO_RADIOTELEPHONE , score: 0.948834773418447
Skipping (good score) TELEPHONE_COMMUNICATIONS_NO_RADIOTELEPHONE , score: 0.949
RETAIL-MISCELLANEOUS_RETAIL , score: 0.8897790042052327
Skipping (good score) RETAIL-MISCELLANEOUS_RETAIL , score: 0.890
GOLD_AND_SILVER_ORES , score: 0.8621401654313229
Skipping (good score) GOLD_AND_SILVER_ORES , score: 0.862
NATURAL_GAS_TRANSMISSION , score: 0.9219333082507105
Skipping (good score) NATURAL_GAS_TRANSMISSION , score: 0.922
CEMENT_HYDRAULIC , score: 0.8726354797534928
Skipping (good score) CEMENT_HYDRAULIC , score: 0.873
DOLLS-STUFFED_TOYS , score: 0.881733658730969
Skipping (good score) DOLLS-STUFFED_TOYS , score: 0.882
WHOLESALE-LUMBER-OTHER_CONSTRUCTION_MATERIALS , score: 0.8425426985032786
Skipping (good score) WHOLESALE-LUMBER-OTHER_CONSTRUCTION_MATERIALS , score: 0.843
MISCELLANEOUS_PRIMARY_METAL_PRODUCTS , score: 0.8197085679675076
Skipping (good score) MISCELLANEOUS_PRIMARY_METAL_PRODUCTS , score: 0.820
INDUSTRIAL_INORGANIC_CHEMICALS , score: 0.8886498220084947
Skipping (good score) INDUSTRIAL_INORGANIC_CHEMICALS , score: 0.889
LUMBER-WOOD_PRODUCTS_NO_FURNITURE , score: 0.8562195855382172
Skipping (good score) LUMBER-WOOD_PRODUCTS_NO_FURNITURE , score: 0.856
BALL-ROLLER_BEARINGS , score: 0.8035846468707011
Skipping (good score) BALL-ROLLER_BEARINGS , score: 0.804
OPERATORS_OF_NONRESIDENTIAL_BUILDINGS , score: 0.8022467390915068
Skipping (good score) OPERATORS_OF_NONRESIDENTIAL_BUILDINGS , score: 0.802
FLAT_GLASS , score: 0.9413788975200826
Skipping (good score) FLAT_GLASS , score: 0.941
SERVICES-HEALTH_SERVICES , score: 0.8071137747613331
Skipping (good score) SERVICES-HEALTH_SERVICES , score: 0.807
WHOLESALE-HARDWARE-PLUMBING-HEATING_EQUIPMENT-SUPPLIES , score: 0.8972650057180344
Skipping (good score) WHOLESALE-HARDWARE-PLUMBING-HEATING_EQUIPMENT-SUPPLIES , score: 0.897
RETAIL-CONVENIENCE_STORES , score: 0.9505640090265757
Skipping (good score) RETAIL-CONVENIENCE_STORES , score: 0.951
RETAIL-EATING_PLACES , score: 0.9488854829364932
Skipping (good score) RETAIL-EATING_PLACES , score: 0.949
WHOLESALE-DURABLE_GOODS , score: 0.8995916402149485
Skipping (good score) WHOLESALE-DURABLE_GOODS , score: 0.900
SERVICES-HOME_HEALTH_CARE_SERVICES , score: 0.9090234130841857
Skipping (good score) SERVICES-HOME_HEALTH_CARE_SERVICES , score: 0.909
SANITARY_SERVICES , score: 0.926925432248351
Skipping (good score) SANITARY_SERVICES , score: 0.927
BROADWOVEN_FABRIC_MILLS_COTTON , score: 0.9296201642988687
Skipping (good score) BROADWOVEN_FABRIC_MILLS_COTTON , score: 0.930
MANIFOLD_BUSINESS_FORMS , score: 0.8385536350668908
Skipping (good score) MANIFOLD_BUSINESS_FORMS , score: 0.839
PARTITIONS_SHELVG_LOCKERS-OFFICE-STORE_FIXTURES , score: 0.9907126884931435
Skipping (good score) PARTITIONS_SHELVG_LOCKERS-OFFICE-STORE_FIXTURES , score: 0.991
SAVINGS_INSTITUTIONS_NOT_FEDERALLY_CHARTERED , score: 0.8046301244646454
Skipping (good score) SAVINGS_INSTITUTIONS_NOT_FEDERALLY_CHARTERED , score: 0.805
POULTRY_SLAUGHTERING_AND_PROCESSING , score: 0.8470858983878833
Skipping (good score) POULTRY_SLAUGHTERING_AND_PROCESSING , score: 0.847
IN_VITRO-IN_VIVO_DIAGNOSTIC_SUBSTANCES , score: 0.939577122102683
Skipping (good score) IN_VITRO-IN_VIVO_DIAGNOSTIC_SUBSTANCES , score: 0.940
PLASTIC_MATERIALS_SYNTH_RESINS-NONVULCAN_ELASTOMERS , score: 0.9095110868798024
Skipping (good score) PLASTIC_MATERIALS_SYNTH_RESINS-NONVULCAN_ELASTOMERS , score: 0.910
OIL-GAS_FIELD_EXPLORATION_SERVICES , score: 0.864850405228901
Skipping (good score) OIL-GAS_FIELD_EXPLORATION_SERVICES , score: 0.865
FIRE_MARINE-CASUALTY_INSURANCE , score: 0.9514876233575613
Skipping (good score) FIRE_MARINE-CASUALTY_INSURANCE , score: 0.951
GENERAL_BLDG_CONTRACTORS-NONRESIDENTIAL_BLDGS , score: 0.8265323905441418
Skipping (good score) GENERAL_BLDG_CONTRACTORS-NONRESIDENTIAL_BLDGS , score: 0.827
RADIO-TV_BROADCASTING-COMMUNICATIONS_EQUIPMENT , score: 0.93733279791011
Skipping (good score) RADIO-TV_BROADCASTING-COMMUNICATIONS_EQUIPMENT , score: 0.937
TOTALIZING_FLUID_METERS-COUNTING_DEVICES , score: 0.8047575029774532
Skipping (good score) TOTALIZING_FLUID_METERS-COUNTING_DEVICES , score: 0.805
LAWN-GARDEN_TRACTORS-HOME_LAWN-GARDENS_EQUIP , score: 0.8357406083297697
Skipping (good score) LAWN-GARDEN_TRACTORS-HOME_LAWN-GARDENS_EQUIP , score: 0.836
SAUSAGES-OTHER_PREPARED_MEAT_PRODUCTS , score: 0.9801040936889409
Skipping (good score) SAUSAGES-OTHER_PREPARED_MEAT_PRODUCTS , score: 0.980
LABORATORY_ANALYTICAL_INSTRUMENTS , score: 0.907545590375803
Skipping (good score) LABORATORY_ANALYTICAL_INSTRUMENTS , score: 0.908
INSURANCE_AGENTS_BROKERS-SERVICE , score: 0.9414874235773906
Skipping (good score) INSURANCE_AGENTS_BROKERS-SERVICE , score: 0.941
HOTELS_ROOMING_HOUSES_CAMPS-OTHER_LODGING_PLACES , score: 0.8558376869549847
Skipping (good score) HOTELS_ROOMING_HOUSES_CAMPS-OTHER_LODGING_PLACES , score: 0.856
TEXTILE_MILL_PRODUCTS , score: 0.8509152286170439
Skipping (good score) TEXTILE_MILL_PRODUCTS , score: 0.851
WHOLESALE-MISC_DURABLE_GOODS , score: 0.8484664768782241
Skipping (good score) WHOLESALE-MISC_DURABLE_GOODS , score: 0.848
RAILROAD_EQUIPMENT , score: 0.7981393591957747
Skipping (good score) RAILROAD_EQUIPMENT , score: 0.798
WATCHES_CLOCKS_CLOCKWORK_OPERATED_DEVICES-PARTS , score: 0.822343495588196
Skipping (good score) WATCHES_CLOCKS_CLOCKWORK_OPERATED_DEVICES-PARTS , score: 0.822
AIRCRAFT-PARTS , score: 0.8518549772029117
Skipping (good score) AIRCRAFT-PARTS , score: 0.852
ELECTRONIC_COMPONENTS_NEC , score: 0.8921187070865996
Skipping (good score) ELECTRONIC_COMPONENTS_NEC , score: 0.892
SERVICES-ENGINEERING_ACCOUNTING_RESEARCH_MANAGEMENT , score: 0.8269574091883197
Skipping (good score) SERVICES-ENGINEERING_ACCOUNTING_RESEARCH_MANAGEMENT , score: 0.827
SHORT-TERM_BUSINESS_CREDIT_INSTITUTIONS , score: 0.8264152395960922
Skipping (good score) SHORT-TERM_BUSINESS_CREDIT_INSTITUTIONS , score: 0.826
TIRES-INNER_TUBES , score: 0.8201466072534401
Skipping (good score) TIRES-INNER_TUBES , score: 0.820
METAL_DOORS_SASH_FRAMES_MOLDINGS-TRIM , score: 0.8306255868695442
Skipping (good score) METAL_DOORS_SASH_FRAMES_MOLDINGS-TRIM , score: 0.831
TELEVISION_BROADCASTING_STATIONS , score: 0.9176229946373633
Skipping (good score) TELEVISION_BROADCASTING_STATIONS , score: 0.918
MOTOR_VEHICLE_PARTS-ACCESSORIES , score: 0.9345235604534481
Skipping (good score) MOTOR_VEHICLE_PARTS-ACCESSORIES , score: 0.935
MISCELLANEOUS_PUBLISHING , score: 0.8796729512560368
Skipping (good score) MISCELLANEOUS_PUBLISHING , score: 0.880
MINERAL_ROYALTY_TRADERS , score: 0.8245648100181039
Skipping (good score) MINERAL_ROYALTY_TRADERS , score: 0.825
REFUSE_SYSTEMS , score: 0.852686026678775
Skipping (good score) REFUSE_SYSTEMS , score: 0.853
TOBACCO_PRODUCTS , score: 0.9492166632382985
Skipping (good score) TOBACCO_PRODUCTS , score: 0.949
WHOLESALE-GROCERIES-RELATED_PRODUCTS , score: 0.855417421889785
Skipping (good score) WHOLESALE-GROCERIES-RELATED_PRODUCTS , score: 0.855
GENERAL , score: 0.945841233963878
Skipping (good score) GENERAL , score: 0.946
RETAIL-GROCERY_STORES , score: 0.8909433908985647
Skipping (good score) RETAIL-GROCERY_STORES , score: 0.891
SURGICAL-MEDICAL_INSTRUMENTS-APPARATUS , score: 0.9431390733747909
Skipping (good score) SURGICAL-MEDICAL_INSTRUMENTS-APPARATUS , score: 0.943
FABRICATED_STRUCTURAL_METAL_PRODUCTS , score: 0.8635195641366179
Skipping (good score) FABRICATED_STRUCTURAL_METAL_PRODUCTS , score: 0.864
CUTLERY_HANDTOOLS-GENERAL_HARDWARE , score: 0.8433827719519151
Skipping (good score) CUTLERY_HANDTOOLS-GENERAL_HARDWARE , score: 0.843
INDUSTRIAL_ORGANIC_CHEMICALS , score: 0.9479033901077064
Skipping (good score) INDUSTRIAL_ORGANIC_CHEMICALS , score: 0.948
ELECTRIC_HOUSEWARES-FANS , score: 0.8271096721271277
Skipping (good score) ELECTRIC_HOUSEWARES-FANS , score: 0.827
COMMERCIAL_BANKS_NEC , score: 0.9499089319968314
Skipping (good score) COMMERCIAL_BANKS_NEC , score: 0.950
MOBILE_HOMES , score: 0.7890975498474891
Skipping (good score) MOBILE_HOMES , score: 0.789
PETROLEUM_REFINING , score: 0.9041113631003926
Skipping (good score) PETROLEUM_REFINING , score: 0.904
METALWORKG_MACHINERY-EQUIPMENT , score: 0.8611162214716598
Skipping (good score) METALWORKG_MACHINERY-EQUIPMENT , score: 0.861
AIR_TRANSPORTATION_SCHEDULED , score: 0.9161541739950272
Skipping (good score) AIR_TRANSPORTATION_SCHEDULED , score: 0.916
FISHING_HUNTING_AND_TRAPPING , score: 0.957164080893511
Skipping (good score) FISHING_HUNTING_AND_TRAPPING , score: 0.957
INDUSTRIAL_INSTRUMENTS_FOR_MEASUREMENT_DISPLAY_AND_CONTROL , score: 0.9065082880542288
Skipping (good score) INDUSTRIAL_INSTRUMENTS_FOR_MEASUREMENT_DISPLAY_AND_CONTROL , score: 0.907
REAL_ESTATE_INVESTMENT_TRUSTS , score: 0.9464346808264179
Skipping (good score) REAL_ESTATE_INVESTMENT_TRUSTS , score: 0.946
DRILLING_OIL-GAS_WELLS , score: 0.8512366808617455
Skipping (good score) DRILLING_OIL-GAS_WELLS , score: 0.851
INVESTMENT_ADVICE , score: 0.9310727032576558
Skipping (good score) INVESTMENT_ADVICE , score: 0.931
SERVICES-HOSPITALS , score: 0.8580442557986208
Skipping (good score) SERVICES-HOSPITALS , score: 0.858
WHOLESALE-INDUSTRIAL_MACHINERY-EQUIPMENT , score: 0.8198947038364527
Skipping (good score) WHOLESALE-INDUSTRIAL_MACHINERY-EQUIPMENT , score: 0.820
RETAIL-FURNITURE_STORES , score: 0.7674309899372782
Skipping (good score) RETAIL-FURNITURE_STORES , score: 0.767
LEATHER-LEATHER_PRODUCTS , score: 0.8687851932749152
Skipping (good score) LEATHER-LEATHER_PRODUCTS , score: 0.869
RETAIL-WOMENS_CLOTHING_STORES , score: 0.8361845140976724
Skipping (good score) RETAIL-WOMENS_CLOTHING_STORES , score: 0.836
SERVICES-DIRECT_MAIL_ADVERTISING_SERVICES , score: 0.9307093466777818
Skipping (good score) SERVICES-DIRECT_MAIL_ADVERTISING_SERVICES , score: 0.931
MISCELLANEOUS_TRANSPORTATION_EQUIPMENT , score: 0.7996337348901926
Skipping (good score) MISCELLANEOUS_TRANSPORTATION_EQUIPMENT , score: 0.800
CANNED_FRUITS_VEG_PRESERVES_JAMS-JELLIES , score: 0.7886661724214625
Skipping (good score) CANNED_FRUITS_VEG_PRESERVES_JAMS-JELLIES , score: 0.789
AIR_TRANSPORTATION_NONSCHEDULED , score: 0.7979531796083573
Skipping (good score) AIR_TRANSPORTATION_NONSCHEDULED , score: 0.798
SERVICES-HELP_SUPPLY_SERVICES , score: 0.9438004180304186
Skipping (good score) SERVICES-HELP_SUPPLY_SERVICES , score: 0.944
SERVICES-MISCELLANEOUS_REPAIR_SERVICES , score: 0.8054610390011333
Skipping (good score) SERVICES-MISCELLANEOUS_REPAIR_SERVICES , score: 0.805
POWER_DISTRIBUTION-SPECIALTY_TRANSFORMERS , score: 0.9284542151910503
Skipping (good score) POWER_DISTRIBUTION-SPECIALTY_TRANSFORMERS , score: 0.928
CALCULATING-ACCOUNTING_MACHINES_NO_ELECTRONIC_COMPUTERS , score: 0.7898446382289026
Skipping (good score) CALCULATING-ACCOUNTING_MACHINES_NO_ELECTRONIC_COMPUTERS , score: 0.790
REAL_ESTATE , score: 0.916005464383732
Skipping (good score) REAL_ESTATE , score: 0.916
HOUSEHOLD_FURNITURE , score: 0.8915694233846188
Skipping (good score) HOUSEHOLD_FURNITURE , score: 0.892
COMMODITY_CONTRACTS_BROKERS-DEALERS , score: 0.7716709701023058
Skipping (good score) COMMODITY_CONTRACTS_BROKERS-DEALERS , score: 0.772
MISCELLANEOUS_FABRICATED_METAL_PRODUCTS , score: 0.878973814148257
Skipping (good score) MISCELLANEOUS_FABRICATED_METAL_PRODUCTS , score: 0.879
PRIMARY_SMELTING-REFINING_OF_NONFERROUS_METALS , score: 0.9623841150737027
Skipping (good score) PRIMARY_SMELTING-REFINING_OF_NONFERROUS_METALS , score: 0.962
MILLWOOD_VENEER_PLYWOOD-STRUCTURAL_WOOD_MEMBERS , score: 0.8253741202634586
Skipping (good score) MILLWOOD_VENEER_PLYWOOD-STRUCTURAL_WOOD_MEMBERS , score: 0.825
SERVICES-COMPUTER_INTEGRATED_SYSTEMS_DESIGN , score: 0.94601550232031
Skipping (good score) SERVICES-COMPUTER_INTEGRATED_SYSTEMS_DESIGN , score: 0.946
PHONOGRAPH_RECORDS-PRERECORDED_AUDIO_TAPES-DISKS , score: 0.9568429412749329
Skipping (good score) PHONOGRAPH_RECORDS-PRERECORDED_AUDIO_TAPES-DISKS , score: 0.957
PLASTICS_PRODUCTS_NEC , score: 0.9133209197746557
Skipping (good score) PLASTICS_PRODUCTS_NEC , score: 0.913
MISCELLANEOUS_FOOD_PREPARATIONS-KINDRED_PRODUCTS , score: 0.8494554526156392
Skipping (good score) MISCELLANEOUS_FOOD_PREPARATIONS-KINDRED_PRODUCTS , score: 0.849
WHOLESALE-GROCERIES_GENERAL_LINE , score: 0.828703142531837
Skipping (good score) WHOLESALE-GROCERIES_GENERAL_LINE , score: 0.829
WHOLESALE-DURABLE_GOODS_NEC , score: 0.9039460614849874
Skipping (good score) WHOLESALE-DURABLE_GOODS_NEC , score: 0.904
X-RAY_APPARATUS-TUBES-RELATED_IRRADIATION_APPARATUS , score: 0.8677760475744185
Skipping (good score) X-RAY_APPARATUS-TUBES-RELATED_IRRADIATION_APPARATUS , score: 0.868
STRUCTURAL_CLAY_PRODUCTS , score: 0.9039453816474956
Skipping (good score) STRUCTURAL_CLAY_PRODUCTS , score: 0.904
PRINTING_TRADES_MACHINERY-EQUIPMENT , score: 0.9409147466780239
Skipping (good score) PRINTING_TRADES_MACHINERY-EQUIPMENT , score: 0.941
PERIODICALS_PUBLISHING_OR_PUBLISHING-PRINTING , score: 0.797919891312287
Skipping (good score) PERIODICALS_PUBLISHING_OR_PUBLISHING-PRINTING , score: 0.798
RETAIL-HOME_FURNITURE_FURNISHINGS-EQUIPMENT_STORES , score: 0.8177120597579629
Skipping (good score) RETAIL-HOME_FURNITURE_FURNISHINGS-EQUIPMENT_STORES , score: 0.818
OFFICE_FURNITURE_NO_WOOD , score: 0.8133933358607317
Skipping (good score) OFFICE_FURNITURE_NO_WOOD , score: 0.813
MORTGAGE_BANKERS-LOAN_CORRESPONDENTS , score: 0.8351105750807498
Skipping (good score) MORTGAGE_BANKERS-LOAN_CORRESPONDENTS , score: 0.835
AGRICULTURAL_CHEMICALS , score: 0.9189989112352156
Skipping (good score) AGRICULTURAL_CHEMICALS , score: 0.919
BLANK_CHECKS , score: 0.8761508837357834
Skipping (good score) BLANK_CHECKS , score: 0.876
SERVICES-MISCELLANEOUS_BUSINESS_SERVICES , score: 0.8299919022326656
Skipping (good score) SERVICES-MISCELLANEOUS_BUSINESS_SERVICES , score: 0.830
SERVICES-COMPUTER_PROGRAMMING_DATA_PROCESSING_ETC , score: 0.9233178346048182
Skipping (good score) SERVICES-COMPUTER_PROGRAMMING_DATA_PROCESSING_ETC , score: 0.923
POTTERY-RELATED_PRODUCTS , score: 0.9629637392306041
Skipping (good score) POTTERY-RELATED_PRODUCTS , score: 0.963
WHOLESALE-JEWELRY_WATCHES_PRECIOUS_STONES-METALS , score: 0.9087068931519624
Skipping (good score) WHOLESALE-JEWELRY_WATCHES_PRECIOUS_STONES-METALS , score: 0.909
WATER_TRANSPORTATION , score: 0.9355204880345919
Skipping (good score) WATER_TRANSPORTATION , score: 0.936
ELECTRONIC_COILS_TRANSFORMERS-OTHER_INDUCTORS , score: 0.9139627401127247
Skipping (good score) ELECTRONIC_COILS_TRANSFORMERS-OTHER_INDUCTORS , score: 0.914
FEDERAL-FEDERALLY-SPONSORED_CREDIT_AGENCIES , score: 0.7530941815597433
Skipping (good score) FEDERAL-FEDERALLY-SPONSORED_CREDIT_AGENCIES , score: 0.753
ADHESIVES-SEALANTS , score: 0.8051291689907305
Skipping (good score) ADHESIVES-SEALANTS , score: 0.805
OFFICE_FURNITURE , score: 0.8622167299121353
Skipping (good score) OFFICE_FURNITURE , score: 0.862
MISCELLANEOUS_ELECTRICAL_MACHINERY_EQUIPMENT-SUPPLIES , score: 0.8872583525745408
Skipping (good score) MISCELLANEOUS_ELECTRICAL_MACHINERY_EQUIPMENT-SUPPLIES , score: 0.887
PHARMACEUTICAL_PREPARATIONS , score: 0.9527794138564278
Skipping (good score) PHARMACEUTICAL_PREPARATIONS , score: 0.953
AIR-COND-WARM_AIR_HEATG_EQUIP-COMM-INDL_REFRIG_EQUIP , score: 0.8376480888551644
Skipping (good score) AIR-COND-WARM_AIR_HEATG_EQUIP-COMM-INDL_REFRIG_EQUIP , score: 0.838
CABLE-OTHER_PAY_TELEVISION_SERVICES , score: 0.8946297237817975
Skipping (good score) CABLE-OTHER_PAY_TELEVISION_SERVICES , score: 0.895
JEWELRY_SILVERWARE-PLATED_WARE , score: 0.9601608647605414
Skipping (good score) JEWELRY_SILVERWARE-PLATED_WARE , score: 0.960
GLASS_PRODUCTS_MADE_OF_PURCHASED_GLASS , score: 0.8971675669458539
Skipping (good score) GLASS_PRODUCTS_MADE_OF_PURCHASED_GLASS , score: 0.897
HEATING_EQUIPMENT_EXCEPT_ELECTRIC-WARM_AIR_FURNACES , score: 0.9290876423310923
Skipping (good score) HEATING_EQUIPMENT_EXCEPT_ELECTRIC-WARM_AIR_FURNACES , score: 0.929
UNSUPPORTED_PLASTICS_FILM-SHEET , score: 0.95140919395993
Skipping (good score) UNSUPPORTED_PLASTICS_FILM-SHEET , score: 0.951
AIRCRAFT_PARTS-AUXILIARY_EQUIPMENT_NEC , score: 0.8692343079722785
Skipping (good score) AIRCRAFT_PARTS-AUXILIARY_EQUIPMENT_NEC , score: 0.869
MISCELLANEOUS_PLASTICS_PRODUCTS , score: 0.8320112843394669
Skipping (good score) MISCELLANEOUS_PLASTICS_PRODUCTS , score: 0.832
DENTAL_EQUIPMENT-SUPPLIES , score: 0.814842004733041
Skipping (good score) DENTAL_EQUIPMENT-SUPPLIES , score: 0.815
OPHTHALMIC_GOODS , score: 0.8413303705093585
Skipping (good score) OPHTHALMIC_GOODS , score: 0.841
LOAN_BROKERS , score: 0.8719682955783458
Skipping (good score) LOAN_BROKERS , score: 0.872
TELEPHONE-TELEGRAPH_APPARATUS , score: 0.8883087759130726
Skipping (good score) TELEPHONE-TELEGRAPH_APPARATUS , score: 0.888
DAIRY_PRODUCTS , score: 0.9425406339907698
Skipping (good score) DAIRY_PRODUCTS , score: 0.943
BAKERY_PRODUCTS , score: 0.9546589460991218
Skipping (good score) BAKERY_PRODUCTS , score: 0.955
MISCELLANEOUS_MANUFACTURING_INDUSTRIES , score: 0.9026785390192036
Skipping (good score) MISCELLANEOUS_MANUFACTURING_INDUSTRIES , score: 0.903
RETAIL-CATALOG-MAIL-ORDER_HOUSES , score: 0.9286557918895502
Skipping (good score) RETAIL-CATALOG-MAIL-ORDER_HOUSES , score: 0.929
GLASS_CONTAINERS , score: 0.8820992089944847
Skipping (good score) GLASS_CONTAINERS , score: 0.882
ELECTRIC_GAS-SANITARY_SERVICES , score: 0.8787044124838638
Skipping (good score) ELECTRIC_GAS-SANITARY_SERVICES , score: 0.879
FATS-OILS , score: 0.8311989067763582
Skipping (good score) FATS-OILS , score: 0.831
MOTORCYCLES_BICYCLES-PARTS , score: 0.8389906155140713
Skipping (good score) MOTORCYCLES_BICYCLES-PARTS , score: 0.839
WHOLESALE-FARM_PRODUCT_RAW_MATERIALS , score: 0.8928991542895487
Skipping (good score) WHOLESALE-FARM_PRODUCT_RAW_MATERIALS , score: 0.893
SERVICES-MOTION_PICTURE_THEATERS , score: 0.8113476702656819
Skipping (good score) SERVICES-MOTION_PICTURE_THEATERS , score: 0.811
CIGARETTES , score: 0.8310035957907395
Skipping (good score) CIGARETTES , score: 0.831
ORDNANCE-ACCESSORIES_NO_VEHICLES-GUIDED_MISSILES , score: 0.8918282450984818
Skipping (good score) ORDNANCE-ACCESSORIES_NO_VEHICLES-GUIDED_MISSILES , score: 0.892
WHOLESALE-ELECTRONIC_PARTS-EQUIPMENT_NEC , score: 0.8503068095876246
Skipping (good score) WHOLESALE-ELECTRONIC_PARTS-EQUIPMENT_NEC , score: 0.850
LOCAL-SUBURBAN_TRANSIT-INTERURBAN_HWY_PASSENGER_TRANS , score: 0.9596781845241594
Skipping (good score) LOCAL-SUBURBAN_TRANSIT-INTERURBAN_HWY_PASSENGER_TRANS , score: 0.960
PAINTS_VARNISHES_LACQUERS_ENAMELS-ALLIED_PRODS , score: 0.8681384930645099
Skipping (good score) PAINTS_VARNISHES_LACQUERS_ENAMELS-ALLIED_PRODS , score: 0.868
RETAIL-APPAREL-ACCESSORY_STORES , score: 0.855328362155802
Skipping (good score) RETAIL-APPAREL-ACCESSORY_STORES , score: 0.855
SERVICES-TO_DWELLINGS-OTHER_BUILDINGS , score: 0.8438897795860146
Skipping (good score) SERVICES-TO_DWELLINGS-OTHER_BUILDINGS , score: 0.844
SEMICONDUCTORS-RELATED_DEVICES , score: 0.9443121215300629
Skipping (good score) SEMICONDUCTORS-RELATED_DEVICES , score: 0.944
FOOD_AND_KINDRED_PRODUCTS , score: 0.9458773981701939
Skipping (good score) FOOD_AND_KINDRED_PRODUCTS , score: 0.946
COMMERCIAL_PRINTING , score: 0.801130269903356
Skipping (good score) COMMERCIAL_PRINTING , score: 0.801
METAL_MINING , score: 0.9259695621017675
Skipping (good score) METAL_MINING , score: 0.926
MEASURING-CONTROLLING_DEVICES_NEC , score: 0.9066829946314943
Skipping (good score) MEASURING-CONTROLLING_DEVICES_NEC , score: 0.907
SERVICES-SPECIALTY_OUTPATIENT_FACILITIES_NEC , score: 0.9028755294639564
Skipping (good score) SERVICES-SPECIALTY_OUTPATIENT_FACILITIES_NEC , score: 0.903
PHOTOGRAPHIC_EQUIPMENT-SUPPLIES , score: 0.8441981620847357
Skipping (good score) PHOTOGRAPHIC_EQUIPMENT-SUPPLIES , score: 0.844
AGRICULTURAL_PROD-LIVESTOCK-ANIMAL_SPECIALTIES , score: 0.822580253768867
Skipping (good score) AGRICULTURAL_PROD-LIVESTOCK-ANIMAL_SPECIALTIES , score: 0.823
RUBBER-PLASTICS_FOOTWEAR , score: 0.8721768495034359
Skipping (good score) RUBBER-PLASTICS_FOOTWEAR , score: 0.872
SWITCHGEAR-SWITCHBOARD_APPARATUS , score: 0.8293442854417967
Skipping (good score) SWITCHGEAR-SWITCHBOARD_APPARATUS , score: 0.829
GAS-OTHER_SERVICES_COMBINED , score: 0.8566391134444425
Skipping (good score) GAS-OTHER_SERVICES_COMBINED , score: 0.857
BITUMINOUS_COAL-LIGNITE_MINING , score: 0.809402670984076
Skipping (good score) BITUMINOUS_COAL-LIGNITE_MINING , score: 0.809
SERVICES-CHILD_DAY_CARE_SERVICES , score: 0.9095117962475661
Skipping (good score) SERVICES-CHILD_DAY_CARE_SERVICES , score: 0.910
GAMES_TOYS-CHILDRENS_VEHICLES_NO_DOLLS-BICYCLES , score: 0.8737020599707978
Skipping (good score) GAMES_TOYS-CHILDRENS_VEHICLES_NO_DOLLS-BICYCLES , score: 0.874
PREFABRICATED_METAL_BUILDINGS-COMPONENTS , score: 0.950781574770953
Skipping (good score) PREFABRICATED_METAL_BUILDINGS-COMPONENTS , score: 0.951
SERVICES-AUTOMOTIVE_REPAIR_SERVICES-PARKING , score: 0.8515417892618604
Skipping (good score) SERVICES-AUTOMOTIVE_REPAIR_SERVICES-PARKING , score: 0.852
CRUDE_PETROLEUM-NATURAL_GAS , score: 0.9301586209430708
Skipping (good score) CRUDE_PETROLEUM-NATURAL_GAS , score: 0.930
TRUCKING_NO_LOCAL , score: 0.9000348216204405
Skipping (good score) TRUCKING_NO_LOCAL , score: 0.900
AUTO_CONTROLS_FOR_REGULATING_RESIDENTIAL-COMML_ENVIRONMENTS , score: 0.901506811327259
Skipping (good score) AUTO_CONTROLS_FOR_REGULATING_RESIDENTIAL-COMML_ENVIRONMENTS , score: 0.902
AIRCRAFT , score: 0.8495688250451601
Skipping (good score) AIRCRAFT , score: 0.850
WOOD_HOUSEHOLD_FURNITURE_NO_UPHOLSTERED , score: 0.7963146284345638
Skipping (good score) WOOD_HOUSEHOLD_FURNITURE_NO_UPHOLSTERED , score: 0.796
COOKIES-CRACKERS , score: 0.8910654163711031
Skipping (good score) COOKIES-CRACKERS , score: 0.891
SERVICES-COMPUTER_RENTAL-LEASING , score: 0.9973985409262787
Skipping (good score) SERVICES-COMPUTER_RENTAL-LEASING , score: 0.997
CANNED_FROZEN-PRESERVD_FRUIT_VEG-FOOD_SPECIALTIES , score: 0.822221605123607
Skipping (good score) CANNED_FROZEN-PRESERVD_FRUIT_VEG-FOOD_SPECIALTIES , score: 0.822
TRUCK-BUS_BODIES , score: 0.8073687843700952
Skipping (good score) TRUCK-BUS_BODIES , score: 0.807
RAILROADS_LINE-HAUL_OPERATING , score: 0.8774415821752112
Skipping (good score) RAILROADS_LINE-HAUL_OPERATING , score: 0.877
CONVERTED_PAPER-PAPERBOARD_PRODS_NO_CONTANERS-BOXES , score: 0.8705434366767764
Skipping (good score) CONVERTED_PAPER-PAPERBOARD_PRODS_NO_CONTANERS-BOXES , score: 0.871
BIOLOGICAL_PRODUCTS_NO_DISGNOSTIC_SUBSTANCES , score: 0.9418902092898824
Skipping (good score) BIOLOGICAL_PRODUCTS_NO_DISGNOSTIC_SUBSTANCES , score: 0.942
WHOLESALE-MEDICAL_DENTAL-HOSPITAL_EQUIPMENT-SUPPLIES , score: 0.8351629913737104
Skipping (good score) WHOLESALE-MEDICAL_DENTAL-HOSPITAL_EQUIPMENT-SUPPLIES , score: 0.835
NEWSPAPERS_PUBLISHING_OR_PUBLISHING-PRINTING , score: 0.8078269863212761
Skipping (good score) NEWSPAPERS_PUBLISHING_OR_PUBLISHING-PRINTING , score: 0.808
HOSPITAL-MEDICAL_SERVICE_PLANS , score: 0.9088166479202708
Skipping (good score) HOSPITAL-MEDICAL_SERVICE_PLANS , score: 0.909
OPERATIVE_BUILDERS , score: 0.8782899755015269
Skipping (good score) OPERATIVE_BUILDERS , score: 0.878
HOUSEHOLD_APPLIANCES , score: 0.8148270745183565
Skipping (good score) HOUSEHOLD_APPLIANCES , score: 0.815
BOTTLED-CANNED_SOFT_DRINKS-CARBONATED_WATERS , score: 0.9172136935666442
Skipping (good score) BOTTLED-CANNED_SOFT_DRINKS-CARBONATED_WATERS , score: 0.917
FOOTWEAR_NO_RUBBER , score: 0.8860876056355108
Skipping (good score) FOOTWEAR_NO_RUBBER , score: 0.886
WHOLESALE-ELECTRICAL_APPARATUS-EQUIPMENT_WIRING_SUPPLIES , score: 0.8206909331229627
Skipping (good score) WHOLESALE-ELECTRICAL_APPARATUS-EQUIPMENT_WIRING_SUPPLIES , score: 0.821
RAILROAD_SWITCHING-TERMINAL_ESTABLISHMENTS , score: 0.9598939726155655
Skipping (good score) RAILROAD_SWITCHING-TERMINAL_ESTABLISHMENTS , score: 0.960
BEVERAGES , score: 0.9226169406204686
Skipping (good score) BEVERAGES , score: 0.923
ENGINES-TURBINES , score: 0.8730008894362272
Skipping (good score) ENGINES-TURBINES , score: 0.873
ORTHOPEDIC_PROSTHETIC-SURGICAL_APPLIANCES-SUPPLIES , score: 0.9357453683602472
Skipping (good score) ORTHOPEDIC_PROSTHETIC-SURGICAL_APPLIANCES-SUPPLIES , score: 0.936
RADIOTELEPHONE_COMMUNICATIONS , score: 0.9381911587486697
Skipping (good score) RADIOTELEPHONE_COMMUNICATIONS , score: 0.938
RETAIL-AUTO_DEALERS-GASOLINE_STATIONS , score: 0.9510835835749113
Skipping (good score) RETAIL-AUTO_DEALERS-GASOLINE_STATIONS , score: 0.951
SERVICES-ADVERTISING_AGENCIES , score: 0.887560455515765
Skipping (good score) SERVICES-ADVERTISING_AGENCIES , score: 0.888
OIL-GAS_FIELD_MACHINERY-EQUIPMENT , score: 0.8596314121531204
Skipping (good score) OIL-GAS_FIELD_MACHINERY-EQUIPMENT , score: 0.860
COMPUTER-OFFICE_EQUIPMENT , score: 0.8556840340203046
Skipping (good score) COMPUTER-OFFICE_EQUIPMENT , score: 0.856
RETAIL-DEPARTMENT_STORES , score: 0.8625395940781567
Skipping (good score) RETAIL-DEPARTMENT_STORES , score: 0.863
WHOLESALE-MOTOR_VEHICLES-MOTOR_VEHICLE_PARTS-SUPPLIES , score: 0.9121460459824853
Skipping (good score) WHOLESALE-MOTOR_VEHICLES-MOTOR_VEHICLE_PARTS-SUPPLIES , score: 0.912
PLASTIC_MATERIAL_SYNTH_RESIN-RUBBER_CELLULOS_NO_GLASS , score: 0.8346901790277315
Skipping (good score) PLASTIC_MATERIAL_SYNTH_RESIN-RUBBER_CELLULOS_NO_GLASS , score: 0.835
REAL_ESTATE_AGENTS-MANAGERS_FOR_OTHERS , score: 0.880006681773953
Skipping (good score) REAL_ESTATE_AGENTS-MANAGERS_FOR_OTHERS , score: 0.880
RETAIL-RADIO_TV-CONSUMER_ELECTRONICS_STORES , score: 0.7028754872764242
Skipping (good score) RETAIL-RADIO_TV-CONSUMER_ELECTRONICS_STORES , score: 0.703
SERVICES-SKILLED_NURSING_CARE_FACILITIES , score: 0.7742844969347504
Skipping (good score) SERVICES-SKILLED_NURSING_CARE_FACILITIES , score: 0.774
ELECTROMEDICAL-ELECTROTHERAPEUTIC_APPARATUS , score: 0.8828507666297776
Skipping (good score) ELECTROMEDICAL-ELECTROTHERAPEUTIC_APPARATUS , score: 0.883
MISCELLANEOUS_METAL_ORES , score: 0.7860716790722508
Skipping (good score) MISCELLANEOUS_METAL_ORES , score: 0.786
process AGRICULTURAL_SERVICES lvl: 3
loaded ../GRQ-portfolio/best/industry/v6/AGRICULTURAL_SERVICES.json
5 mutations, mutation rate 29.8%, elitism 6, mutation ALL, selection TOURNAMENT
Creature count: 50
Culling duplicate creature at 1 of 51
DeDuplication of 1 creatures to 50 in 42ms (previous experiment )
Training ca0e8eb4 with 1 binary file, target error: 0.05, iterations: 1, sample rate: 100%, sparse: 100%
Discovery ca0e8eb4 with 1 binary files, sample rate: 100%, batch size: 512
Discovery ca0e8eb4 initialize time 112ms
Discovery ca0e8eb4 processing .trainData-industry_88/AGRICULTURAL_SERVICES/data.bin
Fine tuning increased fitness by 0.000010818648031762912 to 0.8088178777192866 adjusted 73 weights, 3 biases 
Fine tuning increased fitness by 0.000006670342952319608 to 0.8088245480622389 adjusted 73 weights, 3 biases 
Discovery ca0e8eb4 read time 5ms for .trainData-industry_88/AGRICULTURAL_SERVICES/data.bin with 4613 records
Discovery ca0e8eb4 scanning time 36s 435ms
Discovery ca0e8eb4 recorded time 38s 514ms
Fine tuning increased fitness by 0.000005842407014622353 to 0.808840347470233 adjusted 73 weights, 3 biases 
Fine tuning increased fitness by 0.000002360128328549038 to 0.8088427075985616 adjusted 73 weights, 3 biases 
Training ca0e8eb4 samples 2,601 of 4,613 56.4% error 0.176 time average: 23ms 73µs 817ns total: 1m 15ms
Discovered beneficial synapse from input-1092 to 1af4261b-fe1d-4858-9ec4-265170c37f25 with weight 1.0000, helping 60.0% more records than it harms (3682/4613)
Discovery ca0e8eb4 analyze time 58s 93ms found 1 candidates
Generation 10 score 0.8090443407997512  error 0.19090504920034176 avg time 10s 202ms
Discovered harmful synapse from input-1194 to 1af4261b-fe1d-4858-9ec4-265170c37f25, harming 59.9% more records than it helps (917/4613)
Discovery ca0e8eb4 analyze harmful time 9s 117ms found 1 candidates
Training 8742ec5d with 1 binary file, target error: 0.05, iterations: 1, sample rate: 100%, sparse: 100%
Fine tuning increased fitness by 4.405673522667186e-7 to 0.8090473408648622 adjusted 41 weights, 3 biases 
Discovery ca0e8eb4 analyze squashes time 8s 672ms found 1 candidate, Summary: 1af4261b-fe1d-4858-9ec4-265170c37f25 LeakyReLU -> Cube improved: 1.1% error: 1.0370451294581418e+22 -> 1.0260282976168493e+22
Discovery feedbceb with 1 binary files, sample rate: 100%, batch size: 512
Discovery feedbceb initialize time 107ms
Discovery feedbceb processing .trainData-industry_88/AGRICULTURAL_SERVICES/data.bin
Fine tuning increased fitness by 0.000002900564875063516 to 0.8090502414297372 adjusted 41 weights, 3 biases 
Over populated 53, expected 50.
Fine tuning increased fitness by 1.293442898342434e-7 to 0.8090503707740271 adjusted 37 weights, 2 biases 
Discovery feedbceb read time 11ms for .trainData-industry_88/AGRICULTURAL_SERVICES/data.bin with 4613 records
Discovery feedbceb scanning time 35s 476ms
Discovery feedbceb recorded time 36s 748ms
Training 8742ec5d samples 2,684 of 4,613 58.2% error 0.186 time average: 22ms 362µs 146ns total: 1m 20ms
Training 8742ec5d timed out after 1m 20ms
Fine tuning increased fitness by 0.000002900195838151376 to 0.8090601306068583 adjusted 72 weights, 4 biases 
Generation 18 score 0.8090601306068583  error 0.19088924939323454 avg time 8s 612ms
Set training/discovery clean up count to 2
Waiting for discovery to complete
Fine tuning increased fitness by 0.0000029774825869299804 to 0.8090631080894453 adjusted 72 weights, 4 biases 
Generation 19 score 0.8090631080894453  error 0.1908862719106476 avg time 1s 85ms
Waiting for discovery to complete
Generation 20 score 0.8090663244323231  error 0.1908830555677698 avg time 1s 41ms
Waiting for discovery to complete
Fine tuning increased fitness by 0.0000062625723044051895 to 0.8090725870046275 adjusted 34 weights, 1 bias 
Generation 21 score 0.8090725870046275  error 0.19087679299546545 avg time 1s 14ms
Waiting for discovery to complete
Fine tuning increased fitness by 0.000011311199169083963 to 0.8090838982037966 adjusted 34 weights, 1 bias 
Generation 22 score 0.8090838982037966  error 0.19086548179629637 avg time 1s 46ms
Waiting for discovery to complete
Fine tuning increased fitness by 0.00001659181010738031 to 0.8091004900139039 adjusted 34 weights, 1 bias 
Discovered beneficial synapse from input-1092 to 1af4261b-fe1d-4858-9ec4-265170c37f25 with weight 1.0000, helping 59.9% more records than it harms (3682/4613)
Discovery feedbceb analyze time 1m 13s 502ms found 1 candidates
Remove neuron c12794cd-3292-4ab7-a843-786fbdde106c as no longer connected
Generation 23 score 0.8091004900139039  error 0.190848889986189 avg time 1s 52ms
Waiting for discovery to complete
Fine tuning increased fitness by 0.00003595679436119159 to 0.8091364468082651 adjusted 72 weights, 3 biases 
Discovered harmful synapse from input-54 to 5d27af57-1c3b-429c-b7ea-b0c77cb4903e, harming 40.9% more records than it helps (1354/4613)
Discovery feedbceb analyze harmful time 8s 72ms found 1 candidates
Generation 24 score 0.8091364468082651  error 0.19081293319182782 avg time 1s 53ms
Waiting for discovery to complete
Discovery feedbceb analyze squashes time 8s 334ms found 1 candidate, Summary: 1af4261b-fe1d-4858-9ec4-265170c37f25 LeakyReLU -> Cube improved: 1.1% error: 1.0360331514187377e+22 -> 1.0250145577054335e+22
Fine tuning increased fitness by 0.000018362205978283974 to 0.8091548090142434 adjusted 72 weights, 3 biases 
Generation 25 score 0.8091548090142434  error 0.19079457098584948 avg time 1s 52ms
Waiting for training/discovery clean up 2
Fine tuning increased fitness by 0.0000015512360665992375 to 0.80915636025031 adjusted 72 weights, 3 biases 
Generation 26 score 0.80915636025031  error 0.19079301974978297 avg time 1s 17ms
Waiting for training/discovery clean up 1
Fine tuning increased fitness by 0.000001222682992185753 to 0.8091575829333022 adjusted 72 weights, 3 biases 
Generation 27 score 0.8091575829333022  error 0.19079179706679075 avg time 1s
{
  error: 0.19079179706679075,
  score: 0.8091575829333022,
  generation: 27,
  time: 281954,
  startScore: 0.8088070590712548
}
process COMMUNICATIONS_EQUIPMENT_NEC lvl: 3
loaded ../GRQ-portfolio/best/industry/v6/COMMUNICATIONS_EQUIPMENT_NEC.json
1 mutation, mutation rate 21.5%, elitism 2, mutation FFW, selection POWER
Creature count: 50
Culling duplicate creature at 1 of 51
DeDuplication of 1 creatures to 50 in 145ms (previous experiment )
Training 3b2f7f1c with 1 binary file, target error: 0.05, iterations: 1, sample rate: 100%, sparse: 100%
Discovery 3b2f7f1c with 1 binary files, sample rate: 100%, batch size: 512
Discovery 3b2f7f1c initialize time 113ms
Discovery 3b2f7f1c processing .trainData-industry_88/COMMUNICATIONS_EQUIPMENT_NEC/data.bin
Discovery 3b2f7f1c read time 5ms for .trainData-industry_88/COMMUNICATIONS_EQUIPMENT_NEC/data.bin with 4613 records
Discovery 3b2f7f1c scanning time 7s 892ms
Discovery 3b2f7f1c recorded time 9s 162ms
Training 04c3b53b with 1 binary file, target error: 0.05, iterations: 1, sample rate: 100%, sparse: 100%
Over populated 52, expected 50.
Discovered beneficial synapse from input-3 to c4d22933-7f22-41ba-b20b-05c6e471cfc3 with weight -1.0000, helping 11.5% more records than it harms (2432/4613)
Discovery 3b2f7f1c analyze time 14s 134ms found 1 candidates
Discovery 3b2f7f1c analyze harmful time 3s 52ms found 0 candidates
Discovery 3b2f7f1c analyze squashes time 3s 103ms found 1 candidate, Summary: c4d22933-7f22-41ba-b20b-05c6e471cfc3 ArcTan -> COMPLEMENT improved: 100.0% error: 5.412053306774179e+27 -> 4.606518569608954e+21
Training 9817914c with 1 binary file, target error: 0.05, iterations: 1, sample rate: 100%, sparse: 100%
Discovery 9817914c with 1 binary files, sample rate: 100%, batch size: 512
Discovery 9817914c initialize time 112ms
Discovery 9817914c processing .trainData-industry_88/COMMUNICATIONS_EQUIPMENT_NEC/data.bin
Fine tuning increased fitness by 3.0267094830449537e-7 to 0.8649759111011012 adjusted 228 weights 
Over populated 54, expected 50.
Discovery 9817914c read time 5ms for .trainData-industry_88/COMMUNICATIONS_EQUIPMENT_NEC/data.bin with 4613 records
Discovery 9817914c scanning time 8s 193ms
Discovery 9817914c recorded time 9s 342ms
Training 5992bbf0 with 1 binary file, target error: 0.05, iterations: 1, sample rate: 100%, sparse: 100%
Over populated 52, expected 50.
Discovered beneficial synapse from input-3 to c4d22933-7f22-41ba-b20b-05c6e471cfc3 with weight -1.0000, helping 11.5% more records than it harms (2433/4613)
Discovery 9817914c analyze time 15s 67ms found 1 candidates
Discovery 9817914c analyze harmful time 3s 119ms found 0 candidates
Training d2572250 with 1 binary file, target error: 0.05, iterations: 1, sample rate: 100%, sparse: 100%
Discovery 9817914c analyze squashes time 3s 51ms found 1 candidate, Summary: c4d22933-7f22-41ba-b20b-05c6e471cfc3 ArcTan -> COMPLEMENT improved: 100.0% error: 5.412053306774179e+27 -> 4.6065185697004304e+21
Discovery 83316385 with 1 binary files, sample rate: 100%, batch size: 512
Discovery 83316385 initialize time 113ms
Discovery 83316385 processing .trainData-industry_88/COMMUNICATIONS_EQUIPMENT_NEC/data.bin
Generation 10 score 0.8650490825953808  error 0.13490616740568853 avg time 7s 510ms
Training 7db819ff with 1 binary file, target error: 0.05, iterations: 1, sample rate: 100%, sparse: 100%
Fine tuning increased fitness by 8.76660911419691e-7 to 0.8650499592562922 adjusted 80 weights 
Discovery 83316385 read time 5ms for .trainData-industry_88/COMMUNICATIONS_EQUIPMENT_NEC/data.bin with 4613 records
Discovery 83316385 scanning time 7s 744ms
Discovery 83316385 recorded time 9s 4ms
Training d336b12a with 1 binary file, target error: 0.05, iterations: 1, sample rate: 100%, sparse: 100%
Discovered beneficial synapse from input-3 to c4d22933-7f22-41ba-b20b-05c6e471cfc3 with weight -1.0000, helping 11.4% more records than it harms (2432/4613)
Discovery 83316385 analyze time 14s 172ms found 1 candidates
Discovered harmful synapse from 5b383918-016d-4e53-8018-5420e7c7e8df to 5b75a1b0-4988-45d1-b4ed-f866fd8c356f, harming 28.5% more records than it helps (812/4613)
Discovery 83316385 analyze harmful time 3s 493ms found 1 candidates
Discovery 83316385 analyze squashes time 3s 281ms found 1 candidate, Summary: c4d22933-7f22-41ba-b20b-05c6e471cfc3 ArcTan -> COMPLEMENT improved: 100.0% error: 5.412053306774179e+27 -> 4.6065185697004677e+21
Training 4f6c503f with 1 binary file, target error: 0.05, iterations: 1, sample rate: 100%, sparse: 100%
Discovery 4f6c503f with 1 binary files, sample rate: 100%, batch size: 512
Discovery 4f6c503f initialize time 113ms
Discovery 4f6c503f processing .trainData-industry_88/COMMUNICATIONS_EQUIPMENT_NEC/data.bin
Fine tuning increased fitness by 0.0001551708124314377 to 0.8652965765757221 adjusted 2 weights 
Discovery 4f6c503f read time 6ms for .trainData-industry_88/COMMUNICATIONS_EQUIPMENT_NEC/data.bin with 4613 records
Discovery 4f6c503f scanning time 7s 783ms
Discovery 4f6c503f recorded time 9s 16ms
Training 70c904f4 with 1 binary file, target error: 0.05, iterations: 1, sample rate: 100%, sparse: 100%
Discovered beneficial synapse from input-3 to c4d22933-7f22-41ba-b20b-05c6e471cfc3 with weight -1.0000, helping 10.9% more records than it harms (2417/4613)
Discovery 4f6c503f analyze time 14s 689ms found 1 candidates
Discovery 4f6c503f analyze harmful time 3s 365ms found 0 candidates
Training 818c6e52 with 1 binary file, target error: 0.05, iterations: 1, sample rate: 100%, sparse: 100%
Discovery 4f6c503f analyze squashes time 3s 77ms found 1 candidate, Summary: c4d22933-7f22-41ba-b20b-05c6e471cfc3 ArcTan -> COMPLEMENT improved: 100.0% error: 5.412053306774179e+27 -> 4.606518569700477e+21
Discovery fa9f5578 with 1 binary files, sample rate: 100%, batch size: 512
Discovery fa9f5578 initialize time 114ms
Discovery fa9f5578 processing .trainData-industry_88/COMMUNICATIONS_EQUIPMENT_NEC/data.bin
Generation 20 score 0.8653424796950935  error 0.13461265030597674 avg time 7s 379ms
Discovery fa9f5578 read time 7ms for .trainData-industry_88/COMMUNICATIONS_EQUIPMENT_NEC/data.bin with 4613 records
Discovery fa9f5578 scanning time 7s 649ms
Discovery fa9f5578 recorded time 8s 973ms
Discovered beneficial synapse from input-3 to c4d22933-7f22-41ba-b20b-05c6e471cfc3 with weight -1.0000, helping 10.6% more records than it harms (2411/4613)
Discovery fa9f5578 analyze time 13s 942ms found 1 candidates
Discovery fa9f5578 analyze harmful time 3s 91ms found 0 candidates
Discovery fa9f5578 analyze squashes time 3s 49ms found 1 candidate, Summary: c4d22933-7f22-41ba-b20b-05c6e471cfc3 ArcTan -> COMPLEMENT improved: 100.0% error: 5.412053252579513e+27 -> 4.5523239020940744e+21
Fine tuning increased fitness by 3.398250522090862e-7 to 0.865511050053551 adjusted 1 weight 
Generation 25 score 0.865511050053551  error 0.13444408994751905 avg time 3s 205ms
Waiting for additional generation
Fine tuning increased fitness by 3.672056325676465e-9 to 0.8655110537256073 adjusted 1 weight 
Generation 26 score 0.8655110537256073  error 0.13444408627546264 avg time 512ms
{
  error: 0.13444408627546264,
  score: 0.8655110537256073,
  generation: 26,
  time: 186377,
  startScore: 0.8649502346147064
}
process WHOLESALE-MOTOR_VEHICLE_SUPPLIES-NEW_PARTS lvl: 3
loaded ../GRQ-portfolio/best/industry/v6/WHOLESALE-MOTOR_VEHICLE_SUPPLIES-NEW_PARTS.json
7 mutations, mutation rate 50.0%, elitism 6, mutation FFW, selection POWER
Creature count: 50
Culling duplicate creature at 1 of 51
DeDuplication of 1 creatures to 50 in 39ms (previous experiment )
Training 94677d41 with 1 binary file, target error: 0.05, iterations: 1, sample rate: 100%, sparse: 100%
Discovery 94677d41 with 1 binary files, sample rate: 100%, batch size: 512
Discovery 94677d41 initialize time 111ms
Discovery 94677d41 processing .trainData-industry_88/WHOLESALE-MOTOR_VEHICLE_SUPPLIES-NEW_PARTS/data.bin
Remove neuron 0f704405-1b08-4112-b798-14f2693e5d4c as no longer connected
Constant neuron ba785c84-6038-4314-b54e-d045f07e0493 convert hidden to constant
Adjust neuron ba785c84-6038-4314-b54e-d045f07e0493 bias -0.0714284 to -0.071367677348638
Discovery 94677d41 read time 12ms for .trainData-industry_88/WHOLESALE-MOTOR_VEHICLE_SUPPLIES-NEW_PARTS/data.bin with 4613 records
Discovery 94677d41 scanning time 10s 842ms
Constant neuron 4ad91939-d2fd-40d9-b68f-921c9e056911 convert hidden to constant
Adjust neuron 4ad91939-d2fd-40d9-b68f-921c9e056911 bias 0.0911937 to 0.0911937
Discovery 94677d41 recorded time 12s 194ms
Fine tuning increased fitness by 0.000003414788348754527 to 0.8696874679983148 adjusted 1106 weights, 43 biases 
Training 06b78d00 with 1 binary file, target error: 0.05, iterations: 1, sample rate: 100%, sparse: 100%
Fine tuning increased fitness by 0.0000013095112239014384 to 0.8696887775095387 adjusted 1106 weights, 43 biases 
Remove neuron 0f704405-1b08-4112-b798-14f2693e5d4c as no longer connected
Remove neuron 849b8ed1-5382-4f2b-bb79-6f5e587d46e6 as no longer connected
Constant neuron 3144bd04-12da-4046-a386-c96f6b9d68cf convert hidden to constant
Adjust neuron 3144bd04-12da-4046-a386-c96f6b9d68cf bias 0.09441129999999999 to 0.049432369649977395
Discovered beneficial synapse from clipped-10002 to 014e105a-7553-409c-879a-0a8267e241ab with weight 1.0000, helping 22.7% more records than it harms (2829/4613)
Discovery 94677d41 analyze time 27s 516ms found 1 candidates
Fine tuning increased fitness by 0.0000028878667883702747 to 0.8696967477299763 adjusted 1510 weights, 62 biases 
Discovered harmful synapse from ed56a8a6-001-4a53-9eab-583c499d231b to 82ce58b5-5f5d-4bf9-8754-fb2e9a6f8ff5, harming 19.9% more records than it helps (1848/4613)
Discovery 94677d41 analyze harmful time 3s 991ms found 1 candidates
Discovery 94677d41 analyze squashes time 4s 122ms found 0 candidates
Training 4c5d9d58 with 1 binary file, target error: 0.05, iterations: 1, sample rate: 100%, sparse: 100%
Discovery 4c5d9d58 with 1 binary files, sample rate: 100%, batch size: 512
Discovery 4c5d9d58 initialize time 113ms
Discovery 4c5d9d58 processing .trainData-industry_88/WHOLESALE-MOTOR_VEHICLE_SUPPLIES-NEW_PARTS/data.bin
Remove neuron 54d8838b-a231-4192-91cf-15949c607339 as no longer connected
Fine tuning increased fitness by 5.564211573716449e-7 to 0.8696990128484344 adjusted 753 weights, 38 biases 
Discovery 4c5d9d58 read time 13ms for .trainData-industry_88/WHOLESALE-MOTOR_VEHICLE_SUPPLIES-NEW_PARTS/data.bin with 4613 records
Discovery 4c5d9d58 scanning time 10s 711ms
Discovery 4c5d9d58 recorded time 12s 94ms
Remove neuron 8c8fc085-89dd-472e-ae08-42f0f73e04e5-731 as no longer connected
Remove neuron 96c1454b-d046-409f-92c0-a9298e8d3a85 as no longer connected
Fine tuning increased fitness by 0.0000011206261190110922 to 0.8697001334745534 adjusted 753 weights, 38 biases 
Training fe7840dc with 1 binary file, target error: 0.05, iterations: 1, sample rate: 100%, sparse: 100%
Fine tuning increased fitness by 0.000001672771921090721 to 0.8697018062464745 adjusted 753 weights, 38 biases 
Constant neuron 4575469e-7c44-459a-86cb-81af2b2baa8a convert hidden to constant
Adjust neuron 4575469e-7c44-459a-86cb-81af2b2baa8a bias 0.0328606 to 0.0328606
Generation 10 score 0.8697018062464745  error 0.13026212775473037 avg time 8s 156ms
Fine tuning increased fitness by 0.0000030628536061838574 to 0.8697048691000807 adjusted 753 weights, 38 biases 
Remove neuron ccbd1a8a-921c-4b1e-9896-6102f3b87e9c as no longer connected
Discovered beneficial synapse from clipped-10002 to 014e105a-7553-409c-879a-0a8267e241ab with weight 1.0000, helping 22.6% more records than it harms (2827/4613)
Discovery 4c5d9d58 analyze time 28s 778ms found 1 candidates
Fine tuning increased fitness by 0.0000040983421826235045 to 0.8697089674422633 adjusted 753 weights, 38 biases 
Remove neuron 8c8fc085-89dd-472e-ae08-42f0f73e04e5-799 as no longer connected
Discovered harmful synapse from input-524 to 7fd3baaf-b816-48e0-b1e4-d4401cc9a273, harming 32.8% more records than it helps (1423/4613)
Discovery 4c5d9d58 analyze harmful time 4s 361ms found 1 candidates
Training c597686d with 1 binary file, target error: 0.05, iterations: 1, sample rate: 100%, sparse: 100%
Discovery 4c5d9d58 analyze squashes time 4s 355ms found 0 candidates
Discovery 25bd8125 with 1 binary files, sample rate: 100%, batch size: 512
Discovery 25bd8125 initialize time 103ms
Discovery 25bd8125 processing .trainData-industry_88/WHOLESALE-MOTOR_VEHICLE_SUPPLIES-NEW_PARTS/data.bin
Fine tuning increased fitness by 8.656852922284131e-7 to 0.8697424007388898 adjusted 313 weights, 12 biases 
Discovery 25bd8125 read time 15ms for .trainData-industry_88/WHOLESALE-MOTOR_VEHICLE_SUPPLIES-NEW_PARTS/data.bin with 4613 records
Discovery 25bd8125 scanning time 10s 481ms
Discovery 25bd8125 recorded time 11s 833ms
Training 56b7e56b with 1 binary file, target error: 0.05, iterations: 1, sample rate: 100%, sparse: 100%
Fine tuning increased fitness by 0.00012066867653315327 to 0.8699933863319242 adjusted 138 weights, 5 biases 
Fine tuning increased fitness by 0.00004088038565364105 to 0.8700342667175779 adjusted 138 weights, 5 biases 
Constant neuron 8c8fc085-89dd-472e-ae08-42f0f73e04e5-799 convert hidden to constant
Adjust neuron 8c8fc085-89dd-472e-ae08-42f0f73e04e5-799 bias 2.5859701542925284e-8 to 6.687241638891723e-16
Remove neuron 4ad91939-d2fd-40d9-b68f-921c9e056911 as no longer connected
Training 78d09497 with 1 binary file, target error: 0.05, iterations: 1, sample rate: 100%, sparse: 100%
Discovered beneficial synapse from clipped-10002 to 014e105a-7553-409c-879a-0a8267e241ab with weight 1.0000, helping 22.9% more records than it harms (2835/4613)
Discovery 25bd8125 analyze time 29s 3ms found 1 candidates
Fine tuning increased fitness by 4.10803892014755e-8 to 0.8700343398978584 adjusted 51 weights, 2 biases 
Discovered harmful synapse from ed56a8a6-001-4a53-9eab-583c499d231b to 82ce58b5-5f5d-4bf9-8754-fb2e9a6f8ff5, harming 20.2% more records than it helps (1840/4613)
Discovery 25bd8125 analyze harmful time 4s 115ms found 1 candidates
Generation 20 score 0.8700343398978584  error 0.1299296841033376 avg time 7s 397ms
Discovery 25bd8125 analyze squashes time 4s 249ms found 0 candidates
Fine tuning increased fitness by 0.0000011642180124393775 to 0.8700371037583087 adjusted 128 weights, 5 biases 
Remove neuron 624742c8-2343-4d4a-bcda-b06d2af8baa8 as no longer connected
Remove neuron 959b5dc0-211c-440e-9d29-7f91038b8d46 as no longer connected
Fine tuning increased fitness by 0.0000015997527383904142 to 0.8700387035110471 adjusted 128 weights, 5 biases 
Generation 24 score 0.8700387035110471  error 0.12992532049014893 avg time 2s 821ms
{
  error: 0.12992532049014893,
  score: 0.8700387035110471,
  generation: 24,
  time: 183934,
  startScore: 0.8696804189525106
}
process WHOLESALE-METALS_SERVICE_CENTERS-OFFICES lvl: 3
loaded ../GRQ-portfolio/best/industry/v6/WHOLESALE-METALS_SERVICE_CENTERS-OFFICES.json
8 mutations, mutation rate 5.0%, elitism 5, mutation FFW, selection TOURNAMENT
Creature count: 50
Culling duplicate creature at 1 of 51
DeDuplication of 1 creatures to 50 in 126ms (previous experiment )
Training b2683c21 with 1 binary file, target error: 0.05, iterations: 1, sample rate: 100%, sparse: 100%
Discovery b2683c21 with 1 binary files, sample rate: 100%, batch size: 512
Discovery b2683c21 initialize time 110ms
Discovery b2683c21 processing .trainData-industry_88/WHOLESALE-METALS_SERVICE_CENTERS-OFFICES/data.bin
Discovery b2683c21 read time 8ms for .trainData-industry_88/WHOLESALE-METALS_SERVICE_CENTERS-OFFICES/data.bin with 4613 records
Discovery b2683c21 scanning time 5s 637ms
Discovery b2683c21 recorded time 7s 265ms
Training 671ba8cb with 1 binary file, target error: 0.05, iterations: 1, sample rate: 100%, sparse: 100%
Over populated 52, expected 50.
Discovered beneficial synapse from input-1407 to 2d3c3054-1903-440a-a612-39331bf7e632 with weight 1.0000, helping 37.2% more records than it harms (2775/4613)
Discovery b2683c21 analyze time 20s 624ms found 1 candidates
Discovered harmful synapse from input-35 to 2d3c3054-1903-440a-a612-39331bf7e632, harming 36.6% more records than it helps (1072/4613)
Discovery b2683c21 analyze harmful time 2s 245ms found 1 candidates
Discovery b2683c21 analyze squashes time 2s 231ms found 0 candidates
Training f40a0b19 with 1 binary file, target error: 0.05, iterations: 1, sample rate: 100%, sparse: 100%
Over populated 53, expected 50.
Training 9d62b62b with 1 binary file, target error: 0.05, iterations: 1, sample rate: 100%, sparse: 100%
Training 134722c5 with 1 binary file, target error: 0.05, iterations: 1, sample rate: 100%, sparse: 100%
Over populated 52, expected 50.
Discovery 638caca4 with 1 binary files, sample rate: 100%, batch size: 512
Discovery 638caca4 initialize time 108ms
Discovery 638caca4 processing .trainData-industry_88/WHOLESALE-METALS_SERVICE_CENTERS-OFFICES/data.bin
Generation 10 score 0.8605448287341126  error 0.13941332726691066 avg time 8s 150ms
Discovery 638caca4 read time 10ms for .trainData-industry_88/WHOLESALE-METALS_SERVICE_CENTERS-OFFICES/data.bin with 4613 records
Discovery 638caca4 scanning time 4s 673ms
Discovery 638caca4 recorded time 6s 605ms
Training ad549154 with 1 binary file, target error: 0.05, iterations: 1, sample rate: 100%, sparse: 100%
Fine tuning increased fitness by 8.304744747444914e-8 to 0.8605449117815601 adjusted 1 weight 
Fine tuning increased fitness by 1.8209354801790312e-7 to 0.8605450938751081 adjusted 1 weight 
Training 32a58055 with 1 binary file, target error: 0.05, iterations: 1, sample rate: 100%, sparse: 100%
Over populated 52, expected 50.
Training f2fc0a92 with 1 binary file, target error: 0.05, iterations: 1, sample rate: 100%, sparse: 100%
Over populated 52, expected 50.
Discovered beneficial synapse from input-1407 to 2d3c3054-1903-440a-a612-39331bf7e632 with weight 1.0000, helping 37.2% more records than it harms (2775/4613)
Discovery 638caca4 analyze time 38s 717ms found 1 candidates
Fine tuning increased fitness by 0.000006440124550199933 to 0.8606160137050678 adjusted 573 weights, 23 biases 
Discovered harmful synapse from input-35 to 2d3c3054-1903-440a-a612-39331bf7e632, harming 36.6% more records than it helps (1072/4613)
Discovery 638caca4 analyze harmful time 2s 247ms found 1 candidates
Discovery 638caca4 analyze squashes time 2s 26ms found 1 candidate, Summary: output-2 HARD_TANH -> COMPLEMENT improved: 91.7% error: 1.959113271706878e+26 -> 1.632594393089065e+25
Training 37d9e03d with 1 binary file, target error: 0.05, iterations: 1, sample rate: 100%, sparse: 100%
Discovery 37d9e03d with 1 binary files, sample rate: 100%, batch size: 512
Discovery 37d9e03d initialize time 111ms
Discovery 37d9e03d processing .trainData-industry_88/WHOLESALE-METALS_SERVICE_CENTERS-OFFICES/data.bin
Over populated 56, expected 50.
Discovery 37d9e03d read time 8ms for .trainData-industry_88/WHOLESALE-METALS_SERVICE_CENTERS-OFFICES/data.bin with 4613 records
Discovery 37d9e03d scanning time 5s 85ms
Discovery 37d9e03d recorded time 7s 325ms
Training e4d9f285 with 1 binary file, target error: 0.05, iterations: 1, sample rate: 100%, sparse: 100%
Fine tuning increased fitness by 0.000012087150303874417 to 0.8606636340734768 adjusted 594 weights, 37 biases 
Over populated 52, expected 50.
Generation 20 score 0.8606651062153317  error 0.13929304978569174 avg time 7s 981ms
Fine tuning increased fitness by 0.000032418029179970276 to 0.8606975242445116 adjusted 640 weights, 42 biases 
Discovered beneficial synapse from input-1407 to 2d3c3054-1903-440a-a612-39331bf7e632 with weight 1.0000, helping 36.7% more records than it harms (2765/4613)
Discovery 37d9e03d analyze time 28s 927ms found 1 candidates
Over populated 52, expected 50.
Discovered harmful synapse from input-35 to 2d3c3054-1903-440a-a612-39331bf7e632, harming 36.2% more records than it helps (1083/4613)
Discovery 37d9e03d analyze harmful time 2s 869ms found 1 candidates
Discovery 37d9e03d analyze squashes time 3s 138ms found 0 candidates
Fine tuning increased fitness by 0.00006211603152816991 to 0.8607596402760398 adjusted 640 weights, 42 biases 
Fine tuning increased fitness by 0.00006409702648879634 to 0.8608237373025286 adjusted 640 weights, 42 biases 
Generation 23 score 0.8608237373025286  error 0.13913441869849472 avg time 2s 435ms
Waiting for additional generation
Fine tuning increased fitness by 0.00004446434640581476 to 0.8608682016489344 adjusted 640 weights, 42 biases 
Generation 24 score 0.8608682016489344  error 0.13908995435208898 avg time 774ms
{
  error: 0.13908995435208898,
  score: 0.8608682016489344,
  generation: 24,
  time: 193683,
  startScore: 0.8605447809753868
}
process ELECTRONIC_COMPUTERS lvl: 3
loaded ../GRQ-portfolio/best/industry/v6/ELECTRONIC_COMPUTERS.json
9 mutations, mutation rate 7.0%, elitism 3, mutation FFW, selection FITNESS_PROPORTIONATE
Creature count: 50
Culling duplicate creature at 1 of 51
DeDuplication of 1 creatures to 50 in 183ms (previous experiment )
Training 06c49225 with 1 binary file, target error: 0.05, iterations: 1, sample rate: 100%, sparse: 100%
Discovery 06c49225 with 1 binary files, sample rate: 100%, batch size: 512
Discovery 06c49225 initialize time 106ms
Discovery 06c49225 processing .trainData-industry_88/ELECTRONIC_COMPUTERS/data.bin
Discovery 06c49225 read time 7ms for .trainData-industry_88/ELECTRONIC_COMPUTERS/data.bin with 4613 records
Discovery 06c49225 scanning time 2s 794ms
Discovery 06c49225 recorded time 4s 385ms
Training b566af36 with 1 binary file, target error: 0.05, iterations: 1, sample rate: 100%, sparse: 100%
Fine tuning increased fitness by 0.0000016982772100826438 to 0.9080014098108459 adjusted 20 weights 
Fine tuning increased fitness by 0.000003382592335898771 to 0.9080047924031818 adjusted 19 weights 
Training 947083d0 with 1 binary file, target error: 0.05, iterations: 1, sample rate: 100%, sparse: 100%
Fine tuning increased fitness by 0.00000674933083721907 to 0.908011541734019 adjusted 19 weights 
Fine tuning increased fitness by 0.000006430142711288944 to 0.9080179718767303 adjusted 19 weights 
Training ad223194 with 1 binary file, target error: 0.05, iterations: 1, sample rate: 100%, sparse: 100%
Discovered beneficial synapse from 5defc59b-85a6-49ae-a5e1-106dcdb9b54d to c4469965-1bec-4779-8247-35e55fb81113 with weight 1.0000, helping 22.0% more records than it harms (2709/4613)
Discovery 06c49225 analyze time 18s 837ms found 1 candidates
Discovered harmful synapse from input-1078 to ac784862-e67c-400c-98a8-aab8f2218c08, harming 14.7% more records than it helps (1829/4613)
Discovery 06c49225 analyze harmful time 1s 202ms found 1 candidates
Discovery 06c49225 analyze squashes time 1s 54ms found 0 candidates
Training 4357e7bc with 1 binary file, target error: 0.05, iterations: 1, sample rate: 100%, sparse: 100%
Discovery 4357e7bc with 1 binary files, sample rate: 100%, batch size: 512
Fine tuning increased fitness by 1.1652390163874315e-10 to 0.9080181630525113 adjusted 14 weights 
Discovery 4357e7bc initialize time 104ms
Discovery 4357e7bc processing .trainData-industry_88/ELECTRONIC_COMPUTERS/data.bin
Discovery 4357e7bc read time 5ms for .trainData-industry_88/ELECTRONIC_COMPUTERS/data.bin with 4613 records
Discovery 4357e7bc scanning time 2s 992ms
Discovery 4357e7bc recorded time 4s 598ms
Training 40a7c872 with 1 binary file, target error: 0.05, iterations: 1, sample rate: 100%, sparse: 100%
Generation 10 score 0.908018163579909  error 0.09195278542166854 avg time 4s 173ms
Fine tuning increased fitness by 4.255920060813878e-10 to 0.9080181640055011 adjusted 18 weights 
Discovered beneficial synapse from 5defc59b-85a6-49ae-a5e1-106dcdb9b54d to c4469965-1bec-4779-8247-35e55fb81113 with weight 1.0000, helping 22.0% more records than it harms (2709/4613)
Discovery 4357e7bc analyze time 10s 668ms found 1 candidates
Training 05178e91 with 1 binary file, target error: 0.05, iterations: 1, sample rate: 100%, sparse: 100%
Discovered harmful synapse from input-1037 to c4469965-1bec-4779-8247-35e55fb81113, harming 13.5% more records than it helps (1889/4613)
Discovery 4357e7bc analyze harmful time 1s 79ms found 1 candidates
Discovery 4357e7bc analyze squashes time 1s 394ms found 0 candidates
Discovery 02122c62 with 1 binary files, sample rate: 100%, batch size: 512
Fine tuning increased fitness by 1.3386689534655716e-9 to 0.9080181660841151 adjusted 18 weights 
Discovery 02122c62 initialize time 109ms
Discovery 02122c62 processing .trainData-industry_88/ELECTRONIC_COMPUTERS/data.bin
Discovery 02122c62 read time 8ms for .trainData-industry_88/ELECTRONIC_COMPUTERS/data.bin with 4613 records
Discovery 02122c62 scanning time 2s 838ms
Training e9ffe0f4 with 1 binary file, target error: 0.05, iterations: 1, sample rate: 100%, sparse: 100%
Fine tuning increased fitness by 2.73069755696298e-9 to 0.9080181688148127 adjusted 18 weights 
Discovery 02122c62 recorded time 4s 275ms
Training 0af3853f with 1 binary file, target error: 0.05, iterations: 1, sample rate: 100%, sparse: 100%
Fine tuning increased fitness by 5.191822258776568e-7 to 0.9080189276372777 adjusted 54 weights, 4 biases 
Training 559d4966 with 1 binary file, target error: 0.05, iterations: 1, sample rate: 100%, sparse: 100%
Fine tuning increased fitness by 7.292835492167526e-7 to 0.9080202520234592 adjusted 55 weights, 4 biases 
Fine tuning increased fitness by 0.0000010072270865135735 to 0.9080212592505457 adjusted 55 weights, 4 biases 
Discovered beneficial synapse from 5defc59b-85a6-49ae-a5e1-106dcdb9b54d to c4469965-1bec-4779-8247-35e55fb81113 with weight 1.0000, helping 22.0% more records than it harms (2709/4613)
Discovery 02122c62 analyze time 19s 191ms found 1 candidates
Discovered harmful synapse from input-1037 to c4469965-1bec-4779-8247-35e55fb81113, harming 13.5% more records than it helps (1889/4613)
Discovery 02122c62 analyze harmful time 1s 26ms found 1 candidates
Discovery 02122c62 analyze squashes time 1s 356ms found 0 candidates
Training c9ffc18a with 1 binary file, target error: 0.05, iterations: 1, sample rate: 100%, sparse: 100%
Discovery c9ffc18a with 1 binary files, sample rate: 100%, batch size: 512
Discovery c9ffc18a initialize time 106ms
Discovery c9ffc18a processing .trainData-industry_88/ELECTRONIC_COMPUTERS/data.bin
Discovery c9ffc18a read time 9ms for .trainData-industry_88/ELECTRONIC_COMPUTERS/data.bin with 4613 records
Discovery c9ffc18a scanning time 2s 798ms
Over populated 52, expected 50.
Generation 20 score 0.9080234325138834  error 0.09194751648769416 avg time 3s 901ms
Discovery c9ffc18a recorded time 4s 625ms
Training da5f5366 with 1 binary file, target error: 0.05, iterations: 1, sample rate: 100%, sparse: 100%
Fine tuning increased fitness by 6.162691307265433e-7 to 0.9080294738555886 adjusted 365 weights, 11 biases 
Training 034475d6 with 1 binary file, target error: 0.05, iterations: 1, sample rate: 100%, sparse: 100%
Fine tuning increased fitness by 0.000002868547780865427 to 0.9080323424033695 adjusted 365 weights, 11 biases 
Fine tuning increased fitness by 0.000003548967818400861 to 0.9080358913711879 adjusted 365 weights, 11 biases 
Training 1441d502 with 1 binary file, target error: 0.05, iterations: 1, sample rate: 100%, sparse: 100%
Discovered beneficial synapse from 5defc59b-85a6-49ae-a5e1-106dcdb9b54d to c4469965-1bec-4779-8247-35e55fb81113 with weight 1.0000, helping 21.9% more records than it harms (2707/4613)
Discovery c9ffc18a analyze time 20s 684ms found 1 candidates
Fine tuning increased fitness by 0.0000034058424183136538 to 0.9080392972136062 adjusted 365 weights, 11 biases 
Discovered harmful synapse from input-1078 to ac784862-e67c-400c-98a8-aab8f2218c08, harming 14.7% more records than it helps (1829/4613)
Discovery c9ffc18a analyze harmful time 1s 122ms found 1 candidates
Discovery c9ffc18a analyze squashes time 1s 716ms found 0 candidates
Remove neuron b222f390-297e-4c64-b9b6-33bb3f0212fa as no longer connected
Over populated 52, expected 50.
Discovery dfc75a7f with 1 binary files, sample rate: 100%, batch size: 512
Fine tuning increased fitness by 0.0000035168910346161653 to 0.9080428141046408 adjusted 365 weights, 11 biases 
Discovery dfc75a7f initialize time 110ms
Discovery dfc75a7f processing .trainData-industry_88/ELECTRONIC_COMPUTERS/data.bin
Remove neuron 7ae39c8b-da67-4fd7-85ab-6da8a9db39cc as no longer connected
Discovery dfc75a7f read time 11ms for .trainData-industry_88/ELECTRONIC_COMPUTERS/data.bin with 4613 records
Discovery dfc75a7f scanning time 2s 709ms
Training 1c308a73 with 1 binary file, target error: 0.05, iterations: 1, sample rate: 100%, sparse: 100%
Discovery dfc75a7f recorded time 4s 362ms
Fine tuning increased fitness by 0.0000024195282694039477 to 0.9080452336329102 adjusted 365 weights, 11 biases 
Over populated 52, expected 50.
Training c09daa6f with 1 binary file, target error: 0.05, iterations: 1, sample rate: 100%, sparse: 100%
Over populated 52, expected 50.
Generation 30 score 0.9080546989583009  error 0.09191625004327669 avg time 4s 249ms
Fine tuning increased fitness by 0.0000022269144832609555 to 0.9080569258727842 adjusted 395 weights, 13 biases 
Training 368154ec with 1 binary file, target error: 0.05, iterations: 1, sample rate: 100%, sparse: 100%
Discovered beneficial synapse from 5defc59b-85a6-49ae-a5e1-106dcdb9b54d to c4469965-1bec-4779-8247-35e55fb81113 with weight 1.0000, helping 21.8% more records than it harms (2704/4613)
Discovery dfc75a7f analyze time 20s 691ms found 1 candidates
Discovered harmful synapse from input-1037 to c4469965-1bec-4779-8247-35e55fb81113, harming 13.5% more records than it helps (1890/4613)
Discovery dfc75a7f analyze harmful time 1s 163ms found 1 candidates
Discovery dfc75a7f analyze squashes time 1s 390ms found 0 candidates
Training d61500b4 with 1 binary file, target error: 0.05, iterations: 1, sample rate: 100%, sparse: 100%
Discovery d61500b4 with 1 binary files, sample rate: 100%, batch size: 512
Fine tuning increased fitness by 0.00000626248251545114 to 0.9080791726077668 adjusted 397 weights, 13 biases 
Discovery d61500b4 initialize time 107ms
Discovery d61500b4 processing .trainData-industry_88/ELECTRONIC_COMPUTERS/data.bin
Discovery d61500b4 read time 6ms for .trainData-industry_88/ELECTRONIC_COMPUTERS/data.bin with 4613 records
Discovery d61500b4 scanning time 2s 769ms
Remove neuron 674d9082-1155-47de-863b-4a276d09ab51 as no longer connected
Over populated 52, expected 50.
Discovery d61500b4 recorded time 4s 648ms
Fine tuning increased fitness by 0.000005844334330262768 to 0.9080850169420971 adjusted 397 weights, 13 biases 
Remove neuron 7ae39c8b-da67-4fd7-85ab-6da8a9db39cc as no longer connected
Training 21851893 with 1 binary file, target error: 0.05, iterations: 1, sample rate: 100%, sparse: 100%
Over populated 52, expected 50.
Fine tuning increased fitness by 0.000003994081046121423 to 0.9081471485090521 adjusted 611 weights, 23 biases 
Fine tuning increased fitness by 0.000009460613173195576 to 0.9081566091222253 adjusted 611 weights, 23 biases 
Discovered beneficial synapse from 5defc59b-85a6-49ae-a5e1-106dcdb9b54d to c4469965-1bec-4779-8247-35e55fb81113 with weight 1.0000, helping 21.5% more records than it harms (2698/4613)
Discovery d61500b4 analyze time 20s 757ms found 1 candidates
Fine tuning increased fitness by 0.00002434566203945998 to 0.9081809547842647 adjusted 615 weights, 24 biases 
Discovered harmful synapse from input-1078 to ac784862-e67c-400c-98a8-aab8f2218c08, harming 14.2% more records than it helps (1842/4613)
Discovery d61500b4 analyze harmful time 1s 123ms found 1 candidates
Discovery d61500b4 analyze squashes time 1s 311ms found 0 candidates
Generation 40 score 0.9081809547842647  error 0.09178999421731282 avg time 4s 281ms
Constant neuron ac8ac1c3-f9bb-49df-82b3-55cacead0f9a convert hidden to constant
Adjust neuron ac8ac1c3-f9bb-49df-82b3-55cacead0f9a bias -0.06220887874584394 to -0.062289251468013784
Generation 44 score 0.9082059477538881  error 0.09176500124768953 avg time 1s 634ms
{
  error: 0.09176500124768953,
  score: 0.9082059477538881,
  generation: 44,
  time: 182722,
  startScore: 0.9079997115336358
}
process CONSTRUCTION_MINING-MATERIALS_HANDLING_MACHINERY-EQUIP lvl: 3
loaded ../GRQ-portfolio/best/industry/v6/CONSTRUCTION_MINING-MATERIALS_HANDLING_MACHINERY-EQUIP.json
1 mutation, mutation rate 5.0%, elitism 4, mutation ALL, selection TOURNAMENT
Creature count: 50
Culling duplicate creature at 1 of 51
DeDuplication of 1 creatures to 50 in 74ms (previous experiment )
Training 85cc9ee7 with 1 binary file, target error: 0.05, iterations: 1, sample rate: 100%, sparse: 100%
Discovery 85cc9ee7 with 1 binary files, sample rate: 100%, batch size: 512
Discovery 85cc9ee7 initialize time 109ms
Discovery 85cc9ee7 processing .trainData-industry_88/CONSTRUCTION_MINING-MATERIALS_HANDLING_MACHINERY-EQUIP/data.bin
Discovery 85cc9ee7 read time 11ms for .trainData-industry_88/CONSTRUCTION_MINING-MATERIALS_HANDLING_MACHINERY-EQUIP/data.bin with 4613 records
Discovery 85cc9ee7 scanning time 9s 25ms
Discovery 85cc9ee7 recorded time 10s 245ms
Training 9c55c668 with 1 binary file, target error: 0.05, iterations: 1, sample rate: 100%, sparse: 100%
Fine tuning increased fitness by 0.000005843636678992681 to 0.7426197077612793 adjusted 230 weights, 9 biases 
Over populated 52, expected 50.
Discovered beneficial synapse from d5c16b04-2b86-4311-84af-8e2c3959bcd8 to fb8137f0-d445-4aa8-8824-1b26c6ab1937 with weight 1.0000, helping 33.9% more records than it harms (3076/4613)
Discovery 85cc9ee7 analyze time 24s 387ms found 1 candidates
Discovered harmful synapse from input-56 to 4c06979a-b6b5-47da-a8d6-fc89b3cca604, harming 20.1% more records than it helps (1495/4613)
Discovery 85cc9ee7 analyze harmful time 3s 66ms found 1 candidates
Discovery 85cc9ee7 analyze squashes time 2s 461ms found 1 candidate, Summary: 4c06979a-b6b5-47da-a8d6-fc89b3cca604 Softplus -> COMPLEMENT improved: 30.3% error: 2.378756077787248e+27 -> 1.6579209026998593e+27
Discovery cce7ecf3 with 1 binary files, sample rate: 100%, batch size: 512
Discovery cce7ecf3 initialize time 108ms
Discovery cce7ecf3 processing .trainData-industry_88/CONSTRUCTION_MINING-MATERIALS_HANDLING_MACHINERY-EQUIP/data.bin
Over populated 53, expected 50.
Discovery cce7ecf3 read time 9ms for .trainData-industry_88/CONSTRUCTION_MINING-MATERIALS_HANDLING_MACHINERY-EQUIP/data.bin with 4613 records
Discovery cce7ecf3 scanning time 9s 457ms
Discovery cce7ecf3 recorded time 10s 607ms
Training 90d32c62 with 1 binary file, target error: 0.05, iterations: 1, sample rate: 100%, sparse: 100%
Over populated 52, expected 50.
Discovered beneficial synapse from 8143075d-fee7-42f8-a8e5-5732518113f0 to 4c06979a-b6b5-47da-a8d6-fc89b3cca604 with weight 1.0000, helping 21.9% more records than it harms (2462/4613)
Discovery cce7ecf3 analyze time 13s 557ms found 1 candidates
Generation 10 score 0.74344711694838  error 0.25651670305171537 avg time 6s 940ms
Discovered harmful synapse from input-56 to 4c06979a-b6b5-47da-a8d6-fc89b3cca604, harming 20.1% more records than it helps (1494/4613)
Discovery cce7ecf3 analyze harmful time 3s 462ms found 1 candidates
Discovery cce7ecf3 analyze squashes time 2s 641ms found 2 candidates, Summary: fb8137f0-d445-4aa8-8824-1b26c6ab1937 ArcTan -> ABSOLUTE improved: 100.0% error: 8.807561468236462e+26 -> 1.3050234205734933e+23,4c06979a-b6b5-47da-a8d6-fc89b3cca604 Softplus -> COMPLEMENT improved: 30.3% error: 2.378756077787248e+27 -> 1.6579209026998593e+27
Discovery bc40dfa6 with 1 binary files, sample rate: 100%, batch size: 512
Discovery bc40dfa6 initialize time 107ms
Discovery bc40dfa6 processing .trainData-industry_88/CONSTRUCTION_MINING-MATERIALS_HANDLING_MACHINERY-EQUIP/data.bin
Over populated 53, expected 50.
Training b66d2e3a with 1 binary file, target error: 0.05, iterations: 1, sample rate: 100%, sparse: 100%
Discovery bc40dfa6 read time 8ms for .trainData-industry_88/CONSTRUCTION_MINING-MATERIALS_HANDLING_MACHINERY-EQUIP/data.bin with 4613 records
Discovery bc40dfa6 scanning time 9s 135ms
Discovery bc40dfa6 recorded time 10s 405ms
Fine tuning increased fitness by 0.0000295848391651532 to 0.7435761417385622 adjusted 400 weights, 14 biases 
Fine tuning increased fitness by 0.00002150409462053915 to 0.7435976458331828 adjusted 400 weights, 14 biases 
Training 4bd534bc with 1 binary file, target error: 0.05, iterations: 1, sample rate: 100%, sparse: 100%
Discovered beneficial synapse from d5c16b04-2b86-4311-84af-8e2c3959bcd8 to fb8137f0-d445-4aa8-8824-1b26c6ab1937 with weight 1.0000, helping 33.5% more records than it harms (3068/4613)
Discovery bc40dfa6 analyze time 25s 50ms found 1 candidates
Over populated 52, expected 50.
Discovered harmful synapse from input-56 to 4c06979a-b6b5-47da-a8d6-fc89b3cca604, harming 24.1% more records than it helps (1358/4613)
Discovery bc40dfa6 analyze harmful time 3s 294ms found 1 candidates
Discovery bc40dfa6 analyze squashes time 2s 490ms found 1 candidate, Summary: 4c06979a-b6b5-47da-a8d6-fc89b3cca604 Softplus -> COMPLEMENT improved: 30.3% error: 2.378756077787248e+27 -> 1.6579209026998593e+27
Discovery cb90ac36 with 1 binary files, sample rate: 100%, batch size: 512
Discovery cb90ac36 initialize time 107ms
Discovery cb90ac36 processing .trainData-industry_88/CONSTRUCTION_MINING-MATERIALS_HANDLING_MACHINERY-EQUIP/data.bin
Over populated 53, expected 50.
Discovery cb90ac36 read time 11ms for .trainData-industry_88/CONSTRUCTION_MINING-MATERIALS_HANDLING_MACHINERY-EQUIP/data.bin with 4613 records
Discovery cb90ac36 scanning time 8s 969ms
Discovery cb90ac36 recorded time 10s 122ms
Generation 20 score 0.7436066944600391  error 0.2563570055400562 avg time 6s 729ms
Training 6739bdbd with 1 binary file, target error: 0.05, iterations: 1, sample rate: 100%, sparse: 100%
Over populated 52, expected 50.
Fine tuning increased fitness by 0.0000022315903713820973 to 0.7448913619394611 adjusted 311 weights, 9 biases 
Discovered beneficial synapse from d5c16b04-2b86-4311-84af-8e2c3959bcd8 to fb8137f0-d445-4aa8-8824-1b26c6ab1937 with weight 1.0000, helping 33.5% more records than it harms (3068/4613)
Discovery cb90ac36 analyze time 24s 439ms found 1 candidates
Discovered harmful synapse from input-56 to 4c06979a-b6b5-47da-a8d6-fc89b3cca604, harming 24.2% more records than it helps (1355/4613)
Discovery cb90ac36 analyze harmful time 3s 201ms found 1 candidates
Discovery cb90ac36 analyze squashes time 2s 720ms found 2 candidates, Summary: fb8137f0-d445-4aa8-8824-1b26c6ab1937 ArcTan -> ABSOLUTE improved: 100.0% error: 8.807558758503122e+26 -> 1.3023136870772228e+23,4c06979a-b6b5-47da-a8d6-fc89b3cca604 Softplus -> COMPLEMENT improved: 29.4% error: 2.354728238617686e+27 -> 1.6627264705337703e+27
Over populated 52, expected 50.
Over populated 53, expected 50.
Generation 27 score 0.7449643377773125  error 0.2549993422227827 avg time 4s 529ms
{
  error: 0.2549993422227827,
  score: 0.7449643377773125,
  generation: 27,
  time: 182210,
  startScore: 0.7426114113927913
}
process WOMENS_MISSES_AND_JUNIORS_OUTERWEAR lvl: 3
loaded ../GRQ-portfolio/best/industry/v6/WOMENS_MISSES_AND_JUNIORS_OUTERWEAR.json
2 mutations, mutation rate 5.0%, elitism 2, mutation FFW, selection FITNESS_PROPORTIONATE
Creature count: 50
Culling duplicate creature at 1 of 51
DeDuplication of 1 creatures to 50 in 71ms (previous experiment )
Training 82b70cfa with 1 binary file, target error: 0.05, iterations: 1, sample rate: 100%, sparse: 100%
Discovery 82b70cfa with 1 binary files, sample rate: 100%, batch size: 512
Discovery 82b70cfa initialize time 110ms
Discovery 82b70cfa processing .trainData-industry_88/WOMENS_MISSES_AND_JUNIORS_OUTERWEAR/data.bin
Discovery 82b70cfa read time 4ms for .trainData-industry_88/WOMENS_MISSES_AND_JUNIORS_OUTERWEAR/data.bin with 4613 records
Discovery 82b70cfa scanning time 5s 104ms
Training e673865c with 1 binary file, target error: 0.05, iterations: 1, sample rate: 100%, sparse: 100%
Discovery 82b70cfa recorded time 6s 364ms
Training 7fa1e6e1 with 1 binary file, target error: 0.05, iterations: 1, sample rate: 100%, sparse: 100%
Fine tuning increased fitness by 0.0000033495873367206386 to 0.89820389593585 adjusted 1075 weights 
Training 55b2eeed with 1 binary file, target error: 0.05, iterations: 1, sample rate: 100%, sparse: 100%
Fine tuning increased fitness by 0.000003880947001988488 to 0.898207776882852 adjusted 1075 weights 
Training 1231ce21 with 1 binary file, target error: 0.05, iterations: 1, sample rate: 100%, sparse: 100%
Training bc476b7f with 1 binary file, target error: 0.05, iterations: 1, sample rate: 100%, sparse: 100%
Discovery 82b70cfa analyze time 26s 306ms found 0 candidates
Discovery 82b70cfa analyze harmful time 1s 412ms found 0 candidates
Discovery 82b70cfa analyze squashes time 2s 7ms found 0 candidates
Training 7ab3b63c with 1 binary file, target error: 0.05, iterations: 1, sample rate: 100%, sparse: 100%
Training 1b644cb3 with 1 binary file, target error: 0.05, iterations: 1, sample rate: 100%, sparse: 100%
Discovery 1b644cb3 with 1 binary files, sample rate: 100%, batch size: 512
Discovery 1b644cb3 initialize time 105ms
Discovery 1b644cb3 processing .trainData-industry_88/WOMENS_MISSES_AND_JUNIORS_OUTERWEAR/data.bin
Fine tuning increased fitness by 0.0000034083160347364583 to 0.898216189516371 adjusted 1069 weights 
Discovery 1b644cb3 read time 7ms for .trainData-industry_88/WOMENS_MISSES_AND_JUNIORS_OUTERWEAR/data.bin with 4613 records
Discovery 1b644cb3 scanning time 5s 375ms
Training fdd65098 with 1 binary file, target error: 0.05, iterations: 1, sample rate: 100%, sparse: 100%
Discovery 1b644cb3 recorded time 6s 880ms
Generation 10 score 0.898216189516371  error 0.10174746648456241 avg time 6s 689ms
Training 4ed1b504 with 1 binary file, target error: 0.05, iterations: 1, sample rate: 100%, sparse: 100%
Training e64617dd with 1 binary file, target error: 0.05, iterations: 1, sample rate: 100%, sparse: 100%
Training 21a6ba4d with 1 binary file, target error: 0.05, iterations: 1, sample rate: 100%, sparse: 100%
Discovery 1b644cb3 analyze time 34s 273ms found 0 candidates
Training dc3e2897 with 1 binary file, target error: 0.05, iterations: 1, sample rate: 100%, sparse: 100%
Fine tuning increased fitness by 0.0000037642597978670977 to 0.8982231341346784 adjusted 742 weights 
Discovered harmful synapse from acf15304-66e9-49db-af27-bf3c412c505c to a1b5f71b-e575-4c25-b295-bd11ce1bfb4b, harming 11.3% more records than it helps (112/4613)
Discovery 1b644cb3 analyze harmful time 1s 467ms found 1 candidates
Discovery 1b644cb3 analyze squashes time 2s 627ms found 0 candidates
Training b4114480 with 1 binary file, target error: 0.05, iterations: 1, sample rate: 100%, sparse: 100%
Discovery b4114480 with 1 binary files, sample rate: 100%, batch size: 512
Discovery b4114480 initialize time 110ms
Discovery b4114480 processing .trainData-industry_88/WOMENS_MISSES_AND_JUNIORS_OUTERWEAR/data.bin
Discovery b4114480 read time 7ms for .trainData-industry_88/WOMENS_MISSES_AND_JUNIORS_OUTERWEAR/data.bin with 4613 records
Discovery b4114480 scanning time 5s 295ms
Training 4189c6d8 with 1 binary file, target error: 0.05, iterations: 1, sample rate: 100%, sparse: 100%
Discovery b4114480 recorded time 6s 891ms
Training f06264b7 with 1 binary file, target error: 0.05, iterations: 1, sample rate: 100%, sparse: 100%
Training fcd93f40 with 1 binary file, target error: 0.05, iterations: 1, sample rate: 100%, sparse: 100%
Training 7b22225f with 1 binary file, target error: 0.05, iterations: 1, sample rate: 100%, sparse: 100%
Training 1bd54c4c with 1 binary file, target error: 0.05, iterations: 1, sample rate: 100%, sparse: 100%
Fine tuning increased fitness by 0.00001113565426136276 to 0.8982681370762995 adjusted 281 weights 
Generation 20 score 0.8982681370762995  error 0.10169539892463501 avg time 6s 842ms
Training cf1ca311 with 1 binary file, target error: 0.05, iterations: 1, sample rate: 100%, sparse: 100%
Discovery b4114480 analyze time 33s 897ms found 0 candidates
Discovered harmful synapse from acf15304-66e9-49db-af27-bf3c412c505c to a1b5f71b-e575-4c25-b295-bd11ce1bfb4b, harming 11.3% more records than it helps (112/4613)
Discovery b4114480 analyze harmful time 1s 473ms found 1 candidates
Discovery b4114480 analyze squashes time 2s 310ms found 0 candidates
Fine tuning increased fitness by 2.83421153657315e-7 to 0.89826849238507 adjusted 114 weights 
Generation 28 score 0.89826849238507  error 0.10169503361586488 avg time 4s 949ms
{
  error: 0.10169503361586488,
  score: 0.89826849238507,
  generation: 28,
  time: 185035,
  startScore: 0.8981965496455968
}
process MEDICINAL_CHEMICALS-BOTANICAL_PRODUCTS lvl: 3
loaded ../GRQ-portfolio/best/industry/v6/MEDICINAL_CHEMICALS-BOTANICAL_PRODUCTS.json
4 mutations, mutation rate 34.3%, elitism 10, mutation FFW, selection POWER
Creature count: 50
Culling duplicate creature at 1 of 51
DeDuplication of 1 creatures to 50 in 98ms (previous experiment )
Training d0f86ce0 with 1 binary file, target error: 0.05, iterations: 1, sample rate: 100%, sparse: 100%
Discovery d0f86ce0 with 1 binary files, sample rate: 100%, batch size: 512
Discovery d0f86ce0 initialize time 114ms
Discovery d0f86ce0 processing .trainData-industry_88/MEDICINAL_CHEMICALS-BOTANICAL_PRODUCTS/data.bin
Discovery d0f86ce0 read time 9ms for .trainData-industry_88/MEDICINAL_CHEMICALS-BOTANICAL_PRODUCTS/data.bin with 4613 records
Discovery d0f86ce0 scanning time 4s 327ms
Discovery d0f86ce0 recorded time 5s 574ms
Training 55276ddb with 1 binary file, target error: 0.05, iterations: 1, sample rate: 100%, sparse: 100%
Fine tuning increased fitness by 6.151748548344216e-7 to 0.8295715051422964 adjusted 86 weights, 3 biases 
Fine tuning increased fitness by 0.0000010181376162154976 to 0.8295725232799126 adjusted 86 weights, 3 biases 
Training a23cff30 with 1 binary file, target error: 0.05, iterations: 1, sample rate: 100%, sparse: 100%
Training 0da1d8df with 1 binary file, target error: 0.05, iterations: 1, sample rate: 100%, sparse: 100%
Remove neuron 88baaef0-437c-4cd6-9a2f-4eab4ff1158c as no longer connected
Fine tuning increased fitness by 9.993085126058787e-8 to 0.8295739982513928 adjusted 39 weights, 2 biases 
Training 729c6d52 with 1 binary file, target error: 0.05, iterations: 1, sample rate: 100%, sparse: 100%
Fine tuning increased fitness by 2.0888804896923574e-7 to 0.8295742071394417 adjusted 39 weights, 2 biases 
Discovered beneficial synapse from input-41 to b4e994b5-1f22-489b-8fae-9a642871879d with weight 1.0000, helping 95.0% more records than it harms (4436/4613)
Discovery d0f86ce0 analyze time 39s 760ms found 1 candidates
Fine tuning increased fitness by 3.0235857306770697e-7 to 0.8295745094980148 adjusted 39 weights, 2 biases 
Discovery d0f86ce0 analyze harmful time 1s 450ms found 0 candidates
Discovery d0f86ce0 analyze squashes time 1s 890ms found 0 candidates
Generation 10 score 0.8295745094980148  error 0.17039153050311512 avg time 5s 232ms
Training 0f010548 with 1 binary file, target error: 0.05, iterations: 1, sample rate: 100%, sparse: 100%
Discovery 0f010548 with 1 binary files, sample rate: 100%, batch size: 512
Fine tuning increased fitness by 5.48902889918601e-7 to 0.8295750584009047 adjusted 39 weights, 2 biases 
Discovery 0f010548 initialize time 111ms
Discovery 0f010548 processing .trainData-industry_88/MEDICINAL_CHEMICALS-BOTANICAL_PRODUCTS/data.bin
Discovery 0f010548 read time 12ms for .trainData-industry_88/MEDICINAL_CHEMICALS-BOTANICAL_PRODUCTS/data.bin with 4613 records
Discovery 0f010548 scanning time 3s 996ms
Fine tuning increased fitness by 8.265951100261404e-7 to 0.8295758849960148 adjusted 39 weights, 2 biases 
Discovery 0f010548 recorded time 5s 252ms
Training 693dfa6b with 1 binary file, target error: 0.05, iterations: 1, sample rate: 100%, sparse: 100%
Fine tuning increased fitness by 0.0000016359451533443092 to 0.8295775209411681 adjusted 39 weights, 2 biases 
Training e7b2eec9 with 1 binary file, target error: 0.05, iterations: 1, sample rate: 100%, sparse: 100%
Fine tuning increased fitness by 0.000008666287255043592 to 0.8295928469960931 adjusted 57 weights, 3 biases 
Fine tuning increased fitness by 0.000005276064685477699 to 0.8295981230607786 adjusted 57 weights, 3 biases 
Training 1794da34 with 1 binary file, target error: 0.05, iterations: 1, sample rate: 100%, sparse: 100%
Discovered beneficial synapse from input-649 to a3d2e0c1-c8cc-46ca-bc30-27411b4d4b55 with weight 1.0000, helping 15.8% more records than it harms (2467/4613)
Discovery 0f010548 analyze time 28s 937ms found 1 candidates
Training e7b2eec9 increased fitness by 0.000005373977938427643 to 0.8296039465490668
Discovered harmful synapse from input-1337 to 5103be08-8a21-4fbc-a936-d1f862dcab58, harming 10.9% more records than it helps (1909/4613)
Discovery 0f010548 analyze harmful time 1s 922ms found 1 candidates
Discovery 0f010548 analyze squashes time 2s 307ms found 0 candidates
Training a9744834 with 1 binary file, target error: 0.05, iterations: 1, sample rate: 100%, sparse: 100%
Discovery a9744834 with 1 binary files, sample rate: 100%, batch size: 512
Discovery a9744834 initialize time 104ms
Discovery a9744834 processing .trainData-industry_88/MEDICINAL_CHEMICALS-BOTANICAL_PRODUCTS/data.bin
Remove neuron 29d352a4-e649-4654-b8b7-617ffd0a8622 as no longer connected
Over populated 54, expected 50.
Discovery a9744834 read time 9ms for .trainData-industry_88/MEDICINAL_CHEMICALS-BOTANICAL_PRODUCTS/data.bin with 4613 records
Discovery a9744834 scanning time 3s 747ms
Training e40c7dcf with 1 binary file, target error: 0.05, iterations: 1, sample rate: 100%, sparse: 100%
Discovery a9744834 recorded time 5s 935ms
Generation 20 score 0.8296097351023631  error 0.17035629489881893 avg time 5s 158ms
Training e3bd57c7 with 1 binary file, target error: 0.05, iterations: 1, sample rate: 100%, sparse: 100%
Fine tuning increased fitness by 2.772278202556322e-7 to 0.8296101769103031 adjusted 224 weights, 10 biases 
Constant neuron b4e994b5-1f22-489b-8fae-9a642871879d-1964 convert hidden to constant
Adjust neuron b4e994b5-1f22-489b-8fae-9a642871879d-1964 bias -0.1508004260188919 to 0.02274076848747929
Training 4f5946cc with 1 binary file, target error: 0.05, iterations: 1, sample rate: 100%, sparse: 100%
Fine tuning increased fitness by 4.676788041280133e-7 to 0.8296106445891073 adjusted 224 weights, 10 biases 
Training 7d09316a with 1 binary file, target error: 0.05, iterations: 1, sample rate: 100%, sparse: 100%
Remove neuron b4e994b5-1f22-489b-8fae-9a642871879d-1899 as no longer connected
Discovered beneficial synapse from input-41 to b4e994b5-1f22-489b-8fae-9a642871879d with weight 1.0000, helping 95.0% more records than it harms (4436/4613)
Discovery a9744834 analyze time 31s 213ms found 1 candidates
Training 345ccc92 with 1 binary file, target error: 0.05, iterations: 1, sample rate: 100%, sparse: 100%
Fine tuning increased fitness by 0.000001507989083049388 to 0.8296142796231609 adjusted 92 weights, 6 biases 
Discovered harmful synapse from input-11 to b4e994b5-1f22-489b-8fae-9a642871879d, harming 95.0% more records than it helps (52/4613)
Discovery a9744834 analyze harmful time 1s 727ms found 1 candidates
Discovery a9744834 analyze squashes time 1s 990ms found 1 candidate, Summary: d369c5e8-6921-4818-80c0-9b45085d2068 GELU -> SQRT improved: 100.0% error: 5.603955413119154e+24 -> 433551344159454134272.0000
Discovery 4b14452c with 1 binary files, sample rate: 100%, batch size: 512
Fine tuning increased fitness by 0.000003407304686620094 to 0.8296176869278475 adjusted 337 weights, 9 biases 
Discovery 4b14452c initialize time 109ms
Discovery 4b14452c processing .trainData-industry_88/MEDICINAL_CHEMICALS-BOTANICAL_PRODUCTS/data.bin
Constant neuron 4bea1d26-fee0-4a58-89b4-750c986ff1ec convert hidden to constant
Adjust neuron 4bea1d26-fee0-4a58-89b4-750c986ff1ec bias 0.018866939052591486 to 0.9998220245848515
Over populated 53, expected 50.
Discovery 4b14452c read time 12ms for .trainData-industry_88/MEDICINAL_CHEMICALS-BOTANICAL_PRODUCTS/data.bin with 4613 records
Discovery 4b14452c scanning time 3s 725ms
Training 9a5f12d4 with 1 binary file, target error: 0.05, iterations: 1, sample rate: 100%, sparse: 100%
Discovery 4b14452c recorded time 5s 339ms
Fine tuning increased fitness by 0.000014920563364051453 to 0.8296326074912116 adjusted 334 weights, 8 biases 
Training e7eb9a55 with 1 binary file, target error: 0.05, iterations: 1, sample rate: 100%, sparse: 100%
Fine tuning increased fitness by 0.000012900669659865471 to 0.8296455081608715 adjusted 328 weights, 8 biases 
Over populated 52, expected 50.
Generation 30 score 0.8296593987165625  error 0.17030663128461182 avg time 5s 432ms
Over populated 52, expected 50.
Discovered beneficial synapse from input-649 to a3d2e0c1-c8cc-46ca-bc30-27411b4d4b55 with weight 1.0000, helping 15.7% more records than it harms (2466/4613)
Discovery 4b14452c analyze time 19s 742ms found 1 candidates
Discovery 4b14452c analyze harmful time 1s 913ms found 0 candidates
Discovery 4b14452c analyze squashes time 1s 630ms found 0 candidates
Fine tuning increased fitness by 0.000005397318082245306 to 0.8297234487885939 adjusted 99 weights 
Generation 35 score 0.8297234487885939  error 0.17024258121258035 avg time 2s 462ms
{
  error: 0.17024258121258035,
  score: 0.8297234487885939,
  generation: 35,
  time: 183097,
  startScore: 0.8295694167792256
}
process FINANCE_SERVICES lvl: 3
loaded ../GRQ-portfolio/best/industry/v6/FINANCE_SERVICES.json
4 mutations, mutation rate 11.0%, elitism 2, mutation ALL, selection TOURNAMENT
Creature count: 50
Culling duplicate creature at 1 of 51
DeDuplication of 1 creatures to 50 in 87ms (previous experiment )
Training 600172e7 with 1 binary file, target error: 0.05, iterations: 1, sample rate: 100%, sparse: 100%
Discovery 600172e7 with 1 binary files, sample rate: 100%, batch size: 512
Discovery 600172e7 initialize time 110ms
Discovery 600172e7 processing .trainData-industry_88/FINANCE_SERVICES/data.bin
Discovery 600172e7 read time 3ms for .trainData-industry_88/FINANCE_SERVICES/data.bin with 4613 records
Discovery 600172e7 scanning time 4s 604ms
Training 4d99a7fd with 1 binary file, target error: 0.05, iterations: 1, sample rate: 100%, sparse: 100%
Discovery 600172e7 recorded time 5s 916ms
Training c0f62bfa with 1 binary file, target error: 0.05, iterations: 1, sample rate: 100%, sparse: 100%
Discovery 600172e7 analyze time 8s 934ms found 0 candidates
Discovery 600172e7 analyze harmful time 1s 216ms found 0 candidates
Discovery 600172e7 analyze squashes time 1s 409ms found 0 candidates
Training bf833fc6 with 1 binary file, target error: 0.05, iterations: 1, sample rate: 100%, sparse: 100%
Discovery bf833fc6 with 1 binary files, sample rate: 100%, batch size: 512
Fine tuning increased fitness by 0.000004961157667460192 to 0.9205159952205278 adjusted 96 weights, 1 bias 
Discovery bf833fc6 initialize time 107ms
Discovery bf833fc6 processing .trainData-industry_88/FINANCE_SERVICES/data.bin
Discovery bf833fc6 read time 4ms for .trainData-industry_88/FINANCE_SERVICES/data.bin with 4613 records
Discovery bf833fc6 scanning time 4s 617ms
Training 26682b0c with 1 binary file, target error: 0.05, iterations: 1, sample rate: 100%, sparse: 100%
Discovery bf833fc6 recorded time 6s 228ms
Training bd978c41 with 1 binary file, target error: 0.05, iterations: 1, sample rate: 100%, sparse: 100%
Fine tuning increased fitness by 0.000021356959525764552 to 0.9205513920178278 adjusted 96 weights, 1 bias 
Discovery bf833fc6 analyze time 8s 899ms found 0 candidates
Discovery bf833fc6 analyze harmful time 1s 390ms found 0 candidates
Discovery bf833fc6 analyze squashes time 1s 475ms found 0 candidates
Training b3c134ba with 1 binary file, target error: 0.05, iterations: 1, sample rate: 100%, sparse: 100%
Discovery b3c134ba with 1 binary files, sample rate: 100%, batch size: 512
Discovery b3c134ba initialize time 109ms
Discovery b3c134ba processing .trainData-industry_88/FINANCE_SERVICES/data.bin
Discovery b3c134ba read time 6ms for .trainData-industry_88/FINANCE_SERVICES/data.bin with 4613 records
Discovery b3c134ba scanning time 4s 673ms
Training 3353870a with 1 binary file, target error: 0.05, iterations: 1, sample rate: 100%, sparse: 100%
Discovery b3c134ba recorded time 6s 109ms
Training a5be088c with 1 binary file, target error: 0.05, iterations: 1, sample rate: 100%, sparse: 100%
Fine tuning increased fitness by 0.0000013311264219773022 to 0.9205947162296065 adjusted 96 weights, 1 bias 
Discovery b3c134ba analyze time 8s 752ms found 0 candidates
Discovery b3c134ba analyze harmful time 1s 285ms found 0 candidates
Discovery b3c134ba analyze squashes time 1s 397ms found 0 candidates
Training 2c03c910 with 1 binary file, target error: 0.05, iterations: 1, sample rate: 100%, sparse: 100%
Discovery 2c03c910 with 1 binary files, sample rate: 100%, batch size: 512
Discovery 2c03c910 initialize time 109ms
Discovery 2c03c910 processing .trainData-industry_88/FINANCE_SERVICES/data.bin
Fine tuning increased fitness by 0.000001835740491951121 to 0.9205965519700985 adjusted 96 weights, 1 bias 
Generation 10 score 0.9205965519700985  error 0.07936798403114732 avg time 6s 246ms
Discovery 2c03c910 read time 5ms for .trainData-industry_88/FINANCE_SERVICES/data.bin with 4613 records
Discovery 2c03c910 scanning time 4s 135ms
Training 0634598b with 1 binary file, target error: 0.05, iterations: 1, sample rate: 100%, sparse: 100%
Discovery 2c03c910 recorded time 5s 913ms
Training 4263b597 with 1 binary file, target error: 0.05, iterations: 1, sample rate: 100%, sparse: 100%
Fine tuning increased fitness by 0.0000025233437177529794 to 0.9206014910512844 adjusted 96 weights, 1 bias 
Discovery 2c03c910 analyze time 8s 766ms found 0 candidates
Discovery 2c03c910 analyze harmful time 1s 185ms found 0 candidates
Discovery 2c03c910 analyze squashes time 1s 406ms found 0 candidates
Training 089a8a7b with 1 binary file, target error: 0.05, iterations: 1, sample rate: 100%, sparse: 100%
Discovery 089a8a7b with 1 binary files, sample rate: 100%, batch size: 512
Discovery 089a8a7b initialize time 107ms
Discovery 089a8a7b processing .trainData-industry_88/FINANCE_SERVICES/data.bin
Fine tuning increased fitness by 0.000002995623462176411 to 0.9206044866747466 adjusted 96 weights, 1 bias 
Discovery 089a8a7b read time 6ms for .trainData-industry_88/FINANCE_SERVICES/data.bin with 4613 records
Discovery 089a8a7b scanning time 3s 989ms
Discovery 089a8a7b recorded time 5s 873ms
Training ef8118c6 with 1 binary file, target error: 0.05, iterations: 1, sample rate: 100%, sparse: 100%
Fine tuning increased fitness by 0.00000495137623979236 to 0.9206094380509864 adjusted 96 weights, 1 bias 
Training f0559516 with 1 binary file, target error: 0.05, iterations: 1, sample rate: 100%, sparse: 100%
Fine tuning increased fitness by 0.000005336849315362713 to 0.9206147749003017 adjusted 96 weights, 1 bias 
Discovery 089a8a7b analyze time 8s 692ms found 0 candidates
Discovery 089a8a7b analyze harmful time 1s 166ms found 0 candidates
Discovery 089a8a7b analyze squashes time 1s 422ms found 0 candidates
Training b9fe2827 with 1 binary file, target error: 0.05, iterations: 1, sample rate: 100%, sparse: 100%
Discovery b9fe2827 with 1 binary files, sample rate: 100%, batch size: 512
Discovery b9fe2827 initialize time 104ms
Discovery b9fe2827 processing .trainData-industry_88/FINANCE_SERVICES/data.bin
Discovery b9fe2827 read time 6ms for .trainData-industry_88/FINANCE_SERVICES/data.bin with 4613 records
Discovery b9fe2827 scanning time 3s 979ms
Discovery b9fe2827 recorded time 5s 763ms
Training 7f7d25e2 with 1 binary file, target error: 0.05, iterations: 1, sample rate: 100%, sparse: 100%
Fine tuning increased fitness by 0.00000831622275576649 to 0.920636932325217 adjusted 96 weights, 1 bias 
Training baef6d20 with 1 binary file, target error: 0.05, iterations: 1, sample rate: 100%, sparse: 100%
Discovery b9fe2827 analyze time 8s 772ms found 0 candidates
Discovery b9fe2827 analyze harmful time 1s 156ms found 0 candidates
Discovery b9fe2827 analyze squashes time 1s 408ms found 0 candidates
Training f710d581 with 1 binary file, target error: 0.05, iterations: 1, sample rate: 100%, sparse: 100%
Training 600dc573 with 1 binary file, target error: 0.05, iterations: 1, sample rate: 100%, sparse: 100%
Discovery 600dc573 with 1 binary files, sample rate: 100%, batch size: 512
Discovery 600dc573 initialize time 111ms
Discovery 600dc573 processing .trainData-industry_88/FINANCE_SERVICES/data.bin
Fine tuning increased fitness by 5.537251213105776e-9 to 0.9206389140101178 adjusted 1 weight 
Generation 20 score 0.9206389140101178  error 0.07932562199112847 avg time 6s 62ms
Discovery 600dc573 read time 9ms for .trainData-industry_88/FINANCE_SERVICES/data.bin with 4613 records
Discovery 600dc573 scanning time 4s 161ms
Training 91dfc4e0 with 1 binary file, target error: 0.05, iterations: 1, sample rate: 100%, sparse: 100%
Discovery 600dc573 recorded time 5s 791ms
Fine tuning increased fitness by 2.7304387639759398e-9 to 0.9206389167405565 adjusted 1 weight 
Training 8919732f with 1 binary file, target error: 0.05, iterations: 1, sample rate: 100%, sparse: 100%
Discovery 600dc573 analyze time 9s 606ms found 0 candidates
Discovery 600dc573 analyze harmful time 1s 309ms found 0 candidates
Training bec0fe0f with 1 binary file, target error: 0.05, iterations: 1, sample rate: 100%, sparse: 100%
Discovery 600dc573 analyze squashes time 1s 405ms found 0 candidates
Fine tuning increased fitness by 6.785579820256515e-8 to 0.9206389845963547 adjusted 1 weight 
Fine tuning increased fitness by 1.3242434848681484e-7 to 0.9206391170207032 adjusted 1 weight 
Fine tuning increased fitness by 1.708829946434065e-7 to 0.9206392879036979 adjusted 1 weight 
Generation 30 score 0.9206392879036979  error 0.07932523809754873 avg time 5s 505ms
Fine tuning increased fitness by 1.0402818240162759e-7 to 0.9206393919318803 adjusted 1 weight 
Generation 31 score 0.9206393919318803  error 0.07932513406936635 avg time 445ms
{
  error: 0.07932513406936635,
  score: 0.9206393919318803,
  generation: 31,
  time: 182813,
  startScore: 0.920507303963884
}
process SECURITY-COMMODITY_BROKERS_DEALERS_EXCHANGES-SERVICES lvl: 3
loaded ../GRQ-portfolio/best/industry/v6/SECURITY-COMMODITY_BROKERS_DEALERS_EXCHANGES-SERVICES.json
9 mutations, mutation rate 19.3%, elitism 4, mutation ALL, selection FITNESS_PROPORTIONATE
Creature count: 50
Culling duplicate creature at 1 of 51
DeDuplication of 1 creatures to 50 in 74ms (previous experiment )
Training 6186e9f8 with 1 binary file, target error: 0.05, iterations: 1, sample rate: 100%, sparse: 100%
Discovery 6186e9f8 with 1 binary files, sample rate: 100%, batch size: 512
Discovery 6186e9f8 initialize time 114ms
Discovery 6186e9f8 processing .trainData-industry_88/SECURITY-COMMODITY_BROKERS_DEALERS_EXCHANGES-SERVICES/data.bin
Discovery 6186e9f8 read time 8ms for .trainData-industry_88/SECURITY-COMMODITY_BROKERS_DEALERS_EXCHANGES-SERVICES/data.bin with 4613 records
Discovery 6186e9f8 scanning time 5s 945ms
Discovery 6186e9f8 recorded time 7s 321ms
Training b748ae89 with 1 binary file, target error: 0.05, iterations: 1, sample rate: 100%, sparse: 100%
Constant neuron fad75c58-621f-48b3-9acd-549b0f34cea1-1083 convert hidden to constant
Adjust neuron fad75c58-621f-48b3-9acd-549b0f34cea1-1083 bias 0.0785739 to 0.00617385776121
Training a3470672 with 1 binary file, target error: 0.05, iterations: 1, sample rate: 100%, sparse: 100%
Remove neuron a0b1190f-05c3-49f1-bcb0-e2a3fea52a44 as no longer connected
Remove neuron b7b1e918-02cb-4894-ab7b-d3c6119ffdae as no longer connected
compactUnused hidden neuron 7ae41b0e has no outward connections
Training 498af1b8 with 1 binary file, target error: 0.05, iterations: 1, sample rate: 100%, sparse: 100%
Discovered beneficial synapse from input-1019 to 24a1837d-39be-4b5c-8209-885057947ec1 with weight -1.0000, helping 41.4% more records than it harms (3259/4613)
Discovery 6186e9f8 analyze time 37s 737ms found 1 candidates
Remove neuron 1820ae6a-1d4f-4149-8ad4-7b0a52164a41-2236 as no longer connected
Discovered harmful synapse from input-33 to f5b945b3-bd8a-475e-ada6-8383487f2a37, harming 14.9% more records than it helps (1403/4613)
Discovery 6186e9f8 analyze harmful time 3s 147ms found 1 candidates
Discovery 6186e9f8 analyze squashes time 3s 216ms found 1 candidate, Summary: f5b945b3-bd8a-475e-ada6-8383487f2a37 GAUSSIAN -> COMPLEMENT improved: 100.0% error: 1.1728872681456415e+26 -> 765650.9252
Training 35609a7e with 1 binary file, target error: 0.05, iterations: 1, sample rate: 100%, sparse: 100%
compactUnused hidden neuron 7ae41b0e has no outward connections
Remove neuron fad75c58-621f-48b3-9acd-549b0f34cea1-531 as no longer connected
Remove neuron 1820ae6a-1d4f-4149-8ad4-7b0a52164a41-1421 as no longer connected
Generation 10 score 0.9197073844419363  error 0.08025067455871843 avg time 7s 146ms
Training 3d1037f4 with 1 binary file, target error: 0.05, iterations: 1, sample rate: 100%, sparse: 100%
Remove neuron 2c90cdad-5887-4654-9648-c7240f5f8315 as no longer connected
Training 5a0dc41c with 1 binary file, target error: 0.05, iterations: 1, sample rate: 100%, sparse: 100%
Discovery b19932b3 with 1 binary files, sample rate: 100%, batch size: 512
Discovery b19932b3 initialize time 113ms
Discovery b19932b3 processing .trainData-industry_88/SECURITY-COMMODITY_BROKERS_DEALERS_EXCHANGES-SERVICES/data.bin
Discovery b19932b3 read time 8ms for .trainData-industry_88/SECURITY-COMMODITY_BROKERS_DEALERS_EXCHANGES-SERVICES/data.bin with 4613 records
Discovery b19932b3 scanning time 5s 852ms
Training c34ebe4b with 1 binary file, target error: 0.05, iterations: 1, sample rate: 100%, sparse: 100%
Fine tuning increased fitness by 6.039917425093577e-7 to 0.9197113894375515 adjusted 4 weights 
Discovery b19932b3 recorded time 7s 394ms
Remove neuron accd22fb-0686-446a-8156-912e4ae7a30c as no longer connected
Training ed09816a with 1 binary file, target error: 0.05, iterations: 1, sample rate: 100%, sparse: 100%
Fine tuning increased fitness by 1.160068696659522e-8 to 0.9197114235512766 adjusted 4 weights 
Remove neuron fad75c58-621f-48b3-9acd-549b0f34cea1-274 as no longer connected
Constant neuron e4f29e23-0ccb-4206-aa76-0b0801914927 convert hidden to constant
Adjust neuron e4f29e23-0ccb-4206-aa76-0b0801914927 bias -0.07753280879619706 to -0.036370640515811105
Constant neuron fad75c58-621f-48b3-9acd-549b0f34cea1-1083 convert hidden to constant
Adjust neuron fad75c58-621f-48b3-9acd-549b0f34cea1-1083 bias 0.0785739 to 0.00617385776121
Remove neuron a0b1190f-05c3-49f1-bcb0-e2a3fea52a44 as no longer connected
Remove neuron 1820ae6a-1d4f-4149-8ad4-7b0a52164a41-237 as no longer connected
Training bcfee28d with 1 binary file, target error: 0.05, iterations: 1, sample rate: 100%, sparse: 100%
Fine tuning increased fitness by 3.160257910916897e-8 to 0.9197114841713433 adjusted 4 weights 
Remove neuron d35a9a8c-5620-4160-872a-b23e433b9238 as no longer connected
Generation 20 score 0.9197114841713433  error 0.08024656482931163 avg time 7s 18ms
Discovered beneficial synapse from input-582 to df10414f-c8df-4a71-be1e-ae0cc2a5bb90 with weight 1.0000, helping 41.4% more records than it harms (3260/4613)
Discovery b19932b3 analyze time 52s 963ms found 1 candidates
Discovered harmful synapse from input-581 to 8f7a4dac-296f-4315-8750-d3a785161a73, harming 53.5% more records than it helps (1073/4613)
Discovery b19932b3 analyze harmful time 3s 383ms found 1 candidates
Fine tuning increased fitness by 3.0943875239941576e-8 to 0.9197115647327873 adjusted 4 weights 
Discovery b19932b3 analyze squashes time 2s 793ms found 1 candidate, Summary: f5b945b3-bd8a-475e-ada6-8383487f2a37 GAUSSIAN -> COMPLEMENT improved: 100.0% error: 1.1728872681456415e+26 -> 765650.1799
Fine tuning increased fitness by 1.0206915690424978e-7 to 0.9197116668019442 adjusted 4 weights 
Fine tuning increased fitness by 2.3153706529832618e-7 to 0.9197118983390095 adjusted 4 weights 
Generation 26 score 0.9197118983390095  error 0.08024615066164541 avg time 4s 190ms
{
  error: 0.08024615066164541,
  score: 0.9197118983390095,
  generation: 26,
  time: 183774,
  startScore: 0.9197073844419363
}
🧹 Cleaning up any inconsistent git state
✅ Git state cleanup completed
✅ Already on proper branch: main
From github.com:stSoftwareAU/GRQ-industryV2
   e6fd82d..466ed3e  main       -> origin/main
Updating e6fd82d..466ed3e
Created autostash: 519cf2e
Fast-forward
 v6/ACCIDENT-HEALTH_INSURANCE.json                  |   160 +-
 v6/AIRCRAFT_PARTS-AUXILIARY_EQUIPMENT_NEC.json     |   310 +-
 v6/BEVERAGES.json                                  |  7150 +++++++++--
 v6/DRILLING_OIL-GAS_WELLS.json                     |   155 +-
 v6/FABRICATED_PLATE_WORK_BOILER_SHOPS.json         |  2291 +---
 ...LANEOUS_FOOD_PREPARATIONS-KINDRED_PRODUCTS.json | 12549 ++-----------------
 v6/MISCELLANEOUS_PLASTICS_PRODUCTS.json            |  1465 +--
 v6/SERVICES-ADVERTISING_AGENCIES.json              |    52 +-
 ...RDWARE-PLUMBING-HEATING_EQUIPMENT-SUPPLIES.json |    66 +-
 ...ARATUS-TUBES-RELATED_IRRADIATION_APPARATUS.json |  5931 +--------
 10 files changed, 8203 insertions(+), 21926 deletions(-)
Applied autostash.
✅ Already on proper branch: main
📦 Changes detected — staging files and validating JSON
[0;32m🔍 Validating staged JSON files...[0m
[0;32m🔍 Validating: v6/AGRICULTURAL_SERVICES.json[0m
[0;32m   ✅ PASSED: File is valid[0m
[0;32m🔍 Validating: v6/COMMUNICATIONS_EQUIPMENT_NEC.json[0m
[0;32m   ✅ PASSED: File is valid[0m
[0;32m🔍 Validating: v6/CONSTRUCTION_MINING-MATERIALS_HANDLING_MACHINERY-EQUIP.json[0m
[0;32m   ✅ PASSED: File is valid[0m
[0;32m🔍 Validating: v6/ELECTRONIC_COMPUTERS.json[0m
[0;32m   ✅ PASSED: File is valid[0m
[0;32m🔍 Validating: v6/FINANCE_SERVICES.json[0m
[0;32m   ✅ PASSED: File is valid[0m
[0;32m🔍 Validating: v6/MEDICINAL_CHEMICALS-BOTANICAL_PRODUCTS.json[0m
[0;32m   ✅ PASSED: File is valid[0m
[0;32m🔍 Validating: v6/SECURITY-COMMODITY_BROKERS_DEALERS_EXCHANGES-SERVICES.json[0m
[0;32m   ✅ PASSED: File is valid[0m
[0;32m🔍 Validating: v6/WHOLESALE-METALS_SERVICE_CENTERS-OFFICES.json[0m
[0;32m   ✅ PASSED: File is valid[0m
[0;32m🔍 Validating: v6/WHOLESALE-MOTOR_VEHICLE_SUPPLIES-NEW_PARTS.json[0m
[0;32m   ✅ PASSED: File is valid[0m
[0;32m🔍 Validating: v6/WOMENS_MISSES_AND_JUNIORS_OUTERWEAR.json[0m
[0;32m   ✅ PASSED: File is valid[0m
[0;32m✅ All staged JSON files are valid[0m
✅ JSON validation passed — committing
✅ Already on proper branch: main
🔍 Pre-commit state:
🔍 Current Git State:
  Branch: main
  Commit: 466ed3eaadf0f49678d471bdf6532ea0e27b3fa5
  Status:
M  v6/AGRICULTURAL_SERVICES.json
M  v6/COMMUNICATIONS_EQUIPMENT_NEC.json
M  v6/CONSTRUCTION_MINING-MATERIALS_HANDLING_MACHINERY-EQUIP.json
M  v6/ELECTRONIC_COMPUTERS.json
M  v6/FINANCE_SERVICES.json
  Remote branches:
  origin/HEAD -> origin/main
  origin/main
[main ead8087] ip-10-0-33-81 Improved Industry models
 10 files changed, 19381 insertions(+), 38592 deletions(-)
🛡️ Preventing merge conflicts with aggressive strategy...
📦 Local commits detected (1 ahead) - using force push to prevent conflicts
To github.com:stSoftwareAU/GRQ-industryV2.git
   466ed3e..ead8087  main -> main
✅ Force push succeeded - conflicts prevented
✅ Conflict prevention succeeded
🧹 Performing final git cleanup on exit...
✅ Final cleanup completed
📥 Pulling GRQ-health with --ours strategy...
From github.com:stSoftwareAU/GRQ-health
   b306a81..d8ab315  Develop    -> origin/Develop
📦 No local changes or untracked files - checking remote state
🔄 Resetting to remote state (commit: d8ab315d)
HEAD is now at d8ab315 Update health status for GRQ-16 at Wed Aug  6 06:51:39 AM UTC 2025
✅ Successfully reset to remote state - all models updated by another machine
✅ GRQ-health pull succeeded in 8 seconds
Updating health information...
Updated health information for ip-10-0-33-81
