================ Clean up START ================
Version 1.3.3
Disk usage:
Filesystem        Size  Used Avail Use% Mounted on
devtmpfs          4.0M     0  4.0M   0% /dev
tmpfs             7.7G     0  7.7G   0% /dev/shm
tmpfs             3.1G  448K  3.1G   1% /run
/dev/nvme0n1p1     40G  2.4G   38G   6% /
tmpfs             7.7G  4.0K  7.7G   1% /tmp
/dev/nvme0n1p128   10M  1.4M  8.7M  14% /boot/efi
/dev/nvme1n1      434G  1.6G  410G   1% /data
tmpfs             1.6G     0  1.6G   0% /run/user/1001
Uptime:  22:26:22 up 32 min,  0 users,  load average: 2.17, 3.98, 3.89
USER         PID    PPID COMMAND
GRQ        22795   22748 (sd-pam)
GRQ        22903   22553 /bin/bash /data/GRQ/run.sh --option=fx
GRQ        26619   22903 /bin/bash ./check_spot_termination.sh
GRQ        31764   22903 /bin/bash ./run.sh --run-once
GRQ        31778   26619 sleep 5
GRQ        31783   31764 /bin/bash worker/node.sh
GRQ        31792   31783 ps -U GRQ -o user,pid,ppid,command
Host: ip-10-0-39-180
IP: 10.0.39.180
Number of CPUs: 8
Available Memory: 15Gi
================ Clean up ENDED ================
Use local deno
PATH: /data/GRQ/.deno/bin:/usr/local/sbin:/usr/local/bin:/usr/sbin:/usr/bin:/sbin:/bin:/var/lib/snapd/snap/bin
deno 2.4.3 (stable, release, aarch64-unknown-linux-gnu)
v8 13.7.152.14-rusty
typescript 5.8.3
aws-cli/2.23.11 Python/3.9.21 Linux/6.1.130-139.222.amzn2023.aarch64 source/aarch64.amzn.2023
Option: fx
Starting FX... Tue Aug  5 10:26:23 PM UTC 2025
📥 Pulling GRQ-FX-models with --ours strategy...
🛡️ Local changes or untracked files detected - using --ours strategy
📁 Adding untracked files to staging area
📦 Committing local changes to preserve them
[Develop 9f56c27] Local changes before pull Tue Aug  5 10:26:28 PM UTC 2025
 10 files changed, 30669 insertions(+), 13163 deletions(-)
 create mode 100644 v1/USDKZT.json
🔄 Pulling with --ours strategy (keeping our changes)
From github.com:stSoftwareAU/GRQ-FX-models
 * branch            Develop    -> FETCH_HEAD
Already up to date.
✅ Successfully pulled with --ours strategy
✅ GRQ-FX-models pull succeeded in 7 seconds
Already up to date.
Starting ... Fetching S3 checksum file from: s3://grq-trainingdata/trainData-fx_c_88/checksum.sha256
Checksum matches. Skipping data file download.
🧹 Removing: trainData-fx_c_*
📥 Pulling GRQ-portfolio with --ours strategy...
📦 No local changes or untracked files - checking remote state
🔄 Resetting to remote state (commit: 6efea1f5)
HEAD is now at 6efea1f REJECTED 38.66% -> 29.83% Delta -8.831
✅ Successfully reset to remote state - all models updated by another machine
✅ GRQ-portfolio pull succeeded in 10 seconds
USDTWD.json SyntaxError: Expected double-quoted property name in JSON at position 93 (line 7 column 1)
    at JSON.parse (<anonymous>)
    at file:///data/GRQ/GRQ/src/fx/EvolveApp.ts:30:25
USDCRC.json SyntaxError: Expected double-quoted property name in JSON at position 121 (line 7 column 1)
    at JSON.parse (<anonymous>)
    at file:///data/GRQ/GRQ/src/fx/EvolveApp.ts:30:25
USDPEN.json SyntaxError: Expected double-quoted property name in JSON at position 121 (line 7 column 1)
    at JSON.parse (<anonymous>)
    at file:///data/GRQ/GRQ/src/fx/EvolveApp.ts:30:25
FX pairs to process: 10

=== Processing USDAED (1/10) ===
6 mutations, mutation rate 11.2%, elitism 5, mutation FFW, selection TOURNAMENT
Creature count: 48
Training b1dd44f3 with 1 binary file, target error: 0.000001, iterations: 1, sample rate: 100%, sparse: 100%
Discovery b1dd44f3 with 1 binary files, sample rate: 100%, batch size: 512
Discovery b1dd44f3 initialize time 87ms
Discovery b1dd44f3 processing .trainData-fx_c_88/USDAED/data.bin
Discovery b1dd44f3 read time 2ms for .trainData-fx_c_88/USDAED/data.bin with 1432 records
Generation 1 score 0.9999999429541122  error 7.045887810869127e-9 avg time 118ms
Set training/discovery clean up count to 2
Waiting for discovery to complete
Discovery b1dd44f3 scanning time 495ms
Discovery b1dd44f3 recorded time 845ms
Generation 2 score 0.9999999429541122  error 7.045887810869127e-9 avg time 47ms
Waiting for discovery to complete
Training b1dd44f3 increased fitness by 1.0436096431476471e-14 to 0.9999999429541226
Remove neuron d0bcdb5d-bd64-45a9-b8c3-cf51c63a5c54 as no longer connected
Generation 3 score 0.9999999429541226  error 7.0458772717953055e-9 avg time 25ms
Waiting for discovery to complete
Constant neuron 709db094-8ba9-470a-a881-93ab882f72bc convert hidden to constant
Adjust neuron 709db094-8ba9-470a-a881-93ab882f72bc bias 0.040103801038872955 to 0.040103801038872955
Generation 4 score 0.9999999429541226  error 7.0458772717953055e-9 avg time 29ms
Waiting for discovery to complete
Fine tuning increased fitness by 2.6645352591003757e-15 to 0.9999999429541253 adjusted 5 weights, 3 biases 
Generation 5 score 0.9999999429541253  error 7.045874662266696e-9 avg time 28ms
Waiting for discovery to complete
Fine tuning increased fitness by 4.551914400963142e-15 to 0.9999999429541299 adjusted 5 weights, 3 biases 
Generation 6 score 0.9999999429541299  error 7.045870057958044e-9 avg time 26ms
Waiting for discovery to complete
Fine tuning increased fitness by 4.107825191113079e-15 to 0.999999942954134 adjusted 5 weights, 3 biases 
Generation 7 score 0.999999942954134  error 7.045865974530199e-9 avg time 28ms
Waiting for discovery to complete
Fine tuning increased fitness by 1.1657341758564144e-14 to 0.9999999429541456 adjusted 5 weights, 3 biases 
Remove neuron b69601d5-9581-457e-9f26-7c19c52f4dbd as no longer connected
Generation 8 score 0.9999999429541456  error 7.045854359248383e-9 avg time 27ms
Waiting for discovery to complete
Fine tuning increased fitness by 2.2093438190040615e-14 to 0.9999999429541677 adjusted 5 weights, 3 biases 
Generation 9 score 0.9999999429541677  error 7.045832291175572e-9 avg time 26ms
Waiting for discovery to complete
Fine tuning increased fitness by 1.3322676295501878e-15 to 0.999999942954169 adjusted 5 weights, 3 biases 
Generation 10 score 0.999999942954169  error 7.045830901659755e-9 avg time 25ms
Waiting for discovery to complete
Fine tuning increased fitness by 6.994405055138486e-14 to 0.999999942954239 adjusted 5 weights, 3 biases 
Remove neuron 41ed751d-b05c-4db5-be45-61edc18a394f as no longer connected
Generation 11 score 0.999999942954239  error 7.045760919846667e-9 avg time 26ms
Waiting for discovery to complete
Fine tuning increased fitness by 1.3722356584366935e-13 to 0.9999999429543762 adjusted 5 weights, 3 biases 
Generation 12 score 0.9999999429543762  error 7.045623709182144e-9 avg time 24ms
Waiting for discovery to complete
Generation 13 score 0.9999999429543762  error 7.045623709182144e-9 avg time 28ms
Waiting for discovery to complete
Generation 14 score 0.9999999429543763  error 7.045623687671195e-9 avg time 25ms
Waiting for discovery to complete
Remove neuron 2abc849f-1159-4ee2-9465-38a7ba526af8 as no longer connected
Generation 15 score 0.9999999429543763  error 7.045623687671195e-9 avg time 27ms
Waiting for discovery to complete
Generation 16 score 0.9999999429543763  error 7.045623687671195e-9 avg time 27ms
Waiting for discovery to complete
Generation 17 score 0.9999999429543763  error 7.045623687671195e-9 avg time 25ms
Waiting for discovery to complete
Generation 18 score 0.9999999429543763  error 7.045623687671195e-9 avg time 26ms
Waiting for discovery to complete
Fine tuning increased fitness by 1.1524114995609125e-13 to 0.9999999429544916 adjusted 5 weights, 3 biases 
Remove neuron 8a5cb17e-ea31-4cd9-ba21-06d12572c402 as no longer connected
Generation 19 score 0.9999999429544916  error 7.045508392471798e-9 avg time 24ms
Waiting for discovery to complete
Fine tuning increased fitness by 5.10702591327572e-14 to 0.9999999429545426 adjusted 5 weights, 3 biases 
Constant neuron f358f954-f3f8-45af-86e1-5123700961d5 convert hidden to constant
Adjust neuron f358f954-f3f8-45af-86e1-5123700961d5 bias -0.01508382889502631 to 0.01508382889502631
Remove neuron 8ef54e32-bab1-4215-a433-7e89f361829c as no longer connected
Generation 20 score 0.9999999429545426  error 7.045457335152749e-9 avg time 28ms
Waiting for discovery to complete
Fine tuning increased fitness by 3.552713678800501e-15 to 0.9999999429545462 adjusted 5 weights, 3 biases 
Generation 21 score 0.9999999429545462  error 7.045453732402196e-9 avg time 25ms
Waiting for discovery to complete
Fine tuning increased fitness by 4.6629367034256575e-15 to 0.9999999429545509 adjusted 5 weights, 3 biases 
Generation 22 score 0.9999999429545509  error 7.045449144136934e-9 avg time 27ms
Waiting for discovery to complete
Fine tuning increased fitness by 2.55351295663786e-15 to 0.9999999429545534 adjusted 5 weights, 3 biases 
Generation 23 score 0.9999999429545534  error 7.045446522304676e-9 avg time 25ms
Waiting for discovery to complete
Fine tuning increased fitness by 4.218847493575595e-15 to 0.9999999429545576 adjusted 5 weights, 3 biases 
Generation 24 score 0.9999999429545576  error 7.045442336377877e-9 avg time 24ms
Waiting for discovery to complete
Fine tuning increased fitness by 1.1313172620930345e-13 to 0.9999999429546708 adjusted 5 weights, 3 biases 
Constant neuron 1d12f7fb-8ab8-4424-8ba8-cde4d9087807 convert hidden to constant
Adjust neuron 1d12f7fb-8ab8-4424-8ba8-cde4d9087807 bias 0.011991433138022312 to 0.007240845575523005
Generation 25 score 0.9999999429546708  error 7.045329198820323e-9 avg time 26ms
Waiting for discovery to complete
Fine tuning increased fitness by 1.8351986597053838e-13 to 0.9999999429548543 adjusted 5 weights, 3 biases 
Remove neuron b883cc17-55d9-4eb3-960e-8aa4d4e10f94 as no longer connected
Generation 26 score 0.9999999429548543  error 7.045145653829737e-9 avg time 25ms
Waiting for discovery to complete
Generation 27 score 0.9999999429548543  error 7.045145653829737e-9 avg time 26ms
Waiting for discovery to complete
Generation 28 score 0.9999999429548543  error 7.045145653829737e-9 avg time 25ms
Waiting for discovery to complete
Generation 29 score 0.9999999429548543  error 7.045145653829737e-9 avg time 27ms
Waiting for discovery to complete
Remove neuron 34919535-e7ca-4058-b442-27a3c1feb259 as no longer connected
Generation 30 score 0.9999999429548543  error 7.045145653829737e-9 avg time 27ms
Waiting for discovery to complete
Generation 31 score 0.9999999429548543  error 7.045145653829737e-9 avg time 26ms
Waiting for discovery to complete
Generation 32 score 0.9999999429548543  error 7.045145653829737e-9 avg time 22ms
Waiting for discovery to complete
Generation 33 score 0.9999999429548543  error 7.045145653829737e-9 avg time 27ms
Waiting for discovery to complete
Generation 34 score 0.9999999429548543  error 7.045145653829737e-9 avg time 26ms
Waiting for discovery to complete
Generation 35 score 0.9999999429548543  error 7.045145653829737e-9 avg time 26ms
Waiting for discovery to complete
Generation 36 score 0.9999999429548543  error 7.045145653829737e-9 avg time 23ms
Waiting for discovery to complete
Generation 37 score 0.9999999429548543  error 7.045145653829737e-9 avg time 25ms
Waiting for discovery to complete
Remove neuron 121a40c0-146c-4354-9852-475751ca5944 as no longer connected
Generation 38 score 0.9999999429548543  error 7.045145653829737e-9 avg time 26ms
Waiting for discovery to complete
Constant neuron b55e38e7-f26f-4f49-86fd-985550fae1db convert hidden to constant
Adjust neuron b55e38e7-f26f-4f49-86fd-985550fae1db bias 0.0005323848063937542 to 0.000532101523627116
Generation 39 score 0.9999999429548543  error 7.045145653829737e-9 avg time 27ms
Waiting for discovery to complete
Generation 40 score 0.9999999429548543  error 7.045145653829737e-9 avg time 26ms
Waiting for discovery to complete
Generation 41 score 0.9999999429548543  error 7.045145653829737e-9 avg time 26ms
Waiting for discovery to complete
Generation 42 score 0.9999999429548543  error 7.045145653829737e-9 avg time 27ms
Waiting for discovery to complete
Constant neuron fc84abda-374e-430e-a153-4d729859f0f2 convert hidden to constant
Adjust neuron fc84abda-374e-430e-a153-4d729859f0f2 bias 0.030211150958871252 to 0.015333736536455417
Generation 43 score 0.9999999429548543  error 7.045145653829737e-9 avg time 27ms
Waiting for discovery to complete
Remove neuron 76e3349f-dd87-4355-bc85-d03f00cbffb4 as no longer connected
Generation 44 score 0.9999999429548543  error 7.045145653829737e-9 avg time 28ms
Waiting for discovery to complete
Generation 45 score 0.9999999429548543  error 7.045145653829737e-9 avg time 24ms
Waiting for discovery to complete
Constant neuron 3424702b-db10-4f5f-9415-42020eeab192 convert hidden to constant
Adjust neuron 3424702b-db10-4f5f-9415-42020eeab192 bias -0.09823900142510836 to -0.055844204547174536
Generation 46 score 0.9999999429548543  error 7.045145653829737e-9 avg time 26ms
Waiting for discovery to complete
Generation 47 score 0.9999999429548543  error 7.045145653829737e-9 avg time 25ms
Waiting for discovery to complete
Generation 48 score 0.9999999429548543  error 7.045145653829737e-9 avg time 28ms
Waiting for discovery to complete
Discovered beneficial synapse from input-11 to output-2 with weight 1.0000, helping 39.2% more records than it harms (561/1432)
Discovery b1dd44f3 analyze time 12s 25ms found 1 candidates
Discovered harmful synapse from input-364 to output-3, harming 19.7% more records than it helps (575/1432)
Discovery b1dd44f3 analyze harmful time 46ms found 1 candidates
Generation 49 score 0.9999999429548543  error 7.045145653829737e-9 avg time 27ms
Waiting for discovery to complete
Discovery b1dd44f3 analyze squashes time 423ms found 3 candidates, Summary: output-0 ReLU -> Softplus improved: 32.2% error: 0.2922 -> 0.1981,output-2 ReLU6 -> SQUARE improved: 36.8% error: 0.0339 -> 0.0214,output-1 Cube -> ABSOLUTE improved: 11.1% error: 0.0014 -> 0.0012
Generation 50 score 0.9999999429548543  error 7.045145653829737e-9 avg time 26ms
Waiting for discovery to complete
Constant neuron a01ea7e6-9c66-4eac-ab41-5826876f7a53 convert hidden to constant
Adjust neuron a01ea7e6-9c66-4eac-ab41-5826876f7a53 bias 0.051606278952141926 to 0.05422276824875787
Generation 51 score 0.9999999429548543  error 7.045145653829737e-9 avg time 27ms
Waiting for training/discovery clean up 2
Generation 52 score 0.9999999429548543  error 7.045145653829737e-9 avg time 25ms
Waiting for training/discovery clean up 1
Generation 53 score 0.9999999429548543  error 7.045145653829737e-9 avg time 24ms
{
  error: 7.045145653829737e-9,
  score: 0.9999999429548543,
  generation: 53,
  time: 15159
}

=== Processing USDCAD (2/10) ===
1 mutation, mutation rate 5.0%, elitism 4, mutation FFW, selection FITNESS_PROPORTIONATE
Creature count: 48
Training 29dbcf0f with 1 binary file, target error: 0.000001, iterations: 1, sample rate: 100%, sparse: 100%
Discovery 29dbcf0f with 1 binary files, sample rate: 100%, batch size: 512
Discovery 29dbcf0f initialize time 87ms
Discovery 29dbcf0f processing .trainData-fx_c_88/USDCAD/data.bin
Discovery 29dbcf0f read time 3ms for .trainData-fx_c_88/USDCAD/data.bin with 3359 records
Discovery 29dbcf0f scanning time 1s 52ms
Discovery 29dbcf0f recorded time 1s 814ms
Training 43047f99 with 1 binary file, target error: 0.000001, iterations: 1, sample rate: 100%, sparse: 100%
Fine tuning increased fitness by 8.341949353507516e-10 to 0.9990555217473487 adjusted 72 weights 
Training 3c05c0ff with 1 binary file, target error: 0.000001, iterations: 1, sample rate: 100%, sparse: 100%
Fine tuning increased fitness by 1.359037438142252e-9 to 0.9990555231063861 adjusted 72 weights 
Fine tuning increased fitness by 1.5480522419508702e-9 to 0.9990555246544384 adjusted 72 weights 
Training 9cdb79e2 with 1 binary file, target error: 0.000001, iterations: 1, sample rate: 100%, sparse: 100%
Fine tuning increased fitness by 9.49881262535257e-9 to 0.9990555539780858 adjusted 73 weights 
Training 155f6076 with 1 binary file, target error: 0.000001, iterations: 1, sample rate: 100%, sparse: 100%
Fine tuning increased fitness by 2.0050610172184236e-8 to 0.9990555740286959 adjusted 72 weights 
Generation 10 score 0.9990555740286959  error 0.0009342051297490127 avg time 1s 507ms
Training 9171f2dc with 1 binary file, target error: 0.000001, iterations: 1, sample rate: 100%, sparse: 100%
Discovered beneficial synapse from output-1 to output-2 with weight 1.0000, helping 38.7% more records than it harms (2330/3359)
Discovery 29dbcf0f analyze time 13s 917ms found 1 candidates
Discovered harmful synapse from input-946 to c1a6bf4d-4ad4-4221-abd1-b1e6894f5825, harming 39.3% more records than it helps (766/3359)
Discovery 29dbcf0f analyze harmful time 486ms found 1 candidates
Fine tuning increased fitness by 8.713209043165193e-10 to 0.9990555753450018 adjusted 28 weights 
Discovery 29dbcf0f analyze squashes time 229ms found 1 candidate, Summary: output-0 LOGISTIC -> SELU improved: 19.5% error: 61.8147 -> 49.7768
Training 033927c0 with 1 binary file, target error: 0.000001, iterations: 1, sample rate: 100%, sparse: 100%
Fine tuning increased fitness by 5.06203523542581e-10 to 0.9990555758512053 adjusted 28 weights 
Discovery 033927c0 with 1 binary files, sample rate: 100%, batch size: 512
Discovery 033927c0 initialize time 87ms
Discovery 033927c0 processing .trainData-fx_c_88/USDCAD/data.bin
Discovery 033927c0 read time 4ms for .trainData-fx_c_88/USDCAD/data.bin with 3359 records
Discovery 033927c0 scanning time 1s 352ms
Fine tuning increased fitness by 6.095099980285568e-10 to 0.9990555764607153 adjusted 28 weights 
Discovery 033927c0 recorded time 1s 936ms
Training 7e6466b5 with 1 binary file, target error: 0.000001, iterations: 1, sample rate: 100%, sparse: 100%
Fine tuning increased fitness by 6.699353294337129e-10 to 0.9990555771306506 adjusted 28 weights 
Fine tuning increased fitness by 1.0826389784668322e-9 to 0.9990555782132896 adjusted 28 weights 
Training 5301c243 with 1 binary file, target error: 0.000001, iterations: 1, sample rate: 100%, sparse: 100%
Fine tuning increased fitness by 1.9361844350029855e-9 to 0.999055580149474 adjusted 28 weights 
Fine tuning increased fitness by 3.542785620425093e-9 to 0.9990555836922597 adjusted 28 weights 
Training c6b9ed90 with 1 binary file, target error: 0.000001, iterations: 1, sample rate: 100%, sparse: 100%
Fine tuning increased fitness by 6.009736486234374e-9 to 0.9990555897019961 adjusted 28 weights 
Generation 20 score 0.9990556049868399  error 0.0009341741713277889 avg time 1s 316ms
Training 8fbbaa0f with 1 binary file, target error: 0.000001, iterations: 1, sample rate: 100%, sparse: 100%
Fine tuning increased fitness by 1.2510091851325456e-8 to 0.9990556450787714 adjusted 30 weights 
Training cc3a69d9 with 1 binary file, target error: 0.000001, iterations: 1, sample rate: 100%, sparse: 100%
Fine tuning increased fitness by 7.882886121635124e-9 to 0.9990556529616575 adjusted 30 weights 
Fine tuning increased fitness by 4.059398817091164e-9 to 0.9990556570210564 adjusted 30 weights 
Training cd6109ed with 1 binary file, target error: 0.000001, iterations: 1, sample rate: 100%, sparse: 100%
Fine tuning increased fitness by 5.967052407740425e-10 to 0.9990556576177616 adjusted 30 weights 
Discovered beneficial synapse from output-1 to output-2 with weight 1.0000, helping 38.8% more records than it harms (2331/3359)
Discovery 033927c0 analyze time 14s 11ms found 1 candidates
Discovered harmful synapse from input-319 to b7b9ffc7-7185-491f-b616-9835940fe021, harming 38.0% more records than it helps (788/3359)
Discovery 033927c0 analyze harmful time 688ms found 1 candidates
Discovery 033927c0 analyze squashes time 486ms found 2 candidates, Summary: output-0 LOGISTIC -> SELU improved: 19.4% error: 61.6653 -> 49.7145,output-2 LeakyReLU -> LogSigmoid improved: 29.7% error: 1.6641 -> 1.1699
Training 19f7f1d7 with 1 binary file, target error: 0.000001, iterations: 1, sample rate: 100%, sparse: 100%
Training 3889dbec with 1 binary file, target error: 0.000001, iterations: 1, sample rate: 100%, sparse: 100%
Discovery 3889dbec with 1 binary files, sample rate: 100%, batch size: 512
Discovery 3889dbec initialize time 84ms
Discovery 3889dbec processing .trainData-fx_c_88/USDCAD/data.bin
Discovery 3889dbec read time 4ms for .trainData-fx_c_88/USDCAD/data.bin with 3359 records
Discovery 3889dbec scanning time 988ms
Fine tuning increased fitness by 3.19857751396313e-9 to 0.9990556627078288 adjusted 30 weights 
Discovery 3889dbec recorded time 1s 837ms
Generation 30 score 0.9990556627078288  error 0.0009341164493048859 avg time 1s 377ms
Training 2d66c13f with 1 binary file, target error: 0.000001, iterations: 1, sample rate: 100%, sparse: 100%
Fine tuning increased fitness by 5.459387164563623e-9 to 0.9990556681672159 adjusted 30 weights 
Fine tuning increased fitness by 2.9336659768119944e-9 to 0.9990556711008819 adjusted 30 weights 
Training ae69e227 with 1 binary file, target error: 0.000001, iterations: 1, sample rate: 100%, sparse: 100%
Fine tuning increased fitness by 1.4884987686869522e-9 to 0.9990556725893807 adjusted 30 weights 
Fine tuning increased fitness by 1.2094870660561696e-9 to 0.9990556737988677 adjusted 30 weights 
Training 806aea39 with 1 binary file, target error: 0.000001, iterations: 1, sample rate: 100%, sparse: 100%
Fine tuning increased fitness by 3.885383126345232e-10 to 0.999055674187406 adjusted 30 weights 
Training 5bc40d10 with 1 binary file, target error: 0.000001, iterations: 1, sample rate: 100%, sparse: 100%
Fine tuning increased fitness by 3.4396319126273056e-10 to 0.9990556745921191 adjusted 30 weights 
Fine tuning increased fitness by 2.4092106087891807e-10 to 0.9990556748330401 adjusted 30 weights 
Training c5e998ae with 1 binary file, target error: 0.000001, iterations: 1, sample rate: 100%, sparse: 100%
Fine tuning increased fitness by 4.436399025919968e-10 to 0.99905567527668 adjusted 30 weights 
Fine tuning increased fitness by 4.337518122454753e-10 to 0.9990556757104319 adjusted 30 weights 
Generation 40 score 0.9990556757104319  error 0.0009341034467670693 avg time 1s 328ms
Training 610c8e4a with 1 binary file, target error: 0.000001, iterations: 1, sample rate: 100%, sparse: 100%
Fine tuning increased fitness by 5.010002412930703e-10 to 0.9990556762114321 adjusted 30 weights 
Training f4afe6c8 with 1 binary file, target error: 0.000001, iterations: 1, sample rate: 100%, sparse: 100%
Fine tuning increased fitness by 7.221960807157757e-10 to 0.9990556776854478 adjusted 30 weights 
Fine tuning increased fitness by 2.64429367291541e-10 to 0.9990556779498772 adjusted 30 weights 
Discovered beneficial synapse from output-1 to output-2 with weight 1.0000, helping 38.8% more records than it harms (2331/3359)
Discovery 3889dbec analyze time 18s 423ms found 1 candidates
Discovered harmful synapse from input-1292 to output-0, harming 22.3% more records than it helps (1275/3359)
Discovery 3889dbec analyze harmful time 228ms found 1 candidates
Discovery 3889dbec analyze squashes time 239ms found 1 candidate, Summary: output-0 LOGISTIC -> SELU improved: 19.4% error: 61.7587 -> 49.7926
Training 4a075af4 with 1 binary file, target error: 0.000001, iterations: 1, sample rate: 100%, sparse: 100%
Fine tuning increased fitness by 1.54191437395923e-10 to 0.9990556781040686 adjusted 30 weights 
Discovery 4a075af4 with 1 binary files, sample rate: 100%, batch size: 512
Discovery 4a075af4 initialize time 81ms
Discovery 4a075af4 processing .trainData-fx_c_88/USDCAD/data.bin
Discovery 4a075af4 read time 4ms for .trainData-fx_c_88/USDCAD/data.bin with 3359 records
Discovery 4a075af4 scanning time 1s 20ms
Fine tuning increased fitness by 1.4853840379913663e-10 to 0.999055678252607 adjusted 30 weights 
Discovery 4a075af4 recorded time 1s 854ms
Training 4e9effab with 1 binary file, target error: 0.000001, iterations: 1, sample rate: 100%, sparse: 100%
Training 4c9bd04c with 1 binary file, target error: 0.000001, iterations: 1, sample rate: 100%, sparse: 100%
Fine tuning increased fitness by 1.3751829119890147e-8 to 0.999055701442568 adjusted 1 weight 
Generation 50 score 0.9990557017053014  error 0.0009340674520093799 avg time 1s 404ms
Training a8893445 with 1 binary file, target error: 0.000001, iterations: 1, sample rate: 100%, sparse: 100%
Fine tuning increased fitness by 5.073235165298229e-10 to 0.999055702212625 adjusted 25 weights 
Fine tuning increased fitness by 1.063169774440098e-9 to 0.9990557032757947 adjusted 24 weights 
Training fbd3dcc8 with 1 binary file, target error: 0.000001, iterations: 1, sample rate: 100%, sparse: 100%
Fine tuning increased fitness by 1.8174395322034798e-9 to 0.9990557050932343 adjusted 24 weights 
Fine tuning increased fitness by 1.6971103411478339e-9 to 0.9990557067903446 adjusted 24 weights 
Training 76ea91e6 with 1 binary file, target error: 0.000001, iterations: 1, sample rate: 100%, sparse: 100%
Fine tuning increased fitness by 2.2573698466032965e-9 to 0.9990557090477145 adjusted 24 weights 
Discovered beneficial synapse from output-1 to output-2 with weight 1.0000, helping 38.9% more records than it harms (2333/3359)
Discovery 4a075af4 analyze time 13s 454ms found 1 candidates
Fine tuning increased fitness by 1.481565425898168e-9 to 0.9990557105292799 adjusted 24 weights 
Discovered harmful synapse from input-423 to output-2, harming 33.6% more records than it helps (1116/3359)
Discovery 4a075af4 analyze harmful time 641ms found 1 candidates
Discovery 4a075af4 analyze squashes time 394ms found 2 candidates, Summary: output-0 LOGISTIC -> SELU improved: 19.4% error: 61.6455 -> 49.7005,output-2 LeakyReLU -> LogSigmoid improved: 29.7% error: 1.6641 -> 1.1699
Training 5449aa62 with 1 binary file, target error: 0.000001, iterations: 1, sample rate: 100%, sparse: 100%
Fine tuning increased fitness by 8.569139842151685e-10 to 0.9990557113861939 adjusted 24 weights 
Discovery 5449aa62 with 1 binary files, sample rate: 100%, batch size: 512
Discovery 5449aa62 initialize time 86ms
Discovery 5449aa62 processing .trainData-fx_c_88/USDCAD/data.bin
Discovery 5449aa62 read time 5ms for .trainData-fx_c_88/USDCAD/data.bin with 3359 records
Discovery 5449aa62 scanning time 995ms
Discovery 5449aa62 recorded time 1s 913ms
Training e295afc1 with 1 binary file, target error: 0.000001, iterations: 1, sample rate: 100%, sparse: 100%
Generation 60 score 0.9990557155394673  error 0.0009340536178455846 avg time 1s 414ms
Training 7d8a562c with 1 binary file, target error: 0.000001, iterations: 1, sample rate: 100%, sparse: 100%
Training 9cb9de28 with 1 binary file, target error: 0.000001, iterations: 1, sample rate: 100%, sparse: 100%
Fine tuning increased fitness by 2.889335726230513e-8 to 0.9990557846288939 adjusted 26 weights, 4 biases 
Discovered beneficial synapse from input-1282 to output-0 with weight 1.0000, helping 23.0% more records than it harms (2036/3359)
Discovery 5449aa62 analyze time 6s 841ms found 1 candidates
Discovered harmful synapse from input-1292 to output-0, harming 22.1% more records than it helps (1278/3359)
Discovery 5449aa62 analyze harmful time 1s 227ms found 1 candidates
Fine tuning increased fitness by 1.77686807489863e-8 to 0.9990558023975746 adjusted 26 weights, 4 biases 
Discovery 5449aa62 analyze squashes time 244ms found 1 candidate, Summary: output-0 LOGISTIC -> SELU improved: 19.4% error: 61.4026 -> 49.5045
Training 8ec66546 with 1 binary file, target error: 0.000001, iterations: 1, sample rate: 100%, sparse: 100%
Fine tuning increased fitness by 8.233442039262684e-9 to 0.9990558106310167 adjusted 26 weights, 4 biases 
Discovery 8ec66546 with 1 binary files, sample rate: 100%, batch size: 512
Discovery 8ec66546 initialize time 86ms
Discovery 8ec66546 processing .trainData-fx_c_88/USDCAD/data.bin
Over populated 54, expected 50.
Discovery 8ec66546 read time 3ms for .trainData-fx_c_88/USDCAD/data.bin with 3359 records
Discovery 8ec66546 scanning time 1s 31ms
Discovery 8ec66546 recorded time 1s 931ms
Training c6660a58 with 1 binary file, target error: 0.000001, iterations: 1, sample rate: 100%, sparse: 100%
Fine tuning increased fitness by 1.1723058079837756e-9 to 0.9990558193522757 adjusted 33 weights, 4 biases 
Fine tuning increased fitness by 4.462773595115266e-9 to 0.9990558238150493 adjusted 33 weights, 4 biases 
Training ebee31f2 with 1 binary file, target error: 0.000001, iterations: 1, sample rate: 100%, sparse: 100%
Over populated 52, expected 50.
Fine tuning increased fitness by 7.1161277981346416e-9 to 0.9990558366596165 adjusted 74 weights, 5 biases 
Generation 70 score 0.9990558366596165  error 0.0009339324976988883 avg time 1s 521ms
Discovered beneficial synapse from input-1282 to output-0 with weight 1.0000, helping 23.0% more records than it harms (2036/3359)
Discovery 8ec66546 analyze time 7s 5ms found 1 candidates
Training 42fda14e with 1 binary file, target error: 0.000001, iterations: 1, sample rate: 100%, sparse: 100%
Discovered harmful synapse from input-423 to output-2, harming 33.6% more records than it helps (1115/3359)
Discovery 8ec66546 analyze harmful time 639ms found 1 candidates
Discovery 8ec66546 analyze squashes time 215ms found 1 candidate, Summary: output-0 LOGISTIC -> SELU improved: 19.4% error: 61.2495 -> 49.3769
Over populated 52, expected 50.
Fine tuning increased fitness by 2.7516042777619987e-9 to 0.9990558455451765 adjusted 73 weights, 5 biases 
Discovery df60e7c3 with 1 binary files, sample rate: 100%, batch size: 512
Discovery df60e7c3 initialize time 82ms
Discovery df60e7c3 processing .trainData-fx_c_88/USDCAD/data.bin
Discovery df60e7c3 read time 5ms for .trainData-fx_c_88/USDCAD/data.bin with 3359 records
Over populated 53, expected 50.
Discovery df60e7c3 scanning time 952ms
Training 369bc763 with 1 binary file, target error: 0.000001, iterations: 1, sample rate: 100%, sparse: 100%
Discovery df60e7c3 recorded time 1s 869ms
Training 0ab9f00e with 1 binary file, target error: 0.000001, iterations: 1, sample rate: 100%, sparse: 100%
Training 76ac096e with 1 binary file, target error: 0.000001, iterations: 1, sample rate: 100%, sparse: 100%
Fine tuning increased fitness by 4.443134749010369e-11 to 0.9990558464001724 adjusted 136 weights, 2 biases 
Over populated 52, expected 50.
Training 3a0bd8d2 with 1 binary file, target error: 0.000001, iterations: 1, sample rate: 100%, sparse: 100%
Fine tuning increased fitness by 2.385041053543091e-10 to 0.9990558468188532 adjusted 152 weights, 4 biases 
Over populated 52, expected 50.
Generation 80 score 0.9990558470918643  error 0.0009339220654521008 avg time 1s 561ms
Training b6838137 with 1 binary file, target error: 0.000001, iterations: 1, sample rate: 100%, sparse: 100%
Fine tuning increased fitness by 2.8517643801961867e-10 to 0.9990558473770408 adjusted 152 weights, 4 biases 
Over populated 52, expected 50.
Fine tuning increased fitness by 5.199547459255882e-10 to 0.9990558478969955 adjusted 152 weights, 4 biases 
Discovered beneficial synapse from output-1 to output-2 with weight 1.0000, helping 38.3% more records than it harms (2323/3359)
Discovery df60e7c3 analyze time 14s 542ms found 1 candidates
Discovered harmful synapse from input-1292 to output-0, harming 22.1% more records than it helps (1278/3359)
Discovery df60e7c3 analyze harmful time 222ms found 1 candidates
Discovery df60e7c3 analyze squashes time 243ms found 1 candidate, Summary: output-0 LOGISTIC -> SELU improved: 19.4% error: 61.3855 -> 49.4855
Training c147d9a7 with 1 binary file, target error: 0.000001, iterations: 1, sample rate: 100%, sparse: 100%
Fine tuning increased fitness by 8.731212419732515e-10 to 0.9990558487701168 adjusted 152 weights, 4 biases 
Discovery c147d9a7 with 1 binary files, sample rate: 100%, batch size: 512
Discovery c147d9a7 initialize time 75ms
Discovery c147d9a7 processing .trainData-fx_c_88/USDCAD/data.bin
Over populated 56, expected 50.
Discovery c147d9a7 read time 4ms for .trainData-fx_c_88/USDCAD/data.bin with 3359 records
Discovery c147d9a7 scanning time 974ms
Training b3922c75 with 1 binary file, target error: 0.000001, iterations: 1, sample rate: 100%, sparse: 100%
Fine tuning increased fitness by 1.611800581891032e-9 to 0.9990558503819174 adjusted 152 weights, 4 biases 
Discovery c147d9a7 recorded time 1s 931ms
Over populated 52, expected 50.
Fine tuning increased fitness by 2.176053226499164e-9 to 0.9990558525579706 adjusted 152 weights, 4 biases 
Training 3b50256d with 1 binary file, target error: 0.000001, iterations: 1, sample rate: 100%, sparse: 100%
Over populated 52, expected 50.
Training 7f94a970 with 1 binary file, target error: 0.000001, iterations: 1, sample rate: 100%, sparse: 100%
Discovered beneficial synapse from input-1282 to output-0 with weight 1.0000, helping 22.8% more records than it harms (2033/3359)
Discovery c147d9a7 analyze time 6s 859ms found 1 candidates
Discovered harmful synapse from input-1292 to output-0, harming 22.1% more records than it helps (1278/3359)
Discovery c147d9a7 analyze harmful time 214ms found 1 candidates
Training 11360d7f with 1 binary file, target error: 0.000001, iterations: 1, sample rate: 100%, sparse: 100%
Fine tuning increased fitness by 2.7594773133188255e-9 to 0.9990559458562162 adjusted 156 weights, 5 biases 
Discovery c147d9a7 analyze squashes time 506ms found 2 candidates, Summary: output-2 LeakyReLU -> LogSigmoid improved: 29.7% error: 1.6642 -> 1.1699,output-0 LOGISTIC -> SELU improved: 19.4% error: 61.4404 -> 49.5330
Over populated 52, expected 50.
Discovery 8259c9aa with 1 binary files, sample rate: 100%, batch size: 512
Discovery 8259c9aa initialize time 78ms
Discovery 8259c9aa processing .trainData-fx_c_88/USDCAD/data.bin
Discovery 8259c9aa read time 5ms for .trainData-fx_c_88/USDCAD/data.bin with 3359 records
Discovery 8259c9aa scanning time 959ms
Over populated 53, expected 50.
Generation 90 score 0.9990559458981585  error 0.0009338232592305428 avg time 1s 602ms
Training 043facf6 with 1 binary file, target error: 0.000001, iterations: 1, sample rate: 100%, sparse: 100%
Discovery 8259c9aa recorded time 1s 773ms
Over populated 52, expected 50.
Training 0874a025 with 1 binary file, target error: 0.000001, iterations: 1, sample rate: 100%, sparse: 100%
Fine tuning increased fitness by 8.07965316873549e-9 to 0.9990559905037717 adjusted 183 weights, 7 biases 
Training 100a0052 with 1 binary file, target error: 0.000001, iterations: 1, sample rate: 100%, sparse: 100%
Over populated 52, expected 50.
Training 0c2ff7fe with 1 binary file, target error: 0.000001, iterations: 1, sample rate: 100%, sparse: 100%
Fine tuning increased fitness by 6.787656103846018e-9 to 0.9990560022298939 adjusted 190 weights, 7 biases 
Fine tuning increased fitness by 4.544418619190083e-9 to 0.9990560067743125 adjusted 190 weights, 7 biases 
Training 3a365345 with 1 binary file, target error: 0.000001, iterations: 1, sample rate: 100%, sparse: 100%
Discovered beneficial synapse from output-1 to output-2 with weight 1.0000, helping 38.4% more records than it harms (2325/3359)
Discovery 8259c9aa analyze time 13s 609ms found 1 candidates
Discovered harmful synapse from input-1292 to output-0, harming 22.1% more records than it helps (1278/3359)
Discovery 8259c9aa analyze harmful time 214ms found 1 candidates
Discovery 8259c9aa analyze squashes time 255ms found 1 candidate, Summary: output-0 LOGISTIC -> SELU improved: 19.4% error: 61.4347 -> 49.5221
Generation 100 score 0.9990560191887123  error 0.0009337499686797295 avg time 1s 557ms
Training 52383f2b with 1 binary file, target error: 0.000001, iterations: 1, sample rate: 100%, sparse: 100%
Discovery 52383f2b with 1 binary files, sample rate: 100%, batch size: 512
Discovery 52383f2b initialize time 87ms
Discovery 52383f2b processing .trainData-fx_c_88/USDCAD/data.bin
Discovery 52383f2b read time 5ms for .trainData-fx_c_88/USDCAD/data.bin with 3359 records
Over populated 55, expected 50.
Discovery 52383f2b scanning time 969ms
Training c4a86d1c with 1 binary file, target error: 0.000001, iterations: 1, sample rate: 100%, sparse: 100%
Discovery 52383f2b recorded time 1s 935ms
Over populated 52, expected 50.
Fine tuning increased fitness by 8.770387749379438e-10 to 0.9990560211226224 adjusted 210 weights, 5 biases 
Over populated 52, expected 50.
Fine tuning increased fitness by 1.2300656715424907e-8 to 0.9990560870977447 adjusted 221 weights, 6 biases 
Fine tuning increased fitness by 3.859973563002939e-9 to 0.9990560909577183 adjusted 221 weights, 6 biases 
Fine tuning increased fitness by 1.0331396294027684e-8 to 0.9990561041870408 adjusted 72 weights, 3 biases 
Generation 110 score 0.9990561041870408  error 0.0009336549707255849 avg time 1s 539ms
Discovered beneficial synapse from output-1 to output-2 with weight 1.0000, helping 38.4% more records than it harms (2324/3359)
Discovery 52383f2b analyze time 13s 502ms found 1 candidates
Discovered harmful synapse from input-1292 to output-0, harming 22.1% more records than it helps (1278/3359)
Discovery 52383f2b analyze harmful time 219ms found 1 candidates
Discovery 52383f2b analyze squashes time 423ms found 2 candidates, Summary: output-0 LOGISTIC -> SELU improved: 19.4% error: 61.3053 -> 49.4209,output-2 LeakyReLU -> LogSigmoid improved: 29.7% error: 1.6639 -> 1.1698
Fine tuning increased fitness by 1.3421394218227078e-8 to 0.9990561306688671 adjusted 56 weights, 3 biases 
Fine tuning increased fitness by 4.17719647760606e-9 to 0.9990561348460636 adjusted 56 weights, 3 biases 
Fine tuning increased fitness by 1.8354861874847472e-7 to 0.9990564313789985 adjusted 69 weights, 3 biases 
Fine tuning increased fitness by 1.44354089792742e-8 to 0.9990566240236274 adjusted 69 weights, 3 biases 
Generation 120 score 0.9990566240236274  error 0.0009331251334435536 avg time 1s 414ms
Fine tuning increased fitness by 4.142487242120296e-9 to 0.9990566421169109 adjusted 64 weights, 2 biases 
Generation 124 score 0.9990566457680611  error 0.0009330933891086311 avg time 550ms
{
  error: 0.0009330933891086311,
  score: 0.9990566457680611,
  generation: 124,
  time: 181122
}

=== Processing AUDJPY (3/10) ===
6 mutations, mutation rate 5.0%, elitism 3, mutation ALL, selection FITNESS_PROPORTIONATE
Creature count: 48
Training 091aa765 with 1 binary file, target error: 0.000001, iterations: 1, sample rate: 100%, sparse: 100%
Discovery 091aa765 with 1 binary files, sample rate: 100%, batch size: 512
Discovery 091aa765 initialize time 86ms
Discovery 091aa765 processing .trainData-fx_c_88/AUDJPY/data.bin
Discovery 091aa765 read time 4ms for .trainData-fx_c_88/AUDJPY/data.bin with 3041 records
Discovery 091aa765 scanning time 982ms
Training 498d2ce6 with 1 binary file, target error: 0.000001, iterations: 1, sample rate: 100%, sparse: 100%
Fine tuning increased fitness by 6.691128041635963e-7 to 0.9961788365019968 adjusted 23 weights, 3 biases 
Discovery 091aa765 recorded time 1s 640ms
Training d96e01d7 with 1 binary file, target error: 0.000001, iterations: 1, sample rate: 100%, sparse: 100%
Over populated 52, expected 50.
Training 552a1267 with 1 binary file, target error: 0.000001, iterations: 1, sample rate: 100%, sparse: 100%
Training 0740a2b0 with 1 binary file, target error: 0.000001, iterations: 1, sample rate: 100%, sparse: 100%
Fine tuning increased fitness by 2.2086239048757506e-7 to 0.996179190935548 adjusted 13 weights, 2 biases 
Training 8f921783 with 1 binary file, target error: 0.000001, iterations: 1, sample rate: 100%, sparse: 100%
Fine tuning increased fitness by 2.6233076300119507e-7 to 0.996179453266311 adjusted 13 weights, 2 biases 
Discovered beneficial synapse from input-806 to 5c377b07-231b-4ce4-95bc-8095dc297aef with weight -1.0000, helping 20.2% more records than it harms (1828/3041)
Discovery 091aa765 analyze time 6s 629ms found 1 candidates
Discovered harmful synapse from input-1501 to 5c377b07-231b-4ce4-95bc-8095dc297aef, harming 10.6% more records than it helps (1358/3041)
Discovery 091aa765 analyze harmful time 210ms found 1 candidates
Training 8facc7cc with 1 binary file, target error: 0.000001, iterations: 1, sample rate: 100%, sparse: 100%
Discovery 091aa765 analyze squashes time 331ms found 1 candidate, Summary: 5c377b07-231b-4ce4-95bc-8095dc297aef ArcTan -> Cube improved: 1.1% error: 3.2956994870256857e+22 -> 3.2589638300812605e+22
Training 0367a9cb with 1 binary file, target error: 0.000001, iterations: 1, sample rate: 100%, sparse: 100%
Discovery 0367a9cb with 1 binary files, sample rate: 100%, batch size: 512
Discovery 0367a9cb initialize time 86ms
Discovery 0367a9cb processing .trainData-fx_c_88/AUDJPY/data.bin
Over populated 56, expected 50.
Discovery 0367a9cb read time 4ms for .trainData-fx_c_88/AUDJPY/data.bin with 3041 records
Discovery 0367a9cb scanning time 965ms
Training 9cca8039 with 1 binary file, target error: 0.000001, iterations: 1, sample rate: 100%, sparse: 100%
Fine tuning increased fitness by 2.6547116394048942e-8 to 0.9961795566158616 adjusted 24 weights, 4 biases 
Discovery 0367a9cb recorded time 1s 647ms
Training 02158cba with 1 binary file, target error: 0.000001, iterations: 1, sample rate: 100%, sparse: 100%
Fine tuning increased fitness by 2.0185796478777718e-8 to 0.996179576801658 adjusted 24 weights, 4 biases 
Generation 10 score 0.996179576801658  error 0.003810142207005603 avg time 1s 479ms
Training d6981415 with 1 binary file, target error: 0.000001, iterations: 1, sample rate: 100%, sparse: 100%
Fine tuning increased fitness by 0.0000010621025317014698 to 0.9961806389041897 adjusted 25 weights, 4 biases 
Over populated 52, expected 50.
Training d61237ed with 1 binary file, target error: 0.000001, iterations: 1, sample rate: 100%, sparse: 100%
Fine tuning increased fitness by 2.3056936193643907e-7 to 0.9961808694735517 adjusted 25 weights, 4 biases 
Over populated 52, expected 50.
Training 2ea40ed1 with 1 binary file, target error: 0.000001, iterations: 1, sample rate: 100%, sparse: 100%
Fine tuning increased fitness by 6.468623592326139e-8 to 0.9961809341597876 adjusted 25 weights, 4 biases 
Discovered beneficial synapse from input-806 to 5c377b07-231b-4ce4-95bc-8095dc297aef with weight -1.0000, helping 20.2% more records than it harms (1828/3041)
Discovery 0367a9cb analyze time 6s 832ms found 1 candidates
Training e37f306e with 1 binary file, target error: 0.000001, iterations: 1, sample rate: 100%, sparse: 100%
Fine tuning increased fitness by 1.7308815425387536e-7 to 0.9961811072479418 adjusted 25 weights, 4 biases 
Discovered harmful synapse from input-1501 to 5c377b07-231b-4ce4-95bc-8095dc297aef, harming 10.6% more records than it helps (1358/3041)
Discovery 0367a9cb analyze harmful time 201ms found 1 candidates
Discovery 0367a9cb analyze squashes time 286ms found 1 candidate, Summary: 5c377b07-231b-4ce4-95bc-8095dc297aef ArcTan -> Cube improved: 1.1% error: 3.2956994870256857e+22 -> 3.2589605284062293e+22
Training 56923605 with 1 binary file, target error: 0.000001, iterations: 1, sample rate: 100%, sparse: 100%
Discovery 56923605 with 1 binary files, sample rate: 100%, batch size: 512
Discovery 56923605 initialize time 86ms
Discovery 56923605 processing .trainData-fx_c_88/AUDJPY/data.bin
Discovery 56923605 read time 5ms for .trainData-fx_c_88/AUDJPY/data.bin with 3041 records
Over populated 56, expected 50.
Discovery 56923605 scanning time 1s 3ms
Training be17fc2e with 1 binary file, target error: 0.000001, iterations: 1, sample rate: 100%, sparse: 100%
Fine tuning increased fitness by 2.3199151377717442e-8 to 0.9961811661441744 adjusted 25 weights, 4 biases 
Discovery 56923605 recorded time 1s 789ms
Training 602e4f97 with 1 binary file, target error: 0.000001, iterations: 1, sample rate: 100%, sparse: 100%
Training 279b9e1d with 1 binary file, target error: 0.000001, iterations: 1, sample rate: 100%, sparse: 100%
Fine tuning increased fitness by 5.307968176104794e-9 to 0.9961812036180304 adjusted 25 weights, 4 biases 
Training 0e2cc285 with 1 binary file, target error: 0.000001, iterations: 1, sample rate: 100%, sparse: 100%
Fine tuning increased fitness by 2.826622380602828e-9 to 0.9961812064446528 adjusted 25 weights, 4 biases 
Training 825cd457 with 1 binary file, target error: 0.000001, iterations: 1, sample rate: 100%, sparse: 100%
Generation 20 score 0.9961812104072891  error 0.003808508601363993 avg time 1s 472ms
Discovered beneficial synapse from input-806 to 5c377b07-231b-4ce4-95bc-8095dc297aef with weight -1.0000, helping 20.2% more records than it harms (1828/3041)
Discovery 56923605 analyze time 6s 599ms found 1 candidates
Discovered harmful synapse from input-1501 to 5c377b07-231b-4ce4-95bc-8095dc297aef, harming 10.6% more records than it helps (1358/3041)
Discovery 56923605 analyze harmful time 265ms found 1 candidates
Training 1f2237af with 1 binary file, target error: 0.000001, iterations: 1, sample rate: 100%, sparse: 100%
Fine tuning increased fitness by 2.7858797491120413e-9 to 0.9961812131931689 adjusted 25 weights, 4 biases 
Discovery 56923605 analyze squashes time 276ms found 1 candidate, Summary: 5c377b07-231b-4ce4-95bc-8095dc297aef ArcTan -> Cube improved: 1.1% error: 3.2956994870256857e+22 -> 3.2589384617987433e+22
Training e5c3f285 with 1 binary file, target error: 0.000001, iterations: 1, sample rate: 100%, sparse: 100%
Fine tuning increased fitness by 3.929230607546685e-9 to 0.9961812171223995 adjusted 25 weights, 4 biases 
Discovery e5c3f285 with 1 binary files, sample rate: 100%, batch size: 512
Discovery e5c3f285 initialize time 82ms
Discovery e5c3f285 processing .trainData-fx_c_88/AUDJPY/data.bin
Over populated 54, expected 50.
Discovery e5c3f285 read time 5ms for .trainData-fx_c_88/AUDJPY/data.bin with 3041 records
Discovery e5c3f285 scanning time 1s 42ms
Training 107eefde with 1 binary file, target error: 0.000001, iterations: 1, sample rate: 100%, sparse: 100%
Fine tuning increased fitness by 3.882640209340593e-9 to 0.9961812210050397 adjusted 25 weights, 4 biases 
Discovery e5c3f285 recorded time 1s 748ms
Training 1b7004b0 with 1 binary file, target error: 0.000001, iterations: 1, sample rate: 100%, sparse: 100%
Fine tuning increased fitness by 2.2882946648650204e-9 to 0.9961812232933344 adjusted 25 weights, 4 biases 
Training f3890505 with 1 binary file, target error: 0.000001, iterations: 1, sample rate: 100%, sparse: 100%
Training 4b40415d with 1 binary file, target error: 0.000001, iterations: 1, sample rate: 100%, sparse: 100%
Fine tuning increased fitness by 2.725396575087302e-10 to 0.9961812236989125 adjusted 3 weights 
Training af775be2 with 1 binary file, target error: 0.000001, iterations: 1, sample rate: 100%, sparse: 100%
Training 46c5b17b with 1 binary file, target error: 0.000001, iterations: 1, sample rate: 100%, sparse: 100%
Discovered beneficial synapse from input-806 to 5c377b07-231b-4ce4-95bc-8095dc297aef with weight -1.0000, helping 20.1% more records than it harms (1826/3041)
Discovery e5c3f285 analyze time 6s 986ms found 1 candidates
Discovered harmful synapse from input-1501 to 5c377b07-231b-4ce4-95bc-8095dc297aef, harming 10.6% more records than it helps (1358/3041)
Discovery e5c3f285 analyze harmful time 195ms found 1 candidates
Discovery e5c3f285 analyze squashes time 292ms found 1 candidate, Summary: 5c377b07-231b-4ce4-95bc-8095dc297aef ArcTan -> Cube improved: 1.1% error: 3.29204571819307e+22 -> 3.2552810193715026e+22
Training efbb6731 with 1 binary file, target error: 0.000001, iterations: 1, sample rate: 100%, sparse: 100%
Discovery efbb6731 with 1 binary files, sample rate: 100%, batch size: 512
Discovery efbb6731 initialize time 88ms
Discovery efbb6731 processing .trainData-fx_c_88/AUDJPY/data.bin
Discovery efbb6731 read time 7ms for .trainData-fx_c_88/AUDJPY/data.bin with 3041 records
Over populated 56, expected 50.
Discovery efbb6731 scanning time 1s 55ms
Training dbaa2737 with 1 binary file, target error: 0.000001, iterations: 1, sample rate: 100%, sparse: 100%
Discovery efbb6731 recorded time 1s 834ms
Generation 30 score 0.996181296608444  error 0.0038084224002101516 avg time 1s 484ms
Training e292788f with 1 binary file, target error: 0.000001, iterations: 1, sample rate: 100%, sparse: 100%
Fine tuning increased fitness by 2.5388104729628935e-8 to 0.9961813219965487 adjusted 1 weight 
Training 2b6f85de with 1 binary file, target error: 0.000001, iterations: 1, sample rate: 100%, sparse: 100%
Training 25eb16d6 with 1 binary file, target error: 0.000001, iterations: 1, sample rate: 100%, sparse: 100%
Training 50c8d259 with 1 binary file, target error: 0.000001, iterations: 1, sample rate: 100%, sparse: 100%
Discovered beneficial synapse from input-806 to 5c377b07-231b-4ce4-95bc-8095dc297aef with weight -1.0000, helping 20.4% more records than it harms (1830/3041)
Discovery efbb6731 analyze time 6s 437ms found 1 candidates
Discovered harmful synapse from input-1501 to 5c377b07-231b-4ce4-95bc-8095dc297aef, harming 10.7% more records than it helps (1356/3041)
Discovery efbb6731 analyze harmful time 205ms found 1 candidates
Discovery efbb6731 analyze squashes time 326ms found 1 candidate, Summary: 5c377b07-231b-4ce4-95bc-8095dc297aef ArcTan -> Cube improved: 1.1% error: 3.3322371753521137e+22 -> 3.295426418115633e+22
Training 4350a153 with 1 binary file, target error: 0.000001, iterations: 1, sample rate: 100%, sparse: 100%
Training bf335b30 with 1 binary file, target error: 0.000001, iterations: 1, sample rate: 100%, sparse: 100%
Discovery bf335b30 with 1 binary files, sample rate: 100%, batch size: 512
Discovery bf335b30 initialize time 82ms
Discovery bf335b30 processing .trainData-fx_c_88/AUDJPY/data.bin
Discovery bf335b30 read time 4ms for .trainData-fx_c_88/AUDJPY/data.bin with 3041 records
Over populated 53, expected 50.
Discovery bf335b30 scanning time 910ms
Training b560772a with 1 binary file, target error: 0.000001, iterations: 1, sample rate: 100%, sparse: 100%
Discovery bf335b30 recorded time 1s 655ms
Training 9d9840d9 with 1 binary file, target error: 0.000001, iterations: 1, sample rate: 100%, sparse: 100%
Training ef4425fb with 1 binary file, target error: 0.000001, iterations: 1, sample rate: 100%, sparse: 100%
Training c2f873dc with 1 binary file, target error: 0.000001, iterations: 1, sample rate: 100%, sparse: 100%
Fine tuning increased fitness by 5.112670398155217e-9 to 0.9961819523906937 adjusted 100 weights, 4 biases 
Generation 40 score 0.9961819523906937  error 0.0038077466179788026 avg time 1s 451ms
Training 4ac7bcb2 with 1 binary file, target error: 0.000001, iterations: 1, sample rate: 100%, sparse: 100%
Training 104c33b8 with 1 binary file, target error: 0.000001, iterations: 1, sample rate: 100%, sparse: 100%
Discovered beneficial synapse from input-806 to 5c377b07-231b-4ce4-95bc-8095dc297aef with weight -1.0000, helping 20.1% more records than it harms (1826/3041)
Discovery bf335b30 analyze time 6s 839ms found 1 candidates
Fine tuning increased fitness by 2.6949978693124876e-8 to 0.9961820490189633 adjusted 114 weights, 5 biases 
Discovered harmful synapse from input-1501 to 5c377b07-231b-4ce4-95bc-8095dc297aef, harming 10.6% more records than it helps (1358/3041)
Discovery bf335b30 analyze harmful time 196ms found 1 candidates
Discovery bf335b30 analyze squashes time 283ms found 1 candidate, Summary: 5c377b07-231b-4ce4-95bc-8095dc297aef ArcTan -> Cube improved: 1.1% error: 3.303007025409345e+22 -> 3.266242088936303e+22
Remove neuron 805ca1b1-fb0e-4b39-9fd9-c7dcfbd8883d as no longer connected
Training 7aa68a3a with 1 binary file, target error: 0.000001, iterations: 1, sample rate: 100%, sparse: 100%
Fine tuning increased fitness by 2.9766996645363974e-9 to 0.996182051995663 adjusted 114 weights, 5 biases 
Discovery 7aa68a3a with 1 binary files, sample rate: 100%, batch size: 512
Discovery 7aa68a3a initialize time 79ms
Discovery 7aa68a3a processing .trainData-fx_c_88/AUDJPY/data.bin
Discovery 7aa68a3a read time 8ms for .trainData-fx_c_88/AUDJPY/data.bin with 3041 records
Over populated 53, expected 50.
Discovery 7aa68a3a scanning time 1s 33ms
Training dbaa44ab with 1 binary file, target error: 0.000001, iterations: 1, sample rate: 100%, sparse: 100%
Discovery 7aa68a3a recorded time 1s 654ms
Training e5646afc with 1 binary file, target error: 0.000001, iterations: 1, sample rate: 100%, sparse: 100%
Fine tuning increased fitness by 4.582381718520878e-8 to 0.99618213915589 adjusted 114 weights, 5 biases 
Training 6b138fe1 with 1 binary file, target error: 0.000001, iterations: 1, sample rate: 100%, sparse: 100%
Fine tuning increased fitness by 6.735984092731684e-8 to 0.996182206515731 adjusted 102 weights, 4 biases 
Training 84215a6b with 1 binary file, target error: 0.000001, iterations: 1, sample rate: 100%, sparse: 100%
Fine tuning increased fitness by 4.538144171561953e-8 to 0.9961822518971727 adjusted 99 weights, 4 biases 
Training e146771f with 1 binary file, target error: 0.000001, iterations: 1, sample rate: 100%, sparse: 100%
Fine tuning increased fitness by 3.3199275439876885e-8 to 0.9961822850964481 adjusted 99 weights, 4 biases 
Discovered beneficial synapse from input-806 to 5c377b07-231b-4ce4-95bc-8095dc297aef with weight -1.0000, helping 20.1% more records than it harms (1826/3041)
Discovery 7aa68a3a analyze time 6s 797ms found 1 candidates
Training df9f0cc7 with 1 binary file, target error: 0.000001, iterations: 1, sample rate: 100%, sparse: 100%
Fine tuning increased fitness by 2.944142385441495e-8 to 0.996182314537872 adjusted 99 weights, 4 biases 
Discovered harmful synapse from input-1501 to 5c377b07-231b-4ce4-95bc-8095dc297aef, harming 10.5% more records than it helps (1360/3041)
Discovery 7aa68a3a analyze harmful time 209ms found 1 candidates
Discovery 7aa68a3a analyze squashes time 273ms found 1 candidate, Summary: 5c377b07-231b-4ce4-95bc-8095dc297aef ArcTan -> Cube improved: 1.1% error: 3.3249296376868144e+22 -> 3.2881191174677285e+22
Training 04357fcb with 1 binary file, target error: 0.000001, iterations: 1, sample rate: 100%, sparse: 100%
Fine tuning increased fitness by 2.035545554335272e-8 to 0.9961823348933275 adjusted 99 weights, 4 biases 
Discovery 04357fcb with 1 binary files, sample rate: 100%, batch size: 512
Discovery 04357fcb initialize time 87ms
Discovery 04357fcb processing .trainData-fx_c_88/AUDJPY/data.bin
Discovery 04357fcb read time 2ms for .trainData-fx_c_88/AUDJPY/data.bin with 3041 records
Over populated 54, expected 50.
Generation 50 score 0.9961823348933275  error 0.003807354115354191 avg time 1s 456ms
Discovery 04357fcb scanning time 947ms
Training 88c7880e with 1 binary file, target error: 0.000001, iterations: 1, sample rate: 100%, sparse: 100%
Fine tuning increased fitness by 1.5940844977357926e-8 to 0.9961823508341725 adjusted 99 weights, 4 biases 
Discovery 04357fcb recorded time 1s 688ms
Training 29b9a54e with 1 binary file, target error: 0.000001, iterations: 1, sample rate: 100%, sparse: 100%
Fine tuning increased fitness by 7.260655854324227e-9 to 0.9961823580948284 adjusted 99 weights, 4 biases 
Training 5b1eb29a with 1 binary file, target error: 0.000001, iterations: 1, sample rate: 100%, sparse: 100%
Training 9cabbb72 with 1 binary file, target error: 0.000001, iterations: 1, sample rate: 100%, sparse: 100%
Fine tuning increased fitness by 6.262419360858473e-9 to 0.9961823643572477 adjusted 98 weights, 4 biases 
Training 844e5da3 with 1 binary file, target error: 0.000001, iterations: 1, sample rate: 100%, sparse: 100%
Fine tuning increased fitness by 1.6126166402230524e-8 to 0.9961823804834141 adjusted 98 weights, 4 biases 
Discovered beneficial synapse from input-781 to 5c377b07-231b-4ce4-95bc-8095dc297aef with weight 1.0000, helping 20.6% more records than it harms (1834/3041)
Discovery 04357fcb analyze time 6s 841ms found 1 candidates
Training 9798143c with 1 binary file, target error: 0.000001, iterations: 1, sample rate: 100%, sparse: 100%
Fine tuning increased fitness by 1.1505534636135906e-8 to 0.9961823919889488 adjusted 98 weights, 4 biases 
Discovered harmful synapse from input-1501 to 5c377b07-231b-4ce4-95bc-8095dc297aef, harming 11.3% more records than it helps (1347/3041)
Discovery 04357fcb analyze harmful time 200ms found 1 candidates
Discovery 04357fcb analyze squashes time 265ms found 1 candidate, Summary: 5c377b07-231b-4ce4-95bc-8095dc297aef ArcTan -> Cube improved: 1.1% error: 3.2883919500788833e+22 -> 3.2517227763572868e+22
Training 1cea0555 with 1 binary file, target error: 0.000001, iterations: 1, sample rate: 100%, sparse: 100%
Fine tuning increased fitness by 3.684425831096405e-8 to 0.9961824288332071 adjusted 98 weights, 4 biases 
Discovery 1cea0555 with 1 binary files, sample rate: 100%, batch size: 512
Discovery 1cea0555 initialize time 86ms
Discovery 1cea0555 processing .trainData-fx_c_88/AUDJPY/data.bin
Discovery 1cea0555 read time 3ms for .trainData-fx_c_88/AUDJPY/data.bin with 3041 records
Over populated 53, expected 50.
Discovery 1cea0555 scanning time 924ms
Training a6d645cd with 1 binary file, target error: 0.000001, iterations: 1, sample rate: 100%, sparse: 100%
Fine tuning increased fitness by 3.0856146304714116e-8 to 0.9961824596893534 adjusted 98 weights, 4 biases 
Discovery 1cea0555 recorded time 1s 684ms
Remove neuron 5c377b07-231b-4ce4-95bc-8095dc297aef as no longer connected
Training cbe056cf with 1 binary file, target error: 0.000001, iterations: 1, sample rate: 100%, sparse: 100%
Training 2b2ad138 with 1 binary file, target error: 0.000001, iterations: 1, sample rate: 100%, sparse: 100%
Generation 60 score 0.9961824596893534  error 0.0038072293193282844 avg time 1s 457ms
Training 6f8a8df8 with 1 binary file, target error: 0.000001, iterations: 1, sample rate: 100%, sparse: 100%
Training 1811564a with 1 binary file, target error: 0.000001, iterations: 1, sample rate: 100%, sparse: 100%
Discovered beneficial synapse from input-781 to 5c377b07-231b-4ce4-95bc-8095dc297aef with weight 1.0000, helping 20.9% more records than it harms (1839/3041)
Discovery 1cea0555 analyze time 6s 418ms found 1 candidates
Discovered harmful synapse from input-1501 to 5c377b07-231b-4ce4-95bc-8095dc297aef, harming 11.4% more records than it helps (1346/3041)
Discovery 1cea0555 analyze harmful time 225ms found 1 candidates
Training 2cc3fbfd with 1 binary file, target error: 0.000001, iterations: 1, sample rate: 100%, sparse: 100%
Fine tuning increased fitness by 6.117889472800897e-8 to 0.996182567863435 adjusted 97 weights, 4 biases 
Discovery 1cea0555 analyze squashes time 324ms found 1 candidate, Summary: 5c377b07-231b-4ce4-95bc-8095dc297aef ArcTan -> Cube improved: 1.1% error: 3.3103145637930053e+22 -> 3.2745631628148165e+22
Training 246db694 with 1 binary file, target error: 0.000001, iterations: 1, sample rate: 100%, sparse: 100%
Fine tuning increased fitness by 7.969446658151469e-8 to 0.9961826475579015 adjusted 97 weights, 4 biases 
Discovery 246db694 with 1 binary files, sample rate: 100%, batch size: 512
Discovery 246db694 initialize time 84ms
Discovery 246db694 processing .trainData-fx_c_88/AUDJPY/data.bin
Discovery 246db694 read time 4ms for .trainData-fx_c_88/AUDJPY/data.bin with 3041 records
Over populated 52, expected 50.
Discovery 246db694 scanning time 987ms
Training 1395dada with 1 binary file, target error: 0.000001, iterations: 1, sample rate: 100%, sparse: 100%
Fine tuning increased fitness by 7.70196154631364e-8 to 0.996182724577517 adjusted 97 weights, 4 biases 
Discovery 246db694 recorded time 1s 776ms
Training 13d95219 with 1 binary file, target error: 0.000001, iterations: 1, sample rate: 100%, sparse: 100%
Fine tuning increased fitness by 5.42709226447613e-8 to 0.9961827788484396 adjusted 97 weights, 4 biases 
Training 24f01aea with 1 binary file, target error: 0.000001, iterations: 1, sample rate: 100%, sparse: 100%
Training 0f694387 with 1 binary file, target error: 0.000001, iterations: 1, sample rate: 100%, sparse: 100%
Training 22b72d4f with 1 binary file, target error: 0.000001, iterations: 1, sample rate: 100%, sparse: 100%
Training 353e08d6 with 1 binary file, target error: 0.000001, iterations: 1, sample rate: 100%, sparse: 100%
Discovered beneficial synapse from input-781 to 5c377b07-231b-4ce4-95bc-8095dc297aef with weight 1.0000, helping 20.7% more records than it harms (1836/3041)
Discovery 246db694 analyze time 6s 779ms found 1 candidates
Fine tuning increased fitness by 4.8203353086861966e-8 to 0.9961831400349686 adjusted 97 weights, 4 biases 
Discovered harmful synapse from input-1501 to 5c377b07-231b-4ce4-95bc-8095dc297aef, harming 11.3% more records than it helps (1347/3041)
Discovery 246db694 analyze harmful time 195ms found 1 candidates
Discovery 246db694 analyze squashes time 254ms found 1 candidate, Summary: 5c377b07-231b-4ce4-95bc-8095dc297aef ArcTan -> Cube improved: 1.1% error: 3.30666079424203e+22 -> 3.269984910341411e+22
Generation 70 score 0.9961831400349686  error 0.003806548973713078 avg time 1s 448ms
Training d03b199d with 1 binary file, target error: 0.000001, iterations: 1, sample rate: 100%, sparse: 100%
Discovery d03b199d with 1 binary files, sample rate: 100%, batch size: 512
Discovery d03b199d initialize time 83ms
Discovery d03b199d processing .trainData-fx_c_88/AUDJPY/data.bin
Discovery d03b199d read time 3ms for .trainData-fx_c_88/AUDJPY/data.bin with 3041 records
Over populated 53, expected 50.
Discovery d03b199d scanning time 925ms
Training 9b1478bb with 1 binary file, target error: 0.000001, iterations: 1, sample rate: 100%, sparse: 100%
Discovery d03b199d recorded time 1s 673ms
Training 1bb0d324 with 1 binary file, target error: 0.000001, iterations: 1, sample rate: 100%, sparse: 100%
Training 66704299 with 1 binary file, target error: 0.000001, iterations: 1, sample rate: 100%, sparse: 100%
Training 64a52d18 with 1 binary file, target error: 0.000001, iterations: 1, sample rate: 100%, sparse: 100%
Fine tuning increased fitness by 2.1897672786153066e-8 to 0.996183298804757 adjusted 3 weights, 1 bias 
Training d883c99f with 1 binary file, target error: 0.000001, iterations: 1, sample rate: 100%, sparse: 100%
Fine tuning increased fitness by 1.3217718031199865e-9 to 0.9961833001265288 adjusted 3 weights, 1 bias 
Discovered beneficial synapse from input-376 to 5c377b07-231b-4ce4-95bc-8095dc297aef with weight 1.0000, helping 20.2% more records than it harms (1827/3041)
Discovery d03b199d analyze time 6s 263ms found 1 candidates
Discovery d03b199d analyze harmful time 203ms found 0 candidates
Training 922ff4f5 with 1 binary file, target error: 0.000001, iterations: 1, sample rate: 100%, sparse: 100%
Discovery d03b199d analyze squashes time 301ms found 1 candidate, Summary: 5c377b07-231b-4ce4-95bc-8095dc297aef ArcTan -> Cube improved: 1.2% error: 2.3429792639223706e+22 -> 2.3147459511875222e+22
Training b81e31b5 with 1 binary file, target error: 0.000001, iterations: 1, sample rate: 100%, sparse: 100%
Discovery b81e31b5 with 1 binary files, sample rate: 100%, batch size: 512
Discovery b81e31b5 initialize time 84ms
Discovery b81e31b5 processing .trainData-fx_c_88/AUDJPY/data.bin
Discovery b81e31b5 read time 3ms for .trainData-fx_c_88/AUDJPY/data.bin with 3041 records
Discovery b81e31b5 scanning time 924ms
Training 94c4ae1a with 1 binary file, target error: 0.000001, iterations: 1, sample rate: 100%, sparse: 100%
Discovery b81e31b5 recorded time 1s 656ms
Training 182425c1 with 1 binary file, target error: 0.000001, iterations: 1, sample rate: 100%, sparse: 100%
Generation 80 score 0.9961833044527526  error 0.0038063945559199223 avg time 1s 410ms
Training 6af57b88 with 1 binary file, target error: 0.000001, iterations: 1, sample rate: 100%, sparse: 100%
Training 4e778553 with 1 binary file, target error: 0.000001, iterations: 1, sample rate: 100%, sparse: 100%
Training ffec3099 with 1 binary file, target error: 0.000001, iterations: 1, sample rate: 100%, sparse: 100%
Discovered beneficial synapse from input-376 to 5c377b07-231b-4ce4-95bc-8095dc297aef with weight 1.0000, helping 20.4% more records than it harms (1830/3041)
Discovery b81e31b5 analyze time 5s 961ms found 1 candidates
Discovery b81e31b5 analyze harmful time 214ms found 0 candidates
Training 3b637384 with 1 binary file, target error: 0.000001, iterations: 1, sample rate: 100%, sparse: 100%
Discovery b81e31b5 analyze squashes time 310ms found 1 candidate, Summary: 5c377b07-231b-4ce4-95bc-8095dc297aef ArcTan -> Cube improved: 1.2% error: 2.3512002437957812e+22 -> 2.3230132818673177e+22
Remove neuron 7cbab3bb-567a-4c33-ad6f-3630bdca5754 as no longer connected
Training 0150353b with 1 binary file, target error: 0.000001, iterations: 1, sample rate: 100%, sparse: 100%
Discovery 0150353b with 1 binary files, sample rate: 100%, batch size: 512
Discovery 0150353b initialize time 90ms
Discovery 0150353b processing .trainData-fx_c_88/AUDJPY/data.bin
Discovery 0150353b read time 4ms for .trainData-fx_c_88/AUDJPY/data.bin with 3041 records
Over populated 52, expected 50.
Discovery 0150353b scanning time 932ms
Training 29442ce2 with 1 binary file, target error: 0.000001, iterations: 1, sample rate: 100%, sparse: 100%
Discovery 0150353b recorded time 1s 699ms
Training 318be0d4 with 1 binary file, target error: 0.000001, iterations: 1, sample rate: 100%, sparse: 100%
Training ee277942 with 1 binary file, target error: 0.000001, iterations: 1, sample rate: 100%, sparse: 100%
Fine tuning increased fitness by 1.60965639595112e-7 to 0.9961836443597416 adjusted 29 weights 
Training 2d95850f with 1 binary file, target error: 0.000001, iterations: 1, sample rate: 100%, sparse: 100%
Fine tuning increased fitness by 1.1325283311158785e-7 to 0.9961837576125747 adjusted 29 weights 
Training bed8c42a with 1 binary file, target error: 0.000001, iterations: 1, sample rate: 100%, sparse: 100%
Fine tuning increased fitness by 4.053261404290964e-8 to 0.9961837981451888 adjusted 29 weights 
Discovered beneficial synapse from input-376 to 5c377b07-231b-4ce4-95bc-8095dc297aef with weight 1.0000, helping 20.4% more records than it harms (1830/3041)
Discovery 0150353b analyze time 6s 36ms found 1 candidates
Discovery 0150353b analyze harmful time 189ms found 0 candidates
Generation 90 score 0.9961837981451888  error 0.00380589086349289 avg time 1s 412ms
Discovery 0150353b analyze squashes time 317ms found 1 candidate, Summary: 5c377b07-231b-4ce4-95bc-8095dc297aef ArcTan -> Cube improved: 1.2% error: 2.3512002437957816e+22 -> 2.3230132401459933e+22
Training 1632b74a with 1 binary file, target error: 0.000001, iterations: 1, sample rate: 100%, sparse: 100%
Fine tuning increased fitness by 4.5911107582341515e-8 to 0.9961838440562963 adjusted 29 weights 
Discovery 1632b74a with 1 binary files, sample rate: 100%, batch size: 512
Discovery 1632b74a initialize time 81ms
Discovery 1632b74a processing .trainData-fx_c_88/AUDJPY/data.bin
Discovery 1632b74a read time 5ms for .trainData-fx_c_88/AUDJPY/data.bin with 3041 records
Discovery 1632b74a scanning time 949ms
Training 926c4f19 with 1 binary file, target error: 0.000001, iterations: 1, sample rate: 100%, sparse: 100%
Discovery 1632b74a recorded time 1s 617ms
Training 348240fb with 1 binary file, target error: 0.000001, iterations: 1, sample rate: 100%, sparse: 100%
Fine tuning increased fitness by 6.392436335822538e-8 to 0.9961839883123692 adjusted 29 weights, 1 bias 
Training 6b7b9bbd with 1 binary file, target error: 0.000001, iterations: 1, sample rate: 100%, sparse: 100%
Training e13f6707 with 1 binary file, target error: 0.000001, iterations: 1, sample rate: 100%, sparse: 100%
Fine tuning increased fitness by 5.567742999978975e-8 to 0.9961841025785251 adjusted 29 weights, 1 bias 
Training c49ba328 with 1 binary file, target error: 0.000001, iterations: 1, sample rate: 100%, sparse: 100%
Fine tuning increased fitness by 6.025404331033712e-8 to 0.9961841628325684 adjusted 29 weights, 1 bias 
Discovered beneficial synapse from input-376 to 5c377b07-231b-4ce4-95bc-8095dc297aef with weight 1.0000, helping 20.4% more records than it harms (1831/3041)
Discovery 1632b74a analyze time 6s 263ms found 1 candidates
Training 8551f460 with 1 binary file, target error: 0.000001, iterations: 1, sample rate: 100%, sparse: 100%
Fine tuning increased fitness by 5.390833823781804e-8 to 0.9961842167409066 adjusted 29 weights, 1 bias 
Discovery 1632b74a analyze harmful time 190ms found 0 candidates
Discovery 1632b74a analyze squashes time 251ms found 1 candidate, Summary: 5c377b07-231b-4ce4-95bc-8095dc297aef ArcTan -> Cube improved: 1.2% error: 2.34297926392237e+22 -> 2.314794703219749e+22
Discovery 0c445a8b with 1 binary files, sample rate: 100%, batch size: 512
Discovery 0c445a8b initialize time 78ms
Discovery 0c445a8b processing .trainData-fx_c_88/AUDJPY/data.bin
Discovery 0c445a8b read time 6ms for .trainData-fx_c_88/AUDJPY/data.bin with 3041 records
Discovery 0c445a8b scanning time 871ms
Training f0c882e9 with 1 binary file, target error: 0.000001, iterations: 1, sample rate: 100%, sparse: 100%
Fine tuning increased fitness by 2.9109574750663114e-9 to 0.9961843159173155 adjusted 282 weights, 2 biases 
Discovery 0c445a8b recorded time 1s 627ms
Training 71592eb2 with 1 binary file, target error: 0.000001, iterations: 1, sample rate: 100%, sparse: 100%
Fine tuning increased fitness by 1.3315927471779787e-8 to 0.996184329233243 adjusted 277 weights, 2 biases 
Generation 100 score 0.996184329233243  error 0.003805359775438995 avg time 1s 384ms
Training 4d8f0fc7 with 1 binary file, target error: 0.000001, iterations: 1, sample rate: 100%, sparse: 100%
Training 3e1ded4c with 1 binary file, target error: 0.000001, iterations: 1, sample rate: 100%, sparse: 100%
Training 8193903b with 1 binary file, target error: 0.000001, iterations: 1, sample rate: 100%, sparse: 100%
Fine tuning increased fitness by 3.545554005945917e-8 to 0.9961844009917386 adjusted 278 weights, 2 biases 
Discovered beneficial synapse from input-376 to 5c377b07-231b-4ce4-95bc-8095dc297aef with weight 1.0000, helping 20.7% more records than it harms (1835/3041)
Discovery 0c445a8b analyze time 6s 274ms found 1 candidates
Discovery 0c445a8b analyze harmful time 184ms found 0 candidates
Discovery 0c445a8b analyze squashes time 278ms found 1 candidate, Summary: 5c377b07-231b-4ce4-95bc-8095dc297aef ArcTan -> Cube improved: 1.2% error: 2.34297926392237e+22 -> 2.314775477757398e+22
Training ed510ded with 1 binary file, target error: 0.000001, iterations: 1, sample rate: 100%, sparse: 100%
Fine tuning increased fitness by 5.1608437523498196e-8 to 0.9961844526001761 adjusted 257 weights, 2 biases 
Discovery ed510ded with 1 binary files, sample rate: 100%, batch size: 512
Discovery ed510ded initialize time 85ms
Discovery ed510ded processing .trainData-fx_c_88/AUDJPY/data.bin
Discovery ed510ded read time 5ms for .trainData-fx_c_88/AUDJPY/data.bin with 3041 records
Discovery ed510ded scanning time 969ms
Fine tuning increased fitness by 3.657852720717614e-8 to 0.9961844891787033 adjusted 257 weights, 2 biases 
Discovery ed510ded recorded time 1s 714ms
Fine tuning increased fitness by 4.4417017952547155e-8 to 0.9961845335957212 adjusted 249 weights, 2 biases 
Remove neuron 858f62f8-36a1-4c42-9dc7-6e7701531431 as no longer connected
Fine tuning increased fitness by 1.400421373309868e-7 to 0.9961846736378586 adjusted 249 weights, 2 biases 
Fine tuning increased fitness by 2.680763635520833e-7 to 0.9961849417142221 adjusted 245 weights, 2 biases 
Discovered beneficial synapse from input-376 to 5c377b07-231b-4ce4-95bc-8095dc297aef with weight 1.0000, helping 20.7% more records than it harms (1836/3041)
Discovery ed510ded analyze time 6s 213ms found 1 candidates
Discovery ed510ded analyze harmful time 185ms found 0 candidates
Discovery ed510ded analyze squashes time 296ms found 1 candidate, Summary: 5c377b07-231b-4ce4-95bc-8095dc297aef ArcTan -> Cube improved: 1.2% error: 2.334758284048959e+22 -> 2.306574809418999e+22
Fine tuning increased fitness by 4.2572842595678395e-7 to 0.9961858268886765 adjusted 237 weights, 2 biases 
Generation 110 score 0.9961858268886765  error 0.0038038621200053285 avg time 1s 463ms
Fine tuning increased fitness by 0.0000017340457652004204 to 0.996188599564504 adjusted 226 weights, 2 biases 
Fine tuning increased fitness by 9.013220693132595e-7 to 0.9961905623058727 adjusted 226 weights, 2 biases 
Fine tuning increased fitness by 0.0000014004526612820811 to 0.9961944402674346 adjusted 220 weights, 1 bias 
Fine tuning increased fitness by 9.34048961953593e-7 to 0.9961953743163966 adjusted 220 weights, 1 bias 
Fine tuning increased fitness by 0.0000010660942468820878 to 0.9961965662723635 adjusted 218 weights, 1 bias 
Generation 120 score 0.9961965662723635  error 0.0037931227363175507 avg time 1s 361ms
Fine tuning increased fitness by 0.0000017116022923424623 to 0.9961982778746559 adjusted 218 weights, 1 bias 
Fine tuning increased fitness by 7.131259475157137e-7 to 0.9961989910006034 adjusted 218 weights, 1 bias 
Fine tuning increased fitness by 2.840530083370041e-7 to 0.9961996865223919 adjusted 218 weights, 1 bias 
Fine tuning increased fitness by 4.920981498957033e-7 to 0.9962001786205418 adjusted 218 weights, 1 bias 
Generation 126 score 0.9962010448168007  error 0.0037886441918804537 avg time 771ms
{
  error: 0.0037886441918804537,
  score: 0.9962010448168007,
  generation: 126,
  time: 180685
}

=== Processing AUDCNY (4/10) ===
7 mutations, mutation rate 5.0%, elitism 2, mutation FFW, selection FITNESS_PROPORTIONATE
Creature count: 48
Training 0279c0dd with 1 binary file, target error: 0.000001, iterations: 1, sample rate: 100%, sparse: 100%
Discovery 0279c0dd with 1 binary files, sample rate: 100%, batch size: 512
Discovery 0279c0dd initialize time 88ms
Discovery 0279c0dd processing .trainData-fx_c_88/AUDCNY/data.bin
Discovery 0279c0dd read time 5ms for .trainData-fx_c_88/AUDCNY/data.bin with 3359 records
Discovery 0279c0dd scanning time 1s 11ms
Training 951a5fb3 with 1 binary file, target error: 0.000001, iterations: 1, sample rate: 100%, sparse: 100%
Fine tuning increased fitness by 1.5507268580350342e-8 to 0.9973678744942212 adjusted 2 weights 
Discovery 0279c0dd recorded time 1s 759ms
Training bfcd1519 with 1 binary file, target error: 0.000001, iterations: 1, sample rate: 100%, sparse: 100%
Training 8581ff1f with 1 binary file, target error: 0.000001, iterations: 1, sample rate: 100%, sparse: 100%
Training 951a5fb3 increased fitness by 1.5895199600990395e-9 to 0.9973678760837411
Training 2c9f8ffa with 1 binary file, target error: 0.000001, iterations: 1, sample rate: 100%, sparse: 100%
Training 41a2d8e6 with 1 binary file, target error: 0.000001, iterations: 1, sample rate: 100%, sparse: 100%
Fine tuning increased fitness by 3.1263042155060816e-9 to 0.9973678826229464 adjusted 352 weights, 8 biases 
Over populated 52, expected 50.
Training 1e4743c3 with 1 binary file, target error: 0.000001, iterations: 1, sample rate: 100%, sparse: 100%
Training de607328 with 1 binary file, target error: 0.000001, iterations: 1, sample rate: 100%, sparse: 100%
Fine tuning increased fitness by 7.578146776765493e-9 to 0.9973678943774809 adjusted 520 weights, 9 biases 
Over populated 52, expected 50.
Training 4efe87ce with 1 binary file, target error: 0.000001, iterations: 1, sample rate: 100%, sparse: 100%
Over populated 52, expected 50.
Discovered beneficial synapse from input-862 to output-0 with weight -1.0000, helping 45.6% more records than it harms (1610/3359)
Discovery 0279c0dd analyze time 10s 776ms found 1 candidates
Training 989143ce with 1 binary file, target error: 0.000001, iterations: 1, sample rate: 100%, sparse: 100%
Fine tuning increased fitness by 1.6117984058539037e-8 to 0.9973679187636281 adjusted 513 weights, 10 biases 
Discovered harmful synapse from input-11 to output-0, harming 45.2% more records than it helps (86/3359)
Discovery 0279c0dd analyze harmful time 574ms found 1 candidates
Discovery 0279c0dd analyze squashes time 606ms found 1 candidate, Summary: output-2 LeakyReLU -> LogSigmoid improved: 15.7% error: 26.0709 -> 21.9777
Over populated 52, expected 50.
Generation 10 score 0.9973679187636281  error 0.0026233803949609114 avg time 1s 467ms
Training c643c6be with 1 binary file, target error: 0.000001, iterations: 1, sample rate: 100%, sparse: 100%
Fine tuning increased fitness by 1.5145166010199773e-8 to 0.9973679339087941 adjusted 509 weights, 10 biases 
Discovery c643c6be with 1 binary files, sample rate: 100%, batch size: 512
Discovery c643c6be initialize time 86ms
Discovery c643c6be processing .trainData-fx_c_88/AUDCNY/data.bin
Over populated 55, expected 50.
Discovery c643c6be read time 7ms for .trainData-fx_c_88/AUDCNY/data.bin with 3359 records
Discovery c643c6be scanning time 1s 39ms
Training 5d541012 with 1 binary file, target error: 0.000001, iterations: 1, sample rate: 100%, sparse: 100%
Fine tuning increased fitness by 3.077262489270538e-8 to 0.997367964681419 adjusted 509 weights, 10 biases 
Discovery c643c6be recorded time 1s 802ms
Training ec59389c with 1 binary file, target error: 0.000001, iterations: 1, sample rate: 100%, sparse: 100%
Fine tuning increased fitness by 1.7131743912379704e-8 to 0.9973679818131629 adjusted 505 weights, 10 biases 
Over populated 52, expected 50.
Training f0f44006 with 1 binary file, target error: 0.000001, iterations: 1, sample rate: 100%, sparse: 100%
Over populated 52, expected 50.
Training 73fa37bd with 1 binary file, target error: 0.000001, iterations: 1, sample rate: 100%, sparse: 100%
Over populated 52, expected 50.
Training ce38e222 with 1 binary file, target error: 0.000001, iterations: 1, sample rate: 100%, sparse: 100%
Fine tuning increased fitness by 7.96722943174899e-8 to 0.9973681208404122 adjusted 505 weights, 9 biases 
Over populated 52, expected 50.
Training c6d4fc2d with 1 binary file, target error: 0.000001, iterations: 1, sample rate: 100%, sparse: 100%
Fine tuning increased fitness by 4.0262509104493915e-8 to 0.9973681611029213 adjusted 505 weights, 9 biases 
Over populated 52, expected 50.
Training 1922a135 with 1 binary file, target error: 0.000001, iterations: 1, sample rate: 100%, sparse: 100%
Over populated 52, expected 50.
Training a7497125 with 1 binary file, target error: 0.000001, iterations: 1, sample rate: 100%, sparse: 100%
Over populated 52, expected 50.
Discovered beneficial synapse from input-862 to output-0 with weight -1.0000, helping 45.6% more records than it harms (1610/3359)
Discovery c643c6be analyze time 11s 770ms found 1 candidates
Training 556853f8 with 1 binary file, target error: 0.000001, iterations: 1, sample rate: 100%, sparse: 100%
Fine tuning increased fitness by 5.987554907438408e-8 to 0.9973684245186789 adjusted 495 weights, 9 biases 
Discovered harmful synapse from input-11 to output-0, harming 45.2% more records than it helps (86/3359)
Discovery c643c6be analyze harmful time 600ms found 1 candidates
Discovery c643c6be analyze squashes time 711ms found 1 candidate, Summary: output-2 LeakyReLU -> LogSigmoid improved: 15.7% error: 26.0634 -> 21.9739
Over populated 52, expected 50.
Generation 20 score 0.9973684245186789  error 0.0026228746399928394 avg time 1s 564ms
Training 46fb52c2 with 1 binary file, target error: 0.000001, iterations: 1, sample rate: 100%, sparse: 100%
Fine tuning increased fitness by 4.777125051091957e-8 to 0.9973684722899294 adjusted 494 weights, 9 biases 
Discovery 46fb52c2 with 1 binary files, sample rate: 100%, batch size: 512
Discovery 46fb52c2 initialize time 87ms
Discovery 46fb52c2 processing .trainData-fx_c_88/AUDCNY/data.bin
Over populated 56, expected 50.
Discovery 46fb52c2 read time 2ms for .trainData-fx_c_88/AUDCNY/data.bin with 3359 records
Discovery 46fb52c2 scanning time 1s 35ms
Training 1faeb962 with 1 binary file, target error: 0.000001, iterations: 1, sample rate: 100%, sparse: 100%
Fine tuning increased fitness by 1.0910832215493826e-7 to 0.9973685813982516 adjusted 494 weights, 9 biases 
Discovery 46fb52c2 recorded time 1s 838ms
Over populated 52, expected 50.
Training 075aace7 with 1 binary file, target error: 0.000001, iterations: 1, sample rate: 100%, sparse: 100%
Fine tuning increased fitness by 8.88255324849041e-8 to 0.9973686702237841 adjusted 488 weights, 9 biases 
Over populated 52, expected 50.
Training ae929243 with 1 binary file, target error: 0.000001, iterations: 1, sample rate: 100%, sparse: 100%
Over populated 52, expected 50.
Training 66873b6e with 1 binary file, target error: 0.000001, iterations: 1, sample rate: 100%, sparse: 100%
Over populated 52, expected 50.
Training b0887ae6 with 1 binary file, target error: 0.000001, iterations: 1, sample rate: 100%, sparse: 100%
Over populated 52, expected 50.
Training 4da244c9 with 1 binary file, target error: 0.000001, iterations: 1, sample rate: 100%, sparse: 100%
Fine tuning increased fitness by 2.316224754217444e-7 to 0.9973690866554608 adjusted 484 weights, 7 biases 
Over populated 52, expected 50.
Training 76fb9ca0 with 1 binary file, target error: 0.000001, iterations: 1, sample rate: 100%, sparse: 100%
Fine tuning increased fitness by 2.66778937718648e-7 to 0.9973693534343985 adjusted 484 weights, 7 biases 
Over populated 52, expected 50.
Training 340a93f5 with 1 binary file, target error: 0.000001, iterations: 1, sample rate: 100%, sparse: 100%
Over populated 52, expected 50.
Training 31387c48 with 1 binary file, target error: 0.000001, iterations: 1, sample rate: 100%, sparse: 100%
Over populated 52, expected 50.
Generation 30 score 0.9973695446105996  error 0.00262175454819343 avg time 1s 517ms
Training 6165809a with 1 binary file, target error: 0.000001, iterations: 1, sample rate: 100%, sparse: 100%
Fine tuning increased fitness by 1.9136949602760467e-7 to 0.9973697359800956 adjusted 633 weights, 13 biases 
Over populated 52, expected 50.
Training 5d2dfb5e with 1 binary file, target error: 0.000001, iterations: 1, sample rate: 100%, sparse: 100%
Over populated 52, expected 50.
Training 32b2a436 with 1 binary file, target error: 0.000001, iterations: 1, sample rate: 100%, sparse: 100%
Discovered beneficial synapse from input-862 to output-0 with weight -1.0000, helping 45.6% more records than it harms (1610/3359)
Discovery 46fb52c2 analyze time 16s 763ms found 1 candidates
Over populated 52, expected 50.
Discovered harmful synapse from input-11 to output-0, harming 45.2% more records than it helps (86/3359)
Discovery 46fb52c2 analyze harmful time 620ms found 1 candidates
Discovery 46fb52c2 analyze squashes time 759ms found 1 candidate, Summary: output-2 LeakyReLU -> LogSigmoid improved: 15.7% error: 26.0477 -> 21.9671
Over populated 52, expected 50.
Training 8834b24f with 1 binary file, target error: 0.000001, iterations: 1, sample rate: 100%, sparse: 100%
Discovery 8834b24f with 1 binary files, sample rate: 100%, batch size: 512
Discovery 8834b24f initialize time 84ms
Discovery 8834b24f processing .trainData-fx_c_88/AUDCNY/data.bin
Discovery 8834b24f read time 10ms for .trainData-fx_c_88/AUDCNY/data.bin with 3359 records
Discovery 8834b24f scanning time 935ms
Over populated 53, expected 50.
Training 939cd64d with 1 binary file, target error: 0.000001, iterations: 1, sample rate: 100%, sparse: 100%
Discovery 8834b24f recorded time 1s 861ms
Over populated 52, expected 50.
Training fec154f5 with 1 binary file, target error: 0.000001, iterations: 1, sample rate: 100%, sparse: 100%
Fine tuning increased fitness by 2.0470914185999334e-8 to 0.9973697859852984 adjusted 319 weights, 6 biases 
Over populated 52, expected 50.
Training 66d11b41 with 1 binary file, target error: 0.000001, iterations: 1, sample rate: 100%, sparse: 100%
Fine tuning increased fitness by 8.687647701233203e-8 to 0.9973698728617754 adjusted 319 weights, 6 biases 
Over populated 52, expected 50.
Training e0988c2b with 1 binary file, target error: 0.000001, iterations: 1, sample rate: 100%, sparse: 100%
Over populated 52, expected 50.
Training db7570b4 with 1 binary file, target error: 0.000001, iterations: 1, sample rate: 100%, sparse: 100%
Fine tuning increased fitness by 1.858390485942607e-8 to 0.9973699595890826 adjusted 403 weights, 7 biases 
Over populated 52, expected 50.
Generation 40 score 0.9973699595890826  error 0.002621339569678055 avg time 1s 555ms
Training 61f506ee with 1 binary file, target error: 0.000001, iterations: 1, sample rate: 100%, sparse: 100%
Fine tuning increased fitness by 1.4731874165008207e-8 to 0.9973699743209568 adjusted 403 weights, 7 biases 
Training 1a77e25c with 1 binary file, target error: 0.000001, iterations: 1, sample rate: 100%, sparse: 100%
Over populated 52, expected 50.
Training a299760c with 1 binary file, target error: 0.000001, iterations: 1, sample rate: 100%, sparse: 100%
Over populated 52, expected 50.
Training adbe7fc8 with 1 binary file, target error: 0.000001, iterations: 1, sample rate: 100%, sparse: 100%
Fine tuning increased fitness by 3.1075306772265776e-9 to 0.9973699920211824 adjusted 132 weights, 3 biases 
Over populated 52, expected 50.
Training 7281e51c with 1 binary file, target error: 0.000001, iterations: 1, sample rate: 100%, sparse: 100%
Fine tuning increased fitness by 3.6701597316834977e-9 to 0.9973699956913421 adjusted 132 weights, 3 biases 
Training 3fc1153c with 1 binary file, target error: 0.000001, iterations: 1, sample rate: 100%, sparse: 100%
Training 8349829c with 1 binary file, target error: 0.000001, iterations: 1, sample rate: 100%, sparse: 100%
Discovered beneficial synapse from input-862 to output-0 with weight -1.0000, helping 45.5% more records than it harms (1609/3359)
Discovery 8834b24f analyze time 17s 243ms found 1 candidates
Discovered harmful synapse from input-11 to output-0, harming 45.3% more records than it helps (83/3359)
Discovery 8834b24f analyze harmful time 562ms found 1 candidates
Training 4875b38e with 1 binary file, target error: 0.000001, iterations: 1, sample rate: 100%, sparse: 100%
Discovery 8834b24f analyze squashes time 475ms found 1 candidate, Summary: output-2 LeakyReLU -> LogSigmoid improved: 15.7% error: 26.0624 -> 21.9791
Training eb24a7f4 with 1 binary file, target error: 0.000001, iterations: 1, sample rate: 100%, sparse: 100%
Discovery eb24a7f4 with 1 binary files, sample rate: 100%, batch size: 512
Discovery eb24a7f4 initialize time 87ms
Discovery eb24a7f4 processing .trainData-fx_c_88/AUDCNY/data.bin
Discovery eb24a7f4 read time 7ms for .trainData-fx_c_88/AUDCNY/data.bin with 3359 records
Over populated 56, expected 50.
Discovery eb24a7f4 scanning time 937ms
Training ada7a894 with 1 binary file, target error: 0.000001, iterations: 1, sample rate: 100%, sparse: 100%
Fine tuning increased fitness by 1.993587105397765e-7 to 0.9973707513289594 adjusted 509 weights, 6 biases 
Discovery eb24a7f4 recorded time 1s 929ms
Generation 50 score 0.9973707513289594  error 0.002620547829794142 avg time 1s 527ms
Training ccda6728 with 1 binary file, target error: 0.000001, iterations: 1, sample rate: 100%, sparse: 100%
Fine tuning increased fitness by 1.0356769619690454e-7 to 0.9973708548966556 adjusted 509 weights, 6 biases 
Over populated 52, expected 50.
Training 547907e4 with 1 binary file, target error: 0.000001, iterations: 1, sample rate: 100%, sparse: 100%
Fine tuning increased fitness by 1.330761711937356e-8 to 0.9973708682042727 adjusted 509 weights, 6 biases 
Over populated 52, expected 50.
Training 2a38b341 with 1 binary file, target error: 0.000001, iterations: 1, sample rate: 100%, sparse: 100%
Fine tuning increased fitness by 2.365006890325816e-8 to 0.9973708918543416 adjusted 509 weights, 6 biases 
Over populated 52, expected 50.
Training c51b7656 with 1 binary file, target error: 0.000001, iterations: 1, sample rate: 100%, sparse: 100%
Training 0555b3f0 with 1 binary file, target error: 0.000001, iterations: 1, sample rate: 100%, sparse: 100%
Over populated 52, expected 50.
Training 3d3027d0 with 1 binary file, target error: 0.000001, iterations: 1, sample rate: 100%, sparse: 100%
Fine tuning increased fitness by 1.4881565424396115e-8 to 0.9973709729515229 adjusted 509 weights, 7 biases 
Training 2810d3fb with 1 binary file, target error: 0.000001, iterations: 1, sample rate: 100%, sparse: 100%
Over populated 52, expected 50.
Training a21e6d2b with 1 binary file, target error: 0.000001, iterations: 1, sample rate: 100%, sparse: 100%
Fine tuning increased fitness by 2.854446901068286e-9 to 0.997370989927559 adjusted 473 weights, 7 biases 
Training 61e7a3cd with 1 binary file, target error: 0.000001, iterations: 1, sample rate: 100%, sparse: 100%
Over populated 52, expected 50.
Training e907f35b with 1 binary file, target error: 0.000001, iterations: 1, sample rate: 100%, sparse: 100%
Generation 60 score 0.9973709902919983  error 0.002620308866765356 avg time 1s 522ms
Training 5aed6996 with 1 binary file, target error: 0.000001, iterations: 1, sample rate: 100%, sparse: 100%
Fine tuning increased fitness by 6.046431466621982e-9 to 0.9973709963384297 adjusted 115 weights, 3 biases 
Discovered beneficial synapse from input-862 to output-0 with weight -1.0000, helping 45.5% more records than it harms (1609/3359)
Discovery eb24a7f4 analyze time 17s 775ms found 1 candidates
Training b1e74ac4 with 1 binary file, target error: 0.000001, iterations: 1, sample rate: 100%, sparse: 100%
Training e907f35b increased fitness by 6.939714469744729e-9 to 0.9973710032781442
Discovered harmful synapse from input-11 to output-0, harming 45.3% more records than it helps (83/3359)
Discovery eb24a7f4 analyze harmful time 1s 238ms found 1 candidates
Training 4e5b3b3a with 1 binary file, target error: 0.000001, iterations: 1, sample rate: 100%, sparse: 100%
Discovery eb24a7f4 analyze squashes time 475ms found 1 candidate, Summary: output-2 LeakyReLU -> LogSigmoid improved: 15.6% error: 26.0551 -> 21.9797
Over populated 52, expected 50.
Training 552375a8 with 1 binary file, target error: 0.000001, iterations: 1, sample rate: 100%, sparse: 100%
Discovery 552375a8 with 1 binary files, sample rate: 100%, batch size: 512
Discovery 552375a8 initialize time 83ms
Discovery 552375a8 processing .trainData-fx_c_88/AUDCNY/data.bin
Discovery 552375a8 read time 5ms for .trainData-fx_c_88/AUDCNY/data.bin with 3359 records
Over populated 56, expected 50.
Discovery 552375a8 scanning time 940ms
Training 48dfe99f with 1 binary file, target error: 0.000001, iterations: 1, sample rate: 100%, sparse: 100%
Discovery 552375a8 recorded time 1s 883ms
Training b285fc92 with 1 binary file, target error: 0.000001, iterations: 1, sample rate: 100%, sparse: 100%
Over populated 52, expected 50.
Training f54fe7e5 with 1 binary file, target error: 0.000001, iterations: 1, sample rate: 100%, sparse: 100%
Over populated 52, expected 50.
Training 14e0c9fd with 1 binary file, target error: 0.000001, iterations: 1, sample rate: 100%, sparse: 100%
Over populated 52, expected 50.
Training 568f4ac2 with 1 binary file, target error: 0.000001, iterations: 1, sample rate: 100%, sparse: 100%
Training 85d3121e with 1 binary file, target error: 0.000001, iterations: 1, sample rate: 100%, sparse: 100%
Generation 70 score 0.9973712345638063  error 0.0026200645949205773 avg time 1s 528ms
Training 3ce6198b with 1 binary file, target error: 0.000001, iterations: 1, sample rate: 100%, sparse: 100%
Over populated 52, expected 50.
Training 80063367 with 1 binary file, target error: 0.000001, iterations: 1, sample rate: 100%, sparse: 100%
Training 73945387 with 1 binary file, target error: 0.000001, iterations: 1, sample rate: 100%, sparse: 100%
Fine tuning increased fitness by 1.7829001164315628e-8 to 0.9973712706199758 adjusted 169 weights, 2 biases 
Training a5b603fc with 1 binary file, target error: 0.000001, iterations: 1, sample rate: 100%, sparse: 100%
Fine tuning increased fitness by 2.9013969005120543e-8 to 0.9973712996339448 adjusted 163 weights, 2 biases 
Training 85e3e8a7 with 1 binary file, target error: 0.000001, iterations: 1, sample rate: 100%, sparse: 100%
Fine tuning increased fitness by 2.3735878262876042e-8 to 0.997371323369823 adjusted 161 weights, 2 biases 
Training a5df5102 with 1 binary file, target error: 0.000001, iterations: 1, sample rate: 100%, sparse: 100%
Fine tuning increased fitness by 6.806789687452408e-9 to 0.9973713301766127 adjusted 161 weights, 2 biases 
Training d35c9c21 with 1 binary file, target error: 0.000001, iterations: 1, sample rate: 100%, sparse: 100%
Training 87927a59 with 1 binary file, target error: 0.000001, iterations: 1, sample rate: 100%, sparse: 100%
Fine tuning increased fitness by 6.013666975501764e-8 to 0.9973714388843465 adjusted 1 weight, 1 bias 
Discovered beneficial synapse from input-862 to output-0 with weight -1.0000, helping 45.5% more records than it harms (1609/3359)
Discovery 552375a8 analyze time 18s 673ms found 1 candidates
Discovered harmful synapse from input-11 to output-0, harming 45.3% more records than it helps (83/3359)
Discovery 552375a8 analyze harmful time 570ms found 1 candidates
Discovery 552375a8 analyze squashes time 598ms found 1 candidate, Summary: output-2 LeakyReLU -> LogSigmoid improved: 15.6% error: 26.0664 -> 21.9876
Training 287343f1 with 1 binary file, target error: 0.000001, iterations: 1, sample rate: 100%, sparse: 100%
Fine tuning increased fitness by 1.7964122767111235e-7 to 0.9973716185255742 adjusted 160 weights, 2 biases 
Discovery 287343f1 with 1 binary files, sample rate: 100%, batch size: 512
Discovery 287343f1 initialize time 82ms
Discovery 287343f1 processing .trainData-fx_c_88/AUDCNY/data.bin
Over populated 52, expected 50.
Discovery 287343f1 read time 4ms for .trainData-fx_c_88/AUDCNY/data.bin with 3359 records
Discovery 287343f1 scanning time 1s 22ms
Training c3280455 with 1 binary file, target error: 0.000001, iterations: 1, sample rate: 100%, sparse: 100%
Fine tuning increased fitness by 1.793022732510252e-7 to 0.9973717978278475 adjusted 160 weights, 2 biases 
Discovery 287343f1 recorded time 1s 950ms
Generation 80 score 0.9973717978278475  error 0.0026195013308835677 avg time 1s 428ms
Training cdc7f27a with 1 binary file, target error: 0.000001, iterations: 1, sample rate: 100%, sparse: 100%
Fine tuning increased fitness by 2.2429627366538085e-7 to 0.9973720221241211 adjusted 160 weights, 2 biases 
Training bcb334f8 with 1 binary file, target error: 0.000001, iterations: 1, sample rate: 100%, sparse: 100%
Training ba0ac64f with 1 binary file, target error: 0.000001, iterations: 1, sample rate: 100%, sparse: 100%
Fine tuning increased fitness by 1.4265064818275164e-7 to 0.9973722507258876 adjusted 159 weights, 2 biases 
Training 2e3f234f with 1 binary file, target error: 0.000001, iterations: 1, sample rate: 100%, sparse: 100%
Training 2821c148 with 1 binary file, target error: 0.000001, iterations: 1, sample rate: 100%, sparse: 100%
Training ba0ac64f increased fitness by 5.689624327231968e-10 to 0.9973722512948501
Training 0e3f10c1 with 1 binary file, target error: 0.000001, iterations: 1, sample rate: 100%, sparse: 100%
Fine tuning increased fitness by 8.300760079293923e-10 to 0.9973722521249261 adjusted 347 weights, 9 biases 
Over populated 52, expected 50.
Training d2cd348e with 1 binary file, target error: 0.000001, iterations: 1, sample rate: 100%, sparse: 100%
Fine tuning increased fitness by 1.3581018531994005e-9 to 0.9973722534830279 adjusted 332 weights, 9 biases 
Over populated 52, expected 50.
Training 7ece96b6 with 1 binary file, target error: 0.000001, iterations: 1, sample rate: 100%, sparse: 100%
Fine tuning increased fitness by 6.028331167584611e-10 to 0.997372254085861 adjusted 332 weights, 9 biases 
Over populated 52, expected 50.
Discovered beneficial synapse from input-862 to output-0 with weight -1.0000, helping 45.3% more records than it harms (1606/3359)
Discovery 287343f1 analyze time 11s 857ms found 1 candidates
Training e7bde171 with 1 binary file, target error: 0.000001, iterations: 1, sample rate: 100%, sparse: 100%
Discovered harmful synapse from input-11 to output-0, harming 44.9% more records than it helps (90/3359)
Discovery 287343f1 analyze harmful time 604ms found 1 candidates
Discovery 287343f1 analyze squashes time 627ms found 1 candidate, Summary: output-2 LeakyReLU -> LogSigmoid improved: 15.6% error: 26.0651 -> 21.9869
Over populated 52, expected 50.
Training 0c43783e with 1 binary file, target error: 0.000001, iterations: 1, sample rate: 100%, sparse: 100%
Fine tuning increased fitness by 1.5915936346644344e-9 to 0.9973722568279912 adjusted 444 weights, 10 biases 
Discovery 0c43783e with 1 binary files, sample rate: 100%, batch size: 512
Discovery 0c43783e initialize time 89ms
Discovery 0c43783e processing .trainData-fx_c_88/AUDCNY/data.bin
Over populated 56, expected 50.
Generation 90 score 0.9973722568279912  error 0.002619042330737269 avg time 1s 431ms
Discovery 0c43783e read time 5ms for .trainData-fx_c_88/AUDCNY/data.bin with 3359 records
Discovery 0c43783e scanning time 1s 3ms
Training 83be4347 with 1 binary file, target error: 0.000001, iterations: 1, sample rate: 100%, sparse: 100%
Discovery 0c43783e recorded time 1s 955ms
Over populated 52, expected 50.
Training 20b91cb7 with 1 binary file, target error: 0.000001, iterations: 1, sample rate: 100%, sparse: 100%
Fine tuning increased fitness by 7.729521245281035e-9 to 0.9973722695438892 adjusted 467 weights, 10 biases 
Over populated 52, expected 50.
Training 5ba55aa0 with 1 binary file, target error: 0.000001, iterations: 1, sample rate: 100%, sparse: 100%
Fine tuning increased fitness by 8.76680761319193e-9 to 0.9973722783106969 adjusted 467 weights, 10 biases 
Over populated 52, expected 50.
Training 9d10d954 with 1 binary file, target error: 0.000001, iterations: 1, sample rate: 100%, sparse: 100%
Fine tuning increased fitness by 2.1715380493780856e-8 to 0.9973723000260774 adjusted 470 weights, 10 biases 
Over populated 52, expected 50.
Training fa3d8289 with 1 binary file, target error: 0.000001, iterations: 1, sample rate: 100%, sparse: 100%
Fine tuning increased fitness by 3.111052138127235e-8 to 0.9973723311365987 adjusted 470 weights, 10 biases 
Over populated 52, expected 50.
Training 7e584741 with 1 binary file, target error: 0.000001, iterations: 1, sample rate: 100%, sparse: 100%
Fine tuning increased fitness by 6.913503736161175e-8 to 0.9973724002716361 adjusted 456 weights, 10 biases 
Over populated 52, expected 50.
Training c21c4122 with 1 binary file, target error: 0.000001, iterations: 1, sample rate: 100%, sparse: 100%
Fine tuning increased fitness by 5.6436106898871685e-8 to 0.997372456707743 adjusted 456 weights, 10 biases 
Over populated 52, expected 50.
Training 21df65f2 with 1 binary file, target error: 0.000001, iterations: 1, sample rate: 100%, sparse: 100%
Fine tuning increased fitness by 1.0944833517267938e-7 to 0.9973725661560782 adjusted 456 weights, 10 biases 
Over populated 52, expected 50.
Training 92d3c3ad with 1 binary file, target error: 0.000001, iterations: 1, sample rate: 100%, sparse: 100%
Fine tuning increased fitness by 1.0462505395381072e-7 to 0.9973726707811321 adjusted 456 weights, 10 biases 
Over populated 52, expected 50.
Training 2d271c60 with 1 binary file, target error: 0.000001, iterations: 1, sample rate: 100%, sparse: 100%
Over populated 52, expected 50.
Generation 100 score 0.9973729098302194  error 0.0026183893285091917 avg time 1s 541ms
Remove neuron e3db0e48-43ab-4e95-a08f-0998ff961cca as no longer connected
Over populated 52, expected 50.
Discovered beneficial synapse from input-862 to output-0 with weight -1.0000, helping 45.3% more records than it harms (1606/3359)
Discovery 0c43783e analyze time 16s 996ms found 1 candidates
Discovered harmful synapse from input-11 to output-0, harming 44.9% more records than it helps (90/3359)
Discovery 0c43783e analyze harmful time 540ms found 1 candidates
Fine tuning increased fitness by 5.5348650662701004e-8 to 0.997373072000392 adjusted 374 weights, 9 biases 
Discovery 0c43783e analyze squashes time 663ms found 1 candidate, Summary: output-2 LeakyReLU -> LogSigmoid improved: 15.6% error: 26.0635 -> 21.9861
Over populated 53, expected 50.
Fine tuning increased fitness by 2.914513619334258e-8 to 0.9973731462078046 adjusted 380 weights, 9 biases 
Fine tuning increased fitness by 7.290242909352429e-8 to 0.9973732191102337 adjusted 445 weights, 10 biases 
Fine tuning increased fitness by 9.760587182938707e-8 to 0.9973733167161055 adjusted 445 weights, 10 biases 
Generation 110 score 0.9973737467548788  error 0.002617552403744645 avg time 1s 476ms
Fine tuning increased fitness by 2.108035693781929e-7 to 0.9973739575584482 adjusted 451 weights, 10 biases 
Fine tuning increased fitness by 1.0134234562642064e-8 to 0.9973739745140687 adjusted 60 weights, 4 biases 
Fine tuning increased fitness by 1.4482209431676552e-8 to 0.9973739889962782 adjusted 60 weights, 4 biases 
Fine tuning increased fitness by 4.987536095235612e-8 to 0.9973741451615417 adjusted 211 weights, 5 biases 
Generation 120 score 0.997374224043888  error 0.0026170751144779015 avg time 1s 444ms
{
  error: 0.0026170751144779015,
  score: 0.997374224043888,
  generation: 120,
  time: 180194
}

=== Processing USDZAR (5/10) ===
2 mutations, mutation rate 5.0%, elitism 2, mutation FFW, selection TOURNAMENT
Creature count: 48
Training 5348d451 with 1 binary file, target error: 0.000001, iterations: 1, sample rate: 100%, sparse: 100%
Discovery 5348d451 with 1 binary files, sample rate: 100%, batch size: 512
Discovery 5348d451 initialize time 86ms
Discovery 5348d451 processing .trainData-fx_c_88/USDZAR/data.bin
Discovery 5348d451 read time 2ms for .trainData-fx_c_88/USDZAR/data.bin with 3359 records
Discovery 5348d451 scanning time 1s 62ms
Fine tuning increased fitness by 1.6781403422427843e-7 to 0.994682457065321 adjusted 2 weights 
Discovery 5348d451 recorded time 1s 811ms
Training 22968d4c with 1 binary file, target error: 0.000001, iterations: 1, sample rate: 100%, sparse: 100%
Fine tuning increased fitness by 4.5988400765306636e-7 to 0.9946833577718032 adjusted 2 weights 
Training 12c960c5 with 1 binary file, target error: 0.000001, iterations: 1, sample rate: 100%, sparse: 100%
Fine tuning increased fitness by 3.19141666427214e-8 to 0.9946833896859698 adjusted 2 weights 
Discovered beneficial synapse from input-840 to output-4 with weight 1.0000, helping 17.2% more records than it harms (1732/3359)
Discovery 5348d451 analyze time 4s 470ms found 1 candidates
Discovered harmful synapse from input-1437 to output-4, harming 13.5% more records than it helps (1452/3359)
Discovery 5348d451 analyze harmful time 1s 328ms found 1 candidates
Discovery 5348d451 analyze squashes time 459ms found 1 candidate, Summary: output-0 LOGISTIC -> LogSigmoid improved: 27.0% error: 407.2153 -> 297.0675
Fine tuning increased fitness by 5.2878923462174043e-11 to 0.9946833897388487 adjusted 2 weights 
Training af0270c2 with 1 binary file, target error: 0.000001, iterations: 1, sample rate: 100%, sparse: 100%
Discovery af0270c2 with 1 binary files, sample rate: 100%, batch size: 512
Discovery af0270c2 initialize time 84ms
Discovery af0270c2 processing .trainData-fx_c_88/USDZAR/data.bin
Discovery af0270c2 read time 3ms for .trainData-fx_c_88/USDZAR/data.bin with 3359 records
Discovery af0270c2 scanning time 1s 35ms
Discovery af0270c2 recorded time 1s 985ms
Training 2ce552f9 with 1 binary file, target error: 0.000001, iterations: 1, sample rate: 100%, sparse: 100%
Fine tuning increased fitness by 1.344124154201154e-7 to 0.9946837441500727 adjusted 484 weights, 5 biases 
Generation 10 score 0.9946837699385507  error 0.005304299094894541 avg time 1s 734ms
Training cad7f2bd with 1 binary file, target error: 0.000001, iterations: 1, sample rate: 100%, sparse: 100%
Fine tuning increased fitness by 3.818712990266704e-8 to 0.9946838081256806 adjusted 484 weights, 5 biases 
Fine tuning increased fitness by 5.6610041321292215e-8 to 0.9946838647357219 adjusted 484 weights, 5 biases 
Training bfab2ec0 with 1 binary file, target error: 0.000001, iterations: 1, sample rate: 100%, sparse: 100%
Discovered beneficial synapse from input-88 to output-4 with weight -1.0000, helping 17.8% more records than it harms (1979/3359)
Discovery af0270c2 analyze time 10s 26ms found 1 candidates
Fine tuning increased fitness by 1.1976933311785842e-7 to 0.9946840621347347 adjusted 482 weights, 5 biases 
Discovered harmful synapse from input-1437 to output-4, harming 15.0% more records than it helps (1428/3359)
Discovery af0270c2 analyze harmful time 1s 378ms found 1 candidates
Discovery af0270c2 analyze squashes time 208ms found 0 candidates
Training f7f97466 with 1 binary file, target error: 0.000001, iterations: 1, sample rate: 100%, sparse: 100%
Discovery f7f97466 with 1 binary files, sample rate: 100%, batch size: 512
Discovery f7f97466 initialize time 85ms
Discovery f7f97466 processing .trainData-fx_c_88/USDZAR/data.bin
Discovery f7f97466 read time 5ms for .trainData-fx_c_88/USDZAR/data.bin with 3359 records
Discovery f7f97466 scanning time 1s 134ms
Over populated 53, expected 50.
Training 64a82405 with 1 binary file, target error: 0.000001, iterations: 1, sample rate: 100%, sparse: 100%
Discovery af0270c2 beneficial increased fitness by 0.0000014956574211355544 to 0.9946859354051615
Discovery f7f97466 recorded time 2s 152ms
Fine tuning increased fitness by 4.3442824892991894e-7 to 0.9946863698334104 adjusted 1 weight 
Training 6eb730ea with 1 binary file, target error: 0.000001, iterations: 1, sample rate: 100%, sparse: 100%
Training 2ea67345 with 1 binary file, target error: 0.000001, iterations: 1, sample rate: 100%, sparse: 100%
Generation 20 score 0.9946868602333813  error 0.005301188800113063 avg time 1s 871ms
Fine tuning increased fitness by 6.264887242313222e-7 to 0.9946874867221055 adjusted 1 weight 
Training 88301ef3 with 1 binary file, target error: 0.000001, iterations: 1, sample rate: 100%, sparse: 100%
Fine tuning increased fitness by 0.0000015307304472855776 to 0.9946890174525528 adjusted 1 weight 
Fine tuning increased fitness by 0.0000020300757707092387 to 0.9946910475283235 adjusted 1 weight 
Training 555167a3 with 1 binary file, target error: 0.000001, iterations: 1, sample rate: 100%, sparse: 100%
Fine tuning increased fitness by 0.0000015837361768689107 to 0.9946926312645004 adjusted 1 weight 
Fine tuning increased fitness by 4.0590664163175916e-10 to 0.994692631670407 adjusted 1 weight 
Training c5eb0e4b with 1 binary file, target error: 0.000001, iterations: 1, sample rate: 100%, sparse: 100%
Fine tuning increased fitness by 6.776919025952566e-10 to 0.9946926323480989 adjusted 1 weight 
Discovered beneficial synapse from input-435 to output-3 with weight 1.0000, helping 23.0% more records than it harms (2058/3359)
Discovery f7f97466 analyze time 15s 351ms found 1 candidates
Training 555167a3 increased fitness by 4.6541879850092727e-7 to 0.9946930977668974
Discovered harmful synapse from input-1437 to output-4, harming 14.9% more records than it helps (1429/3359)
Discovery f7f97466 analyze harmful time 1s 444ms found 1 candidates
Discovery f7f97466 analyze squashes time 439ms found 1 candidate, Summary: output-0 LOGISTIC -> LogSigmoid improved: 27.0% error: 403.8183 -> 294.6024
Training 7cf29a21 with 1 binary file, target error: 0.000001, iterations: 1, sample rate: 100%, sparse: 100%
Fine tuning increased fitness by 5.880616864573085e-7 to 0.9946936858285839 adjusted 721 weights, 7 biases 
Discovery 7cf29a21 with 1 binary files, sample rate: 100%, batch size: 512
Discovery 7cf29a21 initialize time 86ms
Discovery 7cf29a21 processing .trainData-fx_c_88/USDZAR/data.bin
Discovery 7cf29a21 read time 4ms for .trainData-fx_c_88/USDZAR/data.bin with 3359 records
Discovery 7cf29a21 scanning time 1s 62ms
Over populated 54, expected 50.
Discovery f7f97466 beneficial increased fitness by 0.0000022450873766732826 to 0.9946959309159605
Discovery 7cf29a21 recorded time 2s 45ms
Training 811847e4 with 1 binary file, target error: 0.000001, iterations: 1, sample rate: 100%, sparse: 100%
Generation 30 score 0.9946962588321658  error 0.005291780201352359 avg time 1s 468ms
Fine tuning increased fitness by 4.711875167817681e-8 to 0.9946963059509175 adjusted 317 weights, 3 biases 
Training 3e9de8a6 with 1 binary file, target error: 0.000001, iterations: 1, sample rate: 100%, sparse: 100%
Training 654ade41 with 1 binary file, target error: 0.000001, iterations: 1, sample rate: 100%, sparse: 100%
Discovered beneficial synapse from input-840 to output-4 with weight 1.0000, helping 16.9% more records than it harms (1726/3359)
Discovery 7cf29a21 analyze time 9s 838ms found 1 candidates
Fine tuning increased fitness by 7.711117009367996e-7 to 0.9947003669488127 adjusted 440 weights, 4 biases 
Discovered harmful synapse from input-1437 to output-4, harming 13.4% more records than it helps (1454/3359)
Discovery 7cf29a21 analyze harmful time 1s 343ms found 1 candidates
Discovery 7cf29a21 analyze squashes time 426ms found 1 candidate, Summary: output-0 LOGISTIC -> LogSigmoid improved: 27.1% error: 405.5326 -> 295.7680
Training e61c5245 with 1 binary file, target error: 0.000001, iterations: 1, sample rate: 100%, sparse: 100%
Fine tuning increased fitness by 1.8344226138111708e-9 to 0.9947003687832353 adjusted 440 weights, 4 biases 
Discovery e61c5245 with 1 binary files, sample rate: 100%, batch size: 512
Discovery e61c5245 initialize time 86ms
Discovery e61c5245 processing .trainData-fx_c_88/USDZAR/data.bin
Discovery e61c5245 read time 5ms for .trainData-fx_c_88/USDZAR/data.bin with 3359 records
Discovery e61c5245 scanning time 1s 169ms
Over populated 52, expected 50.
Discovery e61c5245 recorded time 1s 924ms
Training 10351901 with 1 binary file, target error: 0.000001, iterations: 1, sample rate: 100%, sparse: 100%
Fine tuning increased fitness by 1.4282153992795088e-7 to 0.9947005474125146 adjusted 33 weights, 2 biases 
Training 270a0859 with 1 binary file, target error: 0.000001, iterations: 1, sample rate: 100%, sparse: 100%
Generation 40 score 0.994700557601378  error 0.005287471432164423 avg time 1s 816ms
Training 1c89d558 with 1 binary file, target error: 0.000001, iterations: 1, sample rate: 100%, sparse: 100%
Fine tuning increased fitness by 2.2419914813553987e-9 to 0.994700565377328 adjusted 3 weights, 1 bias 
Discovered beneficial synapse from input-840 to output-4 with weight 1.0000, helping 17.1% more records than it harms (1731/3359)
Discovery e61c5245 analyze time 9s 992ms found 1 candidates
Discovered harmful synapse from input-1437 to output-4, harming 14.5% more records than it helps (1436/3359)
Discovery e61c5245 analyze harmful time 1s 380ms found 1 candidates
Training f4481769 with 1 binary file, target error: 0.000001, iterations: 1, sample rate: 100%, sparse: 100%
Discovery e61c5245 analyze squashes time 254ms found 0 candidates
Discovery b50b58f5 with 1 binary files, sample rate: 100%, batch size: 512
Discovery b50b58f5 initialize time 82ms
Discovery b50b58f5 processing .trainData-fx_c_88/USDZAR/data.bin
Discovery b50b58f5 read time 5ms for .trainData-fx_c_88/USDZAR/data.bin with 3359 records
Discovery b50b58f5 scanning time 1s 23ms
Training 2d734e86 with 1 binary file, target error: 0.000001, iterations: 1, sample rate: 100%, sparse: 100%
Discovery b50b58f5 recorded time 1s 746ms
Training 81b9f664 with 1 binary file, target error: 0.000001, iterations: 1, sample rate: 100%, sparse: 100%
Discovered beneficial synapse from input-840 to output-4 with weight 1.0000, helping 17.2% more records than it harms (1732/3359)
Discovery b50b58f5 analyze time 4s 450ms found 1 candidates
Discovered harmful synapse from input-1437 to output-4, harming 14.7% more records than it helps (1433/3359)
Discovery b50b58f5 analyze harmful time 1s 243ms found 1 candidates
Discovery b50b58f5 analyze squashes time 447ms found 1 candidate, Summary: output-0 LOGISTIC -> LogSigmoid improved: 27.6% error: 405.6508 -> 293.8564
Training 8e29817d with 1 binary file, target error: 0.000001, iterations: 1, sample rate: 100%, sparse: 100%
Fine tuning increased fitness by 0.000003151692499536729 to 0.9947087106734465 adjusted 150 weights, 3 biases 
Discovery 8e29817d with 1 binary files, sample rate: 100%, batch size: 512
Discovery 8e29817d initialize time 82ms
Discovery 8e29817d processing .trainData-fx_c_88/USDZAR/data.bin
Discovery 8e29817d read time 6ms for .trainData-fx_c_88/USDZAR/data.bin with 3359 records
Discovery 8e29817d scanning time 1s 24ms
Generation 50 score 0.9947087106734465  error 0.005279318360093762 avg time 1s 726ms
Discovery 8e29817d recorded time 1s 888ms
Training 710e2798 with 1 binary file, target error: 0.000001, iterations: 1, sample rate: 100%, sparse: 100%
Fine tuning increased fitness by 1.7353641401651743e-7 to 0.9947145425843176 adjusted 150 weights, 3 biases 
Training cdda79ab with 1 binary file, target error: 0.000001, iterations: 1, sample rate: 100%, sparse: 100%
Fine tuning increased fitness by 4.517527463221427e-9 to 0.994714547101845 adjusted 150 weights, 3 biases 
Training e917962d with 1 binary file, target error: 0.000001, iterations: 1, sample rate: 100%, sparse: 100%
Discovered beneficial synapse from input-840 to output-4 with weight 1.0000, helping 17.2% more records than it harms (1732/3359)
Discovery 8e29817d analyze time 9s 879ms found 1 candidates
Fine tuning increased fitness by 1.306123842415019e-8 to 0.9947145803372563 adjusted 149 weights, 3 biases 
Discovered harmful synapse from input-1437 to output-4, harming 14.8% more records than it helps (1431/3359)
Discovery 8e29817d analyze harmful time 1s 425ms found 1 candidates
Discovery 8e29817d analyze squashes time 394ms found 1 candidate, Summary: output-0 LOGISTIC -> LogSigmoid improved: 27.6% error: 405.6696 -> 293.8721
Training 8b77d4ea with 1 binary file, target error: 0.000001, iterations: 1, sample rate: 100%, sparse: 100%
Fine tuning increased fitness by 1.5121082608260394e-8 to 0.994714595458339 adjusted 149 weights, 3 biases 
Discovery 8b77d4ea with 1 binary files, sample rate: 100%, batch size: 512
Discovery 8b77d4ea initialize time 79ms
Discovery 8b77d4ea processing .trainData-fx_c_88/USDZAR/data.bin
Discovery 8b77d4ea read time 8ms for .trainData-fx_c_88/USDZAR/data.bin with 3359 records
Discovery 8b77d4ea scanning time 1s 3ms
Over populated 52, expected 50.
Fine tuning increased fitness by 2.4090803019127804e-8 to 0.994714619549142 adjusted 149 weights, 3 biases 
Discovery 8b77d4ea recorded time 1s 953ms
Training 9849c763 with 1 binary file, target error: 0.000001, iterations: 1, sample rate: 100%, sparse: 100%
Fine tuning increased fitness by 3.448953678208966e-8 to 0.9947146540386788 adjusted 149 weights, 3 biases 
Generation 60 score 0.9947146540386788  error 0.005273374994859839 avg time 1s 851ms
Fine tuning increased fitness by 2.7407074387753028e-8 to 0.9947146814457531 adjusted 149 weights, 3 biases 
Training 9e446e4e with 1 binary file, target error: 0.000001, iterations: 1, sample rate: 100%, sparse: 100%
Training 228ec70b with 1 binary file, target error: 0.000001, iterations: 1, sample rate: 100%, sparse: 100%
Discovered beneficial synapse from input-840 to output-4 with weight 1.0000, helping 17.1% more records than it harms (1731/3359)
Discovery 8b77d4ea analyze time 9s 860ms found 1 candidates
Discovered harmful synapse from input-375 to output-1, harming 16.2% more records than it helps (1407/3359)
Discovery 8b77d4ea analyze harmful time 2s 560ms found 1 candidates
Discovery 8b77d4ea analyze squashes time 591ms found 1 candidate, Summary: output-0 LOGISTIC -> LogSigmoid improved: 27.6% error: 405.7463 -> 293.9361
Training f0892807 with 1 binary file, target error: 0.000001, iterations: 1, sample rate: 100%, sparse: 100%
Discovery f0892807 with 1 binary files, sample rate: 100%, batch size: 512
Discovery f0892807 initialize time 78ms
Discovery f0892807 processing .trainData-fx_c_88/USDZAR/data.bin
Discovery f0892807 read time 3ms for .trainData-fx_c_88/USDZAR/data.bin with 3359 records
Discovery f0892807 scanning time 1s 24ms
Over populated 54, expected 50.
Discovery f0892807 recorded time 1s 932ms
Training 3015ac2a with 1 binary file, target error: 0.000001, iterations: 1, sample rate: 100%, sparse: 100%
Fine tuning increased fitness by 0.000003484387903762709 to 0.9947314208586867 adjusted 975 weights, 5 biases 
Fine tuning increased fitness by 0.000001986278221455251 to 0.9947334071369082 adjusted 975 weights, 5 biases 
Training d63fd4f6 with 1 binary file, target error: 0.000001, iterations: 1, sample rate: 100%, sparse: 100%
Fine tuning increased fitness by 0.0000023940665138111328 to 0.994735801203422 adjusted 975 weights, 5 biases 
Fine tuning increased fitness by 0.0000025295765948563087 to 0.9947383307800168 adjusted 975 weights, 5 biases 
Generation 70 score 0.9947383307800168  error 0.0052496882535465516 avg time 2s 21ms
Training cc13fc32 with 1 binary file, target error: 0.000001, iterations: 1, sample rate: 100%, sparse: 100%
Discovered beneficial synapse from input-98 to output-4 with weight -1.0000, helping 17.1% more records than it harms (1966/3359)
Discovery f0892807 analyze time 9s 845ms found 1 candidates
Training f04ca394 with 1 binary file, target error: 0.000001, iterations: 1, sample rate: 100%, sparse: 100%
Discovered harmful synapse from input-1507 to output-3, harming 21.3% more records than it helps (1321/3359)
Discovery f0892807 analyze harmful time 2s 907ms found 1 candidates
Fine tuning increased fitness by 0.000002259894015366193 to 0.9947456195665525 adjusted 975 weights, 5 biases 
Discovery f0892807 analyze squashes time 425ms found 1 candidate, Summary: output-0 LOGISTIC -> LogSigmoid improved: 27.5% error: 406.9043 -> 294.8973
Fine tuning increased fitness by 0.0000044414808331172395 to 0.9947500610473856 adjusted 975 weights, 5 biases 
Discovery 1cd2e159 with 1 binary files, sample rate: 100%, batch size: 512
Discovery 1cd2e159 initialize time 83ms
Discovery 1cd2e159 processing .trainData-fx_c_88/USDZAR/data.bin
Discovery 1cd2e159 read time 5ms for .trainData-fx_c_88/USDZAR/data.bin with 3359 records
Discovery 1cd2e159 scanning time 989ms
Discovery 1cd2e159 recorded time 1s 878ms
Training 2c285868 with 1 binary file, target error: 0.000001, iterations: 1, sample rate: 100%, sparse: 100%
Fine tuning increased fitness by 0.000005962748818255648 to 0.9947560237962039 adjusted 1081 weights, 7 biases 
Training e115d468 with 1 binary file, target error: 0.000001, iterations: 1, sample rate: 100%, sparse: 100%
Fine tuning increased fitness by 0.00002076619123481116 to 0.9948038711144963 adjusted 1081 weights, 7 biases 
Fine tuning increased fitness by 0.00002561061435191192 to 0.9948294817288482 adjusted 1081 weights, 7 biases 
Training b7f9083a with 1 binary file, target error: 0.000001, iterations: 1, sample rate: 100%, sparse: 100%
Discovered beneficial synapse from input-98 to output-4 with weight -1.0000, helping 16.8% more records than it harms (1961/3359)
Discovery 1cd2e159 analyze time 10s 800ms found 1 candidates
Generation 80 score 0.9948304615308633  error 0.00515755750269747 avg time 2s 112ms
Discovered harmful synapse from input-1437 to output-4, harming 15.0% more records than it helps (1428/3359)
Discovery 1cd2e159 analyze harmful time 1s 367ms found 1 candidates
Discovery 1cd2e159 analyze squashes time 224ms found 0 candidates
Training 80d80d0a with 1 binary file, target error: 0.000001, iterations: 1, sample rate: 100%, sparse: 100%
Discovery 1cd2e159 beneficial increased fitness by 0.0000031092777177388342 to 0.994833570808581
Discovery 0b92930a with 1 binary files, sample rate: 100%, batch size: 512
Discovery 0b92930a initialize time 79ms
Discovery 0b92930a processing .trainData-fx_c_88/USDZAR/data.bin
Discovery 0b92930a read time 5ms for .trainData-fx_c_88/USDZAR/data.bin with 3359 records
Discovery 0b92930a scanning time 996ms
Fine tuning increased fitness by 0.0000051856277052397814 to 0.9948387564362863 adjusted 1 weight 
Discovery 0b92930a recorded time 1s 773ms
Fine tuning increased fitness by 0.000007454996359346211 to 0.9948462114326456 adjusted 1 weight 
Fine tuning increased fitness by 1.7225850701407808e-7 to 0.9948465827980032 adjusted 1 weight 
Fine tuning increased fitness by 3.95879131587229e-7 to 0.9948469786771348 adjusted 1 weight 
Fine tuning increased fitness by 1.4830397643272875e-7 to 0.9948471269811112 adjusted 1 weight 
Fine tuning increased fitness by 6.536936547618666e-10 to 0.9948471276348049 adjusted 1 weight 
Discovered beneficial synapse from input-87 to output-4 with weight -1.0000, helping 16.6% more records than it harms (1959/3359)
Discovery 0b92930a analyze time 10s 27ms found 1 candidates
Generation 90 score 0.9948471276348049  error 0.005140871398789448 avg time 1s 508ms
Fine tuning increased fitness by 1.4074075238568184e-10 to 0.9948471277755456 adjusted 1 weight 
Discovered harmful synapse from input-798 to output-4, harming 14.0% more records than it helps (1445/3359)
Discovery 0b92930a analyze harmful time 1s 407ms found 1 candidates
Discovery 0b92930a analyze squashes time 649ms found 1 candidate, Summary: output-0 LOGISTIC -> LogSigmoid improved: 27.8% error: 405.9246 -> 293.0213
Fine tuning increased fitness by 4.84090545427307e-12 to 0.9948471277803865 adjusted 1 weight 
Fine tuning increased fitness by 0.0000013374471391491838 to 0.9948484652275257 adjusted 1 weight 
Fine tuning increased fitness by 0.0000023914329090324316 to 0.9948508566604347 adjusted 1 weight 
Generation 100 score 0.9948508566604347  error 0.0051371323731860445 avg time 1s 322ms
Fine tuning increased fitness by 0.00000387254817979521 to 0.9948547292086145 adjusted 1 weight 
Fine tuning increased fitness by 0.000005300351427539596 to 0.994860029560042 adjusted 1 weight 
Fine tuning increased fitness by 0.000004180647572460394 to 0.9948642102076145 adjusted 1 weight 
Generation 105 score 0.9948642102076145  error 0.005123778826006273 avg time 649ms
{
  error: 0.005123778826006273,
  score: 0.9948642102076145,
  generation: 105,
  time: 180976
}

=== Processing USDINR (6/10) ===
1 mutation, mutation rate 5.0%, elitism 3, mutation FFW, selection POWER
Creature count: 48
Training ccb9e0e3 with 1 binary file, target error: 0.000001, iterations: 1, sample rate: 100%, sparse: 100%
Discovery ccb9e0e3 with 1 binary files, sample rate: 100%, batch size: 512
Discovery ccb9e0e3 initialize time 88ms
Discovery ccb9e0e3 processing .trainData-fx_c_88/USDINR/data.bin
Discovery ccb9e0e3 read time 5ms for .trainData-fx_c_88/USDINR/data.bin with 3359 records
Discovery ccb9e0e3 scanning time 1s 30ms
Fine tuning increased fitness by 0.000001405465272497075 to 0.9985883769579661 adjusted 299 weights, 5 biases 
Discovery ccb9e0e3 recorded time 1s 764ms
Training 2ca3fad9 with 1 binary file, target error: 0.000001, iterations: 1, sample rate: 100%, sparse: 100%
Training ce6a35e7 with 1 binary file, target error: 0.000001, iterations: 1, sample rate: 100%, sparse: 100%
Fine tuning increased fitness by 1.5849758949748605e-8 to 0.998589837176242 adjusted 351 weights, 3 biases 
Training 4ea5dbe1 with 1 binary file, target error: 0.000001, iterations: 1, sample rate: 100%, sparse: 100%
Training 8dc3c665 with 1 binary file, target error: 0.000001, iterations: 1, sample rate: 100%, sparse: 100%
Fine tuning increased fitness by 1.0857278132103687e-7 to 0.9985901754063342 adjusted 421 weights, 6 biases 
Training 5d7d0065 with 1 binary file, target error: 0.000001, iterations: 1, sample rate: 100%, sparse: 100%
Discovered beneficial synapse from input-1295 to output-2 with weight 0.9654, helping 32.3% more records than it harms (2222/3359)
Discovery ccb9e0e3 analyze time 13s 61ms found 1 candidates
Discovered harmful synapse from input-848 to output-2, harming 11.6% more records than it helps (1250/3359)
Discovery ccb9e0e3 analyze harmful time 655ms found 1 candidates
Discovery ccb9e0e3 analyze squashes time 233ms found 1 candidate, Summary: output-0 LOGISTIC -> BENT_IDENTITY improved: 40.2% error: 51.4102 -> 30.7614
Generation 10 score 0.9985917814974609  error 0.0013980776812908921 avg time 1s 696ms
Training 4c8ba9f7 with 1 binary file, target error: 0.000001, iterations: 1, sample rate: 100%, sparse: 100%
Discovery 4c8ba9f7 with 1 binary files, sample rate: 100%, batch size: 512
Discovery 4c8ba9f7 initialize time 86ms
Discovery 4c8ba9f7 processing .trainData-fx_c_88/USDINR/data.bin
Discovery 4c8ba9f7 read time 4ms for .trainData-fx_c_88/USDINR/data.bin with 3359 records
Over populated 53, expected 50.
Culling duplicate creature at 36 of 53
DeDuplication of 1 creatures to 52 in 13ms (previous experiment )
Discovery 4c8ba9f7 scanning time 1s 100ms
Discovery 4c8ba9f7 recorded time 1s 870ms
Training b672d136 with 1 binary file, target error: 0.000001, iterations: 1, sample rate: 100%, sparse: 100%
Training 9c2ebfff with 1 binary file, target error: 0.000001, iterations: 1, sample rate: 100%, sparse: 100%
Fine tuning increased fitness by 2.7232414379074754e-7 to 0.9985926171287927 adjusted 292 weights, 2 biases 
Training 7d5575b4 with 1 binary file, target error: 0.000001, iterations: 1, sample rate: 100%, sparse: 100%
Training 31f865bc with 1 binary file, target error: 0.000001, iterations: 1, sample rate: 100%, sparse: 100%
Discovered beneficial synapse from input-48 to output-0 with weight 1.0000, helping 14.1% more records than it harms (1916/3359)
Discovery 4c8ba9f7 analyze time 6s 676ms found 1 candidates
Fine tuning increased fitness by 4.6115886342956713e-7 to 0.9985936859425236 adjusted 316 weights, 3 biases 
Discovered harmful synapse from input-848 to output-2, harming 11.6% more records than it helps (1251/3359)
Discovery 4c8ba9f7 analyze harmful time 647ms found 1 candidates
Discovery 4c8ba9f7 analyze squashes time 221ms found 1 candidate, Summary: output-0 LOGISTIC -> BENT_IDENTITY improved: 40.9% error: 49.3785 -> 29.1582
Training 607ebb22 with 1 binary file, target error: 0.000001, iterations: 1, sample rate: 100%, sparse: 100%
Discovery 607ebb22 with 1 binary files, sample rate: 100%, batch size: 512
Discovery 607ebb22 initialize time 86ms
Discovery 607ebb22 processing .trainData-fx_c_88/USDINR/data.bin
Discovery 607ebb22 read time 5ms for .trainData-fx_c_88/USDINR/data.bin with 3359 records
Discovery 607ebb22 scanning time 1s 95ms
Over populated 55, expected 50.
Culling duplicate creature at 37 of 55
Culling duplicate creature at 50 of 54
DeDuplication of 2 creatures to 53 in 15ms (previous experiment )
Training b8d8cb42 with 1 binary file, target error: 0.000001, iterations: 1, sample rate: 100%, sparse: 100%
Discovery 607ebb22 recorded time 1s 912ms
Fine tuning increased fitness by 2.822785395428795e-7 to 0.9985945329035354 adjusted 99 weights, 3 biases 
Training addb76ad with 1 binary file, target error: 0.000001, iterations: 1, sample rate: 100%, sparse: 100%
Fine tuning increased fitness by 4.174058919614865e-7 to 0.9985949503094274 adjusted 99 weights, 3 biases 
Generation 20 score 0.9985949503094274  error 0.0013949088694771095 avg time 1s 742ms
Training e2a196bc with 1 binary file, target error: 0.000001, iterations: 1, sample rate: 100%, sparse: 100%
Fine tuning increased fitness by 6.128611137468098e-7 to 0.9985955631705411 adjusted 99 weights, 3 biases 
Training b360f85b with 1 binary file, target error: 0.000001, iterations: 1, sample rate: 100%, sparse: 100%
Fine tuning increased fitness by 7.515577310490684e-7 to 0.9985963147282721 adjusted 99 weights, 3 biases 
Discovered beneficial synapse from input-48 to output-0 with weight 1.0000, helping 14.0% more records than it harms (1914/3359)
Discovery 607ebb22 analyze time 6s 776ms found 1 candidates
Discovered harmful synapse from input-848 to output-2, harming 11.6% more records than it helps (1251/3359)
Discovery 607ebb22 analyze harmful time 685ms found 1 candidates
Discovery 607ebb22 analyze squashes time 417ms found 2 candidates, Summary: output-0 LOGISTIC -> BENT_IDENTITY improved: 40.9% error: 49.5850 -> 29.3200,output-2 LeakyReLU -> SELU improved: 15.0% error: 0.5994 -> 0.5096
Training 7cc81987 with 1 binary file, target error: 0.000001, iterations: 1, sample rate: 100%, sparse: 100%
Discovery 7cc81987 with 1 binary files, sample rate: 100%, batch size: 512
Discovery 7cc81987 initialize time 84ms
Discovery 7cc81987 processing .trainData-fx_c_88/USDINR/data.bin
Discovery 7cc81987 read time 4ms for .trainData-fx_c_88/USDINR/data.bin with 3359 records
Discovery 7cc81987 scanning time 978ms
Fine tuning increased fitness by 4.700356703857267e-8 to 0.9985975051059758 adjusted 93 weights, 1 bias 
Discovery 7cc81987 recorded time 1s 865ms
Training 42040100 with 1 binary file, target error: 0.000001, iterations: 1, sample rate: 100%, sparse: 100%
Training 47930f89 with 1 binary file, target error: 0.000001, iterations: 1, sample rate: 100%, sparse: 100%
Fine tuning increased fitness by 2.0458138516588065e-8 to 0.9985975368573528 adjusted 5 weights, 2 biases 
Fine tuning increased fitness by 3.78781431775721e-8 to 0.9985975747354959 adjusted 5 weights, 2 biases 
Training 631a91fe with 1 binary file, target error: 0.000001, iterations: 1, sample rate: 100%, sparse: 100%
Fine tuning increased fitness by 9.241078902100242e-8 to 0.9985977202049143 adjusted 4 weights, 1 bias 
Training d31bbddc with 1 binary file, target error: 0.000001, iterations: 1, sample rate: 100%, sparse: 100%
Fine tuning increased fitness by 1.7601626922658653e-7 to 0.9985978962211836 adjusted 4 weights, 1 bias 
Generation 30 score 0.9985978962211836  error 0.0013919629572266283 avg time 1s 538ms
Fine tuning increased fitness by 3.392825258519139e-7 to 0.9985982355037094 adjusted 4 weights, 1 bias 
Training 970e53d4 with 1 binary file, target error: 0.000001, iterations: 1, sample rate: 100%, sparse: 100%
Fine tuning increased fitness by 5.737047794607264e-7 to 0.9985988092084889 adjusted 4 weights, 1 bias 
Fine tuning increased fitness by 0.0000010138184085572988 to 0.9985998230268974 adjusted 4 weights, 1 bias 
Discovered beneficial synapse from input-1295 to output-2 with weight 0.9644, helping 32.5% more records than it harms (2225/3359)
Discovery 7cc81987 analyze time 12s 942ms found 1 candidates
Training f837e5cb with 1 binary file, target error: 0.000001, iterations: 1, sample rate: 100%, sparse: 100%
Fine tuning increased fitness by 0.00000133215253972363 to 0.9986011551794371 adjusted 4 weights, 1 bias 
Discovered harmful synapse from input-848 to output-2, harming 12.0% more records than it helps (1243/3359)
Discovery 7cc81987 analyze harmful time 665ms found 1 candidates
Discovery 7cc81987 analyze squashes time 432ms found 2 candidates, Summary: output-0 LOGISTIC -> BENT_IDENTITY improved: 40.9% error: 49.5850 -> 29.3199,387a76c6-268c-4a43-a89f-23a63647fd41 LeakyReLU -> Softplus improved: 5.8% error: 0.0191 -> 0.0180
Fine tuning increased fitness by 0.0000013181845729404174 to 0.9986024733640101 adjusted 4 weights, 1 bias 
Discovery 9f5d248e with 1 binary files, sample rate: 100%, batch size: 512
Discovery 9f5d248e initialize time 88ms
Discovery 9f5d248e processing .trainData-fx_c_88/USDINR/data.bin
Discovery 9f5d248e read time 4ms for .trainData-fx_c_88/USDINR/data.bin with 3359 records
Discovery 9f5d248e scanning time 1s 8ms
Training 75468b5f with 1 binary file, target error: 0.000001, iterations: 1, sample rate: 100%, sparse: 100%
Fine tuning increased fitness by 1.1458395554608813e-7 to 0.9986025879479656 adjusted 4 weights, 1 bias 
Discovery 9f5d248e recorded time 1s 833ms
Fine tuning increased fitness by 1.7168140020729084e-8 to 0.9986026051161057 adjusted 4 weights, 1 bias 
Training e0ef6095 with 1 binary file, target error: 0.000001, iterations: 1, sample rate: 100%, sparse: 100%
Fine tuning increased fitness by 8.283227215244438e-9 to 0.9986026133993329 adjusted 4 weights, 1 bias 
Fine tuning increased fitness by 4.510025386483818e-8 to 0.9986026584995867 adjusted 322 weights, 8 biases 
Training 0ec8b6d2 with 1 binary file, target error: 0.000001, iterations: 1, sample rate: 100%, sparse: 100%
Generation 40 score 0.9986026845938075  error 0.0013871645732762487 avg time 1s 318ms
Training 622cdba4 with 1 binary file, target error: 0.000001, iterations: 1, sample rate: 100%, sparse: 100%
Discovered beneficial synapse from input-48 to output-0 with weight 1.0000, helping 14.0% more records than it harms (1914/3359)
Discovery 9f5d248e analyze time 6s 587ms found 1 candidates
Discovery 9f5d248e analyze harmful time 243ms found 0 candidates
Discovery 9f5d248e analyze squashes time 243ms found 1 candidate, Summary: output-0 LOGISTIC -> BENT_IDENTITY improved: 40.9% error: 49.5849 -> 29.3200
Over populated 52, expected 50.
Discovery c13f61ac with 1 binary files, sample rate: 100%, batch size: 512
Discovery c13f61ac initialize time 86ms
Discovery c13f61ac processing .trainData-fx_c_88/USDINR/data.bin
Discovery c13f61ac read time 5ms for .trainData-fx_c_88/USDINR/data.bin with 3359 records
Discovery c13f61ac scanning time 951ms
Training 069cf142 with 1 binary file, target error: 0.000001, iterations: 1, sample rate: 100%, sparse: 100%
Fine tuning increased fitness by 1.2204887545053111e-8 to 0.9986027169637719 adjusted 197 weights, 5 biases 
Discovery c13f61ac recorded time 1s 841ms
Training de0a61e5 with 1 binary file, target error: 0.000001, iterations: 1, sample rate: 100%, sparse: 100%
Fine tuning increased fitness by 2.9250835753558135e-8 to 0.9986027462146077 adjusted 197 weights, 5 biases 
Training 1757a693 with 1 binary file, target error: 0.000001, iterations: 1, sample rate: 100%, sparse: 100%
Fine tuning increased fitness by 4.215693405473786e-8 to 0.9986027883715417 adjusted 197 weights, 5 biases 
Training 26105217 with 1 binary file, target error: 0.000001, iterations: 1, sample rate: 100%, sparse: 100%
Training b0eb701c with 1 binary file, target error: 0.000001, iterations: 1, sample rate: 100%, sparse: 100%
Training 90f13361 with 1 binary file, target error: 0.000001, iterations: 1, sample rate: 100%, sparse: 100%
Fine tuning increased fitness by 0.0000032275552671601204 to 0.9986201127126052 adjusted 61 weights, 3 biases 
Generation 50 score 0.9986202201031508  error 0.0013696290639374736 avg time 1s 700ms
Training b529c11b with 1 binary file, target error: 0.000001, iterations: 1, sample rate: 100%, sparse: 100%
Discovered beneficial synapse from input-48 to output-0 with weight 1.0000, helping 13.9% more records than it harms (1913/3359)
Discovery c13f61ac analyze time 14s 527ms found 1 candidates
Training 4621a8c8 with 1 binary file, target error: 0.000001, iterations: 1, sample rate: 100%, sparse: 100%
Discovered harmful synapse from input-848 to output-2, harming 12.3% more records than it helps (1238/3359)
Discovery c13f61ac analyze harmful time 761ms found 1 candidates
Discovery c13f61ac analyze squashes time 235ms found 1 candidate, Summary: output-0 LOGISTIC -> BENT_IDENTITY improved: 40.8% error: 49.6420 -> 29.3647
Training 6a8b04ee with 1 binary file, target error: 0.000001, iterations: 1, sample rate: 100%, sparse: 100%
Fine tuning increased fitness by 1.1056604010128979e-7 to 0.9986205272063367 adjusted 102 weights, 2 biases 
Discovery 6a8b04ee with 1 binary files, sample rate: 100%, batch size: 512
Discovery 6a8b04ee initialize time 83ms
Discovery 6a8b04ee processing .trainData-fx_c_88/USDINR/data.bin
Discovery 6a8b04ee read time 3ms for .trainData-fx_c_88/USDINR/data.bin with 3359 records
Discovery 6a8b04ee scanning time 976ms
Training 1ff98418 with 1 binary file, target error: 0.000001, iterations: 1, sample rate: 100%, sparse: 100%
Discovery 6a8b04ee recorded time 1s 841ms
Fine tuning increased fitness by 6.003332519988192e-8 to 0.9986207585265324 adjusted 23 weights, 1 bias 
Training 74638f62 with 1 binary file, target error: 0.000001, iterations: 1, sample rate: 100%, sparse: 100%
Fine tuning increased fitness by 1.489004475274669e-10 to 0.9986207586754329 adjusted 20 weights, 1 bias 
Training e1b1a386 with 1 binary file, target error: 0.000001, iterations: 1, sample rate: 100%, sparse: 100%
Culling duplicate creature at 45 of 51
DeDuplication of 1 creatures to 50 in 11ms (previous experiment )
Fine tuning increased fitness by 0.0000014433401511748656 to 0.9986227870420699 adjusted 589 weights, 4 biases 
Training f0bfdb93 with 1 binary file, target error: 0.000001, iterations: 1, sample rate: 100%, sparse: 100%
Fine tuning increased fitness by 0.0000021970313971442224 to 0.998624984073467 adjusted 589 weights, 4 biases 
Generation 60 score 0.998624984073467  error 0.0013648650936408033 avg time 1s 580ms
Training 5a290403 with 1 binary file, target error: 0.000001, iterations: 1, sample rate: 100%, sparse: 100%
Fine tuning increased fitness by 0.000002339772861792433 to 0.9986273238463288 adjusted 589 weights, 4 biases 
Training 88fddf61 with 1 binary file, target error: 0.000001, iterations: 1, sample rate: 100%, sparse: 100%
Discovered beneficial synapse from input-1295 to output-2 with weight 0.9701, helping 31.6% more records than it harms (2210/3359)
Discovery 6a8b04ee analyze time 14s 398ms found 1 candidates
Discovered harmful synapse from input-848 to output-2, harming 12.3% more records than it helps (1238/3359)
Discovery 6a8b04ee analyze harmful time 825ms found 1 candidates
Training b62703a2 with 1 binary file, target error: 0.000001, iterations: 1, sample rate: 100%, sparse: 100%
Fine tuning increased fitness by 5.003682193027714e-7 to 0.9986294292974143 adjusted 40 weights, 2 biases 
Discovery 6a8b04ee analyze squashes time 422ms found 2 candidates, Summary: output-0 LOGISTIC -> BENT_IDENTITY improved: 40.8% error: 49.6443 -> 29.3671,output-2 LeakyReLU -> SELU improved: 14.8% error: 0.5966 -> 0.5082
Fine tuning increased fitness by 6.812524392385555e-7 to 0.9986301105498535 adjusted 40 weights, 2 biases 
Discovery 7a18ee87 with 1 binary files, sample rate: 100%, batch size: 512
Discovery 7a18ee87 initialize time 85ms
Discovery 7a18ee87 processing .trainData-fx_c_88/USDINR/data.bin
Discovery 7a18ee87 read time 4ms for .trainData-fx_c_88/USDINR/data.bin with 3359 records
Discovery 7a18ee87 scanning time 1s 63ms
Training f7c7ec80 with 1 binary file, target error: 0.000001, iterations: 1, sample rate: 100%, sparse: 100%
Fine tuning increased fitness by 3.3080249928207905e-7 to 0.9986304413523528 adjusted 40 weights, 2 biases 
Discovery 7a18ee87 recorded time 1s 696ms
Fine tuning increased fitness by 1.2438303731432399e-7 to 0.9986305657353901 adjusted 40 weights, 2 biases 
Training 35053247 with 1 binary file, target error: 0.000001, iterations: 1, sample rate: 100%, sparse: 100%
Training 1dbd12d7 with 1 binary file, target error: 0.000001, iterations: 1, sample rate: 100%, sparse: 100%
Fine tuning increased fitness by 1.5673945230609831e-7 to 0.9986309952011092 adjusted 515 weights, 3 biases 
Discovered beneficial synapse from input-48 to output-0 with weight 1.0000, helping 14.3% more records than it harms (1919/3359)
Discovery 7a18ee87 analyze time 6s 631ms found 1 candidates
Discovery 7a18ee87 analyze harmful time 245ms found 0 candidates
Discovery 7a18ee87 analyze squashes time 244ms found 1 candidate, Summary: output-0 LOGISTIC -> BENT_IDENTITY improved: 40.3% error: 49.3906 -> 29.5022
Generation 70 score 0.9986309952011092  error 0.0013588539660903517 avg time 1s 631ms
Training ad328d0e with 1 binary file, target error: 0.000001, iterations: 1, sample rate: 100%, sparse: 100%
Discovery ad328d0e with 1 binary files, sample rate: 100%, batch size: 512
Discovery ad328d0e initialize time 81ms
Discovery ad328d0e processing .trainData-fx_c_88/USDINR/data.bin
Discovery ad328d0e read time 4ms for .trainData-fx_c_88/USDINR/data.bin with 3359 records
Discovery ad328d0e scanning time 1s 8ms
Training 59af182e with 1 binary file, target error: 0.000001, iterations: 1, sample rate: 100%, sparse: 100%
Fine tuning increased fitness by 9.214277609803645e-7 to 0.9986325164596322 adjusted 514 weights, 3 biases 
Discovery ad328d0e recorded time 1s 893ms
Fine tuning increased fitness by 0.0000017392976258134851 to 0.9986342557572581 adjusted 514 weights, 3 biases 
Training 01e3cdb6 with 1 binary file, target error: 0.000001, iterations: 1, sample rate: 100%, sparse: 100%
Fine tuning increased fitness by 0.0000029326266746121377 to 0.9986371883839327 adjusted 514 weights, 3 biases 
Training c097748a with 1 binary file, target error: 0.000001, iterations: 1, sample rate: 100%, sparse: 100%
Fine tuning increased fitness by 0.000004664137271404023 to 0.9986459662033176 adjusted 300 weights, 1 bias 
Fine tuning increased fitness by 5.079045131139992e-7 to 0.9986464741078307 adjusted 300 weights, 1 bias 
Discovered beneficial synapse from input-48 to output-0 with weight 1.0000, helping 14.0% more records than it harms (1914/3359)
Discovery ad328d0e analyze time 7s 323ms found 1 candidates
Discovered harmful synapse from input-848 to output-2, harming 12.3% more records than it helps (1238/3359)
Discovery ad328d0e analyze harmful time 675ms found 1 candidates
Discovery ad328d0e analyze squashes time 222ms found 1 candidate, Summary: output-0 LOGISTIC -> BENT_IDENTITY improved: 40.4% error: 48.9004 -> 29.1521
Training f1cc1da0 with 1 binary file, target error: 0.000001, iterations: 1, sample rate: 100%, sparse: 100%
Discovery f1cc1da0 with 1 binary files, sample rate: 100%, batch size: 512
Fine tuning increased fitness by 1.1138000743926568e-8 to 0.9986464852458314 adjusted 300 weights, 1 bias 
Discovery f1cc1da0 initialize time 85ms
Discovery f1cc1da0 processing .trainData-fx_c_88/USDINR/data.bin
Fine tuning increased fitness by 1.6546678471840437e-8 to 0.9986465017925099 adjusted 300 weights, 1 bias 
Discovery f1cc1da0 read time 2ms for .trainData-fx_c_88/USDINR/data.bin with 3359 records
Discovery f1cc1da0 scanning time 1s 301ms
Discovery f1cc1da0 recorded time 1s 997ms
Training 09b82361 with 1 binary file, target error: 0.000001, iterations: 1, sample rate: 100%, sparse: 100%
Generation 80 score 0.9986465456950644  error 0.0013433034721046931 avg time 1s 413ms
Fine tuning increased fitness by 7.436993409992709e-8 to 0.9986466200649985 adjusted 509 weights, 2 biases 
Training 0f133ca7 with 1 binary file, target error: 0.000001, iterations: 1, sample rate: 100%, sparse: 100%
Fine tuning increased fitness by 9.699931391438099e-8 to 0.9986467847025948 adjusted 209 weights, 1 bias 
Training 916445a1 with 1 binary file, target error: 0.000001, iterations: 1, sample rate: 100%, sparse: 100%
Fine tuning increased fitness by 1.100583708613101e-7 to 0.9986468947609657 adjusted 209 weights, 1 bias 
Discovered beneficial synapse from input-48 to output-0 with weight 1.0000, helping 14.0% more records than it harms (1914/3359)
Discovery f1cc1da0 analyze time 6s 634ms found 1 candidates
Discovery f1cc1da0 analyze harmful time 281ms found 0 candidates
Fine tuning increased fitness by 1.0835581953916318e-7 to 0.9986470031167852 adjusted 209 weights, 1 bias 
Discovery f1cc1da0 analyze squashes time 246ms found 1 candidate, Summary: output-0 LOGISTIC -> BENT_IDENTITY improved: 40.4% error: 48.8857 -> 29.1457
Training 3d2eef75 with 1 binary file, target error: 0.000001, iterations: 1, sample rate: 100%, sparse: 100%
Discovery 3d2eef75 with 1 binary files, sample rate: 100%, batch size: 512
Fine tuning increased fitness by 1.2764217605099049e-7 to 0.9986471307589613 adjusted 209 weights, 1 bias 
Discovery 3d2eef75 initialize time 83ms
Discovery 3d2eef75 processing .trainData-fx_c_88/USDINR/data.bin
Discovery 3d2eef75 read time 1ms for .trainData-fx_c_88/USDINR/data.bin with 3359 records
Discovery 3d2eef75 scanning time 1s 52ms
Fine tuning increased fitness by 1.4107824175546568e-7 to 0.998647271837203 adjusted 209 weights, 1 bias 
Discovery 3d2eef75 recorded time 1s 782ms
Training b4ac40ac with 1 binary file, target error: 0.000001, iterations: 1, sample rate: 100%, sparse: 100%
Fine tuning increased fitness by 1.0314445919590298e-7 to 0.9986473749816622 adjusted 209 weights, 1 bias 
Fine tuning increased fitness by 1.178319343209111e-7 to 0.9986474928135965 adjusted 209 weights, 1 bias 
Training 2ea8db8b with 1 binary file, target error: 0.000001, iterations: 1, sample rate: 100%, sparse: 100%
Fine tuning increased fitness by 1.4057031061387448e-7 to 0.9986476333839072 adjusted 209 weights, 1 bias 
Generation 90 score 0.9986476333839072  error 0.0013422157832675974 avg time 1s 265ms
Fine tuning increased fitness by 1.592256226867761e-7 to 0.9986477926095298 adjusted 209 weights, 1 bias 
Training 43ea10d2 with 1 binary file, target error: 0.000001, iterations: 1, sample rate: 100%, sparse: 100%
Fine tuning increased fitness by 3.2714850606296864e-8 to 0.9986478253243805 adjusted 209 weights, 1 bias 
Training 9a83cf79 with 1 binary file, target error: 0.000001, iterations: 1, sample rate: 100%, sparse: 100%
Training b2dc8b45 with 1 binary file, target error: 0.000001, iterations: 1, sample rate: 100%, sparse: 100%
Training 43ea10d2 increased fitness by 2.21234730535258e-9 to 0.9986478275367278
Training 9a83cf79 increased fitness by 4.152820831659909e-8 to 0.9986478690649361
Discovered beneficial synapse from input-1295 to output-2 with weight 0.9679, helping 31.9% more records than it harms (2216/3359)
Discovery 3d2eef75 analyze time 12s 876ms found 1 candidates
Training 546976d0 with 1 binary file, target error: 0.000001, iterations: 1, sample rate: 100%, sparse: 100%
Discovery 3d2eef75 analyze harmful time 253ms found 0 candidates
Discovery 3d2eef75 analyze squashes time 229ms found 1 candidate, Summary: output-0 LOGISTIC -> BENT_IDENTITY improved: 40.4% error: 49.6499 -> 29.5990
Fine tuning increased fitness by 1.2590605336093574e-8 to 0.9986478926315084 adjusted 114 weights, 4 biases 
Discovery 2d06cd03 with 1 binary files, sample rate: 100%, batch size: 512
Discovery 2d06cd03 initialize time 84ms
Discovery 2d06cd03 processing .trainData-fx_c_88/USDINR/data.bin
Discovery 2d06cd03 read time 2ms for .trainData-fx_c_88/USDINR/data.bin with 3359 records
Discovery 2d06cd03 scanning time 951ms
Discovery 2d06cd03 recorded time 1s 864ms
Over populated 52, expected 50.
Fine tuning increased fitness by 1.5734778324727472e-7 to 0.9986481898102978 adjusted 518 weights, 7 biases 
Generation 100 score 0.9986481898102978  error 0.001341659356875422 avg time 1s 544ms
Fine tuning increased fitness by 2.3951665617527595e-7 to 0.998648429326954 adjusted 491 weights, 7 biases 
Fine tuning increased fitness by 5.638171425292882e-7 to 0.9986489931440965 adjusted 644 weights, 9 biases 
Fine tuning increased fitness by 6.581084316392705e-7 to 0.9986496512525281 adjusted 619 weights, 9 biases 
Discovered beneficial synapse from input-48 to output-0 with weight 1.0000, helping 13.8% more records than it harms (1912/3359)
Discovery 2d06cd03 analyze time 6s 597ms found 1 candidates
Discovery 2d06cd03 analyze harmful time 243ms found 0 candidates
Discovery 2d06cd03 analyze squashes time 390ms found 2 candidates, Summary: output-0 LOGISTIC -> BENT_IDENTITY improved: 40.3% error: 49.3851 -> 29.4627,output-2 LeakyReLU -> SELU improved: 15.0% error: 0.5981 -> 0.5084
Fine tuning increased fitness by 6.282549817049343e-7 to 0.9986511356086818 adjusted 579 weights, 7 biases 
Fine tuning increased fitness by 2.2064748395056455e-7 to 0.9986513562561657 adjusted 579 weights, 7 biases 
Fine tuning increased fitness by 1.9576294463252708e-7 to 0.9986515520191104 adjusted 579 weights, 7 biases 
Fine tuning increased fitness by 5.236583403567252e-7 to 0.9986525044439403 adjusted 574 weights, 7 biases 
Generation 110 score 0.9986537663605758  error 0.0013360828066346895 avg time 1s 623ms
Fine tuning increased fitness by 0.0000015107196478236773 to 0.9986552770802236 adjusted 299 weights, 5 biases 
Fine tuning increased fitness by 0.0000024361531016925397 to 0.9986577132333253 adjusted 299 weights, 5 biases 
Fine tuning increased fitness by 0.000003769753149085453 to 0.9986614829864744 adjusted 299 weights, 5 biases 
Fine tuning increased fitness by 0.0000034136502090609255 to 0.9986741021984943 adjusted 202 weights, 4 biases 
Fine tuning increased fitness by 2.2386271769647692e-7 to 0.998674326061212 adjusted 202 weights, 4 biases 
Fine tuning increased fitness by 3.43721245132933e-7 to 0.9986746697824571 adjusted 1 weight 
Generation 117 score 0.9986746697824571  error 0.0013151693848275994 avg time 1s 53ms
{
  error: 0.0013151693848275994,
  score: 0.9986746697824571,
  generation: 117,
  time: 181172
}

=== Processing EURUSD (7/10) ===
1 mutation, mutation rate 7.6%, elitism 7, mutation ALL, selection FITNESS_PROPORTIONATE
Creature count: 48
Training 5792033a with 1 binary file, target error: 0.000001, iterations: 1, sample rate: 100%, sparse: 100%
Discovery 5792033a with 1 binary files, sample rate: 100%, batch size: 512
Discovery 5792033a initialize time 88ms
Discovery 5792033a processing .trainData-fx_c_88/EURUSD/data.bin
Discovery 5792033a read time 4ms for .trainData-fx_c_88/EURUSD/data.bin with 3359 records
Discovery 5792033a scanning time 1s 25ms
Discovery 5792033a recorded time 1s 732ms
Training 62948571 with 1 binary file, target error: 0.000001, iterations: 1, sample rate: 100%, sparse: 100%
Fine tuning increased fitness by 2.413107003107484e-8 to 0.9975262736097499 adjusted 50 weights, 1 bias 
Training 67cf6e09 with 1 binary file, target error: 0.000001, iterations: 1, sample rate: 100%, sparse: 100%
Fine tuning increased fitness by 9.933672895368062e-8 to 0.9975263729464788 adjusted 50 weights, 1 bias 
Fine tuning increased fitness by 1.0039629350089285e-7 to 0.9975264733427723 adjusted 50 weights, 1 bias 
Training e8ce9a26 with 1 binary file, target error: 0.000001, iterations: 1, sample rate: 100%, sparse: 100%
Fine tuning increased fitness by 6.688530962417616e-8 to 0.997526540228082 adjusted 50 weights, 1 bias 
Training 33ead7b4 with 1 binary file, target error: 0.000001, iterations: 1, sample rate: 100%, sparse: 100%
Generation 10 score 0.9975274050928685  error 0.0024634341150599815 avg time 1s 294ms
Training da5d0730 with 1 binary file, target error: 0.000001, iterations: 1, sample rate: 100%, sparse: 100%
Training 0c143530 with 1 binary file, target error: 0.000001, iterations: 1, sample rate: 100%, sparse: 100%
Training f297ec88 with 1 binary file, target error: 0.000001, iterations: 1, sample rate: 100%, sparse: 100%
Discovered beneficial synapse from input-11 to output-0 with weight 1.0000, helping 49.6% more records than it harms (1666/3359)
Discovery 5792033a analyze time 17s 665ms found 1 candidates
Discovered harmful synapse from input-382 to output-2, harming 17.2% more records than it helps (1390/3359)
Discovery 5792033a analyze harmful time 321ms found 1 candidates
Discovery 5792033a analyze squashes time 215ms found 1 candidate, Summary: output-2 LeakyReLU -> LogSigmoid improved: 20.2% error: 15.7061 -> 12.5361
Training 390e58d6 with 1 binary file, target error: 0.000001, iterations: 1, sample rate: 100%, sparse: 100%
Fine tuning increased fitness by 1.1704899627318355e-7 to 0.9975282868400949 adjusted 162 weights, 2 biases 
Discovery 390e58d6 with 1 binary files, sample rate: 100%, batch size: 512
Discovery 390e58d6 initialize time 87ms
Discovery 390e58d6 processing .trainData-fx_c_88/EURUSD/data.bin
Fine tuning increased fitness by 2.149290422304162e-7 to 0.9975285017691371 adjusted 162 weights, 2 biases 
Discovery 390e58d6 read time 1ms for .trainData-fx_c_88/EURUSD/data.bin with 3359 records
Discovery 390e58d6 scanning time 1s 337ms
Discovery 390e58d6 recorded time 1s 908ms
Training 1b66c76a with 1 binary file, target error: 0.000001, iterations: 1, sample rate: 100%, sparse: 100%
Fine tuning increased fitness by 2.7354392495571034e-7 to 0.9975291016302946 adjusted 162 weights, 2 biases 
Generation 20 score 0.9975291016302946  error 0.0024617375776348417 avg time 1s 274ms
Training 0ced7b80 with 1 binary file, target error: 0.000001, iterations: 1, sample rate: 100%, sparse: 100%
Fine tuning increased fitness by 4.1263116457024296e-7 to 0.9975295142614592 adjusted 162 weights, 2 biases 
Fine tuning increased fitness by 6.503881760933083e-7 to 0.9975301646496353 adjusted 162 weights, 2 biases 
Training a4630c58 with 1 binary file, target error: 0.000001, iterations: 1, sample rate: 100%, sparse: 100%
Fine tuning increased fitness by 0.0000012459960966326733 to 0.9975316593201599 adjusted 281 weights, 4 biases 
Training 945ee741 with 1 binary file, target error: 0.000001, iterations: 1, sample rate: 100%, sparse: 100%
Fine tuning increased fitness by 3.848066110201387e-8 to 0.997531697800821 adjusted 281 weights, 4 biases 
Training 71210c45 with 1 binary file, target error: 0.000001, iterations: 1, sample rate: 100%, sparse: 100%
Training 4794e896 with 1 binary file, target error: 0.000001, iterations: 1, sample rate: 100%, sparse: 100%
Discovered beneficial synapse from input-797 to c1faaa82-b20e-4669-bea5-b7e84d6b1938 with weight -1.0000, helping 13.5% more records than it harms (1907/3359)
Discovery 390e58d6 analyze time 13s 728ms found 1 candidates
Discovered harmful synapse from input-1505 to c1faaa82-b20e-4669-bea5-b7e84d6b1938, harming 10.1% more records than it helps (1510/3359)
Discovery 390e58d6 analyze harmful time 354ms found 1 candidates
Discovery 390e58d6 analyze squashes time 325ms found 1 candidate, Summary: c1faaa82-b20e-4669-bea5-b7e84d6b1938 LeakyReLU -> LogSigmoid improved: 4.4% error: 277.8397 -> 265.5370
Fine tuning increased fitness by 1.4038536000349211e-8 to 0.9975327070649145 adjusted 72 weights, 3 biases 
Discovery 788b7e4e with 1 binary files, sample rate: 100%, batch size: 512
Discovery 788b7e4e initialize time 85ms
Discovery 788b7e4e processing .trainData-fx_c_88/EURUSD/data.bin
Over populated 52, expected 50.
Generation 30 score 0.9975327070649145  error 0.002458132143001764 avg time 1s 291ms
Discovery 788b7e4e read time 6ms for .trainData-fx_c_88/EURUSD/data.bin with 3359 records
Discovery 788b7e4e scanning time 1s 249ms
Training 17f0a6bf with 1 binary file, target error: 0.000001, iterations: 1, sample rate: 100%, sparse: 100%
Discovery 788b7e4e recorded time 1s 814ms
Fine tuning increased fitness by 7.669425206024982e-9 to 0.9975333045960085 adjusted 122 weights, 3 biases 
Training 3503fc2b with 1 binary file, target error: 0.000001, iterations: 1, sample rate: 100%, sparse: 100%
Fine tuning increased fitness by 3.683433877910147e-7 to 0.9975341177426608 adjusted 279 weights, 4 biases 
Training 1f7b44f8 with 1 binary file, target error: 0.000001, iterations: 1, sample rate: 100%, sparse: 100%
Training 0610e5d0 with 1 binary file, target error: 0.000001, iterations: 1, sample rate: 100%, sparse: 100%
Discovered beneficial synapse from input-797 to c1faaa82-b20e-4669-bea5-b7e84d6b1938 with weight -1.0000, helping 13.5% more records than it harms (1906/3359)
Discovery 788b7e4e analyze time 7s 329ms found 1 candidates
Discovery 788b7e4e analyze harmful time 360ms found 0 candidates
Discovery 788b7e4e analyze squashes time 242ms found 1 candidate, Summary: c1faaa82-b20e-4669-bea5-b7e84d6b1938 LeakyReLU -> LogSigmoid improved: 4.4% error: 277.1436 -> 264.8993
Training 8f918bee with 1 binary file, target error: 0.000001, iterations: 1, sample rate: 100%, sparse: 100%
Discovery 8f918bee with 1 binary files, sample rate: 100%, batch size: 512
Discovery 8f918bee initialize time 87ms
Discovery 8f918bee processing .trainData-fx_c_88/EURUSD/data.bin
Discovery 8f918bee read time 6ms for .trainData-fx_c_88/EURUSD/data.bin with 3359 records
Discovery 8f918bee scanning time 1s 118ms
Fine tuning increased fitness by 5.821828408247853e-8 to 0.9975346343493126 adjusted 83 weights, 3 biases 
Discovery 8f918bee recorded time 1s 873ms
Generation 40 score 0.9975346343493126  error 0.002456184858862032 avg time 1s 282ms
Training 542a9f49 with 1 binary file, target error: 0.000001, iterations: 1, sample rate: 100%, sparse: 100%
Over populated 52, expected 50.
Fine tuning increased fitness by 1.3138535825962805e-7 to 0.9975348871637376 adjusted 545 weights, 7 biases 
Training 622e0880 with 1 binary file, target error: 0.000001, iterations: 1, sample rate: 100%, sparse: 100%
Fine tuning increased fitness by 1.609993718343361e-7 to 0.9975350481631095 adjusted 545 weights, 7 biases 
Fine tuning increased fitness by 2.1200597222215123e-7 to 0.9975352601690817 adjusted 545 weights, 7 biases 
Training 2a12e908 with 1 binary file, target error: 0.000001, iterations: 1, sample rate: 100%, sparse: 100%
Fine tuning increased fitness by 2.653244741690486e-7 to 0.9975355254935558 adjusted 545 weights, 7 biases 
Over populated 52, expected 50.
Fine tuning increased fitness by 3.126994120306037e-7 to 0.9975358381929679 adjusted 545 weights, 7 biases 
Training 77adc5be with 1 binary file, target error: 0.000001, iterations: 1, sample rate: 100%, sparse: 100%
Fine tuning increased fitness by 3.2739054589558947e-7 to 0.9975361655835138 adjusted 545 weights, 7 biases 
Over populated 52, expected 50.
Fine tuning increased fitness by 3.7687720177981276e-7 to 0.9975365424607155 adjusted 545 weights, 7 biases 
Training b1f30185 with 1 binary file, target error: 0.000001, iterations: 1, sample rate: 100%, sparse: 100%
Over populated 52, expected 50.
Fine tuning increased fitness by 5.6978700646581615e-8 to 0.9975374381654748 adjusted 527 weights, 7 biases 
Generation 50 score 0.9975374381654748  error 0.0024533810427265178 avg time 1s 404ms
Training a36da950 with 1 binary file, target error: 0.000001, iterations: 1, sample rate: 100%, sparse: 100%
Fine tuning increased fitness by 2.2290028711680065e-9 to 0.9975374403944777 adjusted 527 weights, 7 biases 
Over populated 52, expected 50.
Fine tuning increased fitness by 7.518720623878039e-8 to 0.9975375155816839 adjusted 527 weights, 7 biases 
Training e35e33bd with 1 binary file, target error: 0.000001, iterations: 1, sample rate: 100%, sparse: 100%
Fine tuning increased fitness by 1.446361093115911e-7 to 0.9975376602177932 adjusted 527 weights, 7 biases 
Discovered beneficial synapse from input-1306 to output-2 with weight -1.0000, helping 25.5% more records than it harms (2107/3359)
Discovery 8f918bee analyze time 17s 942ms found 1 candidates
Discovered harmful synapse from input-1505 to c1faaa82-b20e-4669-bea5-b7e84d6b1938, harming 10.1% more records than it helps (1510/3359)
Discovery 8f918bee analyze harmful time 360ms found 1 candidates
Over populated 52, expected 50.
Discovery 8f918bee analyze squashes time 477ms found 2 candidates, Summary: output-2 LeakyReLU -> LogSigmoid improved: 20.1% error: 15.7118 -> 12.5469,c1faaa82-b20e-4669-bea5-b7e84d6b1938 LeakyReLU -> LogSigmoid improved: 4.4% error: 277.5764 -> 265.2903
Fine tuning increased fitness by 9.76550111886354e-8 to 0.9975377578728044 adjusted 527 weights, 7 biases 
Discovery 16a62a1a with 1 binary files, sample rate: 100%, batch size: 512
Discovery 16a62a1a initialize time 87ms
Discovery 16a62a1a processing .trainData-fx_c_88/EURUSD/data.bin
Discovery 16a62a1a read time  for .trainData-fx_c_88/EURUSD/data.bin with 3359 records
Discovery 16a62a1a scanning time 1s 9ms
Training 80c41369 with 1 binary file, target error: 0.000001, iterations: 1, sample rate: 100%, sparse: 100%
Fine tuning increased fitness by 5.990242135656132e-8 to 0.9975378177752258 adjusted 527 weights, 7 biases 
Discovery 16a62a1a recorded time 1s 953ms
Fine tuning increased fitness by 2.33689947282123e-7 to 0.997538051465173 adjusted 527 weights, 7 biases 
Training a0c0f822 with 1 binary file, target error: 0.000001, iterations: 1, sample rate: 100%, sparse: 100%
Fine tuning increased fitness by 1.2094376078408686e-7 to 0.9975381724089338 adjusted 527 weights, 7 biases 
Over populated 52, expected 50.
Fine tuning increased fitness by 6.947812125623898e-8 to 0.9975382418870551 adjusted 527 weights, 7 biases 
Training a151b1bd with 1 binary file, target error: 0.000001, iterations: 1, sample rate: 100%, sparse: 100%
Fine tuning increased fitness by 1.763335710780467e-7 to 0.9975384182206262 adjusted 527 weights, 7 biases 
Fine tuning increased fitness by 7.734629425826256e-8 to 0.9975384955669204 adjusted 527 weights, 7 biases 
Generation 60 score 0.9975384955669204  error 0.002452323641291966 avg time 1s 455ms
Discovered beneficial synapse from input-797 to c1faaa82-b20e-4669-bea5-b7e84d6b1938 with weight -1.0000, helping 13.4% more records than it harms (1904/3359)
Discovery 16a62a1a analyze time 7s 636ms found 1 candidates
Training c20280f7 with 1 binary file, target error: 0.000001, iterations: 1, sample rate: 100%, sparse: 100%
Fine tuning increased fitness by 6.193153623268444e-8 to 0.9975385574984567 adjusted 527 weights, 7 biases 
Discovery 16a62a1a analyze harmful time 566ms found 0 candidates
Discovery 16a62a1a analyze squashes time 449ms found 2 candidates, Summary: c1faaa82-b20e-4669-bea5-b7e84d6b1938 LeakyReLU -> LogSigmoid improved: 5.2% error: 194.0531 -> 183.9338,output-2 LeakyReLU -> LogSigmoid improved: 20.1% error: 15.7118 -> 12.5469
Over populated 52, expected 50.
Discovery c659d167 with 1 binary files, sample rate: 100%, batch size: 512
Discovery c659d167 initialize time 84ms
Discovery c659d167 processing .trainData-fx_c_88/EURUSD/data.bin
Discovery c659d167 read time 2ms for .trainData-fx_c_88/EURUSD/data.bin with 3359 records
Discovery c659d167 scanning time 1s 4ms
Training fade927b with 1 binary file, target error: 0.000001, iterations: 1, sample rate: 100%, sparse: 100%
Fine tuning increased fitness by 2.3852271491264787e-8 to 0.997538625691149 adjusted 434 weights, 7 biases 
Discovery c659d167 recorded time 1s 798ms
Over populated 52, expected 50.
Fine tuning increased fitness by 3.535595249903878e-8 to 0.9975386610471015 adjusted 434 weights, 7 biases 
Training 0a973ebc with 1 binary file, target error: 0.000001, iterations: 1, sample rate: 100%, sparse: 100%
Fine tuning increased fitness by 3.014524618816239e-8 to 0.9975386911923477 adjusted 434 weights, 7 biases 
Over populated 52, expected 50.
Fine tuning increased fitness by 3.262460757103014e-8 to 0.9975387238169553 adjusted 434 weights, 7 biases 
Training d0b37455 with 1 binary file, target error: 0.000001, iterations: 1, sample rate: 100%, sparse: 100%
Fine tuning increased fitness by 3.394407210866035e-8 to 0.9975387577610274 adjusted 434 weights, 7 biases 
Over populated 52, expected 50.
Fine tuning increased fitness by 2.5306975293126754e-8 to 0.9975387830680027 adjusted 434 weights, 7 biases 
Training 1b28deb5 with 1 binary file, target error: 0.000001, iterations: 1, sample rate: 100%, sparse: 100%
Fine tuning increased fitness by 8.793445416266366e-9 to 0.9975387918614481 adjusted 1 weight 
Generation 70 score 0.9975387993711811  error 0.0024520098371691324 avg time 1s 389ms
Training 6bee08d5 with 1 binary file, target error: 0.000001, iterations: 1, sample rate: 100%, sparse: 100%
Over populated 52, expected 50.
Fine tuning increased fitness by 1.6723563089904303e-8 to 0.9975388250632572 adjusted 219 weights, 3 biases 
Training 099d15d2 with 1 binary file, target error: 0.000001, iterations: 1, sample rate: 100%, sparse: 100%
Fine tuning increased fitness by 5.079893949933023e-9 to 0.9975388301431511 adjusted 219 weights, 3 biases 
Fine tuning increased fitness by 5.634763322603931e-9 to 0.9975388357779145 adjusted 219 weights, 3 biases 
Training 953bb3cd with 1 binary file, target error: 0.000001, iterations: 1, sample rate: 100%, sparse: 100%
Fine tuning increased fitness by 1.4901792022570248e-8 to 0.9975392626036966 adjusted 206 weights, 3 biases 
Training d69c7841 with 1 binary file, target error: 0.000001, iterations: 1, sample rate: 100%, sparse: 100%
Fine tuning increased fitness by 3.1836904001991684e-8 to 0.9975392944406006 adjusted 206 weights, 3 biases 
Training d955b3cb with 1 binary file, target error: 0.000001, iterations: 1, sample rate: 100%, sparse: 100%
Retrying increased fitness by 3.6352367782654937e-9 to 0.9975393230636613 adjusted 196 weights, 2 biases
Fine tuning increased fitness by 1.2107692348717336e-7 to 0.9975394441405848 adjusted 197 weights, 3 biases 
Generation 80 score 0.9975394441405848  error 0.0024512350682184985 avg time 1s 256ms
Training 8482f9a0 with 1 binary file, target error: 0.000001, iterations: 1, sample rate: 100%, sparse: 100%
Fine tuning increased fitness by 1.2214043254576978e-7 to 0.9975395662810174 adjusted 197 weights, 3 biases 
Discovered beneficial synapse from input-1306 to output-2 with weight -1.0000, helping 25.5% more records than it harms (2107/3359)
Discovery c659d167 analyze time 23s 280ms found 1 candidates
Discovered harmful synapse from input-382 to output-2, harming 17.9% more records than it helps (1379/3359)
Discovery c659d167 analyze harmful time 542ms found 1 candidates
Discovery c659d167 analyze squashes time 260ms found 1 candidate, Summary: c1faaa82-b20e-4669-bea5-b7e84d6b1938 LeakyReLU -> LogSigmoid improved: 5.2% error: 194.0474 -> 183.9278
Discovery 736ca18a with 1 binary files, sample rate: 100%, batch size: 512
Discovery 736ca18a initialize time 86ms
Discovery 736ca18a processing .trainData-fx_c_88/EURUSD/data.bin
Over populated 53, expected 50.
Discovery 736ca18a read time 4ms for .trainData-fx_c_88/EURUSD/data.bin with 3359 records
Discovery 736ca18a scanning time 989ms
Training 0f63b104 with 1 binary file, target error: 0.000001, iterations: 1, sample rate: 100%, sparse: 100%
Discovery 736ca18a recorded time 1s 843ms
Fine tuning increased fitness by 1.0792260285441557e-7 to 0.9975399050792053 adjusted 192 weights, 1 bias 
Training 02f30174 with 1 binary file, target error: 0.000001, iterations: 1, sample rate: 100%, sparse: 100%
Fine tuning increased fitness by 1.68876049033706e-7 to 0.9975400739552543 adjusted 192 weights, 1 bias 
Fine tuning increased fitness by 1.6254897694523152e-7 to 0.9975402365042313 adjusted 192 weights, 1 bias 
Training 7fda48b0 with 1 binary file, target error: 0.000001, iterations: 1, sample rate: 100%, sparse: 100%
Fine tuning increased fitness by 7.605197971383149e-8 to 0.997540312556211 adjusted 192 weights, 1 bias 
Training 9a61e2fd with 1 binary file, target error: 0.000001, iterations: 1, sample rate: 100%, sparse: 100%
Generation 90 score 0.9975403371843905  error 0.0024503420243876897 avg time 1s 291ms
Training 17bbf3c7 with 1 binary file, target error: 0.000001, iterations: 1, sample rate: 100%, sparse: 100%
Training aba53e42 with 1 binary file, target error: 0.000001, iterations: 1, sample rate: 100%, sparse: 100%
Fine tuning increased fitness by 6.544175201739222e-10 to 0.9975403419143366 adjusted 145 weights, 1 bias 
Fine tuning increased fitness by 5.5877658056147084e-8 to 0.9975403977919947 adjusted 620 weights, 11 biases 
Training 60e13f0c with 1 binary file, target error: 0.000001, iterations: 1, sample rate: 100%, sparse: 100%
Fine tuning increased fitness by 2.2315422842922317e-8 to 0.9975404201074175 adjusted 629 weights, 11 biases 
Fine tuning increased fitness by 4.828376032328663e-8 to 0.9975404683911778 adjusted 629 weights, 11 biases 
Training ae366c56 with 1 binary file, target error: 0.000001, iterations: 1, sample rate: 100%, sparse: 100%
Fine tuning increased fitness by 4.3674060479226284e-8 to 0.9975405120652383 adjusted 629 weights, 11 biases 
Over populated 52, expected 50.
Fine tuning increased fitness by 2.630046536111763e-8 to 0.9975405383657037 adjusted 629 weights, 11 biases 
Discovered beneficial synapse from input-1306 to output-2 with weight -1.0000, helping 25.2% more records than it harms (2103/3359)
Discovery 736ca18a analyze time 19s 211ms found 1 candidates
Discovery 736ca18a analyze harmful time 394ms found 0 candidates
Discovery 736ca18a analyze squashes time 442ms found 1 candidate, Summary: c1faaa82-b20e-4669-bea5-b7e84d6b1938 LeakyReLU -> LogSigmoid improved: 5.2% error: 194.0162 -> 183.8980
Training 603ed737 with 1 binary file, target error: 0.000001, iterations: 1, sample rate: 100%, sparse: 100%
Fine tuning increased fitness by 3.1237391007188364e-8 to 0.9975405696030947 adjusted 629 weights, 11 biases 
Discovery 603ed737 with 1 binary files, sample rate: 100%, batch size: 512
Discovery 603ed737 initialize time 83ms
Discovery 603ed737 processing .trainData-fx_c_88/EURUSD/data.bin
Over populated 54, expected 50.
Discovery 603ed737 read time 5ms for .trainData-fx_c_88/EURUSD/data.bin with 3359 records
Discovery 603ed737 scanning time 1s 22ms
Discovery 603ed737 recorded time 1s 965ms
Generation 100 score 0.9975406183498492  error 0.002450060858925085 avg time 1s 389ms
Training b05b02da with 1 binary file, target error: 0.000001, iterations: 1, sample rate: 100%, sparse: 100%
Fine tuning increased fitness by 6.892392789836777e-8 to 0.9975406872737771 adjusted 595 weights, 11 biases 
Over populated 52, expected 50.
Fine tuning increased fitness by 1.0155973673153795e-7 to 0.9975407888335138 adjusted 595 weights, 11 biases 
Training a1094f11 with 1 binary file, target error: 0.000001, iterations: 1, sample rate: 100%, sparse: 100%
Over populated 52, expected 50.
Fine tuning increased fitness by 1.3915398855424144e-7 to 0.9975410517549741 adjusted 230 weights, 4 biases 
Training 3e68be8e with 1 binary file, target error: 0.000001, iterations: 1, sample rate: 100%, sparse: 100%
Over populated 52, expected 50.
Fine tuning increased fitness by 6.828350587184673e-7 to 0.997544184559955 adjusted 231 weights, 4 biases 
Training 1db3cd10 with 1 binary file, target error: 0.000001, iterations: 1, sample rate: 100%, sparse: 100%
Fine tuning increased fitness by 1.9771552617342536e-8 to 0.9975442043315076 adjusted 214 weights, 3 biases 
Training 16029f10 with 1 binary file, target error: 0.000001, iterations: 1, sample rate: 100%, sparse: 100%
Over populated 52, expected 50.
Fine tuning increased fitness by 6.391567819452604e-8 to 0.9975443087266447 adjusted 379 weights, 4 biases 
Generation 110 score 0.9975443087266447  error 0.002446360482202863 avg time 1s 391ms
Training 710f8a33 with 1 binary file, target error: 0.000001, iterations: 1, sample rate: 100%, sparse: 100%
Fine tuning increased fitness by 9.494533470544297e-8 to 0.9975444036719794 adjusted 379 weights, 4 biases 
Fine tuning increased fitness by 1.5281392562460638e-7 to 0.997544556485905 adjusted 379 weights, 4 biases 
Fine tuning increased fitness by 1.4536150205746168e-7 to 0.9975447018474071 adjusted 379 weights, 4 biases 
Over populated 52, expected 50.
Fine tuning increased fitness by 1.558164596238143e-7 to 0.9975448576638667 adjusted 379 weights, 4 biases 
Discovered beneficial synapse from input-1306 to output-2 with weight -1.0000, helping 24.6% more records than it harms (2092/3359)
Discovery 603ed737 analyze time 19s 445ms found 1 candidates
Discovery 603ed737 analyze harmful time 554ms found 0 candidates
Fine tuning increased fitness by 6.067605706761015e-8 to 0.9975449183399238 adjusted 379 weights, 4 biases 
Discovery 603ed737 analyze squashes time 442ms found 2 candidates, Summary: c1faaa82-b20e-4669-bea5-b7e84d6b1938 LeakyReLU -> LogSigmoid improved: 5.9% error: 149.5024 -> 140.7290,output-0 LeakyReLU -> LogSigmoid improved: 25.1% error: 3.2041 -> 2.3989
Fine tuning increased fitness by 4.66670727616858e-8 to 0.997545006513247 adjusted 332 weights, 4 biases 
Fine tuning increased fitness by 3.256505454185543e-8 to 0.9975450390783015 adjusted 332 weights, 4 biases 
Generation 120 score 0.9975450390783015  error 0.0024456201306967836 avg time 1s 314ms
Fine tuning increased fitness by 9.046430271553163e-10 to 0.997545041216913 adjusted 281 weights, 3 biases 
Fine tuning increased fitness by 4.5866637155000944e-9 to 0.9975450458035767 adjusted 333 weights, 4 biases 
Fine tuning increased fitness by 3.1529282518150126e-9 to 0.997545048956505 adjusted 333 weights, 4 biases 
Fine tuning increased fitness by 8.864439626776743e-9 to 0.9975450578209446 adjusted 325 weights, 4 biases 
Fine tuning increased fitness by 1.469902632944553e-8 to 0.9975450725199709 adjusted 325 weights, 4 biases 
Fine tuning increased fitness by 2.6275380649032343e-8 to 0.9975450987953516 adjusted 325 weights, 4 biases 
Fine tuning increased fitness by 3.331335629574994e-8 to 0.9975451321087079 adjusted 325 weights, 4 biases 
Fine tuning increased fitness by 9.096207731484895e-8 to 0.9975452230707852 adjusted 316 weights, 4 biases 
Generation 130 score 0.9975453496886139  error 0.0024453095203758888 avg time 1s 269ms
Fine tuning increased fitness by 2.2216475303871164e-7 to 0.9975455718533669 adjusted 300 weights, 4 biases 
Fine tuning increased fitness by 1.452382317745915e-7 to 0.9975460769280204 adjusted 301 weights, 4 biases 
Generation 136 score 0.9975466607155419  error 0.0024438684939060372 avg time 754ms
{
  error: 0.0024438684939060372,
  score: 0.9975466607155419,
  generation: 136,
  time: 180754
}

=== Processing AUDGBP (8/10) ===
../GRQ-FX-models/v1//AUDGBP.json NotFound: No such file or directory (os error 2): readfile '../GRQ-FX-models/v1//AUDGBP.json'
    at Object.readTextFileSync (ext:deno_fs/30_fs.js:770:10)
    at file:///data/GRQ/GRQ/src/fx/EvolveApp.ts:137:12
    at eventLoopTick (ext:core/01_core.js:179:7) {
  name: "NotFound",
  code: "ENOENT"
}
7 mutations, mutation rate 5.0%, elitism 2, mutation FFW, selection POWER
Creature count: 48
Training 33b93eaf with 1 binary file, target error: 0.000001, iterations: 1, sample rate: 100%, sparse: 100%
Discovery 33b93eaf with 1 binary files, sample rate: 100%, batch size: 512
Discovery 33b93eaf initialize time 87ms
Discovery 33b93eaf processing .trainData-fx_c_88/AUDGBP/data.bin
Discovery 33b93eaf read time 5ms for .trainData-fx_c_88/AUDGBP/data.bin with 3359 records
Discovery 33b93eaf scanning time 1s 200ms
Training 7d2860e4 with 1 binary file, target error: 0.000001, iterations: 1, sample rate: 100%, sparse: 100%
Fine tuning increased fitness by 0.000011046693390692752 to 0.9963213146235563 adjusted 332 weights, 7 biases 
Discovery 33b93eaf recorded time 1s 884ms
Training b09589c3 with 1 binary file, target error: 0.000001, iterations: 1, sample rate: 100%, sparse: 100%
Compacting increased fitness by 0.000018320367529800485 to 0.9963396349910861 neurons: 11 was: 12 synapses: 845 was: 859
Training 9a593d39 with 1 binary file, target error: 0.000001, iterations: 1, sample rate: 100%, sparse: 100%
Training 6f7d4bed with 1 binary file, target error: 0.000001, iterations: 1, sample rate: 100%, sparse: 100%
Training f17247bf with 1 binary file, target error: 0.000001, iterations: 1, sample rate: 100%, sparse: 100%
Fine tuning increased fitness by 0.0000043286254165497695 to 0.9966588604933841 adjusted 157 weights, 4 biases 
Compacting increased fitness by 0.000028972039462282773 to 0.9966878325328464 neurons: 11 was: 12 synapses: 847 was: 861
Training 6f8e89c9 with 1 binary file, target error: 0.000001, iterations: 1, sample rate: 100%, sparse: 100%
Training 25722389 with 1 binary file, target error: 0.000001, iterations: 1, sample rate: 100%, sparse: 100%
Compacting increased fitness by 0.000003308160501758195 to 0.9966913251711694 neurons: 11 was: 12 synapses: 847 was: 861
Over populated 52, expected 50.
Discovered beneficial synapse from 718fda93-b13a-4106-a06b-ce0c61c2f511 to 8b91691d-8981-4adb-bc3b-9ea7a797761f with weight 1.0000, helping 39.5% more records than it harms (2343/3359)
Discovery 33b93eaf analyze time 13s 18ms found 1 candidates
Generation 10 score 0.9966913251711694  error 0.0032991038650640346 avg time 1s 619ms
Discovered harmful synapse from c062f2e0-d70a-4e5b-bdc3-6a188a287261 to 8b91691d-8981-4adb-bc3b-9ea7a797761f, harming 28.4% more records than it helps (1202/3359)
Discovery 33b93eaf analyze harmful time 494ms found 1 candidates
Training b8d2ddba with 1 binary file, target error: 0.000001, iterations: 1, sample rate: 100%, sparse: 100%
Compacting increased fitness by 0.000004764001061197121 to 0.9966960891722306 neurons: 10 was: 11 synapses: 843 was: 847
Discovery 33b93eaf analyze squashes time 490ms found 2 candidates, Summary: output-0 LOGISTIC -> SELU improved: 4.2% error: 298.6314 -> 286.0149,8b91691d-8981-4adb-bc3b-9ea7a797761f Softplus -> Swish improved: 3.1% error: 14.0984 -> 13.6605
Fine tuning increased fitness by 0.000009708702266020275 to 0.9967057978744966 adjusted 157 weights, 6 biases 
Discovery 0330df1a with 1 binary files, sample rate: 100%, batch size: 512
Discovery 0330df1a initialize time 86ms
Discovery 0330df1a processing .trainData-fx_c_88/AUDGBP/data.bin
Discovery 0330df1a read time 3ms for .trainData-fx_c_88/AUDGBP/data.bin with 3359 records
Discovery 0330df1a scanning time 1s 45ms
Training fd8084cd with 1 binary file, target error: 0.000001, iterations: 1, sample rate: 100%, sparse: 100%
Fine tuning increased fitness by 0.000004275544407517096 to 0.9967100734189042 adjusted 157 weights, 6 biases 
Discovery 0330df1a recorded time 1s 857ms
Training 9440d305 with 1 binary file, target error: 0.000001, iterations: 1, sample rate: 100%, sparse: 100%
Training 74992a11 with 1 binary file, target error: 0.000001, iterations: 1, sample rate: 100%, sparse: 100%
Fine tuning increased fitness by 5.617961262860405e-8 to 0.9967137478911203 adjusted 84 weights, 2 biases 
Fine tuning increased fitness by 1.3315017677317798e-7 to 0.9967138810412971 adjusted 84 weights, 2 biases 
Training 3b9681a3 with 1 binary file, target error: 0.000001, iterations: 1, sample rate: 100%, sparse: 100%
Fine tuning increased fitness by 1.5864969260537265e-7 to 0.9967140396909897 adjusted 84 weights, 2 biases 
Fine tuning increased fitness by 0.0000011006262240487175 to 0.9967151403172138 adjusted 824 weights, 15 biases 
Training 6b7cff74 with 1 binary file, target error: 0.000001, iterations: 1, sample rate: 100%, sparse: 100%
Fine tuning increased fitness by 4.802553578153734e-7 to 0.9967156205725716 adjusted 823 weights, 15 biases 
Generation 20 score 0.9967156205725716  error 0.003274948463472707 avg time 1s 441ms
Training a0512719 with 1 binary file, target error: 0.000001, iterations: 1, sample rate: 100%, sparse: 100%
Over populated 52, expected 50.
Training 60d167ce with 1 binary file, target error: 0.000001, iterations: 1, sample rate: 100%, sparse: 100%
Over populated 52, expected 50.
Training fc0ed9b8 with 1 binary file, target error: 0.000001, iterations: 1, sample rate: 100%, sparse: 100%
Discovered beneficial synapse from input-442 to output-0 with weight -1.0000, helping 18.3% more records than it harms (1723/3359)
Discovery 0330df1a analyze time 15s 747ms found 1 candidates
Training 8abb11d2 with 1 binary file, target error: 0.000001, iterations: 1, sample rate: 100%, sparse: 100%
Discovered harmful synapse from input-1444 to 57ce520b-cb6d-4c7f-bab0-c7d65a844ec7, harming 23.9% more records than it helps (1278/3359)
Discovery 0330df1a analyze harmful time 611ms found 1 candidates
Discovery 0330df1a analyze squashes time 524ms found 2 candidates, Summary: output-0 LOGISTIC -> SELU improved: 4.2% error: 298.0794 -> 285.5891,8b91691d-8981-4adb-bc3b-9ea7a797761f Softplus -> Swish improved: 2.1% error: 7.2780 -> 7.1280
Over populated 52, expected 50.
Training 4ed1a09c with 1 binary file, target error: 0.000001, iterations: 1, sample rate: 100%, sparse: 100%
Fine tuning increased fitness by 3.9896809145290035e-7 to 0.9967173929496683 adjusted 356 weights, 7 biases 
Discovery 4ed1a09c with 1 binary files, sample rate: 100%, batch size: 512
Discovery 4ed1a09c initialize time 87ms
Discovery 4ed1a09c processing .trainData-fx_c_88/AUDGBP/data.bin
Discovery 4ed1a09c read time 6ms for .trainData-fx_c_88/AUDGBP/data.bin with 3359 records
Discovery 4ed1a09c scanning time 1s 15ms
Over populated 54, expected 50.
Training f3bdd041 with 1 binary file, target error: 0.000001, iterations: 1, sample rate: 100%, sparse: 100%
Discovery 4ed1a09c recorded time 1s 956ms
Training b058fb5f with 1 binary file, target error: 0.000001, iterations: 1, sample rate: 100%, sparse: 100%
Training eb13be07 with 1 binary file, target error: 0.000001, iterations: 1, sample rate: 100%, sparse: 100%
Training 4b370838 with 1 binary file, target error: 0.000001, iterations: 1, sample rate: 100%, sparse: 100%
Over populated 52, expected 50.
Training e0e57950 with 1 binary file, target error: 0.000001, iterations: 1, sample rate: 100%, sparse: 100%
Generation 30 score 0.9967308347432524  error 0.003259734292778368 avg time 1s 675ms
Training 5a548b87 with 1 binary file, target error: 0.000001, iterations: 1, sample rate: 100%, sparse: 100%
Over populated 52, expected 50.
Training 7228baf0 with 1 binary file, target error: 0.000001, iterations: 1, sample rate: 100%, sparse: 100%
Fine tuning increased fitness by 0.000012619889714793331 to 0.996754705129945 adjusted 444 weights, 8 biases 
Training 88468323 with 1 binary file, target error: 0.000001, iterations: 1, sample rate: 100%, sparse: 100%
Fine tuning increased fitness by 0.000008196251904624141 to 0.9967629013818496 adjusted 444 weights, 8 biases 
Training 1b41044c with 1 binary file, target error: 0.000001, iterations: 1, sample rate: 100%, sparse: 100%
Training 8ca0a358 with 1 binary file, target error: 0.000001, iterations: 1, sample rate: 100%, sparse: 100%
Training cd0e42c2 with 1 binary file, target error: 0.000001, iterations: 1, sample rate: 100%, sparse: 100%
Training e2f87a84 with 1 binary file, target error: 0.000001, iterations: 1, sample rate: 100%, sparse: 100%
Fine tuning increased fitness by 2.2271034372245424e-7 to 0.9967661363645124 adjusted 199 weights, 5 biases 
Training afb0417e with 1 binary file, target error: 0.000001, iterations: 1, sample rate: 100%, sparse: 100%
Discovered beneficial synapse from input-56 to 57ce520b-cb6d-4c7f-bab0-c7d65a844ec7 with weight 1.0000, helping 27.1% more records than it harms (2135/3359)
Discovery 4ed1a09c analyze time 19s 985ms found 1 candidates
Discovered harmful synapse from input-1152 to output-0, harming 15.9% more records than it helps (1143/3359)
Discovery 4ed1a09c analyze harmful time 516ms found 1 candidates
Discovery 4ed1a09c analyze squashes time 709ms found 1 candidate, Summary: output-0 LOGISTIC -> SELU improved: 4.0% error: 295.1980 -> 283.5343
Training 174cc1de with 1 binary file, target error: 0.000001, iterations: 1, sample rate: 100%, sparse: 100%
Fine tuning increased fitness by 0.0000014179200896746735 to 0.9967684972775047 adjusted 636 weights, 12 biases 
Discovery 174cc1de with 1 binary files, sample rate: 100%, batch size: 512
Discovery 174cc1de initialize time 86ms
Discovery 174cc1de processing .trainData-fx_c_88/AUDGBP/data.bin
Discovery 174cc1de read time 4ms for .trainData-fx_c_88/AUDGBP/data.bin with 3359 records
Over populated 54, expected 50.
Discovery 174cc1de scanning time 1s 139ms
Training 3c9b13c5 with 1 binary file, target error: 0.000001, iterations: 1, sample rate: 100%, sparse: 100%
Fine tuning increased fitness by 0.0000010578497529056818 to 0.9967695551272576 adjusted 630 weights, 12 biases 
Discovery 174cc1de recorded time 1s 855ms
Generation 40 score 0.9967695551272576  error 0.003221013908776187 avg time 1s 693ms
Training 4a23fb60 with 1 binary file, target error: 0.000001, iterations: 1, sample rate: 100%, sparse: 100%
Fine tuning increased fitness by 7.713514096341356e-7 to 0.9967703264786673 adjusted 630 weights, 12 biases 
Training e73a0324 with 1 binary file, target error: 0.000001, iterations: 1, sample rate: 100%, sparse: 100%
Fine tuning increased fitness by 0.0000012726532517826072 to 0.996771599131919 adjusted 630 weights, 12 biases 
Training 80a97d36 with 1 binary file, target error: 0.000001, iterations: 1, sample rate: 100%, sparse: 100%
Fine tuning increased fitness by 0.000001257279256594579 to 0.9967728564111756 adjusted 630 weights, 12 biases 
Training 105c0540 with 1 binary file, target error: 0.000001, iterations: 1, sample rate: 100%, sparse: 100%
Training 4fe73edd with 1 binary file, target error: 0.000001, iterations: 1, sample rate: 100%, sparse: 100%
Over populated 52, expected 50.
Training 0149ab5e with 1 binary file, target error: 0.000001, iterations: 1, sample rate: 100%, sparse: 100%
Fine tuning increased fitness by 0.000006377675480728762 to 0.9967906052092855 adjusted 647 weights, 12 biases 
Training 43b98bb4 with 1 binary file, target error: 0.000001, iterations: 1, sample rate: 100%, sparse: 100%
Fine tuning increased fitness by 0.000008269920435566291 to 0.9967988751297211 adjusted 647 weights, 12 biases 
Training 9f96b48a with 1 binary file, target error: 0.000001, iterations: 1, sample rate: 100%, sparse: 100%
Over populated 52, expected 50.
Training 45443ca2 with 1 binary file, target error: 0.000001, iterations: 1, sample rate: 100%, sparse: 100%
Training 22c9ff5d with 1 binary file, target error: 0.000001, iterations: 1, sample rate: 100%, sparse: 100%
Generation 50 score 0.9968069132290609  error 0.0031836558069335986 avg time 1s 660ms
Training d862792f with 1 binary file, target error: 0.000001, iterations: 1, sample rate: 100%, sparse: 100%
Training a9009ddb with 1 binary file, target error: 0.000001, iterations: 1, sample rate: 100%, sparse: 100%
Fine tuning increased fitness by 3.866253509565709e-7 to 0.9968076914470304 adjusted 183 weights, 2 biases 
Training a77f22bb with 1 binary file, target error: 0.000001, iterations: 1, sample rate: 100%, sparse: 100%
Fine tuning increased fitness by 8.74664385364099e-7 to 0.9968085661114158 adjusted 183 weights, 2 biases 
Discovered beneficial synapse from input-1295 to 8b91691d-8981-4adb-bc3b-9ea7a797761f with weight -1.0000, helping 25.1% more records than it harms (2100/3359)
Discovery 174cc1de analyze time 21s 861ms found 1 candidates
Discovered harmful synapse from input-1152 to output-0, harming 15.2% more records than it helps (1158/3359)
Discovery 174cc1de analyze harmful time 369ms found 1 candidates
Training b7b2b877 with 1 binary file, target error: 0.000001, iterations: 1, sample rate: 100%, sparse: 100%
Discovery 174cc1de analyze squashes time 710ms found 1 candidate, Summary: output-0 LOGISTIC -> SELU improved: 4.1% error: 297.5759 -> 285.2355
Fine tuning increased fitness by 0.0000011917104947301027 to 0.9968097578219105 adjusted 183 weights, 2 biases 
Training f1bd7f0c with 1 binary file, target error: 0.000001, iterations: 1, sample rate: 100%, sparse: 100%
Fine tuning increased fitness by 0.0000016658338390929117 to 0.9968114236557496 adjusted 183 weights, 2 biases 
Discovery f1bd7f0c with 1 binary files, sample rate: 100%, batch size: 512
Discovery f1bd7f0c initialize time 85ms
Discovery f1bd7f0c processing .trainData-fx_c_88/AUDGBP/data.bin
Discovery f1bd7f0c read time 6ms for .trainData-fx_c_88/AUDGBP/data.bin with 3359 records
Discovery f1bd7f0c scanning time 1s 35ms
Training 7d38577d with 1 binary file, target error: 0.000001, iterations: 1, sample rate: 100%, sparse: 100%
Discovery f1bd7f0c recorded time 1s 890ms
Fine tuning increased fitness by 0.000001931165204416274 to 0.996813354820954 adjusted 183 weights, 2 biases 
Training 113e04d1 with 1 binary file, target error: 0.000001, iterations: 1, sample rate: 100%, sparse: 100%
Fine tuning increased fitness by 0.0000014846175401261874 to 0.9968148394384941 adjusted 183 weights, 2 biases 
Training 9a7879a0 with 1 binary file, target error: 0.000001, iterations: 1, sample rate: 100%, sparse: 100%
Fine tuning increased fitness by 0.0000011410501733477574 to 0.9968159804886675 adjusted 183 weights, 2 biases 
Training 634a19e2 with 1 binary file, target error: 0.000001, iterations: 1, sample rate: 100%, sparse: 100%
Fine tuning increased fitness by 5.57508656351402e-7 to 0.9968165379973238 adjusted 183 weights, 2 biases 
Training 469540ab with 1 binary file, target error: 0.000001, iterations: 1, sample rate: 100%, sparse: 100%
Over populated 52, expected 50.
Culling duplicate creature at 37 of 52
Culling duplicate creature at 41 of 51
DeDuplication of 2 creatures to 50 in 13ms (previous experiment )
Generation 60 score 0.9968207969991009  error 0.003169772036882658 avg time 1s 649ms
Training f0f79dd3 with 1 binary file, target error: 0.000001, iterations: 1, sample rate: 100%, sparse: 100%
Fine tuning increased fitness by 0.000004130243599465011 to 0.9968249272427003 adjusted 291 weights, 6 biases 
Training 33f9d673 with 1 binary file, target error: 0.000001, iterations: 1, sample rate: 100%, sparse: 100%
Training cd01b481 with 1 binary file, target error: 0.000001, iterations: 1, sample rate: 100%, sparse: 100%
Fine tuning increased fitness by 0.000011858499835315506 to 0.9968415556723463 adjusted 291 weights, 6 biases 
Training a9874ae6 with 1 binary file, target error: 0.000001, iterations: 1, sample rate: 100%, sparse: 100%
Fine tuning increased fitness by 0.000012700997516268409 to 0.9968542566698626 adjusted 291 weights, 6 biases 
Over populated 52, expected 50.
Culling duplicate creature at 43 of 52
DeDuplication of 1 creatures to 51 in 13ms (previous experiment )
Training 11542157 with 1 binary file, target error: 0.000001, iterations: 1, sample rate: 100%, sparse: 100%
Fine tuning increased fitness by 0.000003250248287178792 to 0.9968575069181498 adjusted 291 weights, 6 biases 
Training dc1a1576 with 1 binary file, target error: 0.000001, iterations: 1, sample rate: 100%, sparse: 100%
Training 30905eea with 1 binary file, target error: 0.000001, iterations: 1, sample rate: 100%, sparse: 100%
Fine tuning increased fitness by 0.0000011230856025168379 to 0.9968610296011503 adjusted 207 weights, 5 biases 
Discovered beneficial synapse from input-1491 to 6e59fdb1-a7dd-4ae2-92f8-48b3d2c1010a with weight 0.8830, helping 24.8% more records than it harms (2090/3359)
Discovery f1bd7f0c analyze time 18s 479ms found 1 candidates
Training 7ea22463 with 1 binary file, target error: 0.000001, iterations: 1, sample rate: 100%, sparse: 100%
Discovered harmful synapse from input-809 to output-4, harming 20.9% more records than it helps (1328/3359)
Discovery f1bd7f0c analyze harmful time 1s 626ms found 1 candidates
Over populated 52, expected 50.
Discovery f1bd7f0c analyze squashes time 721ms found 2 candidates, Summary: output-0 LOGISTIC -> SELU improved: 3.7% error: 293.6150 -> 282.7366,8b91691d-8981-4adb-bc3b-9ea7a797761f Softplus -> Swish improved: 2.4% error: 8.6714 -> 8.4615
Training b234b3b6 with 1 binary file, target error: 0.000001, iterations: 1, sample rate: 100%, sparse: 100%
Discovery b234b3b6 with 1 binary files, sample rate: 100%, batch size: 512
Discovery b234b3b6 initialize time 85ms
Discovery b234b3b6 processing .trainData-fx_c_88/AUDGBP/data.bin
Discovery b234b3b6 read time 4ms for .trainData-fx_c_88/AUDGBP/data.bin with 3359 records
Discovery b234b3b6 scanning time 1s 34ms
Training 5bc653bd with 1 binary file, target error: 0.000001, iterations: 1, sample rate: 100%, sparse: 100%
Discovery b234b3b6 recorded time 1s 997ms
Generation 70 score 0.9968652398016183  error 0.003125329234319268 avg time 1s 691ms
Training 64f4842c with 1 binary file, target error: 0.000001, iterations: 1, sample rate: 100%, sparse: 100%
Fine tuning increased fitness by 8.545102901935664e-7 to 0.9968660943119085 adjusted 354 weights, 4 biases 
Training 7f29fd5d with 1 binary file, target error: 0.000001, iterations: 1, sample rate: 100%, sparse: 100%
Over populated 52, expected 50.
Training 06d6ee3e with 1 binary file, target error: 0.000001, iterations: 1, sample rate: 100%, sparse: 100%
Discovered beneficial synapse from input-442 to output-0 with weight -1.0000, helping 22.3% more records than it harms (1766/3359)
Discovery b234b3b6 analyze time 6s 82ms found 1 candidates
Training ebf5442e with 1 binary file, target error: 0.000001, iterations: 1, sample rate: 100%, sparse: 100%
Fine tuning increased fitness by 0.0000013021069577012767 to 0.9968754455469206 adjusted 476 weights, 7 biases 
Discovered harmful synapse from input-1444 to 57ce520b-cb6d-4c7f-bab0-c7d65a844ec7, harming 26.7% more records than it helps (1231/3359)
Discovery b234b3b6 analyze harmful time 940ms found 1 candidates
Discovery b234b3b6 analyze squashes time 721ms found 2 candidates, Summary: output-0 LOGISTIC -> SELU improved: 2.5% error: 286.9915 -> 279.9001,8b91691d-8981-4adb-bc3b-9ea7a797761f Softplus -> Swish improved: 2.4% error: 8.7133 -> 8.5003
Training 1223071b with 1 binary file, target error: 0.000001, iterations: 1, sample rate: 100%, sparse: 100%
Discovery 1223071b with 1 binary files, sample rate: 100%, batch size: 512
Discovery 1223071b initialize time 79ms
Discovery 1223071b processing .trainData-fx_c_88/AUDGBP/data.bin
Discovery 1223071b read time 5ms for .trainData-fx_c_88/AUDGBP/data.bin with 3359 records
Discovery 1223071b scanning time 1s 12ms
Over populated 56, expected 50.
Training 36424e38 with 1 binary file, target error: 0.000001, iterations: 1, sample rate: 100%, sparse: 100%
Discovery b234b3b6 beneficial increased fitness by 0.0000010090692466047102 to 0.9968769055185626
Discovery 1223071b recorded time 1s 970ms
Fine tuning increased fitness by 0.0000010739133022852343 to 0.9968779794318648 adjusted 839 weights, 15 biases 
Training 5e294114 with 1 binary file, target error: 0.000001, iterations: 1, sample rate: 100%, sparse: 100%
Training 7d669a86 with 1 binary file, target error: 0.000001, iterations: 1, sample rate: 100%, sparse: 100%
Over populated 52, expected 50.
Culling duplicate creature at 46 of 52
DeDuplication of 1 creatures to 51 in 12ms (previous experiment )
Discovered beneficial synapse from input-442 to output-0 with weight -1.0000, helping 22.7% more records than it harms (1771/3359)
Discovery 1223071b analyze time 5s 588ms found 1 candidates
Training 6e401281 with 1 binary file, target error: 0.000001, iterations: 1, sample rate: 100%, sparse: 100%
Fine tuning increased fitness by 0.000002254101144072429 to 0.9968874839425091 adjusted 404 weights, 8 biases 
Discovered harmful synapse from input-1152 to output-0, harming 19.8% more records than it helps (1058/3359)
Discovery 1223071b analyze harmful time 338ms found 1 candidates
Discovery 1223071b analyze squashes time 545ms found 2 candidates, Summary: output-0 LOGISTIC -> SELU improved: 2.1% error: 283.8578 -> 277.8137,8b91691d-8981-4adb-bc3b-9ea7a797761f Softplus -> Swish improved: 2.1% error: 7.0240 -> 6.8745
Generation 80 score 0.9968874839425091  error 0.003103075093333777 avg time 1s 619ms
Training 9fed508b with 1 binary file, target error: 0.000001, iterations: 1, sample rate: 100%, sparse: 100%
Discovery 9fed508b with 1 binary files, sample rate: 100%, batch size: 512
Discovery 9fed508b initialize time 82ms
Discovery 9fed508b processing .trainData-fx_c_88/AUDGBP/data.bin
Over populated 52, expected 50.
Discovery 9fed508b read time 5ms for .trainData-fx_c_88/AUDGBP/data.bin with 3359 records
Discovery 9fed508b scanning time 1s 36ms
Training 6485b2f6 with 1 binary file, target error: 0.000001, iterations: 1, sample rate: 100%, sparse: 100%
Discovery 9fed508b recorded time 1s 993ms
Over populated 52, expected 50.
Training 52a0e435 with 1 binary file, target error: 0.000001, iterations: 1, sample rate: 100%, sparse: 100%
Training 47c96a10 with 1 binary file, target error: 0.000001, iterations: 1, sample rate: 100%, sparse: 100%
Fine tuning increased fitness by 0.000019024567164183104 to 0.9969404498226089 adjusted 410 weights, 8 biases 
Training bda77b51 with 1 binary file, target error: 0.000001, iterations: 1, sample rate: 100%, sparse: 100%
Fine tuning increased fitness by 0.000008688838883275096 to 0.9969491386614922 adjusted 410 weights, 8 biases 
Training 2dd51473 with 1 binary file, target error: 0.000001, iterations: 1, sample rate: 100%, sparse: 100%
Culling duplicate creature at 50 of 51
DeDuplication of 1 creatures to 50 in 13ms (previous experiment )
Training b7478c4f with 1 binary file, target error: 0.000001, iterations: 1, sample rate: 100%, sparse: 100%
Culling duplicate creature at 44 of 51
DeDuplication of 1 creatures to 50 in 12ms (previous experiment )
Training aac0e4f0 with 1 binary file, target error: 0.000001, iterations: 1, sample rate: 100%, sparse: 100%
Fine tuning increased fitness by 0.000006443390752841616 to 0.9969735904712815 adjusted 333 weights, 5 biases 
Training 5964cb1b with 1 binary file, target error: 0.000001, iterations: 1, sample rate: 100%, sparse: 100%
Fine tuning increased fitness by 0.000002817491107864889 to 0.9969764079623894 adjusted 333 weights, 5 biases 
Discovered beneficial synapse from input-1295 to 8b91691d-8981-4adb-bc3b-9ea7a797761f with weight -1.0000, helping 23.3% more records than it harms (2071/3359)
Discovery 9fed508b analyze time 12s 536ms found 1 candidates
Generation 90 score 0.9969764079623894  error 0.0030141510734419076 avg time 1s 544ms
Discovered harmful synapse from input-1152 to output-0, harming 18.4% more records than it helps (1086/3359)
Discovery 9fed508b analyze harmful time 514ms found 1 candidates
Training d968f436 with 1 binary file, target error: 0.000001, iterations: 1, sample rate: 100%, sparse: 100%
Discovery 9fed508b analyze squashes time 667ms found 2 candidates, Summary: output-0 LOGISTIC -> SELU improved: 2.8% error: 288.8052 -> 280.7894,8b91691d-8981-4adb-bc3b-9ea7a797761f Softplus -> Swish improved: 2.1% error: 7.1613 -> 7.0111
Training 13c6f333 with 1 binary file, target error: 0.000001, iterations: 1, sample rate: 100%, sparse: 100%
Fine tuning increased fitness by 0.000006401656185706095 to 0.9969908796091201 adjusted 333 weights, 5 biases 
Discovery 13c6f333 with 1 binary files, sample rate: 100%, batch size: 512
Discovery 13c6f333 initialize time 85ms
Discovery 13c6f333 processing .trainData-fx_c_88/AUDGBP/data.bin
Discovery 13c6f333 read time 5ms for .trainData-fx_c_88/AUDGBP/data.bin with 3359 records
Over populated 53, expected 50.
Culling duplicate creature at 36 of 53
Culling duplicate creature at 48 of 52
DeDuplication of 2 creatures to 51 in 16ms (previous experiment )
Discovery 13c6f333 scanning time 1s 5ms
Training be6b28c9 with 1 binary file, target error: 0.000001, iterations: 1, sample rate: 100%, sparse: 100%
Discovery 13c6f333 recorded time 2s 3ms
Fine tuning increased fitness by 0.000004461762579399675 to 0.9969988540025774 adjusted 333 weights, 5 biases 
Fine tuning increased fitness by 0.0000028882471752034178 to 0.9970017422497526 adjusted 333 weights, 5 biases 
Fine tuning increased fitness by 8.754286385803667e-7 to 0.9970041852423114 adjusted 40 weights, 1 bias 
Fine tuning increased fitness by 6.255439018998388e-7 to 0.9970048107862133 adjusted 40 weights, 1 bias 
Fine tuning increased fitness by 0.0000011674527576888138 to 0.997005978238971 adjusted 40 weights, 1 bias 
Generation 100 score 0.997005978238971  error 0.0029845807968621324 avg time 1s 385ms
Fine tuning increased fitness by 0.000001569376013810242 to 0.9970075476149848 adjusted 40 weights, 1 bias 
Fine tuning increased fitness by 0.0000016561105372625562 to 0.997009203725522 adjusted 40 weights, 1 bias 
Fine tuning increased fitness by 0.000002996500963137194 to 0.9970139760097123 adjusted 283 weights, 6 biases 
Fine tuning increased fitness by 0.0000016075704248885714 to 0.9970228976752 adjusted 63 weights, 2 biases 
Discovered beneficial synapse from input-442 to 57ce520b-cb6d-4c7f-bab0-c7d65a844ec7 with weight -0.4582, helping 22.4% more records than it harms (2055/3359)
Discovery 13c6f333 analyze time 21s 332ms found 1 candidates
Discovered harmful synapse from input-1152 to output-0, harming 17.6% more records than it helps (1098/3359)
Discovery 13c6f333 analyze harmful time 372ms found 1 candidates
Discovery 13c6f333 analyze squashes time 516ms found 2 candidates, Summary: output-0 LOGISTIC -> SELU improved: 3.0% error: 292.1575 -> 283.3013,8b91691d-8981-4adb-bc3b-9ea7a797761f Softplus -> Swish improved: 1.7% error: 6.9694 -> 6.8532
Generation 110 score 0.997024756818763  error 0.0029658022170646553 avg time 1s 335ms
Fine tuning increased fitness by 7.240390587082146e-8 to 0.9970248292226689 adjusted 55 weights, 1 bias 
Fine tuning increased fitness by 0.000002406520873576845 to 0.9970272357435425 adjusted 55 weights, 1 bias 
Fine tuning increased fitness by 0.0000013709727227917412 to 0.9970286067162653 adjusted 55 weights, 1 bias 
Fine tuning increased fitness by 0.0000010903634244385785 to 0.9970296970796897 adjusted 55 weights, 1 bias 
Fine tuning increased fitness by 0.0000019090930735155 to 0.9970316061727632 adjusted 55 weights, 1 bias 
Fine tuning increased fitness by 0.0000032128319298330155 to 0.997034819004693 adjusted 55 weights, 1 bias 
Fine tuning increased fitness by 0.000002810985133550048 to 0.9970376299898266 adjusted 55 weights, 1 bias 
Generation 117 score 0.9970376299898266  error 0.0029529290460001715 avg time 699ms
{
  error: 0.0029529290460001715,
  score: 0.9970376299898266,
  generation: 117,
  time: 180274
}

=== Processing AUDCAD (9/10) ===
4 mutations, mutation rate 33.9%, elitism 6, mutation ALL, selection FITNESS_PROPORTIONATE
Creature count: 49
Training aaadebe6 with 1 binary file, target error: 0.000001, iterations: 1, sample rate: 100%, sparse: 100%
Discovery aaadebe6 with 1 binary files, sample rate: 100%, batch size: 512
Discovery aaadebe6 initialize time 87ms
Discovery aaadebe6 processing .trainData-fx_c_88/AUDCAD/data.bin
Discovery aaadebe6 read time 4ms for .trainData-fx_c_88/AUDCAD/data.bin with 3359 records
Discovery aaadebe6 scanning time 797ms
Training 1c90ff70 with 1 binary file, target error: 0.000001, iterations: 1, sample rate: 100%, sparse: 100%
Fine tuning increased fitness by 0.00000830307782229145 to 0.9983004835098862 adjusted 1 weight 
Discovery aaadebe6 recorded time 1s 515ms
Fine tuning increased fitness by 0.0000032089283537040103 to 0.9983036924382399 adjusted 1 weight 
Training 67e8460a with 1 binary file, target error: 0.000001, iterations: 1, sample rate: 100%, sparse: 100%
Training 9dc2a9b2 with 1 binary file, target error: 0.000001, iterations: 1, sample rate: 100%, sparse: 100%
Fine tuning increased fitness by 4.847875656466272e-9 to 0.9983036972861156 adjusted 1 weight 
Training 2b99e97c with 1 binary file, target error: 0.000001, iterations: 1, sample rate: 100%, sparse: 100%
Fine tuning increased fitness by 3.545235438551231e-9 to 0.998303700831351 adjusted 77 weights, 3 biases 
Training e41732ba with 1 binary file, target error: 0.000001, iterations: 1, sample rate: 100%, sparse: 100%
Training a054f0a8 with 1 binary file, target error: 0.000001, iterations: 1, sample rate: 100%, sparse: 100%
Fine tuning increased fitness by 4.0992363947722765e-9 to 0.9983037153177186 adjusted 77 weights, 3 biases 
Training 811608eb with 1 binary file, target error: 0.000001, iterations: 1, sample rate: 100%, sparse: 100%
Fine tuning increased fitness by 8.129923845245912e-9 to 0.9983037234476424 adjusted 77 weights, 3 biases 
Training 36ab60c8 with 1 binary file, target error: 0.000001, iterations: 1, sample rate: 100%, sparse: 100%
Fine tuning increased fitness by 1.1928601106880876e-8 to 0.9983037353762435 adjusted 77 weights, 3 biases 
Training 3872eabd with 1 binary file, target error: 0.000001, iterations: 1, sample rate: 100%, sparse: 100%
Fine tuning increased fitness by 1.0189388444103997e-8 to 0.998303745565632 adjusted 77 weights, 3 biases 
Generation 10 score 0.998303745565632  error 0.001694773639192534 avg time 711ms
Training 0d98b88d with 1 binary file, target error: 0.000001, iterations: 1, sample rate: 100%, sparse: 100%
Fine tuning increased fitness by 1.417098549616469e-8 to 0.9983037597366174 adjusted 77 weights, 3 biases 
Training aae39c2e with 1 binary file, target error: 0.000001, iterations: 1, sample rate: 100%, sparse: 100%
Training 2ac86e7c with 1 binary file, target error: 0.000001, iterations: 1, sample rate: 100%, sparse: 100%
Training df13ffe2 with 1 binary file, target error: 0.000001, iterations: 1, sample rate: 100%, sparse: 100%
Fine tuning increased fitness by 1.427540397003213e-8 to 0.9983038019495997 adjusted 76 weights, 3 biases 
Training dd7e7573 with 1 binary file, target error: 0.000001, iterations: 1, sample rate: 100%, sparse: 100%
Training 9da8ff8c with 1 binary file, target error: 0.000001, iterations: 1, sample rate: 100%, sparse: 100%
Fine tuning increased fitness by 1.93068248055539e-8 to 0.9983038512407139 adjusted 75 weights, 3 biases 
Training 469240e6 with 1 binary file, target error: 0.000001, iterations: 1, sample rate: 100%, sparse: 100%
Fine tuning increased fitness by 1.2251241243710354e-8 to 0.9983038634919551 adjusted 75 weights, 2 biases 
Training 0426b1b7 with 1 binary file, target error: 0.000001, iterations: 1, sample rate: 100%, sparse: 100%
Fine tuning increased fitness by 5.115982193437674e-9 to 0.9983038686079373 adjusted 75 weights, 2 biases 
Training 435851ad with 1 binary file, target error: 0.000001, iterations: 1, sample rate: 100%, sparse: 100%
Training 56e66dc3 with 1 binary file, target error: 0.000001, iterations: 1, sample rate: 100%, sparse: 100%
Fine tuning increased fitness by 6.518121709042646e-9 to 0.9983038820647407 adjusted 73 weights, 2 biases 
Generation 20 score 0.9983038820647407  error 0.0016946271407727313 avg time 518ms
Training 04232098 with 1 binary file, target error: 0.000001, iterations: 1, sample rate: 100%, sparse: 100%
Fine tuning increased fitness by 2.2105909991410044e-8 to 0.9983039041706507 adjusted 75 weights, 3 biases 
Training 46216124 with 1 binary file, target error: 0.000001, iterations: 1, sample rate: 100%, sparse: 100%
Fine tuning increased fitness by 1.803302362990422e-8 to 0.9983039222036744 adjusted 75 weights, 3 biases 
Training ee970fac with 1 binary file, target error: 0.000001, iterations: 1, sample rate: 100%, sparse: 100%
Fine tuning increased fitness by 2.8437939336711793e-8 to 0.9983039506416137 adjusted 75 weights, 3 biases 
Training 8fa368ea with 1 binary file, target error: 0.000001, iterations: 1, sample rate: 100%, sparse: 100%
Fine tuning increased fitness by 5.457779217454828e-8 to 0.9983040052194059 adjusted 75 weights, 3 biases 
Training 325c318b with 1 binary file, target error: 0.000001, iterations: 1, sample rate: 100%, sparse: 100%
Fine tuning increased fitness by 1.2356397038892908e-7 to 0.9983041287833763 adjusted 75 weights, 3 biases 
Training 0a5b2e7b with 1 binary file, target error: 0.000001, iterations: 1, sample rate: 100%, sparse: 100%
Fine tuning increased fitness by 4.6087260230365246e-8 to 0.9983041748706365 adjusted 75 weights, 3 biases 
Training c62a4b2a with 1 binary file, target error: 0.000001, iterations: 1, sample rate: 100%, sparse: 100%
Training 7ba39d60 with 1 binary file, target error: 0.000001, iterations: 1, sample rate: 100%, sparse: 100%
Training 7c09c506 with 1 binary file, target error: 0.000001, iterations: 1, sample rate: 100%, sparse: 100%
Training 24e14a7f with 1 binary file, target error: 0.000001, iterations: 1, sample rate: 100%, sparse: 100%
Fine tuning increased fitness by 1.5418148846535473e-7 to 0.9983069708015492 adjusted 1 weight 
Generation 30 score 0.9983069708015492  error 0.001691508406130293 avg time 488ms
Training 9799712e with 1 binary file, target error: 0.000001, iterations: 1, sample rate: 100%, sparse: 100%
Training 00e8522b with 1 binary file, target error: 0.000001, iterations: 1, sample rate: 100%, sparse: 100%
Training 5a613537 with 1 binary file, target error: 0.000001, iterations: 1, sample rate: 100%, sparse: 100%
Fine tuning increased fitness by 6.256398832338306e-8 to 0.998307181841795 adjusted 30 weights, 1 bias 
Training 222057b9 with 1 binary file, target error: 0.000001, iterations: 1, sample rate: 100%, sparse: 100%
Training 3bab1e68 with 1 binary file, target error: 0.000001, iterations: 1, sample rate: 100%, sparse: 100%
Training 2ebd0a93 with 1 binary file, target error: 0.000001, iterations: 1, sample rate: 100%, sparse: 100%
Fine tuning increased fitness by 1.977538688358038e-8 to 0.9983072016171819 adjusted 29 weights, 1 bias 
Training baeba83c with 1 binary file, target error: 0.000001, iterations: 1, sample rate: 100%, sparse: 100%
Fine tuning increased fitness by 5.3137039546236053e-8 to 0.9983072547542214 adjusted 29 weights, 1 bias 
Training 5880c667 with 1 binary file, target error: 0.000001, iterations: 1, sample rate: 100%, sparse: 100%
Fine tuning increased fitness by 2.8935683737962847e-8 to 0.9983072836899052 adjusted 29 weights, 1 bias 
Training ce73fa48 with 1 binary file, target error: 0.000001, iterations: 1, sample rate: 100%, sparse: 100%
Fine tuning increased fitness by 3.5447579760372605e-8 to 0.9983073191374849 adjusted 29 weights, 1 bias 
Training 8b2e377e with 1 binary file, target error: 0.000001, iterations: 1, sample rate: 100%, sparse: 100%
Fine tuning increased fitness by 4.5150844729668904e-8 to 0.9983073642883297 adjusted 29 weights, 1 bias 
Generation 40 score 0.9983073642883297  error 0.0016911149203978613 avg time 426ms
Training 68827220 with 1 binary file, target error: 0.000001, iterations: 1, sample rate: 100%, sparse: 100%
Fine tuning increased fitness by 2.5697423300385935e-8 to 0.998307389985753 adjusted 29 weights, 1 bias 
Training 80b11421 with 1 binary file, target error: 0.000001, iterations: 1, sample rate: 100%, sparse: 100%
Fine tuning increased fitness by 2.753687355916412e-8 to 0.9983074175226265 adjusted 29 weights, 1 bias 
Training 3960eb80 with 1 binary file, target error: 0.000001, iterations: 1, sample rate: 100%, sparse: 100%
Fine tuning increased fitness by 2.6588588442066907e-8 to 0.998307444111215 adjusted 29 weights, 1 bias 
Training 5dbb21f6 with 1 binary file, target error: 0.000001, iterations: 1, sample rate: 100%, sparse: 100%
Training fbedf4e0 with 1 binary file, target error: 0.000001, iterations: 1, sample rate: 100%, sparse: 100%
Fine tuning increased fitness by 6.431125409989136e-8 to 0.9983075084224691 adjusted 29 weights, 1 bias 
Training 27aacf5a with 1 binary file, target error: 0.000001, iterations: 1, sample rate: 100%, sparse: 100%
Fine tuning increased fitness by 1.102355772220065e-7 to 0.9983076186580463 adjusted 1 weight 
Training e0c855d0 with 1 binary file, target error: 0.000001, iterations: 1, sample rate: 100%, sparse: 100%
Fine tuning increased fitness by 1.416417497734912e-7 to 0.9983077602997961 adjusted 1 weight 
Training a62222b8 with 1 binary file, target error: 0.000001, iterations: 1, sample rate: 100%, sparse: 100%
Fine tuning increased fitness by 9.640298226365474e-9 to 0.9983077699400943 adjusted 1 weight 
Training 865e7044 with 1 binary file, target error: 0.000001, iterations: 1, sample rate: 100%, sparse: 100%
Training bf893766 with 1 binary file, target error: 0.000001, iterations: 1, sample rate: 100%, sparse: 100%
Fine tuning increased fitness by 1.5259558616698143e-8 to 0.9983078009226983 adjusted 41 weights, 1 bias 
Generation 50 score 0.9983078009226983  error 0.001690668286780119 avg time 425ms
Training 6c83d449 with 1 binary file, target error: 0.000001, iterations: 1, sample rate: 100%, sparse: 100%
Fine tuning increased fitness by 1.7981392930188633e-8 to 0.9983078189040913 adjusted 40 weights, 1 bias 
Discovered beneficial synapse from input-415 to output-4 with weight 1.0000, helping 26.0% more records than it harms (2115/3359)
Discovery aaadebe6 analyze time 23s 654ms found 1 candidates
Training 066e6d76 with 1 binary file, target error: 0.000001, iterations: 1, sample rate: 100%, sparse: 100%
Fine tuning increased fitness by 3.602067266683662e-8 to 0.9983078549247639 adjusted 40 weights, 1 bias 
Discovered harmful synapse from input-1498 to output-2, harming 12.4% more records than it helps (1471/3359)
Discovery aaadebe6 analyze harmful time 610ms found 1 candidates
Training 1e8ae1d7 with 1 binary file, target error: 0.000001, iterations: 1, sample rate: 100%, sparse: 100%
Fine tuning increased fitness by 6.345224301540497e-8 to 0.9983079183770069 adjusted 1 weight 
Training ec891880 with 1 binary file, target error: 0.000001, iterations: 1, sample rate: 100%, sparse: 100%
Fine tuning increased fitness by 1.0658518123651817e-7 to 0.9983080249621882 adjusted 1 weight 
Discovery aaadebe6 analyze squashes time 777ms found 1 candidate, Summary: output-2 LeakyReLU -> BIPOLAR improved: 20.6% error: 12.5238 -> 9.9404
Training 74a5643c with 1 binary file, target error: 0.000001, iterations: 1, sample rate: 100%, sparse: 100%
Fine tuning increased fitness by 2.0489827956549078e-7 to 0.9983082298604677 adjusted 1 weight 
Discovery 74a5643c with 1 binary files, sample rate: 100%, batch size: 512
Discovery 74a5643c initialize time 104ms
Discovery 74a5643c processing .trainData-fx_c_88/AUDCAD/data.bin
Training 6d699068 with 1 binary file, target error: 0.000001, iterations: 1, sample rate: 100%, sparse: 100%
Discovery aaadebe6 beneficial increased fitness by 0.0000020928598011282773 to 0.9983103227202689
Training e0132434 with 1 binary file, target error: 0.000001, iterations: 1, sample rate: 100%, sparse: 100%
Fine tuning increased fitness by 0.000003305589834523559 to 0.9983136283101034 adjusted 1 weight 
Discovery 74a5643c read time 2ms for .trainData-fx_c_88/AUDCAD/data.bin with 3359 records
Discovery 74a5643c scanning time 920ms
Training ec5a65d8 with 1 binary file, target error: 0.000001, iterations: 1, sample rate: 100%, sparse: 100%
Fine tuning increased fitness by 0.000004972669974345756 to 0.9983186009800777 adjusted 1 weight 
Training bb5b63c4 with 1 binary file, target error: 0.000001, iterations: 1, sample rate: 100%, sparse: 100%
Fine tuning increased fitness by 0.00000134284578889865 to 0.9983199438258666 adjusted 1 weight 
Discovery 74a5643c recorded time 1s 749ms
Training 818eb065 with 1 binary file, target error: 0.000001, iterations: 1, sample rate: 100%, sparse: 100%
Fine tuning increased fitness by 2.463356382209625e-7 to 0.9983201901615049 adjusted 1 weight 
Generation 60 score 0.9983201901615049  error 0.001678249044927872 avg time 413ms
Training 070e49c3 with 1 binary file, target error: 0.000001, iterations: 1, sample rate: 100%, sparse: 100%
Training f4898afe with 1 binary file, target error: 0.000001, iterations: 1, sample rate: 100%, sparse: 100%
Training 33605fc4 with 1 binary file, target error: 0.000001, iterations: 1, sample rate: 100%, sparse: 100%
Training 55b5cfea with 1 binary file, target error: 0.000001, iterations: 1, sample rate: 100%, sparse: 100%
Training abf5154c with 1 binary file, target error: 0.000001, iterations: 1, sample rate: 100%, sparse: 100%
Fine tuning increased fitness by 0.000001498805743738174 to 0.998323122472526 adjusted 3 weights 
Training a118a20d with 1 binary file, target error: 0.000001, iterations: 1, sample rate: 100%, sparse: 100%
Fine tuning increased fitness by 0.0000018642011776481837 to 0.9983249866737036 adjusted 3 weights 
Training 039fb080 with 1 binary file, target error: 0.000001, iterations: 1, sample rate: 100%, sparse: 100%
Fine tuning increased fitness by 0.0000028911050760083157 to 0.9983278777787796 adjusted 3 weights 
Training d19371c1 with 1 binary file, target error: 0.000001, iterations: 1, sample rate: 100%, sparse: 100%
Fine tuning increased fitness by 0.0000025636249687543966 to 0.9983304414037484 adjusted 3 weights 
Training 0fcff4f2 with 1 binary file, target error: 0.000001, iterations: 1, sample rate: 100%, sparse: 100%
Fine tuning increased fitness by 4.062097180845825e-8 to 0.9983304820247202 adjusted 3 weights 
Training ad75ba7a with 1 binary file, target error: 0.000001, iterations: 1, sample rate: 100%, sparse: 100%
Compacting increased fitness by 7.937701795857066e-8 to 0.9983305614017381 neurons: 0 was: 1 synapses: 156 was: 158
Generation 70 score 0.9983305614017381  error 0.001667877803697322 avg time 449ms
Training f0a368cc with 1 binary file, target error: 0.000001, iterations: 1, sample rate: 100%, sparse: 100%
Fine tuning increased fitness by 1.1075957995210217e-7 to 0.9983306721613181 adjusted 3 weights, 1 bias 
Training 2869614e with 1 binary file, target error: 0.000001, iterations: 1, sample rate: 100%, sparse: 100%
Fine tuning increased fitness by 7.728175055454756e-8 to 0.9983307494430687 adjusted 3 weights, 1 bias 
Training ecb6719f with 1 binary file, target error: 0.000001, iterations: 1, sample rate: 100%, sparse: 100%
Fine tuning increased fitness by 5.1126917477439804e-8 to 0.9983308005699861 adjusted 3 weights, 1 bias 
Training 7d16cc42 with 1 binary file, target error: 0.000001, iterations: 1, sample rate: 100%, sparse: 100%
Fine tuning increased fitness by 1.4124733616061036e-7 to 0.9983309418173223 adjusted 3 weights, 1 bias 
Training c1d6502d with 1 binary file, target error: 0.000001, iterations: 1, sample rate: 100%, sparse: 100%
Fine tuning increased fitness by 1.1330779980944783e-8 to 0.9983309531481023 adjusted 3 weights, 1 bias 
Training 52097d6e with 1 binary file, target error: 0.000001, iterations: 1, sample rate: 100%, sparse: 100%
Training 50f9f1e4 with 1 binary file, target error: 0.000001, iterations: 1, sample rate: 100%, sparse: 100%
Training b2bdf006 with 1 binary file, target error: 0.000001, iterations: 1, sample rate: 100%, sparse: 100%
Training 74dc7d1a with 1 binary file, target error: 0.000001, iterations: 1, sample rate: 100%, sparse: 100%
Fine tuning increased fitness by 1.0840715458648731e-7 to 0.9983312114122193 adjusted 4 weights, 1 bias 
Training ad2925d6 with 1 binary file, target error: 0.000001, iterations: 1, sample rate: 100%, sparse: 100%
Fine tuning increased fitness by 9.301602488243077e-9 to 0.9983312207138217 adjusted 4 weights, 1 bias 
Generation 80 score 0.9983312207138217  error 0.0016672184913775242 avg time 493ms
Training b1cdab4f with 1 binary file, target error: 0.000001, iterations: 1, sample rate: 100%, sparse: 100%
Fine tuning increased fitness by 1.339494071217473e-9 to 0.9983312220533158 adjusted 4 weights, 1 bias 
Training 8d9aad06 with 1 binary file, target error: 0.000001, iterations: 1, sample rate: 100%, sparse: 100%
Training 3582e981 with 1 binary file, target error: 0.000001, iterations: 1, sample rate: 100%, sparse: 100%
Training 20dd1a49 with 1 binary file, target error: 0.000001, iterations: 1, sample rate: 100%, sparse: 100%
Fine tuning increased fitness by 2.4777324636460207e-10 to 0.9983312633358916 adjusted 72 weights, 2 biases 
Training a2de9d33 with 1 binary file, target error: 0.000001, iterations: 1, sample rate: 100%, sparse: 100%
Fine tuning increased fitness by 7.60649554454318e-9 to 0.9983312709423872 adjusted 71 weights, 2 biases 
Training b215610e with 1 binary file, target error: 0.000001, iterations: 1, sample rate: 100%, sparse: 100%
Training c3f7a876 with 1 binary file, target error: 0.000001, iterations: 1, sample rate: 100%, sparse: 100%
Fine tuning increased fitness by 8.57207826943096e-8 to 0.9983314489905574 adjusted 89 weights, 2 biases 
Training 88bd7e9a with 1 binary file, target error: 0.000001, iterations: 1, sample rate: 100%, sparse: 100%
Fine tuning increased fitness by 1.588676212804785e-8 to 0.9983314648773195 adjusted 89 weights, 2 biases 
Training bb6f6357 with 1 binary file, target error: 0.000001, iterations: 1, sample rate: 100%, sparse: 100%
Fine tuning increased fitness by 1.954219641664423e-8 to 0.9983314844195159 adjusted 89 weights, 2 biases 
Training eb51bddb with 1 binary file, target error: 0.000001, iterations: 1, sample rate: 100%, sparse: 100%
Fine tuning increased fitness by 1.895311962929469e-8 to 0.9983315033726355 adjusted 89 weights, 2 biases 
Generation 90 score 0.9983315033726355  error 0.001666935832530094 avg time 486ms
Training dbd39b61 with 1 binary file, target error: 0.000001, iterations: 1, sample rate: 100%, sparse: 100%
Fine tuning increased fitness by 2.3425923645348234e-8 to 0.9983315267985592 adjusted 89 weights, 2 biases 
Training 484ca0fa with 1 binary file, target error: 0.000001, iterations: 1, sample rate: 100%, sparse: 100%
Fine tuning increased fitness by 3.831505923646006e-8 to 0.9983315651136184 adjusted 89 weights, 2 biases 
Training 5d7d6bbe with 1 binary file, target error: 0.000001, iterations: 1, sample rate: 100%, sparse: 100%
Fine tuning increased fitness by 6.296284182916168e-8 to 0.9983316280764603 adjusted 89 weights, 2 biases 
Training a0adaedc with 1 binary file, target error: 0.000001, iterations: 1, sample rate: 100%, sparse: 100%
Fine tuning increased fitness by 1.5348273163517945e-7 to 0.9983317815591919 adjusted 89 weights, 3 biases 
Training 5a6e3438 with 1 binary file, target error: 0.000001, iterations: 1, sample rate: 100%, sparse: 100%
Fine tuning increased fitness by 2.9570374682208467e-7 to 0.9983320772629387 adjusted 89 weights, 3 biases 
Training 9738e6ba with 1 binary file, target error: 0.000001, iterations: 1, sample rate: 100%, sparse: 100%
Fine tuning increased fitness by 1.3969484502496243e-7 to 0.9983322169577837 adjusted 89 weights, 3 biases 
Training 05d76828 with 1 binary file, target error: 0.000001, iterations: 1, sample rate: 100%, sparse: 100%
Training f8d709eb with 1 binary file, target error: 0.000001, iterations: 1, sample rate: 100%, sparse: 100%
Training e70bbb4d with 1 binary file, target error: 0.000001, iterations: 1, sample rate: 100%, sparse: 100%
Fine tuning increased fitness by 8.73613140717211e-8 to 0.9983326605467386 adjusted 128 weights, 4 biases 
Training d40d9611 with 1 binary file, target error: 0.000001, iterations: 1, sample rate: 100%, sparse: 100%
Fine tuning increased fitness by 1.4995784092253217e-7 to 0.9983328105045796 adjusted 126 weights, 3 biases 
Generation 100 score 0.9983328105045796  error 0.0016656187011765539 avg time 488ms
Training e2d0cd7a with 1 binary file, target error: 0.000001, iterations: 1, sample rate: 100%, sparse: 100%
Fine tuning increased fitness by 3.2036941743918135e-7 to 0.998333130873997 adjusted 126 weights, 3 biases 
Training 8e844c9e with 1 binary file, target error: 0.000001, iterations: 1, sample rate: 100%, sparse: 100%
Fine tuning increased fitness by 1.4516211677140234e-7 to 0.9983332760361138 adjusted 126 weights, 3 biases 
Training bb139dea with 1 binary file, target error: 0.000001, iterations: 1, sample rate: 100%, sparse: 100%
Training e431a547 with 1 binary file, target error: 0.000001, iterations: 1, sample rate: 100%, sparse: 100%
Fine tuning increased fitness by 4.85440671993409e-7 to 0.9983342958626961 adjusted 124 weights, 3 biases 
Training 0b85a7d9 with 1 binary file, target error: 0.000001, iterations: 1, sample rate: 100%, sparse: 100%
Fine tuning increased fitness by 9.765004138628797e-9 to 0.9983343056277002 adjusted 124 weights, 3 biases 
Training 8df543ad with 1 binary file, target error: 0.000001, iterations: 1, sample rate: 100%, sparse: 100%
Fine tuning increased fitness by 3.892264023308556e-7 to 0.9983346948541025 adjusted 124 weights, 3 biases 
Training db46340c with 1 binary file, target error: 0.000001, iterations: 1, sample rate: 100%, sparse: 100%
Fine tuning increased fitness by 1.741183641712496e-7 to 0.9983348689724667 adjusted 124 weights, 3 biases 
Remove neuron 3d6b5c3f-571c-43e3-95c4-e99face3b563 as no longer connected
Training 956d6d6e with 1 binary file, target error: 0.000001, iterations: 1, sample rate: 100%, sparse: 100%
Fine tuning increased fitness by 1.1512764819254784e-7 to 0.9983349841001149 adjusted 124 weights, 3 biases 
Discovered beneficial synapse from input-1510 to output-3 with weight -0.1002, helping 25.8% more records than it harms (2113/3359)
Discovery 74a5643c analyze time 23s 636ms found 1 candidates
Training 9862c75c with 1 binary file, target error: 0.000001, iterations: 1, sample rate: 100%, sparse: 100%
Fine tuning increased fitness by 8.39908791405719e-8 to 0.998335068090994 adjusted 124 weights, 3 biases 
Discovered harmful synapse from input-1439 to output-1, harming 12.8% more records than it helps (1464/3359)
Discovery 74a5643c analyze harmful time 652ms found 1 candidates
Training f39f835c with 1 binary file, target error: 0.000001, iterations: 1, sample rate: 100%, sparse: 100%
Fine tuning increased fitness by 8.828118702730592e-8 to 0.9983351563721811 adjusted 124 weights, 3 biases 
Generation 110 score 0.9983351563721811  error 0.001663272831542494 avg time 522ms
Training f29902c2 with 1 binary file, target error: 0.000001, iterations: 1, sample rate: 100%, sparse: 100%
Discovery 74a5643c analyze squashes time 885ms found 1 candidate, Summary: output-2 LeakyReLU -> BIPOLAR improved: 20.7% error: 12.5338 -> 9.9452
Training b0c66cca with 1 binary file, target error: 0.000001, iterations: 1, sample rate: 100%, sparse: 100%
Training 55dbdf45 with 1 binary file, target error: 0.000001, iterations: 1, sample rate: 100%, sparse: 100%
Discovery 55dbdf45 with 1 binary files, sample rate: 100%, batch size: 512
Discovery 55dbdf45 initialize time 86ms
Discovery 55dbdf45 processing .trainData-fx_c_88/AUDCAD/data.bin
Training ee71ed80 with 1 binary file, target error: 0.000001, iterations: 1, sample rate: 100%, sparse: 100%
Training 47bd2dc7 with 1 binary file, target error: 0.000001, iterations: 1, sample rate: 100%, sparse: 100%
Discovery 55dbdf45 read time 6ms for .trainData-fx_c_88/AUDCAD/data.bin with 3359 records
Discovery 55dbdf45 scanning time 1s 17ms
Training 6fc78753 with 1 binary file, target error: 0.000001, iterations: 1, sample rate: 100%, sparse: 100%
Discovery 55dbdf45 recorded time 1s 836ms
Training 42e1055c with 1 binary file, target error: 0.000001, iterations: 1, sample rate: 100%, sparse: 100%
Fine tuning increased fitness by 9.879343343399682e-9 to 0.9983358101486528 adjusted 78 weights, 2 biases 
Training 171c3d22 with 1 binary file, target error: 0.000001, iterations: 1, sample rate: 100%, sparse: 100%
Fine tuning increased fitness by 1.866665366723197e-8 to 0.9983358288153065 adjusted 78 weights, 2 biases 
Training c806c787 with 1 binary file, target error: 0.000001, iterations: 1, sample rate: 100%, sparse: 100%
Fine tuning increased fitness by 4.26053051727493e-8 to 0.9983358714206116 adjusted 78 weights, 2 biases 
Training 498a03c7 with 1 binary file, target error: 0.000001, iterations: 1, sample rate: 100%, sparse: 100%
Fine tuning increased fitness by 5.256678370368917e-8 to 0.9983359239873953 adjusted 78 weights, 2 biases 
Generation 120 score 0.9983359239873953  error 0.0016624952170193085 avg time 514ms
Training 2ab4f148 with 1 binary file, target error: 0.000001, iterations: 1, sample rate: 100%, sparse: 100%
Training 40705c12 with 1 binary file, target error: 0.000001, iterations: 1, sample rate: 100%, sparse: 100%
Fine tuning increased fitness by 1.6763891219628846e-7 to 0.9983362211917701 adjusted 77 weights, 2 biases 
Training 31c3310c with 1 binary file, target error: 0.000001, iterations: 1, sample rate: 100%, sparse: 100%
Fine tuning increased fitness by 1.1740027694440158e-7 to 0.9983363385920471 adjusted 77 weights, 2 biases 
Training 745feaa4 with 1 binary file, target error: 0.000001, iterations: 1, sample rate: 100%, sparse: 100%
Fine tuning increased fitness by 3.248570107361459e-7 to 0.9983366634490578 adjusted 76 weights, 2 biases 
Training 10f77abe with 1 binary file, target error: 0.000001, iterations: 1, sample rate: 100%, sparse: 100%
Fine tuning increased fitness by 3.82853194258459e-7 to 0.9983370463022521 adjusted 75 weights, 2 biases 
Training b9d1264d with 1 binary file, target error: 0.000001, iterations: 1, sample rate: 100%, sparse: 100%
Training e05e9f9b with 1 binary file, target error: 0.000001, iterations: 1, sample rate: 100%, sparse: 100%
Fine tuning increased fitness by 2.9312970495354307e-8 to 0.9983371307880985 adjusted 75 weights, 2 biases 
Training 674fc8f5 with 1 binary file, target error: 0.000001, iterations: 1, sample rate: 100%, sparse: 100%
Fine tuning increased fitness by 8.074550317260787e-8 to 0.9983372115336017 adjusted 75 weights, 2 biases 
Training f5d9709c with 1 binary file, target error: 0.000001, iterations: 1, sample rate: 100%, sparse: 100%
Fine tuning increased fitness by 7.861048645363411e-8 to 0.9983372901440881 adjusted 75 weights, 2 biases 
Training 7b2688f8 with 1 binary file, target error: 0.000001, iterations: 1, sample rate: 100%, sparse: 100%
Generation 130 score 0.9983373758969878  error 0.0016610433069242198 avg time 514ms
Training 454694f5 with 1 binary file, target error: 0.000001, iterations: 1, sample rate: 100%, sparse: 100%
Training e1a2fd6f with 1 binary file, target error: 0.000001, iterations: 1, sample rate: 100%, sparse: 100%
Fine tuning increased fitness by 1.427939575471271e-7 to 0.998337634452832 adjusted 75 weights, 2 biases 
Training 7a91c81e with 1 binary file, target error: 0.000001, iterations: 1, sample rate: 100%, sparse: 100%
Fine tuning increased fitness by 2.486405239476852e-7 to 0.9983378830933559 adjusted 75 weights, 2 biases 
Training f94159f7 with 1 binary file, target error: 0.000001, iterations: 1, sample rate: 100%, sparse: 100%
Fine tuning increased fitness by 3.126918608487017e-7 to 0.9983381957852168 adjusted 75 weights, 2 biases 
Training b4b19424 with 1 binary file, target error: 0.000001, iterations: 1, sample rate: 100%, sparse: 100%
Training 4feb7677 with 1 binary file, target error: 0.000001, iterations: 1, sample rate: 100%, sparse: 100%
Training 39f91b10 with 1 binary file, target error: 0.000001, iterations: 1, sample rate: 100%, sparse: 100%
Fine tuning increased fitness by 1.8422714465060608e-8 to 0.9983384371429681 adjusted 75 weights, 2 biases 
Training d8747826 with 1 binary file, target error: 0.000001, iterations: 1, sample rate: 100%, sparse: 100%
Remove neuron fa7ecf03-1184-43ef-af73-3a2111fa8b43 as no longer connected
Training 121b677c with 1 binary file, target error: 0.000001, iterations: 1, sample rate: 100%, sparse: 100%
Fine tuning increased fitness by 2.3017229366928404e-7 to 0.9983388322813319 adjusted 128 weights, 3 biases 
Training 3fabe044 with 1 binary file, target error: 0.000001, iterations: 1, sample rate: 100%, sparse: 100%
Fine tuning increased fitness by 2.109693916230171e-7 to 0.9983390432507235 adjusted 127 weights, 3 biases 
Generation 140 score 0.9983390432507235  error 0.0016593759532953646 avg time 501ms
Training a640aba0 with 1 binary file, target error: 0.000001, iterations: 1, sample rate: 100%, sparse: 100%
Fine tuning increased fitness by 1.2705490881614878e-8 to 0.9983390559562144 adjusted 127 weights, 3 biases 
Training de10228c with 1 binary file, target error: 0.000001, iterations: 1, sample rate: 100%, sparse: 100%
Fine tuning increased fitness by 0.0000012429706341965385 to 0.9983402989268486 adjusted 126 weights, 3 biases 
Training 39b46c17 with 1 binary file, target error: 0.000001, iterations: 1, sample rate: 100%, sparse: 100%
Fine tuning increased fitness by 0.0000014755347943484765 to 0.998341774461643 adjusted 126 weights, 3 biases 
Training c0e0cf77 with 1 binary file, target error: 0.000001, iterations: 1, sample rate: 100%, sparse: 100%
Fine tuning increased fitness by 0.0000016509996301206087 to 0.9983434254612731 adjusted 126 weights, 3 biases 
Training af0bdc50 with 1 binary file, target error: 0.000001, iterations: 1, sample rate: 100%, sparse: 100%
Fine tuning increased fitness by 5.697530806036966e-7 to 0.9983439952143537 adjusted 123 weights, 3 biases 
Training 1bdf2792 with 1 binary file, target error: 0.000001, iterations: 1, sample rate: 100%, sparse: 100%
Training 3b4a8a5d with 1 binary file, target error: 0.000001, iterations: 1, sample rate: 100%, sparse: 100%
Training ba7e0008 with 1 binary file, target error: 0.000001, iterations: 1, sample rate: 100%, sparse: 100%
Fine tuning increased fitness by 2.920291475305703e-8 to 0.9983440792224729 adjusted 69 weights, 2 biases 
Training 7759ba8b with 1 binary file, target error: 0.000001, iterations: 1, sample rate: 100%, sparse: 100%
Fine tuning increased fitness by 8.331463297039932e-9 to 0.9983440875539362 adjusted 69 weights, 2 biases 
Training 419f3348 with 1 binary file, target error: 0.000001, iterations: 1, sample rate: 100%, sparse: 100%
Generation 150 score 0.9983441213129869  error 0.0016542978910006794 avg time 502ms
Training f4ecf6f5 with 1 binary file, target error: 0.000001, iterations: 1, sample rate: 100%, sparse: 100%
Training ca5f2c66 with 1 binary file, target error: 0.000001, iterations: 1, sample rate: 100%, sparse: 100%
Training d2284158 with 1 binary file, target error: 0.000001, iterations: 1, sample rate: 100%, sparse: 100%
Training b5cdbd3b with 1 binary file, target error: 0.000001, iterations: 1, sample rate: 100%, sparse: 100%
Fine tuning increased fitness by 1.5794369589983148e-8 to 0.9983446365745205 adjusted 1 weight 
Training 2fe617e7 with 1 binary file, target error: 0.000001, iterations: 1, sample rate: 100%, sparse: 100%
Fine tuning increased fitness by 8.146734509217879e-9 to 0.9983446447212551 adjusted 1 weight 
Training e78dd195 with 1 binary file, target error: 0.000001, iterations: 1, sample rate: 100%, sparse: 100%
Training 70de9f53 with 1 binary file, target error: 0.000001, iterations: 1, sample rate: 100%, sparse: 100%
Training 2fe617e7 increased fitness by 2.009138744263339e-9 to 0.9983446467303938
Training 64fd3049 with 1 binary file, target error: 0.000001, iterations: 1, sample rate: 100%, sparse: 100%
Fine tuning increased fitness by 1.043824915392122e-9 to 0.9983446477742187 adjusted 77 weights, 3 biases 
Training 2cc6d7c8 with 1 binary file, target error: 0.000001, iterations: 1, sample rate: 100%, sparse: 100%
Training 6b265e7f with 1 binary file, target error: 0.000001, iterations: 1, sample rate: 100%, sparse: 100%
Fine tuning increased fitness by 3.813081708159416e-7 to 0.9983450654421491 adjusted 113 weights, 3 biases 
Generation 160 score 0.9983450654421491  error 0.0016533437624389016 avg time 466ms
Training 22862954 with 1 binary file, target error: 0.000001, iterations: 1, sample rate: 100%, sparse: 100%
Training 5abfa731 with 1 binary file, target error: 0.000001, iterations: 1, sample rate: 100%, sparse: 100%
Fine tuning increased fitness by 8.081279928573437e-7 to 0.998346617170854 adjusted 115 weights, 3 biases 
Training 9b85fd52 with 1 binary file, target error: 0.000001, iterations: 1, sample rate: 100%, sparse: 100%
Fine tuning increased fitness by 0.0000010762144386777805 to 0.9983476933852927 adjusted 114 weights, 3 biases 
Training 37e10efd with 1 binary file, target error: 0.000001, iterations: 1, sample rate: 100%, sparse: 100%
Fine tuning increased fitness by 1.9995330480249152e-7 to 0.9983478933385975 adjusted 114 weights, 3 biases 
Training 01e5ed12 with 1 binary file, target error: 0.000001, iterations: 1, sample rate: 100%, sparse: 100%
Fine tuning increased fitness by 1.9930574812754287e-7 to 0.9983480926443457 adjusted 114 weights, 3 biases 
Training ec2405e0 with 1 binary file, target error: 0.000001, iterations: 1, sample rate: 100%, sparse: 100%
Fine tuning increased fitness by 3.9089832482019915e-7 to 0.9983484835426705 adjusted 114 weights, 3 biases 
Discovered beneficial synapse from input-358 to output-2 with weight -1.0000, helping 24.2% more records than it harms (2086/3359)
Discovery 55dbdf45 analyze time 24s 609ms found 1 candidates
Training c12ea6c6 with 1 binary file, target error: 0.000001, iterations: 1, sample rate: 100%, sparse: 100%
Fine tuning increased fitness by 5.122097835874584e-7 to 0.9983489957524541 adjusted 114 weights, 3 biases 
Discovered harmful synapse from input-1498 to output-2, harming 12.5% more records than it helps (1469/3359)
Discovery 55dbdf45 analyze harmful time 652ms found 1 candidates
Training a51993f8 with 1 binary file, target error: 0.000001, iterations: 1, sample rate: 100%, sparse: 100%
Fine tuning increased fitness by 9.651068364480153e-7 to 0.9983499608592905 adjusted 114 weights, 3 biases 
Discovery 55dbdf45 analyze squashes time 785ms found 1 candidate, Summary: output-2 LeakyReLU -> BIPOLAR improved: 20.7% error: 12.5338 -> 9.9452
Training b0263ad3 with 1 binary file, target error: 0.000001, iterations: 1, sample rate: 100%, sparse: 100%
Training 23d99b9f with 1 binary file, target error: 0.000001, iterations: 1, sample rate: 100%, sparse: 100%
Fine tuning increased fitness by 3.4982634355973374e-7 to 0.998351114172515 adjusted 114 weights, 4 biases 
Discovery 23d99b9f with 1 binary files, sample rate: 100%, batch size: 512
Discovery 23d99b9f initialize time 86ms
Discovery 23d99b9f processing .trainData-fx_c_88/AUDCAD/data.bin
Over populated 53, expected 50.
Generation 170 score 0.998351114172515  error 0.0016472850208034753 avg time 534ms
Training 67670037 with 1 binary file, target error: 0.000001, iterations: 1, sample rate: 100%, sparse: 100%
Fine tuning increased fitness by 3.2688815554404727e-7 to 0.9983514410606705 adjusted 114 weights, 4 biases 
Training 99e3d392 with 1 binary file, target error: 0.000001, iterations: 1, sample rate: 100%, sparse: 100%
Discovery 23d99b9f read time 4ms for .trainData-fx_c_88/AUDCAD/data.bin with 3359 records
Discovery 23d99b9f scanning time 1s 16ms
Training 73c29742 with 1 binary file, target error: 0.000001, iterations: 1, sample rate: 100%, sparse: 100%
Discovery 23d99b9f recorded time 1s 735ms
Training 923588c1 with 1 binary file, target error: 0.000001, iterations: 1, sample rate: 100%, sparse: 100%
Fine tuning increased fitness by 3.2327520782526875e-7 to 0.9983518628854954 adjusted 113 weights, 4 biases 
Training d13448ae with 1 binary file, target error: 0.000001, iterations: 1, sample rate: 100%, sparse: 100%
Training 0444fbaa with 1 binary file, target error: 0.000001, iterations: 1, sample rate: 100%, sparse: 100%
Fine tuning increased fitness by 3.2236707792066e-7 to 0.9983526042884442 adjusted 66 weights, 1 bias 
Training b1ab5ae5 with 1 binary file, target error: 0.000001, iterations: 1, sample rate: 100%, sparse: 100%
Fine tuning increased fitness by 3.4376518587286853e-7 to 0.9983529480536301 adjusted 66 weights, 1 bias 
Training 199b24ba with 1 binary file, target error: 0.000001, iterations: 1, sample rate: 100%, sparse: 100%
Fine tuning increased fitness by 4.178064907378598e-7 to 0.9983533658601208 adjusted 66 weights, 1 bias 
Training 8cdde84a with 1 binary file, target error: 0.000001, iterations: 1, sample rate: 100%, sparse: 100%
Fine tuning increased fitness by 3.4069575693962406e-7 to 0.9983537065558777 adjusted 66 weights, 1 bias 
Training 70ecdeb4 with 1 binary file, target error: 0.000001, iterations: 1, sample rate: 100%, sparse: 100%
Fine tuning increased fitness by 5.969144034612128e-8 to 0.9983537662473181 adjusted 66 weights, 1 bias 
Generation 180 score 0.9983537662473181  error 0.0016446329386193936 avg time 533ms
Training 6b8a36c4 with 1 binary file, target error: 0.000001, iterations: 1, sample rate: 100%, sparse: 100%
Fine tuning increased fitness by 5.526005497635822e-8 to 0.9983538215073731 adjusted 66 weights, 1 bias 
Training 5cdc1db1 with 1 binary file, target error: 0.000001, iterations: 1, sample rate: 100%, sparse: 100%
Fine tuning increased fitness by 5.414950932092211e-8 to 0.9983538756568824 adjusted 66 weights, 1 bias 
Training 6f8470ff with 1 binary file, target error: 0.000001, iterations: 1, sample rate: 100%, sparse: 100%
Training 69728052 with 1 binary file, target error: 0.000001, iterations: 1, sample rate: 100%, sparse: 100%
Training fda6a10c with 1 binary file, target error: 0.000001, iterations: 1, sample rate: 100%, sparse: 100%
Training 952ffb05 with 1 binary file, target error: 0.000001, iterations: 1, sample rate: 100%, sparse: 100%
Training deacbd5f with 1 binary file, target error: 0.000001, iterations: 1, sample rate: 100%, sparse: 100%
Training 83d2687c with 1 binary file, target error: 0.000001, iterations: 1, sample rate: 100%, sparse: 100%
Fine tuning increased fitness by 1.2928726089711517e-8 to 0.998354358509118 adjusted 1 weight 
Training c17246f1 with 1 binary file, target error: 0.000001, iterations: 1, sample rate: 100%, sparse: 100%
Fine tuning increased fitness by 5.868373564865692e-9 to 0.9983543643774916 adjusted 1 weight 
Fine tuning increased fitness by 5.886475196170693e-9 to 0.9983543702639668 adjusted 1 weight 
Training 4fa07d06 with 1 binary file, target error: 0.000001, iterations: 1, sample rate: 100%, sparse: 100%
Generation 190 score 0.9983543702639668  error 0.001644008923689976 avg time 508ms
Training 72caebea with 1 binary file, target error: 0.000001, iterations: 1, sample rate: 100%, sparse: 100%
Fine tuning increased fitness by 1.4092111921826245e-9 to 0.998354371673178 adjusted 1 weight 
Training ea71a0a3 with 1 binary file, target error: 0.000001, iterations: 1, sample rate: 100%, sparse: 100%
Fine tuning increased fitness by 8.716663613128617e-9 to 0.9983543803898416 adjusted 1 weight 
Training 6f1e0fa0 with 1 binary file, target error: 0.000001, iterations: 1, sample rate: 100%, sparse: 100%
Fine tuning increased fitness by 4.1232992575857e-9 to 0.9983543845131408 adjusted 1 weight 
Training b1ca72ec with 1 binary file, target error: 0.000001, iterations: 1, sample rate: 100%, sparse: 100%
Training 43bb6c55 with 1 binary file, target error: 0.000001, iterations: 1, sample rate: 100%, sparse: 100%
Training 3af8480b with 1 binary file, target error: 0.000001, iterations: 1, sample rate: 100%, sparse: 100%
Fine tuning increased fitness by 1.7408121566475643e-7 to 0.9983550508461707 adjusted 57 weights, 1 bias 
Training 243a66d8 with 1 binary file, target error: 0.000001, iterations: 1, sample rate: 100%, sparse: 100%
Training 123f078f with 1 binary file, target error: 0.000001, iterations: 1, sample rate: 100%, sparse: 100%
Fine tuning increased fitness by 5.802827585110748e-8 to 0.9983551632894521 adjusted 57 weights, 1 bias 
Training ea51b24a with 1 binary file, target error: 0.000001, iterations: 1, sample rate: 100%, sparse: 100%
Fine tuning increased fitness by 1.0612924272734858e-7 to 0.9983552694186948 adjusted 57 weights, 1 bias 
Training 7b4dbbeb with 1 binary file, target error: 0.000001, iterations: 1, sample rate: 100%, sparse: 100%
Fine tuning increased fitness by 1.498894891538427e-7 to 0.998355419308184 adjusted 57 weights, 1 bias 
Generation 200 score 0.998355419308184  error 0.0016429498799024709 avg time 443ms
Training f9ca8912 with 1 binary file, target error: 0.000001, iterations: 1, sample rate: 100%, sparse: 100%
Fine tuning increased fitness by 2.4572830104041543e-7 to 0.998355665036485 adjusted 57 weights, 1 bias 
Training 3b7007d0 with 1 binary file, target error: 0.000001, iterations: 1, sample rate: 100%, sparse: 100%
Fine tuning increased fitness by 2.575687202410748e-7 to 0.9983559226052052 adjusted 57 weights, 1 bias 
Training 62356a26 with 1 binary file, target error: 0.000001, iterations: 1, sample rate: 100%, sparse: 100%
Fine tuning increased fitness by 2.1236623271025934e-7 to 0.9983561349714379 adjusted 57 weights, 1 bias 
Training 22e77086 with 1 binary file, target error: 0.000001, iterations: 1, sample rate: 100%, sparse: 100%
Fine tuning increased fitness by 3.184340324757784e-8 to 0.9983561668148412 adjusted 57 weights, 1 bias 
Training f0f65ca2 with 1 binary file, target error: 0.000001, iterations: 1, sample rate: 100%, sparse: 100%
Fine tuning increased fitness by 3.323567165924857e-8 to 0.9983562000505128 adjusted 57 weights, 1 bias 
Training 6ef5a6d9 with 1 binary file, target error: 0.000001, iterations: 1, sample rate: 100%, sparse: 100%
Training d71b9014 with 1 binary file, target error: 0.000001, iterations: 1, sample rate: 100%, sparse: 100%
Fine tuning increased fitness by 4.462142744188213e-8 to 0.9983562744234096 adjusted 57 weights, 1 bias 
Training 118728e9 with 1 binary file, target error: 0.000001, iterations: 1, sample rate: 100%, sparse: 100%
Fine tuning increased fitness by 5.847860695684659e-8 to 0.9983563329020165 adjusted 57 weights, 1 bias 
Training 7a17c397 with 1 binary file, target error: 0.000001, iterations: 1, sample rate: 100%, sparse: 100%
Fine tuning increased fitness by 8.430603548603699e-8 to 0.998356417208052 adjusted 57 weights, 1 bias 
Training 420a46d6 with 1 binary file, target error: 0.000001, iterations: 1, sample rate: 100%, sparse: 100%
Fine tuning increased fitness by 7.609464158786494e-8 to 0.9983564933026936 adjusted 57 weights, 1 bias 
Generation 210 score 0.9983564933026936  error 0.001641875884085726 avg time 486ms
Training 9a6b83c6 with 1 binary file, target error: 0.000001, iterations: 1, sample rate: 100%, sparse: 100%
Fine tuning increased fitness by 7.494013887221485e-8 to 0.9983565682428325 adjusted 57 weights, 1 bias 
Training d6c65642 with 1 binary file, target error: 0.000001, iterations: 1, sample rate: 100%, sparse: 100%
Training 67a7303d with 1 binary file, target error: 0.000001, iterations: 1, sample rate: 100%, sparse: 100%
Fine tuning increased fitness by 2.1985050391304384e-7 to 0.998356980251355 adjusted 57 weights, 1 bias 
Training 5f8f5849 with 1 binary file, target error: 0.000001, iterations: 1, sample rate: 100%, sparse: 100%
Fine tuning increased fitness by 2.8891638848005385e-7 to 0.9983572691677435 adjusted 57 weights, 1 bias 
Training 133d12aa with 1 binary file, target error: 0.000001, iterations: 1, sample rate: 100%, sparse: 100%
Fine tuning increased fitness by 2.2104392594091138e-7 to 0.9983574902116694 adjusted 57 weights, 1 bias 
Training 2c704b47 with 1 binary file, target error: 0.000001, iterations: 1, sample rate: 100%, sparse: 100%
Fine tuning increased fitness by 3.158906203282186e-8 to 0.9983575218007315 adjusted 57 weights, 1 bias 
Training 9f889f22 with 1 binary file, target error: 0.000001, iterations: 1, sample rate: 100%, sparse: 100%
Fine tuning increased fitness by 2.4263308251448734e-8 to 0.9983575460640397 adjusted 57 weights, 1 bias 
Training ceafc41c with 1 binary file, target error: 0.000001, iterations: 1, sample rate: 100%, sparse: 100%
Fine tuning increased fitness by 4.1860947264105164e-8 to 0.998357587924987 adjusted 57 weights, 1 bias 
Training 618b4ba8 with 1 binary file, target error: 0.000001, iterations: 1, sample rate: 100%, sparse: 100%
Fine tuning increased fitness by 6.4434950708403e-8 to 0.9983576523599377 adjusted 57 weights, 1 bias 
Training 6b3fb38c with 1 binary file, target error: 0.000001, iterations: 1, sample rate: 100%, sparse: 100%
Fine tuning increased fitness by 9.20604110721257e-8 to 0.9983577444203487 adjusted 57 weights, 1 bias 
Generation 220 score 0.9983577444203487  error 0.001640624766035191 avg time 486ms
Fine tuning increased fitness by 1.365068573733197e-7 to 0.9983578809272061 adjusted 57 weights, 1 bias 
Training 49eee2fd with 1 binary file, target error: 0.000001, iterations: 1, sample rate: 100%, sparse: 100%
Training 330bbe02 with 1 binary file, target error: 0.000001, iterations: 1, sample rate: 100%, sparse: 100%
Fine tuning increased fitness by 1.8166955317866496e-7 to 0.9983580625967593 adjusted 57 weights, 1 bias 
Training a18adc8d with 1 binary file, target error: 0.000001, iterations: 1, sample rate: 100%, sparse: 100%
Fine tuning increased fitness by 1.0345591605620541e-7 to 0.9983581660526754 adjusted 57 weights, 1 bias 
Discovered beneficial synapse from output-3 to output-4 with weight 1.0000, helping 25.5% more records than it harms (2108/3359)
Discovery 23d99b9f analyze time 24s 354ms found 1 candidates
Training d3862e4c with 1 binary file, target error: 0.000001, iterations: 1, sample rate: 100%, sparse: 100%
Discovered harmful synapse from input-1498 to output-2, harming 12.4% more records than it helps (1471/3359)
Discovery 23d99b9f analyze harmful time 681ms found 1 candidates
Training 4ead9d4a with 1 binary file, target error: 0.000001, iterations: 1, sample rate: 100%, sparse: 100%
Training 56496b40 with 1 binary file, target error: 0.000001, iterations: 1, sample rate: 100%, sparse: 100%
Fine tuning increased fitness by 7.523504708117912e-9 to 0.9983581735761801 adjusted 47 weights, 1 bias 
Discovery 23d99b9f analyze squashes time 814ms found 1 candidate, Summary: output-2 LeakyReLU -> BIPOLAR improved: 20.6% error: 12.5300 -> 9.9434
Training 422eb370 with 1 binary file, target error: 0.000001, iterations: 1, sample rate: 100%, sparse: 100%
Fine tuning increased fitness by 2.3839912377532357e-8 to 0.9983581974160924 adjusted 47 weights, 1 bias 
Discovery 422eb370 with 1 binary files, sample rate: 100%, batch size: 512
Discovery 422eb370 initialize time 86ms
Discovery 422eb370 processing .trainData-fx_c_88/AUDCAD/data.bin
Training 476003d5 with 1 binary file, target error: 0.000001, iterations: 1, sample rate: 100%, sparse: 100%
Fine tuning increased fitness by 3.0299645126241614e-8 to 0.9983582277157376 adjusted 47 weights, 1 bias 
Training 06251fbf with 1 binary file, target error: 0.000001, iterations: 1, sample rate: 100%, sparse: 100%
Fine tuning increased fitness by 3.6643452605567006e-8 to 0.9983582643591902 adjusted 47 weights, 1 bias 
Discovery 422eb370 read time 2ms for .trainData-fx_c_88/AUDCAD/data.bin with 3359 records
Discovery 422eb370 scanning time 1s 5ms
Training c6ff1210 with 1 binary file, target error: 0.000001, iterations: 1, sample rate: 100%, sparse: 100%
Generation 230 score 0.9983583148545114  error 0.0016400543318140894 avg time 501ms
Discovery 422eb370 recorded time 1s 816ms
Training 2cef04c9 with 1 binary file, target error: 0.000001, iterations: 1, sample rate: 100%, sparse: 100%
Fine tuning increased fitness by 3.622377142686872e-8 to 0.9983583510782829 adjusted 47 weights, 3 biases 
Training 8ea7930a with 1 binary file, target error: 0.000001, iterations: 1, sample rate: 100%, sparse: 100%
Fine tuning increased fitness by 1.82275505800078e-8 to 0.9983583693058334 adjusted 47 weights, 3 biases 
Training 767277ca with 1 binary file, target error: 0.000001, iterations: 1, sample rate: 100%, sparse: 100%
Fine tuning increased fitness by 9.12101638661511e-9 to 0.9983583784268498 adjusted 47 weights, 3 biases 
Training e0bcf028 with 1 binary file, target error: 0.000001, iterations: 1, sample rate: 100%, sparse: 100%
Training ecdf9258 with 1 binary file, target error: 0.000001, iterations: 1, sample rate: 100%, sparse: 100%
Training 488bd0cb with 1 binary file, target error: 0.000001, iterations: 1, sample rate: 100%, sparse: 100%
Training 89cde9e4 with 1 binary file, target error: 0.000001, iterations: 1, sample rate: 100%, sparse: 100%
Training e4e20869 with 1 binary file, target error: 0.000001, iterations: 1, sample rate: 100%, sparse: 100%
Fine tuning increased fitness by 2.628144757377271e-8 to 0.9983584458604146 adjusted 79 weights, 3 biases 
Remove neuron 3308e3bb-0acf-4fd5-b71f-bd531e01c201 as no longer connected
Training a9cf8e8d with 1 binary file, target error: 0.000001, iterations: 1, sample rate: 100%, sparse: 100%
Training 7983ef2d with 1 binary file, target error: 0.000001, iterations: 1, sample rate: 100%, sparse: 100%
Generation 240 score 0.998358556543315  error 0.001639802643546306 avg time 505ms
Training 2f222023 with 1 binary file, target error: 0.000001, iterations: 1, sample rate: 100%, sparse: 100%
Training 54a8c193 with 1 binary file, target error: 0.000001, iterations: 1, sample rate: 100%, sparse: 100%
Fine tuning increased fitness by 2.3324603593000148e-7 to 0.9983589958102146 adjusted 26 weights, 1 bias 
Training 2f394a1a with 1 binary file, target error: 0.000001, iterations: 1, sample rate: 100%, sparse: 100%
Fine tuning increased fitness by 3.3181351888345034e-8 to 0.9983590289915665 adjusted 26 weights, 1 bias 
Training 9cb02d47 with 1 binary file, target error: 0.000001, iterations: 1, sample rate: 100%, sparse: 100%
Training 9984c435 with 1 binary file, target error: 0.000001, iterations: 1, sample rate: 100%, sparse: 100%
Training ba5a058f with 1 binary file, target error: 0.000001, iterations: 1, sample rate: 100%, sparse: 100%
Training 478042c9 with 1 binary file, target error: 0.000001, iterations: 1, sample rate: 100%, sparse: 100%
Remove neuron 943336f9-70c9-4580-9c88-6eeef56a467e as no longer connected
Training 82fcb832 with 1 binary file, target error: 0.000001, iterations: 1, sample rate: 100%, sparse: 100%
Fine tuning increased fitness by 3.369054035751162e-8 to 0.9983591126063383 adjusted 65 weights, 2 biases 
Training 647d8f7c with 1 binary file, target error: 0.000001, iterations: 1, sample rate: 100%, sparse: 100%
Fine tuning increased fitness by 6.688475195915089e-8 to 0.9983591794910902 adjusted 61 weights, 2 biases 
Training 46946230 with 1 binary file, target error: 0.000001, iterations: 1, sample rate: 100%, sparse: 100%
Fine tuning increased fitness by 1.2788779157890673e-7 to 0.9983593073788818 adjusted 61 weights, 2 biases 
Generation 250 score 0.9983593073788818  error 0.0016390418086945837 avg time 488ms
Training 6776b771 with 1 binary file, target error: 0.000001, iterations: 1, sample rate: 100%, sparse: 100%
Fine tuning increased fitness by 2.8529842277524864e-7 to 0.9983595926773046 adjusted 61 weights, 2 biases 
Training 56d4e4ee with 1 binary file, target error: 0.000001, iterations: 1, sample rate: 100%, sparse: 100%
Training e3ee0179 with 1 binary file, target error: 0.000001, iterations: 1, sample rate: 100%, sparse: 100%
Fine tuning increased fitness by 5.196427098619338e-7 to 0.9983605516944226 adjusted 61 weights, 2 biases 
Training 033cc0b5 with 1 binary file, target error: 0.000001, iterations: 1, sample rate: 100%, sparse: 100%
Fine tuning increased fitness by 2.687260584055551e-7 to 0.998360820420481 adjusted 57 weights, 2 biases 
Training d1f4a912 with 1 binary file, target error: 0.000001, iterations: 1, sample rate: 100%, sparse: 100%
Fine tuning increased fitness by 1.1389296505903701e-8 to 0.9983608318097775 adjusted 57 weights, 2 biases 
Training 4480d5d1 with 1 binary file, target error: 0.000001, iterations: 1, sample rate: 100%, sparse: 100%
Fine tuning increased fitness by 1.9603487277919385e-8 to 0.9983608514132648 adjusted 57 weights, 2 biases 
Training 435f53de with 1 binary file, target error: 0.000001, iterations: 1, sample rate: 100%, sparse: 100%
Fine tuning increased fitness by 3.50353953626481e-8 to 0.9983608864486602 adjusted 57 weights, 2 biases 
Training 5cd1678c with 1 binary file, target error: 0.000001, iterations: 1, sample rate: 100%, sparse: 100%
Fine tuning increased fitness by 4.686669707876234e-8 to 0.9983609333153572 adjusted 57 weights, 2 biases 
Training 57ac7a99 with 1 binary file, target error: 0.000001, iterations: 1, sample rate: 100%, sparse: 100%
Fine tuning increased fitness by 8.298735176826e-8 to 0.998361016302709 adjusted 57 weights, 2 biases 
Training 4653d9b9 with 1 binary file, target error: 0.000001, iterations: 1, sample rate: 100%, sparse: 100%
Fine tuning increased fitness by 1.105375964094435e-7 to 0.9983611268403054 adjusted 57 weights, 2 biases 
Generation 260 score 0.9983611268403054  error 0.001637222346948612 avg time 497ms
Training 7ca2771a with 1 binary file, target error: 0.000001, iterations: 1, sample rate: 100%, sparse: 100%
Training 25cd5ce6 with 1 binary file, target error: 0.000001, iterations: 1, sample rate: 100%, sparse: 100%
Fine tuning increased fitness by 2.4651645502693498e-8 to 0.9983613076217962 adjusted 56 weights, 2 biases 
Training 85220445 with 1 binary file, target error: 0.000001, iterations: 1, sample rate: 100%, sparse: 100%
Fine tuning increased fitness by 7.495373188781684e-8 to 0.9983613825755281 adjusted 56 weights, 2 biases 
Training 98840f1a with 1 binary file, target error: 0.000001, iterations: 1, sample rate: 100%, sparse: 100%
Training 938f1b2f with 1 binary file, target error: 0.000001, iterations: 1, sample rate: 100%, sparse: 100%
Fine tuning increased fitness by 2.3753463418429988e-8 to 0.998361472191367 adjusted 57 weights, 2 biases 
Training 6f2da687 with 1 binary file, target error: 0.000001, iterations: 1, sample rate: 100%, sparse: 100%
Fine tuning increased fitness by 4.3202367350225757e-8 to 0.9983615153937343 adjusted 57 weights, 2 biases 
Training 2b8e266b with 1 binary file, target error: 0.000001, iterations: 1, sample rate: 100%, sparse: 100%
Fine tuning increased fitness by 5.998369245752144e-8 to 0.9983615753774268 adjusted 57 weights, 2 biases 
Training 9c29d030 with 1 binary file, target error: 0.000001, iterations: 1, sample rate: 100%, sparse: 100%
Fine tuning increased fitness by 8.972812581831136e-8 to 0.9983616651055526 adjusted 57 weights, 2 biases 
Training 057e0177 with 1 binary file, target error: 0.000001, iterations: 1, sample rate: 100%, sparse: 100%
Fine tuning increased fitness by 1.1449827519438571e-7 to 0.9983617796038278 adjusted 57 weights, 2 biases 
Training 8fae40c7 with 1 binary file, target error: 0.000001, iterations: 1, sample rate: 100%, sparse: 100%
Fine tuning increased fitness by 1.8286528569166904e-7 to 0.9983619624691135 adjusted 57 weights, 2 biases 
Generation 270 score 0.9983619624691135  error 0.0016363667199218203 avg time 520ms
Training 2d93ed64 with 1 binary file, target error: 0.000001, iterations: 1, sample rate: 100%, sparse: 100%
Fine tuning increased fitness by 3.014858294125844e-7 to 0.9983622639549429 adjusted 1 weight 
Training 2f81106e with 1 binary file, target error: 0.000001, iterations: 1, sample rate: 100%, sparse: 100%
Fine tuning increased fitness by 2.945424338873792e-7 to 0.9983625584973768 adjusted 1 weight 
Training 5d0f2bc7 with 1 binary file, target error: 0.000001, iterations: 1, sample rate: 100%, sparse: 100%
Fine tuning increased fitness by 9.498043684885715e-9 to 0.9983625679954204 adjusted 1 weight 
Training 1518933c with 1 binary file, target error: 0.000001, iterations: 1, sample rate: 100%, sparse: 100%
Training 4dca292a with 1 binary file, target error: 0.000001, iterations: 1, sample rate: 100%, sparse: 100%
Training 0068739d with 1 binary file, target error: 0.000001, iterations: 1, sample rate: 100%, sparse: 100%
Fine tuning increased fitness by 3.0897792102635435e-9 to 0.998362573872212 adjusted 53 weights 
Training b5511488 with 1 binary file, target error: 0.000001, iterations: 1, sample rate: 100%, sparse: 100%
Fine tuning increased fitness by 3.1200710903789286e-9 to 0.998362576992283 adjusted 53 weights 
Training b308a2b8 with 1 binary file, target error: 0.000001, iterations: 1, sample rate: 100%, sparse: 100%
Fine tuning increased fitness by 2.262845799627655e-9 to 0.9983625792551288 adjusted 53 weights 
Training ec424cc6 with 1 binary file, target error: 0.000001, iterations: 1, sample rate: 100%, sparse: 100%
Fine tuning increased fitness by 3.25038052029214e-9 to 0.9983625825055094 adjusted 53 weights 
Training 30728393 with 1 binary file, target error: 0.000001, iterations: 1, sample rate: 100%, sparse: 100%
Fine tuning increased fitness by 4.249783858156775e-9 to 0.9983625867552932 adjusted 53 weights 
Generation 280 score 0.9983625867552932  error 0.0016357424337047994 avg time 470ms
Discovered beneficial synapse from input-79 to output-4 with weight -1.0000, helping 24.6% more records than it harms (2092/3359)
Discovery 422eb370 analyze time 24s 660ms found 1 candidates
Training a8a43ba1 with 1 binary file, target error: 0.000001, iterations: 1, sample rate: 100%, sparse: 100%
Training be5dcd74 with 1 binary file, target error: 0.000001, iterations: 1, sample rate: 100%, sparse: 100%
Fine tuning increased fitness by 1.1090544038694361e-8 to 0.9983626061783679 adjusted 52 weights 
Discovered harmful synapse from input-1439 to output-1, harming 13.1% more records than it helps (1460/3359)
Discovery 422eb370 analyze harmful time 711ms found 1 candidates
Training 03d1223c with 1 binary file, target error: 0.000001, iterations: 1, sample rate: 100%, sparse: 100%
Fine tuning increased fitness by 1.820448647382733e-8 to 0.9983626243828544 adjusted 52 weights 
Discovery 422eb370 analyze squashes time 755ms found 1 candidate, Summary: output-2 LeakyReLU -> BIPOLAR improved: 20.7% error: 12.5353 -> 9.9457
Training 01e25d3a with 1 binary file, target error: 0.000001, iterations: 1, sample rate: 100%, sparse: 100%
Discovery 01e25d3a with 1 binary files, sample rate: 100%, batch size: 512
Discovery 01e25d3a initialize time 87ms
Discovery 01e25d3a processing .trainData-fx_c_88/AUDCAD/data.bin
Training 27d7b9e3 with 1 binary file, target error: 0.000001, iterations: 1, sample rate: 100%, sparse: 100%
Discovery 422eb370 beneficial increased fitness by 6.774147126575869e-7 to 0.9983633376994994
Training 8a4b96fd with 1 binary file, target error: 0.000001, iterations: 1, sample rate: 100%, sparse: 100%
Discovery 01e25d3a read time 1ms for .trainData-fx_c_88/AUDCAD/data.bin with 3359 records
Fine tuning increased fitness by 0.0000010623868944570347 to 0.9983644000863938 adjusted 1 weight 
Discovery 01e25d3a scanning time 954ms
Training 822b78af with 1 binary file, target error: 0.000001, iterations: 1, sample rate: 100%, sparse: 100%
Fine tuning increased fitness by 0.000001048206447973321 to 0.9983654482928418 adjusted 1 weight 
Discovery 01e25d3a recorded time 1s 743ms
Training 07694ce3 with 1 binary file, target error: 0.000001, iterations: 1, sample rate: 100%, sparse: 100%
Fine tuning increased fitness by 2.570742552165939e-7 to 0.9983663985759548 adjusted 2 weights 
Training 8ca5a7e9 with 1 binary file, target error: 0.000001, iterations: 1, sample rate: 100%, sparse: 100%
Training ce27476a with 1 binary file, target error: 0.000001, iterations: 1, sample rate: 100%, sparse: 100%
Fine tuning increased fitness by 5.855187357184377e-7 to 0.9983669840946905 adjusted 2 weights 
Generation 290 score 0.9983669840946905  error 0.001631325091549469 avg time 474ms
Training 3910ba2c with 1 binary file, target error: 0.000001, iterations: 1, sample rate: 100%, sparse: 100%
Fine tuning increased fitness by 4.778181232900636e-7 to 0.9983674619128138 adjusted 2 weights 
Training 96e077ca with 1 binary file, target error: 0.000001, iterations: 1, sample rate: 100%, sparse: 100%
Fine tuning increased fitness by 0.000002211205377133929 to 0.9983696731181909 adjusted 2 weights 
Training e5198365 with 1 binary file, target error: 0.000001, iterations: 1, sample rate: 100%, sparse: 100%
Training 36825718 with 1 binary file, target error: 0.000001, iterations: 1, sample rate: 100%, sparse: 100%
Training 094002e0 with 1 binary file, target error: 0.000001, iterations: 1, sample rate: 100%, sparse: 100%
Fine tuning increased fitness by 2.2739940819249682e-7 to 0.9983704906963334 adjusted 1 weight 
Training 81839d72 with 1 binary file, target error: 0.000001, iterations: 1, sample rate: 100%, sparse: 100%
Fine tuning increased fitness by 3.4762369338636745e-7 to 0.9983708383200268 adjusted 1 weight 
Training f3f64f5e with 1 binary file, target error: 0.000001, iterations: 1, sample rate: 100%, sparse: 100%
Fine tuning increased fitness by 4.6310445633857e-7 to 0.9983713014244832 adjusted 1 weight 
Training baa7c755 with 1 binary file, target error: 0.000001, iterations: 1, sample rate: 100%, sparse: 100%
Fine tuning increased fitness by 6.4291992840637135e-9 to 0.9983713078536824 adjusted 1 weight 
Training 62a76bb2 with 1 binary file, target error: 0.000001, iterations: 1, sample rate: 100%, sparse: 100%
Fine tuning increased fitness by 6.885816139501344e-9 to 0.9983713147394986 adjusted 1 weight 
Training 9b00df6d with 1 binary file, target error: 0.000001, iterations: 1, sample rate: 100%, sparse: 100%
Generation 300 score 0.9983717721721733  error 0.0016265270147476415 avg time 421ms
Training e43a6fc7 with 1 binary file, target error: 0.000001, iterations: 1, sample rate: 100%, sparse: 100%
Fine tuning increased fitness by 0.0000012046307332758133 to 0.9983729768029066 adjusted 53 weights, 1 bias 
Training e778f5ec with 1 binary file, target error: 0.000001, iterations: 1, sample rate: 100%, sparse: 100%
Fine tuning increased fitness by 0.000001263471227530566 to 0.9983742402741341 adjusted 53 weights, 1 bias 
Training 8e958327 with 1 binary file, target error: 0.000001, iterations: 1, sample rate: 100%, sparse: 100%
Fine tuning increased fitness by 8.59459231561388e-7 to 0.9983750997333657 adjusted 53 weights, 1 bias 
Training d1523fa1 with 1 binary file, target error: 0.000001, iterations: 1, sample rate: 100%, sparse: 100%
Fine tuning increased fitness by 2.288664705529797e-7 to 0.9983753285998362 adjusted 53 weights, 1 bias 
Training b257f778 with 1 binary file, target error: 0.000001, iterations: 1, sample rate: 100%, sparse: 100%
Training 78d4061d with 1 binary file, target error: 0.000001, iterations: 1, sample rate: 100%, sparse: 100%
Fine tuning increased fitness by 6.527514584409033e-8 to 0.9983753938749821 adjusted 53 weights, 1 bias 
Fine tuning increased fitness by 1.5804375141925675e-8 to 0.9983754096793572 adjusted 53 weights, 1 bias 
Fine tuning increased fitness by 3.4670418758153687e-9 to 0.9983754131463991 adjusted 53 weights, 1 bias 
Fine tuning increased fitness by 6.085523862608966e-9 to 0.998375419231923 adjusted 53 weights, 1 bias 
Fine tuning increased fitness by 8.765706938085316e-9 to 0.9983754279976299 adjusted 53 weights, 1 bias 
Generation 310 score 0.9983754279976299  error 0.0016228711892841007 avg time 354ms
Fine tuning increased fitness by 4.281525800564623e-9 to 0.9983754322791557 adjusted 53 weights, 1 bias 
Fine tuning increased fitness by 3.7663427931988736e-10 to 0.99837543265579 adjusted 53 weights, 1 bias 
Fine tuning increased fitness by 4.997336988665779e-10 to 0.9983754331555237 adjusted 53 weights, 1 bias 
Fine tuning increased fitness by 8.178147048454321e-10 to 0.9983754339733384 adjusted 53 weights, 1 bias 
Fine tuning increased fitness by 9.223489749743408e-10 to 0.9983754348956874 adjusted 53 weights, 1 bias 
Fine tuning increased fitness by 9.136817968879996e-9 to 0.9983754440325053 adjusted 53 weights, 1 bias 
Fine tuning increased fitness by 2.6579339285071057e-8 to 0.9983754706118446 adjusted 1 weight 
Fine tuning increased fitness by 2.670652399228146e-8 to 0.9983754973183686 adjusted 1 weight 
Generation 320 score 0.9983754973183686  error 0.0016227918692066597 avg time 312ms
Fine tuning increased fitness by 5.350941911785867e-12 to 0.9983754973237196 adjusted 1 weight 
Fine tuning increased fitness by 6.345879377533947e-11 to 0.9983754973871783 adjusted 1 weight 
Fine tuning increased fitness by 2.178257574314557e-12 to 0.9983754973893566 adjusted 1 weight 
Fine tuning increased fitness by 6.017408793468348e-13 to 0.9983754973899583 adjusted 1 weight 
Generation 330 score 0.9983754973899583  error 0.0016227917976170134 avg time 281ms
Fine tuning increased fitness by 1.8129941992128806e-13 to 0.9983754973901396 adjusted 1 weight 
Fine tuning increased fitness by 2.942091015256665e-14 to 0.9983754973901691 adjusted 1 weight 
Generation 340 score 0.9983754973901691  error 0.0016227917974063384 avg time 280ms
Fine tuning increased fitness by 1.4355641064778268e-7 to 0.9983756409465797 adjusted 1 weight 
Fine tuning increased fitness by 4.7611216891230157e-7 to 0.9983761170587486 adjusted 2 weights 
Fine tuning increased fitness by 0.0000011688660480624335 to 0.9983772859247967 adjusted 2 weights 
Fine tuning increased fitness by 0.00000187038715349086 to 0.9983791563119502 adjusted 2 weights 
Fine tuning increased fitness by 5.436729101360172e-7 to 0.9983796999848603 adjusted 2 weights 
Fine tuning increased fitness by 0.0000010501758213044 to 0.9983807501606816 adjusted 2 weights 
Fine tuning increased fitness by 0.000003390710405892783 to 0.9983841408710875 adjusted 2 weights 
Fine tuning increased fitness by 0.000004085206358972471 to 0.9983882260774465 adjusted 2 weights 
Fine tuning increased fitness by 3.2104422120760034e-7 to 0.9983885471216677 adjusted 2 weights 
Fine tuning increased fitness by 0.0000011155779534588461 to 0.9983896626996211 adjusted 2 weights 
Generation 350 score 0.9983896626996211  error 0.0016086164885754043 avg time 285ms
Fine tuning increased fitness by 5.262648239412471e-8 to 0.9983900384431763 adjusted 3 weights 
Discovered beneficial synapse from output-3 to output-4 with weight 1.0000, helping 25.7% more records than it harms (2110/3359)
Discovery 01e25d3a analyze time 23s 846ms found 1 candidates
Generation 360 score 0.9983900555285041  error 0.0016082036609947118 avg time 380ms
Discovered harmful synapse from input-1439 to output-1, harming 13.0% more records than it helps (1461/3359)
Discovery 01e25d3a analyze harmful time 700ms found 1 candidates
Discovery 01e25d3a analyze squashes time 791ms found 1 candidate, Summary: output-2 LeakyReLU -> BIPOLAR improved: 20.7% error: 12.5280 -> 9.9404
Fine tuning increased fitness by 3.197330834536771e-7 to 0.9983906871769044 adjusted 1 weight 
Fine tuning increased fitness by 4.7630905775086774e-8 to 0.9983907348078102 adjusted 1 weight 
Fine tuning increased fitness by 2.241916652323539e-9 to 0.9983907370497268 adjusted 1 weight 
Fine tuning increased fitness by 1.498861035287291e-10 to 0.9983907371996129 adjusted 1 weight 
Generation 370 score 0.9983907371996129  error 0.0016075019910087454 avg time 442ms
Fine tuning increased fitness by 2.031291579385197e-9 to 0.9983907392309045 adjusted 1 weight 
Fine tuning increased fitness by 1.807720773072674e-8 to 0.9983907573081122 adjusted 1 weight 
Fine tuning increased fitness by 1.8949568580950427e-8 to 0.9983907762576808 adjusted 1 weight 
Fine tuning increased fitness by 5.488875132186877e-9 to 0.9983907817465559 adjusted 1 weight 
Fine tuning increased fitness by 2.2359891715950653e-13 to 0.9983907817467795 adjusted 1 weight 
Fine tuning increased fitness by 8.780753901760363e-13 to 0.9983907817476576 adjusted 1 weight 
Generation 380 score 0.9983907817476576  error 0.0016074474436067376 avg time 313ms
Fine tuning increased fitness by 3.980149543281186e-13 to 0.9983907817480556 adjusted 1 weight 
Fine tuning increased fitness by 7.716050021144838e-14 to 0.9983907817481328 adjusted 1 weight 
Generation 390 score 0.9983907817481328  error 0.001607447443131613 avg time 296ms
Fine tuning increased fitness by 4.092024530333305e-8 to 0.9983908226683781 adjusted 1 weight 
Fine tuning increased fitness by 7.032838145182296e-8 to 0.9983908929967595 adjusted 1 weight 
Fine tuning increased fitness by 6.253361850561134e-8 to 0.998390955530378 adjusted 1 weight 
Fine tuning increased fitness by 6.160781440556207e-9 to 0.9983909616911595 adjusted 1 weight 
Fine tuning increased fitness by 5.221442167524515e-10 to 0.9983909622133037 adjusted 1 weight 
Fine tuning increased fitness by 3.554267991034976e-12 to 0.998390962216858 adjusted 1 weight 
Fine tuning increased fitness by 4.2599257454867256e-13 to 0.998390962217284 adjusted 1 weight 
Fine tuning increased fitness by 7.746026042809717e-13 to 0.9983909622180586 adjusted 1 weight 
Fine tuning increased fitness by 7.026601522852616e-13 to 0.9983909622187612 adjusted 1 weight 
Generation 399 score 0.9983909622187612  error 0.0016072569731442393 avg time 271ms
{
  error: 0.0016072569731442393,
  score: 0.9983909622187612,
  generation: 399,
  time: 180129
}

=== Processing USDDKK (10/10) ===
7 mutations, mutation rate 6.9%, elitism 8, mutation ALL, selection TOURNAMENT
Creature count: 49
Training 607720ee with 1 binary file, target error: 0.000001, iterations: 1, sample rate: 100%, sparse: 100%
Discovery 607720ee with 1 binary files, sample rate: 100%, batch size: 512
Discovery 607720ee initialize time 90ms
Discovery 607720ee processing .trainData-fx_c_88/USDDKK/data.bin
Discovery 607720ee read time 5ms for .trainData-fx_c_88/USDDKK/data.bin with 3359 records
Discovery 607720ee scanning time 1s 538ms
Discovery 607720ee recorded time 2s 115ms
Training a132f6e3 with 1 binary file, target error: 0.000001, iterations: 1, sample rate: 100%, sparse: 100%
Over populated 52, expected 50.
Training ff3d22f2 with 1 binary file, target error: 0.000001, iterations: 1, sample rate: 100%, sparse: 100%
Training bb202a45 with 1 binary file, target error: 0.000001, iterations: 1, sample rate: 100%, sparse: 100%
Training 77e5d330 with 1 binary file, target error: 0.000001, iterations: 1, sample rate: 100%, sparse: 100%
Over populated 52, expected 50.
Generation 10 score 0.9988702760758689  error 0.0011173229632715138 avg time 1s 621ms
Training 8f160ff9 with 1 binary file, target error: 0.000001, iterations: 1, sample rate: 100%, sparse: 100%
Fine tuning increased fitness by 1.7755873438218828e-9 to 0.9988702778514562 adjusted 59 weights, 3 biases 
Discovered beneficial synapse from input-1295 to 6b006784-d956-4970-8655-43461db3942f with weight -1.0000, helping 40.5% more records than it harms (2359/3359)
Discovery 607720ee analyze time 14s 605ms found 1 candidates
Discovered harmful synapse from input-1054 to 387a76c6-268c-4a43-a89f-23a63647fd41, harming 36.5% more records than it helps (1067/3359)
Discovery 607720ee analyze harmful time 665ms found 1 candidates
Discovery 607720ee analyze squashes time 762ms found 3 candidates, Summary: cc590223-9b44-4ad4-b0a3-9863b1f15ac4 HARD_TANH -> SINE improved: 61.4% error: 0.1479 -> 0.0571,output-0 LOGISTIC -> LogSigmoid improved: 29.2% error: 383.2003 -> 271.4084,6b006784-d956-4970-8655-43461db3942f LOGISTIC -> Softplus improved: 22.7% error: 32.8284 -> 25.3797
Training 7b388d05 with 1 binary file, target error: 0.000001, iterations: 1, sample rate: 100%, sparse: 100%
Fine tuning increased fitness by 6.027225052385177e-9 to 0.9988702876543072 adjusted 57 weights, 3 biases 
Discovery 7b388d05 with 1 binary files, sample rate: 100%, batch size: 512
Discovery 7b388d05 initialize time 88ms
Discovery 7b388d05 processing .trainData-fx_c_88/USDDKK/data.bin
Over populated 52, expected 50.
Discovery 7b388d05 read time 5ms for .trainData-fx_c_88/USDDKK/data.bin with 3359 records
Discovery 7b388d05 scanning time 1s 572ms
Fine tuning increased fitness by 6.23504636809713e-9 to 0.9988702938893536 adjusted 57 weights, 3 biases 
Discovery 7b388d05 recorded time 2s 139ms
Training 29164f2e with 1 binary file, target error: 0.000001, iterations: 1, sample rate: 100%, sparse: 100%
Fine tuning increased fitness by 1.3342104088209794e-8 to 0.9988703072314576 adjusted 57 weights, 3 biases 
Fine tuning increased fitness by 8.204082191376472e-9 to 0.9988703154355398 adjusted 57 weights, 3 biases 
Training b6129906 with 1 binary file, target error: 0.000001, iterations: 1, sample rate: 100%, sparse: 100%
Fine tuning increased fitness by 4.483670101862458e-9 to 0.9988703282560946 adjusted 49 weights, 3 biases 
Training 250b0222 with 1 binary file, target error: 0.000001, iterations: 1, sample rate: 100%, sparse: 100%
Fine tuning increased fitness by 6.273204178341985e-11 to 0.9988703283188266 adjusted 49 weights, 3 biases 
Fine tuning increased fitness by 4.7790061907804215e-9 to 0.9988703330978328 adjusted 49 weights, 3 biases 
Generation 20 score 0.9988703330978328  error 0.001117255941338123 avg time 1s 562ms
Training c16cf5bc with 1 binary file, target error: 0.000001, iterations: 1, sample rate: 100%, sparse: 100%
Fine tuning increased fitness by 1.1151814693910467e-8 to 0.9988703442496475 adjusted 1 weight 
Training f18cc8e7 with 1 binary file, target error: 0.000001, iterations: 1, sample rate: 100%, sparse: 100%
Discovered beneficial synapse from input-1295 to 6b006784-d956-4970-8655-43461db3942f with weight -1.0000, helping 40.5% more records than it harms (2359/3359)
Discovery 7b388d05 analyze time 13s 577ms found 1 candidates
Discovered harmful synapse from input-1054 to 387a76c6-268c-4a43-a89f-23a63647fd41, harming 36.5% more records than it helps (1067/3359)
Discovery 7b388d05 analyze harmful time 679ms found 1 candidates
Discovery 7b388d05 analyze squashes time 1s 23ms found 3 candidates, Summary: 6b006784-d956-4970-8655-43461db3942f LOGISTIC -> Softplus improved: 22.7% error: 32.7868 -> 25.3380,output-0 LOGISTIC -> LogSigmoid improved: 29.2% error: 383.2003 -> 271.4084,output-2 LeakyReLU -> LogSigmoid improved: 33.0% error: 0.9596 -> 0.6433
Training 9c22db8f with 1 binary file, target error: 0.000001, iterations: 1, sample rate: 100%, sparse: 100%
Discovery 9c22db8f with 1 binary files, sample rate: 100%, batch size: 512
Discovery 9c22db8f initialize time 83ms
Discovery 9c22db8f processing .trainData-fx_c_88/USDDKK/data.bin
Over populated 56, expected 50.
Discovery 9c22db8f read time 6ms for .trainData-fx_c_88/USDDKK/data.bin with 3359 records
Discovery 9c22db8f scanning time 1s 467ms
Discovery 9c22db8f recorded time 2s 127ms
Training a9e32d3d with 1 binary file, target error: 0.000001, iterations: 1, sample rate: 100%, sparse: 100%
Fine tuning increased fitness by 1.8555409431186831e-9 to 0.9988703489675262 adjusted 124 weights, 5 biases 
Over populated 52, expected 50.
Training 6f8f7557 with 1 binary file, target error: 0.000001, iterations: 1, sample rate: 100%, sparse: 100%
Over populated 52, expected 50.
Generation 30 score 0.9988703626901646  error 0.0011172263490064806 avg time 1s 617ms
Training 1427c69e with 1 binary file, target error: 0.000001, iterations: 1, sample rate: 100%, sparse: 100%
Fine tuning increased fitness by 2.4827546352135244e-8 to 0.998870387517711 adjusted 115 weights, 6 biases 
Fine tuning increased fitness by 3.461227016110513e-8 to 0.9988704221299811 adjusted 115 weights, 6 biases 
Training 782da1ad with 1 binary file, target error: 0.000001, iterations: 1, sample rate: 100%, sparse: 100%
Fine tuning increased fitness by 6.3009060191632216e-9 to 0.9988704788588804 adjusted 113 weights, 6 biases 
Discovered beneficial synapse from input-1295 to 6b006784-d956-4970-8655-43461db3942f with weight -1.0000, helping 40.5% more records than it harms (2360/3359)
Discovery 9c22db8f analyze time 13s 828ms found 1 candidates
Training 5c16a580 with 1 binary file, target error: 0.000001, iterations: 1, sample rate: 100%, sparse: 100%
Fine tuning increased fitness by 7.67637720056058e-9 to 0.9988704865352576 adjusted 113 weights, 6 biases 
Discovered harmful synapse from input-1305 to 6b006784-d956-4970-8655-43461db3942f, harming 32.8% more records than it helps (1128/3359)
Discovery 9c22db8f analyze harmful time 1s 416ms found 1 candidates
Discovery 9c22db8f analyze squashes time 734ms found 3 candidates, Summary: output-0 LOGISTIC -> LogSigmoid improved: 29.2% error: 383.2003 -> 271.4084,cc590223-9b44-4ad4-b0a3-9863b1f15ac4 HARD_TANH -> SINE improved: 61.4% error: 0.1481 -> 0.0572,6b006784-d956-4970-8655-43461db3942f LOGISTIC -> Softplus improved: 22.8% error: 32.7718 -> 25.3118
Training bc3b46bb with 1 binary file, target error: 0.000001, iterations: 1, sample rate: 100%, sparse: 100%
Fine tuning increased fitness by 6.600652024957299e-9 to 0.9988705159839416 adjusted 112 weights, 6 biases 
Discovery bc3b46bb with 1 binary files, sample rate: 100%, batch size: 512
Discovery bc3b46bb initialize time 82ms
Discovery bc3b46bb processing .trainData-fx_c_88/USDDKK/data.bin
Over populated 56, expected 50.
Discovery bc3b46bb read time 4ms for .trainData-fx_c_88/USDDKK/data.bin with 3359 records
Discovery bc3b46bb scanning time 1s 554ms
Discovery bc3b46bb recorded time 2s 153ms
Training 53067abd with 1 binary file, target error: 0.000001, iterations: 1, sample rate: 100%, sparse: 100%
Fine tuning increased fitness by 6.465651902765046e-9 to 0.9988705294287771 adjusted 112 weights, 6 biases 
Fine tuning increased fitness by 5.666431879269851e-9 to 0.998870535095209 adjusted 112 weights, 6 biases 
Generation 40 score 0.998870535095209  error 0.0011170539439633869 avg time 1s 648ms
Training c87b6125 with 1 binary file, target error: 0.000001, iterations: 1, sample rate: 100%, sparse: 100%
Training 769513b0 with 1 binary file, target error: 0.000001, iterations: 1, sample rate: 100%, sparse: 100%
Fine tuning increased fitness by 6.2922590471359285e-9 to 0.9988705601306735 adjusted 103 weights, 6 biases 
Training 9ee08075 with 1 binary file, target error: 0.000001, iterations: 1, sample rate: 100%, sparse: 100%
Fine tuning increased fitness by 4.64804528199636e-9 to 0.9988705647787188 adjusted 103 weights, 6 biases 
Training 72986adc with 1 binary file, target error: 0.000001, iterations: 1, sample rate: 100%, sparse: 100%
Over populated 52, expected 50.
Training 6ff75d2b with 1 binary file, target error: 0.000001, iterations: 1, sample rate: 100%, sparse: 100%
Fine tuning increased fitness by 2.2809197308681917e-8 to 0.998870623408058 adjusted 106 weights, 6 biases 
Over populated 52, expected 50.
Fine tuning increased fitness by 1.0121604221424718e-8 to 0.9988706335296622 adjusted 106 weights, 6 biases 
Generation 50 score 0.9988706335296622  error 0.0011169555095090474 avg time 1s 643ms
Training 3790a8c6 with 1 binary file, target error: 0.000001, iterations: 1, sample rate: 100%, sparse: 100%
Training 7155daf4 with 1 binary file, target error: 0.000001, iterations: 1, sample rate: 100%, sparse: 100%
Fine tuning increased fitness by 1.0733413380314971e-8 to 0.9988706471485344 adjusted 107 weights, 6 biases 
Discovered beneficial synapse from input-1295 to 6b006784-d956-4970-8655-43461db3942f with weight -1.0000, helping 41.6% more records than it harms (2378/3359)
Discovery bc3b46bb analyze time 24s 690ms found 1 candidates
Discovered harmful synapse from input-1305 to 6b006784-d956-4970-8655-43461db3942f, harming 33.8% more records than it helps (1112/3359)
Discovery bc3b46bb analyze harmful time 492ms found 1 candidates
Fine tuning increased fitness by 7.487841457987088e-9 to 0.9988706546363758 adjusted 107 weights, 6 biases 
Discovery bc3b46bb analyze squashes time 946ms found 3 candidates, Summary: 6b006784-d956-4970-8655-43461db3942f LOGISTIC -> Softplus improved: 22.9% error: 32.7211 -> 25.2271,output-2 LeakyReLU -> LogSigmoid improved: 33.0% error: 0.9600 -> 0.6433,output-0 LOGISTIC -> LogSigmoid improved: 29.2% error: 383.2003 -> 271.4084
Training b6f9d5b8 with 1 binary file, target error: 0.000001, iterations: 1, sample rate: 100%, sparse: 100%
Fine tuning increased fitness by 7.238144417165415e-9 to 0.9988706618745202 adjusted 107 weights, 6 biases 
Discovery b6f9d5b8 with 1 binary files, sample rate: 100%, batch size: 512
Discovery b6f9d5b8 initialize time 79ms
Discovery b6f9d5b8 processing .trainData-fx_c_88/USDDKK/data.bin
Over populated 53, expected 50.
Discovery b6f9d5b8 read time 5ms for .trainData-fx_c_88/USDDKK/data.bin with 3359 records
Discovery b6f9d5b8 scanning time 1s 508ms
Discovery b6f9d5b8 recorded time 2s 97ms
Training c3b15892 with 1 binary file, target error: 0.000001, iterations: 1, sample rate: 100%, sparse: 100%
Fine tuning increased fitness by 8.165559894912633e-9 to 0.998870683158394 adjusted 36 weights, 2 biases 
Training de4e0f00 with 1 binary file, target error: 0.000001, iterations: 1, sample rate: 100%, sparse: 100%
Fine tuning increased fitness by 1.4154630356699727e-8 to 0.9988706973130244 adjusted 36 weights, 1 bias 
Fine tuning increased fitness by 1.3668557952151161e-8 to 0.9988707109815823 adjusted 36 weights, 1 bias 
Generation 60 score 0.9988707109815823  error 0.0011168880575520195 avg time 1s 603ms
Training 7b4dad26 with 1 binary file, target error: 0.000001, iterations: 1, sample rate: 100%, sparse: 100%
Fine tuning increased fitness by 3.438344720052555e-9 to 0.9988707199177386 adjusted 36 weights, 1 bias 
Training ed1791d1 with 1 binary file, target error: 0.000001, iterations: 1, sample rate: 100%, sparse: 100%
Training 4436771c with 1 binary file, target error: 0.000001, iterations: 1, sample rate: 100%, sparse: 100%
Fine tuning increased fitness by 6.340309610664008e-9 to 0.9988707324809828 adjusted 35 weights, 1 bias 
Discovered beneficial synapse from input-1295 to 6b006784-d956-4970-8655-43461db3942f with weight -1.0000, helping 41.2% more records than it harms (2372/3359)
Discovery b6f9d5b8 analyze time 13s 939ms found 1 candidates
Discovered harmful synapse from input-1305 to 6b006784-d956-4970-8655-43461db3942f, harming 33.7% more records than it helps (1114/3359)
Discovery b6f9d5b8 analyze harmful time 492ms found 1 candidates
Discovery b6f9d5b8 analyze squashes time 969ms found 2 candidates, Summary: 6b006784-d956-4970-8655-43461db3942f LOGISTIC -> Softplus improved: 22.6% error: 32.8000 -> 25.3995,output-0 LOGISTIC -> LogSigmoid improved: 29.2% error: 383.2003 -> 271.4084
Training c68dc156 with 1 binary file, target error: 0.000001, iterations: 1, sample rate: 100%, sparse: 100%
Fine tuning increased fitness by 8.24623291872939e-9 to 0.9988707501435574 adjusted 35 weights, 1 bias 
Discovery c68dc156 with 1 binary files, sample rate: 100%, batch size: 512
Discovery c68dc156 initialize time 81ms
Discovery c68dc156 processing .trainData-fx_c_88/USDDKK/data.bin
Discovery c68dc156 read time 3ms for .trainData-fx_c_88/USDDKK/data.bin with 3359 records
Discovery c68dc156 scanning time 1s 334ms
Fine tuning increased fitness by 2.672052690222415e-9 to 0.9988707528156101 adjusted 35 weights, 1 bias 
Discovery c68dc156 recorded time 1s 882ms
Training 9ce2ad58 with 1 binary file, target error: 0.000001, iterations: 1, sample rate: 100%, sparse: 100%
Fine tuning increased fitness by 4.699052258416714e-11 to 0.9988707528626006 adjusted 35 weights, 1 bias 
Generation 70 score 0.9988707528626006  error 0.0011168461764965159 avg time 1s 515ms
Training 5fcb2665 with 1 binary file, target error: 0.000001, iterations: 1, sample rate: 100%, sparse: 100%
Remove neuron e31952de-cc4d-456d-b33b-ee22f125983a as no longer connected
Training 39716fa0 with 1 binary file, target error: 0.000001, iterations: 1, sample rate: 100%, sparse: 100%
Fine tuning increased fitness by 1.315947351088198e-11 to 0.9988707531814539 adjusted 32 weights, 1 bias 
Training 07db2c7a with 1 binary file, target error: 0.000001, iterations: 1, sample rate: 100%, sparse: 100%
Fine tuning increased fitness by 2.6554425325286957e-11 to 0.9988707532080083 adjusted 32 weights, 1 bias 
Fine tuning increased fitness by 4.069389270000556e-11 to 0.9988707532487022 adjusted 32 weights, 1 bias 
Training bfb1490f with 1 binary file, target error: 0.000001, iterations: 1, sample rate: 100%, sparse: 100%
Fine tuning increased fitness by 8.770695281157259e-11 to 0.9988707534001465 adjusted 32 weights, 1 bias 
Discovered beneficial synapse from input-1295 to 6b006784-d956-4970-8655-43461db3942f with weight -1.0000, helping 41.4% more records than it harms (2374/3359)
Discovery c68dc156 analyze time 14s 837ms found 1 candidates
Training 9beff2d4 with 1 binary file, target error: 0.000001, iterations: 1, sample rate: 100%, sparse: 100%
Fine tuning increased fitness by 1.3137091414705537e-10 to 0.9988707535315174 adjusted 32 weights, 1 bias 
Discovered harmful synapse from input-1054 to 387a76c6-268c-4a43-a89f-23a63647fd41, harming 36.4% more records than it helps (1069/3359)
Discovery c68dc156 analyze harmful time 691ms found 1 candidates
Discovery c68dc156 analyze squashes time 567ms found 2 candidates, Summary: 6b006784-d956-4970-8655-43461db3942f LOGISTIC -> Softplus improved: 22.8% error: 32.8094 -> 25.3320,output-0 LOGISTIC -> LogSigmoid improved: 29.2% error: 383.2003 -> 271.4084
Fine tuning increased fitness by 2.3184143493892861e-10 to 0.9988707537633589 adjusted 32 weights, 1 bias 
Discovery 39afd446 with 1 binary files, sample rate: 100%, batch size: 512
Discovery 39afd446 initialize time 85ms
Discovery 39afd446 processing .trainData-fx_c_88/USDDKK/data.bin
Generation 80 score 0.9988707537633589  error 0.001116845275738166 avg time 1s 408ms
Discovery 39afd446 read time 6ms for .trainData-fx_c_88/USDDKK/data.bin with 3359 records
Training a17389d6 with 1 binary file, target error: 0.000001, iterations: 1, sample rate: 100%, sparse: 100%
Discovery 39afd446 scanning time 1s 463ms
Fine tuning increased fitness by 3.645632684623479e-10 to 0.9988707541279221 adjusted 32 weights, 1 bias 
Discovery 39afd446 recorded time 2s 16ms
Fine tuning increased fitness by 6.159657228721471e-10 to 0.9988707547438879 adjusted 32 weights, 1 bias 
Training e79be195 with 1 binary file, target error: 0.000001, iterations: 1, sample rate: 100%, sparse: 100%
Fine tuning increased fitness by 5.112484879887802e-10 to 0.9988707552551364 adjusted 32 weights, 1 bias 
Fine tuning increased fitness by 8.26353874217034e-10 to 0.9988707560814902 adjusted 32 weights, 1 bias 
Training 155cfc1e with 1 binary file, target error: 0.000001, iterations: 1, sample rate: 100%, sparse: 100%
Fine tuning increased fitness by 1.3638887796929566e-9 to 0.998870757445379 adjusted 32 weights, 1 bias 
Training 6526f982 with 1 binary file, target error: 0.000001, iterations: 1, sample rate: 100%, sparse: 100%
Fine tuning increased fitness by 3.18838200286109e-9 to 0.9988707628341174 adjusted 32 weights, 1 bias 
Fine tuning increased fitness by 1.8575705418300004e-9 to 0.9988707646916879 adjusted 32 weights, 1 bias 
Training 8a663450 with 1 binary file, target error: 0.000001, iterations: 1, sample rate: 100%, sparse: 100%
Fine tuning increased fitness by 3.793966252274572e-10 to 0.9988707650710845 adjusted 32 weights, 1 bias 
Fine tuning increased fitness by 2.1083357282236648e-11 to 0.9988707650921679 adjusted 32 weights, 1 bias 
Generation 90 score 0.9988707650921679  error 0.0011168339469290105 avg time 1s 406ms
Training 75039d95 with 1 binary file, target error: 0.000001, iterations: 1, sample rate: 100%, sparse: 100%
Fine tuning increased fitness by 5.561995308767109e-12 to 0.9988707650977299 adjusted 32 weights, 1 bias 
Fine tuning increased fitness by 2.7727820040013285e-12 to 0.9988707651005027 adjusted 32 weights, 1 bias 
Discovered beneficial synapse from input-1295 to 6b006784-d956-4970-8655-43461db3942f with weight -1.0000, helping 41.5% more records than it harms (2376/3359)
Discovery 39afd446 analyze time 14s 799ms found 1 candidates
Discovered harmful synapse from input-1305 to 6b006784-d956-4970-8655-43461db3942f, harming 33.7% more records than it helps (1114/3359)
Discovery 39afd446 analyze harmful time 507ms found 1 candidates
Discovery 39afd446 analyze squashes time 555ms found 2 candidates, Summary: 6b006784-d956-4970-8655-43461db3942f LOGISTIC -> Softplus improved: 22.9% error: 32.8410 -> 25.3334,output-0 LOGISTIC -> LogSigmoid improved: 29.2% error: 383.2003 -> 271.4084
Training a03149c2 with 1 binary file, target error: 0.000001, iterations: 1, sample rate: 100%, sparse: 100%
Fine tuning increased fitness by 5.537126313015506e-12 to 0.9988707651060398 adjusted 32 weights, 1 bias 
Discovery a03149c2 with 1 binary files, sample rate: 100%, batch size: 512
Discovery a03149c2 initialize time 88ms
Discovery a03149c2 processing .trainData-fx_c_88/USDDKK/data.bin
Discovery a03149c2 read time 5ms for .trainData-fx_c_88/USDDKK/data.bin with 3359 records
Discovery a03149c2 scanning time 1s 226ms
Discovery a03149c2 recorded time 2s 37ms
Training 5daf79ca with 1 binary file, target error: 0.000001, iterations: 1, sample rate: 100%, sparse: 100%
Training 1b2b2e60 with 1 binary file, target error: 0.000001, iterations: 1, sample rate: 100%, sparse: 100%
Fine tuning increased fitness by 4.9548177782909875e-9 to 0.9988707808603035 adjusted 71 weights, 6 biases 
Fine tuning increased fitness by 4.273212561578532e-9 to 0.998870785133516 adjusted 71 weights, 6 biases 
Generation 100 score 0.998870785133516  error 0.001116813905580816 avg time 1s 560ms
Fine tuning increased fitness by 9.685729995823067e-9 to 0.9988708049046183 adjusted 71 weights, 6 biases 
Fine tuning increased fitness by 5.26363330699553e-9 to 0.9988708101682516 adjusted 71 weights, 6 biases 
Discovered beneficial synapse from input-1295 to 6b006784-d956-4970-8655-43461db3942f with weight -1.0000, helping 41.4% more records than it harms (2374/3359)
Discovery a03149c2 analyze time 13s 771ms found 1 candidates
Discovered harmful synapse from input-1305 to 6b006784-d956-4970-8655-43461db3942f, harming 33.6% more records than it helps (1116/3359)
Discovery a03149c2 analyze harmful time 1s 203ms found 1 candidates
Fine tuning increased fitness by 1.5377897844004451e-9 to 0.9988708117060414 adjusted 71 weights, 6 biases 
Discovery a03149c2 analyze squashes time 565ms found 2 candidates, Summary: output-0 LOGISTIC -> LogSigmoid improved: 29.2% error: 383.2003 -> 271.4084,6b006784-d956-4970-8655-43461db3942f LOGISTIC -> Softplus improved: 23.0% error: 32.8348 -> 25.2961
Fine tuning increased fitness by 2.769142137815095e-9 to 0.9988708144751836 adjusted 71 weights, 6 biases 
Over populated 53, expected 50.
Fine tuning increased fitness by 3.7857116330641816e-9 to 0.9988708182608952 adjusted 71 weights, 6 biases 
Fine tuning increased fitness by 1.1277114242425057e-8 to 0.9988708512075439 adjusted 66 weights, 6 biases 
Generation 110 score 0.998870869759168  error 0.0011167292799325735 avg time 1s 459ms
Fine tuning increased fitness by 8.195905176755502e-9 to 0.9988708779550731 adjusted 64 weights, 6 biases 
Remove neuron fe156d7b-73d7-4d0e-8ff5-cca793b4e953 as no longer connected
Fine tuning increased fitness by 3.933887771090383e-9 to 0.9988708818889609 adjusted 64 weights, 6 biases 
Fine tuning increased fitness by 3.400966064326383e-9 to 0.9988708909547742 adjusted 60 weights, 6 biases 
Fine tuning increased fitness by 3.70163677487767e-9 to 0.998870894656411 adjusted 60 weights, 6 biases 
Generation 117 score 0.9988708996464766  error 0.0011166993926262792 avg time 1s 16ms
{
  error: 0.0011166993926262792,
  score: 0.9988708996464766,
  generation: 117,
  time: 180742
}
🧹 Cleaning up any inconsistent git state
✅ Git state cleanup completed
✅ Already on proper branch: Develop
From github.com:stSoftwareAU/GRQ-FX-models
   aa6b1ce..c34267a  Develop    -> origin/Develop
Created autostash: 8baa6f5
Rebasing (1/1)Auto-merging v1/CADEUR.json
CONFLICT (content): Merge conflict in v1/CADEUR.json
Auto-merging v1/EURCNY.json
CONFLICT (content): Merge conflict in v1/EURCNY.json
Auto-merging v1/USDCAD.json
CONFLICT (content): Merge conflict in v1/USDCAD.json
Auto-merging v1/USDCRC.json
CONFLICT (content): Merge conflict in v1/USDCRC.json
Auto-merging v1/USDJPY.json
CONFLICT (content): Merge conflict in v1/USDJPY.json
Auto-merging v1/USDPEN.json
CONFLICT (content): Merge conflict in v1/USDPEN.json
Auto-merging v1/USDTWD.json
CONFLICT (content): Merge conflict in v1/USDTWD.json
Auto-merging v1/USDZAR.json
CONFLICT (content): Merge conflict in v1/USDZAR.json
error: could not apply 9f56c27... Local changes before pull Tue Aug  5 10:26:28 PM UTC 2025
hint: Resolve all conflicts manually, mark them as resolved with
hint: "git add/rm <conflicted_files>", then run "git rebase --continue".
hint: You can instead skip this commit: run "git rebase --skip".
hint: To abort and get back to the state before "git rebase", run "git rebase --abort".
hint: Disable this message with "git config advice.mergeConflict false"
Could not apply 9f56c27... Local changes before pull Tue Aug  5 10:26:28 PM UTC 2025
⚠️ git pull failed for other reasons
🔄 Resolving conflicts by keeping our latest version...
❌ Merge conflicts found in JSON files - keeping our latest version
💾 Keeping our version: ./v1/USDCAD.json
[0;32m🔍 Validating: ./v1/USDCAD.json[0m
[0;32m   ✅ PASSED: File is valid[0m
💾 Keeping our version: ./v1/EURCNY.json
[0;32m🔍 Validating: ./v1/EURCNY.json[0m
[0;32m   ✅ PASSED: File is valid[0m
💾 Keeping our version: ./v1/USDTWD.json
[0;32m🔍 Validating: ./v1/USDTWD.json[0m
[0;32m   ✅ PASSED: File is valid[0m
💾 Keeping our version: ./v1/USDCRC.json
[0;32m🔍 Validating: ./v1/USDCRC.json[0m
[0;32m   ✅ PASSED: File is valid[0m
💾 Keeping our version: ./v1/USDJPY.json
[0;32m🔍 Validating: ./v1/USDJPY.json[0m
[0;32m   ✅ PASSED: File is valid[0m
💾 Keeping our version: ./v1/USDZAR.json
[0;32m🔍 Validating: ./v1/USDZAR.json[0m
[0;32m   ✅ PASSED: File is valid[0m
💾 Keeping our version: ./v1/CADEUR.json
[0;32m🔍 Validating: ./v1/CADEUR.json[0m
[0;32m   ✅ PASSED: File is valid[0m
💾 Keeping our version: ./v1/USDPEN.json
[0;32m🔍 Validating: ./v1/USDPEN.json[0m
[0;32m   ✅ PASSED: File is valid[0m
Vim: Warning: Output is not to a terminal
Vim: Warning: Input is not from a terminal
[1;24r[27m[24m[0m[H[J[24;1H"~/GRQ-FX-models/.git/COMMIT_EDITMSG" 28L, 719B[1;1HLocal changes before pull Tue Aug  5 10:26:28 PM UTC 2025

# Conflicts:
#[7Cv1/CADEUR.json
#[7Cv1/EURCNY.json
#[7Cv1/USDCAD.json
#[7Cv1/USDCRC.json
#[7Cv1/USDJPY.json
#[7Cv1/USDPEN.json
#[7Cv1/USDTWD.json
#[7Cv1/USDZAR.json

# Please enter the commit message for your changes. Lines starting
# with '#' will be ignored, and an empty message aborts the commit.
#
# interactive rebase in progress; onto c34267a
# Last command done (1 command done):
#    pick 9f56c27 Local changes before pull Tue Aug  5 10:26:28 PM UTC 2025
# No commands remaining.
# You are currently rebasing branch 'Develop' on 'c34267a'.
#
# Changes to be committed:
#[7Cnew file:   v1/USDKZT.json[24;63H1,1[11CTop[1;1H[24;1HVim: Error reading input, exiting...
Vim: Finished.
[24;1H
error: there was a problem with the editor 'vi'
Please supply the message using either -m or -F option.
error: could not commit staged changes.
🔧 Detected detached HEAD - attempting to restore proper branch
🧹 Cleaning up local changes and untracked files before branch switch
📦 Stashing local changes and untracked files
Saved working directory and index state On (no branch): Auto-stash before branch switch Tue Aug  5 10:54:16 PM UTC 2025
🔄 No original branch found, trying default branches
🔄 Switching to branch: Develop
Your branch and 'origin/Develop' have diverged,
and have 1 and 1 different commits each, respectively.
  (use "git pull" if you want to integrate the remote branch with yours)
✅ Successfully switched to branch: Develop
📦 Attempting to restore stashed changes
The stash entry is kept in case you need it again.
⚠️ Conflicts while restoring stash - resolving automatically
Dropped refs/stash@{0} (2976a93922ccf1bfd656780026fb1cc3dc8b947e)
✅ Successfully switched to branch: Develop
✅ Nothing to commit
🧹 Performing final git cleanup on exit...
✅ Final cleanup completed
📦 Cloning GRQ-FX-validation
Cloning into 'GRQ-FX-validation'...
Checking if predictions exist for 2025-08-05...
✅ Predictions already exist for 2025-08-05 (found in main index)
   Skipping generation to avoid overwriting validation data
📥 Pulling GRQ-health with --ours strategy...
From github.com:stSoftwareAU/GRQ-health
   2dcc75f..9201366  Develop    -> origin/Develop
📦 No local changes or untracked files - checking remote state
🔄 Resetting to remote state (commit: 92013669)
HEAD is now at 9201366 Update health status for ip-10-0-28-117 at Tue Aug  5 10:49:00 PM UTC 2025
✅ Successfully reset to remote state - all models updated by another machine
✅ GRQ-health pull succeeded in 9 seconds
Updating health information...
Updated health information for ip-10-0-39-180
