================ Clean up START ================
Version 1.3.3
Disk usage:
Filesystem        Size  Used Avail Use% Mounted on
devtmpfs          4.0M     0  4.0M   0% /dev
tmpfs             7.7G     0  7.7G   0% /dev/shm
tmpfs             3.1G  448K  3.1G   1% /run
/dev/nvme0n1p1     40G  2.4G   38G   6% /
tmpfs             7.7G  4.0K  7.7G   1% /tmp
/dev/nvme0n1p128   10M  1.4M  8.7M  14% /boot/efi
/dev/nvme1n1      434G  1.6G  410G   1% /data
tmpfs             1.6G     0  1.6G   0% /run/user/1001
Uptime:  06:14:53 up  8:20,  0 users,  load average: 3.52, 4.60, 4.39
USER         PID    PPID COMMAND
GRQ        22846   22798 (sd-pam)
GRQ        23031   22564 /bin/bash /data/GRQ/run.sh --option=fx
GRQ        26603   23031 /bin/bash ./check_spot_termination.sh
GRQ       109968   26603 sleep 5
GRQ       109970   23031 /bin/bash ./run.sh --run-once
GRQ       109986  109970 /bin/bash worker/node.sh
GRQ       109995  109986 ps -U GRQ -o user,pid,ppid,command
Host: ip-10-0-37-251
IP: 10.0.37.251
Number of CPUs: 8
Available Memory: 15Gi
================ Clean up ENDED ================
Use local deno
PATH: /data/GRQ/.deno/bin:/usr/local/sbin:/usr/local/bin:/usr/sbin:/usr/bin:/sbin:/bin:/var/lib/snapd/snap/bin
deno 2.4.3 (stable, release, aarch64-unknown-linux-gnu)
v8 13.7.152.14-rusty
typescript 5.8.3
aws-cli/2.23.11 Python/3.9.21 Linux/6.1.130-139.222.amzn2023.aarch64 source/aarch64.amzn.2023
Option: fx
Starting FX... Wed Aug  6 06:14:53 AM UTC 2025
📥 Pulling GRQ-FX-models with --ours strategy...
📦 No local changes or untracked files - checking remote state
🔄 Resetting to remote state (commit: 8176e021)
HEAD is now at 8176e02 ip-10-0-37-251 Improved FX models
✅ Successfully reset to remote state - all models updated by another machine
✅ GRQ-FX-models pull succeeded in 7 seconds
Already up to date.
Starting ... Fetching S3 checksum file from: s3://grq-trainingdata/trainData-fx_c_88/checksum.sha256
Checksum matches. Skipping data file download.
🧹 Removing: trainData-fx_c_*
📥 Pulling GRQ-portfolio with --ours strategy...
📦 No local changes or untracked files - checking remote state
🔄 Resetting to remote state (commit: 6efea1f5)
HEAD is now at 6efea1f REJECTED 38.66% -> 29.83% Delta -8.831
✅ Successfully reset to remote state - all models updated by another machine
✅ GRQ-portfolio pull succeeded in 7 seconds
FX pairs to process: 10

=== Processing USDAED (1/10) ===
2 mutations, mutation rate 5.0%, elitism 3, mutation FFW, selection POWER
Creature count: 42
Training e100e5d2 with 1 binary file, target error: 0.000001, iterations: 1, sample rate: 100%, sparse: 100%
Discovery e100e5d2 with 1 binary files, sample rate: 100%, batch size: 512
Discovery e100e5d2 initialize time 90ms
Discovery e100e5d2 processing .trainData-fx_c_88/USDAED/data.bin
Generation 1 score 0.9999999423659773  error 7.634022584167081e-9 avg time 85ms
Set training/discovery clean up count to 2
Waiting for discovery to complete
Generation 2 score 0.9999999423659895  error 7.634010389921581e-9 avg time 36ms
Waiting for discovery to complete
Discovery e100e5d2 read time 2ms for .trainData-fx_c_88/USDAED/data.bin with 1432 records
Fine tuning increased fitness by 2.1760371282653068e-14 to 0.9999999423660113 adjusted 1 weight 
Discovery e100e5d2 scanning time 695ms
Generation 3 score 0.9999999423660113  error 7.63398868400978e-9 avg time 19ms
Waiting for discovery to complete
Fine tuning increased fitness by 5.3512749786932545e-14 to 0.9999999423660648 adjusted 4 weights, 2 biases 
Generation 4 score 0.9999999423660648  error 7.633935184046257e-9 avg time 20ms
Waiting for discovery to complete
Discovery e100e5d2 recorded time 1s 29ms
Fine tuning increased fitness by 1.3433698597964394e-14 to 0.9999999423660783 adjusted 4 weights, 2 biases 
Generation 5 score 0.9999999423660783  error 7.633921741509252e-9 avg time 27ms
Waiting for discovery to complete
Fine tuning increased fitness by 2.220446049250313e-16 to 0.9999999423660785 adjusted 4 weights, 2 biases 
Generation 6 score 0.9999999423660785  error 7.633921540716805e-9 avg time 24ms
Waiting for discovery to complete
Generation 7 score 0.9999999423660785  error 7.633921540716805e-9 avg time 23ms
Waiting for discovery to complete
Generation 8 score 0.9999999423660785  error 7.633921540716805e-9 avg time 25ms
Waiting for discovery to complete
Generation 9 score 0.999999942366079  error 7.63392094989518e-9 avg time 22ms
Waiting for discovery to complete
Generation 10 score 0.9999999423660814  error 7.633918563523042e-9 avg time 25ms
Waiting for discovery to complete
Fine tuning increased fitness by 4.773959005888173e-15 to 0.9999999423660861 adjusted 4 weights, 2 biases 
Generation 11 score 0.9999999423660861  error 7.633913830039257e-9 avg time 25ms
Waiting for discovery to complete
Fine tuning increased fitness by 1.2545520178264269e-14 to 0.9999999423660987 adjusted 4 weights, 2 biases 
Generation 12 score 0.9999999423660987  error 7.633901309111592e-9 avg time 24ms
Waiting for discovery to complete
Fine tuning increased fitness by 1.887379141862766e-14 to 0.9999999423661176 adjusted 4 weights, 2 biases 
Generation 13 score 0.9999999423661176  error 7.633882363747984e-9 avg time 26ms
Waiting for discovery to complete
Fine tuning increased fitness by 3.552713678800501e-14 to 0.9999999423661531 adjusted 4 weights, 2 biases 
Generation 14 score 0.9999999423661531  error 7.633846905509026e-9 avg time 24ms
Waiting for discovery to complete
Generation 15 score 0.9999999423662097  error 7.633790309206507e-9 avg time 26ms
Waiting for discovery to complete
Fine tuning increased fitness by 9.29256671611256e-14 to 0.9999999423663026 adjusted 4 weights, 2 biases 
Generation 16 score 0.9999999423663026  error 7.63369734937163e-9 avg time 25ms
Waiting for discovery to complete
Fine tuning increased fitness by 1.4099832412739488e-13 to 0.9999999423664436 adjusted 4 weights, 2 biases 
Generation 17 score 0.9999999423664436  error 7.633556339197715e-9 avg time 24ms
Waiting for discovery to complete
Generation 18 score 0.9999999423668597  error 7.6331401823797e-9 avg time 24ms
Waiting for discovery to complete
Generation 19 score 0.9999999423672316  error 7.632768401976934e-9 avg time 23ms
Waiting for discovery to complete
Fine tuning increased fitness by 1.3000711618360583e-13 to 0.9999999423673616 adjusted 4 weights, 2 biases 
Generation 20 score 0.9999999423673616  error 7.632638398684229e-9 avg time 25ms
Waiting for discovery to complete
Fine tuning increased fitness by 1.5276668818842154e-13 to 0.9999999423675143 adjusted 4 weights, 2 biases 
Generation 21 score 0.9999999423675143  error 7.632485596125719e-9 avg time 25ms
Waiting for discovery to complete
Fine tuning increased fitness by 1.7830181775480014e-13 to 0.9999999423676926 adjusted 4 weights, 2 biases 
Generation 22 score 0.9999999423676926  error 7.632307291113697e-9 avg time 24ms
Waiting for discovery to complete
Generation 23 score 0.9999999423676927  error 7.632307282666482e-9 avg time 25ms
Waiting for discovery to complete
Generation 24 score 0.9999999423676927  error 7.632307282666482e-9 avg time 23ms
Waiting for discovery to complete
Generation 25 score 0.9999999423676927  error 7.632307282666482e-9 avg time 26ms
Waiting for discovery to complete
Generation 26 score 0.9999999423676927  error 7.632307282666482e-9 avg time 22ms
Waiting for discovery to complete
Generation 27 score 0.9999999423676927  error 7.632307282666482e-9 avg time 26ms
Waiting for discovery to complete
Generation 28 score 0.9999999423676927  error 7.632307282666482e-9 avg time 23ms
Waiting for discovery to complete
Generation 29 score 0.9999999423676927  error 7.632307282666482e-9 avg time 23ms
Waiting for discovery to complete
Generation 30 score 0.9999999423676927  error 7.632307282666482e-9 avg time 27ms
Waiting for discovery to complete
Generation 31 score 0.9999999423676927  error 7.632307282666482e-9 avg time 26ms
Waiting for discovery to complete
Generation 32 score 0.9999999423676927  error 7.632307282666482e-9 avg time 26ms
Waiting for discovery to complete
Generation 33 score 0.9999999423676927  error 7.632307282666482e-9 avg time 24ms
Waiting for discovery to complete
Generation 34 score 0.9999999423676927  error 7.632307282666482e-9 avg time 21ms
Waiting for discovery to complete
Generation 35 score 0.9999999423676927  error 7.632307282666482e-9 avg time 25ms
Waiting for discovery to complete
Generation 36 score 0.9999999423676927  error 7.632307282666482e-9 avg time 22ms
Waiting for discovery to complete
Generation 37 score 0.9999999423676927  error 7.632307282666482e-9 avg time 22ms
Waiting for discovery to complete
Generation 38 score 0.9999999423676927  error 7.632307282666482e-9 avg time 26ms
Waiting for discovery to complete
Generation 39 score 0.9999999423676927  error 7.632307282666482e-9 avg time 22ms
Waiting for discovery to complete
Generation 40 score 0.9999999423676927  error 7.632307282666482e-9 avg time 20ms
Waiting for discovery to complete
Generation 41 score 0.9999999423676927  error 7.632307282666482e-9 avg time 19ms
Waiting for discovery to complete
Generation 42 score 0.9999999423676927  error 7.632307282666482e-9 avg time 24ms
Waiting for discovery to complete
Generation 43 score 0.9999999423676927  error 7.632307282666482e-9 avg time 22ms
Waiting for discovery to complete
Generation 44 score 0.9999999423676927  error 7.632307282666482e-9 avg time 22ms
Waiting for discovery to complete
Generation 45 score 0.9999999423676929  error 7.632307129558582e-9 avg time 20ms
Waiting for discovery to complete
Fine tuning increased fitness by 1.1102230246251565e-16 to 0.999999942367693 adjusted 3 weights, 1 bias 
Generation 46 score 0.999999942367693  error 7.632307058326355e-9 avg time 22ms
Waiting for discovery to complete
Generation 47 score 0.999999942367693  error 7.632307058326355e-9 avg time 23ms
Waiting for discovery to complete
Generation 48 score 0.999999942367693  error 7.632307058326355e-9 avg time 24ms
Waiting for discovery to complete
Generation 49 score 0.999999942367693  error 7.632307058326355e-9 avg time 22ms
Waiting for discovery to complete
Generation 50 score 0.999999942367693  error 7.632307058326355e-9 avg time 20ms
Waiting for discovery to complete
Generation 51 score 0.999999942367693  error 7.632307058326355e-9 avg time 21ms
Waiting for discovery to complete
Generation 52 score 0.999999942367693  error 7.632307058326355e-9 avg time 26ms
Waiting for discovery to complete
Generation 53 score 0.999999942367693  error 7.632307058326355e-9 avg time 25ms
Waiting for discovery to complete
Generation 54 score 0.999999942367693  error 7.632307058326355e-9 avg time 23ms
Waiting for discovery to complete
Generation 55 score 0.999999942367693  error 7.632307058326355e-9 avg time 23ms
Waiting for discovery to complete
Generation 56 score 0.999999942367693  error 7.632307058326355e-9 avg time 23ms
Waiting for discovery to complete
Generation 57 score 0.999999942367693  error 7.632307058326355e-9 avg time 24ms
Waiting for discovery to complete
Generation 58 score 0.999999942367693  error 7.632307058326355e-9 avg time 23ms
Waiting for discovery to complete
Generation 59 score 0.999999942367693  error 7.632307058326355e-9 avg time 25ms
Waiting for discovery to complete
Generation 60 score 0.999999942367693  error 7.632307058326355e-9 avg time 25ms
Waiting for discovery to complete
Generation 61 score 0.999999942367693  error 7.632307058326355e-9 avg time 24ms
Waiting for discovery to complete
Discovered beneficial synapse from input-11 to output-2 with weight 1.0000, helping 37.4% more records than it harms (535/1432)
Discovery e100e5d2 analyze time 13s 493ms found 1 candidates
Discovered harmful synapse from input-364 to output-3, harming 18.6% more records than it helps (583/1432)
Discovery e100e5d2 analyze harmful time 41ms found 1 candidates
Generation 62 score 0.999999942367693  error 7.632307058326355e-9 avg time 25ms
Waiting for discovery to complete
Generation 63 score 0.999999942367693  error 7.632307058326355e-9 avg time 28ms
Waiting for discovery to complete
Discovery e100e5d2 analyze squashes time 401ms found 3 candidates, Summary: output-0 ReLU -> LOGISTIC improved: 31.5% error: 0.2865 -> 0.1962,output-2 ReLU6 -> SQUARE improved: 35.7% error: 0.0323 -> 0.0208,output-1 Cube -> ABSOLUTE improved: 12.5% error: 0.0014 -> 0.0012
Generation 64 score 0.999999942367693  error 7.632307058326355e-9 avg time 25ms
Waiting for training/discovery clean up 2
Generation 65 score 0.999999942367693  error 7.632307058326355e-9 avg time 21ms
Waiting for training/discovery clean up 1
Generation 66 score 0.999999942367693  error 7.632307058326355e-9 avg time 19ms
{
  error: 7.632307058326355e-9,
  score: 0.999999942367693,
  generation: 66,
  time: 16648
}

=== Processing USDPLN (2/10) ===
7 mutations, mutation rate 5.0%, elitism 4, mutation FFW, selection FITNESS_PROPORTIONATE
Creature count: 42
Training 45212b3b with 1 binary file, target error: 0.000001, iterations: 1, sample rate: 100%, sparse: 100%
Discovery 45212b3b with 1 binary files, sample rate: 100%, batch size: 512
Discovery 45212b3b initialize time 90ms
Discovery 45212b3b processing .trainData-fx_c_88/USDPLN/data.bin
Discovery 45212b3b read time 5ms for .trainData-fx_c_88/USDPLN/data.bin with 1425 records
Discovery 45212b3b scanning time 574ms
Discovery 45212b3b recorded time 834ms
Training 357cfe87 with 1 binary file, target error: 0.000001, iterations: 1, sample rate: 100%, sparse: 100%
Training dd03a91c with 1 binary file, target error: 0.000001, iterations: 1, sample rate: 100%, sparse: 100%
Training 5a98efb2 with 1 binary file, target error: 0.000001, iterations: 1, sample rate: 100%, sparse: 100%
Training 1794dece with 1 binary file, target error: 0.000001, iterations: 1, sample rate: 100%, sparse: 100%
Training a7bc869f with 1 binary file, target error: 0.000001, iterations: 1, sample rate: 100%, sparse: 100%
Discovered beneficial synapse from input-1306 to output-2 with weight 1.0000, helping 22.5% more records than it harms (873/1425)
Discovery 45212b3b analyze time 5s 546ms found 1 candidates
Discovered harmful synapse from input-1118 to output-0, harming 14.4% more records than it helps (610/1425)
Discovery 45212b3b analyze harmful time 94ms found 1 candidates
Discovery 45212b3b analyze squashes time 286ms found 3 candidates, Summary: cc590223-9b44-4ad4-b0a3-9863b1f15ac4 HARD_TANH -> SINE improved: 33.5% error: 0.1109 -> 0.0738,output-0 Softplus -> LogSigmoid improved: 33.5% error: 377.9517 -> 251.1644,output-2 LeakyReLU -> SELU improved: 39.1% error: 0.9210 -> 0.5613
Remove neuron 29b8bca7-59a7-4ce4-9e29-f17a33a49ed5 as no longer connected
Training c2325e97 with 1 binary file, target error: 0.000001, iterations: 1, sample rate: 100%, sparse: 100%
Fine tuning increased fitness by 1.703097662897335e-10 to 0.9989564130309436 adjusted 102 weights, 3 biases 
Discovery c2325e97 with 1 binary files, sample rate: 100%, batch size: 512
Discovery c2325e97 initialize time 88ms
Discovery c2325e97 processing .trainData-fx_c_88/USDPLN/data.bin
Discovery c2325e97 read time 3ms for .trainData-fx_c_88/USDPLN/data.bin with 1425 records
Discovery c2325e97 scanning time 519ms
Discovery c2325e97 recorded time 845ms
Over populated 55, expected 50.
Training 96e71030 with 1 binary file, target error: 0.000001, iterations: 1, sample rate: 100%, sparse: 100%
Fine tuning increased fitness by 2.2726320825228186e-10 to 0.9989564132582068 adjusted 102 weights, 3 biases 
Training 7eb5959e with 1 binary file, target error: 0.000001, iterations: 1, sample rate: 100%, sparse: 100%
Fine tuning increased fitness by 2.7773872091074736e-10 to 0.9989564135359456 adjusted 102 weights, 3 biases 
Training 9b2d7617 with 1 binary file, target error: 0.000001, iterations: 1, sample rate: 100%, sparse: 100%
Fine tuning increased fitness by 4.294702371510084e-10 to 0.9989564139654158 adjusted 102 weights, 3 biases 
Generation 10 score 0.9989564139654158  error 0.0010333151238728943 avg time 1s 370ms
Training 9fc024e3 with 1 binary file, target error: 0.000001, iterations: 1, sample rate: 100%, sparse: 100%
Discovered beneficial synapse from input-1306 to output-2 with weight 1.0000, helping 22.5% more records than it harms (873/1425)
Discovery c2325e97 analyze time 5s 701ms found 1 candidates
Discovered harmful synapse from input-1252 to cc590223-9b44-4ad4-b0a3-9863b1f15ac4, harming 69.1% more records than it helps (176/1425)
Discovery c2325e97 analyze harmful time 362ms found 1 candidates
Training e894e45b with 1 binary file, target error: 0.000001, iterations: 1, sample rate: 100%, sparse: 100%
Fine tuning increased fitness by 3.140956146285845e-7 to 0.998957057000817 adjusted 99 weights, 2 biases 
Discovery c2325e97 analyze squashes time 182ms found 2 candidates, Summary: output-0 Softplus -> LogSigmoid improved: 33.5% error: 377.9517 -> 251.1644,output-2 LeakyReLU -> SELU improved: 39.1% error: 0.9210 -> 0.5613
Over populated 52, expected 50.
Training 7d392065 with 1 binary file, target error: 0.000001, iterations: 1, sample rate: 100%, sparse: 100%
Fine tuning increased fitness by 2.5536104975021345e-7 to 0.9989573123618668 adjusted 99 weights, 2 biases 
Discovery 7d392065 with 1 binary files, sample rate: 100%, batch size: 512
Discovery 7d392065 initialize time 89ms
Discovery 7d392065 processing .trainData-fx_c_88/USDPLN/data.bin
Discovery 7d392065 read time 3ms for .trainData-fx_c_88/USDPLN/data.bin with 1425 records
Discovery 7d392065 scanning time 644ms
Over populated 56, expected 50.
Discovery 7d392065 recorded time 991ms
Training 5a283726 with 1 binary file, target error: 0.000001, iterations: 1, sample rate: 100%, sparse: 100%
Fine tuning increased fitness by 2.022184641958802e-10 to 0.9989573125640853 adjusted 99 weights, 2 biases 
Training 88b2ece0 with 1 binary file, target error: 0.000001, iterations: 1, sample rate: 100%, sparse: 100%
Discovered beneficial synapse from input-1444 to output-0 with weight 1.0000, helping 18.0% more records than it harms (841/1425)
Discovery 7d392065 analyze time 2s 654ms found 1 candidates
Discovered harmful synapse from input-1118 to output-0, harming 14.4% more records than it helps (610/1425)
Discovery 7d392065 analyze harmful time 107ms found 1 candidates
Discovery 7d392065 analyze squashes time 199ms found 2 candidates, Summary: cc590223-9b44-4ad4-b0a3-9863b1f15ac4 HARD_TANH -> SINE improved: 33.2% error: 0.1126 -> 0.0752,output-0 Softplus -> LogSigmoid improved: 33.5% error: 377.9517 -> 251.1644
Training 5cf6c5cd with 1 binary file, target error: 0.000001, iterations: 1, sample rate: 100%, sparse: 100%
Training 5a283726 increased fitness by 4.482350379753086e-9 to 0.9989573173883138
Over populated 52, expected 50.
Training 92698ec8 with 1 binary file, target error: 0.000001, iterations: 1, sample rate: 100%, sparse: 100%
Discovery 92698ec8 with 1 binary files, sample rate: 100%, batch size: 512
Discovery 92698ec8 initialize time 88ms
Discovery 92698ec8 processing .trainData-fx_c_88/USDPLN/data.bin
Discovery 92698ec8 read time 1ms for .trainData-fx_c_88/USDPLN/data.bin with 1425 records
Discovery 92698ec8 scanning time 599ms
Discovery 92698ec8 recorded time 889ms
Over populated 55, expected 50.
Training 8156d214 with 1 binary file, target error: 0.000001, iterations: 1, sample rate: 100%, sparse: 100%
Fine tuning increased fitness by 2.3159539841444143e-9 to 0.9989573215897218 adjusted 279 weights, 7 biases 
Over populated 52, expected 50.
Training 292d0a75 with 1 binary file, target error: 0.000001, iterations: 1, sample rate: 100%, sparse: 100%
Fine tuning increased fitness by 9.712770587810837e-10 to 0.9989573225609989 adjusted 279 weights, 7 biases 
Discovered beneficial synapse from input-1444 to output-0 with weight 1.0000, helping 18.0% more records than it harms (841/1425)
Discovery 92698ec8 analyze time 2s 593ms found 1 candidates
Over populated 52, expected 50.
Discovered harmful synapse from input-1252 to cc590223-9b44-4ad4-b0a3-9863b1f15ac4, harming 69.3% more records than it helps (175/1425)
Discovery 92698ec8 analyze harmful time 510ms found 1 candidates
Discovery 92698ec8 analyze squashes time 219ms found 2 candidates, Summary: output-0 Softplus -> LogSigmoid improved: 33.5% error: 377.9703 -> 251.1810,output-2 LeakyReLU -> SELU improved: 39.1% error: 0.9211 -> 0.5613
Training cd5c9751 with 1 binary file, target error: 0.000001, iterations: 1, sample rate: 100%, sparse: 100%
Fine tuning increased fitness by 1.3954033484253614e-9 to 0.9989573239564022 adjusted 279 weights, 7 biases 
Discovery cd5c9751 with 1 binary files, sample rate: 100%, batch size: 512
Discovery cd5c9751 initialize time 89ms
Discovery cd5c9751 processing .trainData-fx_c_88/USDPLN/data.bin
Discovery cd5c9751 read time 2ms for .trainData-fx_c_88/USDPLN/data.bin with 1425 records
Discovery cd5c9751 scanning time 530ms
Discovery cd5c9751 recorded time 856ms
Over populated 56, expected 50.
Generation 20 score 0.9989573239564022  error 0.0010323951329404976 avg time 1s 441ms
Training 11dbc039 with 1 binary file, target error: 0.000001, iterations: 1, sample rate: 100%, sparse: 100%
Fine tuning increased fitness by 4.38342839803596e-9 to 0.9989573283398306 adjusted 279 weights, 7 biases 
Training 39850f16 with 1 binary file, target error: 0.000001, iterations: 1, sample rate: 100%, sparse: 100%
Discovered beneficial synapse from input-1444 to output-0 with weight 1.0000, helping 18.0% more records than it harms (841/1425)
Discovery cd5c9751 analyze time 2s 458ms found 1 candidates
Discovered harmful synapse from input-1181 to output-2, harming 14.5% more records than it helps (609/1425)
Discovery cd5c9751 analyze harmful time 388ms found 1 candidates
Discovery cd5c9751 analyze squashes time 192ms found 2 candidates, Summary: output-0 Softplus -> LogSigmoid improved: 33.5% error: 378.0264 -> 251.2303,cc590223-9b44-4ad4-b0a3-9863b1f15ac4 HARD_TANH -> SINE improved: 33.2% error: 0.1126 -> 0.0752
Over populated 52, expected 50.
Training 866fe502 with 1 binary file, target error: 0.000001, iterations: 1, sample rate: 100%, sparse: 100%
Discovery 866fe502 with 1 binary files, sample rate: 100%, batch size: 512
Discovery 866fe502 initialize time 89ms
Discovery 866fe502 processing .trainData-fx_c_88/USDPLN/data.bin
Discovery 866fe502 read time 2ms for .trainData-fx_c_88/USDPLN/data.bin with 1425 records
Discovery 866fe502 scanning time 570ms
Discovery 866fe502 recorded time 846ms
Over populated 56, expected 50.
Training 72eef252 with 1 binary file, target error: 0.000001, iterations: 1, sample rate: 100%, sparse: 100%
Fine tuning increased fitness by 7.913061872422134e-9 to 0.99895734972608 adjusted 250 weights, 6 biases 
Over populated 52, expected 50.
Training 9bf78a9e with 1 binary file, target error: 0.000001, iterations: 1, sample rate: 100%, sparse: 100%
Fine tuning increased fitness by 6.049048817402536e-9 to 0.9989573557751288 adjusted 250 weights, 6 biases 
Training 55786310 with 1 binary file, target error: 0.000001, iterations: 1, sample rate: 100%, sparse: 100%
Fine tuning increased fitness by 7.69108432496779e-9 to 0.9989573634662131 adjusted 250 weights, 6 biases 
Over populated 52, expected 50.
Training bc10602d with 1 binary file, target error: 0.000001, iterations: 1, sample rate: 100%, sparse: 100%
Fine tuning increased fitness by 1.958897155596162e-9 to 0.9989573654251103 adjusted 250 weights, 6 biases 
Over populated 52, expected 50.
Training caed6893 with 1 binary file, target error: 0.000001, iterations: 1, sample rate: 100%, sparse: 100%
Fine tuning increased fitness by 2.7740145736032673e-9 to 0.9989573681991248 adjusted 250 weights, 6 biases 
Over populated 52, expected 50.
Training 0d2a3d77 with 1 binary file, target error: 0.000001, iterations: 1, sample rate: 100%, sparse: 100%
Fine tuning increased fitness by 6.02814043126898e-9 to 0.9989573742272653 adjusted 250 weights, 6 biases 
Over populated 52, expected 50.
Training 3ce960e5 with 1 binary file, target error: 0.000001, iterations: 1, sample rate: 100%, sparse: 100%
Discovered beneficial synapse from input-661 to cc590223-9b44-4ad4-b0a3-9863b1f15ac4 with weight 1.0000, helping 70.5% more records than it harms (1171/1425)
Discovery 866fe502 analyze time 9s 882ms found 1 candidates
Discovered harmful synapse from input-1118 to output-0, harming 14.5% more records than it helps (609/1425)
Discovery 866fe502 analyze harmful time 91ms found 1 candidates
Over populated 52, expected 50.
Generation 30 score 0.9989573810326389  error 0.001032328056778068 avg time 1s 437ms
Discovery 866fe502 analyze squashes time 268ms found 3 candidates, Summary: output-0 Softplus -> LogSigmoid improved: 33.5% error: 378.0446 -> 251.2460,cc590223-9b44-4ad4-b0a3-9863b1f15ac4 HARD_TANH -> SINE improved: 33.3% error: 0.1123 -> 0.0749,output-2 LeakyReLU -> SELU improved: 39.1% error: 0.9209 -> 0.5611
Training 370d514f with 1 binary file, target error: 0.000001, iterations: 1, sample rate: 100%, sparse: 100%
Discovery 370d514f with 1 binary files, sample rate: 100%, batch size: 512
Discovery 370d514f initialize time 86ms
Discovery 370d514f processing .trainData-fx_c_88/USDPLN/data.bin
Discovery 370d514f read time 2ms for .trainData-fx_c_88/USDPLN/data.bin with 1425 records
Discovery 370d514f scanning time 556ms
Discovery 370d514f recorded time 832ms
Over populated 56, expected 50.
Training 965b078a with 1 binary file, target error: 0.000001, iterations: 1, sample rate: 100%, sparse: 100%
Fine tuning increased fitness by 1.770817958934856e-8 to 0.9989574166155514 adjusted 242 weights, 6 biases 
Training 811da8d6 with 1 binary file, target error: 0.000001, iterations: 1, sample rate: 100%, sparse: 100%
Fine tuning increased fitness by 6.995373058593657e-9 to 0.9989574236109244 adjusted 242 weights, 6 biases 
Over populated 52, expected 50.
Training 87de094e with 1 binary file, target error: 0.000001, iterations: 1, sample rate: 100%, sparse: 100%
Fine tuning increased fitness by 6.107745309513746e-9 to 0.9989574297186697 adjusted 242 weights, 6 biases 
Training 5f43a5e6 with 1 binary file, target error: 0.000001, iterations: 1, sample rate: 100%, sparse: 100%
Fine tuning increased fitness by 1.2995607701071776e-8 to 0.9989574427142774 adjusted 242 weights, 6 biases 
Discovered beneficial synapse from input-1306 to output-2 with weight 1.0000, helping 22.4% more records than it harms (872/1425)
Discovery 370d514f analyze time 5s 528ms found 1 candidates
Discovered harmful synapse from input-1252 to cc590223-9b44-4ad4-b0a3-9863b1f15ac4, harming 69.0% more records than it helps (177/1425)
Discovery 370d514f analyze harmful time 235ms found 1 candidates
Discovery 370d514f analyze squashes time 256ms found 3 candidates, Summary: output-2 LeakyReLU -> SELU improved: 39.1% error: 0.9211 -> 0.5613,output-0 Softplus -> LogSigmoid improved: 33.5% error: 378.0173 -> 251.2216,cc590223-9b44-4ad4-b0a3-9863b1f15ac4 HARD_TANH -> SINE improved: 33.2% error: 0.1129 -> 0.0754
Training ba07b8ee with 1 binary file, target error: 0.000001, iterations: 1, sample rate: 100%, sparse: 100%
Fine tuning increased fitness by 1.942327687576295e-8 to 0.9989574621375543 adjusted 242 weights, 6 biases 
Discovery ba07b8ee with 1 binary files, sample rate: 100%, batch size: 512
Discovery ba07b8ee initialize time 89ms
Discovery ba07b8ee processing .trainData-fx_c_88/USDPLN/data.bin
Discovery ba07b8ee read time 2ms for .trainData-fx_c_88/USDPLN/data.bin with 1425 records
Discovery ba07b8ee scanning time 555ms
Discovery ba07b8ee recorded time 842ms
Over populated 55, expected 50.
Training 02e37fc7 with 1 binary file, target error: 0.000001, iterations: 1, sample rate: 100%, sparse: 100%
Fine tuning increased fitness by 1.590286158315024e-8 to 0.9989574780404159 adjusted 1 weight 
Training d5f0f7bc with 1 binary file, target error: 0.000001, iterations: 1, sample rate: 100%, sparse: 100%
Fine tuning increased fitness by 5.710646400203245e-10 to 0.9989574786114805 adjusted 1 weight 
Discovered beneficial synapse from input-1444 to output-0 with weight 1.0000, helping 18.0% more records than it harms (841/1425)
Discovery ba07b8ee analyze time 2s 528ms found 1 candidates
Discovered harmful synapse from input-1504 to output-2, harming 14.9% more records than it helps (606/1425)
Discovery ba07b8ee analyze harmful time 388ms found 1 candidates
Discovery ba07b8ee analyze squashes time 129ms found 1 candidate, Summary: output-0 Softplus -> LogSigmoid improved: 33.5% error: 378.0186 -> 251.2229
Training 5b2bea43 with 1 binary file, target error: 0.000001, iterations: 1, sample rate: 100%, sparse: 100%
Fine tuning increased fitness by 1.0394957117298986e-9 to 0.9989574796509763 adjusted 1 weight 
Discovery 5b2bea43 with 1 binary files, sample rate: 100%, batch size: 512
Discovery 5b2bea43 initialize time 85ms
Discovery 5b2bea43 processing .trainData-fx_c_88/USDPLN/data.bin
Discovery 5b2bea43 read time 3ms for .trainData-fx_c_88/USDPLN/data.bin with 1425 records
Discovery 5b2bea43 scanning time 553ms
Discovery 5b2bea43 recorded time 828ms
Training e4ecd59f with 1 binary file, target error: 0.000001, iterations: 1, sample rate: 100%, sparse: 100%
Fine tuning increased fitness by 6.687326248311365e-10 to 0.9989574803197089 adjusted 1 weight 
Generation 40 score 0.9989574803197089  error 0.0010322187697852545 avg time 1s 427ms
Training 981f7a34 with 1 binary file, target error: 0.000001, iterations: 1, sample rate: 100%, sparse: 100%
Fine tuning increased fitness by 7.5600725679692e-10 to 0.9989574810757161 adjusted 351 weights, 7 biases 
Training 6ee27af7 with 1 binary file, target error: 0.000001, iterations: 1, sample rate: 100%, sparse: 100%
Training ca1413c4 with 1 binary file, target error: 0.000001, iterations: 1, sample rate: 100%, sparse: 100%
Over populated 52, expected 50.
Training 980f6799 with 1 binary file, target error: 0.000001, iterations: 1, sample rate: 100%, sparse: 100%
Over populated 52, expected 50.
Training c5bf6fa8 with 1 binary file, target error: 0.000001, iterations: 1, sample rate: 100%, sparse: 100%
Fine tuning increased fitness by 5.662025293062811e-9 to 0.9989574908982325 adjusted 289 weights, 4 biases 
Over populated 52, expected 50.
Training 3cbc4389 with 1 binary file, target error: 0.000001, iterations: 1, sample rate: 100%, sparse: 100%
Over populated 52, expected 50.
Training d040b3f2 with 1 binary file, target error: 0.000001, iterations: 1, sample rate: 100%, sparse: 100%
Fine tuning increased fitness by 5.304951922191492e-9 to 0.9989574994791399 adjusted 298 weights, 5 biases 
Training a8648a9a with 1 binary file, target error: 0.000001, iterations: 1, sample rate: 100%, sparse: 100%
Fine tuning increased fitness by 7.0437023991232195e-9 to 0.9989575065228423 adjusted 332 weights, 7 biases 
Discovered beneficial synapse from input-11 to 8b9a6f18-03c3-4b64-bec3-ff7f43f03138 with weight 1.0000, helping 87.4% more records than it harms (1260/1425)
Discovery 5b2bea43 analyze time 12s 388ms found 1 candidates
Discovered harmful synapse from input-1504 to output-2, harming 14.9% more records than it helps (606/1425)
Discovery 5b2bea43 analyze harmful time 386ms found 1 candidates
Discovery 5b2bea43 analyze squashes time 275ms found 3 candidates, Summary: output-0 Softplus -> LogSigmoid improved: 33.5% error: 378.0186 -> 251.2229,output-2 LeakyReLU -> SELU improved: 39.1% error: 0.9210 -> 0.5613,cc590223-9b44-4ad4-b0a3-9863b1f15ac4 HARD_TANH -> SINE improved: 33.1% error: 0.1131 -> 0.0756
Over populated 52, expected 50.
Training c3335911 with 1 binary file, target error: 0.000001, iterations: 1, sample rate: 100%, sparse: 100%
Discovery c3335911 with 1 binary files, sample rate: 100%, batch size: 512
Discovery c3335911 initialize time 87ms
Discovery c3335911 processing .trainData-fx_c_88/USDPLN/data.bin
Discovery c3335911 read time 1ms for .trainData-fx_c_88/USDPLN/data.bin with 1425 records
Discovery c3335911 scanning time 568ms
Discovery c3335911 recorded time 847ms
Over populated 56, expected 50.
Training ab4295c1 with 1 binary file, target error: 0.000001, iterations: 1, sample rate: 100%, sparse: 100%
Over populated 52, expected 50.
Generation 50 score 0.9989575436721855  error 0.0010321554173101815 avg time 1s 487ms
Training 0a8cd43a with 1 binary file, target error: 0.000001, iterations: 1, sample rate: 100%, sparse: 100%
Fine tuning increased fitness by 2.0974183945199343e-8 to 0.9989575646463694 adjusted 332 weights, 7 biases 
Discovered beneficial synapse from input-1444 to output-0 with weight 1.0000, helping 18.0% more records than it harms (841/1425)
Discovery c3335911 analyze time 2s 454ms found 1 candidates
Discovered harmful synapse from input-1252 to cc590223-9b44-4ad4-b0a3-9863b1f15ac4, harming 68.9% more records than it helps (177/1425)
Discovery c3335911 analyze harmful time 512ms found 1 candidates
Over populated 52, expected 50.
Discovery c3335911 analyze squashes time 161ms found 2 candidates, Summary: output-0 Softplus -> LogSigmoid improved: 33.5% error: 377.9568 -> 251.1674,cc590223-9b44-4ad4-b0a3-9863b1f15ac4 HARD_TANH -> SINE improved: 33.1% error: 0.1131 -> 0.0757
Training 2973d4d2 with 1 binary file, target error: 0.000001, iterations: 1, sample rate: 100%, sparse: 100%
Fine tuning increased fitness by 1.2494675405427813e-8 to 0.9989575771410448 adjusted 332 weights, 7 biases 
Discovery 2973d4d2 with 1 binary files, sample rate: 100%, batch size: 512
Discovery 2973d4d2 initialize time 90ms
Discovery 2973d4d2 processing .trainData-fx_c_88/USDPLN/data.bin
Discovery 2973d4d2 read time 6ms for .trainData-fx_c_88/USDPLN/data.bin with 1425 records
Discovery 2973d4d2 scanning time 561ms
Discovery 2973d4d2 recorded time 843ms
Over populated 56, expected 50.
Training ab9e4ab4 with 1 binary file, target error: 0.000001, iterations: 1, sample rate: 100%, sparse: 100%
Training 619ffd18 with 1 binary file, target error: 0.000001, iterations: 1, sample rate: 100%, sparse: 100%
Over populated 52, expected 50.
Training 10b34143 with 1 binary file, target error: 0.000001, iterations: 1, sample rate: 100%, sparse: 100%
Over populated 52, expected 50.
Training aad85052 with 1 binary file, target error: 0.000001, iterations: 1, sample rate: 100%, sparse: 100%
Training a5a71a26 with 1 binary file, target error: 0.000001, iterations: 1, sample rate: 100%, sparse: 100%
Discovered beneficial synapse from input-661 to cc590223-9b44-4ad4-b0a3-9863b1f15ac4 with weight 1.0000, helping 70.3% more records than it harms (1169/1425)
Discovery 2973d4d2 analyze time 6s 628ms found 1 candidates
Discovered harmful synapse from input-1118 to output-0, harming 14.7% more records than it helps (608/1425)
Discovery 2973d4d2 analyze harmful time 94ms found 1 candidates
Discovery 2973d4d2 analyze squashes time 173ms found 2 candidates, Summary: output-0 Softplus -> LogSigmoid improved: 33.5% error: 378.4857 -> 251.6295,output-2 LeakyReLU -> SELU improved: 39.0% error: 0.9211 -> 0.5615
Over populated 52, expected 50.
Training e45d3ef8 with 1 binary file, target error: 0.000001, iterations: 1, sample rate: 100%, sparse: 100%
Fine tuning increased fitness by 4.314155743756487e-8 to 0.9989576770584191 adjusted 491 weights, 6 biases 
Discovery e45d3ef8 with 1 binary files, sample rate: 100%, batch size: 512
Discovery e45d3ef8 initialize time 79ms
Discovery e45d3ef8 processing .trainData-fx_c_88/USDPLN/data.bin
Discovery e45d3ef8 read time 4ms for .trainData-fx_c_88/USDPLN/data.bin with 1425 records
Discovery e45d3ef8 scanning time 557ms
Discovery e45d3ef8 recorded time 826ms
Over populated 56, expected 50.
Training 77dcc49b with 1 binary file, target error: 0.000001, iterations: 1, sample rate: 100%, sparse: 100%
Fine tuning increased fitness by 3.784410063101262e-8 to 0.9989577149025197 adjusted 491 weights, 6 biases 
Training f0d5aee8 with 1 binary file, target error: 0.000001, iterations: 1, sample rate: 100%, sparse: 100%
Fine tuning increased fitness by 4.574632772591514e-8 to 0.9989577606488474 adjusted 491 weights, 6 biases 
Discovered beneficial synapse from input-1444 to output-0 with weight 1.0000, helping 18.2% more records than it harms (842/1425)
Discovery e45d3ef8 analyze time 2s 450ms found 1 candidates
Discovered harmful synapse from input-1504 to output-2, harming 15.8% more records than it helps (600/1425)
Discovery e45d3ef8 analyze harmful time 398ms found 1 candidates
Discovery e45d3ef8 analyze squashes time 183ms found 1 candidate, Summary: output-0 Softplus -> LogSigmoid improved: 33.5% error: 378.0450 -> 251.2349
Over populated 52, expected 50.
Generation 60 score 0.9989577606488474  error 0.0010319384406574418 avg time 1s 535ms
Training 46f9d5a0 with 1 binary file, target error: 0.000001, iterations: 1, sample rate: 100%, sparse: 100%
Fine tuning increased fitness by 6.135557517605861e-8 to 0.9989578220044226 adjusted 491 weights, 6 biases 
Discovery 46f9d5a0 with 1 binary files, sample rate: 100%, batch size: 512
Discovery 46f9d5a0 initialize time 89ms
Discovery 46f9d5a0 processing .trainData-fx_c_88/USDPLN/data.bin
Discovery 46f9d5a0 read time 2ms for .trainData-fx_c_88/USDPLN/data.bin with 1425 records
Discovery 46f9d5a0 scanning time 582ms
Discovery 46f9d5a0 recorded time 919ms
Over populated 56, expected 50.
Training be9b65e0 with 1 binary file, target error: 0.000001, iterations: 1, sample rate: 100%, sparse: 100%
Fine tuning increased fitness by 3.605392839833854e-8 to 0.998957858058351 adjusted 529 weights, 7 biases 
Over populated 52, expected 50.
Training 2425bcba with 1 binary file, target error: 0.000001, iterations: 1, sample rate: 100%, sparse: 100%
Fine tuning increased fitness by 1.2955412631576735e-8 to 0.9989578710137637 adjusted 529 weights, 7 biases 
Training 33947d48 with 1 binary file, target error: 0.000001, iterations: 1, sample rate: 100%, sparse: 100%
Training e43f67fe with 1 binary file, target error: 0.000001, iterations: 1, sample rate: 100%, sparse: 100%
Fine tuning increased fitness by 4.4595840020811295e-8 to 0.9989579293118754 adjusted 304 weights, 3 biases 
Training 13077f65 with 1 binary file, target error: 0.000001, iterations: 1, sample rate: 100%, sparse: 100%
Training e706adf3 with 1 binary file, target error: 0.000001, iterations: 1, sample rate: 100%, sparse: 100%
Fine tuning increased fitness by 1.3085449712679775e-7 to 0.9989581106061333 adjusted 300 weights, 3 biases 
Discovered beneficial synapse from input-11 to 8b9a6f18-03c3-4b64-bec3-ff7f43f03138 with weight 1.0000, helping 87.6% more records than it harms (1262/1425)
Discovery 46f9d5a0 analyze time 8s 876ms found 1 candidates
Over populated 52, expected 50.
Discovered harmful synapse from input-1252 to cc590223-9b44-4ad4-b0a3-9863b1f15ac4, harming 69.1% more records than it helps (177/1425)
Discovery 46f9d5a0 analyze harmful time 232ms found 1 candidates
Training e8d2ead3 with 1 binary file, target error: 0.000001, iterations: 1, sample rate: 100%, sparse: 100%
Fine tuning increased fitness by 1.2942837390728101e-7 to 0.9989582400345072 adjusted 296 weights, 3 biases 
Discovery 46f9d5a0 analyze squashes time 201ms found 2 candidates, Summary: output-0 Softplus -> LogSigmoid improved: 33.5% error: 377.9709 -> 251.1683,output-2 LeakyReLU -> SELU improved: 39.0% error: 0.9211 -> 0.5618
Training 2775c9e2 with 1 binary file, target error: 0.000001, iterations: 1, sample rate: 100%, sparse: 100%
Fine tuning increased fitness by 2.844764013243406e-8 to 0.9989582684821473 adjusted 296 weights, 3 biases 
Discovery 2775c9e2 with 1 binary files, sample rate: 100%, batch size: 512
Discovery 2775c9e2 initialize time 74ms
Discovery 2775c9e2 processing .trainData-fx_c_88/USDPLN/data.bin
Discovery 2775c9e2 read time 5ms for .trainData-fx_c_88/USDPLN/data.bin with 1425 records
Discovery 2775c9e2 scanning time 565ms
Discovery 2775c9e2 recorded time 836ms
Over populated 55, expected 50.
Training 8997a0bf with 1 binary file, target error: 0.000001, iterations: 1, sample rate: 100%, sparse: 100%
Fine tuning increased fitness by 3.634188072698663e-8 to 0.998958304824028 adjusted 296 weights, 3 biases 
Generation 70 score 0.998958304824028  error 0.0010313842655248096 avg time 1s 470ms
Training 10da1e18 with 1 binary file, target error: 0.000001, iterations: 1, sample rate: 100%, sparse: 100%
Fine tuning increased fitness by 7.22060932156765e-8 to 0.9989583770301212 adjusted 296 weights, 3 biases 
Training cfe5e137 with 1 binary file, target error: 0.000001, iterations: 1, sample rate: 100%, sparse: 100%
Fine tuning increased fitness by 6.189610446405425e-8 to 0.9989584389262257 adjusted 296 weights, 3 biases 
Training fe5fc911 with 1 binary file, target error: 0.000001, iterations: 1, sample rate: 100%, sparse: 100%
Fine tuning increased fitness by 5.8095484978260004e-8 to 0.9989584970217107 adjusted 296 weights, 3 biases 
Discovered beneficial synapse from input-661 to cc590223-9b44-4ad4-b0a3-9863b1f15ac4 with weight 1.0000, helping 70.1% more records than it harms (1166/1425)
Discovery 2775c9e2 analyze time 5s 778ms found 1 candidates
Training 01112b14 with 1 binary file, target error: 0.000001, iterations: 1, sample rate: 100%, sparse: 100%
Fine tuning increased fitness by 8.137695273191525e-8 to 0.9989585783986634 adjusted 296 weights, 3 biases 
Discovered harmful synapse from input-1304 to output-1, harming 22.1% more records than it helps (555/1425)
Discovery 2775c9e2 analyze harmful time 966ms found 1 candidates
Discovery 2775c9e2 analyze squashes time 123ms found 1 candidate, Summary: output-0 Softplus -> LogSigmoid improved: 33.5% error: 378.1092 -> 251.2775
Over populated 52, expected 50.
Training 8b18e84a with 1 binary file, target error: 0.000001, iterations: 1, sample rate: 100%, sparse: 100%
Fine tuning increased fitness by 1.423552271617723e-7 to 0.9989587207538906 adjusted 296 weights, 3 biases 
Discovery 8b18e84a with 1 binary files, sample rate: 100%, batch size: 512
Discovery 8b18e84a initialize time 81ms
Discovery 8b18e84a processing .trainData-fx_c_88/USDPLN/data.bin
Discovery 8b18e84a read time 3ms for .trainData-fx_c_88/USDPLN/data.bin with 1425 records
Discovery 8b18e84a scanning time 539ms
Discovery 8b18e84a recorded time 806ms
Over populated 53, expected 50.
Training 7f34d77f with 1 binary file, target error: 0.000001, iterations: 1, sample rate: 100%, sparse: 100%
Training d723ee27 with 1 binary file, target error: 0.000001, iterations: 1, sample rate: 100%, sparse: 100%
Fine tuning increased fitness by 1.1331245874934837e-7 to 0.9989589426636156 adjusted 296 weights, 3 biases 
Training ecd5b3b4 with 1 binary file, target error: 0.000001, iterations: 1, sample rate: 100%, sparse: 100%
Fine tuning increased fitness by 2.6519815754522114e-7 to 0.9989592078617732 adjusted 294 weights, 3 biases 
Training 78bf0416 with 1 binary file, target error: 0.000001, iterations: 1, sample rate: 100%, sparse: 100%
Fine tuning increased fitness by 2.841055100066825e-7 to 0.9989594919672832 adjusted 294 weights, 3 biases 
Over populated 52, expected 50.
Training ccacbcf7 with 1 binary file, target error: 0.000001, iterations: 1, sample rate: 100%, sparse: 100%
Generation 80 score 0.9989594974391512  error 0.0010301916504076968 avg time 1s 444ms
Training c2464f1e with 1 binary file, target error: 0.000001, iterations: 1, sample rate: 100%, sparse: 100%
Discovered beneficial synapse from input-661 to cc590223-9b44-4ad4-b0a3-9863b1f15ac4 with weight 1.0000, helping 70.0% more records than it harms (1164/1425)
Discovery 8b18e84a analyze time 8s 943ms found 1 candidates
Training 034a1dd3 with 1 binary file, target error: 0.000001, iterations: 1, sample rate: 100%, sparse: 100%
Discovered harmful synapse from input-1504 to output-2, harming 16.2% more records than it helps (597/1425)
Discovery 8b18e84a analyze harmful time 445ms found 1 candidates
Discovery 8b18e84a analyze squashes time 104ms found 1 candidate, Summary: output-0 Softplus -> LogSigmoid improved: 33.5% error: 378.1092 -> 251.2775
Training c094b3f4 with 1 binary file, target error: 0.000001, iterations: 1, sample rate: 100%, sparse: 100%
Discovery c094b3f4 with 1 binary files, sample rate: 100%, batch size: 512
Discovery c094b3f4 initialize time 73ms
Discovery c094b3f4 processing .trainData-fx_c_88/USDPLN/data.bin
Discovery c094b3f4 read time 4ms for .trainData-fx_c_88/USDPLN/data.bin with 1425 records
Discovery c094b3f4 scanning time 562ms
Discovery c094b3f4 recorded time 832ms
Over populated 52, expected 50.
Training 1e87c280 with 1 binary file, target error: 0.000001, iterations: 1, sample rate: 100%, sparse: 100%
Training 0286c3a1 with 1 binary file, target error: 0.000001, iterations: 1, sample rate: 100%, sparse: 100%
Over populated 52, expected 50.
Training 1a24f02c with 1 binary file, target error: 0.000001, iterations: 1, sample rate: 100%, sparse: 100%
Fine tuning increased fitness by 1.4186316898978646e-8 to 0.9989599421534745 adjusted 396 weights, 7 biases 
Over populated 52, expected 50.
Training 75933b41 with 1 binary file, target error: 0.000001, iterations: 1, sample rate: 100%, sparse: 100%
Discovered beneficial synapse from input-1306 to output-2 with weight 1.0000, helping 22.9% more records than it harms (876/1425)
Discovery c094b3f4 analyze time 5s 572ms found 1 candidates
Discovered harmful synapse from input-1118 to output-0, harming 14.5% more records than it helps (609/1425)
Discovery c094b3f4 analyze harmful time 88ms found 1 candidates
Discovery c094b3f4 analyze squashes time 116ms found 1 candidate, Summary: output-0 Softplus -> LogSigmoid improved: 33.5% error: 378.1092 -> 251.2775
Training ff068690 with 1 binary file, target error: 0.000001, iterations: 1, sample rate: 100%, sparse: 100%
Over populated 56, expected 50.
Training ef92ab60 with 1 binary file, target error: 0.000001, iterations: 1, sample rate: 100%, sparse: 100%
Discovery ef92ab60 with 1 binary files, sample rate: 100%, batch size: 512
Discovery ef92ab60 initialize time 89ms
Discovery ef92ab60 processing .trainData-fx_c_88/USDPLN/data.bin
Discovery ef92ab60 read time 4ms for .trainData-fx_c_88/USDPLN/data.bin with 1425 records
Discovery ef92ab60 scanning time 565ms
Discovery ef92ab60 recorded time 837ms
Culling duplicate creature at 49 of 51
DeDuplication of 1 creatures to 50 in 14ms (previous experiment )
Training 5c635d0e with 1 binary file, target error: 0.000001, iterations: 1, sample rate: 100%, sparse: 100%
Training ff068690 increased fitness by 4.1790375382433353e-8 to 0.9989604085036466
Over populated 52, expected 50.
Generation 90 score 0.9989604085036466  error 0.001029270585982939 avg time 1s 511ms
Training a8fa300f with 1 binary file, target error: 0.000001, iterations: 1, sample rate: 100%, sparse: 100%
Over populated 52, expected 50.
Training 7691f22a with 1 binary file, target error: 0.000001, iterations: 1, sample rate: 100%, sparse: 100%
Fine tuning increased fitness by 4.541863884988118e-9 to 0.9989604172756916 adjusted 117 weights, 3 biases 
Over populated 52, expected 50.
Training 42211321 with 1 binary file, target error: 0.000001, iterations: 1, sample rate: 100%, sparse: 100%
Fine tuning increased fitness by 5.6564826156346726e-9 to 0.9989604229321742 adjusted 117 weights, 3 biases 
Discovered beneficial synapse from input-1306 to output-2 with weight 1.0000, helping 22.8% more records than it harms (875/1425)
Discovery ef92ab60 analyze time 5s 402ms found 1 candidates
Over populated 52, expected 50.
Discovered harmful synapse from input-1252 to cc590223-9b44-4ad4-b0a3-9863b1f15ac4, harming 68.6% more records than it helps (176/1425)
Discovery ef92ab60 analyze harmful time 494ms found 1 candidates
Discovery ef92ab60 analyze squashes time 169ms found 2 candidates, Summary: output-0 Softplus -> LogSigmoid improved: 33.5% error: 378.1092 -> 251.2775,8b9a6f18-03c3-4b64-bec3-ff7f43f03138 SQRT -> SQUARE improved: 12.7% error: 0.0013 -> 0.0011
Training b0e3a892 with 1 binary file, target error: 0.000001, iterations: 1, sample rate: 100%, sparse: 100%
Fine tuning increased fitness by 3.881926224913457e-9 to 0.9989604268141005 adjusted 117 weights, 3 biases 
Discovery b0e3a892 with 1 binary files, sample rate: 100%, batch size: 512
Discovery b0e3a892 initialize time 78ms
Discovery b0e3a892 processing .trainData-fx_c_88/USDPLN/data.bin
Discovery b0e3a892 read time 1ms for .trainData-fx_c_88/USDPLN/data.bin with 1425 records
Discovery b0e3a892 scanning time 525ms
Discovery b0e3a892 recorded time 851ms
Over populated 56, expected 50.
Training 2b96a592 with 1 binary file, target error: 0.000001, iterations: 1, sample rate: 100%, sparse: 100%
Fine tuning increased fitness by 4.480865678502255e-9 to 0.9989604312949661 adjusted 117 weights, 3 biases 
Training 664a6e95 with 1 binary file, target error: 0.000001, iterations: 1, sample rate: 100%, sparse: 100%
Fine tuning increased fitness by 1.0461891353230612e-8 to 0.9989604417568575 adjusted 117 weights, 3 biases 
Discovered beneficial synapse from input-1444 to output-0 with weight 1.0000, helping 18.2% more records than it harms (842/1425)
Discovery b0e3a892 analyze time 2s 509ms found 1 candidates
Discovered harmful synapse from input-1504 to output-2, harming 14.7% more records than it helps (608/1425)
Discovery b0e3a892 analyze harmful time 387ms found 1 candidates
Over populated 52, expected 50.
Discovery b0e3a892 analyze squashes time 267ms found 3 candidates, Summary: output-2 LeakyReLU -> SELU improved: 39.0% error: 0.9215 -> 0.5618,output-0 Softplus -> LogSigmoid improved: 33.5% error: 378.1092 -> 251.2775,cc590223-9b44-4ad4-b0a3-9863b1f15ac4 HARD_TANH -> SINE improved: 31.8% error: 0.1058 -> 0.0721
Training 1279a762 with 1 binary file, target error: 0.000001, iterations: 1, sample rate: 100%, sparse: 100%
Discovery 1279a762 with 1 binary files, sample rate: 100%, batch size: 512
Discovery 1279a762 initialize time 83ms
Discovery 1279a762 processing .trainData-fx_c_88/USDPLN/data.bin
Discovery 1279a762 read time 5ms for .trainData-fx_c_88/USDPLN/data.bin with 1425 records
Discovery 1279a762 scanning time 565ms
Discovery 1279a762 recorded time 819ms
Over populated 53, expected 50.
Training 88428b96 with 1 binary file, target error: 0.000001, iterations: 1, sample rate: 100%, sparse: 100%
Fine tuning increased fitness by 2.766393225606123e-9 to 0.998960444818481 adjusted 116 weights, 3 biases 
Over populated 52, expected 50.
Training bdf6e316 with 1 binary file, target error: 0.000001, iterations: 1, sample rate: 100%, sparse: 100%
Fine tuning increased fitness by 1.1801811972134146e-8 to 0.998960456620293 adjusted 116 weights, 3 biases 
Remove neuron 8b9a6f18-03c3-4b64-bec3-ff7f43f03138 as no longer connected
Training eadd7dc9 with 1 binary file, target error: 0.000001, iterations: 1, sample rate: 100%, sparse: 100%
Fine tuning increased fitness by 9.858401539553086e-9 to 0.9989604664786945 adjusted 116 weights, 3 biases 
Generation 100 score 0.9989604664786945  error 0.001029212610932726 avg time 1s 426ms
Training 76cb1c14 with 1 binary file, target error: 0.000001, iterations: 1, sample rate: 100%, sparse: 100%
Fine tuning increased fitness by 6.510743721932499e-9 to 0.9989604729894382 adjusted 116 weights, 3 biases 
Discovered beneficial synapse from input-1306 to output-2 with weight 1.0000, helping 23.2% more records than it harms (878/1425)
Discovery 1279a762 analyze time 5s 387ms found 1 candidates
Over populated 52, expected 50.
Discovered harmful synapse from input-1252 to cc590223-9b44-4ad4-b0a3-9863b1f15ac4, harming 69.0% more records than it helps (173/1425)
Discovery 1279a762 analyze harmful time 492ms found 1 candidates
Training d9a178c0 with 1 binary file, target error: 0.000001, iterations: 1, sample rate: 100%, sparse: 100%
Discovery 1279a762 analyze squashes time 234ms found 2 candidates, Summary: output-0 Softplus -> LogSigmoid improved: 33.5% error: 378.1092 -> 251.2775,output-2 LeakyReLU -> SELU improved: 39.0% error: 0.9214 -> 0.5618
Fine tuning increased fitness by 8.145447205620826e-9 to 0.9989604811348854 adjusted 116 weights, 3 biases 
Over populated 52, expected 50.
Training 279fbbd8 with 1 binary file, target error: 0.000001, iterations: 1, sample rate: 100%, sparse: 100%
Fine tuning increased fitness by 1.1074977268599184e-8 to 0.9989604922098627 adjusted 116 weights, 3 biases 
Discovery 279fbbd8 with 1 binary files, sample rate: 100%, batch size: 512
Discovery 279fbbd8 initialize time 81ms
Discovery 279fbbd8 processing .trainData-fx_c_88/USDPLN/data.bin
Discovery 279fbbd8 read time 3ms for .trainData-fx_c_88/USDPLN/data.bin with 1425 records
Discovery 279fbbd8 scanning time 515ms
Discovery 279fbbd8 recorded time 774ms
Over populated 54, expected 50.
Fine tuning increased fitness by 1.5974552347586268e-8 to 0.9989605081844151 adjusted 116 weights, 3 biases 
Over populated 52, expected 50.
Fine tuning increased fitness by 2.7620274622996988e-8 to 0.9989605358046897 adjusted 116 weights, 3 biases 
Discovered beneficial synapse from input-1444 to output-0 with weight 1.0000, helping 18.2% more records than it harms (842/1425)
Discovery 279fbbd8 analyze time 2s 476ms found 1 candidates
Discovered harmful synapse from input-1252 to cc590223-9b44-4ad4-b0a3-9863b1f15ac4, harming 69.1% more records than it helps (172/1425)
Discovery 279fbbd8 analyze harmful time 196ms found 1 candidates
Discovery 279fbbd8 analyze squashes time 177ms found 2 candidates, Summary: output-0 Softplus -> LogSigmoid improved: 33.5% error: 378.1092 -> 251.2775,cc590223-9b44-4ad4-b0a3-9863b1f15ac4 HARD_TANH -> SINE improved: 31.9% error: 0.1061 -> 0.0722
Fine tuning increased fitness by 3.619048505321132e-8 to 0.9989605719951747 adjusted 116 weights, 3 biases 
Over populated 53, expected 50.
Fine tuning increased fitness by 3.73586930280112e-8 to 0.9989606414900593 adjusted 116 weights, 3 biases 
Fine tuning increased fitness by 3.252597946534763e-8 to 0.9989606740160387 adjusted 116 weights, 3 biases 
Fine tuning increased fitness by 1.254581151188816e-7 to 0.9989607994741538 adjusted 115 weights, 3 biases 
Generation 110 score 0.9989607994741538  error 0.0010288796154552255 avg time 1s 372ms
Fine tuning increased fitness by 3.052126662517196e-9 to 0.9989610974462166 adjusted 72 weights, 2 biases 
Fine tuning increased fitness by 3.19799275949606e-9 to 0.9989611006442094 adjusted 72 weights, 2 biases 
Fine tuning increased fitness by 5.3230680974181155e-9 to 0.9989611140305418 adjusted 69 weights, 1 bias 
Fine tuning increased fitness by 9.705946268923071e-9 to 0.998961123736488 adjusted 69 weights, 1 bias 
Generation 120 score 0.998961123736488  error 0.0010285553531181012 avg time 1s 367ms
Fine tuning increased fitness by 1.564067120263246e-8 to 0.9989611393771592 adjusted 69 weights, 1 bias 
Fine tuning increased fitness by 1.5729259228436376e-8 to 0.9989611551064185 adjusted 69 weights, 1 bias 
Fine tuning increased fitness by 1.6790714596481848e-8 to 0.9989611718971331 adjusted 69 weights, 1 bias 
Fine tuning increased fitness by 8.675360430032697e-11 to 0.9989611719838867 adjusted 69 weights, 1 bias 
Fine tuning increased fitness by 1.9066591305794134e-8 to 0.9989612083003461 adjusted 71 weights, 2 biases 
Generation 126 score 0.9989612083003461  error 0.0010284707892098774 avg time 800ms
{
  error: 0.0010284707892098774,
  score: 0.9989612083003461,
  generation: 126,
  time: 181239
}

=== Processing USDJPY (3/10) ===
../GRQ-FX-models/v1//USDJPY.json NotFound: No such file or directory (os error 2): readfile '../GRQ-FX-models/v1//USDJPY.json'
    at Object.readTextFileSync (ext:deno_fs/30_fs.js:770:10)
    at file:///data/GRQ/GRQ/src/fx/EvolveApp.ts:137:12
    at eventLoopTick (ext:core/01_core.js:179:7) {
  name: "NotFound",
  code: "ENOENT"
}
9 mutations, mutation rate 5.0%, elitism 3, mutation FFW, selection TOURNAMENT
Creature count: 42
Training 32de8f42 with 1 binary file, target error: 0.000001, iterations: 1, sample rate: 100%, sparse: 100%
Discovery 32de8f42 with 1 binary files, sample rate: 100%, batch size: 512
Discovery 32de8f42 initialize time 89ms
Discovery 32de8f42 processing .trainData-fx_c_88/USDJPY/data.bin
Discovery 32de8f42 read time 3ms for .trainData-fx_c_88/USDJPY/data.bin with 3359 records
Discovery 32de8f42 scanning time 1s 27ms
Training dfd1a844 with 1 binary file, target error: 0.000001, iterations: 1, sample rate: 100%, sparse: 100%
Discovery 32de8f42 recorded time 1s 755ms
Training 7c8c0bbf with 1 binary file, target error: 0.000001, iterations: 1, sample rate: 100%, sparse: 100%
Fine tuning increased fitness by 0.000030985872801259084 to 0.9956705598272129 adjusted 746 weights, 7 biases 
Training cbef8ded with 1 binary file, target error: 0.000001, iterations: 1, sample rate: 100%, sparse: 100%
Fine tuning increased fitness by 0.000044586817429692616 to 0.9957151466446426 adjusted 744 weights, 7 biases 
Remove neuron dcf2fe7e-b805-44e3-b71d-b798e9f172bc as no longer connected
Over populated 52, expected 50.
Training 552fcae0 with 1 binary file, target error: 0.000001, iterations: 1, sample rate: 100%, sparse: 100%
Fine tuning increased fitness by 0.000002861167931467179 to 0.9957917345619295 adjusted 693 weights, 6 biases 
Fine tuning increased fitness by 9.367303361873525e-7 to 0.9957926712922657 adjusted 693 weights, 6 biases 
Training eda990d4 with 1 binary file, target error: 0.000001, iterations: 1, sample rate: 100%, sparse: 100%
Fine tuning increased fitness by 6.005920850649105e-7 to 0.9957932718843507 adjusted 693 weights, 6 biases 
Generation 10 score 0.9957932718843507  error 0.004197777319279551 avg time 1s 685ms
Fine tuning increased fitness by 7.79121763994084e-7 to 0.9957940510061147 adjusted 693 weights, 6 biases 
Training dec43877 with 1 binary file, target error: 0.000001, iterations: 1, sample rate: 100%, sparse: 100%
Training a2d7b796 with 1 binary file, target error: 0.000001, iterations: 1, sample rate: 100%, sparse: 100%
Over populated 52, expected 50.
Constant neuron dcf2fe7e-b805-44e3-b71d-b798e9f172bc convert hidden to constant
Adjust neuron dcf2fe7e-b805-44e3-b71d-b798e9f172bc bias 0.08441459999999999 to 0.04504670352304291
Training 3e392661 with 1 binary file, target error: 0.000001, iterations: 1, sample rate: 100%, sparse: 100%
Fine tuning increased fitness by 0.000001865428528535773 to 0.9958309107056221 adjusted 628 weights, 6 biases 
Fine tuning increased fitness by 0.0000016765731195578226 to 0.9958325872787417 adjusted 628 weights, 6 biases 
Training 3bb0d1aa with 1 binary file, target error: 0.000001, iterations: 1, sample rate: 100%, sparse: 100%
Fine tuning increased fitness by 0.0000013491197463633142 to 0.9958356016258078 adjusted 613 weights, 6 biases 
Discovered beneficial synapse from input-11 to output-0 with weight 1.0000, helping 100.0% more records than it harms (3358/3359)
Discovery 32de8f42 analyze time 27s 854ms found 1 candidates
Remove neuron dcf2fe7e-b805-44e3-b71d-b798e9f172bc as no longer connected
Training 3e0466ee with 1 binary file, target error: 0.000001, iterations: 1, sample rate: 100%, sparse: 100%
Fine tuning increased fitness by 0.0000010980949831651543 to 0.9958366997207909 adjusted 613 weights, 6 biases 
Generation 20 score 0.9958366997207909  error 0.004154349482814862 avg time 1s 644ms
Fine tuning increased fitness by 0.0000015249048396226428 to 0.9958382246256305 adjusted 613 weights, 6 biases 
Discovered harmful synapse from input-793 to output-4, harming 44.6% more records than it helps (930/3359)
Discovery 32de8f42 analyze harmful time 3s 347ms found 1 candidates
Discovery 32de8f42 analyze squashes time 1s found 2 candidates, Summary: output-0 LOGISTIC -> Cosine improved: 19.3% error: 39.1673 -> 31.6088,output-2 LeakyReLU -> BIPOLAR improved: 18.3% error: 16.4152 -> 13.4111
Training f13c016d with 1 binary file, target error: 0.000001, iterations: 1, sample rate: 100%, sparse: 100%
Discovery 77d2bc4c with 1 binary files, sample rate: 100%, batch size: 512
Discovery 77d2bc4c initialize time 88ms
Discovery 77d2bc4c processing .trainData-fx_c_88/USDJPY/data.bin
Discovery 77d2bc4c read time 9ms for .trainData-fx_c_88/USDJPY/data.bin with 3359 records
Discovery 77d2bc4c scanning time 1s 93ms
Over populated 52, expected 50.
Training ee5ffc43 with 1 binary file, target error: 0.000001, iterations: 1, sample rate: 100%, sparse: 100%
Discovery 77d2bc4c recorded time 2s 157ms
Training 802539a9 with 1 binary file, target error: 0.000001, iterations: 1, sample rate: 100%, sparse: 100%
Training 2b950d80 with 1 binary file, target error: 0.000001, iterations: 1, sample rate: 100%, sparse: 100%
Discovered beneficial synapse from input-1375 to output-0 with weight 1.0000, helping 45.3% more records than it harms (2441/3359)
Discovery 77d2bc4c analyze time 7s 241ms found 1 candidates
Discovered harmful synapse from input-91 to output-0, harming 43.4% more records than it helps (951/3359)
Discovery 77d2bc4c analyze harmful time 1s 175ms found 1 candidates
Discovery 77d2bc4c analyze squashes time 430ms found 2 candidates, Summary: output-2 LeakyReLU -> LogSigmoid improved: 26.7% error: 1.8711 -> 1.3724,output-0 Softplus -> BENT_IDENTITY improved: 44.9% error: 89.6113 -> 49.3526
Training cd1f87e6 with 1 binary file, target error: 0.000001, iterations: 1, sample rate: 100%, sparse: 100%
Discovery cd1f87e6 with 1 binary files, sample rate: 100%, batch size: 512
Discovery cd1f87e6 initialize time 83ms
Discovery cd1f87e6 processing .trainData-fx_c_88/USDJPY/data.bin
Over populated 53, expected 50.
Generation 30 score 0.9962933267604981  error 0.0036977224424919403 avg time 1s 626ms
Discovery cd1f87e6 read time 7ms for .trainData-fx_c_88/USDJPY/data.bin with 3359 records
Discovery cd1f87e6 scanning time 1s 308ms
Discovery cd1f87e6 recorded time 2s 5ms
Training f470064a with 1 binary file, target error: 0.000001, iterations: 1, sample rate: 100%, sparse: 100%
Fine tuning increased fitness by 0.000004307628872601832 to 0.9963044653303273 adjusted 485 weights, 5 biases 
Fine tuning increased fitness by 0.000002699553487417461 to 0.9963071648838148 adjusted 485 weights, 5 biases 
Training 50811284 with 1 binary file, target error: 0.000001, iterations: 1, sample rate: 100%, sparse: 100%
Fine tuning increased fitness by 0.000002214170467973453 to 0.9963093790542827 adjusted 485 weights, 5 biases 
Training dd8f0283 with 1 binary file, target error: 0.000001, iterations: 1, sample rate: 100%, sparse: 100%
Fine tuning increased fitness by 0.000002543680424516026 to 0.9963134011466905 adjusted 476 weights, 5 biases 
Fine tuning increased fitness by 0.000003949829927463178 to 0.996317350976618 adjusted 476 weights, 5 biases 
Training 9aa69bf6 with 1 binary file, target error: 0.000001, iterations: 1, sample rate: 100%, sparse: 100%
Fine tuning increased fitness by 0.00000530555525579679 to 0.9963226565318738 adjusted 476 weights, 5 biases 
Training dc7df2af with 1 binary file, target error: 0.000001, iterations: 1, sample rate: 100%, sparse: 100%
Generation 40 score 0.9963367709918106  error 0.0036542782112457396 avg time 1s 591ms
Fine tuning increased fitness by 0.00001429138836839261 to 0.996351062380179 adjusted 508 weights, 5 biases 
Training f7d27f01 with 1 binary file, target error: 0.000001, iterations: 1, sample rate: 100%, sparse: 100%
Fine tuning increased fitness by 0.00001901926360381445 to 0.9963700816437828 adjusted 508 weights, 5 biases 
Training 2613bb54 with 1 binary file, target error: 0.000001, iterations: 1, sample rate: 100%, sparse: 100%
Discovered beneficial synapse from input-1375 to output-0 with weight 1.0000, helping 45.3% more records than it harms (2440/3359)
Discovery cd1f87e6 analyze time 21s 854ms found 1 candidates
Discovered harmful synapse from input-91 to output-0, harming 43.3% more records than it helps (952/3359)
Discovery cd1f87e6 analyze harmful time 798ms found 1 candidates
Discovery cd1f87e6 analyze squashes time 406ms found 2 candidates, Summary: output-0 Softplus -> BENT_IDENTITY improved: 44.9% error: 89.1223 -> 49.1264,output-2 LeakyReLU -> LogSigmoid improved: 26.6% error: 1.8707 -> 1.3724
Training f3011b39 with 1 binary file, target error: 0.000001, iterations: 1, sample rate: 100%, sparse: 100%
Discovery f3011b39 with 1 binary files, sample rate: 100%, batch size: 512
Discovery f3011b39 initialize time 88ms
Discovery f3011b39 processing .trainData-fx_c_88/USDJPY/data.bin
Discovery f3011b39 read time 6ms for .trainData-fx_c_88/USDJPY/data.bin with 3359 records
Over populated 54, expected 50.
Discovery f3011b39 scanning time 1s 53ms
Discovery f3011b39 recorded time 2s 100ms
Training 40f24c2a with 1 binary file, target error: 0.000001, iterations: 1, sample rate: 100%, sparse: 100%
Fine tuning increased fitness by 0.000002011702092352685 to 0.9964029144808987 adjusted 99 weights, 2 biases 
Fine tuning increased fitness by 9.158627467531488e-8 to 0.9964030060671734 adjusted 99 weights, 2 biases 
Training 31bec1af with 1 binary file, target error: 0.000001, iterations: 1, sample rate: 100%, sparse: 100%
Generation 50 score 0.9964032723406975  error 0.003587776862363934 avg time 1s 582ms
Fine tuning increased fitness by 3.809046665859128e-7 to 0.9964036532453641 adjusted 99 weights, 2 biases 
Training baa99df2 with 1 binary file, target error: 0.000001, iterations: 1, sample rate: 100%, sparse: 100%
Fine tuning increased fitness by 7.385989981845142e-7 to 0.9964043918443622 adjusted 99 weights, 2 biases 
Fine tuning increased fitness by 6.338882512224586e-7 to 0.9964050257326135 adjusted 99 weights, 2 biases 
Training f66c84d3 with 1 binary file, target error: 0.000001, iterations: 1, sample rate: 100%, sparse: 100%
Fine tuning increased fitness by 6.30920190647366e-7 to 0.9964056566528041 adjusted 99 weights, 2 biases 
Fine tuning increased fitness by 4.41235591286393e-7 to 0.9964060978883954 adjusted 99 weights, 2 biases 
Training bc71f5d4 with 1 binary file, target error: 0.000001, iterations: 1, sample rate: 100%, sparse: 100%
Discovered beneficial synapse from input-1375 to output-0 with weight 1.0000, helping 45.3% more records than it harms (2440/3359)
Discovery f3011b39 analyze time 13s 524ms found 1 candidates
Fine tuning increased fitness by 0.0000015245174646016935 to 0.9964083902731815 adjusted 1 weight 
Discovered harmful synapse from input-91 to output-0, harming 43.3% more records than it helps (952/3359)
Discovery f3011b39 analyze harmful time 871ms found 1 candidates
Discovery f3011b39 analyze squashes time 436ms found 2 candidates, Summary: output-0 Softplus -> BENT_IDENTITY improved: 46.4% error: 89.2801 -> 47.8539,output-2 LeakyReLU -> LogSigmoid improved: 26.4% error: 1.8650 -> 1.3726
Training f5d63eb9 with 1 binary file, target error: 0.000001, iterations: 1, sample rate: 100%, sparse: 100%
Fine tuning increased fitness by 0.000001892770114420017 to 0.9964102830432959 adjusted 1 weight 
Discovery f5d63eb9 with 1 binary files, sample rate: 100%, batch size: 512
Discovery f5d63eb9 initialize time 89ms
Discovery f5d63eb9 processing .trainData-fx_c_88/USDJPY/data.bin
Discovery f5d63eb9 read time 5ms for .trainData-fx_c_88/USDJPY/data.bin with 3359 records
Discovery f5d63eb9 scanning time 1s 292ms
Discovery f5d63eb9 recorded time 1s 896ms
Training 1e376e70 with 1 binary file, target error: 0.000001, iterations: 1, sample rate: 100%, sparse: 100%
Fine tuning increased fitness by 3.6718805773716667e-10 to 0.996410283410484 adjusted 1 weight 
Generation 60 score 0.996410283410484  error 0.003580755792723003 avg time 1s 359ms
Fine tuning increased fitness by 1.8836586479498152e-7 to 0.9964104717763488 adjusted 468 weights, 6 biases 
Training 1c934ba3 with 1 binary file, target error: 0.000001, iterations: 1, sample rate: 100%, sparse: 100%
Fine tuning increased fitness by 6.844945825701387e-7 to 0.9964111562709314 adjusted 378 weights, 6 biases 
Over populated 52, expected 50.
Training 2b58fdee with 1 binary file, target error: 0.000001, iterations: 1, sample rate: 100%, sparse: 100%
Fine tuning increased fitness by 0.0000018125725945727922 to 0.9964142896466007 adjusted 434 weights, 6 biases 
Over populated 52, expected 50.
Discovered beneficial synapse from input-1375 to output-0 with weight 1.0000, helping 45.0% more records than it harms (2435/3359)
Discovery f5d63eb9 analyze time 7s 243ms found 1 candidates
Discovered harmful synapse from input-91 to output-0, harming 43.0% more records than it helps (957/3359)
Discovery f5d63eb9 analyze harmful time 330ms found 1 candidates
Discovery f5d63eb9 analyze squashes time 232ms found 1 candidate, Summary: output-0 Softplus -> BENT_IDENTITY improved: 46.3% error: 89.3326 -> 47.9551
Training 82030c05 with 1 binary file, target error: 0.000001, iterations: 1, sample rate: 100%, sparse: 100%
Fine tuning increased fitness by 0.0000035110245802938422 to 0.9964194445840694 adjusted 432 weights, 6 biases 
Discovery 82030c05 with 1 binary files, sample rate: 100%, batch size: 512
Discovery 82030c05 initialize time 88ms
Discovery 82030c05 processing .trainData-fx_c_88/USDJPY/data.bin
Over populated 55, expected 50.
Discovery 82030c05 read time 5ms for .trainData-fx_c_88/USDJPY/data.bin with 3359 records
Discovery 82030c05 scanning time 1s 78ms
Discovery 82030c05 recorded time 2s 54ms
Training 70501719 with 1 binary file, target error: 0.000001, iterations: 1, sample rate: 100%, sparse: 100%
Fine tuning increased fitness by 1.7582822409156762e-7 to 0.9964203083691024 adjusted 224 weights, 3 biases 
Fine tuning increased fitness by 2.275993638001239e-8 to 0.9964203311290388 adjusted 224 weights, 3 biases 
Training 02b0492a with 1 binary file, target error: 0.000001, iterations: 1, sample rate: 100%, sparse: 100%
Generation 70 score 0.9964203954429489  error 0.003570643760294117 avg time 1s 521ms
Training 559e5ef9 with 1 binary file, target error: 0.000001, iterations: 1, sample rate: 100%, sparse: 100%
Fine tuning increased fitness by 2.8479968017247614e-7 to 0.9964209833893803 adjusted 254 weights, 4 biases 
Discovered beneficial synapse from input-1375 to output-0 with weight 1.0000, helping 45.3% more records than it harms (2441/3359)
Discovery 82030c05 analyze time 7s 613ms found 1 candidates
Discovered harmful synapse from input-91 to output-0, harming 43.4% more records than it helps (951/3359)
Discovery 82030c05 analyze harmful time 847ms found 1 candidates
Discovery 82030c05 analyze squashes time 411ms found 1 candidate, Summary: output-0 Softplus -> BENT_IDENTITY improved: 46.5% error: 89.4335 -> 47.8827
Training 0bb42400 with 1 binary file, target error: 0.000001, iterations: 1, sample rate: 100%, sparse: 100%
Fine tuning increased fitness by 7.737849321287626e-7 to 0.9964222707435497 adjusted 358 weights, 5 biases 
Discovery 0bb42400 with 1 binary files, sample rate: 100%, batch size: 512
Discovery 0bb42400 initialize time 88ms
Discovery 0bb42400 processing .trainData-fx_c_88/USDJPY/data.bin
Over populated 55, expected 50.
Discovery 0bb42400 read time 6ms for .trainData-fx_c_88/USDJPY/data.bin with 3359 records
Discovery 0bb42400 scanning time 1s 284ms
Discovery 0bb42400 recorded time 1s 957ms
Training 1202259a with 1 binary file, target error: 0.000001, iterations: 1, sample rate: 100%, sparse: 100%
Fine tuning increased fitness by 0.0000026483708616131807 to 0.9964278700090768 adjusted 403 weights, 6 biases 
Training dc4fc185 with 1 binary file, target error: 0.000001, iterations: 1, sample rate: 100%, sparse: 100%
Fine tuning increased fitness by 0.000004008842092950715 to 0.9964318788511698 adjusted 403 weights, 6 biases 
Fine tuning increased fitness by 0.0000026126276178040087 to 0.9964344914787876 adjusted 403 weights, 6 biases 
Training 300731ad with 1 binary file, target error: 0.000001, iterations: 1, sample rate: 100%, sparse: 100%
Fine tuning increased fitness by 1.6479405706704142e-7 to 0.9964346562728447 adjusted 403 weights, 6 biases 
Generation 80 score 0.9964346562728447  error 0.003556382930427549 avg time 1s 562ms
Training 960ca1b0 with 1 binary file, target error: 0.000001, iterations: 1, sample rate: 100%, sparse: 100%
Fine tuning increased fitness by 3.156095271794612e-7 to 0.9964356350790556 adjusted 403 weights, 6 biases 
Training 94417c2d with 1 binary file, target error: 0.000001, iterations: 1, sample rate: 100%, sparse: 100%
Discovered beneficial synapse from input-1375 to output-0 with weight 1.0000, helping 45.6% more records than it harms (2446/3359)
Discovery 0bb42400 analyze time 13s 551ms found 1 candidates
Discovered harmful synapse from input-91 to output-0, harming 43.7% more records than it helps (946/3359)
Discovery 0bb42400 analyze harmful time 322ms found 1 candidates
Discovery 0bb42400 analyze squashes time 248ms found 1 candidate, Summary: output-0 Softplus -> IDENTITY improved: 47.9% error: 87.7763 -> 45.7135
Over populated 52, expected 50.
Discovery 47b3d8dc with 1 binary files, sample rate: 100%, batch size: 512
Discovery 47b3d8dc initialize time 88ms
Discovery 47b3d8dc processing .trainData-fx_c_88/USDJPY/data.bin
Over populated 52, expected 50.
Discovery 47b3d8dc read time 5ms for .trainData-fx_c_88/USDJPY/data.bin with 3359 records
Discovery 47b3d8dc scanning time 1s 322ms
Training 05953117 with 1 binary file, target error: 0.000001, iterations: 1, sample rate: 100%, sparse: 100%
Discovery 47b3d8dc recorded time 1s 998ms
Training c198ca07 with 1 binary file, target error: 0.000001, iterations: 1, sample rate: 100%, sparse: 100%
Fine tuning increased fitness by 0.000010000973418189396 to 0.9964601125886462 adjusted 384 weights, 6 biases 
Fine tuning increased fitness by 0.000003747131587683583 to 0.9964638597202339 adjusted 384 weights, 6 biases 
Training c5878793 with 1 binary file, target error: 0.000001, iterations: 1, sample rate: 100%, sparse: 100%
Fine tuning increased fitness by 0.000001084476833002057 to 0.9964649441970669 adjusted 384 weights, 6 biases 
Generation 90 score 0.9964649441970669  error 0.0035260950061748873 avg time 1s 594ms
Fine tuning increased fitness by 3.429637239760197e-7 to 0.9964652871607909 adjusted 384 weights, 6 biases 
Training 74f7d2f1 with 1 binary file, target error: 0.000001, iterations: 1, sample rate: 100%, sparse: 100%
Fine tuning increased fitness by 0.0000013561472764767046 to 0.9964666433080673 adjusted 384 weights, 6 biases 
Over populated 52, expected 50.
Fine tuning increased fitness by 0.00000205659625540644 to 0.9964686999043227 adjusted 384 weights, 6 biases 
Training ff384e63 with 1 binary file, target error: 0.000001, iterations: 1, sample rate: 100%, sparse: 100%
Discovered beneficial synapse from input-1375 to output-0 with weight 1.0000, helping 45.4% more records than it harms (2442/3359)
Discovery 47b3d8dc analyze time 13s 497ms found 1 candidates
Fine tuning increased fitness by 0.000004907023852362968 to 0.9964768030214836 adjusted 380 weights, 6 biases 
Discovered harmful synapse from input-91 to output-0, harming 43.2% more records than it helps (954/3359)
Discovery 47b3d8dc analyze harmful time 856ms found 1 candidates
Discovery 47b3d8dc analyze squashes time 473ms found 2 candidates, Summary: output-2 LeakyReLU -> LogSigmoid improved: 26.7% error: 1.8693 -> 1.3695,output-0 Softplus -> BENT_IDENTITY improved: 46.7% error: 90.1794 -> 48.0688
Training d69c4929 with 1 binary file, target error: 0.000001, iterations: 1, sample rate: 100%, sparse: 100%
Discovery d69c4929 with 1 binary files, sample rate: 100%, batch size: 512
Discovery d69c4929 initialize time 85ms
Discovery d69c4929 processing .trainData-fx_c_88/USDJPY/data.bin
Over populated 54, expected 50.
Discovery d69c4929 read time 8ms for .trainData-fx_c_88/USDJPY/data.bin with 3359 records
Discovery d69c4929 scanning time 1s 84ms
Fine tuning increased fitness by 0.000002455503122833491 to 0.9964817847074067 adjusted 412 weights, 6 biases 
Discovery d69c4929 recorded time 1s 850ms
Generation 100 score 0.9965098015120151  error 0.00348122769136609 avg time 1s 537ms
Fine tuning increased fitness by 4.6887448779120433e-7 to 0.9965192372163525 adjusted 246 weights, 3 biases 
Discovered beneficial synapse from input-1375 to output-0 with weight 1.0000, helping 45.3% more records than it harms (2440/3359)
Discovery d69c4929 analyze time 14s 59ms found 1 candidates
Discovered harmful synapse from input-91 to output-0, harming 43.3% more records than it helps (952/3359)
Discovery d69c4929 analyze harmful time 914ms found 1 candidates
Discovery d69c4929 analyze squashes time 233ms found 1 candidate, Summary: output-0 Softplus -> BENT_IDENTITY improved: 46.8% error: 89.2902 -> 47.5042
Fine tuning increased fitness by 0.000002094651998629793 to 0.9965223210891274 adjusted 99 weights, 2 biases 
Generation 110 score 0.9965223210891274  error 0.0034687081141967615 avg time 1s 340ms
Fine tuning increased fitness by 2.2847680702930973e-7 to 0.9965225495659344 adjusted 99 weights, 2 biases 
Fine tuning increased fitness by 8.274503280336631e-7 to 0.9965233770162625 adjusted 99 weights, 2 biases 
Fine tuning increased fitness by 0.0000010712439032500853 to 0.9965244482601657 adjusted 99 weights, 2 biases 
Fine tuning increased fitness by 1.83300785994156e-7 to 0.9965246315609517 adjusted 99 weights, 2 biases 
Fine tuning increased fitness by 6.18562340237716e-8 to 0.9965246934171857 adjusted 1 weight 
Fine tuning increased fitness by 4.2520276188895423e-10 to 0.9965246938423885 adjusted 1 weight 
Fine tuning increased fitness by 3.8283110015413513e-10 to 0.9965246942252196 adjusted 1 weight 
Fine tuning increased fitness by 1.4233059175694507e-12 to 0.9965246942266429 adjusted 1 weight 
Fine tuning increased fitness by 7.355227538141662e-12 to 0.9965246942339981 adjusted 1 weight 
Generation 120 score 0.9965246942339981  error 0.0034663249692179856 avg time 1s 5ms
{
  error: 0.0034663249692179856,
  score: 0.9965246942339981,
  generation: 120,
  time: 180850
}

=== Processing USDKZT (4/10) ===
4 mutations, mutation rate 10.8%, elitism 4, mutation ALL, selection FITNESS_PROPORTIONATE
Creature count: 43
Training 20ac9a79 with 1 binary file, target error: 0.000001, iterations: 1, sample rate: 100%, sparse: 100%
Discovery 20ac9a79 with 1 binary files, sample rate: 100%, batch size: 512
Discovery 20ac9a79 initialize time 89ms
Discovery 20ac9a79 processing .trainData-fx_c_88/USDKZT/data.bin
Discovery 20ac9a79 read time 10ms for .trainData-fx_c_88/USDKZT/data.bin with 2800 records
Discovery 20ac9a79 scanning time 916ms
Training 73d7187f with 1 binary file, target error: 0.000001, iterations: 1, sample rate: 100%, sparse: 100%
Discovery 20ac9a79 recorded time 1s 600ms
Training 08e5e200 with 1 binary file, target error: 0.000001, iterations: 1, sample rate: 100%, sparse: 100%
Training 20ac9a79 increased fitness by 5.436355405841198e-7 to 0.9943366021293091
Training b245aa3f with 1 binary file, target error: 0.000001, iterations: 1, sample rate: 100%, sparse: 100%
Training 73d7187f increased fitness by 8.717667294710907e-7 to 0.9943374738960385
Training 42788561 with 1 binary file, target error: 0.000001, iterations: 1, sample rate: 100%, sparse: 100%
Fine tuning increased fitness by 8.774963573543459e-7 to 0.9943383513923959 adjusted 572 weights, 9 biases 
Discovered beneficial synapse from input-1475 to output-0 with weight 1.0000, helping 27.0% more records than it harms (1778/2800)
Discovery 20ac9a79 analyze time 5s 285ms found 1 candidates
Discovery 20ac9a79 analyze harmful time 93ms found 0 candidates
Discovery 20ac9a79 analyze squashes time 347ms found 1 candidate, Summary: output-0 LOGISTIC -> LogSigmoid improved: 43.4% error: 118.6296 -> 67.1622
Training 1aab5da1 with 1 binary file, target error: 0.000001, iterations: 1, sample rate: 100%, sparse: 100%
Fine tuning increased fitness by 0.0000014673373143203605 to 0.9943398187297102 adjusted 525 weights, 9 biases 
Discovery 1aab5da1 with 1 binary files, sample rate: 100%, batch size: 512
Discovery 1aab5da1 initialize time 86ms
Discovery 1aab5da1 processing .trainData-fx_c_88/USDKZT/data.bin
Discovery 1aab5da1 read time 4ms for .trainData-fx_c_88/USDKZT/data.bin with 2800 records
Discovery 1aab5da1 scanning time 885ms
Over populated 54, expected 50.
Training 73c6688e with 1 binary file, target error: 0.000001, iterations: 1, sample rate: 100%, sparse: 100%
Discovery 1aab5da1 recorded time 1s 644ms
Training 42788561 increased fitness by 0.000003474352705978845 to 0.9943432930824162
Training de90c2c1 with 1 binary file, target error: 0.000001, iterations: 1, sample rate: 100%, sparse: 100%
Fine tuning increased fitness by 0.000002486409601210049 to 0.9943457794920174 adjusted 885 weights, 9 biases 
Training 61cdde30 with 1 binary file, target error: 0.000001, iterations: 1, sample rate: 100%, sparse: 100%
Fine tuning increased fitness by 9.040938865334525e-7 to 0.994346683585904 adjusted 869 weights, 9 biases 
Training e3a575ad with 1 binary file, target error: 0.000001, iterations: 1, sample rate: 100%, sparse: 100%
Fine tuning increased fitness by 0.000002184905225521838 to 0.9943488684911295 adjusted 878 weights, 9 biases 
Over populated 52, expected 50.
Generation 10 score 0.9943488684911295  error 0.00564176061972121 avg time 1s 633ms
Training 78e77dd0 with 1 binary file, target error: 0.000001, iterations: 1, sample rate: 100%, sparse: 100%
Fine tuning increased fitness by 4.813053852137372e-7 to 0.9943493497965147 adjusted 878 weights, 9 biases 
Training 40d14a2b with 1 binary file, target error: 0.000001, iterations: 1, sample rate: 100%, sparse: 100%
Training dd6109dc with 1 binary file, target error: 0.000001, iterations: 1, sample rate: 100%, sparse: 100%
Fine tuning increased fitness by 5.108200673564767e-7 to 0.9943517531634815 adjusted 878 weights, 9 biases 
Training 9be1b7fa with 1 binary file, target error: 0.000001, iterations: 1, sample rate: 100%, sparse: 100%
Fine tuning increased fitness by 0.000008827559138113727 to 0.9943605807226196 adjusted 870 weights, 9 biases 
Training a90ff062 with 1 binary file, target error: 0.000001, iterations: 1, sample rate: 100%, sparse: 100%
Fine tuning increased fitness by 0.000009442233426137925 to 0.9943700229560457 adjusted 870 weights, 9 biases 
Over populated 52, expected 50.
Training 427c7dda with 1 binary file, target error: 0.000001, iterations: 1, sample rate: 100%, sparse: 100%
Discovered beneficial synapse from input-55 to output-2 with weight 1.0000, helping 40.5% more records than it harms (1967/2800)
Discovery 1aab5da1 analyze time 14s 575ms found 1 candidates
Fine tuning increased fitness by 0.000013348440920935012 to 0.9943833713969666 adjusted 870 weights, 9 biases 
Discovery 1aab5da1 analyze harmful time 92ms found 0 candidates
Discovery 1aab5da1 analyze squashes time 449ms found 2 candidates, Summary: output-0 LOGISTIC -> LogSigmoid improved: 43.4% error: 118.9403 -> 67.3026,output-2 LeakyReLU -> GELU improved: 1.3% error: 4.7603 -> 4.6962
Over populated 52, expected 50.
Training 159c6285 with 1 binary file, target error: 0.000001, iterations: 1, sample rate: 100%, sparse: 100%
Fine tuning increased fitness by 0.00001156465876295254 to 0.9943949360557296 adjusted 870 weights, 9 biases 
Discovery 159c6285 with 1 binary files, sample rate: 100%, batch size: 512
Discovery 159c6285 initialize time 89ms
Discovery 159c6285 processing .trainData-fx_c_88/USDKZT/data.bin
Discovery 159c6285 read time 5ms for .trainData-fx_c_88/USDKZT/data.bin with 2800 records
Discovery 159c6285 scanning time 862ms
Over populated 52, expected 50.
Training 23ddfb6e with 1 binary file, target error: 0.000001, iterations: 1, sample rate: 100%, sparse: 100%
Discovery 159c6285 recorded time 1s 573ms
Over populated 52, expected 50.
Training 99cc7549 with 1 binary file, target error: 0.000001, iterations: 1, sample rate: 100%, sparse: 100%
Fine tuning increased fitness by 0.00001527615082186351 to 0.9944313446233488 adjusted 861 weights, 9 biases 
Training b390ce2c with 1 binary file, target error: 0.000001, iterations: 1, sample rate: 100%, sparse: 100%
Over populated 52, expected 50.
Generation 20 score 0.9944605424042418  error 0.005530086707117205 avg time 1s 638ms
Training 01e647ed with 1 binary file, target error: 0.000001, iterations: 1, sample rate: 100%, sparse: 100%
Fine tuning increased fitness by 0.000025110328454647224 to 0.9944856527326964 adjusted 850 weights, 9 biases 
Discovered beneficial synapse from input-1475 to output-0 with weight 1.0000, helping 27.8% more records than it harms (1789/2800)
Discovery 159c6285 analyze time 5s 301ms found 1 candidates
Discovery 159c6285 analyze harmful time 97ms found 0 candidates
Discovery 159c6285 analyze squashes time 357ms found 2 candidates, Summary: output-0 LOGISTIC -> LogSigmoid improved: 44.8% error: 122.4566 -> 67.5387,output-2 LeakyReLU -> GELU improved: 1.3% error: 4.7536 -> 4.6928
Training 0083c6c7 with 1 binary file, target error: 0.000001, iterations: 1, sample rate: 100%, sparse: 100%
Fine tuning increased fitness by 0.00003177250014618771 to 0.9945174252328426 adjusted 849 weights, 9 biases 
Discovery 0083c6c7 with 1 binary files, sample rate: 100%, batch size: 512
Discovery 0083c6c7 initialize time 90ms
Discovery 0083c6c7 processing .trainData-fx_c_88/USDKZT/data.bin
Discovery 0083c6c7 read time 4ms for .trainData-fx_c_88/USDKZT/data.bin with 2800 records
Discovery 0083c6c7 scanning time 865ms
Over populated 54, expected 50.
Training 3e508777 with 1 binary file, target error: 0.000001, iterations: 1, sample rate: 100%, sparse: 100%
Fine tuning increased fitness by 0.00010240616785262002 to 0.9946198314006952 adjusted 836 weights, 9 biases 
Discovery 0083c6c7 recorded time 1s 636ms
Training 89200ea9 with 1 binary file, target error: 0.000001, iterations: 1, sample rate: 100%, sparse: 100%
Over populated 52, expected 50.
Training a3879be3 with 1 binary file, target error: 0.000001, iterations: 1, sample rate: 100%, sparse: 100%
Fine tuning increased fitness by 2.0823327362418098e-7 to 0.9946200396339688 adjusted 271 weights, 8 biases 
Over populated 52, expected 50.
Training 24be234a with 1 binary file, target error: 0.000001, iterations: 1, sample rate: 100%, sparse: 100%
Fine tuning increased fitness by 2.673980072920301e-7 to 0.9946203070319761 adjusted 271 weights, 8 biases 
Discovered beneficial synapse from input-1475 to output-0 with weight 1.0000, helping 26.2% more records than it harms (1767/2800)
Discovery 0083c6c7 analyze time 5s 284ms found 1 candidates
Discovery 0083c6c7 analyze harmful time 94ms found 0 candidates
Discovery 0083c6c7 analyze squashes time 352ms found 2 candidates, Summary: output-2 LeakyReLU -> GELU improved: 1.2% error: 4.7319 -> 4.6758,output-0 LOGISTIC -> LogSigmoid improved: 45.5% error: 125.4649 -> 68.3940
Training 4a0b175b with 1 binary file, target error: 0.000001, iterations: 1, sample rate: 100%, sparse: 100%
Discovery 4a0b175b with 1 binary files, sample rate: 100%, batch size: 512
Discovery 4a0b175b initialize time 90ms
Discovery 4a0b175b processing .trainData-fx_c_88/USDKZT/data.bin
Discovery 4a0b175b read time 7ms for .trainData-fx_c_88/USDKZT/data.bin with 2800 records
Discovery 4a0b175b scanning time 972ms
Over populated 54, expected 50.
Training 6ab9162e with 1 binary file, target error: 0.000001, iterations: 1, sample rate: 100%, sparse: 100%
Discovery 4a0b175b recorded time 1s 711ms
Fine tuning increased fitness by 0.000015227964839659158 to 0.9946529561921897 adjusted 234 weights, 6 biases 
Over populated 52, expected 50.
Training f499f136 with 1 binary file, target error: 0.000001, iterations: 1, sample rate: 100%, sparse: 100%
Fine tuning increased fitness by 0.00001358714795662852 to 0.9946665433401464 adjusted 234 weights, 6 biases 
Training 89bdbd52 with 1 binary file, target error: 0.000001, iterations: 1, sample rate: 100%, sparse: 100%
Fine tuning increased fitness by 0.000009731928560907654 to 0.9946762752687073 adjusted 234 weights, 6 biases 
Generation 30 score 0.9946762752687073  error 0.005314353842801959 avg time 1s 666ms
Training 0d9b57c3 with 1 binary file, target error: 0.000001, iterations: 1, sample rate: 100%, sparse: 100%
Fine tuning increased fitness by 0.000006484591848154864 to 0.9946827598605554 adjusted 234 weights, 6 biases 
Discovered beneficial synapse from input-1475 to output-0 with weight 1.0000, helping 31.4% more records than it harms (1840/2800)
Discovery 4a0b175b analyze time 5s 792ms found 1 candidates
Discovered harmful synapse from input-1348 to output-2, harming 38.7% more records than it helps (858/2800)
Discovery 4a0b175b analyze harmful time 498ms found 1 candidates
Training 0a1d7b90 with 1 binary file, target error: 0.000001, iterations: 1, sample rate: 100%, sparse: 100%
Fine tuning increased fitness by 0.00000940606296429003 to 0.9946921659235197 adjusted 234 weights, 6 biases 
Discovery 4a0b175b analyze squashes time 226ms found 1 candidate, Summary: output-0 LOGISTIC -> LogSigmoid improved: 45.0% error: 126.1690 -> 69.3917
Training a3a42990 with 1 binary file, target error: 0.000001, iterations: 1, sample rate: 100%, sparse: 100%
Discovery a3a42990 with 1 binary files, sample rate: 100%, batch size: 512
Discovery a3a42990 initialize time 92ms
Discovery a3a42990 processing .trainData-fx_c_88/USDKZT/data.bin
Discovery a3a42990 read time 5ms for .trainData-fx_c_88/USDKZT/data.bin with 2800 records
Discovery a3a42990 scanning time 869ms
Over populated 55, expected 50.
Training ecdae34a with 1 binary file, target error: 0.000001, iterations: 1, sample rate: 100%, sparse: 100%
Discovery a3a42990 recorded time 1s 591ms
Training e32975b5 with 1 binary file, target error: 0.000001, iterations: 1, sample rate: 100%, sparse: 100%
Fine tuning increased fitness by 0.0000013829012384114492 to 0.9946953274031199 adjusted 610 weights, 9 biases 
Training 22f3ba5d with 1 binary file, target error: 0.000001, iterations: 1, sample rate: 100%, sparse: 100%
Fine tuning increased fitness by 0.000001926645795458093 to 0.9946972540489154 adjusted 610 weights, 9 biases 
Over populated 52, expected 50.
Training 22942e2d with 1 binary file, target error: 0.000001, iterations: 1, sample rate: 100%, sparse: 100%
Fine tuning increased fitness by 0.000003185181954301619 to 0.9947004392308697 adjusted 610 weights, 9 biases 
Training 1b9a0b4a with 1 binary file, target error: 0.000001, iterations: 1, sample rate: 100%, sparse: 100%
Over populated 52, expected 50.
Training 564ea3c5 with 1 binary file, target error: 0.000001, iterations: 1, sample rate: 100%, sparse: 100%
Over populated 52, expected 50.
Training e1c57d93 with 1 binary file, target error: 0.000001, iterations: 1, sample rate: 100%, sparse: 100%
Fine tuning increased fitness by 5.660334104762299e-7 to 0.9947052477371743 adjusted 583 weights, 9 biases 
Generation 40 score 0.9947052477371743  error 0.005285371374296069 avg time 1s 577ms
Training 4b6df0c1 with 1 binary file, target error: 0.000001, iterations: 1, sample rate: 100%, sparse: 100%
Training 47d4b693 with 1 binary file, target error: 0.000001, iterations: 1, sample rate: 100%, sparse: 100%
Remove neuron 6c42ff62-1376-440a-9455-f3adf2afb041 as no longer connected
Over populated 52, expected 50.
Training cf937aa9 with 1 binary file, target error: 0.000001, iterations: 1, sample rate: 100%, sparse: 100%
Fine tuning increased fitness by 0.0000037943193457179447 to 0.9947210652220783 adjusted 578 weights, 8 biases 
Over populated 52, expected 50.
Discovered beneficial synapse from input-55 to output-2 with weight 1.0000, helping 42.8% more records than it harms (1999/2800)
Discovery a3a42990 analyze time 15s 80ms found 1 candidates
Training 7f5d9b24 with 1 binary file, target error: 0.000001, iterations: 1, sample rate: 100%, sparse: 100%
Discovered harmful synapse from input-1348 to output-2, harming 41.1% more records than it helps (824/2800)
Discovery a3a42990 analyze harmful time 449ms found 1 candidates
Fine tuning increased fitness by 0.0000042979804546483535 to 0.9947253632025329 adjusted 578 weights, 8 biases 
Discovery a3a42990 analyze squashes time 358ms found 2 candidates, Summary: output-0 LOGISTIC -> LogSigmoid improved: 45.0% error: 126.1567 -> 69.3858,output-4 GELU -> SQUARE improved: 12.1% error: 0.0196 -> 0.0173
Training 9bc81586 with 1 binary file, target error: 0.000001, iterations: 1, sample rate: 100%, sparse: 100%
Fine tuning increased fitness by 0.000002230491000454471 to 0.9947275936935334 adjusted 578 weights, 8 biases 
Discovery 9bc81586 with 1 binary files, sample rate: 100%, batch size: 512
Discovery 9bc81586 initialize time 81ms
Discovery 9bc81586 processing .trainData-fx_c_88/USDKZT/data.bin
Discovery 9bc81586 read time 10ms for .trainData-fx_c_88/USDKZT/data.bin with 2800 records
Discovery 9bc81586 scanning time 889ms
Over populated 54, expected 50.
Training de37f971 with 1 binary file, target error: 0.000001, iterations: 1, sample rate: 100%, sparse: 100%
Fine tuning increased fitness by 6.475411791218022e-7 to 0.9947282412347125 adjusted 578 weights, 8 biases 
Discovery 9bc81586 recorded time 1s 615ms
Over populated 52, expected 50.
Training f69db3fa with 1 binary file, target error: 0.000001, iterations: 1, sample rate: 100%, sparse: 100%
Fine tuning increased fitness by 0.0000011091442392308082 to 0.9947293503789517 adjusted 1 weight 
Fine tuning increased fitness by 0.0000023946202801772287 to 0.9947317449992319 adjusted 1 weight 
Training 52df3e4a with 1 binary file, target error: 0.000001, iterations: 1, sample rate: 100%, sparse: 100%
Discovered beneficial synapse from input-1006 to output-0 with weight 1.0000, helping 38.2% more records than it harms (1935/2800)
Discovery 9bc81586 analyze time 5s 221ms found 1 candidates
Discovered harmful synapse from input-1316 to output-0, harming 36.2% more records than it helps (893/2800)
Discovery 9bc81586 analyze harmful time 99ms found 1 candidates
Fine tuning increased fitness by 1.8330464846005867e-7 to 0.9947335194652467 adjusted 237 weights, 4 biases 
Discovery 9bc81586 analyze squashes time 358ms found 2 candidates, Summary: output-0 LOGISTIC -> LogSigmoid improved: 44.1% error: 126.0003 -> 70.4463,output-2 LeakyReLU -> GELU improved: 1.7% error: 4.7744 -> 4.6931
SWAP_NODES didn't mutate the creature. 1515 observations, 2 neurons, 5 outputs, 879 synapses
UUID didn't change after SWAP_NODES mutation, changed: false
Generation 50 score 0.9947335194652467  error 0.005257089646317279 avg time 1s 480ms
Training 69b24825 with 1 binary file, target error: 0.000001, iterations: 1, sample rate: 100%, sparse: 100%
Discovery 69b24825 with 1 binary files, sample rate: 100%, batch size: 512
Discovery 69b24825 initialize time 84ms
Discovery 69b24825 processing .trainData-fx_c_88/USDKZT/data.bin
Discovery 69b24825 read time 3ms for .trainData-fx_c_88/USDKZT/data.bin with 2800 records
Discovery 69b24825 scanning time 872ms
Over populated 53, expected 50.
Training e43004b6 with 1 binary file, target error: 0.000001, iterations: 1, sample rate: 100%, sparse: 100%
Fine tuning increased fitness by 1.9659854577636082e-7 to 0.9947338519054258 adjusted 676 weights, 9 biases 
Discovery 69b24825 recorded time 1s 577ms
Training dcb203d3 with 1 binary file, target error: 0.000001, iterations: 1, sample rate: 100%, sparse: 100%
Over populated 52, expected 50.
Training 9aca179a with 1 binary file, target error: 0.000001, iterations: 1, sample rate: 100%, sparse: 100%
Fine tuning increased fitness by 3.7495028148981646e-7 to 0.9947346064352779 adjusted 674 weights, 9 biases 
Over populated 52, expected 50.
Training ce604093 with 1 binary file, target error: 0.000001, iterations: 1, sample rate: 100%, sparse: 100%
Discovered beneficial synapse from input-1372 to output-0 with weight 1.0000, helping 38.1% more records than it harms (1933/2800)
Discovery 69b24825 analyze time 5s 618ms found 1 candidates
Discovered harmful synapse from input-1316 to output-0, harming 35.7% more records than it helps (900/2800)
Discovery 69b24825 analyze harmful time 116ms found 1 candidates
Training 99685cdf with 1 binary file, target error: 0.000001, iterations: 1, sample rate: 100%, sparse: 100%
Discovery 69b24825 analyze squashes time 373ms found 2 candidates, Summary: output-0 LOGISTIC -> LogSigmoid improved: 44.0% error: 125.2703 -> 70.2100,output-2 LeakyReLU -> GELU improved: 1.7% error: 4.7748 -> 4.6933
Over populated 52, expected 50.
Training eb8c3c26 with 1 binary file, target error: 0.000001, iterations: 1, sample rate: 100%, sparse: 100%
Fine tuning increased fitness by 3.3887224359929746e-8 to 0.994735080512143 adjusted 598 weights, 9 biases 
Discovery eb8c3c26 with 1 binary files, sample rate: 100%, batch size: 512
Discovery eb8c3c26 initialize time 80ms
Discovery eb8c3c26 processing .trainData-fx_c_88/USDKZT/data.bin
Discovery eb8c3c26 read time 8ms for .trainData-fx_c_88/USDKZT/data.bin with 2800 records
Discovery eb8c3c26 scanning time 918ms
Over populated 56, expected 50.
Training f9be53d0 with 1 binary file, target error: 0.000001, iterations: 1, sample rate: 100%, sparse: 100%
Discovery eb8c3c26 recorded time 1s 639ms
Over populated 52, expected 50.
Training 3084bfef with 1 binary file, target error: 0.000001, iterations: 1, sample rate: 100%, sparse: 100%
Fine tuning increased fitness by 3.55536398988221e-7 to 0.9947357717360132 adjusted 774 weights, 9 biases 
Over populated 52, expected 50.
Training 97f51342 with 1 binary file, target error: 0.000001, iterations: 1, sample rate: 100%, sparse: 100%
Fine tuning increased fitness by 3.9517565586510983e-7 to 0.9947361669116691 adjusted 758 weights, 9 biases 
Generation 60 score 0.9947361669116691  error 0.005254442199892073 avg time 1s 580ms
Training bbba0444 with 1 binary file, target error: 0.000001, iterations: 1, sample rate: 100%, sparse: 100%
Fine tuning increased fitness by 6.684089388642178e-7 to 0.994736835320608 adjusted 758 weights, 9 biases 
Discovered beneficial synapse from input-1372 to output-0 with weight 1.0000, helping 39.3% more records than it harms (1950/2800)
Discovery eb8c3c26 analyze time 5s 714ms found 1 candidates
Discovered harmful synapse from input-1316 to output-0, harming 36.8% more records than it helps (885/2800)
Discovery eb8c3c26 analyze harmful time 94ms found 1 candidates
Over populated 52, expected 50.
Discovery eb8c3c26 analyze squashes time 213ms found 1 candidate, Summary: output-0 LOGISTIC -> LogSigmoid improved: 43.8% error: 125.0809 -> 70.2467
Training b10ebb53 with 1 binary file, target error: 0.000001, iterations: 1, sample rate: 100%, sparse: 100%
Fine tuning increased fitness by 0.0000010474363022483502 to 0.9947378827569102 adjusted 758 weights, 9 biases 
Discovery b10ebb53 with 1 binary files, sample rate: 100%, batch size: 512
Discovery b10ebb53 initialize time 89ms
Discovery b10ebb53 processing .trainData-fx_c_88/USDKZT/data.bin
Discovery b10ebb53 read time 3ms for .trainData-fx_c_88/USDKZT/data.bin with 2800 records
Discovery b10ebb53 scanning time 870ms
Over populated 56, expected 50.
Training 402bf43d with 1 binary file, target error: 0.000001, iterations: 1, sample rate: 100%, sparse: 100%
Discovery b10ebb53 recorded time 1s 532ms
Fine tuning increased fitness by 0.0000012059302475497802 to 0.9947390886871578 adjusted 758 weights, 9 biases 
Training 2b08242f with 1 binary file, target error: 0.000001, iterations: 1, sample rate: 100%, sparse: 100%
Fine tuning increased fitness by 0.0000019921447519388735 to 0.9947410808319097 adjusted 758 weights, 9 biases 
Training 588d84a1 with 1 binary file, target error: 0.000001, iterations: 1, sample rate: 100%, sparse: 100%
Fine tuning increased fitness by 0.000002905295121702345 to 0.9947439861270314 adjusted 758 weights, 9 biases 
Over populated 52, expected 50.
Training 0fb530d5 with 1 binary file, target error: 0.000001, iterations: 1, sample rate: 100%, sparse: 100%
Fine tuning increased fitness by 0.000002921387616039439 to 0.9947469075146474 adjusted 758 weights, 9 biases 
Discovered beneficial synapse from input-1372 to output-0 with weight 1.0000, helping 39.9% more records than it harms (1958/2800)
Discovery b10ebb53 analyze time 5s 261ms found 1 candidates
Discovered harmful synapse from input-1348 to output-2, harming 40.1% more records than it helps (839/2800)
Discovery b10ebb53 analyze harmful time 421ms found 1 candidates
Discovery b10ebb53 analyze squashes time 208ms found 1 candidate, Summary: output-0 LOGISTIC -> LogSigmoid improved: 43.9% error: 124.4000 -> 69.8317
Over populated 52, expected 50.
Training 53dcc769 with 1 binary file, target error: 0.000001, iterations: 1, sample rate: 100%, sparse: 100%
Fine tuning increased fitness by 0.000004845217043358829 to 0.9947517527316908 adjusted 758 weights, 9 biases 
Discovery 53dcc769 with 1 binary files, sample rate: 100%, batch size: 512
Discovery 53dcc769 initialize time 89ms
Discovery 53dcc769 processing .trainData-fx_c_88/USDKZT/data.bin
Discovery 53dcc769 read time 6ms for .trainData-fx_c_88/USDKZT/data.bin with 2800 records
Discovery 53dcc769 scanning time 879ms
Over populated 55, expected 50.
Training b9cd8c2e with 1 binary file, target error: 0.000001, iterations: 1, sample rate: 100%, sparse: 100%
Discovery 53dcc769 recorded time 1s 583ms
Fine tuning increased fitness by 0.000022934608432945147 to 0.9947746873401238 adjusted 787 weights, 9 biases 
Over populated 52, expected 50.
Training d04de2ae with 1 binary file, target error: 0.000001, iterations: 1, sample rate: 100%, sparse: 100%
Fine tuning increased fitness by 0.000031402015484460755 to 0.9948060893556082 adjusted 787 weights, 9 biases 
Training cffd452b with 1 binary file, target error: 0.000001, iterations: 1, sample rate: 100%, sparse: 100%
Fine tuning increased fitness by 0.000004406281190139083 to 0.9948104956367984 adjusted 787 weights, 9 biases 
Generation 70 score 0.9948104956367984  error 0.005180113474790213 avg time 1s 634ms
Training ba32fda3 with 1 binary file, target error: 0.000001, iterations: 1, sample rate: 100%, sparse: 100%
Fine tuning increased fitness by 0.0000018514755422138762 to 0.9948123471123406 adjusted 787 weights, 9 biases 
Discovered beneficial synapse from input-1372 to output-0 with weight 1.0000, helping 39.9% more records than it harms (1959/2800)
Discovery 53dcc769 analyze time 5s 356ms found 1 candidates
Discovered harmful synapse from input-1348 to output-2, harming 40.0% more records than it helps (840/2800)
Discovery 53dcc769 analyze harmful time 424ms found 1 candidates
Over populated 52, expected 50.
Discovery 53dcc769 analyze squashes time 356ms found 2 candidates, Summary: output-2 LeakyReLU -> GELU improved: 1.7% error: 4.7861 -> 4.7026,output-0 LOGISTIC -> LogSigmoid improved: 43.8% error: 124.9678 -> 70.1758
Training 821efddf with 1 binary file, target error: 0.000001, iterations: 1, sample rate: 100%, sparse: 100%
Fine tuning increased fitness by 8.741866935890741e-7 to 0.9948132212990342 adjusted 787 weights, 9 biases 
Discovery 821efddf with 1 binary files, sample rate: 100%, batch size: 512
Discovery 821efddf initialize time 79ms
Discovery 821efddf processing .trainData-fx_c_88/USDKZT/data.bin
Discovery 821efddf read time 5ms for .trainData-fx_c_88/USDKZT/data.bin with 2800 records
Discovery 821efddf scanning time 914ms
Over populated 55, expected 50.
Training d721f667 with 1 binary file, target error: 0.000001, iterations: 1, sample rate: 100%, sparse: 100%
Discovery 821efddf recorded time 1s 563ms
Training 96f792ed with 1 binary file, target error: 0.000001, iterations: 1, sample rate: 100%, sparse: 100%
Fine tuning increased fitness by 3.3696493950685635e-7 to 0.9948142377610111 adjusted 727 weights, 9 biases 
Training 6867e0b4 with 1 binary file, target error: 0.000001, iterations: 1, sample rate: 100%, sparse: 100%
Fine tuning increased fitness by 4.595696152520645e-7 to 0.9948146973306263 adjusted 727 weights, 9 biases 
Over populated 52, expected 50.
Training a8a49a68 with 1 binary file, target error: 0.000001, iterations: 1, sample rate: 100%, sparse: 100%
Fine tuning increased fitness by 5.700677659925546e-7 to 0.9948152673983923 adjusted 727 weights, 9 biases 
Training 2cfb4a31 with 1 binary file, target error: 0.000001, iterations: 1, sample rate: 100%, sparse: 100%
Over populated 52, expected 50.
Training 4fad6ee8 with 1 binary file, target error: 0.000001, iterations: 1, sample rate: 100%, sparse: 100%
Over populated 52, expected 50.
Training a96ea169 with 1 binary file, target error: 0.000001, iterations: 1, sample rate: 100%, sparse: 100%
Fine tuning increased fitness by 7.039768340488806e-7 to 0.9948223568421973 adjusted 351 weights, 3 biases 
Discovered beneficial synapse from input-1372 to output-0 with weight 1.0000, helping 41.6% more records than it harms (1983/2800)
Discovery 821efddf analyze time 10s 405ms found 1 candidates
Discovered harmful synapse from input-1316 to output-0, harming 38.6% more records than it helps (860/2800)
Discovery 821efddf analyze harmful time 111ms found 1 candidates
Discovery 821efddf analyze squashes time 222ms found 1 candidate, Summary: output-0 LOGISTIC -> LogSigmoid improved: 43.7% error: 124.6539 -> 70.1551
Training d882321f with 1 binary file, target error: 0.000001, iterations: 1, sample rate: 100%, sparse: 100%
Fine tuning increased fitness by 8.010197946051179e-7 to 0.9948231578619919 adjusted 351 weights, 3 biases 
Discovery d882321f with 1 binary files, sample rate: 100%, batch size: 512
Discovery d882321f initialize time 78ms
Discovery d882321f processing .trainData-fx_c_88/USDKZT/data.bin
Discovery d882321f read time 4ms for .trainData-fx_c_88/USDKZT/data.bin with 2800 records
Discovery d882321f scanning time 945ms
Over populated 54, expected 50.
Generation 80 score 0.9948231578619919  error 0.005167451249616215 avg time 1s 634ms
Training 89b8ff5c with 1 binary file, target error: 0.000001, iterations: 1, sample rate: 100%, sparse: 100%
Discovery d882321f recorded time 1s 610ms
Fine tuning increased fitness by 8.84091404640408e-7 to 0.9948240419533966 adjusted 351 weights, 3 biases 
Over populated 52, expected 50.
Training 408aa8c5 with 1 binary file, target error: 0.000001, iterations: 1, sample rate: 100%, sparse: 100%
Fine tuning increased fitness by 0.0000011161279258598 to 0.9948251580813224 adjusted 351 weights, 3 biases 
Training f40c4151 with 1 binary file, target error: 0.000001, iterations: 1, sample rate: 100%, sparse: 100%
Fine tuning increased fitness by 0.0000012545704970445826 to 0.9948264126518195 adjusted 351 weights, 3 biases 
Training eb6227c9 with 1 binary file, target error: 0.000001, iterations: 1, sample rate: 100%, sparse: 100%
Discovered beneficial synapse from input-1372 to output-0 with weight 1.0000, helping 41.8% more records than it harms (1985/2800)
Discovery d882321f analyze time 5s 636ms found 1 candidates
Discovered harmful synapse from input-1316 to output-0, harming 38.4% more records than it helps (862/2800)
Discovery d882321f analyze harmful time 92ms found 1 candidates
Discovery d882321f analyze squashes time 215ms found 1 candidate, Summary: output-0 LOGISTIC -> LogSigmoid improved: 43.6% error: 124.5951 -> 70.2263
Training 0a12b004 with 1 binary file, target error: 0.000001, iterations: 1, sample rate: 100%, sparse: 100%
Fine tuning increased fitness by 0.0000034487021203233326 to 0.994831989577794 adjusted 351 weights, 3 biases 
Discovery 0a12b004 with 1 binary files, sample rate: 100%, batch size: 512
Discovery 0a12b004 initialize time 78ms
Discovery 0a12b004 processing .trainData-fx_c_88/USDKZT/data.bin
Discovery 0a12b004 read time 7ms for .trainData-fx_c_88/USDKZT/data.bin with 2800 records
Discovery 0a12b004 scanning time 903ms
Training 23fedfbd with 1 binary file, target error: 0.000001, iterations: 1, sample rate: 100%, sparse: 100%
Fine tuning increased fitness by 0.0000058046938629097156 to 0.9948377942716569 adjusted 351 weights, 3 biases 
Discovery 0a12b004 recorded time 1s 547ms
Training 301d56ad with 1 binary file, target error: 0.000001, iterations: 1, sample rate: 100%, sparse: 100%
Fine tuning increased fitness by 0.000009706943843279525 to 0.9948475012155001 adjusted 351 weights, 3 biases 
Training ede1cc15 with 1 binary file, target error: 0.000001, iterations: 1, sample rate: 100%, sparse: 100%
Fine tuning increased fitness by 0.00001306694920488738 to 0.994860568164705 adjusted 351 weights, 3 biases 
Training 56a82350 with 1 binary file, target error: 0.000001, iterations: 1, sample rate: 100%, sparse: 100%
Fine tuning increased fitness by 0.000011852327879924296 to 0.994872420492585 adjusted 351 weights, 3 biases 
Discovered beneficial synapse from input-1372 to output-0 with weight 1.0000, helping 41.8% more records than it harms (1985/2800)
Discovery 0a12b004 analyze time 5s 775ms found 1 candidates
Training 956c8a29 with 1 binary file, target error: 0.000001, iterations: 1, sample rate: 100%, sparse: 100%
Discovered harmful synapse from input-1348 to output-2, harming 39.2% more records than it helps (851/2800)
Discovery 0a12b004 analyze harmful time 463ms found 1 candidates
Discovery 0a12b004 analyze squashes time 190ms found 1 candidate, Summary: output-0 LOGISTIC -> LogSigmoid improved: 43.6% error: 124.4033 -> 70.1225
Generation 90 score 0.9948767326344049  error 0.005113876476791347 avg time 1s 585ms
Training b2786ef8 with 1 binary file, target error: 0.000001, iterations: 1, sample rate: 100%, sparse: 100%
Fine tuning increased fitness by 8.221868245117392e-7 to 0.9948775548212294 adjusted 339 weights, 2 biases 
Discovery b2786ef8 with 1 binary files, sample rate: 100%, batch size: 512
Discovery b2786ef8 initialize time 81ms
Discovery b2786ef8 processing .trainData-fx_c_88/USDKZT/data.bin
Discovery b2786ef8 read time 4ms for .trainData-fx_c_88/USDKZT/data.bin with 2800 records
Discovery b2786ef8 scanning time 938ms
Over populated 52, expected 50.
Training f333be56 with 1 binary file, target error: 0.000001, iterations: 1, sample rate: 100%, sparse: 100%
Discovery b2786ef8 recorded time 1s 615ms
Training 6cb04daa with 1 binary file, target error: 0.000001, iterations: 1, sample rate: 100%, sparse: 100%
Training 4d387ab6 with 1 binary file, target error: 0.000001, iterations: 1, sample rate: 100%, sparse: 100%
Fine tuning increased fitness by 0.000002839849016056384 to 0.9948920843935083 adjusted 425 weights, 7 biases 
Fine tuning increased fitness by 0.000002587152459487818 to 0.9948946715459678 adjusted 405 weights, 7 biases 
Fine tuning increased fitness by 0.000004408145465539803 to 0.9948990796914333 adjusted 405 weights, 7 biases 
Fine tuning increased fitness by 0.000004458963562825602 to 0.9949035386549961 adjusted 405 weights, 7 biases 
Discovered beneficial synapse from input-1372 to output-0 with weight 1.0000, helping 41.8% more records than it harms (1985/2800)
Discovery b2786ef8 analyze time 10s 474ms found 1 candidates
Discovered harmful synapse from input-1316 to output-0, harming 38.4% more records than it helps (862/2800)
Discovery b2786ef8 analyze harmful time 94ms found 1 candidates
Fine tuning increased fitness by 0.000005159907333740499 to 0.9949086985623299 adjusted 405 weights, 7 biases 
Discovery b2786ef8 analyze squashes time 364ms found 2 candidates, Summary: output-2 LeakyReLU -> GELU improved: 1.7% error: 4.8189 -> 4.7363,output-0 LOGISTIC -> LogSigmoid improved: 43.6% error: 124.1263 -> 70.0197
Fine tuning increased fitness by 0.0000013325534229391423 to 0.9949100311157528 adjusted 405 weights, 7 biases 
Generation 100 score 0.9949100311157528  error 0.005080587995464727 avg time 1s 524ms
Fine tuning increased fitness by 4.5677623672357726e-7 to 0.9949104878919895 adjusted 405 weights, 7 biases 
Fine tuning increased fitness by 6.682615401043535e-7 to 0.9949111561535297 adjusted 405 weights, 7 biases 
Fine tuning increased fitness by 2.042988901385101e-7 to 0.9949118801197298 adjusted 397 weights, 7 biases 
Fine tuning increased fitness by 2.2725377923915602e-7 to 0.994912107373509 adjusted 397 weights, 7 biases 
Fine tuning increased fitness by 3.3898394458109493e-7 to 0.9949124463574536 adjusted 397 weights, 7 biases 
Fine tuning increased fitness by 4.5217503208405674e-7 to 0.9949128985324857 adjusted 397 weights, 7 biases 
Fine tuning increased fitness by 9.897798998181884e-7 to 0.9949138883123855 adjusted 397 weights, 7 biases 
Fine tuning increased fitness by 0.0000018359885525232045 to 0.994915724300938 adjusted 397 weights, 7 biases 
Fine tuning increased fitness by 0.0000032801218969868984 to 0.994919004422835 adjusted 397 weights, 7 biases 
Generation 110 score 0.994919004422835  error 0.0050716146883731505 avg time 1s 448ms
Fine tuning increased fitness by 0.000003953953221946804 to 0.9949229583760569 adjusted 397 weights, 7 biases 
Fine tuning increased fitness by 0.0000015591395245984074 to 0.9949245175155815 adjusted 397 weights, 7 biases 
Fine tuning increased fitness by 0.000005038446944882757 to 0.9949295559625264 adjusted 399 weights, 7 biases 
Generation 114 score 0.9949423772103952  error 0.005048241900812071 avg time 584ms
{
  error: 0.005048241900812071,
  score: 0.9949423772103952,
  generation: 114,
  time: 180267
}

=== Processing USDIDR (5/10) ===
7 mutations, mutation rate 5.0%, elitism 7, mutation ALL, selection FITNESS_PROPORTIONATE
Creature count: 43
Training 93840eeb with 1 binary file, target error: 0.000001, iterations: 1, sample rate: 100%, sparse: 100%
Discovery 93840eeb with 1 binary files, sample rate: 100%, batch size: 512
Discovery 93840eeb initialize time 90ms
Discovery 93840eeb processing .trainData-fx_c_88/USDIDR/data.bin
Discovery 93840eeb read time 6ms for .trainData-fx_c_88/USDIDR/data.bin with 3359 records
Discovery 93840eeb scanning time 1s 140ms
Discovery 93840eeb recorded time 1s 838ms
Training 8bb777ec with 1 binary file, target error: 0.000001, iterations: 1, sample rate: 100%, sparse: 100%
Culling duplicate creature at 16 of 51
DeDuplication of 1 creatures to 50 in 100ms (previous experiment )
Training 2d8a54ba with 1 binary file, target error: 0.000001, iterations: 1, sample rate: 100%, sparse: 100%
Discovered beneficial synapse from input-17 to output-0 with weight 1.0000, helping 73.9% more records than it harms (2481/3359)
Discovery 93840eeb analyze time 6s 455ms found 1 candidates
Discovered harmful synapse from input-1063 to output-0, harming 73.9% more records than it helps (0/3359)
Discovery 93840eeb analyze harmful time 278ms found 1 candidates
Discovery 93840eeb analyze squashes time 285ms found 0 candidates
Training 49ffae43 with 1 binary file, target error: 0.000001, iterations: 1, sample rate: 100%, sparse: 100%
Discovery 49ffae43 with 1 binary files, sample rate: 100%, batch size: 512
Discovery 49ffae43 initialize time 87ms
Discovery 49ffae43 processing .trainData-fx_c_88/USDIDR/data.bin
Discovery 49ffae43 read time 8ms for .trainData-fx_c_88/USDIDR/data.bin with 3359 records
Discovery 49ffae43 scanning time 1s 343ms
Discovery 49ffae43 recorded time 1s 945ms
Training 7e663f48 with 1 binary file, target error: 0.000001, iterations: 1, sample rate: 100%, sparse: 100%
Fine tuning increased fitness by 0.000014682052519532363 to 0.9268181098547781 adjusted 257 weights, 1 bias 
Fine tuning increased fitness by 0.000018146418180764456 to 0.9268362562729588 adjusted 257 weights, 1 bias 
Generation 10 score 0.9268362562729588  error 0.07315180276625408 avg time 1s 542ms
Training 92ac7a40 with 1 binary file, target error: 0.000001, iterations: 1, sample rate: 100%, sparse: 100%
Fine tuning increased fitness by 0.00002108071677797696 to 0.9268573369897368 adjusted 255 weights, 1 bias 
Fine tuning increased fitness by 0.00004583123282042578 to 0.9269031682225572 adjusted 255 weights, 1 bias 
Discovered beneficial synapse from input-17 to output-0 with weight 1.0000, helping 69.4% more records than it harms (2332/3359)
Discovery 49ffae43 analyze time 6s 997ms found 1 candidates
Training e8302794 with 1 binary file, target error: 0.000001, iterations: 1, sample rate: 100%, sparse: 100%
Fine tuning increased fitness by 0.000025426347106560776 to 0.9269285945696638 adjusted 255 weights, 1 bias 
Discovered harmful synapse from input-1063 to output-0, harming 69.4% more records than it helps (0/3359)
Discovery 49ffae43 analyze harmful time 302ms found 1 candidates
Discovery 49ffae43 analyze squashes time 293ms found 0 candidates
Fine tuning increased fitness by 0.000030121486064405012 to 0.9269587160557282 adjusted 255 weights, 1 bias 
Discovery 06c49b63 with 1 binary files, sample rate: 100%, batch size: 512
Discovery 06c49b63 initialize time 89ms
Discovery 06c49b63 processing .trainData-fx_c_88/USDIDR/data.bin
Discovery 06c49b63 read time 5ms for .trainData-fx_c_88/USDIDR/data.bin with 3359 records
Discovery 06c49b63 scanning time 1s 462ms
Training 64d5bba0 with 1 binary file, target error: 0.000001, iterations: 1, sample rate: 100%, sparse: 100%
Fine tuning increased fitness by 0.00009743016262886428 to 0.9270561462183571 adjusted 255 weights, 1 bias 
Discovery 06c49b63 recorded time 2s 68ms
Fine tuning increased fitness by 0.00011712163106603057 to 0.9271732678494231 adjusted 255 weights, 1 bias 
Training 853a5367 with 1 binary file, target error: 0.000001, iterations: 1, sample rate: 100%, sparse: 100%
Fine tuning increased fitness by 0.0000937041316043663 to 0.9272669719810275 adjusted 255 weights, 1 bias 
Training fc43f683 with 1 binary file, target error: 0.000001, iterations: 1, sample rate: 100%, sparse: 100%
Discovered beneficial synapse from input-17 to output-0 with weight 1.0000, helping 69.1% more records than it harms (2321/3359)
Discovery 06c49b63 analyze time 6s 751ms found 1 candidates
Discovered harmful synapse from input-1063 to output-0, harming 69.1% more records than it helps (0/3359)
Discovery 06c49b63 analyze harmful time 313ms found 1 candidates
Discovery 06c49b63 analyze squashes time 401ms found 0 candidates
Fine tuning increased fitness by 0.00005979787572840678 to 0.927399449164116 adjusted 254 weights, 1 bias 
Discovery 6807807f with 1 binary files, sample rate: 100%, batch size: 512
Discovery 6807807f initialize time 87ms
Discovery 6807807f processing .trainData-fx_c_88/USDIDR/data.bin
Generation 20 score 0.927399449164116  error 0.07258860987457304 avg time 1s 627ms
Discovery 6807807f read time 8ms for .trainData-fx_c_88/USDIDR/data.bin with 3359 records
Discovery 6807807f scanning time 1s 364ms
Training 992d106e with 1 binary file, target error: 0.000001, iterations: 1, sample rate: 100%, sparse: 100%
Discovery 6807807f recorded time 2s 237ms
Training e0bf6874 with 1 binary file, target error: 0.000001, iterations: 1, sample rate: 100%, sparse: 100%
Over populated 52, expected 50.
Training eef1af16 with 1 binary file, target error: 0.000001, iterations: 1, sample rate: 100%, sparse: 100%
Discovered beneficial synapse from input-17 to output-0 with weight 1.0000, helping 71.7% more records than it harms (2409/3359)
Discovery 6807807f analyze time 6s 453ms found 1 candidates
Discovered harmful synapse from input-1063 to output-0, harming 71.7% more records than it helps (0/3359)
Discovery 6807807f analyze harmful time 305ms found 1 candidates
Discovery 6807807f analyze squashes time 300ms found 0 candidates
Discovery cc0abb10 with 1 binary files, sample rate: 100%, batch size: 512
Discovery cc0abb10 initialize time 87ms
Discovery cc0abb10 processing .trainData-fx_c_88/USDIDR/data.bin
Discovery cc0abb10 read time 5ms for .trainData-fx_c_88/USDIDR/data.bin with 3359 records
Discovery cc0abb10 scanning time 1s 355ms
Training 5d5445d0 with 1 binary file, target error: 0.000001, iterations: 1, sample rate: 100%, sparse: 100%
Fine tuning increased fitness by 2.8317894029683544e-8 to 0.9275754084900806 adjusted 1 weight 
Discovery cc0abb10 recorded time 1s 932ms
Compacting increased fitness by 0.000004524752147405664 to 0.927579933242228 neurons: 5 was: 6 synapses: 1003 was: 1041
Training 43630964 with 1 binary file, target error: 0.000001, iterations: 1, sample rate: 100%, sparse: 100%
Generation 30 score 0.927659939507546  error 0.07232891969995796 avg time 1s 536ms
Training f80e6192 with 1 binary file, target error: 0.000001, iterations: 1, sample rate: 100%, sparse: 100%
Fine tuning increased fitness by 1.4252146396387388e-7 to 0.9277016925931557 adjusted 108 weights, 5 biases 
Training 2202f187 with 1 binary file, target error: 0.000001, iterations: 1, sample rate: 100%, sparse: 100%
Fine tuning increased fitness by 0.00004588039681019396 to 0.9277479787947994 adjusted 16 weights, 3 biases 
Training 44a46683 with 1 binary file, target error: 0.000001, iterations: 1, sample rate: 100%, sparse: 100%
Fine tuning increased fitness by 8.257900363517479e-9 to 0.9277479870526998 adjusted 16 weights, 3 biases 
Training 250e8328 with 1 binary file, target error: 0.000001, iterations: 1, sample rate: 100%, sparse: 100%
Discovered beneficial synapse from input-1384 to output-0 with weight 1.0000, helping 60.2% more records than it harms (2690/3359)
Discovery cc0abb10 analyze time 14s 933ms found 1 candidates
Discovered harmful synapse from input-17 to output-0, harming 59.2% more records than it helps (686/3359)
Discovery cc0abb10 analyze harmful time 711ms found 1 candidates
Discovery cc0abb10 analyze squashes time 299ms found 1 candidate, Summary: output-0 LOGISTIC -> BENT_IDENTITY improved: 42.8% error: 166.0487 -> 94.9831
Training 2fe83cfc with 1 binary file, target error: 0.000001, iterations: 1, sample rate: 100%, sparse: 100%
Discovery 2fe83cfc with 1 binary files, sample rate: 100%, batch size: 512
Discovery 2fe83cfc initialize time 79ms
Discovery 2fe83cfc processing .trainData-fx_c_88/USDIDR/data.bin
Over populated 54, expected 50.
Discovery 2fe83cfc read time 5ms for .trainData-fx_c_88/USDIDR/data.bin with 3359 records
Discovery 2fe83cfc scanning time 1s 180ms
Discovery cc0abb10 beneficial increased fitness by 0.000009881660213983956 to 0.9277659010577922
Discovery 2fe83cfc recorded time 1s 964ms
Generation 40 score 0.9277659010577922  error 0.07222293815110443 avg time 1s 500ms
Training cba4a5f5 with 1 binary file, target error: 0.000001, iterations: 1, sample rate: 100%, sparse: 100%
Fine tuning increased fitness by 0.0000011777387247668969 to 0.927767078796517 adjusted 1 weight 
Fine tuning increased fitness by 1.6510675948655518e-7 to 0.9277672439032765 adjusted 1 weight 
Training 22c4535e with 1 binary file, target error: 0.000001, iterations: 1, sample rate: 100%, sparse: 100%
Fine tuning increased fitness by 0.000004083551063072122 to 0.9277731268027841 adjusted 140 weights, 4 biases 
Training 20dfd494 with 1 binary file, target error: 0.000001, iterations: 1, sample rate: 100%, sparse: 100%
Fine tuning increased fitness by 0.000003917445142276321 to 0.9277770442479264 adjusted 140 weights, 4 biases 
Fine tuning increased fitness by 0.0000012951842419672843 to 0.9277783394321684 adjusted 140 weights, 4 biases 
Training 05dce426 with 1 binary file, target error: 0.000001, iterations: 1, sample rate: 100%, sparse: 100%
Fine tuning increased fitness by 0.0000010513952702906337 to 0.9277793908274387 adjusted 140 weights, 4 biases 
Over populated 52, expected 50.
Fine tuning increased fitness by 0.0000011352647995011012 to 0.9277805260922382 adjusted 140 weights, 4 biases 
Training c64710d4 with 1 binary file, target error: 0.000001, iterations: 1, sample rate: 100%, sparse: 100%
Fine tuning increased fitness by 0.000003233705810679055 to 0.9277856064497051 adjusted 133 weights, 4 biases 
Discovered beneficial synapse from input-1014 to output-0 with weight 1.0000, helping 60.8% more records than it harms (2701/3359)
Discovery 2fe83cfc analyze time 14s 882ms found 1 candidates
Discovered harmful synapse from input-17 to output-0, harming 60.3% more records than it helps (667/3359)
Discovery 2fe83cfc analyze harmful time 635ms found 1 candidates
Generation 50 score 0.9277856064497051  error 0.07220323275921711 avg time 1s 500ms
Discovery 2fe83cfc analyze squashes time 542ms found 2 candidates, Summary: output-2 LeakyReLU -> BIPOLAR improved: 6.9% error: 43.0845 -> 40.1289,output-0 LOGISTIC -> LogSigmoid improved: 38.5% error: 91.1412 -> 56.0940
Training 79983ea9 with 1 binary file, target error: 0.000001, iterations: 1, sample rate: 100%, sparse: 100%
Fine tuning increased fitness by 0.000007398591844620661 to 0.9277930050415497 adjusted 133 weights, 4 biases 
Fine tuning increased fitness by 0.000010950483998684035 to 0.9278039555255484 adjusted 133 weights, 4 biases 
Discovery 0a84b79a with 1 binary files, sample rate: 100%, batch size: 512
Discovery 0a84b79a initialize time 89ms
Discovery 0a84b79a processing .trainData-fx_c_88/USDIDR/data.bin
Over populated 52, expected 50.
Discovery 0a84b79a read time 7ms for .trainData-fx_c_88/USDIDR/data.bin with 3359 records
Discovery 0a84b79a scanning time 1s 125ms
Training f548a4b5 with 1 binary file, target error: 0.000001, iterations: 1, sample rate: 100%, sparse: 100%
Fine tuning increased fitness by 0.00003788428221873641 to 0.9278418398077671 adjusted 137 weights, 4 biases 
Discovery 0a84b79a recorded time 2s 120ms
Fine tuning increased fitness by 0.00004653313976843432 to 0.9278883729475356 adjusted 137 weights, 4 biases 
Training 2100c6b0 with 1 binary file, target error: 0.000001, iterations: 1, sample rate: 100%, sparse: 100%
Fine tuning increased fitness by 0.000024699861391641598 to 0.9279130728089272 adjusted 137 weights, 4 biases 
Fine tuning increased fitness by 0.0000072805928722496915 to 0.9279203534017995 adjusted 137 weights, 4 biases 
Training 210358cb with 1 binary file, target error: 0.000001, iterations: 1, sample rate: 100%, sparse: 100%
Fine tuning increased fitness by 0.000010279120111533757 to 0.927930632521911 adjusted 137 weights, 4 biases 
Over populated 52, expected 50.
Fine tuning increased fitness by 0.000012188151767067446 to 0.9279428206736781 adjusted 137 weights, 4 biases 
Training 18e1b6ba with 1 binary file, target error: 0.000001, iterations: 1, sample rate: 100%, sparse: 100%
Fine tuning increased fitness by 0.000009044422530357643 to 0.9279518650962084 adjusted 137 weights, 4 biases 
Fine tuning increased fitness by 0.0000020787690852008822 to 0.9279539438652936 adjusted 137 weights, 4 biases 
Generation 60 score 0.9279539438652936  error 0.07203489534359503 avg time 1s 565ms
Training 278139c4 with 1 binary file, target error: 0.000001, iterations: 1, sample rate: 100%, sparse: 100%
Fine tuning increased fitness by 0.0000026247949388436 to 0.9279565686602325 adjusted 137 weights, 4 biases 
Discovered beneficial synapse from input-1316 to output-0 with weight 1.0000, helping 53.1% more records than it harms (2571/3359)
Discovery 0a84b79a analyze time 13s 318ms found 1 candidates
Discovered harmful synapse from input-17 to output-0, harming 52.2% more records than it helps (803/3359)
Discovery 0a84b79a analyze harmful time 602ms found 1 candidates
Discovery 0a84b79a analyze squashes time 740ms found 2 candidates, Summary: output-2 LeakyReLU -> BIPOLAR improved: 7.0% error: 43.0738 -> 40.0560,output-0 LOGISTIC -> LogSigmoid improved: 40.4% error: 88.6927 -> 52.8896
Training 1966ec7e with 1 binary file, target error: 0.000001, iterations: 1, sample rate: 100%, sparse: 100%
Fine tuning increased fitness by 0.0000031300867590067227 to 0.9279653621924367 adjusted 373 weights, 5 biases 
Discovery 1966ec7e with 1 binary files, sample rate: 100%, batch size: 512
Discovery 1966ec7e initialize time 92ms
Discovery 1966ec7e processing .trainData-fx_c_88/USDIDR/data.bin
Over populated 54, expected 50.
Discovery 1966ec7e read time 11ms for .trainData-fx_c_88/USDIDR/data.bin with 3359 records
Discovery 1966ec7e scanning time 1s 449ms
Fine tuning increased fitness by 0.0000033773090979405396 to 0.9279687395015347 adjusted 373 weights, 5 biases 
Discovery 1966ec7e recorded time 2s 78ms
Training 4350c447 with 1 binary file, target error: 0.000001, iterations: 1, sample rate: 100%, sparse: 100%
Fine tuning increased fitness by 0.000002455544069190907 to 0.9279711950456039 adjusted 373 weights, 5 biases 
Fine tuning increased fitness by 0.0000031477757252984517 to 0.9279743428213292 adjusted 373 weights, 5 biases 
Training 72326f09 with 1 binary file, target error: 0.000001, iterations: 1, sample rate: 100%, sparse: 100%
Fine tuning increased fitness by 0.0000032260847159237827 to 0.9279775689060451 adjusted 373 weights, 5 biases 
Training 4a78ee1f with 1 binary file, target error: 0.000001, iterations: 1, sample rate: 100%, sparse: 100%
Fine tuning increased fitness by 0.0000031294958334759926 to 0.9279853565770042 adjusted 373 weights, 5 biases 
Fine tuning increased fitness by 0.0000025885707204409414 to 0.9279879451477246 adjusted 373 weights, 5 biases 
Generation 70 score 0.9279879451477246  error 0.07200089406113128 avg time 1s 612ms
Training f3c1d1aa with 1 binary file, target error: 0.000001, iterations: 1, sample rate: 100%, sparse: 100%
Discovered beneficial synapse from input-1316 to output-0 with weight 1.0000, helping 53.9% more records than it harms (2584/3359)
Discovery 1966ec7e analyze time 13s 292ms found 1 candidates
Discovered harmful synapse from input-17 to output-0, harming 53.1% more records than it helps (788/3359)
Discovery 1966ec7e analyze harmful time 643ms found 1 candidates
Training 32127f93 with 1 binary file, target error: 0.000001, iterations: 1, sample rate: 100%, sparse: 100%
Discovery 1966ec7e analyze squashes time 313ms found 1 candidate, Summary: output-0 LOGISTIC -> LogSigmoid improved: 40.2% error: 88.9685 -> 53.1977
Fine tuning increased fitness by 8.906170619882303e-7 to 0.9280133979039157 adjusted 272 weights, 4 biases 
Discovery bb279bdc with 1 binary files, sample rate: 100%, batch size: 512
Discovery bb279bdc initialize time 88ms
Discovery bb279bdc processing .trainData-fx_c_88/USDIDR/data.bin
Over populated 52, expected 50.
Discovery bb279bdc read time 6ms for .trainData-fx_c_88/USDIDR/data.bin with 3359 records
Discovery bb279bdc scanning time 1s 115ms
Training e864df91 with 1 binary file, target error: 0.000001, iterations: 1, sample rate: 100%, sparse: 100%
Fine tuning increased fitness by 0.000007780730003292824 to 0.928021178633919 adjusted 272 weights, 4 biases 
Discovery bb279bdc recorded time 2s 91ms
Over populated 52, expected 50.
Fine tuning increased fitness by 0.000010884081397488643 to 0.9280320627153165 adjusted 272 weights, 4 biases 
Training 9bf3aeed with 1 binary file, target error: 0.000001, iterations: 1, sample rate: 100%, sparse: 100%
Fine tuning increased fitness by 0.000007019359044124762 to 0.9280390820743606 adjusted 272 weights, 4 biases 
Fine tuning increased fitness by 0.000009728293007493782 to 0.9280488103673681 adjusted 272 weights, 4 biases 
Training 3f5cadee with 1 binary file, target error: 0.000001, iterations: 1, sample rate: 100%, sparse: 100%
Fine tuning increased fitness by 0.000009995736150791856 to 0.9280588061035189 adjusted 272 weights, 4 biases 
Fine tuning increased fitness by 0.000009070855030768321 to 0.9280678769585496 adjusted 272 weights, 4 biases 
Generation 80 score 0.9280678769585496  error 0.07192096225027952 avg time 1s 584ms
Training 3bab69ee with 1 binary file, target error: 0.000001, iterations: 1, sample rate: 100%, sparse: 100%
Fine tuning increased fitness by 0.000017709543044142073 to 0.9280855865015938 adjusted 272 weights, 4 biases 
Training b39e58e3 with 1 binary file, target error: 0.000001, iterations: 1, sample rate: 100%, sparse: 100%
Fine tuning increased fitness by 0.0000067365387124151965 to 0.9281004646977167 adjusted 270 weights, 4 biases 
Discovered beneficial synapse from input-1316 to output-0 with weight 1.0000, helping 53.9% more records than it harms (2584/3359)
Discovery bb279bdc analyze time 13s 513ms found 1 candidates
Discovered harmful synapse from input-17 to output-0, harming 53.1% more records than it helps (788/3359)
Discovery bb279bdc analyze harmful time 172ms found 1 candidates
Discovery bb279bdc analyze squashes time 480ms found 2 candidates, Summary: output-0 LOGISTIC -> LogSigmoid improved: 40.2% error: 88.9632 -> 53.1917,output-2 LeakyReLU -> BIPOLAR improved: 6.7% error: 43.0356 -> 40.1397
Training 980763d7 with 1 binary file, target error: 0.000001, iterations: 1, sample rate: 100%, sparse: 100%
Fine tuning increased fitness by 0.000007506044563565517 to 0.9281217629031551 adjusted 271 weights, 4 biases 
Discovery 980763d7 with 1 binary files, sample rate: 100%, batch size: 512
Discovery 980763d7 initialize time 83ms
Discovery 980763d7 processing .trainData-fx_c_88/USDIDR/data.bin
Over populated 53, expected 50.
Discovery 980763d7 read time 4ms for .trainData-fx_c_88/USDIDR/data.bin with 3359 records
Discovery 980763d7 scanning time 1s 345ms
Fine tuning increased fitness by 0.000009830123297693838 to 0.9281315930264528 adjusted 271 weights, 4 biases 
Discovery 980763d7 recorded time 2s 6ms
Training 7945774e with 1 binary file, target error: 0.000001, iterations: 1, sample rate: 100%, sparse: 100%
Fine tuning increased fitness by 2.2286695522399924e-7 to 0.9281380853788163 adjusted 267 weights, 4 biases 
Training 10d69ac5 with 1 binary file, target error: 0.000001, iterations: 1, sample rate: 100%, sparse: 100%
Fine tuning increased fitness by 0.000008155018027422578 to 0.9281524091491705 adjusted 251 weights, 4 biases 
Generation 90 score 0.9281524091491705  error 0.07183643005921732 avg time 1s 602ms
Training 5dfb9e43 with 1 binary file, target error: 0.000001, iterations: 1, sample rate: 100%, sparse: 100%
Fine tuning increased fitness by 0.000013377336043562948 to 0.9281657864852141 adjusted 251 weights, 4 biases 
Fine tuning increased fitness by 0.00001947682805159001 to 0.9281852633132657 adjusted 251 weights, 4 biases 
Training 677297dc with 1 binary file, target error: 0.000001, iterations: 1, sample rate: 100%, sparse: 100%
Fine tuning increased fitness by 0.00002821093388138962 to 0.9282134742471471 adjusted 251 weights, 4 biases 
Fine tuning increased fitness by 0.000027797087804426468 to 0.9282412713349515 adjusted 251 weights, 4 biases 
Training da2bded2 with 1 binary file, target error: 0.000001, iterations: 1, sample rate: 100%, sparse: 100%
Fine tuning increased fitness by 0.0000028754297796140804 to 0.9282441467647311 adjusted 251 weights, 4 biases 
Discovered beneficial synapse from input-1316 to output-0 with weight 1.0000, helping 50.5% more records than it harms (2528/3359)
Discovery 980763d7 analyze time 14s 794ms found 1 candidates
Fine tuning increased fitness by 0.0000023034666456478448 to 0.9282464502313768 adjusted 251 weights, 4 biases 
Discovered harmful synapse from input-17 to output-0, harming 49.5% more records than it helps (848/3359)
Discovery 980763d7 analyze harmful time 685ms found 1 candidates
Discovery 980763d7 analyze squashes time 690ms found 3 candidates, Summary: output-0 LOGISTIC -> LogSigmoid improved: 40.9% error: 87.5940 -> 51.8082,output-1 Mish -> Swish improved: 1.5% error: 0.0139 -> 0.0137,output-2 LeakyReLU -> BIPOLAR improved: 6.7% error: 43.0411 -> 40.1431
Fine tuning increased fitness by 9.82824948425609e-7 to 0.9282474330563252 adjusted 251 weights, 4 biases 
Over populated 54, expected 50.
Fine tuning increased fitness by 0.0000012834492728597269 to 0.928248716505598 adjusted 251 weights, 4 biases 
Fine tuning increased fitness by 0.0000017430036423071726 to 0.9282504595092403 adjusted 251 weights, 4 biases 
Fine tuning increased fitness by 0.0000022726610396928137 to 0.92825273217028 adjusted 251 weights, 4 biases 
Generation 100 score 0.92825273217028  error 0.07173610703808736 avg time 1s 526ms
Fine tuning increased fitness by 0.0000040403010697076525 to 0.9282567724713497 adjusted 251 weights, 4 biases 
Fine tuning increased fitness by 0.00000748090168067872 to 0.9282642533730304 adjusted 251 weights, 4 biases 
Fine tuning increased fitness by 0.000013269036134966328 to 0.9282775224091654 adjusted 251 weights, 4 biases 
Fine tuning increased fitness by 0.000034792141800243925 to 0.9283361374670261 adjusted 251 weights, 4 biases 
Fine tuning increased fitness by 0.000009312198598676602 to 0.9283782664084876 adjusted 250 weights, 4 biases 
Fine tuning increased fitness by 5.738166494184682e-7 to 0.9283788402251371 adjusted 250 weights, 4 biases 
Fine tuning increased fitness by 0.000225947114887326 to 0.9286488495709555 adjusted 271 weights, 4 biases 
Generation 110 score 0.9286488495709555  error 0.07133998963768218 avg time 1s 467ms
Fine tuning increased fitness by 0.00013995565381930142 to 0.9287888052247748 adjusted 271 weights, 4 biases 
Fine tuning increased fitness by 0.00011372831103872993 to 0.9290282375204597 adjusted 270 weights, 4 biases 
Fine tuning increased fitness by 0.000029323444754147943 to 0.9290575609652139 adjusted 270 weights, 4 biases 
Fine tuning increased fitness by 0.000005352197936625558 to 0.9290629131631505 adjusted 270 weights, 4 biases 
Fine tuning increased fitness by 0.0000363362098260156 to 0.9290992493729765 adjusted 270 weights, 4 biases 
Generation 117 score 0.9291123995218812  error 0.07087643968662959 avg time 1s 44ms
{
  error: 0.07087643968662959,
  score: 0.9291123995218812,
  generation: 117,
  time: 181427
}

=== Processing USDDKK (6/10) ===
../GRQ-FX-models/v1//USDDKK.json NotFound: No such file or directory (os error 2): readfile '../GRQ-FX-models/v1//USDDKK.json'
    at Object.readTextFileSync (ext:deno_fs/30_fs.js:770:10)
    at file:///data/GRQ/GRQ/src/fx/EvolveApp.ts:137:12
    at eventLoopTick (ext:core/01_core.js:179:7) {
  name: "NotFound",
  code: "ENOENT"
}
2 mutations, mutation rate 19.6%, elitism 4, mutation ALL, selection TOURNAMENT
Creature count: 43
Training 85c4ebb6 with 1 binary file, target error: 0.000001, iterations: 1, sample rate: 100%, sparse: 100%
Discovery 85c4ebb6 with 1 binary files, sample rate: 100%, batch size: 512
Discovery 85c4ebb6 initialize time 89ms
Discovery 85c4ebb6 processing .trainData-fx_c_88/USDDKK/data.bin
Discovery 85c4ebb6 read time 10ms for .trainData-fx_c_88/USDDKK/data.bin with 3359 records
Discovery 85c4ebb6 scanning time 1s 312ms
Discovery 85c4ebb6 recorded time 2s 2ms
Fine tuning increased fitness by 1.2729095222319131e-8 to 0.9988724472368551 adjusted 259 weights, 8 biases 
Training 246c03bf with 1 binary file, target error: 0.000001, iterations: 1, sample rate: 100%, sparse: 100%
Over populated 52, expected 50.
Training 9b97f1cf with 1 binary file, target error: 0.000001, iterations: 1, sample rate: 100%, sparse: 100%
Training b08a09a2 with 1 binary file, target error: 0.000001, iterations: 1, sample rate: 100%, sparse: 100%
Fine tuning increased fitness by 1.627959245187327e-8 to 0.9988724743121812 adjusted 174 weights, 5 biases 
Fine tuning increased fitness by 2.803793952566025e-8 to 0.9988725023501207 adjusted 174 weights, 5 biases 
Training e22b5583 with 1 binary file, target error: 0.000001, iterations: 1, sample rate: 100%, sparse: 100%
Fine tuning increased fitness by 3.192507425087143e-8 to 0.998872534275195 adjusted 174 weights, 5 biases 
Discovered beneficial synapse from input-1295 to 6b006784-d956-4970-8655-43461db3942f with weight -1.0000, helping 42.0% more records than it harms (2385/3359)
Discovery 85c4ebb6 analyze time 14s 84ms found 1 candidates
Discovered harmful synapse from input-1305 to 6b006784-d956-4970-8655-43461db3942f, harming 33.9% more records than it helps (1110/3359)
Discovery 85c4ebb6 analyze harmful time 492ms found 1 candidates
Fine tuning increased fitness by 2.8689285613836546e-8 to 0.9988725629644806 adjusted 174 weights, 5 biases 
Discovery 85c4ebb6 analyze squashes time 831ms found 3 candidates, Summary: output-0 LOGISTIC -> LogSigmoid improved: 29.0% error: 380.7667 -> 270.2979,6b006784-d956-4970-8655-43461db3942f LOGISTIC -> Softplus improved: 22.5% error: 33.1005 -> 25.6593,output-2 LeakyReLU -> LogSigmoid improved: 33.0% error: 0.9640 -> 0.6457
Generation 10 score 0.9988725629644806  error 0.0011150360746999828 avg time 2s 8ms
Training c7983144 with 1 binary file, target error: 0.000001, iterations: 1, sample rate: 100%, sparse: 100%
Discovery c7983144 with 1 binary files, sample rate: 100%, batch size: 512
Discovery c7983144 initialize time 89ms
Discovery c7983144 processing .trainData-fx_c_88/USDDKK/data.bin
Over populated 54, expected 50.
Discovery c7983144 read time 6ms for .trainData-fx_c_88/USDDKK/data.bin with 3359 records
Discovery c7983144 scanning time 1s 837ms
Discovery c7983144 recorded time 2s 451ms
Training 82d63b32 with 1 binary file, target error: 0.000001, iterations: 1, sample rate: 100%, sparse: 100%
Fine tuning increased fitness by 1.689148254602202e-8 to 0.9988726011835137 adjusted 170 weights, 6 biases 
Fine tuning increased fitness by 1.4781806667585329e-8 to 0.9988726159653204 adjusted 170 weights, 6 biases 
Training 277b4557 with 1 binary file, target error: 0.000001, iterations: 1, sample rate: 100%, sparse: 100%
Fine tuning increased fitness by 2.402615373320316e-8 to 0.9988726675224644 adjusted 167 weights, 6 biases 
Training ed11703e with 1 binary file, target error: 0.000001, iterations: 1, sample rate: 100%, sparse: 100%
Training 43be315f with 1 binary file, target error: 0.000001, iterations: 1, sample rate: 100%, sparse: 100%
Fine tuning increased fitness by 1.1402077282340883e-8 to 0.9988726934710627 adjusted 167 weights, 6 biases 
Fine tuning increased fitness by 1.6953802695063303e-8 to 0.9988727104248654 adjusted 167 weights, 6 biases 
Discovered beneficial synapse from input-1295 to 6b006784-d956-4970-8655-43461db3942f with weight -1.0000, helping 41.8% more records than it harms (2381/3359)
Discovery c7983144 analyze time 15s 312ms found 1 candidates
Generation 20 score 0.9988727104248654  error 0.001114888614314912 avg time 1s 867ms
Discovered harmful synapse from input-1054 to 387a76c6-268c-4a43-a89f-23a63647fd41, harming 36.1% more records than it helps (1074/3359)
Discovery c7983144 analyze harmful time 650ms found 1 candidates
Training 8fcd4012 with 1 binary file, target error: 0.000001, iterations: 1, sample rate: 100%, sparse: 100%
Fine tuning increased fitness by 3.0358569325095175e-8 to 0.9988727407834347 adjusted 167 weights, 6 biases 
Discovery c7983144 analyze squashes time 903ms found 3 candidates, Summary: 6b006784-d956-4970-8655-43461db3942f LOGISTIC -> Softplus improved: 22.5% error: 33.1022 -> 25.6621,output-0 LOGISTIC -> LogSigmoid improved: 28.9% error: 380.2191 -> 270.3087,387a76c6-268c-4a43-a89f-23a63647fd41 Swish -> Softplus improved: 31.6% error: 0.0684 -> 0.0468
Discovery 1e73e719 with 1 binary files, sample rate: 100%, batch size: 512
Discovery 1e73e719 initialize time 91ms
Discovery 1e73e719 processing .trainData-fx_c_88/USDDKK/data.bin
Over populated 52, expected 50.
Discovery 1e73e719 read time 2ms for .trainData-fx_c_88/USDDKK/data.bin with 3359 records
Discovery 1e73e719 scanning time 1s 553ms
Training 3d602b51 with 1 binary file, target error: 0.000001, iterations: 1, sample rate: 100%, sparse: 100%
Fine tuning increased fitness by 9.161316216754756e-8 to 0.9988728833741507 adjusted 162 weights, 6 biases 
Discovery 1e73e719 recorded time 2s 211ms
Fine tuning increased fitness by 1.0918706982998572e-7 to 0.9988729925612205 adjusted 162 weights, 6 biases 
Training 3ccd3c92 with 1 binary file, target error: 0.000001, iterations: 1, sample rate: 100%, sparse: 100%
Fine tuning increased fitness by 1.055231036994897e-7 to 0.9988733624636057 adjusted 220 weights, 7 biases 
Training 5002675f with 1 binary file, target error: 0.000001, iterations: 1, sample rate: 100%, sparse: 100%
Over populated 52, expected 50.
Fine tuning increased fitness by 3.450693730755461e-9 to 0.9988733728887047 adjusted 221 weights, 8 biases 
Training 4b91bdb3 with 1 binary file, target error: 0.000001, iterations: 1, sample rate: 100%, sparse: 100%
Fine tuning increased fitness by 5.691809357166733e-9 to 0.9988733785805141 adjusted 188 weights, 8 biases 
Over populated 52, expected 50.
Generation 30 score 0.9988733864222743  error 0.0011142126169059474 avg time 1s 858ms
Training 76825436 with 1 binary file, target error: 0.000001, iterations: 1, sample rate: 100%, sparse: 100%
Training cf563931 with 1 binary file, target error: 0.000001, iterations: 1, sample rate: 100%, sparse: 100%
Over populated 52, expected 50.
Training 43f19c00 with 1 binary file, target error: 0.000001, iterations: 1, sample rate: 100%, sparse: 100%
Fine tuning increased fitness by 1.793240167469179e-8 to 0.9988734245097 adjusted 234 weights, 9 biases 
Discovered beneficial synapse from input-1295 to 6b006784-d956-4970-8655-43461db3942f with weight -1.0000, helping 41.9% more records than it harms (2383/3359)
Discovery 1e73e719 analyze time 24s 22ms found 1 candidates
Discovered harmful synapse from input-1305 to 6b006784-d956-4970-8655-43461db3942f, harming 33.7% more records than it helps (1114/3359)
Discovery 1e73e719 analyze harmful time 755ms found 1 candidates
Training 76b60062 with 1 binary file, target error: 0.000001, iterations: 1, sample rate: 100%, sparse: 100%
Discovery 1e73e719 analyze squashes time 790ms found 2 candidates, Summary: output-0 LOGISTIC -> LogSigmoid improved: 28.9% error: 380.2191 -> 270.3087,6b006784-d956-4970-8655-43461db3942f LOGISTIC -> Softplus improved: 22.5% error: 33.1740 -> 25.7209
Discovery e9cec52c with 1 binary files, sample rate: 100%, batch size: 512
Discovery e9cec52c initialize time 86ms
Discovery e9cec52c processing .trainData-fx_c_88/USDDKK/data.bin
Over populated 53, expected 50.
Discovery e9cec52c read time 7ms for .trainData-fx_c_88/USDDKK/data.bin with 3359 records
Discovery e9cec52c scanning time 1s 517ms
Training 6a81af32 with 1 binary file, target error: 0.000001, iterations: 1, sample rate: 100%, sparse: 100%
Discovery e9cec52c recorded time 2s 183ms
Over populated 52, expected 50.
Generation 40 score 0.9988735059056649  error 0.001114083133546895 avg time 1s 850ms
Training 4e4ab39d with 1 binary file, target error: 0.000001, iterations: 1, sample rate: 100%, sparse: 100%
Fine tuning increased fitness by 1.032970364800434e-8 to 0.9988735162353686 adjusted 200 weights, 7 biases 
Over populated 52, expected 50.
Fine tuning increased fitness by 9.492199803950996e-9 to 0.9988735257275684 adjusted 200 weights, 7 biases 
Training 11b50e5f with 1 binary file, target error: 0.000001, iterations: 1, sample rate: 100%, sparse: 100%
Fine tuning increased fitness by 1.2462450293959648e-8 to 0.9988735381900187 adjusted 200 weights, 7 biases 
Training 648ed22c with 1 binary file, target error: 0.000001, iterations: 1, sample rate: 100%, sparse: 100%
Fine tuning increased fitness by 1.9147449292766794e-8 to 0.9988735860951423 adjusted 198 weights, 7 biases 
Discovered beneficial synapse from input-1295 to 6b006784-d956-4970-8655-43461db3942f with weight -1.0000, helping 41.6% more records than it harms (2379/3359)
Discovery e9cec52c analyze time 14s 48ms found 1 candidates
Training 9db666e5 with 1 binary file, target error: 0.000001, iterations: 1, sample rate: 100%, sparse: 100%
Discovered harmful synapse from input-1305 to 6b006784-d956-4970-8655-43461db3942f, harming 33.4% more records than it helps (1118/3359)
Discovery e9cec52c analyze harmful time 573ms found 1 candidates
Discovery e9cec52c analyze squashes time 891ms found 3 candidates, Summary: output-0 LOGISTIC -> LogSigmoid improved: 28.8% error: 380.7563 -> 271.1245,6b006784-d956-4970-8655-43461db3942f LOGISTIC -> Softplus improved: 22.5% error: 32.9825 -> 25.5686,output-2 LeakyReLU -> LogSigmoid improved: 32.9% error: 0.9636 -> 0.6465
Discovery 30caf78e with 1 binary files, sample rate: 100%, batch size: 512
Discovery 30caf78e initialize time 88ms
Discovery 30caf78e processing .trainData-fx_c_88/USDDKK/data.bin
Over populated 53, expected 50.
Discovery 30caf78e read time 6ms for .trainData-fx_c_88/USDDKK/data.bin with 3359 records
Discovery 30caf78e scanning time 1s 558ms
Training 332ea0ed with 1 binary file, target error: 0.000001, iterations: 1, sample rate: 100%, sparse: 100%
Discovery 30caf78e recorded time 2s 249ms
Fine tuning increased fitness by 2.9770301779308284e-9 to 0.9988736072038568 adjusted 112 weights, 5 biases 
Generation 50 score 0.9988736072038568  error 0.0011139818352650349 avg time 1s 860ms
Training 0c70f315 with 1 binary file, target error: 0.000001, iterations: 1, sample rate: 100%, sparse: 100%
Fine tuning increased fitness by 1.64741622565856e-8 to 0.9988736452777321 adjusted 118 weights, 5 biases 
Training c5e96fee with 1 binary file, target error: 0.000001, iterations: 1, sample rate: 100%, sparse: 100%
Fine tuning increased fitness by 1.91234372781679e-9 to 0.9988736471900759 adjusted 118 weights, 5 biases 
Over populated 52, expected 50.
Fine tuning increased fitness by 4.512264339950889e-9 to 0.9988736517023402 adjusted 118 weights, 5 biases 
Training 69644e5d with 1 binary file, target error: 0.000001, iterations: 1, sample rate: 100%, sparse: 100%
Discovered beneficial synapse from input-1295 to 6b006784-d956-4970-8655-43461db3942f with weight -1.0000, helping 41.4% more records than it harms (2375/3359)
Discovery 30caf78e analyze time 13s 776ms found 1 candidates
Training 06c9f9eb with 1 binary file, target error: 0.000001, iterations: 1, sample rate: 100%, sparse: 100%
Discovered harmful synapse from input-1305 to 6b006784-d956-4970-8655-43461db3942f, harming 33.3% more records than it helps (1120/3359)
Discovery 30caf78e analyze harmful time 518ms found 1 candidates
Discovery 30caf78e analyze squashes time 765ms found 3 candidates, Summary: 6b006784-d956-4970-8655-43461db3942f LOGISTIC -> Softplus improved: 22.4% error: 32.9571 -> 25.5768,output-0 LOGISTIC -> LogSigmoid improved: 28.8% error: 380.4924 -> 270.7692,output-2 LeakyReLU -> LogSigmoid improved: 32.9% error: 0.9634 -> 0.6465
Over populated 52, expected 50.
Fine tuning increased fitness by 4.570126765912619e-8 to 0.9988737166959591 adjusted 197 weights, 7 biases 
Discovery baf9e730 with 1 binary files, sample rate: 100%, batch size: 512
Discovery baf9e730 initialize time 88ms
Discovery baf9e730 processing .trainData-fx_c_88/USDDKK/data.bin
Over populated 53, expected 50.
Discovery baf9e730 read time 5ms for .trainData-fx_c_88/USDDKK/data.bin with 3359 records
Discovery baf9e730 scanning time 1s 433ms
Training baf9e730 with 1 binary file, target error: 0.000001, iterations: 1, sample rate: 100%, sparse: 100%
Discovery baf9e730 recorded time 2s 147ms
Over populated 52, expected 50.
Fine tuning increased fitness by 1.9863484190807412e-9 to 0.9988737186823076 adjusted 25 weights, 3 biases 
Generation 60 score 0.9988737186823076  error 0.0011138703568008355 avg time 1s 838ms
Training 9d0be4b0 with 1 binary file, target error: 0.000001, iterations: 1, sample rate: 100%, sparse: 100%
Fine tuning increased fitness by 7.744296537381956e-9 to 0.9988737351579058 adjusted 138 weights, 6 biases 
Training 4e5d6711 with 1 binary file, target error: 0.000001, iterations: 1, sample rate: 100%, sparse: 100%
Over populated 52, expected 50.
Training 999ec096 with 1 binary file, target error: 0.000001, iterations: 1, sample rate: 100%, sparse: 100%
Fine tuning increased fitness by 1.9087951219631805e-8 to 0.9988737786095213 adjusted 146 weights, 6 biases 
Over populated 52, expected 50.
Fine tuning increased fitness by 1.4865740638470015e-8 to 0.998873793475262 adjusted 146 weights, 6 biases 
Discovered beneficial synapse from input-1295 to 6b006784-d956-4970-8655-43461db3942f with weight -1.0000, helping 41.5% more records than it harms (2377/3359)
Discovery baf9e730 analyze time 14s 200ms found 1 candidates
Training 9d7e5e7e with 1 binary file, target error: 0.000001, iterations: 1, sample rate: 100%, sparse: 100%
Discovered harmful synapse from input-1054 to 387a76c6-268c-4a43-a89f-23a63647fd41, harming 36.7% more records than it helps (1063/3359)
Discovery baf9e730 analyze harmful time 712ms found 1 candidates
Discovery baf9e730 analyze squashes time 692ms found 3 candidates, Summary: output-0 LOGISTIC -> LogSigmoid improved: 29.3% error: 382.3526 -> 270.2773,6b006784-d956-4970-8655-43461db3942f LOGISTIC -> Softplus improved: 22.4% error: 32.9841 -> 25.5962,output-2 LeakyReLU -> LogSigmoid improved: 32.9% error: 0.9635 -> 0.6465
Over populated 52, expected 50.
Discovery 9e54d7e1 with 1 binary files, sample rate: 100%, batch size: 512
Discovery 9e54d7e1 initialize time 83ms
Discovery 9e54d7e1 processing .trainData-fx_c_88/USDDKK/data.bin
Over populated 52, expected 50.
Discovery 9e54d7e1 read time 9ms for .trainData-fx_c_88/USDDKK/data.bin with 3359 records
Discovery 9e54d7e1 scanning time 1s 481ms
Training 8ab96ab6 with 1 binary file, target error: 0.000001, iterations: 1, sample rate: 100%, sparse: 100%
Discovery 9e54d7e1 recorded time 2s 160ms
Fine tuning increased fitness by 1.556732520668902e-10 to 0.9988738122612023 adjusted 15 weights, 2 biases 
Generation 70 score 0.9988738122612023  error 0.0011137767779055652 avg time 1s 854ms
Training 74956a5a with 1 binary file, target error: 0.000001, iterations: 1, sample rate: 100%, sparse: 100%
Fine tuning increased fitness by 3.0481154267292254e-9 to 0.9988738159780655 adjusted 36 weights, 2 biases 
Training 1bff7021 with 1 binary file, target error: 0.000001, iterations: 1, sample rate: 100%, sparse: 100%
Fine tuning increased fitness by 1.5493206717565045e-10 to 0.9988738190340588 adjusted 36 weights, 2 biases 
Training 63ab4c74 with 1 binary file, target error: 0.000001, iterations: 1, sample rate: 100%, sparse: 100%
Fine tuning increased fitness by 3.6966207872524137e-10 to 0.9988738196842047 adjusted 35 weights, 2 biases 
Training 2eadc6cb with 1 binary file, target error: 0.000001, iterations: 1, sample rate: 100%, sparse: 100%
Fine tuning increased fitness by 3.7439362721158886e-10 to 0.9988738200585984 adjusted 35 weights, 2 biases 
Discovered beneficial synapse from input-1295 to 6b006784-d956-4970-8655-43461db3942f with weight -1.0000, helping 41.5% more records than it harms (2377/3359)
Discovery 9e54d7e1 analyze time 14s 110ms found 1 candidates
Discovered harmful synapse from input-1305 to 6b006784-d956-4970-8655-43461db3942f, harming 33.3% more records than it helps (1120/3359)
Discovery 9e54d7e1 analyze harmful time 549ms found 1 candidates
Discovery 9e54d7e1 analyze squashes time 699ms found 3 candidates, Summary: 6b006784-d956-4970-8655-43461db3942f LOGISTIC -> Softplus improved: 22.1% error: 33.0285 -> 25.7129,output-0 LOGISTIC -> LogSigmoid improved: 29.3% error: 382.3526 -> 270.2773,cc590223-9b44-4ad4-b0a3-9863b1f15ac4 HARD_TANH -> SINE improved: 60.2% error: 0.1524 -> 0.0607
Fine tuning increased fitness by 5.98873395318833e-10 to 0.9988738206574718 adjusted 35 weights, 2 biases 
Discovery 0191cea5 with 1 binary files, sample rate: 100%, batch size: 512
Discovery 0191cea5 initialize time 86ms
Discovery 0191cea5 processing .trainData-fx_c_88/USDDKK/data.bin
Over populated 52, expected 50.
Discovery 0191cea5 read time 5ms for .trainData-fx_c_88/USDDKK/data.bin with 3359 records
Discovery 0191cea5 scanning time 1s 230ms
Training 8b04c503 with 1 binary file, target error: 0.000001, iterations: 1, sample rate: 100%, sparse: 100%
Discovery 0191cea5 recorded time 2s 203ms
Fine tuning increased fitness by 5.787530232836957e-9 to 0.9988738320695811 adjusted 69 weights, 3 biases 
Generation 80 score 0.9988738320695811  error 0.0011137569695267987 avg time 1s 820ms
Fine tuning increased fitness by 7.826329695426182e-9 to 0.9988738398959108 adjusted 69 weights, 3 biases 
Fine tuning increased fitness by 8.233159820569824e-9 to 0.9988738481290707 adjusted 69 weights, 3 biases 
Fine tuning increased fitness by 7.527904299919896e-9 to 0.998873855656975 adjusted 69 weights, 3 biases 
Fine tuning increased fitness by 1.0036469655361202e-8 to 0.9988738656934446 adjusted 69 weights, 3 biases 
Fine tuning increased fitness by 1.4617725807575255e-8 to 0.9988738803111704 adjusted 69 weights, 3 biases 
Fine tuning increased fitness by 2.602902837711696e-8 to 0.9988739063401988 adjusted 69 weights, 3 biases 
Fine tuning increased fitness by 3.942902315756669e-8 to 0.998873945769222 adjusted 69 weights, 3 biases 
Fine tuning increased fitness by 4.2101582664599846e-8 to 0.9988739878708046 adjusted 69 weights, 3 biases 
Fine tuning increased fitness by 3.1969560110312045e-8 to 0.9988740198403647 adjusted 69 weights, 3 biases 
Generation 90 score 0.9988740198403647  error 0.0011135691987442 avg time 1s 802ms
Discovered beneficial synapse from input-1295 to 6b006784-d956-4970-8655-43461db3942f with weight -1.0000, helping 41.6% more records than it harms (2378/3359)
Discovery 0191cea5 analyze time 21s 883ms found 1 candidates
Discovered harmful synapse from input-1305 to 6b006784-d956-4970-8655-43461db3942f, harming 33.4% more records than it helps (1119/3359)
Discovery 0191cea5 analyze harmful time 496ms found 1 candidates
Discovery 0191cea5 analyze squashes time 508ms found 2 candidates, Summary: 6b006784-d956-4970-8655-43461db3942f LOGISTIC -> Softplus improved: 22.2% error: 33.0302 -> 25.7137,output-0 LOGISTIC -> LogSigmoid improved: 29.3% error: 382.3526 -> 270.2773
Over populated 53, expected 50.
Fine tuning increased fitness by 2.1134329841743238e-9 to 0.998874024697402 adjusted 60 weights, 4 biases 
Fine tuning increased fitness by 1.0558550700423552e-9 to 0.9988740287201346 adjusted 60 weights, 4 biases 
Generation 97 score 0.998874079568129  error 0.0011134994710085132 avg time 1s 212ms
{
  error: 0.0011134994710085132,
  score: 0.998874079568129,
  generation: 97,
  time: 180167
}

=== Processing USDNZD (7/10) ===
9 mutations, mutation rate 12.9%, elitism 8, mutation FFW, selection FITNESS_PROPORTIONATE
Creature count: 44
Training 72ea644f with 1 binary file, target error: 0.000001, iterations: 1, sample rate: 100%, sparse: 100%
Discovery 72ea644f with 1 binary files, sample rate: 100%, batch size: 512
Discovery 72ea644f initialize time 93ms
Discovery 72ea644f processing .trainData-fx_c_88/USDNZD/data.bin
Discovery 72ea644f read time 4ms for .trainData-fx_c_88/USDNZD/data.bin with 1425 records
Discovery 72ea644f scanning time 533ms
Discovery 72ea644f recorded time 790ms
Training dea85a99 with 1 binary file, target error: 0.000001, iterations: 1, sample rate: 100%, sparse: 100%
Training 4b79dccd with 1 binary file, target error: 0.000001, iterations: 1, sample rate: 100%, sparse: 100%
Training 72ea644f increased fitness by 1.7437240984463642e-8 to 0.9988950781906346
Over populated 52, expected 50.
Training 0d94a42b with 1 binary file, target error: 0.000001, iterations: 1, sample rate: 100%, sparse: 100%
Fine tuning increased fitness by 9.941453771311615e-9 to 0.9988950881320884 adjusted 450 weights, 9 biases 
Training 528da2b8 with 1 binary file, target error: 0.000001, iterations: 1, sample rate: 100%, sparse: 100%
Discovered beneficial synapse from input-817 to output-0 with weight 1.0000, helping 31.0% more records than it harms (905/1425)
Discovery 72ea644f analyze time 5s 216ms found 1 candidates
Discovered harmful synapse from input-1211 to output-0, harming 12.4% more records than it helps (596/1425)
Discovery 72ea644f analyze harmful time 64ms found 1 candidates
Discovery 72ea644f analyze squashes time 93ms found 1 candidate, Summary: output-0 LOGISTIC -> Cosine improved: 4.1% error: 58.3425 -> 55.9591
Training 23e18d4f with 1 binary file, target error: 0.000001, iterations: 1, sample rate: 100%, sparse: 100%
Fine tuning increased fitness by 1.876199567929504e-7 to 0.9988954016033695 adjusted 435 weights, 9 biases 
Discovery 23e18d4f with 1 binary files, sample rate: 100%, batch size: 512
Discovery 23e18d4f initialize time 91ms
Discovery 23e18d4f processing .trainData-fx_c_88/USDNZD/data.bin
Discovery 23e18d4f read time 3ms for .trainData-fx_c_88/USDNZD/data.bin with 1425 records
Discovery 23e18d4f scanning time 507ms
Discovery 23e18d4f recorded time 825ms
Remove neuron 7eec7ffb-08a9-4767-99a7-e7cebd346151 as no longer connected
Over populated 56, expected 50.
Training 6647fb08 with 1 binary file, target error: 0.000001, iterations: 1, sample rate: 100%, sparse: 100%
Fine tuning increased fitness by 8.582700750103811e-8 to 0.998895487430377 adjusted 435 weights, 9 biases 
Training b8df7b41 with 1 binary file, target error: 0.000001, iterations: 1, sample rate: 100%, sparse: 100%
Fine tuning increased fitness by 2.560279210861438e-9 to 0.9988954899906562 adjusted 435 weights, 9 biases 
Discovered beneficial synapse from input-424 to output-0 with weight -1.0000, helping 24.9% more records than it harms (862/1425)
Discovery 23e18d4f analyze time 3s 237ms found 1 candidates
Over populated 52, expected 50.
Discovery 23e18d4f analyze harmful time 64ms found 0 candidates
Discovery 23e18d4f analyze squashes time 101ms found 1 candidate, Summary: output-0 LOGISTIC -> SELU improved: 5.5% error: 59.3221 -> 56.0421
Training 987f9930 with 1 binary file, target error: 0.000001, iterations: 1, sample rate: 100%, sparse: 100%
Fine tuning increased fitness by 8.840208232108182e-9 to 0.9988954988308645 adjusted 435 weights, 9 biases 
Discovery 987f9930 with 1 binary files, sample rate: 100%, batch size: 512
Discovery 987f9930 initialize time 87ms
Discovery 987f9930 processing .trainData-fx_c_88/USDNZD/data.bin
Discovery 987f9930 read time 2ms for .trainData-fx_c_88/USDNZD/data.bin with 1425 records
Discovery 987f9930 scanning time 483ms
Discovery 987f9930 recorded time 791ms
Over populated 54, expected 50.
Training 11eade12 with 1 binary file, target error: 0.000001, iterations: 1, sample rate: 100%, sparse: 100%
Fine tuning increased fitness by 1.375915825718721e-8 to 0.9988955125900227 adjusted 435 weights, 9 biases 
Over populated 52, expected 50.
Generation 10 score 0.9988955125900227  error 0.001093836441440832 avg time 1s 519ms
Training aded0efc with 1 binary file, target error: 0.000001, iterations: 1, sample rate: 100%, sparse: 100%
Fine tuning increased fitness by 1.788181192008409e-8 to 0.9988955304718347 adjusted 435 weights, 9 biases 
Over populated 52, expected 50.
Discovered beneficial synapse from input-817 to output-0 with weight 1.0000, helping 29.8% more records than it harms (896/1425)
Discovery 987f9930 analyze time 3s 199ms found 1 candidates
Discovered harmful synapse from input-1211 to output-0, harming 10.8% more records than it helps (607/1425)
Discovery 987f9930 analyze harmful time 63ms found 1 candidates
Discovery 987f9930 analyze squashes time 96ms found 1 candidate, Summary: output-0 LOGISTIC -> Cosine improved: 3.8% error: 58.7176 -> 56.4636
Training 80db4343 with 1 binary file, target error: 0.000001, iterations: 1, sample rate: 100%, sparse: 100%
Fine tuning increased fitness by 2.5000094883154134e-8 to 0.9988955554719295 adjusted 435 weights, 9 biases 
Discovery 80db4343 with 1 binary files, sample rate: 100%, batch size: 512
Discovery 80db4343 initialize time 89ms
Discovery 80db4343 processing .trainData-fx_c_88/USDNZD/data.bin
Discovery 80db4343 read time 3ms for .trainData-fx_c_88/USDNZD/data.bin with 1425 records
Discovery 80db4343 scanning time 563ms
Discovery 80db4343 recorded time 847ms
Over populated 56, expected 50.
Training 0e05e220 with 1 binary file, target error: 0.000001, iterations: 1, sample rate: 100%, sparse: 100%
Fine tuning increased fitness by 2.297594259292879e-8 to 0.9988955784478721 adjusted 435 weights, 9 biases 
Over populated 52, expected 50.
Training 92cf62a5 with 1 binary file, target error: 0.000001, iterations: 1, sample rate: 100%, sparse: 100%
Fine tuning increased fitness by 4.3885013734090705e-8 to 0.9988956223328859 adjusted 435 weights, 9 biases 
Over populated 52, expected 50.
Training e2828697 with 1 binary file, target error: 0.000001, iterations: 1, sample rate: 100%, sparse: 100%
Fine tuning increased fitness by 4.266488129456292e-8 to 0.9988956649977672 adjusted 435 weights, 9 biases 
Over populated 52, expected 50.
Training 829e5729 with 1 binary file, target error: 0.000001, iterations: 1, sample rate: 100%, sparse: 100%
Discovered beneficial synapse from input-817 to output-0 with weight 1.0000, helping 29.3% more records than it harms (893/1425)
Discovery 80db4343 analyze time 5s 491ms found 1 candidates
Discovered harmful synapse from input-1211 to output-0, harming 10.4% more records than it helps (610/1425)
Discovery 80db4343 analyze harmful time 66ms found 1 candidates
Discovery 80db4343 analyze squashes time 92ms found 1 candidate, Summary: output-0 LOGISTIC -> Cosine improved: 3.8% error: 58.7903 -> 56.5693
Training 7882813c with 1 binary file, target error: 0.000001, iterations: 1, sample rate: 100%, sparse: 100%
Fine tuning increased fitness by 7.778055743923318e-8 to 0.9988958062192203 adjusted 440 weights, 9 biases 
Discovery 7882813c with 1 binary files, sample rate: 100%, batch size: 512
Discovery 7882813c initialize time 89ms
Discovery 7882813c processing .trainData-fx_c_88/USDNZD/data.bin
Discovery 7882813c read time 1ms for .trainData-fx_c_88/USDNZD/data.bin with 1425 records
Discovery 7882813c scanning time 533ms
Discovery 7882813c recorded time 805ms
Over populated 56, expected 50.
Training df036354 with 1 binary file, target error: 0.000001, iterations: 1, sample rate: 100%, sparse: 100%
Fine tuning increased fitness by 2.033978638849021e-7 to 0.9988960096170841 adjusted 449 weights, 9 biases 
Training 2f117b0c with 1 binary file, target error: 0.000001, iterations: 1, sample rate: 100%, sparse: 100%
Training fed1d121 with 1 binary file, target error: 0.000001, iterations: 1, sample rate: 100%, sparse: 100%
Over populated 52, expected 50.
Generation 20 score 0.9988960546397216  error 0.0010932943917374345 avg time 1s 561ms
Training 8d518362 with 1 binary file, target error: 0.000001, iterations: 1, sample rate: 100%, sparse: 100%
Discovered beneficial synapse from input-817 to output-0 with weight 1.0000, helping 29.2% more records than it harms (892/1425)
Discovery 7882813c analyze time 5s 810ms found 1 candidates
Discovered harmful synapse from input-1211 to output-0, harming 10.2% more records than it helps (611/1425)
Discovery 7882813c analyze harmful time 64ms found 1 candidates
Discovery 7882813c analyze squashes time 194ms found 1 candidate, Summary: output-0 LOGISTIC -> Cosine improved: 3.8% error: 58.6708 -> 56.4485
Training e785fbc0 with 1 binary file, target error: 0.000001, iterations: 1, sample rate: 100%, sparse: 100%
Fine tuning increased fitness by 2.715158585742117e-7 to 0.9988964937234736 adjusted 441 weights, 9 biases 
Discovery e785fbc0 with 1 binary files, sample rate: 100%, batch size: 512
Discovery e785fbc0 initialize time 85ms
Discovery e785fbc0 processing .trainData-fx_c_88/USDNZD/data.bin
Discovery e785fbc0 read time 4ms for .trainData-fx_c_88/USDNZD/data.bin with 1425 records
Discovery e785fbc0 scanning time 522ms
Discovery e785fbc0 recorded time 779ms
Over populated 54, expected 50.
Training 84655b46 with 1 binary file, target error: 0.000001, iterations: 1, sample rate: 100%, sparse: 100%
Fine tuning increased fitness by 2.491393384929097e-7 to 0.998896742862812 adjusted 441 weights, 9 biases 
Training 1cbf0be1 with 1 binary file, target error: 0.000001, iterations: 1, sample rate: 100%, sparse: 100%
Fine tuning increased fitness by 1.8210168295507145e-7 to 0.998896924964495 adjusted 441 weights, 9 biases 
Discovered beneficial synapse from input-784 to output-0 with weight 1.0000, helping 42.2% more records than it harms (981/1425)
Discovery e785fbc0 analyze time 3s 210ms found 1 candidates
Discovered harmful synapse from input-1211 to output-0, harming 26.0% more records than it helps (495/1425)
Discovery e785fbc0 analyze harmful time 62ms found 1 candidates
Discovery e785fbc0 analyze squashes time 93ms found 1 candidate, Summary: output-0 LOGISTIC -> Cosine improved: 5.3% error: 56.3912 -> 53.3929
Training 84dd4cb9 with 1 binary file, target error: 0.000001, iterations: 1, sample rate: 100%, sparse: 100%
Fine tuning increased fitness by 2.500318397880008e-7 to 0.9988971749963348 adjusted 441 weights, 9 biases 
Discovery 84dd4cb9 with 1 binary files, sample rate: 100%, batch size: 512
Discovery 84dd4cb9 initialize time 88ms
Discovery 84dd4cb9 processing .trainData-fx_c_88/USDNZD/data.bin
Discovery 84dd4cb9 read time 1ms for .trainData-fx_c_88/USDNZD/data.bin with 1425 records
Discovery 84dd4cb9 scanning time 485ms
Discovery 84dd4cb9 recorded time 836ms
Over populated 53, expected 50.
Training b2fed369 with 1 binary file, target error: 0.000001, iterations: 1, sample rate: 100%, sparse: 100%
Fine tuning increased fitness by 2.6711962330949746e-7 to 0.9988974421159581 adjusted 441 weights, 9 biases 
Over populated 52, expected 50.
Training e22f70d4 with 1 binary file, target error: 0.000001, iterations: 1, sample rate: 100%, sparse: 100%
Over populated 52, expected 50.
Discovered beneficial synapse from input-784 to output-0 with weight 1.0000, helping 38.7% more records than it harms (957/1425)
Discovery 84dd4cb9 analyze time 3s 234ms found 1 candidates
Discovered harmful synapse from input-1211 to output-0, harming 21.7% more records than it helps (527/1425)
Discovery 84dd4cb9 analyze harmful time 94ms found 1 candidates
Discovery 84dd4cb9 analyze squashes time 103ms found 1 candidate, Summary: output-0 LOGISTIC -> Cosine improved: 5.1% error: 56.3981 -> 53.5469
Training b7fa063b with 1 binary file, target error: 0.000001, iterations: 1, sample rate: 100%, sparse: 100%
Training f7cea408 with 1 binary file, target error: 0.000001, iterations: 1, sample rate: 100%, sparse: 100%
Fine tuning increased fitness by 5.858085293519721e-7 to 0.9988989494182191 adjusted 442 weights, 9 biases 
Discovery f7cea408 with 1 binary files, sample rate: 100%, batch size: 512
Discovery f7cea408 initialize time 87ms
Discovery f7cea408 processing .trainData-fx_c_88/USDNZD/data.bin
Discovery f7cea408 read time 1ms for .trainData-fx_c_88/USDNZD/data.bin with 1425 records
Discovery f7cea408 scanning time 566ms
Discovery f7cea408 recorded time 841ms
Over populated 56, expected 50.
Training cb5a55ed with 1 binary file, target error: 0.000001, iterations: 1, sample rate: 100%, sparse: 100%
Generation 30 score 0.9988989494182191  error 0.0010903996131508217 avg time 1s 474ms
Training 922017b2 with 1 binary file, target error: 0.000001, iterations: 1, sample rate: 100%, sparse: 100%
Over populated 52, expected 50.
Training 004c16d3 with 1 binary file, target error: 0.000001, iterations: 1, sample rate: 100%, sparse: 100%
Fine tuning increased fitness by 1.62859810193261e-7 to 0.9988992030037973 adjusted 320 weights, 5 biases 
Discovered beneficial synapse from input-784 to output-0 with weight 1.0000, helping 45.2% more records than it harms (999/1425)
Discovery f7cea408 analyze time 3s 424ms found 1 candidates
Discovered harmful synapse from input-1211 to output-0, harming 34.7% more records than it helps (430/1425)
Discovery f7cea408 analyze harmful time 65ms found 1 candidates
Discovery f7cea408 analyze squashes time 88ms found 1 candidate, Summary: output-0 LOGISTIC -> Cosine improved: 6.5% error: 54.0603 -> 50.5429
Training 066a2a6a with 1 binary file, target error: 0.000001, iterations: 1, sample rate: 100%, sparse: 100%
Fine tuning increased fitness by 2.942598638089322e-7 to 0.9988994972636611 adjusted 320 weights, 5 biases 
Discovery 066a2a6a with 1 binary files, sample rate: 100%, batch size: 512
Discovery 066a2a6a initialize time 89ms
Discovery 066a2a6a processing .trainData-fx_c_88/USDNZD/data.bin
Discovery 066a2a6a read time 6ms for .trainData-fx_c_88/USDNZD/data.bin with 1425 records
Discovery 066a2a6a scanning time 536ms
Discovery 066a2a6a recorded time 817ms
Training c6d8cca4 with 1 binary file, target error: 0.000001, iterations: 1, sample rate: 100%, sparse: 100%
Fine tuning increased fitness by 4.6985485580020026e-7 to 0.9988999671185169 adjusted 320 weights, 5 biases 
Training 8d1b25df with 1 binary file, target error: 0.000001, iterations: 1, sample rate: 100%, sparse: 100%
Fine tuning increased fitness by 8.992442035449244e-7 to 0.9989008663627205 adjusted 305 weights, 5 biases 
Over populated 52, expected 50.
Training 728cdf58 with 1 binary file, target error: 0.000001, iterations: 1, sample rate: 100%, sparse: 100%
Discovered beneficial synapse from input-817 to output-0 with weight 1.0000, helping 44.9% more records than it harms (997/1425)
Discovery 066a2a6a analyze time 3s 303ms found 1 candidates
Discovered harmful synapse from input-1211 to output-0, harming 34.7% more records than it helps (430/1425)
Discovery 066a2a6a analyze harmful time 67ms found 1 candidates
Fine tuning increased fitness by 0.000001715174993699442 to 0.9989025815377142 adjusted 305 weights, 5 biases 
Discovery 066a2a6a analyze squashes time 101ms found 1 candidate, Summary: output-0 LOGISTIC -> Cosine improved: 6.5% error: 54.1548 -> 50.6357
Constant neuron 93217c2f-9764-4381-9fcc-8a68b25c701e convert hidden to constant
Adjust neuron 93217c2f-9764-4381-9fcc-8a68b25c701e bias 0.0090014 to 0.008921097631777319
Over populated 52, expected 50.
Training df39afa8 with 1 binary file, target error: 0.000001, iterations: 1, sample rate: 100%, sparse: 100%
Fine tuning increased fitness by 0.0000014563512745757734 to 0.9989040378889887 adjusted 300 weights, 5 biases 
Discovery df39afa8 with 1 binary files, sample rate: 100%, batch size: 512
Discovery df39afa8 initialize time 88ms
Discovery df39afa8 processing .trainData-fx_c_88/USDNZD/data.bin
Discovery df39afa8 read time 3ms for .trainData-fx_c_88/USDNZD/data.bin with 1425 records
Discovery df39afa8 scanning time 520ms
Discovery df39afa8 recorded time 795ms
Over populated 53, expected 50.
Training b6cd630c with 1 binary file, target error: 0.000001, iterations: 1, sample rate: 100%, sparse: 100%
Fine tuning increased fitness by 0.0000018637595092796388 to 0.998905901648498 adjusted 288 weights, 5 biases 
Over populated 52, expected 50.
Training f616e2ab with 1 binary file, target error: 0.000001, iterations: 1, sample rate: 100%, sparse: 100%
Fine tuning increased fitness by 7.67072357077403e-7 to 0.9989066687208551 adjusted 288 weights, 5 biases 
Discovered beneficial synapse from input-817 to output-0 with weight 1.0000, helping 44.9% more records than it harms (997/1425)
Discovery df39afa8 analyze time 3s 11ms found 1 candidates
Discovered harmful synapse from input-1211 to output-0, harming 34.7% more records than it helps (430/1425)
Discovery df39afa8 analyze harmful time 64ms found 1 candidates
Discovery df39afa8 analyze squashes time 104ms found 1 candidate, Summary: output-0 LOGISTIC -> Cosine improved: 6.5% error: 53.8348 -> 50.3145
Training cd568b66 with 1 binary file, target error: 0.000001, iterations: 1, sample rate: 100%, sparse: 100%
Fine tuning increased fitness by 8.431942003506165e-7 to 0.9989075119150554 adjusted 288 weights, 5 biases 
Discovery cd568b66 with 1 binary files, sample rate: 100%, batch size: 512
Discovery cd568b66 initialize time 92ms
Discovery cd568b66 processing .trainData-fx_c_88/USDNZD/data.bin
Discovery cd568b66 read time 5ms for .trainData-fx_c_88/USDNZD/data.bin with 1425 records
Discovery cd568b66 scanning time 526ms
Discovery cd568b66 recorded time 790ms
Over populated 54, expected 50.
Generation 40 score 0.9989075119150554  error 0.0010818271163342517 avg time 1s 494ms
Training 1e89d330 with 1 binary file, target error: 0.000001, iterations: 1, sample rate: 100%, sparse: 100%
Fine tuning increased fitness by 1.0642113545955567e-7 to 0.9989076183361909 adjusted 288 weights, 5 biases 
Training 3f796e87 with 1 binary file, target error: 0.000001, iterations: 1, sample rate: 100%, sparse: 100%
Fine tuning increased fitness by 2.4147470789603886e-7 to 0.9989078598108988 adjusted 288 weights, 5 biases 
Discovered beneficial synapse from input-817 to output-0 with weight 1.0000, helping 46.0% more records than it harms (1005/1425)
Discovery cd568b66 analyze time 3s 12ms found 1 candidates
Discovered harmful synapse from input-1211 to output-0, harming 35.2% more records than it helps (427/1425)
Discovery cd568b66 analyze harmful time 66ms found 1 candidates
Discovery cd568b66 analyze squashes time 114ms found 1 candidate, Summary: output-0 LOGISTIC -> Cosine improved: 6.6% error: 54.1904 -> 50.6255
Training bb7dbd4d with 1 binary file, target error: 0.000001, iterations: 1, sample rate: 100%, sparse: 100%
Fine tuning increased fitness by 3.115343019111094e-7 to 0.9989081713452007 adjusted 288 weights, 5 biases 
Discovery bb7dbd4d with 1 binary files, sample rate: 100%, batch size: 512
Discovery bb7dbd4d initialize time 90ms
Discovery bb7dbd4d processing .trainData-fx_c_88/USDNZD/data.bin
Discovery bb7dbd4d read time 3ms for .trainData-fx_c_88/USDNZD/data.bin with 1425 records
Discovery bb7dbd4d scanning time 551ms
Discovery bb7dbd4d recorded time 821ms
Over populated 55, expected 50.
Training 822e67f9 with 1 binary file, target error: 0.000001, iterations: 1, sample rate: 100%, sparse: 100%
Training c6c97da7 with 1 binary file, target error: 0.000001, iterations: 1, sample rate: 100%, sparse: 100%
Discovered beneficial synapse from input-817 to output-0 with weight 1.0000, helping 46.0% more records than it harms (1005/1425)
Discovery bb7dbd4d analyze time 3s 245ms found 1 candidates
Training 81ae4252 with 1 binary file, target error: 0.000001, iterations: 1, sample rate: 100%, sparse: 100%
Discovered harmful synapse from input-1211 to output-0, harming 35.2% more records than it helps (427/1425)
Discovery bb7dbd4d analyze harmful time 67ms found 1 candidates
Discovery bb7dbd4d analyze squashes time 91ms found 1 candidate, Summary: output-0 LOGISTIC -> Cosine improved: 6.6% error: 54.1805 -> 50.6163
Constant neuron 5b4c8740-ee5c-42d9-b8a8-194273b0411e convert hidden to constant
Adjust neuron 5b4c8740-ee5c-42d9-b8a8-194273b0411e bias 0.0090014 to 0.008921097631777319
Training db92e75a with 1 binary file, target error: 0.000001, iterations: 1, sample rate: 100%, sparse: 100%
Training c6c97da7 increased fitness by 3.900556044822423e-8 to 0.998909345774587
Discovery db92e75a with 1 binary files, sample rate: 100%, batch size: 512
Discovery db92e75a initialize time 80ms
Discovery db92e75a processing .trainData-fx_c_88/USDNZD/data.bin
Discovery db92e75a read time 1ms for .trainData-fx_c_88/USDNZD/data.bin with 1425 records
Discovery db92e75a scanning time 513ms
Discovery db92e75a recorded time 780ms
Training 6342700f with 1 binary file, target error: 0.000001, iterations: 1, sample rate: 100%, sparse: 100%
Training 032bdb05 with 1 binary file, target error: 0.000001, iterations: 1, sample rate: 100%, sparse: 100%
Training 60cc3462 with 1 binary file, target error: 0.000001, iterations: 1, sample rate: 100%, sparse: 100%
Discovered beneficial synapse from input-48 to output-0 with weight 1.0000, helping 35.9% more records than it harms (939/1425)
Discovery db92e75a analyze time 3s 259ms found 1 candidates
Discovered harmful synapse from input-1211 to output-0, harming 25.6% more records than it helps (501/1425)
Discovery db92e75a analyze harmful time 66ms found 1 candidates
Discovery db92e75a analyze squashes time 173ms found 1 candidate, Summary: output-0 LOGISTIC -> Cosine improved: 5.0% error: 55.6105 -> 52.8410
Generation 50 score 0.998909478717158  error 0.0010798603142389866 avg time 1s 428ms
Training c3b52f15 with 1 binary file, target error: 0.000001, iterations: 1, sample rate: 100%, sparse: 100%
Discovery c3b52f15 with 1 binary files, sample rate: 100%, batch size: 512
Discovery c3b52f15 initialize time 82ms
Discovery c3b52f15 processing .trainData-fx_c_88/USDNZD/data.bin
Discovery c3b52f15 read time  for .trainData-fx_c_88/USDNZD/data.bin with 1425 records
Discovery c3b52f15 scanning time 498ms
Discovery c3b52f15 recorded time 834ms
Over populated 56, expected 50.
Training a495f0d6 with 1 binary file, target error: 0.000001, iterations: 1, sample rate: 100%, sparse: 100%
Fine tuning increased fitness by 9.119519783773455e-8 to 0.9989096405672462 adjusted 464 weights, 6 biases 
Training 0a673a81 with 1 binary file, target error: 0.000001, iterations: 1, sample rate: 100%, sparse: 100%
Fine tuning increased fitness by 4.7620525411851133e-8 to 0.9989096881877716 adjusted 464 weights, 6 biases 
Discovered beneficial synapse from input-83 to output-0 with weight -1.0000, helping 44.5% more records than it harms (998/1425)
Discovery c3b52f15 analyze time 3s 191ms found 1 candidates
Discovered harmful synapse from input-1211 to output-0, harming 34.5% more records than it helps (435/1425)
Discovery c3b52f15 analyze harmful time 66ms found 1 candidates
Discovery c3b52f15 analyze squashes time 89ms found 1 candidate, Summary: output-0 LOGISTIC -> Cosine improved: 6.1% error: 54.5791 -> 51.2758
Over populated 52, expected 50.
Training ff12e33d with 1 binary file, target error: 0.000001, iterations: 1, sample rate: 100%, sparse: 100%
Training a495f0d6 increased fitness by 2.6755132886968624e-8 to 0.9989097149429045
Discovery ff12e33d with 1 binary files, sample rate: 100%, batch size: 512
Discovery ff12e33d initialize time 87ms
Discovery ff12e33d processing .trainData-fx_c_88/USDNZD/data.bin
Discovery ff12e33d read time 5ms for .trainData-fx_c_88/USDNZD/data.bin with 1425 records
Discovery ff12e33d scanning time 525ms
Discovery ff12e33d recorded time 800ms
Over populated 53, expected 50.
Training 9cd98ef8 with 1 binary file, target error: 0.000001, iterations: 1, sample rate: 100%, sparse: 100%
Training a5b1a4f1 with 1 binary file, target error: 0.000001, iterations: 1, sample rate: 100%, sparse: 100%
Discovered beneficial synapse from input-48 to output-0 with weight 1.0000, helping 32.1% more records than it harms (913/1425)
Discovery ff12e33d analyze time 3s 205ms found 1 candidates
Discovered harmful synapse from input-1211 to output-0, harming 21.1% more records than it helps (534/1425)
Discovery ff12e33d analyze harmful time 66ms found 1 candidates
Discovery ff12e33d analyze squashes time 95ms found 1 candidate, Summary: output-0 LOGISTIC -> Cosine improved: 4.7% error: 55.5434 -> 52.9123
Training 5d5c583c with 1 binary file, target error: 0.000001, iterations: 1, sample rate: 100%, sparse: 100%
Fine tuning increased fitness by 7.827473058608092e-8 to 0.9989099157139596 adjusted 661 weights, 9 biases 
Discovery 5d5c583c with 1 binary files, sample rate: 100%, batch size: 512
Discovery 5d5c583c initialize time 87ms
Discovery 5d5c583c processing .trainData-fx_c_88/USDNZD/data.bin
Discovery 5d5c583c read time 3ms for .trainData-fx_c_88/USDNZD/data.bin with 1425 records
Discovery 5d5c583c scanning time 544ms
Discovery 5d5c583c recorded time 818ms
Over populated 54, expected 50.
Training a7cbc8ae with 1 binary file, target error: 0.000001, iterations: 1, sample rate: 100%, sparse: 100%
Fine tuning increased fitness by 5.268730063345828e-8 to 0.9989099684012602 adjusted 661 weights, 9 biases 
Training c5d45504 with 1 binary file, target error: 0.000001, iterations: 1, sample rate: 100%, sparse: 100%
Discovered beneficial synapse from input-83 to output-0 with weight -1.0000, helping 39.2% more records than it harms (962/1425)
Discovery 5d5c583c analyze time 3s 27ms found 1 candidates
Discovered harmful synapse from input-1211 to output-0, harming 29.5% more records than it helps (473/1425)
Discovery 5d5c583c analyze harmful time 89ms found 1 candidates
Discovery 5d5c583c analyze squashes time 112ms found 1 candidate, Summary: output-0 LOGISTIC -> Cosine improved: 5.3% error: 55.3297 -> 52.3812
Training 236c7de3 with 1 binary file, target error: 0.000001, iterations: 1, sample rate: 100%, sparse: 100%
Fine tuning increased fitness by 2.649656132280853e-7 to 0.9989103866101113 adjusted 638 weights, 9 biases 
Discovery 236c7de3 with 1 binary files, sample rate: 100%, batch size: 512
Discovery 236c7de3 initialize time 84ms
Discovery 236c7de3 processing .trainData-fx_c_88/USDNZD/data.bin
Discovery 236c7de3 read time 3ms for .trainData-fx_c_88/USDNZD/data.bin with 1425 records
Discovery 236c7de3 scanning time 540ms
Discovery 236c7de3 recorded time 823ms
Over populated 54, expected 50.
Generation 60 score 0.9989103866101113  error 0.001078942421314716 avg time 1s 589ms
Training 4e2e14bf with 1 binary file, target error: 0.000001, iterations: 1, sample rate: 100%, sparse: 100%
Fine tuning increased fitness by 5.433159475654037e-7 to 0.9989109299260589 adjusted 618 weights, 9 biases 
Over populated 52, expected 50.
Training f8976417 with 1 binary file, target error: 0.000001, iterations: 1, sample rate: 100%, sparse: 100%
Fine tuning increased fitness by 2.6423744670101e-7 to 0.9989111941635056 adjusted 618 weights, 9 biases 
Discovered beneficial synapse from input-83 to output-0 with weight -1.0000, helping 42.7% more records than it harms (986/1425)
Discovery 236c7de3 analyze time 3s 17ms found 1 candidates
Discovered harmful synapse from input-1211 to output-0, harming 32.7% more records than it helps (449/1425)
Discovery 236c7de3 analyze harmful time 67ms found 1 candidates
Discovery 236c7de3 analyze squashes time 104ms found 1 candidate, Summary: output-0 LOGISTIC -> Cosine improved: 5.9% error: 55.0338 -> 51.7970
Over populated 52, expected 50.
Training 43ac24cc with 1 binary file, target error: 0.000001, iterations: 1, sample rate: 100%, sparse: 100%
Fine tuning increased fitness by 3.7552317011524394e-7 to 0.9989115696866757 adjusted 618 weights, 9 biases 
Discovery 43ac24cc with 1 binary files, sample rate: 100%, batch size: 512
Discovery 43ac24cc initialize time 78ms
Discovery 43ac24cc processing .trainData-fx_c_88/USDNZD/data.bin
Discovery 43ac24cc read time 2ms for .trainData-fx_c_88/USDNZD/data.bin with 1425 records
Discovery 43ac24cc scanning time 560ms
Discovery 43ac24cc recorded time 839ms
Over populated 54, expected 50.
Training 39f242a3 with 1 binary file, target error: 0.000001, iterations: 1, sample rate: 100%, sparse: 100%
Training a211cd75 with 1 binary file, target error: 0.000001, iterations: 1, sample rate: 100%, sparse: 100%
Fine tuning increased fitness by 0.000002090317255842855 to 0.9989141865583756 adjusted 612 weights, 9 biases 
Discovered beneficial synapse from input-83 to output-0 with weight -1.0000, helping 50.5% more records than it harms (1038/1425)
Discovery 43ac24cc analyze time 3s 101ms found 1 candidates
Discovered harmful synapse from input-1211 to output-0, harming 41.1% more records than it helps (386/1425)
Discovery 43ac24cc analyze harmful time 65ms found 1 candidates
Discovery 43ac24cc analyze squashes time 92ms found 1 candidate, Summary: output-0 LOGISTIC -> Cosine improved: 6.4% error: 54.2786 -> 50.8018
Training afbddd1d with 1 binary file, target error: 0.000001, iterations: 1, sample rate: 100%, sparse: 100%
Discovery afbddd1d with 1 binary files, sample rate: 100%, batch size: 512
Discovery afbddd1d initialize time 83ms
Discovery afbddd1d processing .trainData-fx_c_88/USDNZD/data.bin
Discovery afbddd1d read time 3ms for .trainData-fx_c_88/USDNZD/data.bin with 1425 records
Discovery afbddd1d scanning time 480ms
Discovery afbddd1d recorded time 798ms
Over populated 54, expected 50.
Training 21446129 with 1 binary file, target error: 0.000001, iterations: 1, sample rate: 100%, sparse: 100%
Fine tuning increased fitness by 2.79355237720047e-7 to 0.9989160847825954 adjusted 615 weights, 9 biases 
Over populated 52, expected 50.
Training 5d9aeb1d with 1 binary file, target error: 0.000001, iterations: 1, sample rate: 100%, sparse: 100%
Discovered beneficial synapse from input-48 to output-0 with weight 1.0000, helping 40.4% more records than it harms (971/1425)
Discovery afbddd1d analyze time 3s 228ms found 1 candidates
Discovered harmful synapse from input-1211 to output-0, harming 29.1% more records than it helps (476/1425)
Discovery afbddd1d analyze harmful time 66ms found 1 candidates
Discovery afbddd1d analyze squashes time 87ms found 1 candidate, Summary: output-0 LOGISTIC -> Cosine improved: 5.4% error: 56.0855 -> 53.0664
Training 44174464 with 1 binary file, target error: 0.000001, iterations: 1, sample rate: 100%, sparse: 100%
Discovery 44174464 with 1 binary files, sample rate: 100%, batch size: 512
Discovery 44174464 initialize time 81ms
Discovery 44174464 processing .trainData-fx_c_88/USDNZD/data.bin
Discovery 44174464 read time 5ms for .trainData-fx_c_88/USDNZD/data.bin with 1425 records
Discovery 44174464 scanning time 466ms
Discovery 44174464 recorded time 810ms
Over populated 53, expected 50.
Training fd0703ef with 1 binary file, target error: 0.000001, iterations: 1, sample rate: 100%, sparse: 100%
Fine tuning increased fitness by 3.0361840241965865e-7 to 0.9989170549393785 adjusted 293 weights, 4 biases 
Generation 70 score 0.9989170549393785  error 0.0010722640920787078 avg time 1s 542ms
Training ffc2b6d7 with 1 binary file, target error: 0.000001, iterations: 1, sample rate: 100%, sparse: 100%
Fine tuning increased fitness by 3.9724552824971227e-7 to 0.9989174521849068 adjusted 293 weights, 4 biases 
Discovered beneficial synapse from input-48 to output-0 with weight 1.0000, helping 42.5% more records than it harms (983/1425)
Discovery 44174464 analyze time 3s 57ms found 1 candidates
Discovered harmful synapse from input-1211 to output-0, harming 32.8% more records than it helps (447/1425)
Discovery 44174464 analyze harmful time 65ms found 1 candidates
Discovery 44174464 analyze squashes time 112ms found 1 candidate, Summary: output-0 LOGISTIC -> Cosine improved: 5.7% error: 55.9841 -> 52.7677
Training 8c2515c0 with 1 binary file, target error: 0.000001, iterations: 1, sample rate: 100%, sparse: 100%
Fine tuning increased fitness by 1.6920060219582922e-7 to 0.998917621385509 adjusted 293 weights, 4 biases 
Discovery 8c2515c0 with 1 binary files, sample rate: 100%, batch size: 512
Discovery 8c2515c0 initialize time 88ms
Discovery 8c2515c0 processing .trainData-fx_c_88/USDNZD/data.bin
Discovery 8c2515c0 read time 3ms for .trainData-fx_c_88/USDNZD/data.bin with 1425 records
Discovery 8c2515c0 scanning time 525ms
Discovery 8c2515c0 recorded time 803ms
Over populated 56, expected 50.
Training 995bf1d7 with 1 binary file, target error: 0.000001, iterations: 1, sample rate: 100%, sparse: 100%
Fine tuning increased fitness by 1.2723587050622598e-7 to 0.9989177486213795 adjusted 293 weights, 4 biases 
Training 902cf38b with 1 binary file, target error: 0.000001, iterations: 1, sample rate: 100%, sparse: 100%
Discovered beneficial synapse from input-48 to output-0 with weight 1.0000, helping 42.7% more records than it harms (985/1425)
Discovery 8c2515c0 analyze time 2s 993ms found 1 candidates
Discovered harmful synapse from input-1211 to output-0, harming 33.1% more records than it helps (445/1425)
Discovery 8c2515c0 analyze harmful time 74ms found 1 candidates
Discovery 8c2515c0 analyze squashes time 117ms found 1 candidate, Summary: output-0 LOGISTIC -> Cosine improved: 5.8% error: 55.8861 -> 52.6636
Training 8182d251 with 1 binary file, target error: 0.000001, iterations: 1, sample rate: 100%, sparse: 100%
Fine tuning increased fitness by 4.0640654574986e-7 to 0.9989184944334906 adjusted 283 weights, 4 biases 
Discovery 8182d251 with 1 binary files, sample rate: 100%, batch size: 512
Discovery 8182d251 initialize time 79ms
Discovery 8182d251 processing .trainData-fx_c_88/USDNZD/data.bin
Discovery 8182d251 read time 5ms for .trainData-fx_c_88/USDNZD/data.bin with 1425 records
Discovery 8182d251 scanning time 506ms
Discovery 8182d251 recorded time 774ms
Over populated 55, expected 50.
Training ab04a1ba with 1 binary file, target error: 0.000001, iterations: 1, sample rate: 100%, sparse: 100%
Fine tuning increased fitness by 3.725277257782267e-7 to 0.9989188669612163 adjusted 283 weights, 4 biases 
Training 49910c8d with 1 binary file, target error: 0.000001, iterations: 1, sample rate: 100%, sparse: 100%
Discovered beneficial synapse from input-48 to output-0 with weight 1.0000, helping 42.7% more records than it harms (986/1425)
Discovery 8182d251 analyze time 3s 128ms found 1 candidates
Discovered harmful synapse from input-1211 to output-0, harming 33.2% more records than it helps (445/1425)
Discovery 8182d251 analyze harmful time 74ms found 1 candidates
Discovery 8182d251 analyze squashes time 106ms found 1 candidate, Summary: output-0 LOGISTIC -> Cosine improved: 5.8% error: 56.0136 -> 52.7903
Training 020e117f with 1 binary file, target error: 0.000001, iterations: 1, sample rate: 100%, sparse: 100%
Discovery 020e117f with 1 binary files, sample rate: 100%, batch size: 512
Discovery 020e117f initialize time 80ms
Discovery 020e117f processing .trainData-fx_c_88/USDNZD/data.bin
Discovery 020e117f read time 2ms for .trainData-fx_c_88/USDNZD/data.bin with 1425 records
Discovery 020e117f scanning time 477ms
Discovery 020e117f recorded time 739ms
Over populated 54, expected 50.
Training 92c02ff2 with 1 binary file, target error: 0.000001, iterations: 1, sample rate: 100%, sparse: 100%
Fine tuning increased fitness by 9.999734088550483e-7 to 0.9989237300974027 adjusted 285 weights, 3 biases 
Training 0857c9ba with 1 binary file, target error: 0.000001, iterations: 1, sample rate: 100%, sparse: 100%
Discovered beneficial synapse from input-48 to output-0 with weight 1.0000, helping 42.6% more records than it harms (987/1425)
Discovery 020e117f analyze time 3s 249ms found 1 candidates
Discovered harmful synapse from input-1211 to output-0, harming 33.6% more records than it helps (444/1425)
Discovery 020e117f analyze harmful time 67ms found 1 candidates
Discovery 020e117f analyze squashes time 87ms found 1 candidate, Summary: output-0 LOGISTIC -> Cosine improved: 5.7% error: 56.6055 -> 53.3820
Generation 80 score 0.9989237300974027  error 0.001065588934046737 avg time 1s 476ms
Training 10afc41b with 1 binary file, target error: 0.000001, iterations: 1, sample rate: 100%, sparse: 100%
Discovery 10afc41b with 1 binary files, sample rate: 100%, batch size: 512
Discovery 10afc41b initialize time 82ms
Discovery 10afc41b processing .trainData-fx_c_88/USDNZD/data.bin
Discovery 10afc41b read time  for .trainData-fx_c_88/USDNZD/data.bin with 1425 records
Discovery 10afc41b scanning time 499ms
Discovery 10afc41b recorded time 809ms
Over populated 55, expected 50.
Training 4a9c8def with 1 binary file, target error: 0.000001, iterations: 1, sample rate: 100%, sparse: 100%
Training 16515d3a with 1 binary file, target error: 0.000001, iterations: 1, sample rate: 100%, sparse: 100%
Discovered beneficial synapse from input-48 to output-0 with weight 1.0000, helping 39.4% more records than it harms (965/1425)
Discovery 10afc41b analyze time 3s 202ms found 1 candidates
Discovered harmful synapse from input-1211 to output-0, harming 29.3% more records than it helps (476/1425)
Discovery 10afc41b analyze harmful time 72ms found 1 candidates
Discovery 10afc41b analyze squashes time 96ms found 1 candidate, Summary: output-0 LOGISTIC -> Cosine improved: 5.3% error: 56.2514 -> 53.2462
Training 086ece93 with 1 binary file, target error: 0.000001, iterations: 1, sample rate: 100%, sparse: 100%
Fine tuning increased fitness by 3.940987964856646e-7 to 0.9989242393612191 adjusted 192 weights, 5 biases 
Discovery 086ece93 with 1 binary files, sample rate: 100%, batch size: 512
Discovery 086ece93 initialize time 79ms
Discovery 086ece93 processing .trainData-fx_c_88/USDNZD/data.bin
Discovery 086ece93 read time 2ms for .trainData-fx_c_88/USDNZD/data.bin with 1425 records
Discovery 086ece93 scanning time 529ms
Discovery 086ece93 recorded time 796ms
Over populated 56, expected 50.
Training ce86807f with 1 binary file, target error: 0.000001, iterations: 1, sample rate: 100%, sparse: 100%
Fine tuning increased fitness by 2.422504320476193e-7 to 0.9989244816116511 adjusted 192 weights, 5 biases 
Training 304fcb74 with 1 binary file, target error: 0.000001, iterations: 1, sample rate: 100%, sparse: 100%
Fine tuning increased fitness by 1.040630562831879e-7 to 0.9989245856747074 adjusted 192 weights, 5 biases 
Discovered beneficial synapse from input-48 to output-0 with weight 1.0000, helping 35.6% more records than it harms (938/1425)
Discovery 086ece93 analyze time 3s 38ms found 1 candidates
Discovered harmful synapse from input-1211 to output-0, harming 23.2% more records than it helps (519/1425)
Discovery 086ece93 analyze harmful time 64ms found 1 candidates
Discovery 086ece93 analyze squashes time 95ms found 1 candidate, Summary: output-0 LOGISTIC -> Cosine improved: 5.0% error: 56.3516 -> 53.5211
Training 052b10c6 with 1 binary file, target error: 0.000001, iterations: 1, sample rate: 100%, sparse: 100%
Discovery 052b10c6 with 1 binary files, sample rate: 100%, batch size: 512
Discovery 052b10c6 initialize time 84ms
Discovery 052b10c6 processing .trainData-fx_c_88/USDNZD/data.bin
Discovery 052b10c6 read time 2ms for .trainData-fx_c_88/USDNZD/data.bin with 1425 records
Discovery 052b10c6 scanning time 525ms
Discovery 052b10c6 recorded time 784ms
Over populated 56, expected 50.
Training d39f7745 with 1 binary file, target error: 0.000001, iterations: 1, sample rate: 100%, sparse: 100%
Training ffb42831 with 1 binary file, target error: 0.000001, iterations: 1, sample rate: 100%, sparse: 100%
Fine tuning increased fitness by 9.47811906737428e-9 to 0.9989254856549945 adjusted 980 weights, 9 biases 
Discovered beneficial synapse from input-48 to output-0 with weight 1.0000, helping 35.6% more records than it harms (938/1425)
Discovery 052b10c6 analyze time 3s 216ms found 1 candidates
Discovered harmful synapse from input-1211 to output-0, harming 23.2% more records than it helps (519/1425)
Discovery 052b10c6 analyze harmful time 82ms found 1 candidates
Discovery 052b10c6 analyze squashes time 96ms found 1 candidate, Summary: output-0 LOGISTIC -> Cosine improved: 5.0% error: 56.3525 -> 53.5225
Training 14ec9568 with 1 binary file, target error: 0.000001, iterations: 1, sample rate: 100%, sparse: 100%
Discovery 14ec9568 with 1 binary files, sample rate: 100%, batch size: 512
Discovery 14ec9568 initialize time 79ms
Discovery 14ec9568 processing .trainData-fx_c_88/USDNZD/data.bin
Discovery 14ec9568 read time 2ms for .trainData-fx_c_88/USDNZD/data.bin with 1425 records
Discovery 14ec9568 scanning time 516ms
Discovery 14ec9568 recorded time 776ms
Over populated 53, expected 50.
Generation 90 score 0.9989255027843762  error 0.0010638162470727763 avg time 1s 510ms
Training 84576e64 with 1 binary file, target error: 0.000001, iterations: 1, sample rate: 100%, sparse: 100%
Training f0642492 with 1 binary file, target error: 0.000001, iterations: 1, sample rate: 100%, sparse: 100%
Fine tuning increased fitness by 3.1981227999189343e-8 to 0.9989255527310394 adjusted 436 weights, 6 biases 
Discovered beneficial synapse from input-48 to output-0 with weight 1.0000, helping 35.6% more records than it harms (938/1425)
Discovery 14ec9568 analyze time 3s 266ms found 1 candidates
Discovered harmful synapse from input-1211 to output-0, harming 23.5% more records than it helps (517/1425)
Discovery 14ec9568 analyze harmful time 66ms found 1 candidates
Discovery 14ec9568 analyze squashes time 88ms found 1 candidate, Summary: output-0 LOGISTIC -> Cosine improved: 4.9% error: 56.4407 -> 53.6760
Over populated 52, expected 50.
Training 66e1712b with 1 binary file, target error: 0.000001, iterations: 1, sample rate: 100%, sparse: 100%
Discovery 66e1712b with 1 binary files, sample rate: 100%, batch size: 512
Discovery 66e1712b initialize time 80ms
Discovery 66e1712b processing .trainData-fx_c_88/USDNZD/data.bin
Discovery 66e1712b read time  for .trainData-fx_c_88/USDNZD/data.bin with 1425 records
Discovery 66e1712b scanning time 466ms
Discovery 66e1712b recorded time 795ms
Over populated 55, expected 50.
Training d5eee151 with 1 binary file, target error: 0.000001, iterations: 1, sample rate: 100%, sparse: 100%
Fine tuning increased fitness by 4.1849318910269773e-7 to 0.9989261893981982 adjusted 872 weights, 9 biases 
Training d41b2e07 with 1 binary file, target error: 0.000001, iterations: 1, sample rate: 100%, sparse: 100%
Fine tuning increased fitness by 3.626959839131416e-7 to 0.9989265520941821 adjusted 872 weights, 9 biases 
Discovered beneficial synapse from input-48 to output-0 with weight 1.0000, helping 38.1% more records than it harms (957/1425)
Discovery 66e1712b analyze time 3s 35ms found 1 candidates
Discovered harmful synapse from input-1211 to output-0, harming 27.4% more records than it helps (490/1425)
Discovery 66e1712b analyze harmful time 65ms found 1 candidates
Discovery 66e1712b analyze squashes time 106ms found 1 candidate, Summary: output-0 LOGISTIC -> Cosine improved: 5.0% error: 56.3372 -> 53.5097
Training 1e76f5c4 with 1 binary file, target error: 0.000001, iterations: 1, sample rate: 100%, sparse: 100%
Fine tuning increased fitness by 3.174529992211461e-7 to 0.9989268695471814 adjusted 872 weights, 9 biases 
Discovery 1e76f5c4 with 1 binary files, sample rate: 100%, batch size: 512
Discovery 1e76f5c4 initialize time 80ms
Discovery 1e76f5c4 processing .trainData-fx_c_88/USDNZD/data.bin
Discovery 1e76f5c4 read time  for .trainData-fx_c_88/USDNZD/data.bin with 1425 records
Discovery 1e76f5c4 scanning time 530ms
Discovery 1e76f5c4 recorded time 787ms
Over populated 54, expected 50.
Training 73b42f6a with 1 binary file, target error: 0.000001, iterations: 1, sample rate: 100%, sparse: 100%
Fine tuning increased fitness by 4.023876271075366e-7 to 0.9989272719348085 adjusted 872 weights, 9 biases 
Training 0af481a2 with 1 binary file, target error: 0.000001, iterations: 1, sample rate: 100%, sparse: 100%
Fine tuning increased fitness by 5.320599901770251e-7 to 0.9989278039947986 adjusted 872 weights, 9 biases 
Discovered beneficial synapse from input-48 to output-0 with weight 1.0000, helping 41.8% more records than it harms (981/1425)
Discovery 1e76f5c4 analyze time 3s 219ms found 1 candidates
Discovered harmful synapse from input-1211 to output-0, harming 32.8% more records than it helps (450/1425)
Discovery 1e76f5c4 analyze harmful time 67ms found 1 candidates
Discovery 1e76f5c4 analyze squashes time 172ms found 1 candidate, Summary: output-0 LOGISTIC -> Cosine improved: 5.7% error: 55.7418 -> 52.5629
Over populated 52, expected 50.
Training 41806045 with 1 binary file, target error: 0.000001, iterations: 1, sample rate: 100%, sparse: 100%
Fine tuning increased fitness by 8.222668862467586e-7 to 0.9989286262616849 adjusted 872 weights, 9 biases 
Discovery 41806045 with 1 binary files, sample rate: 100%, batch size: 512
Discovery 41806045 initialize time 80ms
Discovery 41806045 processing .trainData-fx_c_88/USDNZD/data.bin
Discovery 41806045 read time 4ms for .trainData-fx_c_88/USDNZD/data.bin with 1425 records
Discovery 41806045 scanning time 477ms
Discovery 41806045 recorded time 734ms
Over populated 54, expected 50.
Fine tuning increased fitness by 0.0000010138707909890243 to 0.9989296401324759 adjusted 872 weights, 9 biases 
Over populated 52, expected 50.
Generation 100 score 0.9989296401324759  error 0.0010596788989722212 avg time 1s 673ms
Fine tuning increased fitness by 6.705845319032733e-7 to 0.9989303107170078 adjusted 872 weights, 9 biases 
Discovered beneficial synapse from input-48 to output-0 with weight 1.0000, helping 42.2% more records than it harms (984/1425)
Discovery 41806045 analyze time 3s 227ms found 1 candidates
Discovered harmful synapse from input-1211 to output-0, harming 34.0% more records than it helps (441/1425)
Discovery 41806045 analyze harmful time 827ms found 1 candidates
Discovery 41806045 analyze squashes time 115ms found 1 candidate, Summary: output-0 LOGISTIC -> Cosine improved: 5.8% error: 55.6598 -> 52.4108
Fine tuning increased fitness by 3.172949801788505e-7 to 0.998930628011988 adjusted 872 weights, 9 biases 
Over populated 52, expected 50.
Fine tuning increased fitness by 3.0121679139849533e-7 to 0.9989309292287794 adjusted 872 weights, 9 biases 
Fine tuning increased fitness by 3.1317573645495145e-7 to 0.9989312424045158 adjusted 872 weights, 9 biases 
Fine tuning increased fitness by 7.040224336840595e-8 to 0.9989320497837781 adjusted 883 weights, 9 biases 
Fine tuning increased fitness by 7.118713152287626e-8 to 0.9989321760738559 adjusted 325 weights, 3 biases 
Generation 110 score 0.9989321760738559  error 0.001057142957589251 avg time 1s 608ms
Fine tuning increased fitness by 1.0133182393179396e-7 to 0.9989322774056798 adjusted 325 weights, 3 biases 
Fine tuning increased fitness by 1.400584490607315e-7 to 0.9989324174641289 adjusted 325 weights, 3 biases 
Remove neuron 93217c2f-9764-4381-9fcc-8a68b25c701e as no longer connected
Fine tuning increased fitness by 2.0398213129713128e-7 to 0.9989326214462602 adjusted 325 weights, 3 biases 
Fine tuning increased fitness by 1.9169728204815328e-7 to 0.9989328131435422 adjusted 325 weights, 3 biases 
Fine tuning increased fitness by 1.2491985668106054e-7 to 0.9989332155180696 adjusted 325 weights, 3 biases 
Generation 117 score 0.9989332155180696  error 0.0010561035133229992 avg time 1s 125ms
{
  error: 0.0010561035133229992,
  score: 0.9989332155180696,
  generation: 117,
  time: 180325
}

=== Processing USDCOP (8/10) ===
2 mutations, mutation rate 5.2%, elitism 2, mutation ALL, selection TOURNAMENT
Creature count: 44
Training 4b792f86 with 1 binary file, target error: 0.000001, iterations: 1, sample rate: 100%, sparse: 100%
Discovery 4b792f86 with 1 binary files, sample rate: 100%, batch size: 512
Discovery 4b792f86 initialize time 87ms
Discovery 4b792f86 processing .trainData-fx_c_88/USDCOP/data.bin
Discovery 4b792f86 read time 4ms for .trainData-fx_c_88/USDCOP/data.bin with 3359 records
Discovery 4b792f86 scanning time 1s 151ms
Discovery 4b792f86 recorded time 1s 923ms
Training a43ac119 with 1 binary file, target error: 0.000001, iterations: 1, sample rate: 100%, sparse: 100%
Training 9f603b7a with 1 binary file, target error: 0.000001, iterations: 1, sample rate: 100%, sparse: 100%
Fine tuning increased fitness by 0.00016012918479990645 to 0.9644889908030989 adjusted 74 weights 
Training f630c57b with 1 binary file, target error: 0.000001, iterations: 1, sample rate: 100%, sparse: 100%
Fine tuning increased fitness by 1.0118492577149141e-7 to 0.9644891697479485 adjusted 74 weights 
Fine tuning increased fitness by 7.0741651958528e-7 to 0.9644898771644681 adjusted 74 weights 
Training fd27f98b with 1 binary file, target error: 0.000001, iterations: 1, sample rate: 100%, sparse: 100%
Fine tuning increased fitness by 9.147834549860789e-7 to 0.9644907919479231 adjusted 74 weights 
Fine tuning increased fitness by 0.0000013022372052917675 to 0.9644920941851284 adjusted 1 weight 
Generation 10 score 0.9644920941851284  error 0.03549761494552156 avg time 1s 455ms
Training c7158e5d with 1 binary file, target error: 0.000001, iterations: 1, sample rate: 100%, sparse: 100%
Fine tuning increased fitness by 0.000001599124713203004 to 0.9644936933098416 adjusted 1 weight 
Fine tuning increased fitness by 0.00000543976973943483 to 0.964499133079581 adjusted 1 weight 
Training f667a3cf with 1 binary file, target error: 0.000001, iterations: 1, sample rate: 100%, sparse: 100%
Fine tuning increased fitness by 0.00003123047405251267 to 0.9645447219743443 adjusted 627 weights, 5 biases 
Training 58224651 with 1 binary file, target error: 0.000001, iterations: 1, sample rate: 100%, sparse: 100%
Fine tuning increased fitness by 0.00003715905696954902 to 0.9645818810313138 adjusted 620 weights, 5 biases 
Discovered beneficial synapse from input-1304 to output-0 with weight 1.0000, helping 54.2% more records than it harms (2589/3359)
Discovery 4b792f86 analyze time 19s 771ms found 1 candidates
Discovered harmful synapse from input-661 to output-0, harming 50.0% more records than it helps (839/3359)
Discovery 4b792f86 analyze harmful time 246ms found 1 candidates
Discovery 4b792f86 analyze squashes time 462ms found 2 candidates, Summary: output-0 LOGISTIC -> LogSigmoid improved: 28.0% error: 695.0145 -> 500.7176,cf780906-0433-4bd3-8ac4-91b5c6dfcfa2 HARD_TANH -> SINE improved: 34.2% error: 0.6500 -> 0.4279
Training d71ddaac with 1 binary file, target error: 0.000001, iterations: 1, sample rate: 100%, sparse: 100%
Fine tuning increased fitness by 0.000018540540603351197 to 0.9646256167537298 adjusted 620 weights, 5 biases 
Discovery d71ddaac with 1 binary files, sample rate: 100%, batch size: 512
Discovery d71ddaac initialize time 90ms
Discovery d71ddaac processing .trainData-fx_c_88/USDCOP/data.bin
Over populated 53, expected 50.
Discovery d71ddaac read time 3ms for .trainData-fx_c_88/USDCOP/data.bin with 3359 records
Discovery d71ddaac scanning time 1s 362ms
Fine tuning increased fitness by 0.000032502121459554445 to 0.9646581188751894 adjusted 623 weights, 5 biases 
Discovery d71ddaac recorded time 2s 128ms
Training 79974749 with 1 binary file, target error: 0.000001, iterations: 1, sample rate: 100%, sparse: 100%
Fine tuning increased fitness by 0.00015980236710710916 to 0.9648179212422965 adjusted 616 weights, 5 biases 
Fine tuning increased fitness by 0.00003853431723699341 to 0.9648564555595335 adjusted 616 weights, 5 biases 
Generation 20 score 0.9648564555595335  error 0.03513325357109825 avg time 1s 604ms
Training a087989f with 1 binary file, target error: 0.000001, iterations: 1, sample rate: 100%, sparse: 100%
Fine tuning increased fitness by 0.0000012356307811378642 to 0.9648576911903146 adjusted 616 weights, 5 biases 
Training e45247f0 with 1 binary file, target error: 0.000001, iterations: 1, sample rate: 100%, sparse: 100%
Training 01820544 with 1 binary file, target error: 0.000001, iterations: 1, sample rate: 100%, sparse: 100%
Fine tuning increased fitness by 0.00006288680709443106 to 0.9649537829427689 adjusted 611 weights, 5 biases 
Discovered beneficial synapse from input-1166 to output-0 with weight -1.0000, helping 40.7% more records than it harms (1488/3359)
Discovery d71ddaac analyze time 12s 638ms found 1 candidates
Discovered harmful synapse from input-1336 to output-0, harming 40.9% more records than it helps (118/3359)
Discovery d71ddaac analyze harmful time 452ms found 1 candidates
Discovery d71ddaac analyze squashes time 489ms found 1 candidate, Summary: output-2 LeakyReLU -> BIPOLAR improved: 2.7% error: 15.0857 -> 14.6717
Training c53597a7 with 1 binary file, target error: 0.000001, iterations: 1, sample rate: 100%, sparse: 100%
Discovery c53597a7 with 1 binary files, sample rate: 100%, batch size: 512
Discovery c53597a7 initialize time 82ms
Discovery c53597a7 processing .trainData-fx_c_88/USDCOP/data.bin
Discovery c53597a7 read time 10ms for .trainData-fx_c_88/USDCOP/data.bin with 3359 records
Over populated 53, expected 50.
Discovery c53597a7 scanning time 1s 148ms
Discovery c53597a7 recorded time 2s 17ms
Training ddbfb0b6 with 1 binary file, target error: 0.000001, iterations: 1, sample rate: 100%, sparse: 100%
Fine tuning increased fitness by 0.00003313763486589849 to 0.965081984235447 adjusted 208 weights, 1 bias 
Fine tuning increased fitness by 0.000034337816947727084 to 0.9651163220523947 adjusted 208 weights, 1 bias 
Generation 30 score 0.9651163220523947  error 0.03487337707824137 avg time 1s 665ms
Training 7cc7f64e with 1 binary file, target error: 0.000001, iterations: 1, sample rate: 100%, sparse: 100%
Fine tuning increased fitness by 0.000018686988310201436 to 0.9651350090407049 adjusted 208 weights, 1 bias 
Fine tuning increased fitness by 0.00003765827536905686 to 0.965172667316074 adjusted 208 weights, 1 bias 
Discovered beneficial synapse from input-1166 to output-0 with weight -1.0000, helping 39.3% more records than it harms (1443/3359)
Discovery c53597a7 analyze time 6s 154ms found 1 candidates
Training 851342f8 with 1 binary file, target error: 0.000001, iterations: 1, sample rate: 100%, sparse: 100%
Discovered harmful synapse from input-1336 to output-0, harming 39.5% more records than it helps (120/3359)
Discovery c53597a7 analyze harmful time 868ms found 1 candidates
Fine tuning increased fitness by 0.00005358146057576896 to 0.9652262487766498 adjusted 208 weights, 1 bias 
Discovery c53597a7 analyze squashes time 407ms found 1 candidate, Summary: output-2 LeakyReLU -> BIPOLAR improved: 4.8% error: 15.0319 -> 14.3033
Discovery 1be5f68b with 1 binary files, sample rate: 100%, batch size: 512
Fine tuning increased fitness by 0.00018401379737886803 to 0.9654102625740286 adjusted 598 weights, 5 biases 
Discovery 1be5f68b initialize time 89ms
Discovery 1be5f68b processing .trainData-fx_c_88/USDCOP/data.bin
Over populated 53, expected 50.
Discovery 1be5f68b read time 5ms for .trainData-fx_c_88/USDCOP/data.bin with 3359 records
Discovery 1be5f68b scanning time 1s 342ms
Training 4ed38f88 with 1 binary file, target error: 0.000001, iterations: 1, sample rate: 100%, sparse: 100%
Discovery 1be5f68b recorded time 2s 14ms
Training f2dcdd7b with 1 binary file, target error: 0.000001, iterations: 1, sample rate: 100%, sparse: 100%
Fine tuning increased fitness by 0.00009366694176571322 to 0.9656602830106211 adjusted 586 weights, 5 biases 
Training b5d96f78 with 1 binary file, target error: 0.000001, iterations: 1, sample rate: 100%, sparse: 100%
Fine tuning increased fitness by 0.000004251597581661493 to 0.9657221325189908 adjusted 586 weights, 5 biases 
Generation 40 score 0.9657713454276976  error 0.03421835369866518 avg time 1s 602ms
Training efb09449 with 1 binary file, target error: 0.000001, iterations: 1, sample rate: 100%, sparse: 100%
Over populated 52, expected 50.
Training 97865be1 with 1 binary file, target error: 0.000001, iterations: 1, sample rate: 100%, sparse: 100%
Fine tuning increased fitness by 0.0000313584176971915 to 0.9661043445555483 adjusted 272 weights, 2 biases 
Fine tuning increased fitness by 0.00003484757575655806 to 0.9661391921313048 adjusted 272 weights, 2 biases 
Training cfb7b114 with 1 binary file, target error: 0.000001, iterations: 1, sample rate: 100%, sparse: 100%
Fine tuning increased fitness by 0.000038670561544384974 to 0.9661778626928492 adjusted 272 weights, 2 biases 
Fine tuning increased fitness by 0.000041998387201425125 to 0.9662198610800506 adjusted 272 weights, 2 biases 
Training 23ff467b with 1 binary file, target error: 0.000001, iterations: 1, sample rate: 100%, sparse: 100%
Fine tuning increased fitness by 0.0000033197605722179446 to 0.9662231808406229 adjusted 272 weights, 2 biases 
Discovered beneficial synapse from input-11 to dac00e8f-b90f-4409-8f9c-7c0ff6a03d5c with weight 1.0000, helping 98.3% more records than it harms (3330/3359)
Discovery 1be5f68b analyze time 22s 161ms found 1 candidates
Training 0b4ea06a with 1 binary file, target error: 0.000001, iterations: 1, sample rate: 100%, sparse: 100%
Discovered harmful synapse from input-1336 to output-0, harming 39.9% more records than it helps (119/3359)
Discovery 1be5f68b analyze harmful time 841ms found 1 candidates
Discovery 1be5f68b analyze squashes time 246ms found 0 candidates
Fine tuning increased fitness by 0.000010931789491519517 to 0.9663952569522373 adjusted 224 weights, 2 biases 
Discovery 49ac2b16 with 1 binary files, sample rate: 100%, batch size: 512
Discovery 49ac2b16 initialize time 86ms
Discovery 49ac2b16 processing .trainData-fx_c_88/USDCOP/data.bin
Discovery 49ac2b16 read time 4ms for .trainData-fx_c_88/USDCOP/data.bin with 3359 records
Discovery 49ac2b16 scanning time 1s 57ms
Generation 50 score 0.9663952569522373  error 0.03359444217420861 avg time 1s 640ms
Training 49ac2b16 with 1 binary file, target error: 0.000001, iterations: 1, sample rate: 100%, sparse: 100%
Discovery 49ac2b16 recorded time 2s 1ms
Training 6882dbf3 with 1 binary file, target error: 0.000001, iterations: 1, sample rate: 100%, sparse: 100%
Training ac02c309 with 1 binary file, target error: 0.000001, iterations: 1, sample rate: 100%, sparse: 100%
Fine tuning increased fitness by 0.000007881954848687478 to 0.9664034698592818 adjusted 983 weights, 6 biases 
Training 27afe422 with 1 binary file, target error: 0.000001, iterations: 1, sample rate: 100%, sparse: 100%
Retrying increased fitness by 0.000019139082032881838 to 0.9664287278310348 adjusted 914 weights, 6 biases
Discovered beneficial synapse from input-1166 to output-0 with weight -1.0000, helping 38.9% more records than it harms (1430/3359)
Discovery 49ac2b16 analyze time 12s 294ms found 1 candidates
Discovered harmful synapse from input-1336 to output-0, harming 39.1% more records than it helps (120/3359)
Discovery 49ac2b16 analyze harmful time 786ms found 1 candidates
Discovery 49ac2b16 analyze squashes time 454ms found 1 candidate, Summary: output-2 LeakyReLU -> BIPOLAR improved: 4.5% error: 15.0666 -> 14.3926
Training 36cf91e1 with 1 binary file, target error: 0.000001, iterations: 1, sample rate: 100%, sparse: 100%
Fine tuning increased fitness by 0.00003090265178651297 to 0.9664596304828214 adjusted 865 weights, 6 biases 
Discovery 36cf91e1 with 1 binary files, sample rate: 100%, batch size: 512
Discovery 36cf91e1 initialize time 84ms
Discovery 36cf91e1 processing .trainData-fx_c_88/USDCOP/data.bin
Discovery 36cf91e1 read time 5ms for .trainData-fx_c_88/USDCOP/data.bin with 3359 records
Discovery 36cf91e1 scanning time 1s 77ms
Over populated 55, expected 50.
Discovery 36cf91e1 recorded time 2s 13ms
Generation 60 score 0.9665039129633609  error 0.03348577616315265 avg time 1s 807ms
Training 65f1a7e5 with 1 binary file, target error: 0.000001, iterations: 1, sample rate: 100%, sparse: 100%
Fine tuning increased fitness by 0.00004090263146749873 to 0.9665448155948284 adjusted 865 weights, 6 biases 
Fine tuning increased fitness by 0.000053568715388752075 to 0.9665983843102172 adjusted 846 weights, 6 biases 
Training a6649ef3 with 1 binary file, target error: 0.000001, iterations: 1, sample rate: 100%, sparse: 100%
Fine tuning increased fitness by 0.000030320743058975808 to 0.9666287050532761 adjusted 846 weights, 6 biases 
Over populated 52, expected 50.
Training 3e00f7e3 with 1 binary file, target error: 0.000001, iterations: 1, sample rate: 100%, sparse: 100%
Fine tuning increased fitness by 0.000014657133679318868 to 0.9668487762188804 adjusted 587 weights, 3 biases 
Discovered beneficial synapse from input-1166 to output-0 with weight -1.0000, helping 39.1% more records than it harms (1426/3359)
Discovery 36cf91e1 analyze time 12s 293ms found 1 candidates
Discovered harmful synapse from input-1336 to output-0, harming 39.7% more records than it helps (102/3359)
Discovery 36cf91e1 analyze harmful time 370ms found 1 candidates
Discovery 36cf91e1 analyze squashes time 448ms found 1 candidate, Summary: output-2 LeakyReLU -> BIPOLAR improved: 4.5% error: 15.0634 -> 14.3861
Training 9445203d with 1 binary file, target error: 0.000001, iterations: 1, sample rate: 100%, sparse: 100%
Fine tuning increased fitness by 0.00001303785254769263 to 0.9668618140714281 adjusted 587 weights, 3 biases 
Discovery 9445203d with 1 binary files, sample rate: 100%, batch size: 512
Discovery 9445203d initialize time 91ms
Discovery 9445203d processing .trainData-fx_c_88/USDCOP/data.bin
Discovery 9445203d read time 7ms for .trainData-fx_c_88/USDCOP/data.bin with 3359 records
Discovery 9445203d scanning time 1s 231ms
Fine tuning increased fitness by 0.00001154355156074427 to 0.9668733576229889 adjusted 587 weights, 3 biases 
Discovery 9445203d recorded time 2s 5ms
Training 862ca10a with 1 binary file, target error: 0.000001, iterations: 1, sample rate: 100%, sparse: 100%
Generation 70 score 0.966882961647139  error 0.03310672747911844 avg time 1s 914ms
Training b95ffaf1 with 1 binary file, target error: 0.000001, iterations: 1, sample rate: 100%, sparse: 100%
Discovered beneficial synapse from input-1166 to output-0 with weight -1.0000, helping 39.5% more records than it harms (1436/3359)
Discovery 9445203d analyze time 5s 689ms found 1 candidates
Discovered harmful synapse from input-1336 to output-0, harming 39.8% more records than it helps (104/3359)
Discovery 9445203d analyze harmful time 925ms found 1 candidates
Discovery 9445203d analyze squashes time 456ms found 1 candidate, Summary: output-2 LeakyReLU -> BIPOLAR improved: 4.0% error: 15.0781 -> 14.4793
Discovery a041ff95 with 1 binary files, sample rate: 100%, batch size: 512
Discovery a041ff95 initialize time 93ms
Discovery a041ff95 processing .trainData-fx_c_88/USDCOP/data.bin
Discovery a041ff95 read time 3ms for .trainData-fx_c_88/USDCOP/data.bin with 3359 records
Discovery a041ff95 scanning time 1s 27ms
Over populated 52, expected 50.
Training 9266bb86 with 1 binary file, target error: 0.000001, iterations: 1, sample rate: 100%, sparse: 100%
Discovery a041ff95 recorded time 2s 4ms
Over populated 52, expected 50.
Culling duplicate creature at 30 of 52
DeDuplication of 1 creatures to 51 in 12ms (previous experiment )
Fine tuning increased fitness by 0.0000031522047060361658 to 0.9668992644125904 adjusted 525 weights, 3 biases 
Training f89cedfe with 1 binary file, target error: 0.000001, iterations: 1, sample rate: 100%, sparse: 100%
Fine tuning increased fitness by 0.0000016616704215932643 to 0.966900926083012 adjusted 525 weights, 3 biases 
Fine tuning increased fitness by 0.0000010445497982125573 to 0.9669019706328102 adjusted 525 weights, 3 biases 
Training d814dcdf with 1 binary file, target error: 0.000001, iterations: 1, sample rate: 100%, sparse: 100%
Fine tuning increased fitness by 0.0000027626929069990425 to 0.9669047333257172 adjusted 525 weights, 3 biases 
Training 72620a84 with 1 binary file, target error: 0.000001, iterations: 1, sample rate: 100%, sparse: 100%
Fine tuning increased fitness by 6.607234159794473e-7 to 0.9669055194396301 adjusted 184 weights, 1 bias 
Discovered beneficial synapse from input-1372 to output-0 with weight -1.0000, helping 37.8% more records than it harms (1444/3359)
Discovery a041ff95 analyze time 12s 314ms found 1 candidates
Generation 80 score 0.9669065396663945  error 0.03308338945979286 avg time 1s 689ms
Training 4daad0b9 with 1 binary file, target error: 0.000001, iterations: 1, sample rate: 100%, sparse: 100%
Discovered harmful synapse from input-1336 to output-0, harming 37.7% more records than it helps (177/3359)
Discovery a041ff95 analyze harmful time 380ms found 1 candidates
Discovery a041ff95 analyze squashes time 408ms found 0 candidates
Discovery 866d7cec with 1 binary files, sample rate: 100%, batch size: 512
Discovery 866d7cec initialize time 80ms
Discovery 866d7cec processing .trainData-fx_c_88/USDCOP/data.bin
Discovery 866d7cec read time 6ms for .trainData-fx_c_88/USDCOP/data.bin with 3359 records
Discovery 866d7cec scanning time 1s 30ms
Training d6400cc2 with 1 binary file, target error: 0.000001, iterations: 1, sample rate: 100%, sparse: 100%
Discovery 866d7cec recorded time 1s 945ms
Training 64ec2502 with 1 binary file, target error: 0.000001, iterations: 1, sample rate: 100%, sparse: 100%
Training c81e21b6 with 1 binary file, target error: 0.000001, iterations: 1, sample rate: 100%, sparse: 100%
Fine tuning increased fitness by 0.000024728165067600116 to 0.9670051040203822 adjusted 490 weights, 3 biases 
Fine tuning increased fitness by 0.000037908840892497686 to 0.9670430128612747 adjusted 490 weights, 3 biases 
Training 197a7540 with 1 binary file, target error: 0.000001, iterations: 1, sample rate: 100%, sparse: 100%
Fine tuning increased fitness by 0.000025840730796033995 to 0.9670688535920707 adjusted 490 weights, 3 biases 
Fine tuning increased fitness by 0.00001314626220982884 to 0.9670819998542806 adjusted 490 weights, 3 biases 
Generation 90 score 0.9670819998542806  error 0.03290792927165871 avg time 1s 655ms
Discovered beneficial synapse from input-1166 to output-0 with weight -1.0000, helping 39.1% more records than it harms (1458/3359)
Discovery 866d7cec analyze time 13s 78ms found 1 candidates
Fine tuning increased fitness by 0.000012332995056985041 to 0.9670943328493375 adjusted 490 weights, 3 biases 
Discovered harmful synapse from input-1336 to output-0, harming 39.2% more records than it helps (143/3359)
Discovery 866d7cec analyze harmful time 844ms found 1 candidates
Discovery 866d7cec analyze squashes time 429ms found 1 candidate, Summary: output-2 LeakyReLU -> LogSigmoid improved: 8.5% error: 14.9654 -> 13.6931
Fine tuning increased fitness by 0.000013498500744502095 to 0.967107831350082 adjusted 490 weights, 3 biases 
Fine tuning increased fitness by 0.000006670770343220056 to 0.9671145021204253 adjusted 490 weights, 3 biases 
Fine tuning increased fitness by 0.000001435232981572554 to 0.9671229162349577 adjusted 237 weights, 1 bias 
Fine tuning increased fitness by 0.000051374083729682773 to 0.967201915176503 adjusted 324 weights, 2 biases 
Generation 100 score 0.967201915176503  error 0.03278801395343849 avg time 1s 551ms
Fine tuning increased fitness by 0.00003161061591072656 to 0.9672335257924137 adjusted 324 weights, 2 biases 
Fine tuning increased fitness by 0.00001888501135749454 to 0.9672524108037712 adjusted 324 weights, 2 biases 
Fine tuning increased fitness by 0.0000059152377670512735 to 0.9672583260415383 adjusted 324 weights, 2 biases 
Fine tuning increased fitness by 0.0000054283851649294945 to 0.9672637544267032 adjusted 324 weights, 2 biases 
Fine tuning increased fitness by 0.000005737237825598207 to 0.9672694916645288 adjusted 324 weights, 2 biases 
Fine tuning increased fitness by 0.000002828006203103861 to 0.9672758551655127 adjusted 273 weights, 1 bias 
Fine tuning increased fitness by 0.0000031782373631772387 to 0.9672790334028759 adjusted 255 weights, 1 bias 
Fine tuning increased fitness by 0.0000030018590864155925 to 0.9672820352619623 adjusted 255 weights, 1 bias 
Fine tuning increased fitness by 0.0000023782560705232214 to 0.9672844135180328 adjusted 255 weights, 1 bias 
Generation 110 score 0.9672844135180328  error 0.032705395621786766 avg time 1s 516ms
{
  error: 0.032705395621786766,
  score: 0.9672844135180328,
  generation: 110,
  time: 181341
}

=== Processing USDTWD (9/10) ===
7 mutations, mutation rate 10.9%, elitism 10, mutation ALL, selection TOURNAMENT
Creature count: 44
Training 32de8f42 with 1 binary file, target error: 0.000001, iterations: 1, sample rate: 100%, sparse: 100%
Discovery 32de8f42 with 1 binary files, sample rate: 100%, batch size: 512
Discovery 32de8f42 initialize time 90ms
Discovery 32de8f42 processing .trainData-fx_c_88/USDTWD/data.bin
Discovery 32de8f42 read time 4ms for .trainData-fx_c_88/USDTWD/data.bin with 3359 records
Discovery 32de8f42 scanning time 1s 38ms
Training 16f811b8 with 1 binary file, target error: 0.000001, iterations: 1, sample rate: 100%, sparse: 100%
Fine tuning increased fitness by 8.86900025642845e-8 to 0.9995172101576124 adjusted 360 weights, 5 biases 
Discovery 32de8f42 recorded time 1s 696ms
Fine tuning increased fitness by 6.238230498833985e-8 to 0.9995172725399174 adjusted 360 weights, 5 biases 
Training d9889152 with 1 binary file, target error: 0.000001, iterations: 1, sample rate: 100%, sparse: 100%
Fine tuning increased fitness by 6.838747421689106e-7 to 0.9995184902789275 adjusted 170 weights, 3 biases 
Training 77248bc1 with 1 binary file, target error: 0.000001, iterations: 1, sample rate: 100%, sparse: 100%
Fine tuning increased fitness by 1.2101430968414206e-14 to 0.9995184902789396 adjusted 1 weight, 1 bias 
Training 1c31d221 with 1 binary file, target error: 0.000001, iterations: 1, sample rate: 100%, sparse: 100%
Fine tuning increased fitness by 4.359198102488193e-8 to 0.9995187813578932 adjusted 184 weights, 2 biases 
Training ca7b90af with 1 binary file, target error: 0.000001, iterations: 1, sample rate: 100%, sparse: 100%
Fine tuning increased fitness by 6.451306133747892e-8 to 0.9995188458709545 adjusted 184 weights, 2 biases 
Generation 10 score 0.9995188458709545  error 0.0004727836406545852 avg time 1s 206ms
Training 6456c6ac with 1 binary file, target error: 0.000001, iterations: 1, sample rate: 100%, sparse: 100%
Training 847e4bfc with 1 binary file, target error: 0.000001, iterations: 1, sample rate: 100%, sparse: 100%
Fine tuning increased fitness by 1.4303178641483782e-8 to 0.9995192150223337 adjusted 126 weights, 1 bias 
Training 20013080 with 1 binary file, target error: 0.000001, iterations: 1, sample rate: 100%, sparse: 100%
Fine tuning increased fitness by 2.7720714612655684e-10 to 0.9995192152995408 adjusted 126 weights, 1 bias 
Training d18b84c9 with 1 binary file, target error: 0.000001, iterations: 1, sample rate: 100%, sparse: 100%
Fine tuning increased fitness by 1.0808983241794579e-7 to 0.9995193233893732 adjusted 181 weights, 2 biases 
Fine tuning increased fitness by 9.787798072036225e-8 to 0.9995194212673539 adjusted 181 weights, 2 biases 
Training b0b5834b with 1 binary file, target error: 0.000001, iterations: 1, sample rate: 100%, sparse: 100%
Generation 20 score 0.9995195027954584  error 0.00047212671557065895 avg time 1s 10ms
Fine tuning increased fitness by 6.676338015765282e-8 to 0.9995195695588386 adjusted 181 weights, 2 biases 
Training ea136822 with 1 binary file, target error: 0.000001, iterations: 1, sample rate: 100%, sparse: 100%
Training d8243966 with 1 binary file, target error: 0.000001, iterations: 1, sample rate: 100%, sparse: 100%
Fine tuning increased fitness by 2.2926385678800898e-7 to 0.9995200595875195 adjusted 177 weights, 2 biases 
Training eac47d73 with 1 binary file, target error: 0.000001, iterations: 1, sample rate: 100%, sparse: 100%
Fine tuning increased fitness by 6.137758934432469e-8 to 0.9995202810999793 adjusted 177 weights, 2 biases 
Training 92fd4012 with 1 binary file, target error: 0.000001, iterations: 1, sample rate: 100%, sparse: 100%
Discovered beneficial synapse from input-11 to output-0 with weight 1.0000, helping 100.0% more records than it harms (3359/3359)
Discovery 32de8f42 analyze time 27s 472ms found 1 candidates
Training 4911ff00 with 1 binary file, target error: 0.000001, iterations: 1, sample rate: 100%, sparse: 100%
Fine tuning increased fitness by 1.2455347542239537e-7 to 0.9995205954737065 adjusted 175 weights, 2 biases 
Generation 30 score 0.9995205954737065  error 0.0004710340369176072 avg time 1s 42ms
Discovered harmful synapse from input-1367 to output-1, harming 22.2% more records than it helps (1306/3359)
Discovery 32de8f42 analyze harmful time 3s 449ms found 1 candidates
Training 57e84daa with 1 binary file, target error: 0.000001, iterations: 1, sample rate: 100%, sparse: 100%
Fine tuning increased fitness by 1.8621506414628897e-7 to 0.9995209280147117 adjusted 169 weights, 1 bias 
Discovery 32de8f42 analyze squashes time 1s 1ms found 2 candidates, Summary: output-0 LOGISTIC -> Cosine improved: 20.1% error: 35.3467 -> 28.2584,output-2 LeakyReLU -> LogSigmoid improved: 28.3% error: 5.1324 -> 3.6816
Fine tuning increased fitness by 1.25664698868988e-7 to 0.9995210536794106 adjusted 169 weights, 1 bias 
Discovery d8fc5ea8 with 1 binary files, sample rate: 100%, batch size: 512
Discovery d8fc5ea8 initialize time 90ms
Discovery d8fc5ea8 processing .trainData-fx_c_88/USDTWD/data.bin
Training 1b7ed3f0 with 1 binary file, target error: 0.000001, iterations: 1, sample rate: 100%, sparse: 100%
Discovery d8fc5ea8 read time 6ms for .trainData-fx_c_88/USDTWD/data.bin with 3359 records
Discovery d8fc5ea8 scanning time 1s 147ms
Fine tuning increased fitness by 3.435250028882564e-8 to 0.9995211163537397 adjusted 47 weights 
Discovery d8fc5ea8 recorded time 2s 34ms
Training d04a8fae with 1 binary file, target error: 0.000001, iterations: 1, sample rate: 100%, sparse: 100%
Fine tuning increased fitness by 5.872168662435229e-8 to 0.9995211750754264 adjusted 47 weights 
Fine tuning increased fitness by 8.936047035668082e-8 to 0.9995212644358967 adjusted 47 weights 
Training 37a5744f with 1 binary file, target error: 0.000001, iterations: 1, sample rate: 100%, sparse: 100%
Fine tuning increased fitness by 9.37314924565058e-8 to 0.9995213581673892 adjusted 47 weights 
Fine tuning increased fitness by 2.8619882797009666e-8 to 0.999521386787272 adjusted 47 weights 
Training 1f2ca23b with 1 binary file, target error: 0.000001, iterations: 1, sample rate: 100%, sparse: 100%
Fine tuning increased fitness by 4.854344270999178e-8 to 0.9995214353307147 adjusted 47 weights 
Generation 40 score 0.9995214353307147  error 0.00047019417924656454 avg time 988ms
Training 86b6cd48 with 1 binary file, target error: 0.000001, iterations: 1, sample rate: 100%, sparse: 100%
Fine tuning increased fitness by 1.3338891347025594e-7 to 0.9995215876452032 adjusted 435 weights, 5 biases 
Training 9f751033 with 1 binary file, target error: 0.000001, iterations: 1, sample rate: 100%, sparse: 100%
Training 83aac4e7 with 1 binary file, target error: 0.000001, iterations: 1, sample rate: 100%, sparse: 100%
Training 8ec44d58 with 1 binary file, target error: 0.000001, iterations: 1, sample rate: 100%, sparse: 100%
Fine tuning increased fitness by 9.183465876638763e-9 to 0.9995216800914489 adjusted 367 weights, 2 biases 
Training f684e95f with 1 binary file, target error: 0.000001, iterations: 1, sample rate: 100%, sparse: 100%
Fine tuning increased fitness by 1.4962656447181644e-8 to 0.9995216950541054 adjusted 367 weights, 2 biases 
Training 807c2fb5 with 1 binary file, target error: 0.000001, iterations: 1, sample rate: 100%, sparse: 100%
Fine tuning increased fitness by 1.2740137167455146e-8 to 0.9995217077942425 adjusted 367 weights, 2 biases 
Generation 50 score 0.9995217077942425  error 0.00046991171571880035 avg time 1s 188ms
Training 75a7c78f with 1 binary file, target error: 0.000001, iterations: 1, sample rate: 100%, sparse: 100%
Fine tuning increased fitness by 1.1588153547847924e-8 to 0.9995217193823961 adjusted 367 weights, 2 biases 
Fine tuning increased fitness by 7.685816316715943e-9 to 0.9995217270682124 adjusted 367 weights, 2 biases 
Training 515e633f with 1 binary file, target error: 0.000001, iterations: 1, sample rate: 100%, sparse: 100%
Training 44460dc9 with 1 binary file, target error: 0.000001, iterations: 1, sample rate: 100%, sparse: 100%
Fine tuning increased fitness by 1.283765693749217e-8 to 0.9995217468817361 adjusted 356 weights, 1 bias 
Training e81d6464 with 1 binary file, target error: 0.000001, iterations: 1, sample rate: 100%, sparse: 100%
Fine tuning increased fitness by 2.2067226157496123e-8 to 0.9995217837844301 adjusted 356 weights, 1 bias 
Fine tuning increased fitness by 3.183343089130375e-8 to 0.999521815617861 adjusted 356 weights, 1 bias 
Training 8e20f3d2 with 1 binary file, target error: 0.000001, iterations: 1, sample rate: 100%, sparse: 100%
Fine tuning increased fitness by 2.4800216769094163e-8 to 0.9995218404180778 adjusted 356 weights, 1 bias 
Discovered beneficial synapse from input-11 to output-0 with weight 1.0000, helping 100.0% more records than it harms (3358/3359)
Discovery d8fc5ea8 analyze time 27s 895ms found 1 candidates
Generation 60 score 0.9995218951964437  error 0.00046973431351751704 avg time 1s 121ms
Training ee0e0d52 with 1 binary file, target error: 0.000001, iterations: 1, sample rate: 100%, sparse: 100%
Fine tuning increased fitness by 3.6605739439643514e-8 to 0.9995219318021832 adjusted 332 weights, 1 bias 
Training ab5ee015 with 1 binary file, target error: 0.000001, iterations: 1, sample rate: 100%, sparse: 100%
Discovered harmful synapse from input-1367 to output-1, harming 19.6% more records than it helps (1350/3359)
Discovery d8fc5ea8 analyze harmful time 3s 334ms found 1 candidates
Discovery d8fc5ea8 analyze squashes time 943ms found 2 candidates, Summary: output-0 LOGISTIC -> Cosine improved: 19.0% error: 35.2421 -> 28.5507,output-2 LeakyReLU -> LogSigmoid improved: 28.3% error: 5.1129 -> 3.6676
Training 86d7238d with 1 binary file, target error: 0.000001, iterations: 1, sample rate: 100%, sparse: 100%
Fine tuning increased fitness by 3.2142529748924176e-9 to 0.9995219350164362 adjusted 332 weights, 1 bias 
Discovery 86d7238d with 1 binary files, sample rate: 100%, batch size: 512
Discovery 86d7238d initialize time 82ms
Discovery 86d7238d processing .trainData-fx_c_88/USDTWD/data.bin
Fine tuning increased fitness by 9.164032532815725e-9 to 0.9995219441804687 adjusted 1 weight 
Discovery 86d7238d read time 10ms for .trainData-fx_c_88/USDTWD/data.bin with 3359 records
Discovery 86d7238d scanning time 1s 7ms
Discovery 86d7238d recorded time 1s 629ms
Training 2d868fbf with 1 binary file, target error: 0.000001, iterations: 1, sample rate: 100%, sparse: 100%
Training 7a276bdd with 1 binary file, target error: 0.000001, iterations: 1, sample rate: 100%, sparse: 100%
Generation 70 score 0.9995219441804687  error 0.00046967532949261225 avg time 995ms
Training 8c3b1dd8 with 1 binary file, target error: 0.000001, iterations: 1, sample rate: 100%, sparse: 100%
Training c9220615 with 1 binary file, target error: 0.000001, iterations: 1, sample rate: 100%, sparse: 100%
Training dda4ecdc with 1 binary file, target error: 0.000001, iterations: 1, sample rate: 100%, sparse: 100%
Fine tuning increased fitness by 7.036939808635623e-9 to 0.9995219583540027 adjusted 322 weights, 3 biases 
Training 6317c65f with 1 binary file, target error: 0.000001, iterations: 1, sample rate: 100%, sparse: 100%
Fine tuning increased fitness by 6.739074298600656e-9 to 0.999521965093077 adjusted 322 weights, 3 biases 
Fine tuning increased fitness by 7.702174897872283e-9 to 0.9995219727952519 adjusted 322 weights, 3 biases 
Training 68c3647d with 1 binary file, target error: 0.000001, iterations: 1, sample rate: 100%, sparse: 100%
Fine tuning increased fitness by 1.8460431516764686e-8 to 0.9995219912556834 adjusted 307 weights, 3 biases 
Fine tuning increased fitness by 5.270428193870913e-8 to 0.9995220439599654 adjusted 298 weights, 3 biases 
Generation 80 score 0.9995220439599654  error 0.0004695755499959839 avg time 984ms
Training 08d34a54 with 1 binary file, target error: 0.000001, iterations: 1, sample rate: 100%, sparse: 100%
Fine tuning increased fitness by 4.115988716524299e-8 to 0.9995220851198525 adjusted 298 weights, 3 biases 
Training ce1bc92d with 1 binary file, target error: 0.000001, iterations: 1, sample rate: 100%, sparse: 100%
Fine tuning increased fitness by 1.3448040125929595e-8 to 0.9995221114478294 adjusted 298 weights, 3 biases 
Training 763caa69 with 1 binary file, target error: 0.000001, iterations: 1, sample rate: 100%, sparse: 100%
Fine tuning increased fitness by 7.292017545346141e-9 to 0.9995221291621791 adjusted 295 weights, 3 biases 
Fine tuning increased fitness by 3.524251224185093e-9 to 0.9995221326864303 adjusted 295 weights, 3 biases 
Training b3282040 with 1 binary file, target error: 0.000001, iterations: 1, sample rate: 100%, sparse: 100%
Fine tuning increased fitness by 3.684612837062673e-9 to 0.9995221390271237 adjusted 295 weights, 3 biases 
Training 40f8538e with 1 binary file, target error: 0.000001, iterations: 1, sample rate: 100%, sparse: 100%
Fine tuning increased fitness by 5.049651252697629e-9 to 0.9995221488187821 adjusted 295 weights, 3 biases 
Generation 90 score 0.9995221488187821  error 0.0004694706911792113 avg time 1s 142ms
Training 6976d018 with 1 binary file, target error: 0.000001, iterations: 1, sample rate: 100%, sparse: 100%
Fine tuning increased fitness by 8.194013023654634e-9 to 0.9995221570127951 adjusted 295 weights, 3 biases 
Training 2325e3e8 with 1 binary file, target error: 0.000001, iterations: 1, sample rate: 100%, sparse: 100%
Fine tuning increased fitness by 2.3781150382262695e-8 to 0.9995222050171537 adjusted 297 weights, 3 biases 
Discovered beneficial synapse from input-11 to output-0 with weight 1.0000, helping 100.0% more records than it harms (3359/3359)
Discovery 86d7238d analyze time 27s 886ms found 1 candidates
Fine tuning increased fitness by 2.885352512471684e-8 to 0.9995222338706788 adjusted 297 weights, 3 biases 
Training 2857e236 with 1 binary file, target error: 0.000001, iterations: 1, sample rate: 100%, sparse: 100%
Fine tuning increased fitness by 4.889784888106874e-8 to 0.9995222827685277 adjusted 297 weights, 3 biases 
Fine tuning increased fitness by 5.623986376601664e-8 to 0.9995223390083915 adjusted 297 weights, 3 biases 
Discovered harmful synapse from input-1367 to output-1, harming 19.5% more records than it helps (1352/3359)
Discovery 86d7238d analyze harmful time 3s 384ms found 1 candidates
Training f08687b8 with 1 binary file, target error: 0.000001, iterations: 1, sample rate: 100%, sparse: 100%
Fine tuning increased fitness by 5.5267282750293134e-8 to 0.9995223942756742 adjusted 297 weights, 3 biases 
Discovery 86d7238d analyze squashes time 1s 196ms found 2 candidates, Summary: output-0 LOGISTIC -> Cosine improved: 19.0% error: 35.3522 -> 28.6276,output-2 LeakyReLU -> LogSigmoid improved: 28.2% error: 5.1045 -> 3.6632
Fine tuning increased fitness by 6.324518464495554e-8 to 0.9995224575208589 adjusted 296 weights, 3 biases 
Discovery 4041e759 with 1 binary files, sample rate: 100%, batch size: 512
Discovery 4041e759 initialize time 88ms
Discovery 4041e759 processing .trainData-fx_c_88/USDTWD/data.bin
Training 81e14ed1 with 1 binary file, target error: 0.000001, iterations: 1, sample rate: 100%, sparse: 100%
Fine tuning increased fitness by 1.424662083859829e-7 to 0.9995225999870673 adjusted 296 weights, 3 biases 
Discovery 4041e759 read time 6ms for .trainData-fx_c_88/USDTWD/data.bin with 3359 records
Discovery 4041e759 scanning time 1s 123ms
Discovery 4041e759 recorded time 1s 708ms
Training 78d70db6 with 1 binary file, target error: 0.000001, iterations: 1, sample rate: 100%, sparse: 100%
Generation 100 score 0.9995227593036535  error 0.0004688602063078078 avg time 1s 129ms
Training b368cc08 with 1 binary file, target error: 0.000001, iterations: 1, sample rate: 100%, sparse: 100%
Fine tuning increased fitness by 1.0549301288076407e-7 to 0.9995228647966664 adjusted 291 weights, 3 biases 
Fine tuning increased fitness by 6.081203307584104e-8 to 0.9995229256086995 adjusted 291 weights, 3 biases 
Training 6697521d with 1 binary file, target error: 0.000001, iterations: 1, sample rate: 100%, sparse: 100%
Training 333d75c0 with 1 binary file, target error: 0.000001, iterations: 1, sample rate: 100%, sparse: 100%
Fine tuning increased fitness by 5.41005918952564e-8 to 0.999523105812699 adjusted 275 weights, 3 biases 
Training e4737cca with 1 binary file, target error: 0.000001, iterations: 1, sample rate: 100%, sparse: 100%
Fine tuning increased fitness by 2.289658773690917e-8 to 0.9995231287092867 adjusted 275 weights, 3 biases 
Fine tuning increased fitness by 5.560679028349114e-9 to 0.9995231342699658 adjusted 275 weights, 3 biases 
Training 68017237 with 1 binary file, target error: 0.000001, iterations: 1, sample rate: 100%, sparse: 100%
Fine tuning increased fitness by 1.7520040529461767e-8 to 0.9995231517900063 adjusted 275 weights, 3 biases 
Generation 110 score 0.9995231517900063  error 0.00046846771995497224 avg time 1s 99ms
Fine tuning increased fitness by 1.564259488606723e-8 to 0.9995231674326012 adjusted 275 weights, 3 biases 
Training d677e9f6 with 1 binary file, target error: 0.000001, iterations: 1, sample rate: 100%, sparse: 100%
Training 8d66c76d with 1 binary file, target error: 0.000001, iterations: 1, sample rate: 100%, sparse: 100%
Fine tuning increased fitness by 1.649222413080409e-7 to 0.9995235495217946 adjusted 258 weights, 3 biases 
Training fb0b4cd9 with 1 binary file, target error: 0.000001, iterations: 1, sample rate: 100%, sparse: 100%
Fine tuning increased fitness by 2.908220707587006e-7 to 0.9995240082689201 adjusted 236 weights, 3 biases 
Fine tuning increased fitness by 4.0403354839568806e-7 to 0.9995244123024685 adjusted 236 weights, 3 biases 
Training a0950bca with 1 binary file, target error: 0.000001, iterations: 1, sample rate: 100%, sparse: 100%
Training 2b002180 with 1 binary file, target error: 0.000001, iterations: 1, sample rate: 100%, sparse: 100%
Generation 120 score 0.9995247641946694  error 0.0004668553152918818 avg time 1s 123ms
Fine tuning increased fitness by 3.585788566073944e-8 to 0.9995248000525551 adjusted 230 weights, 2 biases 
Training b137ab6b with 1 binary file, target error: 0.000001, iterations: 1, sample rate: 100%, sparse: 100%
Fine tuning increased fitness by 1.501538626769161e-8 to 0.9995248478012949 adjusted 225 weights, 2 biases 
Training df564775 with 1 binary file, target error: 0.000001, iterations: 1, sample rate: 100%, sparse: 100%
Fine tuning increased fitness by 2.8915063676748787e-8 to 0.9995248767163586 adjusted 225 weights, 2 biases 
Discovered beneficial synapse from input-11 to output-0 with weight 1.0000, helping 100.0% more records than it harms (3359/3359)
Discovery 4041e759 analyze time 27s 556ms found 1 candidates
Fine tuning increased fitness by 3.7655459528274093e-8 to 0.9995249143718181 adjusted 225 weights, 2 biases 
Training 0d97635e with 1 binary file, target error: 0.000001, iterations: 1, sample rate: 100%, sparse: 100%
Fine tuning increased fitness by 2.05922001672576e-8 to 0.9995249349640183 adjusted 225 weights, 2 biases 
Fine tuning increased fitness by 1.986807052212214e-9 to 0.9995249369508253 adjusted 225 weights, 2 biases 
Discovered harmful synapse from input-1367 to output-1, harming 21.1% more records than it helps (1325/3359)
Discovery 4041e759 analyze harmful time 3s 362ms found 1 candidates
Training be204222 with 1 binary file, target error: 0.000001, iterations: 1, sample rate: 100%, sparse: 100%
Fine tuning increased fitness by 3.6719227658466025e-9 to 0.9995249406227481 adjusted 225 weights, 2 biases 
Discovery 4041e759 analyze squashes time 888ms found 2 candidates, Summary: output-0 LOGISTIC -> Cosine improved: 11.5% error: 37.4538 -> 33.1351,output-2 LeakyReLU -> LogSigmoid improved: 28.3% error: 5.1087 -> 3.6653
Fine tuning increased fitness by 1.0468623634629637e-8 to 0.9995249510913717 adjusted 255 weights, 5 biases 
Discovery a8171b92 with 1 binary files, sample rate: 100%, batch size: 512
Discovery a8171b92 initialize time 91ms
Discovery a8171b92 processing .trainData-fx_c_88/USDTWD/data.bin
Training fc3c5766 with 1 binary file, target error: 0.000001, iterations: 1, sample rate: 100%, sparse: 100%
Discovery a8171b92 read time 8ms for .trainData-fx_c_88/USDTWD/data.bin with 3359 records
Fine tuning increased fitness by 2.0310414683422096e-8 to 0.9995249714017864 adjusted 349 weights, 5 biases 
Discovery a8171b92 scanning time 1s 167ms
Discovery a8171b92 recorded time 1s 737ms
Generation 130 score 0.9995249714017864  error 0.00046664810817487776 avg time 1s 145ms
Training abc3b77b with 1 binary file, target error: 0.000001, iterations: 1, sample rate: 100%, sparse: 100%
Fine tuning increased fitness by 1.2275439553732781e-8 to 0.9995249891468452 adjusted 349 weights, 5 biases 
Training e32a1b82 with 1 binary file, target error: 0.000001, iterations: 1, sample rate: 100%, sparse: 100%
Fine tuning increased fitness by 9.320972549353712e-9 to 0.9995249984678177 adjusted 349 weights, 5 biases 
Training 04b0c20b with 1 binary file, target error: 0.000001, iterations: 1, sample rate: 100%, sparse: 100%
Fine tuning increased fitness by 8.347067259606433e-9 to 0.9995250187298157 adjusted 318 weights, 5 biases 
Training 4bb22196 with 1 binary file, target error: 0.000001, iterations: 1, sample rate: 100%, sparse: 100%
Fine tuning increased fitness by 6.355542647717982e-9 to 0.9995250250853583 adjusted 318 weights, 5 biases 
Fine tuning increased fitness by 1.2696273476997533e-8 to 0.9995250377816318 adjusted 318 weights, 5 biases 
Fine tuning increased fitness by 1.6680608894148463e-8 to 0.9995250544622407 adjusted 318 weights, 5 biases 
Fine tuning increased fitness by 2.2675555100271083e-8 to 0.9995250771377958 adjusted 318 weights, 5 biases 
Fine tuning increased fitness by 3.8356352871637966e-8 to 0.9995251154941487 adjusted 318 weights, 5 biases 
Generation 140 score 0.9995251154941487  error 0.0004665040158125313 avg time 1s 203ms
Fine tuning increased fitness by 4.6177324519725005e-8 to 0.9995251616714732 adjusted 318 weights, 5 biases 
Fine tuning increased fitness by 1.9035671594558323e-8 to 0.9995251807071448 adjusted 318 weights, 5 biases 
Fine tuning increased fitness by 3.138951987224914e-9 to 0.9995251869265833 adjusted 318 weights, 5 biases 
Fine tuning increased fitness by 3.892334010657805e-9 to 0.9995251908189173 adjusted 318 weights, 5 biases 
Fine tuning increased fitness by 1.2101848412271465e-9 to 0.9995251998032834 adjusted 318 weights, 5 biases 
Fine tuning increased fitness by 6.49594600332648e-10 to 0.999525200452878 adjusted 318 weights, 5 biases 
Fine tuning increased fitness by 8.345838464762778e-10 to 0.9995252012874618 adjusted 318 weights, 5 biases 
Generation 150 score 0.9995252012874618  error 0.00046641822249940493 avg time 1s 232ms
Fine tuning increased fitness by 1.5112127105254558e-9 to 0.9995252027986745 adjusted 318 weights, 5 biases 
Fine tuning increased fitness by 2.6450900358909735e-9 to 0.9995252054437646 adjusted 318 weights, 5 biases 
Discovered beneficial synapse from input-11 to output-0 with weight 1.0000, helping 100.0% more records than it harms (3359/3359)
Discovery a8171b92 analyze time 26s 954ms found 1 candidates
Fine tuning increased fitness by 4.29528423939729e-9 to 0.9995252097390488 adjusted 318 weights, 5 biases 
Fine tuning increased fitness by 6.939239183267887e-9 to 0.999525216678288 adjusted 318 weights, 5 biases 
Discovered harmful synapse from input-1367 to output-1, harming 20.0% more records than it helps (1343/3359)
Discovery a8171b92 analyze harmful time 3s 350ms found 1 candidates
Discovery a8171b92 analyze squashes time 1s 77ms found 2 candidates, Summary: output-0 LOGISTIC -> Cosine improved: 17.2% error: 36.0470 -> 29.8604,output-2 LeakyReLU -> LogSigmoid improved: 28.2% error: 5.1043 -> 3.6640
Fine tuning increased fitness by 4.617282112207022e-10 to 0.9995252821757691 adjusted 244 weights, 3 biases 
Fine tuning increased fitness by 1.0072260803184463e-9 to 0.9995252837648777 adjusted 238 weights, 3 biases 
Generation 160 score 0.9995252837648777  error 0.00046633574508351346 avg time 1s 212ms
Fine tuning increased fitness by 1.1328588067627265e-9 to 0.9995252848977365 adjusted 238 weights, 3 biases 
Fine tuning increased fitness by 1.6795660418011948e-9 to 0.9995252865773026 adjusted 238 weights, 3 biases 
Generation 162 score 0.9995252865773026  error 0.0004663329326586314 avg time 235ms
{
  error: 0.0004663329326586314,
  score: 0.9995252865773026,
  generation: 162,
  time: 180890
}

=== Processing USDINR (10/10) ===
9 mutations, mutation rate 5.0%, elitism 7, mutation FFW, selection FITNESS_PROPORTIONATE
Creature count: 44
Training 5295434b with 1 binary file, target error: 0.000001, iterations: 1, sample rate: 100%, sparse: 100%
Discovery 5295434b with 1 binary files, sample rate: 100%, batch size: 512
Discovery 5295434b initialize time 90ms
Discovery 5295434b processing .trainData-fx_c_88/USDINR/data.bin
Discovery 5295434b read time 8ms for .trainData-fx_c_88/USDINR/data.bin with 3359 records
Discovery 5295434b scanning time 1s 109ms
Discovery 5295434b recorded time 1s 830ms
Training 8525ddd3 with 1 binary file, target error: 0.000001, iterations: 1, sample rate: 100%, sparse: 100%
Fine tuning increased fitness by 1.1577374248172845e-7 to 0.9986525553592139 adjusted 896 weights, 9 biases 
Training 0e35c6fd with 1 binary file, target error: 0.000001, iterations: 1, sample rate: 100%, sparse: 100%
Fine tuning increased fitness by 1.2194875220750134e-7 to 0.9986526773079661 adjusted 841 weights, 9 biases 
Over populated 52, expected 50.
Training a5c4e617 with 1 binary file, target error: 0.000001, iterations: 1, sample rate: 100%, sparse: 100%
Fine tuning increased fitness by 8.705873921766027e-8 to 0.9986527643667054 adjusted 841 weights, 9 biases 
Fine tuning increased fitness by 9.756749064226966e-8 to 0.998652861934196 adjusted 841 weights, 9 biases 
Training 5722840a with 1 binary file, target error: 0.000001, iterations: 1, sample rate: 100%, sparse: 100%
Fine tuning increased fitness by 6.69149455845286e-8 to 0.9986529288491416 adjusted 841 weights, 9 biases 
Training 2b852e9f with 1 binary file, target error: 0.000001, iterations: 1, sample rate: 100%, sparse: 100%
Fine tuning increased fitness by 1.0045596210428442e-7 to 0.9986530293051037 adjusted 841 weights, 9 biases 
Over populated 52, expected 50.
Fine tuning increased fitness by 1.3100445439562236e-7 to 0.9986531603095581 adjusted 841 weights, 9 biases 
Discovered beneficial synapse from input-1295 to output-2 with weight 0.9796, helping 30.5% more records than it harms (2192/3359)
Discovery 5295434b analyze time 13s 717ms found 1 candidates
Generation 10 score 0.9986531603095581  error 0.0013366688688905433 avg time 1s 628ms
Discovery 5295434b analyze harmful time 287ms found 0 candidates
Training b1d5bcce with 1 binary file, target error: 0.000001, iterations: 1, sample rate: 100%, sparse: 100%
Discovery 5295434b analyze squashes time 258ms found 1 candidate, Summary: output-0 LOGISTIC -> BENT_IDENTITY improved: 40.3% error: 57.3287 -> 34.2446
Fine tuning increased fitness by 1.6228190580225288e-7 to 0.9986533225914639 adjusted 841 weights, 9 biases 
Over populated 52, expected 50.
Fine tuning increased fitness by 2.159217484809517e-7 to 0.9986535385132124 adjusted 841 weights, 9 biases 
Discovery 9dc0c120 with 1 binary files, sample rate: 100%, batch size: 512
Discovery 9dc0c120 initialize time 89ms
Discovery 9dc0c120 processing .trainData-fx_c_88/USDINR/data.bin
Discovery 9dc0c120 read time 9ms for .trainData-fx_c_88/USDINR/data.bin with 3359 records
Discovery 9dc0c120 scanning time 1s 273ms
Training 50eb1609 with 1 binary file, target error: 0.000001, iterations: 1, sample rate: 100%, sparse: 100%
Discovery 9dc0c120 recorded time 1s 985ms
Fine tuning increased fitness by 7.688358715229882e-7 to 0.9986548128163627 adjusted 841 weights, 9 biases 
Training c0d5a30c with 1 binary file, target error: 0.000001, iterations: 1, sample rate: 100%, sparse: 100%
Fine tuning increased fitness by 7.787113122104117e-7 to 0.9986555915276749 adjusted 841 weights, 9 biases 
Over populated 52, expected 50.
Fine tuning increased fitness by 4.724848358117484e-7 to 0.9986560640125107 adjusted 841 weights, 9 biases 
Training 913d2a60 with 1 binary file, target error: 0.000001, iterations: 1, sample rate: 100%, sparse: 100%
Fine tuning increased fitness by 1.2702566076772115e-7 to 0.9986561910381715 adjusted 841 weights, 9 biases 
Over populated 52, expected 50.
Fine tuning increased fitness by 2.151877942502267e-8 to 0.9986562125569509 adjusted 841 weights, 9 biases 
Training d1692e98 with 1 binary file, target error: 0.000001, iterations: 1, sample rate: 100%, sparse: 100%
Fine tuning increased fitness by 2.644343188862308e-8 to 0.9986562390003828 adjusted 841 weights, 9 biases 
Over populated 52, expected 50.
Fine tuning increased fitness by 1.1294471247147442e-8 to 0.998656250294854 adjusted 841 weights, 9 biases 
Discovered beneficial synapse from input-780 to output-4 with weight -1.0000, helping 20.9% more records than it harms (2025/3359)
Discovery 9dc0c120 analyze time 11s 863ms found 1 candidates
Discovered harmful synapse from input-848 to output-2, harming 12.6% more records than it helps (1234/3359)
Discovery 9dc0c120 analyze harmful time 670ms found 1 candidates
Generation 20 score 0.998656250294854  error 0.0013335788835314411 avg time 1s 702ms
Discovery 9dc0c120 analyze squashes time 484ms found 2 candidates, Summary: output-0 LOGISTIC -> BENT_IDENTITY improved: 40.1% error: 58.5889 -> 35.1071,output-2 LeakyReLU -> SELU improved: 14.7% error: 0.5934 -> 0.5061
Training 46a1d807 with 1 binary file, target error: 0.000001, iterations: 1, sample rate: 100%, sparse: 100%
Discovery 46a1d807 with 1 binary files, sample rate: 100%, batch size: 512
Discovery 46a1d807 initialize time 89ms
Discovery 46a1d807 processing .trainData-fx_c_88/USDINR/data.bin
Over populated 55, expected 50.
Discovery 46a1d807 read time 5ms for .trainData-fx_c_88/USDINR/data.bin with 3359 records
Discovery 46a1d807 scanning time 1s 352ms
Training ce7dcb5c with 1 binary file, target error: 0.000001, iterations: 1, sample rate: 100%, sparse: 100%
Discovery 9dc0c120 beneficial increased fitness by 8.80593074570335e-7 to 0.9986571430812222
Discovery 46a1d807 recorded time 2s 53ms
Fine tuning increased fitness by 0.0000016590489629875194 to 0.9986588021301852 adjusted 1 weight 
Training 6ec9504a with 1 binary file, target error: 0.000001, iterations: 1, sample rate: 100%, sparse: 100%
Fine tuning increased fitness by 0.0000022237613137576773 to 0.998661025891499 adjusted 1 weight 
Fine tuning increased fitness by 0.000004048292878144899 to 0.9986650741843771 adjusted 1 weight 
Training d12367cf with 1 binary file, target error: 0.000001, iterations: 1, sample rate: 100%, sparse: 100%
Fine tuning increased fitness by 0.0000024089804615545773 to 0.9986674831648387 adjusted 1 weight 
Discovered beneficial synapse from input-90 to output-0 with weight -1.0000, helping 16.5% more records than it harms (1956/3359)
Discovery 46a1d807 analyze time 7s 275ms found 1 candidates
Training f0bbae40 with 1 binary file, target error: 0.000001, iterations: 1, sample rate: 100%, sparse: 100%
Discovered harmful synapse from input-390 to output-4, harming 14.3% more records than it helps (1439/3359)
Discovery 46a1d807 analyze harmful time 1s 663ms found 1 candidates
Discovery 46a1d807 analyze squashes time 219ms found 1 candidate, Summary: output-0 LOGISTIC -> BENT_IDENTITY improved: 40.1% error: 72.0489 -> 43.1327
Training d693d22f with 1 binary file, target error: 0.000001, iterations: 1, sample rate: 100%, sparse: 100%
Discovery d693d22f with 1 binary files, sample rate: 100%, batch size: 512
Discovery d693d22f initialize time 89ms
Discovery d693d22f processing .trainData-fx_c_88/USDINR/data.bin
Generation 30 score 0.9986675062478508  error 0.0013223129289866823 avg time 1s 395ms
Discovery d693d22f read time 6ms for .trainData-fx_c_88/USDINR/data.bin with 3359 records
Discovery d693d22f scanning time 1s 305ms
Fine tuning increased fitness by 1.3521994857157438e-8 to 0.9986675197698457 adjusted 274 weights, 4 biases 
Discovery d693d22f recorded time 1s 913ms
Training 9e1e9b27 with 1 binary file, target error: 0.000001, iterations: 1, sample rate: 100%, sparse: 100%
Fine tuning increased fitness by 4.515228002599514e-8 to 0.9986675649221257 adjusted 274 weights, 4 biases 
Fine tuning increased fitness by 5.5071238680426404e-9 to 0.9986675704292496 adjusted 1 weight 
Training 9c079172 with 1 binary file, target error: 0.000001, iterations: 1, sample rate: 100%, sparse: 100%
Fine tuning increased fitness by 5.062710339842624e-8 to 0.998667621056353 adjusted 1 weight 
Fine tuning increased fitness by 9.997278416218336e-8 to 0.9986677210291371 adjusted 1 weight 
Training 341718c2 with 1 binary file, target error: 0.000001, iterations: 1, sample rate: 100%, sparse: 100%
Fine tuning increased fitness by 1.2513864633412197e-7 to 0.9986678461677835 adjusted 1 weight 
Discovered beneficial synapse from input-90 to output-0 with weight -1.0000, helping 16.5% more records than it harms (1956/3359)
Discovery d693d22f analyze time 6s 655ms found 1 candidates
Discovered harmful synapse from input-91 to output-0, harming 12.6% more records than it helps (1468/3359)
Discovery d693d22f analyze harmful time 693ms found 1 candidates
Fine tuning increased fitness by 5.2355519253310945e-8 to 0.9986678985233027 adjusted 1 weight 
Discovery d693d22f analyze squashes time 255ms found 1 candidate, Summary: output-0 LOGISTIC -> BENT_IDENTITY improved: 40.1% error: 72.0410 -> 43.1325
Training 1fe62ebc with 1 binary file, target error: 0.000001, iterations: 1, sample rate: 100%, sparse: 100%
Fine tuning increased fitness by 5.047751105990983e-11 to 0.9986678985737802 adjusted 1 weight 
Discovery c32b09c4 with 1 binary files, sample rate: 100%, batch size: 512
Discovery c32b09c4 initialize time 85ms
Discovery c32b09c4 processing .trainData-fx_c_88/USDINR/data.bin
Discovery c32b09c4 read time 7ms for .trainData-fx_c_88/USDINR/data.bin with 3359 records
Discovery c32b09c4 scanning time 999ms
Training 46b581b9 with 1 binary file, target error: 0.000001, iterations: 1, sample rate: 100%, sparse: 100%
Discovery c32b09c4 recorded time 1s 704ms
Generation 40 score 0.9986678986038346  error 0.001321900573233241 avg time 1s 289ms
Fine tuning increased fitness by 3.74551611947993e-10 to 0.9986678989783863 adjusted 54 weights, 2 biases 
Training eb7d7036 with 1 binary file, target error: 0.000001, iterations: 1, sample rate: 100%, sparse: 100%
Fine tuning increased fitness by 3.5840685974619646e-10 to 0.9986678993367931 adjusted 54 weights, 2 biases 
Training baa84866 with 1 binary file, target error: 0.000001, iterations: 1, sample rate: 100%, sparse: 100%
Fine tuning increased fitness by 1.196237436884573e-7 to 0.998668082292277 adjusted 629 weights, 5 biases 
Fine tuning increased fitness by 1.7175105804234647e-7 to 0.998668254043335 adjusted 629 weights, 5 biases 
Discovered beneficial synapse from input-90 to output-0 with weight -1.0000, helping 16.5% more records than it harms (1956/3359)
Discovery c32b09c4 analyze time 7s 257ms found 1 candidates
Discovered harmful synapse from input-91 to output-0, harming 12.6% more records than it helps (1468/3359)
Discovery c32b09c4 analyze harmful time 251ms found 1 candidates
Discovery c32b09c4 analyze squashes time 446ms found 2 candidates, Summary: output-0 LOGISTIC -> BENT_IDENTITY improved: 40.1% error: 72.0473 -> 43.1330,output-2 LeakyReLU -> SELU improved: 14.8% error: 0.5936 -> 0.5057
Training a71593a0 with 1 binary file, target error: 0.000001, iterations: 1, sample rate: 100%, sparse: 100%
Fine tuning increased fitness by 1.1653972187275485e-7 to 0.9986683705830569 adjusted 629 weights, 5 biases 
Discovery a71593a0 with 1 binary files, sample rate: 100%, batch size: 512
Discovery a71593a0 initialize time 89ms
Discovery a71593a0 processing .trainData-fx_c_88/USDINR/data.bin
Discovery a71593a0 read time 8ms for .trainData-fx_c_88/USDINR/data.bin with 3359 records
Over populated 53, expected 50.
Discovery a71593a0 scanning time 1s 198ms
Training bd10b574 with 1 binary file, target error: 0.000001, iterations: 1, sample rate: 100%, sparse: 100%
Fine tuning increased fitness by 1.615658584697144e-8 to 0.9986683867396428 adjusted 629 weights, 5 biases 
Discovery a71593a0 recorded time 1s 969ms
Fine tuning increased fitness by 2.0197724159842778e-8 to 0.9986684069373669 adjusted 629 weights, 5 biases 
Training 359df219 with 1 binary file, target error: 0.000001, iterations: 1, sample rate: 100%, sparse: 100%
Over populated 52, expected 50.
Fine tuning increased fitness by 2.156222583815648e-7 to 0.9986686688258626 adjusted 875 weights, 8 biases 
Generation 50 score 0.9986686688258626  error 0.0013211303511677524 avg time 1s 592ms
Training 6162c420 with 1 binary file, target error: 0.000001, iterations: 1, sample rate: 100%, sparse: 100%
Discovered beneficial synapse from input-90 to output-0 with weight -1.0000, helping 16.3% more records than it harms (1954/3359)
Discovery a71593a0 analyze time 7s 25ms found 1 candidates
Discovered harmful synapse from input-91 to output-0, harming 13.0% more records than it helps (1462/3359)
Discovery a71593a0 analyze harmful time 253ms found 1 candidates
Over populated 52, expected 50.
Discovery a71593a0 analyze squashes time 426ms found 2 candidates, Summary: output-0 LOGISTIC -> BENT_IDENTITY improved: 40.1% error: 72.4703 -> 43.4005,387a76c6-268c-4a43-a89f-23a63647fd41 LeakyReLU -> Softplus improved: 5.6% error: 0.0279 -> 0.0264
Over populated 52, expected 50.
Training 33fb8395 with 1 binary file, target error: 0.000001, iterations: 1, sample rate: 100%, sparse: 100%
Discovery 3dbbb9c7 with 1 binary files, sample rate: 100%, batch size: 512
Discovery 3dbbb9c7 initialize time 79ms
Discovery 3dbbb9c7 processing .trainData-fx_c_88/USDINR/data.bin
Discovery 3dbbb9c7 read time 6ms for .trainData-fx_c_88/USDINR/data.bin with 3359 records
Discovery 3dbbb9c7 scanning time 973ms
Training 466156be with 1 binary file, target error: 0.000001, iterations: 1, sample rate: 100%, sparse: 100%
Fine tuning increased fitness by 2.3362030188156524e-7 to 0.998669653225974 adjusted 857 weights, 9 biases 
Discovery 3dbbb9c7 recorded time 1s 828ms
Fine tuning increased fitness by 2.676060639750233e-7 to 0.998669920832038 adjusted 857 weights, 9 biases 
Training 01580d03 with 1 binary file, target error: 0.000001, iterations: 1, sample rate: 100%, sparse: 100%
Fine tuning increased fitness by 2.233867910650389e-7 to 0.998670144218829 adjusted 857 weights, 9 biases 
Over populated 52, expected 50.
Fine tuning increased fitness by 2.8299018939303977e-7 to 0.9986704272090184 adjusted 857 weights, 9 biases 
Training 9d7a4103 with 1 binary file, target error: 0.000001, iterations: 1, sample rate: 100%, sparse: 100%
Fine tuning increased fitness by 3.961515930850368e-7 to 0.9986708233606115 adjusted 857 weights, 9 biases 
Over populated 52, expected 50.
Fine tuning increased fitness by 3.894861451136933e-7 to 0.9986712128467566 adjusted 857 weights, 9 biases 
Generation 60 score 0.9986712128467566  error 0.0013185863303633377 avg time 1s 684ms
Training 4079b6e2 with 1 binary file, target error: 0.000001, iterations: 1, sample rate: 100%, sparse: 100%
Fine tuning increased fitness by 2.7489783938072776e-7 to 0.998671487744596 adjusted 857 weights, 9 biases 
Over populated 52, expected 50.
Training 1813788c with 1 binary file, target error: 0.000001, iterations: 1, sample rate: 100%, sparse: 100%
Fine tuning increased fitness by 5.618969137755059e-7 to 0.9986720496415098 adjusted 857 weights, 9 biases 
Discovered beneficial synapse from input-823 to output-4 with weight 1.0000, helping 21.9% more records than it harms (2047/3359)
Discovery 3dbbb9c7 analyze time 12s 388ms found 1 candidates
Discovered harmful synapse from input-91 to output-0, harming 13.0% more records than it helps (1462/3359)
Discovery 3dbbb9c7 analyze harmful time 251ms found 1 candidates
Discovery 3dbbb9c7 analyze squashes time 288ms found 1 candidate, Summary: output-0 LOGISTIC -> BENT_IDENTITY improved: 40.1% error: 72.8354 -> 43.6547
Over populated 52, expected 50.
Fine tuning increased fitness by 3.1349992846152475e-7 to 0.9986723631414383 adjusted 857 weights, 9 biases 
Discovery 0c9519a5 with 1 binary files, sample rate: 100%, batch size: 512
Discovery 0c9519a5 initialize time 86ms
Discovery 0c9519a5 processing .trainData-fx_c_88/USDINR/data.bin
Discovery 0c9519a5 read time 7ms for .trainData-fx_c_88/USDINR/data.bin with 3359 records
Discovery 0c9519a5 scanning time 1s 91ms
Over populated 53, expected 50.
Training cfc6a137 with 1 binary file, target error: 0.000001, iterations: 1, sample rate: 100%, sparse: 100%
Discovery 3dbbb9c7 beneficial increased fitness by 0.000008107208323004933 to 0.9986804703497613
Discovery 0c9519a5 recorded time 1s 796ms
Training fbb58907 with 1 binary file, target error: 0.000001, iterations: 1, sample rate: 100%, sparse: 100%
Fine tuning increased fitness by 1.3958371469779962e-7 to 0.9986827153473037 adjusted 149 weights, 4 biases 
Fine tuning increased fitness by 1.2528576032178051e-7 to 0.998682840633064 adjusted 149 weights, 4 biases 
Training 2cd7182d with 1 binary file, target error: 0.000001, iterations: 1, sample rate: 100%, sparse: 100%
Fine tuning increased fitness by 1.0716443266112208e-7 to 0.9986829477974967 adjusted 149 weights, 4 biases 
Discovered beneficial synapse from input-90 to output-0 with weight -1.0000, helping 16.0% more records than it harms (1949/3359)
Discovery 0c9519a5 analyze time 6s 631ms found 1 candidates
Over populated 52, expected 50.
Discovered harmful synapse from input-1065 to 387a76c6-268c-4a43-a89f-23a63647fd41, harming 12.7% more records than it helps (1467/3359)
Discovery 0c9519a5 analyze harmful time 363ms found 1 candidates
Fine tuning increased fitness by 7.28531384108777e-8 to 0.9986830206506351 adjusted 149 weights, 4 biases 
Discovery 0c9519a5 analyze squashes time 500ms found 2 candidates, Summary: output-0 LOGISTIC -> BENT_IDENTITY improved: 40.1% error: 72.6122 -> 43.5131,output-2 LeakyReLU -> SELU improved: 15.2% error: 0.5928 -> 0.5028
Training d93bf998 with 1 binary file, target error: 0.000001, iterations: 1, sample rate: 100%, sparse: 100%
Fine tuning increased fitness by 8.93962939230164e-8 to 0.998683110046929 adjusted 149 weights, 4 biases 
Discovery d93bf998 with 1 binary files, sample rate: 100%, batch size: 512
Discovery d93bf998 initialize time 88ms
Discovery d93bf998 processing .trainData-fx_c_88/USDINR/data.bin
Over populated 55, expected 50.
Generation 70 score 0.998683110046929  error 0.001306679130196391 avg time 1s 561ms
Discovery d93bf998 read time 11ms for .trainData-fx_c_88/USDINR/data.bin with 3359 records
Discovery d93bf998 scanning time 1s 380ms
Fine tuning increased fitness by 4.1368336090030766e-8 to 0.9986831514152651 adjusted 149 weights, 4 biases 
Discovery d93bf998 recorded time 1s 960ms
Training 3ba0dafc with 1 binary file, target error: 0.000001, iterations: 1, sample rate: 100%, sparse: 100%
Fine tuning increased fitness by 5.8565896132733997e-8 to 0.9986832099811612 adjusted 149 weights, 4 biases 
Fine tuning increased fitness by 1.0649832360432043e-7 to 0.9986833164794848 adjusted 149 weights, 4 biases 
Training 451064b8 with 1 binary file, target error: 0.000001, iterations: 1, sample rate: 100%, sparse: 100%
Fine tuning increased fitness by 1.2612681243862056e-7 to 0.9986834426062973 adjusted 149 weights, 4 biases 
Training 21594cc0 with 1 binary file, target error: 0.000001, iterations: 1, sample rate: 100%, sparse: 100%
Discovered beneficial synapse from input-90 to output-0 with weight -1.0000, helping 15.3% more records than it harms (1936/3359)
Discovery d93bf998 analyze time 7s 209ms found 1 candidates
Discovered harmful synapse from input-368 to output-3, harming 21.0% more records than it helps (1327/3359)
Discovery d93bf998 analyze harmful time 1s 690ms found 1 candidates
Training 3699e478 with 1 binary file, target error: 0.000001, iterations: 1, sample rate: 100%, sparse: 100%
Discovery d93bf998 analyze squashes time 449ms found 2 candidates, Summary: output-0 LOGISTIC -> BENT_IDENTITY improved: 40.1% error: 71.7063 -> 42.9822,output-2 LeakyReLU -> SELU improved: 14.9% error: 0.5934 -> 0.5052
Fine tuning increased fitness by 3.2765222202080224e-7 to 0.9986843808610392 adjusted 141 weights, 4 biases 
Discovery 350a53cc with 1 binary files, sample rate: 100%, batch size: 512
Discovery 350a53cc initialize time 87ms
Discovery 350a53cc processing .trainData-fx_c_88/USDINR/data.bin
Over populated 52, expected 50.
Discovery 350a53cc read time 4ms for .trainData-fx_c_88/USDINR/data.bin with 3359 records
Discovery 350a53cc scanning time 1s 130ms
Training c993769c with 1 binary file, target error: 0.000001, iterations: 1, sample rate: 100%, sparse: 100%
Fine tuning increased fitness by 1.973030324675662e-7 to 0.9986856571967573 adjusted 138 weights, 4 biases 
Discovery 350a53cc recorded time 1s 809ms
Generation 80 score 0.9986856571967573  error 0.001304131980382182 avg time 1s 448ms
Fine tuning increased fitness by 0.0000010013658511276446 to 0.9986866585626084 adjusted 138 weights, 4 biases 
Training 70c55dd5 with 1 binary file, target error: 0.000001, iterations: 1, sample rate: 100%, sparse: 100%
Fine tuning increased fitness by 5.227910231386801e-7 to 0.9986871813536315 adjusted 138 weights, 4 biases 
Fine tuning increased fitness by 2.643479773967172e-7 to 0.998687445701609 adjusted 138 weights, 4 biases 
Training 097a0fce with 1 binary file, target error: 0.000001, iterations: 1, sample rate: 100%, sparse: 100%
Fine tuning increased fitness by 1.0718743659321461e-7 to 0.9986875528890455 adjusted 138 weights, 4 biases 
Fine tuning increased fitness by 2.0984840809479266e-7 to 0.9986877627374536 adjusted 138 weights, 4 biases 
Discovered beneficial synapse from input-90 to output-0 with weight -1.0000, helping 15.9% more records than it harms (1947/3359)
Discovery 350a53cc analyze time 6s 662ms found 1 candidates
Discovered harmful synapse from input-91 to output-0, harming 12.7% more records than it helps (1467/3359)
Discovery 350a53cc analyze harmful time 1s 111ms found 1 candidates
Training b4febfbf with 1 binary file, target error: 0.000001, iterations: 1, sample rate: 100%, sparse: 100%
Fine tuning increased fitness by 1.2034157603757478e-7 to 0.9986878830790297 adjusted 138 weights, 4 biases 
Discovery 350a53cc analyze squashes time 251ms found 1 candidate, Summary: output-0 LOGISTIC -> BENT_IDENTITY improved: 40.1% error: 72.2767 -> 43.2585
Fine tuning increased fitness by 1.7382521921849303e-7 to 0.9986880569042489 adjusted 138 weights, 4 biases 
Discovery 29e0be17 with 1 binary files, sample rate: 100%, batch size: 512
Discovery 29e0be17 initialize time 83ms
Discovery 29e0be17 processing .trainData-fx_c_88/USDINR/data.bin
Discovery 29e0be17 read time 8ms for .trainData-fx_c_88/USDINR/data.bin with 3359 records
Discovery 29e0be17 scanning time 1s 221ms
Training f1e8434a with 1 binary file, target error: 0.000001, iterations: 1, sample rate: 100%, sparse: 100%
Fine tuning increased fitness by 2.0832762603895105e-7 to 0.9986882652318749 adjusted 138 weights, 4 biases 
Discovery 29e0be17 recorded time 1s 836ms
Fine tuning increased fitness by 2.873125536373422e-7 to 0.9986885525444286 adjusted 138 weights, 4 biases 
Training ae2b7e4c with 1 binary file, target error: 0.000001, iterations: 1, sample rate: 100%, sparse: 100%
Fine tuning increased fitness by 3.1199093186717874e-7 to 0.9986888645353604 adjusted 138 weights, 4 biases 
Generation 90 score 0.9986888645353604  error 0.001300924641777152 avg time 1s 425ms
Fine tuning increased fitness by 2.1186435761322286e-7 to 0.998689076399718 adjusted 138 weights, 4 biases 
Training b9091fdc with 1 binary file, target error: 0.000001, iterations: 1, sample rate: 100%, sparse: 100%
Fine tuning increased fitness by 2.0048274584905101e-7 to 0.9986892768824639 adjusted 138 weights, 4 biases 
Fine tuning increased fitness by 3.317100188970912e-7 to 0.9986896085924828 adjusted 138 weights, 4 biases 
Training f3d07b82 with 1 binary file, target error: 0.000001, iterations: 1, sample rate: 100%, sparse: 100%
Fine tuning increased fitness by 6.49437340571879e-8 to 0.9986896735362168 adjusted 138 weights, 4 biases 
Fine tuning increased fitness by 1.8139277524475972e-8 to 0.9986896916754944 adjusted 138 weights, 4 biases 
Training c116838f with 1 binary file, target error: 0.000001, iterations: 1, sample rate: 100%, sparse: 100%
Fine tuning increased fitness by 2.890046169046201e-8 to 0.9986897205759561 adjusted 138 weights, 4 biases 
Fine tuning increased fitness by 3.1111024756391714e-8 to 0.9986897516869808 adjusted 138 weights, 4 biases 
Discovered beneficial synapse from input-90 to output-0 with weight -1.0000, helping 15.9% more records than it harms (1947/3359)
Discovery 29e0be17 analyze time 13s 348ms found 1 candidates
Training 6755483b with 1 binary file, target error: 0.000001, iterations: 1, sample rate: 100%, sparse: 100%
Discovered harmful synapse from input-91 to output-0, harming 12.7% more records than it helps (1467/3359)
Discovery 29e0be17 analyze harmful time 373ms found 1 candidates
Discovery 29e0be17 analyze squashes time 251ms found 1 candidate, Summary: output-0 LOGISTIC -> BENT_IDENTITY improved: 40.2% error: 72.2772 -> 43.2572
Discovery c9fb5555 with 1 binary files, sample rate: 100%, batch size: 512
Discovery c9fb5555 initialize time 84ms
Discovery c9fb5555 processing .trainData-fx_c_88/USDINR/data.bin
Discovery c9fb5555 read time 11ms for .trainData-fx_c_88/USDINR/data.bin with 3359 records
Discovery c9fb5555 scanning time 1s 5ms
Fine tuning increased fitness by 2.1909380421014646e-8 to 0.9986898021908082 adjusted 134 weights, 3 biases 
Discovery c9fb5555 recorded time 1s 944ms
Generation 100 score 0.9986898021908082  error 0.0012999869863273815 avg time 1s 434ms
Fine tuning increased fitness by 3.603079556935285e-8 to 0.9986898382216037 adjusted 134 weights, 3 biases 
Fine tuning increased fitness by 5.1102411191550345e-8 to 0.9986898893240149 adjusted 134 weights, 3 biases 
Fine tuning increased fitness by 8.114326366381874e-8 to 0.9986899704672786 adjusted 134 weights, 3 biases 
Fine tuning increased fitness by 6.312396971797085e-8 to 0.9986900335912483 adjusted 134 weights, 3 biases 
Constant neuron 2772c3f9-56ef-4fe1-b360-61734099e8dc convert hidden to constant
Adjust neuron 2772c3f9-56ef-4fe1-b360-61734099e8dc bias 0.01864106345746379 to 0.01958618378011337
Fine tuning increased fitness by 5.620073761924971e-8 to 0.9986900897919859 adjusted 134 weights, 3 biases 
Discovered beneficial synapse from input-90 to output-0 with weight -1.0000, helping 15.9% more records than it harms (1947/3359)
Discovery c9fb5555 analyze time 7s 103ms found 1 candidates
Discovered harmful synapse from input-91 to output-0, harming 12.7% more records than it helps (1467/3359)
Discovery c9fb5555 analyze harmful time 250ms found 1 candidates
Discovery c9fb5555 analyze squashes time 251ms found 1 candidate, Summary: output-0 LOGISTIC -> BENT_IDENTITY improved: 40.2% error: 72.2778 -> 43.2567
Fine tuning increased fitness by 1.2209790745121296e-7 to 0.9986902118898934 adjusted 134 weights, 3 biases 
Fine tuning increased fitness by 1.172014896244633e-8 to 0.9986902386008409 adjusted 134 weights, 3 biases 
Fine tuning increased fitness by 1.913752001314606e-8 to 0.9986902692545031 adjusted 134 weights, 3 biases 
Generation 110 score 0.9986902692545031  error 0.001299519922632655 avg time 1s 361ms
Fine tuning increased fitness by 2.5830809269322685e-8 to 0.9986902950853124 adjusted 134 weights, 3 biases 
Fine tuning increased fitness by 2.4624825623043023e-8 to 0.998690319710138 adjusted 134 weights, 3 biases 
Fine tuning increased fitness by 2.969280021858367e-8 to 0.9986903494029382 adjusted 134 weights, 3 biases 
Fine tuning increased fitness by 4.1774707582042936e-8 to 0.998690431701208 adjusted 134 weights, 3 biases 
Generation 120 score 0.9986905278108231  error 0.0012992713661846033 avg time 1s 331ms
Fine tuning increased fitness by 4.035328515783476e-9 to 0.9986905318461516 adjusted 136 weights, 4 biases 
Generation 121 score 0.9986905318461516  error 0.001299257330959565 avg time 140ms
{
  error: 0.001299257330959565,
  score: 0.9986905318461516,
  generation: 121,
  time: 180269
}
🧹 Cleaning up any inconsistent git state
✅ Git state cleanup completed
✅ Already on proper branch: Develop
From github.com:stSoftwareAU/GRQ-FX-models
 + 8176e02...2fe41e5 Develop    -> origin/Develop  (forced update)
Created autostash: 14f41dd
error: The following untracked working tree files would be overwritten by checkout:
	v1/USDJPY.json
Please move or remove them before you switch branches.
Aborting
Applied autostash.
error: could not detach HEAD
⚠️ git pull failed for other reasons
✅ Already on proper branch: Develop
📦 Changes detected — staging files and validating JSON
[0;32m🔍 Validating staged JSON files...[0m
[0;32m🔍 Validating: v1/USDDKK.json[0m
[0;32m   ✅ PASSED: File is valid[0m
[0;32m🔍 Validating: v1/USDJPY.json[0m
[0;32m   ✅ PASSED: File is valid[0m
[0;32m🔍 Validating: v1/USDAED.json[0m
[0;32m   ✅ PASSED: File is valid[0m
[0;32m🔍 Validating: v1/USDCOP.json[0m
[0;32m   ✅ PASSED: File is valid[0m
[0;32m🔍 Validating: v1/USDIDR.json[0m
[0;32m   ✅ PASSED: File is valid[0m
[0;32m🔍 Validating: v1/USDINR.json[0m
[0;32m   ✅ PASSED: File is valid[0m
[0;32m🔍 Validating: v1/USDKZT.json[0m
[0;32m   ✅ PASSED: File is valid[0m
[0;32m🔍 Validating: v1/USDNZD.json[0m
[0;32m   ✅ PASSED: File is valid[0m
[0;32m🔍 Validating: v1/USDPLN.json[0m
[0;32m   ✅ PASSED: File is valid[0m
[0;32m🔍 Validating: v1/USDTWD.json[0m
[0;32m   ✅ PASSED: File is valid[0m
[0;32m✅ All staged JSON files are valid[0m
✅ JSON validation passed — committing
✅ Already on proper branch: Develop
🔍 Pre-commit state:
🔍 Current Git State:
  Branch: Develop
  Commit: 8176e02183b2e641fcbd8795375b233dde2addc7
  Status:
M  v1/USDAED.json
M  v1/USDCOP.json
A  v1/USDDKK.json
M  v1/USDIDR.json
M  v1/USDINR.json
  Remote branches:
  origin/Develop
  origin/HEAD -> origin/Develop
[Develop cb898e1] ip-10-0-37-251 Improved FX models
 10 files changed, 27427 insertions(+), 17262 deletions(-)
 create mode 100644 v1/USDDKK.json
 create mode 100644 v1/USDJPY.json
🛡️ Preventing merge conflicts with aggressive strategy...
📦 Local commits detected (2 ahead) - using force push to prevent conflicts
To github.com:stSoftwareAU/GRQ-FX-models.git
 + 2fe41e5...cb898e1 Develop -> Develop (forced update)
✅ Force push succeeded - conflicts prevented
✅ Conflict prevention succeeded
🧹 Performing final git cleanup on exit...
✅ Final cleanup completed
📥 Pulling GRQ-FX-validation with --ours strategy...
📦 No local changes or untracked files - checking remote state
🔄 Resetting to remote state (commit: b1f4dc51)
HEAD is now at b1f4dc5 Add FX predictions for 2025-08-06
✅ Successfully reset to remote state - all models updated by another machine
✅ GRQ-FX-validation pull succeeded in 7 seconds
Checking if predictions exist for 2025-08-06...
✅ Predictions already exist for 2025-08-06 (found in main index)
   Skipping generation to avoid overwriting validation data
📥 Pulling GRQ-health with --ours strategy...
From github.com:stSoftwareAU/GRQ-health
   b306a81..ceb5c1c  Develop    -> origin/Develop
📦 No local changes or untracked files - checking remote state
🔄 Resetting to remote state (commit: ceb5c1c3)
HEAD is now at ceb5c1c Update health status for ip-10-0-44-56 at Wed Aug  6 06:40:51 AM UTC 2025
✅ Successfully reset to remote state - all models updated by another machine
✅ GRQ-health pull succeeded in 8 seconds
Updating health information...
Updated health information for ip-10-0-37-251
