================ Clean up START ================
Version 1.3.3
Disk usage:
Filesystem        Size  Used Avail Use% Mounted on
devtmpfs          4.0M     0  4.0M   0% /dev
tmpfs             7.7G     0  7.7G   0% /dev/shm
tmpfs             3.1G  448K  3.1G   1% /run
/dev/nvme0n1p1     40G  2.4G   38G   6% /
tmpfs             7.7G  4.0K  7.7G   1% /tmp
/dev/nvme0n1p128   10M  1.4M  8.7M  14% /boot/efi
/dev/nvme1n1      434G  102M  412G   1% /data
tmpfs             1.6G     0  1.6G   0% /run/user/1001
Uptime:  21:55:54 up 0 min,  0 users,  load average: 1.09, 0.32, 0.11
USER         PID    PPID COMMAND
GRQ        23084   23038 (sd-pam)
GRQ        23189   22766 /bin/bash /data/GRQ/run.sh --option=industry
GRQ        26610   23189 /bin/bash ./check_spot_termination.sh
GRQ        26613   23189 /bin/bash ./run.sh --run-once
GRQ        26621   26610 sleep 5
GRQ        26631   26613 /bin/bash worker/node.sh
GRQ        26640   26631 ps -U GRQ -o user,pid,ppid,command
Host: ip-10-0-41-53
IP: 10.0.41.53
Number of CPUs: 8
Available Memory: 15Gi
================ Clean up ENDED ================
Use local deno
PATH: /data/GRQ/.deno/bin:/usr/local/sbin:/usr/local/bin:/usr/sbin:/usr/bin:/sbin:/bin:/var/lib/snapd/snap/bin
deno 2.4.3 (stable, release, aarch64-unknown-linux-gnu)
v8 13.7.152.14-rusty
typescript 5.8.3
aws-cli/2.23.11 Python/3.9.21 Linux/6.1.130-139.222.amzn2023.aarch64 source/aarch64.amzn.2023
Upgrading Deno to version v2.4.3...
Current Deno version: v2.4.3
Version 2.4.3 is already installed
Option: industry
Starting Industry... Tue Aug  5 09:55:55 PM UTC 2025
Already up to date.
📦 Cloning GRQ-industryV2
Cloning into 'GRQ-industryV2'...
Fetching S3 checksum file from: s3://grq-trainingdata/trainData-industry_88/checksum.sha256
Checksum differs or not found locally. Downloading data file.
Decompressing S3 data file: ../../.cache/v2/trainData-industry_88/data.tgz
S3 data successfully fetched and decompressed
🧹 Removing: trainData-industry_*
📦 Cloning GRQ-portfolio
Cloning into 'GRQ-portfolio'...
Download https://jsr.io/@std/cli/meta.json
Download https://jsr.io/@std/fmt/meta.json
Download https://jsr.io/@std/fs/meta.json
Download https://jsr.io/@stsoftware/neat-ai/meta.json
Download https://jsr.io/@stsoftware/tags/meta.json
Download https://jsr.io/@std/assert/meta.json
Download https://jsr.io/@std/datetime/meta.json
Download https://jsr.io/@std/csv/meta.json
Download https://jsr.io/@std/cli/1.0.21_meta.json
Download https://jsr.io/@std/fmt/1.0.8_meta.json
Download https://jsr.io/@std/fs/1.0.19_meta.json
Download https://jsr.io/@stsoftware/neat-ai/0.181.0_meta.json
Download https://jsr.io/@stsoftware/tags/1.0.13_meta.json
Download https://jsr.io/@std/assert/1.0.13_meta.json
Download https://jsr.io/@std/datetime/0.225.5_meta.json
Download https://jsr.io/@std/csv/1.0.6_meta.json
Download https://jsr.io/@std/cli/1.0.21/_data.json
Download https://jsr.io/@std/path/meta.json
Download https://jsr.io/@std/internal/meta.json
Download https://jsr.io/@std/streams/meta.json
Download https://jsr.io/@std/bytes/meta.json
Download https://jsr.io/@std/crypto/meta.json
Download https://jsr.io/@std/path/1.1.1_meta.json
Download https://jsr.io/@std/internal/1.0.10_meta.json
Download https://jsr.io/@std/streams/1.0.10_meta.json
Download https://jsr.io/@std/bytes/1.0.6_meta.json
Download https://jsr.io/@std/crypto/1.0.5_meta.json
Download https://jsr.io/@std/cli/1.0.21/mod.ts
Download https://jsr.io/@std/fmt/1.0.8/colors.ts
Download https://jsr.io/@std/fs/1.0.19/mod.ts
Download https://jsr.io/@stsoftware/neat-ai/0.181.0/mod.ts
Download https://jsr.io/@stsoftware/tags/1.0.13/mod.ts
Download https://jsr.io/@std/assert/1.0.13/assert.ts
Download https://jsr.io/@std/datetime/0.225.5/mod.ts
Download https://jsr.io/@std/assert/1.0.13/mod.ts
Download https://jsr.io/@std/csv/1.0.6/mod.ts
Download https://jsr.io/@std/datetime/0.225.5/constants.ts
Download https://jsr.io/@std/fmt/1.0.8/duration.ts
Download https://jsr.io/@std/cli/1.0.21/parse_args.ts
Download https://jsr.io/@std/cli/1.0.21/prompt_secret.ts
Download https://jsr.io/@std/cli/1.0.21/unicode_width.ts
Download https://jsr.io/@std/fs/1.0.19/empty_dir.ts
Download https://jsr.io/@std/fs/1.0.19/ensure_dir.ts
Download https://jsr.io/@std/fs/1.0.19/ensure_file.ts
Download https://jsr.io/@std/fs/1.0.19/ensure_link.ts
Download https://jsr.io/@std/fs/1.0.19/ensure_symlink.ts
Download https://jsr.io/@std/fs/1.0.19/exists.ts
Download https://jsr.io/@std/fs/1.0.19/expand_glob.ts
Download https://jsr.io/@std/fs/1.0.19/move.ts
Download https://jsr.io/@std/fs/1.0.19/copy.ts
Download https://jsr.io/@std/fs/1.0.19/walk.ts
Download https://jsr.io/@std/fs/1.0.19/eol.ts
Download https://jsr.io/@stsoftware/neat-ai/0.181.0/src/Creature.ts
Download https://jsr.io/@stsoftware/neat-ai/0.181.0/src/architecture/CreatureUtils.ts
Download https://jsr.io/@stsoftware/neat-ai/0.181.0/src/methods/Selection.ts
Download https://jsr.io/@stsoftware/neat-ai/0.181.0/src/NEAT/Mutation.ts
Download https://jsr.io/@stsoftware/neat-ai/0.181.0/src/reconstruct/CRISPR.ts
Download https://jsr.io/@stsoftware/neat-ai/0.181.0/src/reconstruct/Upgrade.ts
Download https://jsr.io/@stsoftware/neat-ai/0.181.0/src/reconstruct/ConnectMissing.ts
Download https://jsr.io/@stsoftware/neat-ai/0.181.0/src/architecture/NeuronInterfaces.ts
Download https://jsr.io/@stsoftware/neat-ai/0.181.0/src/architecture/SynapseInterfaces.ts
Download https://jsr.io/@stsoftware/neat-ai/0.181.0/src/upgrade/UpgradeTwo.ts
Download https://jsr.io/@stsoftware/tags/1.0.13/src/TagAndRelease.ts
Download https://jsr.io/@stsoftware/tags/1.0.13/src/TagsInterface.ts
Download https://jsr.io/@std/assert/1.0.13/assertion_error.ts
Download https://jsr.io/@std/datetime/0.225.5/day_of_year.ts
Download https://jsr.io/@std/datetime/0.225.5/difference.ts
Download https://jsr.io/@std/datetime/0.225.5/format.ts
Download https://jsr.io/@std/datetime/0.225.5/is_leap.ts
Download https://jsr.io/@std/datetime/0.225.5/parse.ts
Download https://jsr.io/@std/datetime/0.225.5/week_of_year.ts
Download https://jsr.io/@std/assert/1.0.13/almost_equals.ts
Download https://jsr.io/@std/assert/1.0.13/array_includes.ts
Download https://jsr.io/@std/assert/1.0.13/equals.ts
Download https://jsr.io/@std/assert/1.0.13/exists.ts
Download https://jsr.io/@std/assert/1.0.13/false.ts
Download https://jsr.io/@std/assert/1.0.13/greater_or_equal.ts
Download https://jsr.io/@std/assert/1.0.13/greater.ts
Download https://jsr.io/@std/assert/1.0.13/instance_of.ts
Download https://jsr.io/@std/assert/1.0.13/is_error.ts
Download https://jsr.io/@std/assert/1.0.13/less_or_equal.ts
Download https://jsr.io/@std/assert/1.0.13/less.ts
Download https://jsr.io/@std/assert/1.0.13/match.ts
Download https://jsr.io/@std/assert/1.0.13/not_equals.ts
Download https://jsr.io/@std/assert/1.0.13/not_instance_of.ts
Download https://jsr.io/@std/assert/1.0.13/not_match.ts
Download https://jsr.io/@std/assert/1.0.13/not_strict_equals.ts
Download https://jsr.io/@std/assert/1.0.13/object_match.ts
Download https://jsr.io/@std/assert/1.0.13/rejects.ts
Download https://jsr.io/@std/assert/1.0.13/strict_equals.ts
Download https://jsr.io/@std/assert/1.0.13/string_includes.ts
Download https://jsr.io/@std/assert/1.0.13/throws.ts
Download https://jsr.io/@std/assert/1.0.13/equal.ts
Download https://jsr.io/@std/assert/1.0.13/fail.ts
Download https://jsr.io/@std/assert/1.0.13/unimplemented.ts
Download https://jsr.io/@std/assert/1.0.13/unreachable.ts
Download https://jsr.io/@std/csv/1.0.6/parse.ts
Download https://jsr.io/@std/csv/1.0.6/parse_stream.ts
Download https://jsr.io/@std/csv/1.0.6/stringify.ts
Download https://jsr.io/@std/csv/1.0.6/stringify_stream.ts
Download https://jsr.io/@std/cli/1.0.21/_run_length.ts
Download https://jsr.io/@std/fs/1.0.19/_to_path_string.ts
Download https://jsr.io/@std/fs/1.0.19/_get_file_info_type.ts
Download https://jsr.io/@std/fs/1.0.19/_create_walk_entry.ts
Download https://jsr.io/@std/fs/1.0.19/_is_subdir.ts
Download https://jsr.io/@std/fs/1.0.19/_is_same_path.ts
Download https://jsr.io/@stsoftware/neat-ai/0.181.0/src/architecture/CreatureState.ts
Download https://jsr.io/@stsoftware/neat-ai/0.181.0/src/architecture/CreatureValidate.ts
Download https://jsr.io/@stsoftware/neat-ai/0.181.0/src/architecture/DataSet.ts
Download https://jsr.io/@stsoftware/neat-ai/0.181.0/src/architecture/Neuron.ts
Download https://jsr.io/@stsoftware/neat-ai/0.181.0/src/architecture/Score.ts
Download https://jsr.io/@stsoftware/neat-ai/0.181.0/src/architecture/Synapse.ts
Download https://jsr.io/@stsoftware/neat-ai/0.181.0/src/architecture/Training.ts
Download https://jsr.io/@stsoftware/neat-ai/0.181.0/src/compact/CompactCreature.ts
Download https://jsr.io/@stsoftware/neat-ai/0.181.0/src/compact/CompactUtils.ts
Download https://jsr.io/@stsoftware/neat-ai/0.181.0/src/config/NeatConfig.ts
Download https://jsr.io/@stsoftware/neat-ai/0.181.0/src/Costs.ts
Download https://jsr.io/@stsoftware/neat-ai/0.181.0/src/methods/activations/Activations.ts
Download https://jsr.io/@stsoftware/neat-ai/0.181.0/src/multithreading/workers/WorkerHandler.ts
Download https://jsr.io/@stsoftware/neat-ai/0.181.0/src/NEAT/Neat.ts
Download https://jsr.io/@stsoftware/neat-ai/0.181.0/src/optimize/MakeCreatureActivationFunction.ts
Download https://jsr.io/@stsoftware/neat-ai/0.181.0/src/propagate/BackPropagation.ts
Download https://jsr.io/@stsoftware/neat-ai/0.181.0/src/propagate/sparse/SparseConfig.ts
Download https://jsr.io/@stsoftware/neat-ai/0.181.0/src/upgrade/UpgradeOne.ts
Download https://jsr.io/@stsoftware/neat-ai/0.181.0/src/utils/CreatureExportBuilder.ts
Download https://jsr.io/@stsoftware/neat-ai/0.181.0/src/architecture/SyncV5.ts
Download https://jsr.io/@stsoftware/neat-ai/0.181.0/src/mutate/AddConnection.ts
Download https://jsr.io/@stsoftware/neat-ai/0.181.0/src/methods/activations/types/IDENTITY.ts
Download https://jsr.io/@stsoftware/neat-ai/0.181.0/src/methods/activations/types/SQRT.ts
Download https://jsr.io/@stsoftware/neat-ai/0.181.0/src/methods/activations/types/SQUARE.ts
Download https://jsr.io/@std/datetime/0.225.5/_date_time_formatter.ts
Download https://jsr.io/@std/csv/1.0.6/_io.ts
Download https://jsr.io/@std/csv/1.0.6/_shared.ts
Download https://jsr.io/@stsoftware/neat-ai/0.181.0/src/propagate/SynapseState.ts
Download https://jsr.io/@stsoftware/neat-ai/0.181.0/src/errors/ValidationError.ts
Download https://jsr.io/@stsoftware/neat-ai/0.181.0/src/optimize/FunctionCache.ts
Download https://jsr.io/@stsoftware/neat-ai/0.181.0/src/propagate/Bias.ts
Download https://jsr.io/@stsoftware/neat-ai/0.181.0/src/propagate/Weight.ts
Download https://jsr.io/@stsoftware/neat-ai/0.181.0/src/architecture/NoChangePropagate.ts
Download https://jsr.io/@stsoftware/neat-ai/0.181.0/src/upgrade/Upgrade.ts
Download https://jsr.io/@stsoftware/neat-ai/0.181.0/src/compact/CompactUnused.ts
Download https://jsr.io/@stsoftware/neat-ai/0.181.0/src/methods/activations/types/LOGISTIC.ts
Download https://jsr.io/@stsoftware/neat-ai/0.181.0/src/costs/CrossEntropy.ts
Download https://jsr.io/@stsoftware/neat-ai/0.181.0/src/costs/HINGE.ts
Download https://jsr.io/@stsoftware/neat-ai/0.181.0/src/costs/MAE.ts
Download https://jsr.io/@stsoftware/neat-ai/0.181.0/src/costs/MAPE.ts
Download https://jsr.io/@stsoftware/neat-ai/0.181.0/src/costs/MSE.ts
Download https://jsr.io/@stsoftware/neat-ai/0.181.0/src/costs/MSLE.ts
Download https://jsr.io/@stsoftware/neat-ai/0.181.0/src/deprecated/MEAN.ts
Download https://jsr.io/@stsoftware/neat-ai/0.181.0/src/deprecated/HYPOT.ts
Download https://jsr.io/@stsoftware/neat-ai/0.181.0/src/deprecated/HYPOTv2.ts
Download https://jsr.io/@stsoftware/neat-ai/0.181.0/src/methods/activations/aggregate/IF.ts
Download https://jsr.io/@stsoftware/neat-ai/0.181.0/src/methods/activations/aggregate/MAXIMUM.ts
Download https://jsr.io/@stsoftware/neat-ai/0.181.0/src/methods/activations/aggregate/MINIMUM.ts
Download https://jsr.io/@stsoftware/neat-ai/0.181.0/src/methods/activations/types/ABSOLUTE.ts
Download https://jsr.io/@stsoftware/neat-ai/0.181.0/src/methods/activations/types/ArcTan.ts
Download https://jsr.io/@stsoftware/neat-ai/0.181.0/src/methods/activations/types/BENT_IDENTITY.ts
Download https://jsr.io/@stsoftware/neat-ai/0.181.0/src/methods/activations/types/BIPOLAR.ts
Download https://jsr.io/@stsoftware/neat-ai/0.181.0/src/methods/activations/types/BIPOLAR_SIGMOID.ts
Download https://jsr.io/@stsoftware/neat-ai/0.181.0/src/methods/activations/types/COMPLEMENT.ts
Download https://jsr.io/@stsoftware/neat-ai/0.181.0/src/methods/activations/types/Cosine.ts
Download https://jsr.io/@stsoftware/neat-ai/0.181.0/src/methods/activations/types/Cube.ts
Download https://jsr.io/@stsoftware/neat-ai/0.181.0/src/methods/activations/types/ELU.ts
Download https://jsr.io/@stsoftware/neat-ai/0.181.0/src/methods/activations/types/Exponential.ts
Download https://jsr.io/@stsoftware/neat-ai/0.181.0/src/methods/activations/types/GAUSSIAN.ts
Download https://jsr.io/@stsoftware/neat-ai/0.181.0/src/methods/activations/types/GELU.ts
Download https://jsr.io/@stsoftware/neat-ai/0.181.0/src/methods/activations/types/HARD_TANH.ts
Download https://jsr.io/@stsoftware/neat-ai/0.181.0/src/methods/activations/types/ISRU.ts
Download https://jsr.io/@stsoftware/neat-ai/0.181.0/src/methods/activations/types/LeakyReLU.ts
Download https://jsr.io/@stsoftware/neat-ai/0.181.0/src/methods/activations/types/LogSigmoid.ts
Download https://jsr.io/@stsoftware/neat-ai/0.181.0/src/methods/activations/types/Mish.ts
Download https://jsr.io/@stsoftware/neat-ai/0.181.0/src/methods/activations/types/ReLU.ts
Download https://jsr.io/@stsoftware/neat-ai/0.181.0/src/methods/activations/types/ReLU6.ts
Download https://jsr.io/@stsoftware/neat-ai/0.181.0/src/methods/activations/types/SELU.ts
Download https://jsr.io/@stsoftware/neat-ai/0.181.0/src/methods/activations/types/SINE.ts
Download https://jsr.io/@stsoftware/neat-ai/0.181.0/src/methods/activations/types/SOFTSIGN.ts
Download https://jsr.io/@stsoftware/neat-ai/0.181.0/src/methods/activations/types/STEP.ts
Download https://jsr.io/@stsoftware/neat-ai/0.181.0/src/methods/activations/types/Softplus.ts
Download https://jsr.io/@stsoftware/neat-ai/0.181.0/src/methods/activations/types/StdInverse.ts
Download https://jsr.io/@stsoftware/neat-ai/0.181.0/src/methods/activations/types/Swish.ts
Download https://jsr.io/@stsoftware/neat-ai/0.181.0/src/methods/activations/types/TAN.ts
Download https://jsr.io/@stsoftware/neat-ai/0.181.0/src/methods/activations/types/TANH.ts
Download https://jsr.io/@stsoftware/neat-ai/0.181.0/src/multithreading/workers/MockWorker.ts
Download https://jsr.io/@stsoftware/neat-ai/0.181.0/src/architecture/DeDuplicator.ts
Download https://jsr.io/@stsoftware/neat-ai/0.181.0/src/architecture/ElitismUtils.ts
Download https://jsr.io/@stsoftware/neat-ai/0.181.0/src/architecture/Fitness.ts
Download https://jsr.io/@stsoftware/neat-ai/0.181.0/src/blackbox/FineTune.ts
Download https://jsr.io/@stsoftware/neat-ai/0.181.0/src/blackbox/FineTunePopulation.ts
Download https://jsr.io/@stsoftware/neat-ai/0.181.0/src/breed/Breed.ts
Download https://jsr.io/@stsoftware/neat-ai/0.181.0/src/NEAT/Genus.ts
Download https://jsr.io/@stsoftware/neat-ai/0.181.0/src/NEAT/Mutator.ts
Download https://jsr.io/@stsoftware/neat-ai/0.181.0/src/optimize/Simplify.ts
Download https://jsr.io/@stsoftware/neat-ai/0.181.0/src/architecture/ErrorGuidedStructuralEvolution/DiscoverStructure.ts
Download https://jsr.io/@stsoftware/neat-ai/0.181.0/src/optimize/MakeNeuronActivation.ts
Download https://jsr.io/@stsoftware/neat-ai/0.181.0/src/propagate/sparse/CalculatePathsToOutput.ts
Download https://jsr.io/@stsoftware/neat-ai/0.181.0/src/propagate/sparse/ChooseNeurons.ts
Download https://jsr.io/@stsoftware/neat-ai/0.181.0/src/propagate/ActivationRange.ts
Download https://jsr.io/@stsoftware/neat-ai/0.181.0/src/propagate/ErrorHelper.ts
Download https://jsr.io/@stsoftware/neat-ai/0.181.0/src/methods/activations/AbstractActivationInterface.ts
Download https://jsr.io/@stsoftware/neat-ai/0.181.0/src/multithreading/workers/WorkerProcessor.ts
Download https://jsr.io/@stsoftware/neat-ai/0.181.0/src/NEAT/Species.ts
Download https://jsr.io/@stsoftware/neat-ai/0.181.0/src/NEAT/LogApproach.ts
Download https://jsr.io/@stsoftware/neat-ai/0.181.0/src/blackbox/RestoreSource.ts
Download https://jsr.io/@stsoftware/neat-ai/0.181.0/src/blackbox/Retry.ts
Download https://jsr.io/@stsoftware/neat-ai/0.181.0/src/architecture/Offspring.ts
Download https://jsr.io/@stsoftware/neat-ai/0.181.0/src/blackbox/Discover.ts
Download https://jsr.io/@stsoftware/neat-ai/0.181.0/src/breed/Father.ts
Download https://jsr.io/@stsoftware/neat-ai/0.181.0/src/blackbox/MemeticUpdate.ts
Download https://jsr.io/@stsoftware/neat-ai/0.181.0/src/mutate/AddNeuron.ts
Download https://jsr.io/@stsoftware/neat-ai/0.181.0/src/mutate/SubNeuron.ts
Download https://jsr.io/@stsoftware/neat-ai/0.181.0/src/mutate/SubConnection.ts
Download https://jsr.io/@stsoftware/neat-ai/0.181.0/src/mutate/ModWeight.ts
Download https://jsr.io/@stsoftware/neat-ai/0.181.0/src/mutate/ModBias.ts
Download https://jsr.io/@stsoftware/neat-ai/0.181.0/src/mutate/ModSquash.ts
Download https://jsr.io/@stsoftware/neat-ai/0.181.0/src/mutate/AddSelfCon.ts
Download https://jsr.io/@stsoftware/neat-ai/0.181.0/src/mutate/SubSelfCon.ts
Download https://jsr.io/@stsoftware/neat-ai/0.181.0/src/mutate/AddBackCon.ts
Download https://jsr.io/@stsoftware/neat-ai/0.181.0/src/mutate/SubBackCon.ts
Download https://jsr.io/@stsoftware/neat-ai/0.181.0/src/mutate/SwapNeurons.ts
Download https://jsr.io/@stsoftware/neat-ai/0.181.0/src/architecture/ErrorGuidedStructuralEvolution/DiscoverDirectory.ts
Download https://jsr.io/@stsoftware/neat-ai/0.181.0/src/breed/EditParentByIndex.ts
Download https://jsr.io/@stsoftware/neat-ai/0.181.0/src/breed/GeneticCompatibility.ts
Download https://jsr.io/@std/path/1.1.1/join.ts
Download https://jsr.io/@std/path/1.1.1/dirname.ts
Download https://jsr.io/@std/path/1.1.1/resolve.ts
Download https://jsr.io/@std/internal/1.0.10/os.ts
Download https://jsr.io/@std/path/1.1.1/glob_to_regexp.ts
Download https://jsr.io/@std/path/1.1.1/join_globs.ts
Download https://jsr.io/@std/path/1.1.1/is_glob.ts
Download https://jsr.io/@std/path/1.1.1/is_absolute.ts
Download https://jsr.io/@std/path/1.1.1/constants.ts
Download https://jsr.io/@std/path/1.1.1/basename.ts
Download https://jsr.io/@std/internal/1.0.10/format.ts
Download https://jsr.io/@std/internal/1.0.10/build_message.ts
Download https://jsr.io/@std/internal/1.0.10/diff.ts
Download https://jsr.io/@std/internal/1.0.10/diff_str.ts
Download https://jsr.io/@std/internal/1.0.10/styles.ts
Download https://jsr.io/@std/streams/1.0.10/text_delimiter_stream.ts
Download https://jsr.io/@std/path/1.1.1/from_file_url.ts
Download https://jsr.io/@std/path/1.1.1/normalize.ts
Download https://jsr.io/@std/bytes/1.0.6/mod.ts
Download https://jsr.io/@std/crypto/1.0.5/mod.ts
Download https://jsr.io/@std/path/1.1.1/posix/join.ts
Download https://jsr.io/@std/path/1.1.1/windows/join.ts
Download https://jsr.io/@std/path/1.1.1/posix/dirname.ts
Download https://jsr.io/@std/path/1.1.1/windows/dirname.ts
Download https://jsr.io/@std/path/1.1.1/posix/resolve.ts
Download https://jsr.io/@std/path/1.1.1/windows/resolve.ts
Download https://jsr.io/@std/internal/1.0.10/_os.ts
Download https://jsr.io/@std/path/1.1.1/posix/glob_to_regexp.ts
Download https://jsr.io/@std/path/1.1.1/windows/glob_to_regexp.ts
Download https://jsr.io/@std/path/1.1.1/posix/join_globs.ts
Download https://jsr.io/@std/path/1.1.1/windows/join_globs.ts
Download https://jsr.io/@std/path/1.1.1/posix/is_absolute.ts
Download https://jsr.io/@std/path/1.1.1/windows/is_absolute.ts
Download https://jsr.io/@std/path/1.1.1/posix/basename.ts
Download https://jsr.io/@std/path/1.1.1/windows/basename.ts
Download https://jsr.io/@std/streams/1.0.10/_common.ts
Download https://jsr.io/@std/path/1.1.1/posix/from_file_url.ts
Download https://jsr.io/@std/path/1.1.1/windows/from_file_url.ts
Download https://jsr.io/@std/path/1.1.1/posix/normalize.ts
Download https://jsr.io/@std/path/1.1.1/windows/normalize.ts
Download https://jsr.io/@std/bytes/1.0.6/concat.ts
Download https://jsr.io/@std/bytes/1.0.6/copy.ts
Download https://jsr.io/@std/bytes/1.0.6/ends_with.ts
Download https://jsr.io/@std/bytes/1.0.6/equals.ts
Download https://jsr.io/@std/bytes/1.0.6/includes_needle.ts
Download https://jsr.io/@std/bytes/1.0.6/index_of_needle.ts
Download https://jsr.io/@std/bytes/1.0.6/last_index_of_needle.ts
Download https://jsr.io/@std/bytes/1.0.6/repeat.ts
Download https://jsr.io/@std/bytes/1.0.6/starts_with.ts
Download https://jsr.io/@std/crypto/1.0.5/crypto.ts
Download https://jsr.io/@std/crypto/1.0.5/timing_safe_equal.ts
Download https://jsr.io/@std/path/1.1.1/_common/assert_path.ts
Download https://jsr.io/@std/path/1.1.1/windows/_util.ts
Download https://jsr.io/@std/path/1.1.1/_common/dirname.ts
Download https://jsr.io/@std/path/1.1.1/_common/strip_trailing_separators.ts
Download https://jsr.io/@std/path/1.1.1/posix/_util.ts
Download https://jsr.io/@std/path/1.1.1/_common/constants.ts
Download https://jsr.io/@std/path/1.1.1/_common/normalize_string.ts
Download https://jsr.io/@std/path/1.1.1/_common/glob_to_reg_exp.ts
Download https://jsr.io/@std/path/1.1.1/posix/constants.ts
Download https://jsr.io/@std/path/1.1.1/posix/normalize_glob.ts
Download https://jsr.io/@std/path/1.1.1/windows/constants.ts
Download https://jsr.io/@std/path/1.1.1/windows/normalize_glob.ts
Download https://jsr.io/@std/path/1.1.1/_common/basename.ts
Download https://jsr.io/@std/path/1.1.1/_common/from_file_url.ts
Download https://jsr.io/@std/path/1.1.1/_common/normalize.ts
Download https://jsr.io/@std/crypto/1.0.5/_wasm/mod.ts
Download https://jsr.io/@std/crypto/1.0.5/_wasm/lib/deno_std_wasm_crypto.mjs
Download https://jsr.io/@std/crypto/1.0.5/_wasm/lib/deno_std_wasm_crypto.internal.mjs
process (upgrade) POTTERY-RELATED_PRODUCTS , score: 0.964 , version: 87 lvl: 1
loaded ../GRQ-portfolio/best/industry/v6/POTTERY-RELATED_PRODUCTS.json
1 mutation, mutation rate 5.0%, elitism 3, mutation ALL, selection FITNESS_PROPORTIONATE
Creature count: 50
Download https://jsr.io/@stsoftware/neat-ai/0.181.0/src/multithreading/workers/deno/worker.ts
Download https://jsr.io/@stsoftware/neat-ai/0.181.0/src/multithreading/workers/deno/worker.ts
Culling duplicate creature at 1 of 51
DeDuplication of 1 creatures to 50 in 135ms (previous experiment )
Training d847505b with 1 binary file, target error: 0.05, iterations: 1, sample rate: 100%, sparse: 100%
Discovery d847505b with 1 binary files, sample rate: 100%, batch size: 512
Discovery d847505b initialize time 100ms
Discovery d847505b processing .trainData-industry_88/POTTERY-RELATED_PRODUCTS/data.bin
Discovery d847505b read time 8ms for .trainData-industry_88/POTTERY-RELATED_PRODUCTS/data.bin with 4613 records
Discovery d847505b scanning time 2s 25ms
Generation 1 score 0.9630348804164672  error 0.036950768584693504 avg time 537ms
Set training/discovery clean up count to 2
Waiting for discovery to complete
Discovery d847505b recorded time 3s 705ms
Fine tuning increased fitness by 0.000519351432032078 to 0.9635542318484993 adjusted 1 weight 
Generation 2 score 0.9635542318484993  error 0.036431417152661356 avg time 317ms
Waiting for discovery to complete
Fine tuning increased fitness by 0.000001954919649715947 to 0.963556186768149 adjusted 1 weight 
Generation 3 score 0.963556186768149  error 0.03642946223301173 avg time 201ms
Waiting for discovery to complete
Fine tuning increased fitness by 2.6854357104699744e-7 to 0.9635564553117201 adjusted 1 weight 
Generation 4 score 0.9635564553117201  error 0.036429193689440635 avg time 191ms
Waiting for discovery to complete
Fine tuning increased fitness by 6.71359641324365e-7 to 0.9635571266713614 adjusted 1 weight 
Generation 5 score 0.9635571266713614  error 0.03642852232979935 avg time 171ms
Waiting for discovery to complete
Fine tuning increased fitness by 7.555153969107664e-8 to 0.9635572022229011 adjusted 1 weight 
Generation 6 score 0.9635572022229011  error 0.03642844677825963 avg time 136ms
Waiting for discovery to complete
Fine tuning increased fitness by 5.460769425535972e-8 to 0.9635572568305953 adjusted 1 weight 
Discovery d847505b analyze time 9s 432ms found 0 candidates
Generation 7 score 0.9635572568305953  error 0.03642839217056538 avg time 122ms
Waiting for discovery to complete
Discovery d847505b analyze harmful time 602ms found 0 candidates
Discovery d847505b analyze squashes time 611ms found 0 candidates
Generation 8 score 0.9635572568305953  error 0.03642839217056538 avg time 99ms
Waiting for discovery to complete
Generation 9 score 0.9635572568305953  error 0.03642839217056538 avg time 106ms
Waiting for training/discovery clean up 2
Fine tuning increased fitness by 1.183171108865011e-7 to 0.9635573751477062 adjusted 1 weight 
Generation 10 score 0.9635573751477062  error 0.03642826385345544 avg time 157ms
Waiting for training/discovery clean up 1
Fine tuning increased fitness by 2.442091404653013e-7 to 0.9635576193568467 adjusted 1 weight 
Generation 11 score 0.9635576193568467  error 0.03642801964431493 avg time 132ms
{
  error: 0.03642801964431493,
  score: 0.9635576193568467,
  generation: 11,
  time: 22047,
  startScore: 0.9639598096198517
}
process (upgrade) INDUSTRIAL_TRUCKS_TRACTORS_TRAILORS-STACKERS , score: 0.808 , version: 87 lvl: 1
loaded ../GRQ-portfolio/best/industry/v6/INDUSTRIAL_TRUCKS_TRACTORS_TRAILORS-STACKERS.json
5 mutations, mutation rate 12.1%, elitism 5, mutation FFW, selection POWER
Creature count: 50
Culling duplicate creature at 1 of 51
DeDuplication of 1 creatures to 50 in 70ms (previous experiment )
Training 7cc413b1 with 1 binary file, target error: 0.05, iterations: 1, sample rate: 100%, sparse: 100%
Discovery 7cc413b1 with 1 binary files, sample rate: 100%, batch size: 512
Discovery 7cc413b1 initialize time 101ms
Discovery 7cc413b1 processing .trainData-industry_88/INDUSTRIAL_TRUCKS_TRACTORS_TRAILORS-STACKERS/data.bin
Fine tuning increased fitness by 7.120137147653693e-7 to 0.8076230084216072 adjusted 68 weights, 2 biases 
Constant neuron e62313e6-265e-4006-abd6-4ae8e07f5b31 convert hidden to constant
Adjust neuron e62313e6-265e-4006-abd6-4ae8e07f5b31 bias -0.0624587 to -0.06233722681280365
Training 0a5d78bc with 1 binary file, target error: 0.05, iterations: 1, sample rate: 100%, sparse: 100%
Fine tuning increased fitness by 2.1289530616197538e-7 to 0.8076232213169133 adjusted 68 weights, 2 biases 
Over populated 52, expected 50.
Culling duplicate creature at 43 of 52
DeDuplication of 1 creatures to 51 in 46ms (previous experiment )
Fine tuning increased fitness by 0.0000013204574416114667 to 0.8076253290378484 adjusted 68 weights, 2 biases 
Training 3d997213 with 1 binary file, target error: 0.05, iterations: 1, sample rate: 100%, sparse: 100%
Fine tuning increased fitness by 8.809838248913238e-7 to 0.8076262100216733 adjusted 68 weights, 2 biases 
Remove neuron c8bd3269-8439-400b-af1f-d5eae8d3f692 as no longer connected
Discovery 7cc413b1 read time 4ms for .trainData-industry_88/INDUSTRIAL_TRUCKS_TRACTORS_TRAILORS-STACKERS/data.bin with 4613 records
Discovery 7cc413b1 scanning time 48s
Discovery 7cc413b1 recorded time 50s 217ms
Training a81e93ab with 1 binary file, target error: 0.05, iterations: 1, sample rate: 100%, sparse: 100%
Fine tuning increased fitness by 0.0000014993401895591063 to 0.8076291561389345 adjusted 40 weights, 2 biases 
Generation 10 score 0.8076291561389345  error 0.19233060086172343 avg time 7s 273ms
Fine tuning increased fitness by 0.0000024484031321270194 to 0.8076316045420666 adjusted 40 weights, 2 biases 
Discovered beneficial synapse from input-1404 to 30f8604e-7520-4f6b-ad6f-a2bdf8c99063 with weight 1.0000, helping 27.2% more records than it harms (1556/4613)
Discovery 7cc413b1 analyze time 23s 273ms found 1 candidates
Discovered harmful synapse from input-552 to 30f8604e-7520-4f6b-ad6f-a2bdf8c99063, harming 26.8% more records than it helps (311/4613)
Discovery 7cc413b1 analyze harmful time 9s 138ms found 1 candidates
Training 1ba80715 with 1 binary file, target error: 0.05, iterations: 1, sample rate: 100%, sparse: 100%
Discovery 7cc413b1 analyze squashes time 9s 183ms found 0 candidates
Discovery 31275327 with 1 binary files, sample rate: 100%, batch size: 512
Discovery 31275327 initialize time 103ms
Discovery 31275327 processing .trainData-industry_88/INDUSTRIAL_TRUCKS_TRACTORS_TRAILORS-STACKERS/data.bin
Fine tuning increased fitness by 1.306410535306668e-11 to 0.8076322220780066 adjusted 1 bias 
Training 3509baa3 with 1 binary file, target error: 0.05, iterations: 1, sample rate: 100%, sparse: 100%
Fine tuning increased fitness by 9.964328473444084e-9 to 0.8076322389590332 adjusted 12 weights, 4 biases 
Fine tuning increased fitness by 8.644859483819545e-7 to 0.8076336644316807 adjusted 59 weights, 2 biases 
Training 934c44b3 with 1 binary file, target error: 0.05, iterations: 1, sample rate: 100%, sparse: 100%
Fine tuning increased fitness by 0.0000011046582476526012 to 0.8076347690899284 adjusted 59 weights, 2 biases 
Discovery 31275327 read time 10ms for .trainData-industry_88/INDUSTRIAL_TRUCKS_TRACTORS_TRAILORS-STACKERS/data.bin with 4613 records
Discovery 31275327 scanning time 47s 18ms
Discovery 31275327 recorded time 48s 213ms
Generation 20 score 0.8076367722925278  error 0.19232298470813008 avg time 7s 312ms
Fine tuning increased fitness by 0.00000188136948919837 to 0.807638653662017 adjusted 59 weights, 2 biases 
Fine tuning increased fitness by 0.000004415825254677763 to 0.8076430694872717 adjusted 59 weights, 2 biases 
Fine tuning increased fitness by 5.4539763372218886e-8 to 0.8076431700106169 adjusted 12 weights 
Discovered beneficial synapse from input-1404 to 30f8604e-7520-4f6b-ad6f-a2bdf8c99063 with weight 1.0000, helping 27.5% more records than it harms (1562/4613)
Discovery 31275327 analyze time 33s 419ms found 1 candidates
Generation 26 score 0.8076454232345606  error 0.19231433376609736 avg time 3s 926ms
Set training/discovery clean up count to 2
Waiting for discovery to complete
Discovered harmful synapse from ab20312d-f6b7-4574-a4e3-2a4910bf1a21 to 14cdec3e-f9e1-4971-9667-d5c753da1bc3, harming 40.0% more records than it helps (658/4613)
Discovery 31275327 analyze harmful time 9s 540ms found 1 candidates
Fine tuning increased fitness by 0.0000031498106447536145 to 0.8076485730452053 adjusted 102 weights, 3 biases 
Generation 27 score 0.8076485730452053  error 0.19231118395545252 avg time 692ms
Waiting for discovery to complete
Discovery 31275327 analyze squashes time 9s 485ms found 1 candidate, Summary: f13dc5fa-d767-4dcb-89c7-1b2dc1d9440a ArcTan -> Cube improved: 9.0% error: 2.9888358740518246e+23 -> 2.719182634330385e+23
Generation 28 score 0.8076510976713479  error 0.19230865932931 avg time 651ms
Waiting for discovery to complete
Fine tuning increased fitness by 0.0000030946756703897904 to 0.8076541923470183 adjusted 59 weights, 2 biases 
Generation 29 score 0.8076541923470183  error 0.19230556465363957 avg time 660ms
Waiting for training/discovery clean up 2
Generation 30 score 0.807658660783218  error 0.19230109621743988 avg time 647ms
Waiting for training/discovery clean up 1
Fine tuning increased fitness by 0.0000037649164716935246 to 0.8076624256996897 adjusted 58 weights, 2 biases 
Remove neuron dc80da2c-01f2-4fa5-b745-2e4874df1aee as no longer connected
Generation 31 score 0.8076624256996897  error 0.19229733130096816 avg time 650ms
{
  error: 0.19229733130096816,
  score: 0.8076624256996897,
  generation: 31,
  time: 218347,
  startScore: 0.8077617249284638
}
process (upgrade) SAUSAGES-OTHER_PREPARED_MEAT_PRODUCTS , score: 0.980 , version: 87 lvl: 1
loaded ../GRQ-portfolio/best/industry/v6/SAUSAGES-OTHER_PREPARED_MEAT_PRODUCTS.json
8 mutations, mutation rate 22.1%, elitism 7, mutation ALL, selection FITNESS_PROPORTIONATE
Creature count: 50
Culling duplicate creature at 1 of 51
DeDuplication of 1 creatures to 50 in 189ms (previous experiment )
Training 7913f51d with 1 binary file, target error: 0.05, iterations: 1, sample rate: 100%, sparse: 100%
Discovery 7913f51d with 1 binary files, sample rate: 100%, batch size: 512
Discovery 7913f51d initialize time 101ms
Discovery 7913f51d processing .trainData-industry_88/SAUSAGES-OTHER_PREPARED_MEAT_PRODUCTS/data.bin
Replacing HYPOT neuron 8c8fc085-89dd-472e-ae08-42f0f73e04e5
Replacing HYPOT neuron 8c8fc085-89dd-472e-ae08-42f0f73e04e5
Discovery 7913f51d read time 7ms for .trainData-industry_88/SAUSAGES-OTHER_PREPARED_MEAT_PRODUCTS/data.bin with 4613 records
Discovery 7913f51d scanning time 1s 417ms
Generation 1 score 0.9803443302694215  error 0.01965140573370122 avg time 518ms
Set training/discovery clean up count to 2
Waiting for discovery to complete
Discovery 7913f51d recorded time 2s 858ms
Fine tuning increased fitness by 0.000007926355947263097 to 0.9803522566253687 adjusted 1 weight 
Generation 2 score 0.9803522566253687  error 0.01964347937775388 avg time 201ms
Waiting for discovery to complete
Fine tuning increased fitness by 0.000012633082704494036 to 0.9803648897080732 adjusted 1 weight 
Remove neuron 1820ae6a-1d4f-4149-8ad4-7b0a52164a41-985 as no longer connected
Generation 3 score 0.9803648897080732  error 0.01963084629504938 avg time 172ms
Waiting for discovery to complete
Fine tuning increased fitness by 0.000011786563947291384 to 0.9803766762720205 adjusted 1 weight 
Generation 4 score 0.9803766762720205  error 0.01961905973110214 avg time 101ms
Waiting for discovery to complete
Fine tuning increased fitness by 0.0000052705058110058545 to 0.9803819467778315 adjusted 1 weight 
Generation 5 score 0.9803819467778315  error 0.01961378922529114 avg time 92ms
Waiting for discovery to complete
Fine tuning increased fitness by 3.3074547545197674e-9 to 0.9803819500852863 adjusted 1 weight 
Generation 6 score 0.9803819500852863  error 0.01961378591783631 avg time 73ms
Waiting for discovery to complete
Fine tuning increased fitness by 3.4005775972900665e-9 to 0.9803819534858639 adjusted 1 weight 
Generation 7 score 0.9803819534858639  error 0.019613782517258718 avg time 42ms
Waiting for discovery to complete
Fine tuning increased fitness by 2.1883774070641238e-7 to 0.9803821723236046 adjusted 1 weight 
Generation 8 score 0.9803821723236046  error 0.01961355367952843 avg time 55ms
Waiting for discovery to complete
Fine tuning increased fitness by 4.0426946845695255e-7 to 0.980382576593073 adjusted 1 weight 
Generation 9 score 0.980382576593073  error 0.01961314941005998 avg time 55ms
Waiting for discovery to complete
Fine tuning increased fitness by 7.474319893008285e-7 to 0.9803833240250623 adjusted 1 weight 
Generation 10 score 0.9803833240250623  error 0.01961240197807067 avg time 60ms
Waiting for discovery to complete
Fine tuning increased fitness by 0.000001980609458995808 to 0.9803853046345213 adjusted 1 weight 
Discovery 7913f51d analyze time 8s 219ms found 0 candidates
Generation 11 score 0.9803853046345213  error 0.019610421368611693 avg time 53ms
Waiting for discovery to complete
Fine tuning increased fitness by 0.000004729585581841889 to 0.9803900342201032 adjusted 1 weight 
Discovery 7913f51d analyze harmful time 296ms found 0 candidates
Generation 12 score 0.9803900342201032  error 0.01960569178302985 avg time 48ms
Waiting for discovery to complete
Discovery 7913f51d analyze squashes time 351ms found 0 candidates
Fine tuning increased fitness by 0.000004439805098233052 to 0.9803944740252014 adjusted 1 weight 
Generation 13 score 0.9803944740252014  error 0.019601251977931555 avg time 47ms
Waiting for discovery to complete
Generation 14 score 0.9803944740252014  error 0.019601251977931555 avg time 47ms
Waiting for training/discovery clean up 2
Generation 15 score 0.9803944740252014  error 0.019601251977931555 avg time 40ms
Waiting for training/discovery clean up 1
Fine tuning increased fitness by 1.0138591322039758e-7 to 0.9803945754111146 adjusted 1 weight 
Generation 16 score 0.9803945754111146  error 0.019601150592018383 avg time 53ms
{
  error: 0.019601150592018383,
  score: 0.9803945754111146,
  generation: 16,
  time: 16917,
  startScore: 0.9804593601948381
}
process (upgrade) SWITCHGEAR-SWITCHBOARD_APPARATUS , score: 0.829 , version: 87 lvl: 1
loaded ../GRQ-portfolio/best/industry/v6/SWITCHGEAR-SWITCHBOARD_APPARATUS.json
9 mutations, mutation rate 21.9%, elitism 4, mutation FFW, selection POWER
Creature count: 50
Culling duplicate creature at 1 of 51
DeDuplication of 1 creatures to 50 in 33ms (previous experiment )
Training 1848d11e with 1 binary file, target error: 0.05, iterations: 1, sample rate: 100%, sparse: 100%
Discovery 1848d11e with 1 binary files, sample rate: 100%, batch size: 512
Discovery 1848d11e initialize time 104ms
Discovery 1848d11e processing .trainData-industry_88/SWITCHGEAR-SWITCHBOARD_APPARATUS/data.bin
Discovery 1848d11e read time 8ms for .trainData-industry_88/SWITCHGEAR-SWITCHBOARD_APPARATUS/data.bin with 4613 records
Discovery 1848d11e scanning time 6s 129ms
Discovery 1848d11e recorded time 7s 857ms
Training 067c70d3 with 1 binary file, target error: 0.05, iterations: 1, sample rate: 100%, sparse: 100%
Fine tuning increased fitness by 1.4755437560687312e-7 to 0.8290144071079624 adjusted 72 weights, 4 biases 
Over populated 52, expected 50.
Training 8d2c795c with 1 binary file, target error: 0.05, iterations: 1, sample rate: 100%, sparse: 100%
Remove neuron 4f5b79f9-1156-4270-8106-c4cab2fb867e as no longer connected
Remove neuron 383a2826-bc8d-433a-b9c3-b8c08eaf4565 as no longer connected
Training 17345fa5 with 1 binary file, target error: 0.05, iterations: 1, sample rate: 100%, sparse: 100%
Fine tuning increased fitness by 0.0000014410138308162956 to 0.8290175573345308 adjusted 5 weights, 1 bias 
Discovered beneficial synapse from input-1482 to 06bbf148-3741-43b1-a8d4-a13d0ecba4ec with weight 1.0000, helping 37.5% more records than it harms (3128/4613)
Discovery 1848d11e analyze time 39s 650ms found 1 candidates
Discovered harmful synapse from input-528 to 06bbf148-3741-43b1-a8d4-a13d0ecba4ec, harming 36.6% more records than it helps (1420/4613)
Discovery 1848d11e analyze harmful time 2s 105ms found 1 candidates
Discovery 1848d11e analyze squashes time 1s 986ms found 0 candidates
Discovery 1957c31b with 1 binary files, sample rate: 100%, batch size: 512
Discovery 1957c31b initialize time 102ms
Discovery 1957c31b processing .trainData-industry_88/SWITCHGEAR-SWITCHBOARD_APPARATUS/data.bin
Fine tuning increased fitness by 0.0000020507930863500334 to 0.8290196081276171 adjusted 5 weights, 1 bias 
Discovery 1957c31b read time 7ms for .trainData-industry_88/SWITCHGEAR-SWITCHBOARD_APPARATUS/data.bin with 4613 records
Discovery 1957c31b scanning time 5s 624ms
Discovery 1957c31b recorded time 7s 407ms
Training 5871578f with 1 binary file, target error: 0.05, iterations: 1, sample rate: 100%, sparse: 100%
Fine tuning increased fitness by 1.4912395984723048e-8 to 0.8290207479842425 adjusted 4 weights, 1 bias 
Generation 10 score 0.8290207479842425  error 0.17094407501584105 avg time 7s 794ms
Training 54973b9f with 1 binary file, target error: 0.05, iterations: 1, sample rate: 100%, sparse: 100%
Discovered beneficial synapse from input-1482 to 06bbf148-3741-43b1-a8d4-a13d0ecba4ec with weight 1.0000, helping 37.5% more records than it harms (3129/4613)
Discovery 1957c31b analyze time 21s 863ms found 1 candidates
Fine tuning increased fitness by 1.5951518439472068e-8 to 0.8290207748706314 adjusted 2 weights 
Discovered harmful synapse from input-528 to 06bbf148-3741-43b1-a8d4-a13d0ecba4ec, harming 36.6% more records than it helps (1419/4613)
Discovery 1957c31b analyze harmful time 2s 111ms found 1 candidates
Discovery 1957c31b analyze squashes time 1s 804ms found 0 candidates
Training fed2dd4c with 1 binary file, target error: 0.05, iterations: 1, sample rate: 100%, sparse: 100%
Discovery fed2dd4c with 1 binary files, sample rate: 100%, batch size: 512
Discovery fed2dd4c initialize time 102ms
Discovery fed2dd4c processing .trainData-industry_88/SWITCHGEAR-SWITCHBOARD_APPARATUS/data.bin
Over populated 54, expected 50.
Discovery fed2dd4c read time 5ms for .trainData-industry_88/SWITCHGEAR-SWITCHBOARD_APPARATUS/data.bin with 4613 records
Discovery fed2dd4c scanning time 6s 41ms
Discovery fed2dd4c recorded time 7s 698ms
Remove neuron bf9c4d9a-3ae7-446b-8580-b624109365ac as no longer connected
Training 68ab9ad8 with 1 binary file, target error: 0.05, iterations: 1, sample rate: 100%, sparse: 100%
Over populated 52, expected 50.
Training 3a229384 with 1 binary file, target error: 0.05, iterations: 1, sample rate: 100%, sparse: 100%
Discovered beneficial synapse from input-1482 to 06bbf148-3741-43b1-a8d4-a13d0ecba4ec with weight 1.0000, helping 37.5% more records than it harms (3128/4613)
Discovery fed2dd4c analyze time 30s 602ms found 1 candidates
Fine tuning increased fitness by 0.000014372906056769885 to 0.8290662838508609 adjusted 119 weights, 1 bias 
Discovered harmful synapse from input-528 to 06bbf148-3741-43b1-a8d4-a13d0ecba4ec, harming 36.6% more records than it helps (1420/4613)
Discovery fed2dd4c analyze harmful time 2s 196ms found 1 candidates
Discovery fed2dd4c analyze squashes time 2s 55ms found 0 candidates
Training a9db4854 with 1 binary file, target error: 0.05, iterations: 1, sample rate: 100%, sparse: 100%
Discovery a9db4854 with 1 binary files, sample rate: 100%, batch size: 512
Discovery a9db4854 initialize time 101ms
Discovery a9db4854 processing .trainData-industry_88/SWITCHGEAR-SWITCHBOARD_APPARATUS/data.bin
Remove neuron 7de3ccff-d2e4-4d44-8ace-7c51c5846150 as no longer connected
Discovery a9db4854 read time 4ms for .trainData-industry_88/SWITCHGEAR-SWITCHBOARD_APPARATUS/data.bin with 4613 records
Discovery a9db4854 scanning time 6s 58ms
Fine tuning increased fitness by 0.000017145000318019576 to 0.8290958963625051 adjusted 92 weights 
Discovery a9db4854 recorded time 7s 349ms
Generation 20 score 0.8290958963625051  error 0.17086892663757844 avg time 7s 212ms
Fine tuning increased fitness by 0.00001320809169769177 to 0.8291299907246011 adjusted 92 weights 
Discovered beneficial synapse from input-1482 to 06bbf148-3741-43b1-a8d4-a13d0ecba4ec with weight 1.0000, helping 37.4% more records than it harms (3126/4613)
Discovery a9db4854 analyze time 22s 477ms found 1 candidates
Remove neuron 1820ae6a-1d4f-4149-8ad4-7b0a52164a41-1228 as no longer connected
Discovered harmful synapse from input-528 to 06bbf148-3741-43b1-a8d4-a13d0ecba4ec, harming 36.5% more records than it helps (1422/4613)
Discovery a9db4854 analyze harmful time 2s 178ms found 1 candidates
Discovery a9db4854 analyze squashes time 1s 884ms found 0 candidates
Generation 25 score 0.8291520212026592  error 0.17081280179742436 avg time 3s 435ms
{
  error: 0.17081280179742436,
  score: 0.8291520212026592,
  generation: 25,
  time: 184616,
  startScore: 0.8294902002704556
}
process (upgrade) AIR_TRANSPORTATION_SCHEDULED , score: 0.916 , version: 87 lvl: 1
loaded ../GRQ-portfolio/best/industry/v6/AIR_TRANSPORTATION_SCHEDULED.json
5 mutations, mutation rate 14.4%, elitism 6, mutation ALL, selection POWER
Creature count: 50
Culling duplicate creature at 1 of 51
Replacing HYPOT neuron 8c8fc085-89dd-472e-ae08-42f0f73e04e5
DeDuplication of 1 creatures to 50 in 209ms (previous experiment )
Training ea34ca52 with 1 binary file, target error: 0.05, iterations: 1, sample rate: 100%, sparse: 100%
Discovery ea34ca52 with 1 binary files, sample rate: 100%, batch size: 512
Discovery ea34ca52 initialize time 104ms
Discovery ea34ca52 processing .trainData-industry_88/AIR_TRANSPORTATION_SCHEDULED/data.bin
Replacing HYPOT neuron 8c8fc085-89dd-472e-ae08-42f0f73e04e5
Creature is not valid MEMETIC: Memetic from UUID 8c8fc085-89dd-472e-ae08-42f0f73e04e5 to UUID ddcd78b0-1130-4336-9a63-31d8df0a6ca5 has no matching synapses.
    at https://jsr.io/@stsoftware/neat-ai/0.181.0/src/architecture/CreatureValidate.ts:373:17
    at Array.forEach (<anonymous>)
    at creatureValidate (https://jsr.io/@stsoftware/neat-ai/0.181.0/src/architecture/CreatureValidate.ts:350:22)
    at Creature.validate (https://jsr.io/@stsoftware/neat-ai/0.181.0/src/Creature.ts:399:5)
    at removeHYPOT (https://jsr.io/@stsoftware/neat-ai/0.181.0/src/upgrade/UpgradeTwo.ts:115:18)
    at removeHYPOT (https://jsr.io/@stsoftware/neat-ai/0.181.0/src/upgrade/UpgradeTwo.ts:110:12)
    at upgradeTwo (https://jsr.io/@stsoftware/neat-ai/0.181.0/src/upgrade/UpgradeTwo.ts:34:19)
    at upgrade (https://jsr.io/@stsoftware/neat-ai/0.181.0/src/upgrade/Upgrade.ts:9:21)
    at Offspring.breed (https://jsr.io/@stsoftware/neat-ai/0.181.0/src/architecture/Offspring.ts:29:20)
    at Breed.breed (https://jsr.io/@stsoftware/neat-ai/0.181.0/src/breed/Breed.ts:74:29) {
  name: "MEMETIC"
}
Creature is not valid MEMETIC: Memetic from UUID 8c8fc085-89dd-472e-ae08-42f0f73e04e5 to UUID ddcd78b0-1130-4336-9a63-31d8df0a6ca5 has no matching synapses.
    at https://jsr.io/@stsoftware/neat-ai/0.181.0/src/architecture/CreatureValidate.ts:373:17
    at Array.forEach (<anonymous>)
    at creatureValidate (https://jsr.io/@stsoftware/neat-ai/0.181.0/src/architecture/CreatureValidate.ts:350:22)
    at Creature.validate (https://jsr.io/@stsoftware/neat-ai/0.181.0/src/Creature.ts:399:5)
    at removeHYPOTv2 (https://jsr.io/@stsoftware/neat-ai/0.181.0/src/upgrade/UpgradeTwo.ts:168:18)
    at upgradeTwo (https://jsr.io/@stsoftware/neat-ai/0.181.0/src/upgrade/UpgradeTwo.ts:35:20)
    at upgrade (https://jsr.io/@stsoftware/neat-ai/0.181.0/src/upgrade/Upgrade.ts:9:21)
    at Offspring.breed (https://jsr.io/@stsoftware/neat-ai/0.181.0/src/architecture/Offspring.ts:29:20)
    at Breed.breed (https://jsr.io/@stsoftware/neat-ai/0.181.0/src/breed/Breed.ts:74:29)
    at Neat.evolve (https://jsr.io/@stsoftware/neat-ai/0.181.0/src/NEAT/Neat.ts:579:27) {
  name: "MEMETIC"
}
Discovery ea34ca52 read time 12ms for .trainData-industry_88/AIR_TRANSPORTATION_SCHEDULED/data.bin with 4613 records
Discovery ea34ca52 scanning time 3s 816ms
Discovery ea34ca52 recorded time 5s 478ms
Training e129f958 with 1 binary file, target error: 0.05, iterations: 1, sample rate: 100%, sparse: 100%
Training 11a1b86f with 1 binary file, target error: 0.05, iterations: 1, sample rate: 100%, sparse: 100%
Training d35b3894 with 1 binary file, target error: 0.05, iterations: 1, sample rate: 100%, sparse: 100%
Fine tuning increased fitness by 0.000017420108825993985 to 0.9160334269984132 adjusted 227 weights, 7 biases 
Training 9606fc38 with 1 binary file, target error: 0.05, iterations: 1, sample rate: 100%, sparse: 100%
Fine tuning increased fitness by 0.000026742892768827353 to 0.916060169891182 adjusted 224 weights, 7 biases 
Training 570b9e98 with 1 binary file, target error: 0.05, iterations: 1, sample rate: 100%, sparse: 100%
Discovered beneficial synapse from 82b521ae-a8df-41bc-a0ba-18d123cc5b02 to c0258963-ab52-4a65-87fd-29222e781d53 with weight -1.0000, helping 25.6% more records than it harms (1445/4613)
Discovery ea34ca52 analyze time 27s 746ms found 1 candidates
Discovered harmful synapse from input-532 to c0258963-ab52-4a65-87fd-29222e781d53, harming 25.1% more records than it helps (275/4613)
Discovery ea34ca52 analyze harmful time 1s 985ms found 1 candidates
Training 769a4b44 with 1 binary file, target error: 0.05, iterations: 1, sample rate: 100%, sparse: 100%
Fine tuning increased fitness by 0.000003912528252381087 to 0.91607664429704 adjusted 170 weights, 5 biases 
Discovery ea34ca52 analyze squashes time 1s 954ms found 0 candidates
Discovery ab27e71d with 1 binary files, sample rate: 100%, batch size: 512
Discovery ab27e71d initialize time 98ms
Discovery ab27e71d processing .trainData-industry_88/AIR_TRANSPORTATION_SCHEDULED/data.bin
Discovery ab27e71d read time 13ms for .trainData-industry_88/AIR_TRANSPORTATION_SCHEDULED/data.bin with 4613 records
Discovery ab27e71d scanning time 3s 270ms
Discovery ab27e71d recorded time 4s 918ms
Training bcfc2851 with 1 binary file, target error: 0.05, iterations: 1, sample rate: 100%, sparse: 100%
Generation 10 score 0.9160828387465247  error 0.08388537825475327 avg time 5s 256ms
Fine tuning increased fitness by 6.722789918089944e-7 to 0.9160835110255166 adjusted 64 weights, 1 bias 
Remove neuron 3b560c7e-e31c-4924-9c68-9f05ce0a29f2 as no longer connected
Training 557f1f55 with 1 binary file, target error: 0.05, iterations: 1, sample rate: 100%, sparse: 100%
Remove neuron 96a3df53-6f4d-48ce-876b-3d81dff29b0f as no longer connected
Fine tuning increased fitness by 2.941668575395795e-8 to 0.916083557575822 adjusted 12 weights, 1 bias 
Training 0d77f082 with 1 binary file, target error: 0.05, iterations: 1, sample rate: 100%, sparse: 100%
Constant neuron ca8dd44b-b6cc-40be-9379-6b5a0d6d520f convert hidden to constant
Adjust neuron ca8dd44b-b6cc-40be-9379-6b5a0d6d520f bias -0.047281699999999996 to -0.02765217890772289
Training b0a5c2a0 with 1 binary file, target error: 0.05, iterations: 1, sample rate: 100%, sparse: 100%
Remove neuron cdca6f0d-3014-45e6-9a09-1b85ec1700bf as no longer connected
Over populated 52, expected 50.
Training e492f0db with 1 binary file, target error: 0.05, iterations: 1, sample rate: 100%, sparse: 100%
Discovered beneficial synapse from 82b521ae-a8df-41bc-a0ba-18d123cc5b02 to c0258963-ab52-4a65-87fd-29222e781d53 with weight -1.0000, helping 25.6% more records than it harms (1444/4613)
Discovery ab27e71d analyze time 27s 320ms found 1 candidates
Discovered harmful synapse from input-532 to c0258963-ab52-4a65-87fd-29222e781d53, harming 25.0% more records than it helps (276/4613)
Discovery ab27e71d analyze harmful time 1s 465ms found 1 candidates
Discovery ab27e71d analyze squashes time 1s 816ms found 0 candidates
Training 954c8c09 with 1 binary file, target error: 0.05, iterations: 1, sample rate: 100%, sparse: 100%
Discovery 954c8c09 with 1 binary files, sample rate: 100%, batch size: 512
Fine tuning increased fitness by 6.746482213992877e-7 to 0.9160891859479121 adjusted 129 weights, 5 biases 
Discovery 954c8c09 initialize time 99ms
Discovery 954c8c09 processing .trainData-industry_88/AIR_TRANSPORTATION_SCHEDULED/data.bin
Discovery 954c8c09 read time 8ms for .trainData-industry_88/AIR_TRANSPORTATION_SCHEDULED/data.bin with 4613 records
Discovery 954c8c09 scanning time 3s 326ms
Discovery 954c8c09 recorded time 4s 828ms
Training 7c125c28 with 1 binary file, target error: 0.05, iterations: 1, sample rate: 100%, sparse: 100%
Training 1b2cbc0d with 1 binary file, target error: 0.05, iterations: 1, sample rate: 100%, sparse: 100%
Fine tuning increased fitness by 0.0000024548883946762246 to 0.916094122868815 adjusted 132 weights, 5 biases 
Training f03be689 with 1 binary file, target error: 0.05, iterations: 1, sample rate: 100%, sparse: 100%
Over populated 52, expected 50.
Generation 20 score 0.9160954848958865  error 0.08387273210539146 avg time 4s 722ms
Training 8ed3b265 with 1 binary file, target error: 0.05, iterations: 1, sample rate: 100%, sparse: 100%
Over populated 52, expected 50.
Fine tuning increased fitness by 1.9644712123678687e-7 to 0.9160957957547979 adjusted 52 weights, 3 biases 
Remove neuron 0334eeee-31ed-4f19-b0e9-7fca1421469d as no longer connected
Training 536cc16a with 1 binary file, target error: 0.05, iterations: 1, sample rate: 100%, sparse: 100%
Fine tuning increased fitness by 3.0172247411641706e-7 to 0.916096097477272 adjusted 52 weights, 3 biases 
Discovered beneficial synapse from 82b521ae-a8df-41bc-a0ba-18d123cc5b02 to c0258963-ab52-4a65-87fd-29222e781d53 with weight -1.0000, helping 25.6% more records than it harms (1445/4613)
Discovery 954c8c09 analyze time 27s 860ms found 1 candidates
Discovered harmful synapse from input-23 to ea261775-70bc-4209-9929-531ffd6093cc, harming 25.1% more records than it helps (275/4613)
Discovery 954c8c09 analyze harmful time 1s 515ms found 1 candidates
Discovery 954c8c09 analyze squashes time 2s 174ms found 0 candidates
Discovery d1c82198 with 1 binary files, sample rate: 100%, batch size: 512
Discovery d1c82198 initialize time 101ms
Discovery d1c82198 processing .trainData-industry_88/AIR_TRANSPORTATION_SCHEDULED/data.bin
Discovery d1c82198 read time 12ms for .trainData-industry_88/AIR_TRANSPORTATION_SCHEDULED/data.bin with 4613 records
Discovery d1c82198 scanning time 3s 958ms
Training d0c0d11f with 1 binary file, target error: 0.05, iterations: 1, sample rate: 100%, sparse: 100%
Discovery d1c82198 recorded time 5s 456ms
Fine tuning increased fitness by 0.0000014635362747261738 to 0.9161033873720262 adjusted 52 weights, 4 biases 
Training 4bbe40ac with 1 binary file, target error: 0.05, iterations: 1, sample rate: 100%, sparse: 100%
Fine tuning increased fitness by 6.854803695777179e-7 to 0.9161040728523958 adjusted 52 weights, 4 biases 
Fine tuning increased fitness by 5.291926130635005e-8 to 0.9161041257716571 adjusted 52 weights, 4 biases 
Training fa9ca349 with 1 binary file, target error: 0.05, iterations: 1, sample rate: 100%, sparse: 100%
Remove neuron d9b6a121-3af9-49d3-b962-60308e52c865 as no longer connected
Fine tuning increased fitness by 1.4888086519171395e-7 to 0.9161043866072419 adjusted 39 weights, 2 biases 
Generation 30 score 0.9161043866072419  error 0.08386382039403667 avg time 5s 245ms
Fine tuning increased fitness by 1.854490188080149e-7 to 0.9161045720562607 adjusted 39 weights, 2 biases 
Discovered beneficial synapse from 82b521ae-a8df-41bc-a0ba-18d123cc5b02 to ea261775-70bc-4209-9929-531ffd6093cc with weight 1.0000, helping 25.8% more records than it harms (1447/4613)
Discovery d1c82198 analyze time 30s 731ms found 1 candidates
Discovered harmful synapse from input-532 to c0258963-ab52-4a65-87fd-29222e781d53, harming 25.2% more records than it helps (272/4613)
Discovery d1c82198 analyze harmful time 2s 22ms found 1 candidates
Discovery d1c82198 analyze squashes time 1s 781ms found 0 candidates
Fine tuning increased fitness by 7.99687065344834e-7 to 0.9161061154252433 adjusted 25 weights, 2 biases 
Fine tuning increased fitness by 0.000001204685819544693 to 0.9161073201110629 adjusted 25 weights, 2 biases 
Generation 36 score 0.9161091423956811  error 0.08385906460559753 avg time 2s 819ms
{
  error: 0.08385906460559753,
  score: 0.9161091423956811,
  generation: 36,
  time: 180790,
  startScore: 0.9162365512893085
}
process (upgrade) GASKETS_PACKG-SEALG_DEVICES-RUBBER-PLASTICS_HOSE , score: 0.871 , version: 87 lvl: 1
loaded ../GRQ-portfolio/best/industry/v6/GASKETS_PACKG-SEALG_DEVICES-RUBBER-PLASTICS_HOSE.json
2 mutations, mutation rate 5.0%, elitism 2, mutation ALL, selection FITNESS_PROPORTIONATE
Creature count: 50
Culling duplicate creature at 1 of 51
DeDuplication of 1 creatures to 50 in 223ms (previous experiment )
Training 117ed6f2 with 1 binary file, target error: 0.05, iterations: 1, sample rate: 100%, sparse: 100%
Discovery 117ed6f2 with 1 binary files, sample rate: 100%, batch size: 512
Discovery 117ed6f2 initialize time 101ms
Discovery 117ed6f2 processing .trainData-industry_88/GASKETS_PACKG-SEALG_DEVICES-RUBBER-PLASTICS_HOSE/data.bin
Replacing HYPOT neuron 8c8fc085-89dd-472e-ae08-42f0f73e04e5
Fine tuning increased fitness by 0.000004262776899577325 to 0.8703465862500851 adjusted 1 weight 
Fine tuning increased fitness by 0.00000179184132786947 to 0.870348378091413 adjusted 1 weight 
Discovery 117ed6f2 read time 8ms for .trainData-industry_88/GASKETS_PACKG-SEALG_DEVICES-RUBBER-PLASTICS_HOSE/data.bin with 4613 records
Discovery 117ed6f2 scanning time 13s 991ms
Discovery 117ed6f2 recorded time 15s 237ms
Fine tuning increased fitness by 4.990593736042825e-7 to 0.8703579439721422 adjusted 3 weights 
Fine tuning increased fitness by 2.744350807715179e-7 to 0.8703582184072229 adjusted 3 weights 
Training eaab34ed with 1 binary file, target error: 0.05, iterations: 1, sample rate: 100%, sparse: 100%
Fine tuning increased fitness by 4.014484271674945e-7 to 0.8703586198556501 adjusted 3 weights 
Fine tuning increased fitness by 4.6886665772127856e-8 to 0.8703586667423159 adjusted 3 weights 
Remove neuron fd40509d-061a-43e5-9c0c-60025a5b9f96 as no longer connected
Discovered beneficial synapse from input-58 to a5fda9cb-e99d-449f-8540-3a6a9a1d5ecf with weight 1.0000, helping 81.4% more records than it harms (4181/4613)
Discovery 117ed6f2 analyze time 36s 495ms found 1 candidates
Discovered harmful synapse from input-17 to a5fda9cb-e99d-449f-8540-3a6a9a1d5ecf, harming 81.4% more records than it helps (428/4613)
Discovery 117ed6f2 analyze harmful time 4s 29ms found 1 candidates
Generation 10 score 0.8703811223518261  error 0.1295837606493419 avg time 6s 41ms
Discovery 117ed6f2 analyze squashes time 3s 737ms found 1 candidate, Summary: a5fda9cb-e99d-449f-8540-3a6a9a1d5ecf Mish -> ABSOLUTE improved: 100.0% error: 3.270825001372754e+27 -> 3.6729
Discovery e639f417 with 1 binary files, sample rate: 100%, batch size: 512
Fine tuning increased fitness by 0.000009096108556594373 to 0.8703902184603827 adjusted 4 weights 
Discovery e639f417 initialize time 101ms
Discovery e639f417 processing .trainData-industry_88/GASKETS_PACKG-SEALG_DEVICES-RUBBER-PLASTICS_HOSE/data.bin
Fine tuning increased fitness by 4.958214596673116e-7 to 0.8703907142818423 adjusted 4 weights 
Training cdeadbe0 with 1 binary file, target error: 0.05, iterations: 1, sample rate: 100%, sparse: 100%
Discovery e639f417 read time 11ms for .trainData-industry_88/GASKETS_PACKG-SEALG_DEVICES-RUBBER-PLASTICS_HOSE/data.bin with 4613 records
Discovery e639f417 scanning time 14s 266ms
Discovery e639f417 recorded time 15s 472ms
Fine tuning increased fitness by 0.00002641972581285401 to 0.870451967736268 adjusted 6 weights 
Fine tuning increased fitness by 0.000026815047136530268 to 0.8704787827834045 adjusted 6 weights 
Training 3c85ca55 with 1 binary file, target error: 0.05, iterations: 1, sample rate: 100%, sparse: 100%
Fine tuning increased fitness by 0.0000019121251414455642 to 0.870480694908546 adjusted 6 weights 
Remove neuron 8026c35f-7608-440b-83be-bdebeef46767 as no longer connected
Generation 20 score 0.870480694908546  error 0.12948417809262244 avg time 6s 534ms
Discovered beneficial synapse from input-58 to a5fda9cb-e99d-449f-8540-3a6a9a1d5ecf with weight 1.0000, helping 81.3% more records than it harms (4180/4613)
Discovery e639f417 analyze time 48s 481ms found 1 candidates
Discovered harmful synapse from input-17 to a5fda9cb-e99d-449f-8540-3a6a9a1d5ecf, harming 81.3% more records than it helps (430/4613)
Discovery e639f417 analyze harmful time 3s 947ms found 1 candidates
Discovery e639f417 analyze squashes time 3s 995ms found 1 candidate, Summary: a5fda9cb-e99d-449f-8540-3a6a9a1d5ecf Mish -> ABSOLUTE improved: 100.0% error: 1.7409212348094215e+27 -> 3.7253
Training 3e091538 with 1 binary file, target error: 0.05, iterations: 1, sample rate: 100%, sparse: 100%
Discovery 3e091538 with 1 binary files, sample rate: 100%, batch size: 512
Discovery 3e091538 initialize time 96ms
Discovery 3e091538 processing .trainData-industry_88/GASKETS_PACKG-SEALG_DEVICES-RUBBER-PLASTICS_HOSE/data.bin
Discovery 3e091538 read time 5ms for .trainData-industry_88/GASKETS_PACKG-SEALG_DEVICES-RUBBER-PLASTICS_HOSE/data.bin with 4613 records
Discovery 3e091538 scanning time 14s 156ms
Discovery 3e091538 recorded time 15s 325ms
Fine tuning increased fitness by 0.0000035009679932862525 to 0.8704874080718764 adjusted 3 weights 
Fine tuning increased fitness by 0.000005322980821786949 to 0.8704927310526982 adjusted 3 weights 
Fine tuning increased fitness by 0.000006778948372865301 to 0.8704995100010711 adjusted 3 weights 
Fine tuning increased fitness by 0.000006802399826644212 to 0.8705063124008977 adjusted 3 weights 
Discovered beneficial synapse from input-58 to a5fda9cb-e99d-449f-8540-3a6a9a1d5ecf with weight 1.0000, helping 81.3% more records than it harms (4180/4613)
Discovery 3e091538 analyze time 25s 440ms found 1 candidates
Generation 29 score 0.8705063124008977  error 0.1294585606002707 avg time 5s 757ms
Set training/discovery clean up count to 2
Waiting for discovery to complete
Discovered harmful synapse from input-17 to a5fda9cb-e99d-449f-8540-3a6a9a1d5ecf, harming 81.3% more records than it helps (431/4613)
Discovery 3e091538 analyze harmful time 4s 43ms found 1 candidates
Generation 30 score 0.8705079359948826  error 0.12945693700628583 avg time 621ms
Waiting for discovery to complete
Discovery 3e091538 analyze squashes time 4s 218ms found 1 candidate, Summary: a5fda9cb-e99d-449f-8540-3a6a9a1d5ecf Mish -> ABSOLUTE improved: 100.0% error: 1.7136909385459183e+27 -> 3.7192
Generation 31 score 0.8705112376703018  error 0.12945363533086668 avg time 591ms
Waiting for training/discovery clean up 2
Fine tuning increased fitness by 0.0000017690116180801851 to 0.8705130066819199 adjusted 249 weights, 8 biases 
Generation 32 score 0.8705130066819199  error 0.1294518663192486 avg time 608ms
Waiting for training/discovery clean up 1
Generation 33 score 0.870513623092327  error 0.1294512499088414 avg time 612ms
{
  error: 0.1294512499088414,
  score: 0.870513623092327,
  generation: 33,
  time: 208026,
  startScore: 0.8706889116406245
}
process (upgrade) RETAIL-JEWELRY_STORES , score: 0.823 , version: 87 lvl: 1
loaded ../GRQ-portfolio/best/industry/v6/RETAIL-JEWELRY_STORES.json
3 mutations, mutation rate 50.0%, elitism 7, mutation FFW, selection TOURNAMENT
Creature count: 50
Culling duplicate creature at 1 of 51
DeDuplication of 1 creatures to 50 in 210ms (previous experiment )
Training b8a1401a with 1 binary file, target error: 0.05, iterations: 1, sample rate: 100%, sparse: 100%
Discovery b8a1401a with 1 binary files, sample rate: 100%, batch size: 512
Discovery b8a1401a initialize time 101ms
Discovery b8a1401a processing .trainData-industry_88/RETAIL-JEWELRY_STORES/data.bin
Fine tuning increased fitness by 0.00001063143996493654 to 0.819991679820522 adjusted 215 weights, 9 biases 
Discovery b8a1401a read time 8ms for .trainData-industry_88/RETAIL-JEWELRY_STORES/data.bin with 4613 records
Discovery b8a1401a scanning time 5s 207ms
Discovery b8a1401a recorded time 6s 241ms
Remove neuron 703dd184-7df0-46c8-b112-bd4a9368fc04 as no longer connected
Training 05f631d4 with 1 binary file, target error: 0.05, iterations: 1, sample rate: 100%, sparse: 100%
Retrying increased fitness by 0.000012057730467196492 to 0.8200190260381052 adjusted 215 weights, 9 biases
Over populated 52, expected 50.
Training ebab3f2f with 1 binary file, target error: 0.05, iterations: 1, sample rate: 100%, sparse: 100%
Discovered beneficial synapse from input-625 to b3249b67-fb5b-4511-a8ca-8b9259ab7ff3 with weight 1.0000, helping 25.4% more records than it harms (2892/4613)
Discovery b8a1401a analyze time 22s 496ms found 1 candidates
Over populated 52, expected 50.
Discovered harmful synapse from input-562 to b3249b67-fb5b-4511-a8ca-8b9259ab7ff3, harming 26.3% more records than it helps (1699/4613)
Discovery b8a1401a analyze harmful time 1s 99ms found 1 candidates
Discovery b8a1401a analyze squashes time 1s 507ms found 1 candidate, Summary: f90651ae-23e8-48c9-9037-00d3ba994d0d ArcTan -> Cube improved: 24.8% error: 5.4685128836891075e+23 -> 4.1123966568015154e+23
Discovery 6d77a8e1 with 1 binary files, sample rate: 100%, batch size: 512
Discovery 6d77a8e1 initialize time 98ms
Discovery 6d77a8e1 processing .trainData-industry_88/RETAIL-JEWELRY_STORES/data.bin
Constant neuron 23c289d9-ab46-4c17-933c-3d47fd90a8cb convert hidden to constant
Adjust neuron 23c289d9-ab46-4c17-933c-3d47fd90a8cb bias -0.1860239 to -0.18819980267165454
Over populated 53, expected 50.
Training a839e5fe with 1 binary file, target error: 0.05, iterations: 1, sample rate: 100%, sparse: 100%
Fine tuning increased fitness by 0.000014984905732928766 to 0.8201691362648181 adjusted 167 weights, 7 biases 
Discovery 6d77a8e1 read time 10ms for .trainData-industry_88/RETAIL-JEWELRY_STORES/data.bin with 4613 records
Discovery 6d77a8e1 scanning time 5s 434ms
Discovery 6d77a8e1 recorded time 6s 549ms
Over populated 52, expected 50.
Generation 10 score 0.8201691362648181  error 0.179804149735781 avg time 4s 539ms
Fine tuning increased fitness by 0.00012447055163644638 to 0.8203057079309584 adjusted 3 weights 
Training 7f282693 with 1 binary file, target error: 0.05, iterations: 1, sample rate: 100%, sparse: 100%
Fine tuning increased fitness by 0.00008291222301970436 to 0.8203886201539781 adjusted 3 weights 
Fine tuning increased fitness by 0.00009378447532615297 to 0.8204824046293042 adjusted 3 weights 
Training f8948ba1 with 1 binary file, target error: 0.05, iterations: 1, sample rate: 100%, sparse: 100%
Discovered beneficial synapse from input-625 to b3249b67-fb5b-4511-a8ca-8b9259ab7ff3 with weight 1.0000, helping 25.3% more records than it harms (2889/4613)
Discovery 6d77a8e1 analyze time 23s 314ms found 1 candidates
Discovery 6d77a8e1 analyze harmful time 1s 118ms found 0 candidates
Fine tuning increased fitness by 0.000038839163352233363 to 0.8208475853543759 adjusted 3 weights 
Discovery 6d77a8e1 analyze squashes time 1s 466ms found 1 candidate, Summary: f90651ae-23e8-48c9-9037-00d3ba994d0d ArcTan -> Cube improved: 24.8% error: 5.467970936630417e+23 -> 4.11008535772045e+23
Discovery 712a908f with 1 binary files, sample rate: 100%, batch size: 512
Discovery 712a908f initialize time 96ms
Discovery 712a908f processing .trainData-industry_88/RETAIL-JEWELRY_STORES/data.bin
Training b80a4f75 with 1 binary file, target error: 0.05, iterations: 1, sample rate: 100%, sparse: 100%
Discovery 712a908f read time 12ms for .trainData-industry_88/RETAIL-JEWELRY_STORES/data.bin with 4613 records
Discovery 712a908f scanning time 4s 994ms
Discovery 712a908f recorded time 6s 357ms
Fine tuning increased fitness by 0.000006821435604931203 to 0.8208604422087966 adjusted 5 weights 
Generation 20 score 0.8208604422087966  error 0.17911328379180044 avg time 3s 732ms
Fine tuning increased fitness by 0.000005324739574152915 to 0.8208657669483708 adjusted 5 weights 
Training 8d4c4be3 with 1 binary file, target error: 0.05, iterations: 1, sample rate: 100%, sparse: 100%
Fine tuning increased fitness by 0.0000024519890756691254 to 0.8208682189374464 adjusted 5 weights 
Fine tuning increased fitness by 0.0000011385681760733846 to 0.8208693575056225 adjusted 5 weights 
Fine tuning increased fitness by 3.1736688843597705e-7 to 0.820869674872511 adjusted 5 weights 
Remove neuron 7e6bfe04-fed9-4c24-9d4a-8b87353d2cf2 as no longer connected
Training c096a480 with 1 binary file, target error: 0.05, iterations: 1, sample rate: 100%, sparse: 100%
Over populated 52, expected 50.
Fine tuning increased fitness by 6.950117690252e-7 to 0.820870731803396 adjusted 7 weights 
Discovered beneficial synapse from input-625 to b3249b67-fb5b-4511-a8ca-8b9259ab7ff3 with weight 1.0000, helping 25.6% more records than it harms (2897/4613)
Discovery 712a908f analyze time 31s 109ms found 1 candidates
Training 94f2f210 with 1 binary file, target error: 0.05, iterations: 1, sample rate: 100%, sparse: 100%
Discovered harmful synapse from input-562 to b3249b67-fb5b-4511-a8ca-8b9259ab7ff3, harming 26.3% more records than it helps (1700/4613)
Discovery 712a908f analyze harmful time 1s 46ms found 1 candidates
Discovery 712a908f analyze squashes time 1s 832ms found 1 candidate, Summary: f90651ae-23e8-48c9-9037-00d3ba994d0d ArcTan -> Cube improved: 24.9% error: 5.46553217667764e+23 -> 4.1059956662049664e+23
Discovery c53d12c6 with 1 binary files, sample rate: 100%, batch size: 512
Discovery c53d12c6 initialize time 92ms
Discovery c53d12c6 processing .trainData-industry_88/RETAIL-JEWELRY_STORES/data.bin
Fine tuning increased fitness by 0.00023722874973608477 to 0.8215738165494668 adjusted 6 weights, 1 bias 
Discovery c53d12c6 read time 20ms for .trainData-industry_88/RETAIL-JEWELRY_STORES/data.bin with 4613 records
Discovery c53d12c6 scanning time 5s 129ms
Discovery c53d12c6 recorded time 6s 296ms
Remove neuron 703dd184-7df0-46c8-b112-bd4a9368fc04 as no longer connected
Generation 30 score 0.8215738165494668  error 0.17840016945112838 avg time 3s 915ms
Training dbfed711 with 1 binary file, target error: 0.05, iterations: 1, sample rate: 100%, sparse: 100%
Remove neuron c458f40b-fa2f-42e0-bf0e-db880bcc0b47 as no longer connected
Training 6691b7b9 with 1 binary file, target error: 0.05, iterations: 1, sample rate: 100%, sparse: 100%
Over populated 52, expected 50.
Discovered beneficial synapse from input-625 to b3249b67-fb5b-4511-a8ca-8b9259ab7ff3 with weight 1.0000, helping 25.8% more records than it harms (2901/4613)
Discovery c53d12c6 analyze time 22s 211ms found 1 candidates
Discovered harmful synapse from input-562 to b3249b67-fb5b-4511-a8ca-8b9259ab7ff3, harming 26.4% more records than it helps (1698/4613)
Discovery c53d12c6 analyze harmful time 1s 10ms found 1 candidates
Training d2215e6b with 1 binary file, target error: 0.05, iterations: 1, sample rate: 100%, sparse: 100%
Discovery c53d12c6 analyze squashes time 1s 706ms found 1 candidate, Summary: f90651ae-23e8-48c9-9037-00d3ba994d0d ArcTan -> Cube improved: 25.0% error: 5.4704096968317644e+23 -> 4.1021252021233744e+23
Generation 40 score 0.8230231250831707  error 0.17695075091742513 avg time 3s 827ms
Fine tuning increased fitness by 0.00007235427880392109 to 0.8231140595445839 adjusted 6 weights, 1 bias 
Fine tuning increased fitness by 0.0000011576378583511016 to 0.8231176311527552 adjusted 6 weights, 1 bias 
Fine tuning increased fitness by 7.815851279513453e-7 to 0.8231184127378831 adjusted 6 weights, 1 bias 
Generation 46 score 0.8231184127378831  error 0.17685545326271296 avg time 2s 151ms
{
  error: 0.17685545326271296,
  score: 0.8231184127378831,
  generation: 46,
  time: 182006,
  startScore: 0.822863945212047
}
process (upgrade) COMMERCIAL_PRINTING , score: 0.802 , version: 87 lvl: 1
loaded ../GRQ-portfolio/best/industry/v6/COMMERCIAL_PRINTING.json
2 mutations, mutation rate 9.4%, elitism 10, mutation ALL, selection TOURNAMENT
Creature count: 50
Culling duplicate creature at 1 of 51
DeDuplication of 1 creatures to 50 in 189ms (previous experiment )
Training 1608e6fc with 1 binary file, target error: 0.05, iterations: 1, sample rate: 100%, sparse: 100%
Discovery 1608e6fc with 1 binary files, sample rate: 100%, batch size: 512
Discovery 1608e6fc initialize time 99ms
Discovery 1608e6fc processing .trainData-industry_88/COMMERCIAL_PRINTING/data.bin
Replacing HYPOT neuron 8c8fc085-89dd-472e-ae08-42f0f73e04e5
Fine tuning increased fitness by 8.351990608002069e-7 to 0.8010333757813477 adjusted 1 weight 
Discovery 1608e6fc read time 9ms for .trainData-industry_88/COMMERCIAL_PRINTING/data.bin with 4613 records
Discovery 1608e6fc scanning time 4s 982ms
Discovery 1608e6fc recorded time 6s 15ms
Fine tuning increased fitness by 0.0000012844081467289215 to 0.8010346601894944 adjusted 1 weight 
Training adc0e239 with 1 binary file, target error: 0.05, iterations: 1, sample rate: 100%, sparse: 100%
Fine tuning increased fitness by 2.18459795475745e-7 to 0.8010348786492899 adjusted 1 weight 
Fine tuning increased fitness by 1.534917415391135e-9 to 0.8010348801842073 adjusted 1 weight 
Fine tuning increased fitness by 1.162409055677216e-7 to 0.8010349964251129 adjusted 1 weight 
Training 7b2e1f0c with 1 binary file, target error: 0.05, iterations: 1, sample rate: 100%, sparse: 100%
Fine tuning increased fitness by 2.486434399484594e-7 to 0.8010352450685528 adjusted 1 weight 
Fine tuning increased fitness by 5.792351215339053e-7 to 0.8010358243036744 adjusted 1 weight 
Discovered beneficial synapse from input-547 to 7f39c04c-9c07-4c58-baaf-ef81e46d9d37 with weight 1.0000, helping 21.0% more records than it harms (2792/4613)
Discovery 1608e6fc analyze time 20s 661ms found 1 candidates
Discovered harmful synapse from 1a03770a-050d-4b70-9d44-2377137bc926 to 7f39c04c-9c07-4c58-baaf-ef81e46d9d37, harming 37.8% more records than it helps (1434/4613)
Discovery 1608e6fc analyze harmful time 1s 880ms found 1 candidates
Fine tuning increased fitness by 0.0000011216849299389153 to 0.8010369459886043 adjusted 1 weight 
Discovery 1608e6fc analyze squashes time 1s 514ms found 0 candidates
Training b9644094 with 1 binary file, target error: 0.05, iterations: 1, sample rate: 100%, sparse: 100%
Discovery b9644094 with 1 binary files, sample rate: 100%, batch size: 512
Fine tuning increased fitness by 0.000001711880712296221 to 0.8010386578693166 adjusted 1 weight 
Discovery b9644094 initialize time 100ms
Discovery b9644094 processing .trainData-industry_88/COMMERCIAL_PRINTING/data.bin
Generation 10 score 0.8010386578693166  error 0.1989300881312832 avg time 3s 743ms
Fine tuning increased fitness by 0.000002818489958977821 to 0.8010414763592756 adjusted 1 weight 
Discovery b9644094 read time 8ms for .trainData-industry_88/COMMERCIAL_PRINTING/data.bin with 4613 records
Discovery b9644094 scanning time 5s 38ms
Discovery b9644094 recorded time 6s 323ms
Fine tuning increased fitness by 0.000006971043438164237 to 0.8010484474027137 adjusted 1 weight 
Training ced9e9ba with 1 binary file, target error: 0.05, iterations: 1, sample rate: 100%, sparse: 100%
Fine tuning increased fitness by 0.0000111387081722647 to 0.801059586110886 adjusted 1 weight 
Fine tuning increased fitness by 0.000015162573745897134 to 0.8010747486846319 adjusted 1 weight 
Fine tuning increased fitness by 5.616314641132547e-7 to 0.801075310316096 adjusted 1 weight 
Fine tuning increased fitness by 2.3358381007199114e-8 to 0.801075333674477 adjusted 1 weight 
Training e36993a4 with 1 binary file, target error: 0.05, iterations: 1, sample rate: 100%, sparse: 100%
Fine tuning increased fitness by 3.787338098693027e-8 to 0.801075371547858 adjusted 1 weight 
Fine tuning increased fitness by 4.5461210129715823e-8 to 0.8010754170090681 adjusted 1 weight 
Discovered beneficial synapse from input-547 to 7f39c04c-9c07-4c58-baaf-ef81e46d9d37 with weight 1.0000, helping 21.0% more records than it harms (2790/4613)
Discovery b9644094 analyze time 21s 478ms found 1 candidates
Discovered harmful synapse from 1a03770a-050d-4b70-9d44-2377137bc926 to 7f39c04c-9c07-4c58-baaf-ef81e46d9d37, harming 37.7% more records than it helps (1436/4613)
Discovery b9644094 analyze harmful time 1s 934ms found 1 candidates
Fine tuning increased fitness by 1.4853883123500111e-8 to 0.8010754318629513 adjusted 1 weight 
Discovery b9644094 analyze squashes time 1s 716ms found 0 candidates
Training a061242a with 1 binary file, target error: 0.05, iterations: 1, sample rate: 100%, sparse: 100%
Discovery a061242a with 1 binary files, sample rate: 100%, batch size: 512
Fine tuning increased fitness by 3.478450860683324e-10 to 0.8010754322107964 adjusted 1 weight 
Discovery a061242a initialize time 100ms
Discovery a061242a processing .trainData-industry_88/COMMERCIAL_PRINTING/data.bin
Generation 20 score 0.8010754322107964  error 0.1988933137898035 avg time 3s 302ms
Fine tuning increased fitness by 4.313678303446977e-10 to 0.8010754326421642 adjusted 1 weight 
Discovery a061242a read time 11ms for .trainData-industry_88/COMMERCIAL_PRINTING/data.bin with 4613 records
Discovery a061242a scanning time 4s 836ms
Discovery a061242a recorded time 5s 864ms
Training b7068768 with 1 binary file, target error: 0.05, iterations: 1, sample rate: 100%, sparse: 100%
Training 794e048d with 1 binary file, target error: 0.05, iterations: 1, sample rate: 100%, sparse: 100%
Discovered beneficial synapse from input-547 to 7f39c04c-9c07-4c58-baaf-ef81e46d9d37 with weight 1.0000, helping 20.9% more records than it harms (2789/4613)
Discovery a061242a analyze time 22s 217ms found 1 candidates
Discovered harmful synapse from 1a03770a-050d-4b70-9d44-2377137bc926 to 7f39c04c-9c07-4c58-baaf-ef81e46d9d37, harming 37.2% more records than it helps (1448/4613)
Discovery a061242a analyze harmful time 2s 36ms found 1 candidates
Discovery a061242a analyze squashes time 1s 867ms found 0 candidates
Generation 30 score 0.8010754326421642  error 0.19889331335843566 avg time 3s 285ms
Training 15345b42 with 1 binary file, target error: 0.05, iterations: 1, sample rate: 100%, sparse: 100%
Training 6196c984 with 1 binary file, target error: 0.05, iterations: 1, sample rate: 100%, sparse: 100%
Discovery c4f68c88 with 1 binary files, sample rate: 100%, batch size: 512
Discovery c4f68c88 initialize time 103ms
Discovery c4f68c88 processing .trainData-industry_88/COMMERCIAL_PRINTING/data.bin
Discovery c4f68c88 read time 9ms for .trainData-industry_88/COMMERCIAL_PRINTING/data.bin with 4613 records
Discovery c4f68c88 scanning time 5s 526ms
Discovery c4f68c88 recorded time 6s 914ms
Training 1e562316 with 1 binary file, target error: 0.05, iterations: 1, sample rate: 100%, sparse: 100%
Fine tuning increased fitness by 0.00000731490947947222 to 0.8010955003643448 adjusted 84 weights, 2 biases 
Remove neuron 8ff79cf7-a6e2-4512-8a53-a53f03248e88 as no longer connected
Generation 40 score 0.8010955003643448  error 0.19887324563625494 avg time 3s 477ms
Discovered beneficial synapse from input-547 to 7f39c04c-9c07-4c58-baaf-ef81e46d9d37 with weight 1.0000, helping 20.9% more records than it harms (2789/4613)
Discovery c4f68c88 analyze time 10s 418ms found 1 candidates
Discovered harmful synapse from 1a03770a-050d-4b70-9d44-2377137bc926 to 7f39c04c-9c07-4c58-baaf-ef81e46d9d37, harming 37.3% more records than it helps (1447/4613)
Discovery c4f68c88 analyze harmful time 2s 22ms found 1 candidates
Training e2ac66dd with 1 binary file, target error: 0.05, iterations: 1, sample rate: 100%, sparse: 100%
Discovery c4f68c88 analyze squashes time 1s 873ms found 0 candidates
Discovery 522f13e2 with 1 binary files, sample rate: 100%, batch size: 512
Fine tuning increased fitness by 4.782982725437535e-7 to 0.8010962144625442 adjusted 30 weights, 1 bias 
Discovery 522f13e2 initialize time 103ms
Discovery 522f13e2 processing .trainData-industry_88/COMMERCIAL_PRINTING/data.bin
Fine tuning increased fitness by 7.582476139189609e-7 to 0.8010969727101581 adjusted 30 weights, 1 bias 
Discovery 522f13e2 read time 11ms for .trainData-industry_88/COMMERCIAL_PRINTING/data.bin with 4613 records
Discovery 522f13e2 scanning time 5s 396ms
Discovery 522f13e2 recorded time 6s 535ms
Fine tuning increased fitness by 0.000004563482246089379 to 0.8011041381229898 adjusted 30 weights, 1 bias 
Fine tuning increased fitness by 0.000006331262196734855 to 0.8011104693851865 adjusted 30 weights, 1 bias 
Fine tuning increased fitness by 0.000009383574229748781 to 0.8011198529594162 adjusted 30 weights, 1 bias 
Fine tuning increased fitness by 0.00000389375954890081 to 0.8011237467189651 adjusted 30 weights, 1 bias 
Fine tuning increased fitness by 3.698028080423299e-7 to 0.8011241165217732 adjusted 30 weights, 1 bias 
Generation 50 score 0.8011241165217732  error 0.1988446294788267 avg time 3s 703ms
Discovered beneficial synapse from input-547 to 7f39c04c-9c07-4c58-baaf-ef81e46d9d37 with weight 1.0000, helping 20.9% more records than it harms (2789/4613)
Discovery 522f13e2 analyze time 21s 434ms found 1 candidates
Fine tuning increased fitness by 8.929842106875086e-7 to 0.8011250095059839 adjusted 30 weights, 1 bias 
Discovered harmful synapse from 1a03770a-050d-4b70-9d44-2377137bc926 to 7f39c04c-9c07-4c58-baaf-ef81e46d9d37, harming 37.8% more records than it helps (1435/4613)
Discovery 522f13e2 analyze harmful time 1s 675ms found 1 candidates
Discovery 522f13e2 analyze squashes time 1s 493ms found 0 candidates
Generation 52 score 0.8011273054809847  error 0.19884145051961497 avg time 772ms
Waiting for additional generation
Generation 53 score 0.801130269903356  error 0.19883847609724384 avg time 387ms
{
  error: 0.19883847609724384,
  score: 0.801130269903356,
  generation: 53,
  time: 187013,
  startScore: 0.8024757840268447
}
process (upgrade) SERVICES-DETECTIVE_GUARD-ARMORED_CAR_SERVICES , score: 0.879 , version: 87 lvl: 1
loaded ../GRQ-portfolio/best/industry/v6/SERVICES-DETECTIVE_GUARD-ARMORED_CAR_SERVICES.json
3 mutations, mutation rate 5.0%, elitism 10, mutation FFW, selection TOURNAMENT
Creature count: 50
Culling duplicate creature at 1 of 51
DeDuplication of 1 creatures to 50 in 58ms (previous experiment )
Training e105ac7a with 1 binary file, target error: 0.05, iterations: 1, sample rate: 100%, sparse: 100%
Discovery e105ac7a with 1 binary files, sample rate: 100%, batch size: 512
Discovery e105ac7a initialize time 104ms
Discovery e105ac7a processing .trainData-industry_88/SERVICES-DETECTIVE_GUARD-ARMORED_CAR_SERVICES/data.bin
Fine tuning increased fitness by 0.000006399576170990073 to 0.8782790037988064 adjusted 2 weights 
Discovery e105ac7a read time 6ms for .trainData-industry_88/SERVICES-DETECTIVE_GUARD-ARMORED_CAR_SERVICES/data.bin with 4613 records
Discovery e105ac7a scanning time 5s 711ms
Discovery e105ac7a recorded time 6s 826ms
Training 3f926f1c with 1 binary file, target error: 0.05, iterations: 1, sample rate: 100%, sparse: 100%
Fine tuning increased fitness by 0.00006460646846828677 to 0.8783436102672747 adjusted 2 weights 
Discovery e105ac7a analyze time 10s 23ms found 0 candidates
Training 4136cb73 with 1 binary file, target error: 0.05, iterations: 1, sample rate: 100%, sparse: 100%
Fine tuning increased fitness by 6.489542705434559e-7 to 0.8783447081159919 adjusted 2 weights 
Discovered harmful synapse from input-90 to 9dc47909-6b00-4f1b-9029-94839773ceac, harming 11.3% more records than it helps (1098/4613)
Discovery e105ac7a analyze harmful time 1s 837ms found 1 candidates
Discovery e105ac7a analyze squashes time 1s 852ms found 0 candidates
Discovery 05c4b932 with 1 binary files, sample rate: 100%, batch size: 512
Fine tuning increased fitness by 7.246478229694375e-7 to 0.8783454327638148 adjusted 2 weights 
Discovery 05c4b932 initialize time 102ms
Discovery 05c4b932 processing .trainData-industry_88/SERVICES-DETECTIVE_GUARD-ARMORED_CAR_SERVICES/data.bin
Training 0027a39a with 1 binary file, target error: 0.05, iterations: 1, sample rate: 100%, sparse: 100%
Fine tuning increased fitness by 0.000001004500903234451 to 0.8783464372647181 adjusted 2 weights 
Discovery 05c4b932 read time 9ms for .trainData-industry_88/SERVICES-DETECTIVE_GUARD-ARMORED_CAR_SERVICES/data.bin with 4613 records
Discovery 05c4b932 scanning time 5s 647ms
Discovery 05c4b932 recorded time 6s 883ms
Fine tuning increased fitness by 0.0000018553703616808193 to 0.8783482926350797 adjusted 2 weights 
Training 23221124 with 1 binary file, target error: 0.05, iterations: 1, sample rate: 100%, sparse: 100%
Fine tuning increased fitness by 0.0000032745746791906782 to 0.8783515672097589 adjusted 2 weights 
Discovery 05c4b932 analyze time 10s 200ms found 0 candidates
Fine tuning increased fitness by 0.000005074487595346788 to 0.8783566416973543 adjusted 2 weights 
Discovery 05c4b932 analyze harmful time 1s 447ms found 0 candidates
Discovery 05c4b932 analyze squashes time 1s 582ms found 0 candidates
Generation 10 score 0.8783566416973543  error 0.12160806830349478 avg time 4s 619ms
Training 58ca2010 with 1 binary file, target error: 0.05, iterations: 1, sample rate: 100%, sparse: 100%
Discovery 58ca2010 with 1 binary files, sample rate: 100%, batch size: 512
Fine tuning increased fitness by 0.000007426290604128916 to 0.8783640679879584 adjusted 2 weights 
Discovery 58ca2010 initialize time 103ms
Discovery 58ca2010 processing .trainData-industry_88/SERVICES-DETECTIVE_GUARD-ARMORED_CAR_SERVICES/data.bin
Discovery 58ca2010 read time 7ms for .trainData-industry_88/SERVICES-DETECTIVE_GUARD-ARMORED_CAR_SERVICES/data.bin with 4613 records
Discovery 58ca2010 scanning time 5s 622ms
Discovery 58ca2010 recorded time 6s 737ms
Training e2065d2e with 1 binary file, target error: 0.05, iterations: 1, sample rate: 100%, sparse: 100%
Fine tuning increased fitness by 7.951947168516327e-7 to 0.878375503708435 adjusted 2 weights 
Training 384bd6c9 with 1 binary file, target error: 0.05, iterations: 1, sample rate: 100%, sparse: 100%
Discovered beneficial synapse from input-90 to dae88f30-d8b5-452a-a4af-93eb3a55961c with weight 1.0000, helping 27.7% more records than it harms (1600/4613)
Discovery 58ca2010 analyze time 18s 120ms found 1 candidates
Training 29e73f43 with 1 binary file, target error: 0.05, iterations: 1, sample rate: 100%, sparse: 100%
Fine tuning increased fitness by 1.3139672527806567e-7 to 0.8783782859132595 adjusted 2 weights 
Discovery 58ca2010 analyze harmful time 1s 524ms found 0 candidates
Discovery 58ca2010 analyze squashes time 1s 767ms found 0 candidates
Discovery 6cc09bd1 with 1 binary files, sample rate: 100%, batch size: 512
Discovery 6cc09bd1 initialize time 97ms
Discovery 6cc09bd1 processing .trainData-industry_88/SERVICES-DETECTIVE_GUARD-ARMORED_CAR_SERVICES/data.bin
Training 20f9c679 with 1 binary file, target error: 0.05, iterations: 1, sample rate: 100%, sparse: 100%
Fine tuning increased fitness by 6.175574481792623e-7 to 0.8784046889126459 adjusted 5 weights 
Discovery 6cc09bd1 read time 4ms for .trainData-industry_88/SERVICES-DETECTIVE_GUARD-ARMORED_CAR_SERVICES/data.bin with 4613 records
Discovery 6cc09bd1 scanning time 5s 503ms
Discovery 6cc09bd1 recorded time 6s 670ms
Generation 20 score 0.8784051136622841  error 0.12155958633856567 avg time 4s 550ms
Training a4caefc8 with 1 binary file, target error: 0.05, iterations: 1, sample rate: 100%, sparse: 100%
Remove neuron e300e1ac-a30b-4315-bb2b-12e1c26183e7 as no longer connected
Over populated 52, expected 50.
Training 7e80ed88 with 1 binary file, target error: 0.05, iterations: 1, sample rate: 100%, sparse: 100%
Discovered beneficial synapse from input-54 to 9dc47909-6b00-4f1b-9029-94839773ceac with weight 1.0000, helping 11.3% more records than it harms (1619/4613)
Discovery 6cc09bd1 analyze time 18s 781ms found 1 candidates
Discovery 6cc09bd1 analyze harmful time 1s 418ms found 0 candidates
Discovery 6cc09bd1 analyze squashes time 1s 879ms found 0 candidates
Discovery c8baea45 with 1 binary files, sample rate: 100%, batch size: 512
Fine tuning increased fitness by 1.4298027439796357e-7 to 0.8784057996848238 adjusted 3 weights, 1 bias 
Discovery c8baea45 initialize time 106ms
Discovery c8baea45 processing .trainData-industry_88/SERVICES-DETECTIVE_GUARD-ARMORED_CAR_SERVICES/data.bin
Training 7c547f45 with 1 binary file, target error: 0.05, iterations: 1, sample rate: 100%, sparse: 100%
Discovery c8baea45 read time 8ms for .trainData-industry_88/SERVICES-DETECTIVE_GUARD-ARMORED_CAR_SERVICES/data.bin with 4613 records
Discovery c8baea45 scanning time 5s 533ms
Discovery c8baea45 recorded time 6s 659ms
Fine tuning increased fitness by 4.831140287819835e-8 to 0.8784059017908471 adjusted 3 weights, 1 bias 
Training d51de8cf with 1 binary file, target error: 0.05, iterations: 1, sample rate: 100%, sparse: 100%
Fine tuning increased fitness by 2.3695176154525655e-8 to 0.8784059254860233 adjusted 3 weights, 1 bias 
Discovery c8baea45 analyze time 11s 185ms found 0 candidates
Discovery c8baea45 analyze harmful time 1s 602ms found 0 candidates
Discovery c8baea45 analyze squashes time 1s 676ms found 0 candidates
Training a4246f35 with 1 binary file, target error: 0.05, iterations: 1, sample rate: 100%, sparse: 100%
Discovery a4246f35 with 1 binary files, sample rate: 100%, batch size: 512
Discovery a4246f35 initialize time 104ms
Discovery a4246f35 processing .trainData-industry_88/SERVICES-DETECTIVE_GUARD-ARMORED_CAR_SERVICES/data.bin
Discovery a4246f35 read time 11ms for .trainData-industry_88/SERVICES-DETECTIVE_GUARD-ARMORED_CAR_SERVICES/data.bin with 4613 records
Discovery a4246f35 scanning time 5s 689ms
Discovery a4246f35 recorded time 6s 811ms
Generation 30 score 0.8785631962239454  error 0.12140150377690441 avg time 5s 46ms
Training 23b4d24a with 1 binary file, target error: 0.05, iterations: 1, sample rate: 100%, sparse: 100%
Fine tuning increased fitness by 0.00000385814152881192 to 0.8785856071613506 adjusted 5 weights, 2 biases 
Over populated 52, expected 50.
Discovered beneficial synapse from 607816bc-b2db-4456-aed1-94be5e4b2eb9 to 9357b600-8a58-4fa2-aa1c-2d23d9a3fe41 with weight 1.0000, helping 33.8% more records than it harms (2231/4613)
Discovery a4246f35 analyze time 22s 357ms found 1 candidates
Fine tuning increased fitness by 8.747944180154121e-8 to 0.878590925745818 adjusted 5 weights, 2 biases 
Discovery a4246f35 analyze harmful time 1s 454ms found 0 candidates
Discovery a4246f35 analyze squashes time 1s 864ms found 0 candidates
Remove neuron 2412e796-34ca-4c7f-a6ed-595945b865e0 as no longer connected
Fine tuning increased fitness by 3.067448813842688e-7 to 0.8785916730067713 adjusted 5 weights, 2 biases 
Fine tuning increased fitness by 2.6937125430226416e-7 to 0.8785919423780256 adjusted 5 weights, 2 biases 
Generation 38 score 0.8785919423780256  error 0.12137286762282341 avg time 3s 845ms
{
  error: 0.12137286762282341,
  score: 0.8785919423780256,
  generation: 38,
  time: 180834,
  startScore: 0.8786476060865155
}
process (upgrade) COMMUNICATIONS_SERVICES_NEC , score: 0.874 , version: 87 lvl: 1
loaded ../GRQ-portfolio/best/industry/v6/COMMUNICATIONS_SERVICES_NEC.json
3 mutations, mutation rate 5.0%, elitism 9, mutation ALL, selection POWER
Creature count: 50
Culling duplicate creature at 1 of 51
DeDuplication of 1 creatures to 50 in 99ms (previous experiment )
Training 09797e56 with 1 binary file, target error: 0.05, iterations: 1, sample rate: 100%, sparse: 100%
Discovery 09797e56 with 1 binary files, sample rate: 100%, batch size: 512
Discovery 09797e56 initialize time 100ms
Discovery 09797e56 processing .trainData-industry_88/COMMUNICATIONS_SERVICES_NEC/data.bin
Discovery 09797e56 read time 12ms for .trainData-industry_88/COMMUNICATIONS_SERVICES_NEC/data.bin with 4613 records
Discovery 09797e56 scanning time 5s 26ms
Discovery 09797e56 recorded time 6s 198ms
Training 9b0fc6fe with 1 binary file, target error: 0.05, iterations: 1, sample rate: 100%, sparse: 100%
Fine tuning increased fitness by 0.0000059290861009753115 to 0.8722531436865991 adjusted 36 weights 
Discovered beneficial synapse from input-584 to bbcded9c-1f45-4287-b4a3-27e35e71d65b with weight -1.0000, helping 22.5% more records than it harms (2348/4613)
Discovery 09797e56 analyze time 10s 991ms found 1 candidates
Fine tuning increased fitness by 0.000009537603391507332 to 0.8722626812899906 adjusted 36 weights 
Discovered harmful synapse from input-885 to bbcded9c-1f45-4287-b4a3-27e35e71d65b, harming 21.4% more records than it helps (1335/4613)
Discovery 09797e56 analyze harmful time 1s 388ms found 1 candidates
Discovery 09797e56 analyze squashes time 1s 585ms found 1 candidate, Summary: ca839b45-7b06-4a92-9887-9204bf5283b6 BENT_IDENTITY -> Mish improved: 75.1% error: 6.896608334160953e+26 -> 1.7157451644404423e+26
Training 9a568cdf with 1 binary file, target error: 0.05, iterations: 1, sample rate: 100%, sparse: 100%
Discovery 9a568cdf with 1 binary files, sample rate: 100%, batch size: 512
Discovery 9a568cdf initialize time 100ms
Discovery 9a568cdf processing .trainData-industry_88/COMMUNICATIONS_SERVICES_NEC/data.bin
Fine tuning increased fitness by 0.000012738506784959469 to 0.8722754197967756 adjusted 75 weights 
Over populated 54, expected 50.
Discovery 9a568cdf read time 12ms for .trainData-industry_88/COMMUNICATIONS_SERVICES_NEC/data.bin with 4613 records
Discovery 9a568cdf scanning time 5s 39ms
Fine tuning increased fitness by 3.716076055759743e-7 to 0.8722757914043812 adjusted 75 weights 
Discovery 9a568cdf recorded time 6s 422ms
Training f3923d3e with 1 binary file, target error: 0.05, iterations: 1, sample rate: 100%, sparse: 100%
Fine tuning increased fitness by 1.2502123003521604e-8 to 0.8722758039065042 adjusted 75 weights 
Discovered beneficial synapse from input-584 to bbcded9c-1f45-4287-b4a3-27e35e71d65b with weight -1.0000, helping 22.5% more records than it harms (2349/4613)
Discovery 9a568cdf analyze time 11s 815ms found 1 candidates
Discovered harmful synapse from input-885 to bbcded9c-1f45-4287-b4a3-27e35e71d65b, harming 21.4% more records than it helps (1338/4613)
Discovery 9a568cdf analyze harmful time 1s 641ms found 1 candidates
Discovery 9a568cdf analyze squashes time 1s 646ms found 1 candidate, Summary: ca839b45-7b06-4a92-9887-9204bf5283b6 BENT_IDENTITY -> Mish improved: 75.1% error: 6.896608306489156e+26 -> 1.7157451367686452e+26
Training 723f10f9 with 1 binary file, target error: 0.05, iterations: 1, sample rate: 100%, sparse: 100%
Discovery 723f10f9 with 1 binary files, sample rate: 100%, batch size: 512
Fine tuning increased fitness by 5.05476211998257e-8 to 0.872275917979935 adjusted 75 weights 
Discovery 723f10f9 initialize time 105ms
Discovery 723f10f9 processing .trainData-industry_88/COMMUNICATIONS_SERVICES_NEC/data.bin
Over populated 54, expected 50.
Discovery 723f10f9 read time 14ms for .trainData-industry_88/COMMUNICATIONS_SERVICES_NEC/data.bin with 4613 records
Discovery 723f10f9 scanning time 4s 514ms
Discovery 723f10f9 recorded time 6s 241ms
Generation 10 score 0.8722759604672538  error 0.12768903953366612 avg time 5s 845ms
Training d99db56e with 1 binary file, target error: 0.05, iterations: 1, sample rate: 100%, sparse: 100%
Fine tuning increased fitness by 4.265143516146708e-8 to 0.8722760031186889 adjusted 75 weights 
Fine tuning increased fitness by 5.8617870446475706e-8 to 0.8722760617365594 adjusted 75 weights 
Training bf76dba3 with 1 binary file, target error: 0.05, iterations: 1, sample rate: 100%, sparse: 100%
Fine tuning increased fitness by 9.82922010450693e-8 to 0.8722761600287604 adjusted 75 weights 
Discovered beneficial synapse from input-584 to bbcded9c-1f45-4287-b4a3-27e35e71d65b with weight -1.0000, helping 22.5% more records than it harms (2350/4613)
Discovery 723f10f9 analyze time 20s 947ms found 1 candidates
Discovered harmful synapse from input-885 to bbcded9c-1f45-4287-b4a3-27e35e71d65b, harming 21.4% more records than it helps (1338/4613)
Discovery 723f10f9 analyze harmful time 1s 445ms found 1 candidates
Fine tuning increased fitness by 1.6185399398516154e-7 to 0.8722763218827544 adjusted 75 weights 
Discovery 723f10f9 analyze squashes time 1s 316ms found 0 candidates
Training ec74f87c with 1 binary file, target error: 0.05, iterations: 1, sample rate: 100%, sparse: 100%
Discovery ec74f87c with 1 binary files, sample rate: 100%, batch size: 512
Discovery ec74f87c initialize time 101ms
Discovery ec74f87c processing .trainData-industry_88/COMMUNICATIONS_SERVICES_NEC/data.bin
Over populated 52, expected 50.
Discovery ec74f87c read time 9ms for .trainData-industry_88/COMMUNICATIONS_SERVICES_NEC/data.bin with 4613 records
Discovery ec74f87c scanning time 4s 832ms
Discovery ec74f87c recorded time 6s 323ms
Fine tuning increased fitness by 4.1899344827012186e-7 to 0.8722770047368973 adjusted 75 weights 
Training aed89b61 with 1 binary file, target error: 0.05, iterations: 1, sample rate: 100%, sparse: 100%
Discovered beneficial synapse from input-584 to bbcded9c-1f45-4287-b4a3-27e35e71d65b with weight -1.0000, helping 22.5% more records than it harms (2349/4613)
Discovery ec74f87c analyze time 10s 787ms found 1 candidates
Fine tuning increased fitness by 2.45298888645884e-7 to 0.872277869874776 adjusted 63 weights 
Discovered harmful synapse from input-885 to bbcded9c-1f45-4287-b4a3-27e35e71d65b, harming 21.4% more records than it helps (1338/4613)
Discovery ec74f87c analyze harmful time 1s 343ms found 1 candidates
Discovery ec74f87c analyze squashes time 1s 551ms found 1 candidate, Summary: ca839b45-7b06-4a92-9887-9204bf5283b6 BENT_IDENTITY -> ReLU improved: 75.1% error: 6.896608322808423e+26 -> 1.71574515308791e+26
Training d6ed1f87 with 1 binary file, target error: 0.05, iterations: 1, sample rate: 100%, sparse: 100%
Discovery d6ed1f87 with 1 binary files, sample rate: 100%, batch size: 512
Discovery d6ed1f87 initialize time 98ms
Discovery d6ed1f87 processing .trainData-industry_88/COMMUNICATIONS_SERVICES_NEC/data.bin
Discovery d6ed1f87 read time 10ms for .trainData-industry_88/COMMUNICATIONS_SERVICES_NEC/data.bin with 4613 records
Discovery d6ed1f87 scanning time 4s 418ms
Discovery d6ed1f87 recorded time 5s 962ms
Fine tuning increased fitness by 1.8262614753794537e-9 to 0.8722778722728675 adjusted 23 weights 
Generation 20 score 0.8722778722728675  error 0.12768712772805238 avg time 5s 670ms
Training 4b019842 with 1 binary file, target error: 0.05, iterations: 1, sample rate: 100%, sparse: 100%
Fine tuning increased fitness by 3.540810089575075e-9 to 0.8722778758136776 adjusted 23 weights 
Training 8dd663a5 with 1 binary file, target error: 0.05, iterations: 1, sample rate: 100%, sparse: 100%
Fine tuning increased fitness by 7.272283775172639e-9 to 0.8722778878462061 adjusted 4 weights 
Fine tuning increased fitness by 9.778155618533901e-9 to 0.8722778976243617 adjusted 4 weights 
Discovered beneficial synapse from input-584 to bbcded9c-1f45-4287-b4a3-27e35e71d65b with weight -1.0000, helping 22.5% more records than it harms (2349/4613)
Discovery d6ed1f87 analyze time 20s 942ms found 1 candidates
Discovered harmful synapse from input-885 to bbcded9c-1f45-4287-b4a3-27e35e71d65b, harming 21.4% more records than it helps (1338/4613)
Discovery d6ed1f87 analyze harmful time 1s 325ms found 1 candidates
Discovery d6ed1f87 analyze squashes time 1s 322ms found 0 candidates
Training 448266c0 with 1 binary file, target error: 0.05, iterations: 1, sample rate: 100%, sparse: 100%
Discovery 448266c0 with 1 binary files, sample rate: 100%, batch size: 512
Discovery 448266c0 initialize time 104ms
Discovery 448266c0 processing .trainData-industry_88/COMMUNICATIONS_SERVICES_NEC/data.bin
Fine tuning increased fitness by 1.0150642992812209e-8 to 0.8722779077750047 adjusted 4 weights 
Discovery 448266c0 read time 7ms for .trainData-industry_88/COMMUNICATIONS_SERVICES_NEC/data.bin with 4613 records
Discovery 448266c0 scanning time 4s 546ms
Fine tuning increased fitness by 9.492059582782986e-9 to 0.8722779172670643 adjusted 4 weights 
Discovery 448266c0 recorded time 5s 816ms
Training cc0df23a with 1 binary file, target error: 0.05, iterations: 1, sample rate: 100%, sparse: 100%
Fine tuning increased fitness by 5.656301649281659e-9 to 0.8722779229233659 adjusted 4 weights 
Fine tuning increased fitness by 8.52760739800118e-9 to 0.8722779314509733 adjusted 4 weights 
Discovered beneficial synapse from input-584 to bbcded9c-1f45-4287-b4a3-27e35e71d65b with weight -1.0000, helping 22.5% more records than it harms (2349/4613)
Discovery 448266c0 analyze time 10s 801ms found 1 candidates
Fine tuning increased fitness by 4.603887214793545e-7 to 0.8722783918396948 adjusted 4 weights 
Discovered harmful synapse from input-885 to bbcded9c-1f45-4287-b4a3-27e35e71d65b, harming 21.4% more records than it helps (1338/4613)
Discovery 448266c0 analyze harmful time 1s 517ms found 1 candidates
Discovery 448266c0 analyze squashes time 1s 565ms found 1 candidate, Summary: ca839b45-7b06-4a92-9887-9204bf5283b6 BENT_IDENTITY -> ReLU improved: 75.1% error: 6.896608300103358e+26 -> 1.715745130382846e+26
Fine tuning increased fitness by 1.6927731549820635e-8 to 0.8722784087674263 adjusted 4 weights 
Generation 30 score 0.8722784087674263  error 0.12768657123349417 avg time 4s 970ms
Fine tuning increased fitness by 5.2407723605263357e-8 to 0.87227846117515 adjusted 1 weight 
Fine tuning increased fitness by 1.288616373606999e-7 to 0.8722785900367873 adjusted 1 weight 
Fine tuning increased fitness by 2.4666721398780567e-7 to 0.8722788367040013 adjusted 1 weight 
Fine tuning increased fitness by 6.710256675868109e-7 to 0.8722795077296689 adjusted 1 weight 
Generation 34 score 0.8722795077296689  error 0.12768547227125163 avg time 1s 595ms
{
  error: 0.12768547227125163,
  score: 0.8722795077296689,
  generation: 34,
  time: 181060,
  startScore: 0.8738335198296406
}
🧹 Cleaning up any inconsistent git state
✅ Git state cleanup completed
✅ Already on proper branch: main
From github.com:stSoftwareAU/GRQ-industryV2
   d8df957..41727ba  main       -> origin/main
Updating d8df957..41727ba
Created autostash: 6bc4093
Fast-forward
 v6/AIR_TRANSPORTATION_SCHEDULED.json               | 1586 ++--
 v6/BOOKS_PUBLISHING_OR_PUBLISHING-PRINTING.json    |  133 +-
 v6/COMMODITY_CONTRACTS_BROKERS-DEALERS.json        | 4721 ++++++++--
 v6/CONSTRUCTION_MACHINERY-EQUIP.json               |   64 +-
 v6/CRUDE_PETROLEUM-NATURAL_GAS.json                |  448 +-
 v6/DRILLING_OIL-GAS_WELLS.json                     | 9869 ++------------------
 v6/ELECTRIC_LIGHTING-WIRING_EQUIPMENT.json         | 8368 ++---------------
 v6/GRAIN_MILL_PRODUCTS.json                        | 1100 +--
 v6/HOTELS-MOTELS.json                              |  362 +-
 v6/HOUSEHOLD_FURNITURE.json                        | 3591 +++++--
 v6/MOTORCYCLES_BICYCLES-PARTS.json                 |   48 +-
 v6/OIL-GAS_FIELD_MACHINERY-EQUIPMENT.json          |  443 +-
 v6/PAPERBOARD_CONTAINERS-BOXES.json                | 2039 +++-
 ...ATERIALS_SYNTH_RESINS-NONVULCAN_ELASTOMERS.json | 2124 ++---
 v6/PUBLIC_BLDG-RELATED_FURNITURE.json              |   34 +-
 v6/RAILROAD_EQUIPMENT.json                         | 1287 ++-
 v6/SERVICES-EDUCATIONAL_SERVICES.json              |  402 +-
 v6/SERVICES-NURSING-PERSONAL_CARE_FACILITIES.json  | 5461 ++++-------
 ...NTS_CLEANG_PREPARATIONS_PERFUMES_COSMETICS.json |   21 +-
 v6/TELEPHONE_COMMUNICATIONS_NO_RADIOTELEPHONE.json | 4190 +++++----
 20 files changed, 18118 insertions(+), 28173 deletions(-)
Applying autostash resulted in conflicts.
Your changes are safe in the stash.
You can run "git stash pop" or "git stash drop" at any time.
✅ Already on proper branch: main
📦 Changes detected — staging files and validating JSON
[0;32m🔍 Validating staged JSON files...[0m
[0;32m🔍 Validating: v6/AIR_TRANSPORTATION_SCHEDULED.json[0m
[0;31m🚨 MERGE CONFLICT DETECTED in: v6/AIR_TRANSPORTATION_SCHEDULED.json[0m
[1;33m   This file contains unresolved merge conflict markers:[0m
155:<<<<<<< Updated upstream
157:=======
159:>>>>>>> Stashed changes
243:<<<<<<< Updated upstream
245:=======
[0;31m   ❌ FAILED: Merge conflicts detected[0m
[0;32m🔍 Validating: v6/COMMERCIAL_PRINTING.json[0m
[0;32m   ✅ PASSED: File is valid[0m
[0;32m🔍 Validating: v6/COMMUNICATIONS_SERVICES_NEC.json[0m
[0;32m   ✅ PASSED: File is valid[0m
[0;32m🔍 Validating: v6/GASKETS_PACKG-SEALG_DEVICES-RUBBER-PLASTICS_HOSE.json[0m
[0;32m   ✅ PASSED: File is valid[0m
[0;32m🔍 Validating: v6/INDUSTRIAL_TRUCKS_TRACTORS_TRAILORS-STACKERS.json[0m
[0;32m   ✅ PASSED: File is valid[0m
[0;32m🔍 Validating: v6/POTTERY-RELATED_PRODUCTS.json[0m
[0;32m   ✅ PASSED: File is valid[0m
[0;32m🔍 Validating: v6/RETAIL-JEWELRY_STORES.json[0m
[0;32m   ✅ PASSED: File is valid[0m
[0;32m🔍 Validating: v6/SAUSAGES-OTHER_PREPARED_MEAT_PRODUCTS.json[0m
[0;32m   ✅ PASSED: File is valid[0m
[0;32m🔍 Validating: v6/SERVICES-DETECTIVE_GUARD-ARMORED_CAR_SERVICES.json[0m
[0;32m   ✅ PASSED: File is valid[0m
[0;32m🔍 Validating: v6/SWITCHGEAR-SWITCHBOARD_APPARATUS.json[0m
[0;32m   ✅ PASSED: File is valid[0m

[0;31m❌ Commit blocked due to invalid JSON files[0m
❌ JSON validation failed — aborting commit
🧹 Cleaning up staged changes
Unstaged changes after reset:
M	v6/AIR_TRANSPORTATION_SCHEDULED.json
M	v6/COMMERCIAL_PRINTING.json
M	v6/COMMUNICATIONS_SERVICES_NEC.json
M	v6/GASKETS_PACKG-SEALG_DEVICES-RUBBER-PLASTICS_HOSE.json
M	v6/INDUSTRIAL_TRUCKS_TRACTORS_TRAILORS-STACKERS.json
M	v6/POTTERY-RELATED_PRODUCTS.json
M	v6/RETAIL-JEWELRY_STORES.json
M	v6/SAUSAGES-OTHER_PREPARED_MEAT_PRODUCTS.json
M	v6/SERVICES-DETECTIVE_GUARD-ARMORED_CAR_SERVICES.json
M	v6/SWITCHGEAR-SWITCHBOARD_APPARATUS.json
💥 Commit blocked due to invalid JSON files
🧹 Performing final git cleanup on exit...
✅ Final cleanup completed
Cloning into 'GRQ-logs'...
[Develop 2990fac] ip-10-0-41-53 status 1
 1 file changed, 1391 insertions(+)
 create mode 100644 ip-10-0-41-53.log
To github.com:stSoftwareAU/GRQ-logs.git
   a4524cc..2990fac  Develop -> Develop
📦 Cloning GRQ-health
Cloning into 'GRQ-health'...
Updating health information...
Updated health information for ip-10-0-41-53
