================ Clean up START ================
Version 1.3.7
/home/nigel/market/GRQ/worker
Disk usage:
Filesystem                         Size  Used Avail Use% Mounted on
tmpfs                              1.6G  1.5M  1.6G   1% /run
efivarfs                           128K   62K   62K  51% /sys/firmware/efi/efivars
/dev/mapper/ubuntu--vg-ubuntu--lv   98G   12G   82G  13% /
tmpfs                              7.8G     0  7.8G   0% /dev/shm
tmpfs                              5.0M     0  5.0M   0% /run/lock
/dev/nvme0n1p3                     234G   37G  186G  17% /home/nigel/market
/dev/sda2                          2.0G  193M  1.6G  11% /boot
/dev/sda1                          1.1G  6.2M  1.1G   1% /boot/efi
Uptime:  12:31:53 up 27 days, 10:30,  0 user,  load average: 2.75, 5.13, 5.33
USER         PID    PPID COMMAND
nigel    1365361 1365359 /bin/bash -c mkdir -p ~/logs; ~/market/GRQ/run.sh > ~/logs/run.log 2>&1
nigel    1365363 1365361 /bin/bash /home/nigel/market/GRQ/run.sh
nigel    1371074 1365363 /bin/bash worker/node.sh
nigel    1371083 1371074 ps -U nigel -o user,pid,ppid,command
Host: GRQ-15
IP: 10.0.0.247
Number of CPUs: 8
Available Memory: 15Gi
================ Clean up ENDED ================
Use local deno
PATH: /home/nigel/.deno/bin:/usr/local/sbin:/usr/local/bin:/usr/sbin:/usr/bin:/sbin:/bin:/usr/games:/usr/local/games:/snap/bin
deno 2.4.5 (stable, release, x86_64-unknown-linux-gnu)
v8 13.7.152.14-rusty
typescript 5.8.3
worker/node.sh: line 78: aws: command not found
Option: 0
Starting Location... Sat Sep  6 12:31:53 PM UTC 2025
Already up to date.
From github.com:stSoftwareAU/GRQ-location
   1398d077..7522797f  Develop    -> origin/Develop
HEAD is now at 7522797f GRQ-16 Improved location models (GRQ-16)
Reset branch 'Develop'
branch 'Develop' set up to track 'origin/Develop'.
Your branch is up to date with 'origin/Develop'.
✅ GRQ-location synced with remote (validation skipped)
Decompressing training data...
HEAD is now at 777c3def7b REJECTED 40.64% -> -6.46% Delta -47.106
Reset branch 'main'
branch 'main' set up to track 'origin/main'.
Your branch is up to date with 'origin/main'.
✅ GRQ-portfolio synced with remote (validation skipped)
CO , score: 0.9454178324461179
process (poor score) CO , score: 0.9454178324461179 lvl: 2
loaded ../GRQ-portfolio/best/location/v1/CO.json
5 mutations, mutation rate 8.6%, elitism 8, mutation ALL, selection TOURNAMENT
Creature count: 50
Culling duplicate creature at 1 of 51
DeDuplication of 1 creatures to 50 in 324ms (previous experiment )
Discovery 2314b72e scheduled
Training 2314b72e scheduled
Training 2314b72e with 1 binary file, target error: 0.05, iterations: 1, sample rate: 100%, sparse: 100%
Discovery 2314b72e with 1 binary files, sample rate: 100%, batch size: 512
Discovery 2314b72e initialize time 93ms
Discovery 2314b72e processing .trainData-location_88/CO/data.bin
Discovery 2314b72e read time 10ms for .trainData-location_88/CO/data.bin with 4637 records
Discovery 2314b72e scanning time 4s 708ms
Discovery 2314b72e recorded time 6s 145ms
Training 10e4b80b scheduled
Training 10e4b80b with 1 binary file, target error: 0.05, iterations: 1, sample rate: 100%, sparse: 100%
Training 2314b72e completed after 6s 218ms
Training 2314b72e compacted
Compact 2314b72e Score: 0.9449819194598946, Error: 0.054547860555459085 -> 0.05498391354167945, 👿 -0.000436
Trained 2314b72e Score: 0.9433880397825037, Error: 0.054547860555459085 -> 0.05657765321907324, 👿 -0.00203
Training a6e246ef scheduled
Training a6e246ef with 1 binary file, target error: 0.05, iterations: 1, sample rate: 100%, sparse: 100%
Fine tuning increased fitness by 0.0000056935888577136495 to 0.9454793639182668 adjusted 302 weights, 8 biases 
Training 10e4b80b completed after 4s 995ms
Training 10e4b80b compacted
Compact 10e4b80b Score: 0.9450098697083137, Error: 0.05449202267216787 -> 0.05495596329326034, 👿 -0.000464
Trained 10e4b80b Score: 0.9449023727958774, Error: 0.05449202267216787 -> 0.05506332020569964, 👿 -0.000571
Training c294aead scheduled
Training c294aead with 1 binary file, target error: 0.05, iterations: 1, sample rate: 100%, sparse: 100%
Discovered beneficial synapse from b639e95f-bbb7-4baf-8be9-aeb66d0354f5 to 2e7add2b-56d5-4f10-89f1-58ac648f8643 with weight -1.0000, helping 11.4% more records than it harms (2458/4637)
Discovery 2314b72e analyze time 22s 460ms found 1 candidates
Training a6e246ef completed after 4s 938ms
Training a6e246ef compacted
Discovered harmful synapse from input-531 to 2e7add2b-56d5-4f10-89f1-58ac648f8643, harming 12.6% more records than it helps (1901/4637)
Discovery 2314b72e analyze harmful time 1s 836ms found 1 candidates
Discovery 2314b72e analyze squashes time 2s 690ms found 0 candidates
Trained a6e246ef Score: 0.9454082524299838, Error: 0.05448632908331016 -> 0.05455744057159321, 👿 -0.0000711
Compact a6e246ef Score: 0.9449994154034029, Error: 0.05448632908331016 -> 0.054966417598171134, 👿 -0.000480
Discovery e306d8c1 scheduled
Training e306d8c1 scheduled
Training e306d8c1 with 1 binary file, target error: 0.05, iterations: 1, sample rate: 100%, sparse: 100%
Discovery e306d8c1 with 1 binary files, sample rate: 100%, batch size: 512
Discovery e306d8c1 initialize time 83ms
Discovery e306d8c1 processing .trainData-location_88/CO/data.bin
Training c294aead completed after 4s 762ms
Training c294aead compacted
Discovery e306d8c1 read time 4ms for .trainData-location_88/CO/data.bin with 4637 records
Discovery e306d8c1 scanning time 3s 607ms
Discovery e306d8c1 recorded time 5s 748ms
Trained c294aead Score: 0.9454789441207935, Error: 0.05448632859463325 -> 0.05448673888078412, 👿 -4.10e-7
Compact c294aead Score: 0.9449994059016094, Error: 0.05448632859463325 -> 0.05496641709996525, 👿 -0.000480
Training 33487e66 scheduled
Training 33487e66 with 1 binary file, target error: 0.05, iterations: 1, sample rate: 100%, sparse: 100%
Training e306d8c1 completed after 6s 447ms
Training e306d8c1 compacted
Compact e306d8c1 Score: 0.9450378347530952, Error: 0.05447761662008949 -> 0.05492799824847884, 👿 -0.000450
Trained e306d8c1 Score: 0.9093672267608187, Error: 0.05447761662008949 -> 0.09059846624075825, 👿 -0.0361
Training f47336a4 scheduled
Training f47336a4 with 1 binary file, target error: 0.05, iterations: 1, sample rate: 100%, sparse: 100%
Fine tuning increased fitness by 0.000032363622474718134 to 0.9455310549033002 adjusted 301 weights, 8 biases 
Training 33487e66 completed after 5s 167ms
Training 33487e66 compacted
Trained 33487e66 Score: 0.9454983216397743, Error: 0.05446700172075147 -> 0.05446737136180264, 👿 -3.70e-7
Compact 33487e66 Score: 0.9450441117579023, Error: 0.05446700172075147 -> 0.054921721243671805, 👿 -0.000455
Training c3da4cc2 scheduled
Training c3da4cc2 with 1 binary file, target error: 0.05, iterations: 1, sample rate: 100%, sparse: 100%
Fine tuning increased fitness by 0.00003557007103693888 to 0.9455666249743372 adjusted 297 weights, 8 biases 
Training f47336a4 completed after 5s 272ms
Training f47336a4 compacted
Compact f47336a4 Score: 0.9450907065573696, Error: 0.05443463809827713 -> 0.05487512644420483, 👿 -0.000440
Trained f47336a4 Score: 0.9443771891227263, Error: 0.05443463809827713 -> 0.05558850387885106, 👿 -0.00115
Training e954592b scheduled
Training e954592b with 1 binary file, target error: 0.05, iterations: 1, sample rate: 100%, sparse: 100%
Discovered beneficial synapse from 398918b3-56d4-49fb-84bb-6368c3e73a13 to output-0 with weight -1.0000, helping 20.6% more records than it harms (2670/4637)
Discovery e306d8c1 analyze time 24s 757ms found 1 candidates
Training c3da4cc2 completed after 4s 834ms
Training c3da4cc2 compacted
Generation 10 score 0.9455905904797395 (avg: 0.9356) error 0.05437510252183809 avg time 6s 948ms
Discovered harmful synapse from input-531 to 2e7add2b-56d5-4f10-89f1-58ac648f8643, harming 13.3% more records than it helps (1884/4637)
Discovery e306d8c1 analyze harmful time 2s 233ms found 1 candidates
Trained c3da4cc2 Score: 0.9453149187829797, Error: 0.05439906802724056 -> 0.05465077421859813, 👿 -0.000252
Compact c3da4cc2 Score: 0.9451289809643018, Error: 0.05439906802724056 -> 0.054836852037272996, 👿 -0.000438
Training 3995fb57 scheduled
Training 3995fb57 with 1 binary file, target error: 0.05, iterations: 1, sample rate: 100%, sparse: 100%
Discovery e306d8c1 analyze squashes time 2s 650ms found 1 candidate, Summary: output-0 HARD_TANH -> COMPLEMENT improved: 100.0% error: 2.829815110051475e+25 -> 5.4887
Remove neuron f71c6b60-c826-41e2-9a70-8800e4827717-1592 as no longer connected
Training e954592b completed after 5s 180ms
Training e954592b compacted
Compact e954592b Score: 0.9451367543594692, Error: 0.05437510252183809 -> 0.05482907864210535, 👿 -0.000454
Trained e954592b Score: 0.9353485550805832, Error: 0.05437510252183809 -> 0.06461713792099437, 👿 -0.0102
Discovery f4e6a609 scheduled
Training f4e6a609 scheduled
Training f4e6a609 with 1 binary file, target error: 0.05, iterations: 1, sample rate: 100%, sparse: 100%
Discovery f4e6a609 with 1 binary files, sample rate: 100%, batch size: 512
Discovery f4e6a609 initialize time 84ms
Discovery f4e6a609 processing .trainData-location_88/CO/data.bin
Fine tuning increased fitness by 0.000011334215703096007 to 0.9456080397409597 adjusted 269 weights, 8 biases 
Training 3995fb57 completed after 5s 496ms
Training 3995fb57 compacted
Over populated 54, expected 50.
Discovery f4e6a609 read time 8ms for .trainData-location_88/CO/data.bin with 4637 records
Discovery f4e6a609 scanning time 3s 701ms
Discovery f4e6a609 recorded time 5s 949ms
Compact 3995fb57 Score: 0.9451823462516422, Error: 0.05436898747632073 -> 0.054783486749932206, 👿 -0.000414
Trained 3995fb57 Score: 0.9030021763481749, Error: 0.05436898747632073 -> 0.09696351665340246, 👿 -0.0426
Training 459e863e scheduled
Training 459e863e with 1 binary file, target error: 0.05, iterations: 1, sample rate: 100%, sparse: 100%
Training f4e6a609 completed after 5s 864ms
Training f4e6a609 compacted
Compact f4e6a609 Score: 0.9451120107567544, Error: 0.05435765326061736 -> 0.0548538222448197, 👿 -0.000496
Trained f4e6a609 Score: 0.8860873771588609, Error: 0.05435765326061736 -> 0.11387831584271624, 👿 -0.0595
Training f5fd23f8 scheduled
Training f5fd23f8 with 1 binary file, target error: 0.05, iterations: 1, sample rate: 100%, sparse: 100%
Training 459e863e completed after 4s 977ms
Training 459e863e compacted
Discovered beneficial synapse from input-523 to 2e7add2b-56d5-4f10-89f1-58ac648f8643 with weight 1.0000, helping 12.1% more records than it harms (2473/4637)
Discovery f4e6a609 analyze time 13s 26ms found 1 candidates
Compact 459e863e Score: 0.9451736538486115, Error: 0.05435765151264114 -> 0.05479216915296328, 👿 -0.000435
Trained 459e863e Score: 0.9320390331886557, Error: 0.05435765151264114 -> 0.0679266498129221, 👿 -0.0136
Training 8f60e579 scheduled
Training 8f60e579 with 1 binary file, target error: 0.05, iterations: 1, sample rate: 100%, sparse: 100%
Discovered harmful synapse from input-531 to 2e7add2b-56d5-4f10-89f1-58ac648f8643, harming 13.5% more records than it helps (1881/4637)
Discovery f4e6a609 analyze harmful time 2s 688ms found 1 candidates
Discovery f4e6a609 analyze squashes time 1s 311ms found 0 candidates
Training f5fd23f8 completed after 5s 174ms
Training f5fd23f8 compacted
Compact f5fd23f8 Score: 0.9451688146686847, Error: 0.05435209557430547 -> 0.05479701833288987, 👿 -0.000445
Trained f5fd23f8 Score: 0.9424661780931428, Error: 0.05435209557430547 -> 0.057499514908434725, 👿 -0.00315
Discovery 59e4cd2a scheduled
Training 59e4cd2a scheduled
Training 59e4cd2a with 1 binary file, target error: 0.05, iterations: 1, sample rate: 100%, sparse: 100%
Discovery 59e4cd2a with 1 binary files, sample rate: 100%, batch size: 512
Discovery 59e4cd2a initialize time 79ms
Discovery 59e4cd2a processing .trainData-location_88/CO/data.bin
Training 8f60e579 completed after 5s 205ms
Training 8f60e579 compacted
Over populated 52, expected 50.
Discovery 59e4cd2a read time 9ms for .trainData-location_88/CO/data.bin with 4637 records
Discovery 59e4cd2a scanning time 3s 808ms
Discovery 59e4cd2a recorded time 5s 883ms
Compact 8f60e579 Score: 0.9451410793337853, Error: 0.054352095548251614 -> 0.05482474366778994, 👿 -0.000473
Trained 8f60e579 Score: 0.9058845413562954, Error: 0.054352095548251614 -> 0.09408114164528276, 👿 -0.0397
Training b0036294 scheduled
Training b0036294 with 1 binary file, target error: 0.05, iterations: 1, sample rate: 100%, sparse: 100%
Fine tuning increased fitness by 3.395107479597925e-7 to 0.9456141561988588 adjusted 63 weights, 1 bias 
Training 59e4cd2a completed after 5s 913ms
Training 59e4cd2a compacted
Compact 59e4cd2a Score: 0.9451730963247702, Error: 0.054351876313466586 -> 0.054792736676804156, 👿 -0.000441
Trained 59e4cd2a Score: 0.9350488088360084, Error: 0.054351876313466586 -> 0.06491688416556911, 👿 -0.0106
Training 9b01a270 scheduled
Training 9b01a270 with 1 binary file, target error: 0.05, iterations: 1, sample rate: 100%, sparse: 100%
Fine tuning increased fitness by 7.910738437644227e-7 to 0.9456149472727026 adjusted 63 weights, 1 bias 
Training b0036294 completed after 5s 67ms
Training b0036294 compacted
Discovered beneficial synapse from input-523 to 2e7add2b-56d5-4f10-89f1-58ac648f8643 with weight 1.0000, helping 12.1% more records than it harms (2473/4637)
Discovery 59e4cd2a analyze time 12s 566ms found 1 candidates
Discovered harmful synapse from input-531 to 2e7add2b-56d5-4f10-89f1-58ac648f8643, harming 13.6% more records than it helps (1878/4637)
Discovery 59e4cd2a analyze harmful time 2s 725ms found 1 candidates
Compact b0036294 Score: 0.9451736408619943, Error: 0.054351536802718654 -> 0.05479219213958006, 👿 -0.000441
Trained b0036294 Score: 0.932929557924489, Error: 0.054351536802718654 -> 0.06703613507708846, 👿 -0.0127
Training 28462be3 scheduled
Training 28462be3 with 1 binary file, target error: 0.05, iterations: 1, sample rate: 100%, sparse: 100%
Discovery 59e4cd2a analyze squashes time 1s 542ms found 0 candidates
Training 9b01a270 completed after 5s 158ms
Training 9b01a270 compacted
Compact 9b01a270 Score: 0.945183005669426, Error: 0.054350745728874834 -> 0.05478282733214837, 👿 -0.000432
Trained 9b01a270 Score: 0.9115179847374788, Error: 0.054350745728874834 -> 0.08844770826409859, 👿 -0.0341
Discovery cb9423ad scheduled
Training cb9423ad scheduled
Training cb9423ad with 1 binary file, target error: 0.05, iterations: 1, sample rate: 100%, sparse: 100%
Discovery cb9423ad with 1 binary files, sample rate: 100%, batch size: 512
Discovery cb9423ad initialize time 94ms
Discovery cb9423ad processing .trainData-location_88/CO/data.bin
Fine tuning increased fitness by 0.0000026670215876878345 to 0.9456302983781588 adjusted 6 weights 
Training 28462be3 completed after 5s 313ms
Training 28462be3 compacted
Over populated 52, expected 50.
Generation 20 score 0.9456302983781588 (avg: 0.9390) error 0.054335364623420486 avg time 7s 66ms
Discovery cb9423ad read time 14ms for .trainData-location_88/CO/data.bin with 4637 records
Discovery cb9423ad scanning time 3s 761ms
Discovery cb9423ad recorded time 5s 932ms
Compact 28462be3 Score: 0.9451939541788495, Error: 0.05433804164500757 -> 0.054771858822726206, 👿 -0.000434
Trained 28462be3 Score: 0.9280159728342038, Error: 0.05433804164500757 -> 0.07194970016737492, 👿 -0.0176
Training 28d18fef scheduled
Training 28d18fef with 1 binary file, target error: 0.05, iterations: 1, sample rate: 100%, sparse: 100%
Training cb9423ad completed after 6s 64ms
Training cb9423ad compacted
Compact cb9423ad Score: 0.9451944248288152, Error: 0.054335364623420486 -> 0.054771378172760996, 👿 -0.000436
Trained cb9423ad Score: 0.9070165197539531, Error: 0.054335364623420486 -> 0.0929491432476262, 👿 -0.0386
Training 82b54d82 scheduled
Training 82b54d82 with 1 binary file, target error: 0.05, iterations: 1, sample rate: 100%, sparse: 100%
Fine tuning increased fitness by 0.0000311268384541874 to 0.9456846056933466 adjusted 38 weights 
Remove neuron 6cad8644-102a-4b3e-a622-3d2db93dca1f as no longer connected
Training 28d18fef completed after 5s 79ms
Training 28d18fef compacted
Discovered beneficial synapse from 6cad8644-102a-4b3e-a622-3d2db93dca1f to 2e7add2b-56d5-4f10-89f1-58ac648f8643 with weight 1.0000, helping 12.4% more records than it harms (2481/4637)
Discovery cb9423ad analyze time 13s 84ms found 1 candidates
Compact 28d18fef Score: 0.9452181292430857, Error: 0.054312184146686975 -> 0.05474767375849058, 👿 -0.000435
Trained 28d18fef Score: 0.9428746033800098, Error: 0.054312184146686975 -> 0.057091059621569504, 👿 -0.00278
Training 547bca10 scheduled
Training 547bca10 with 1 binary file, target error: 0.05, iterations: 1, sample rate: 100%, sparse: 100%
Discovered harmful synapse from input-531 to 2e7add2b-56d5-4f10-89f1-58ac648f8643, harming 13.9% more records than it helps (1871/4637)
Discovery cb9423ad analyze harmful time 2s 461ms found 1 candidates
Fine tuning increased fitness by 0.00013906461834478634 to 0.9458236703116913 adjusted 38 weights 
Discovery cb9423ad analyze squashes time 1s 720ms found 1 candidate, Summary: output-0 HARD_TANH -> COMPLEMENT improved: 100.0% error: 2.8299838342996876e+25 -> 5.4998
Training 82b54d82 completed after 5s 175ms
Training 82b54d82 compacted
Compact 82b54d82 Score: 0.945247260183424, Error: 0.054281057308232766 -> 0.05471854281815222, 👿 -0.000437
Trained 82b54d82 Score: 0.9438823881902946, Error: 0.054281057308232766 -> 0.056083274811284764, 👿 -0.00180
Discovery cfebe081 scheduled
Training cfebe081 scheduled
Training cfebe081 with 1 binary file, target error: 0.05, iterations: 1, sample rate: 100%, sparse: 100%
Discovery cfebe081 with 1 binary files, sample rate: 100%, batch size: 512
Discovery cfebe081 initialize time 94ms
Discovery cfebe081 processing .trainData-location_88/CO/data.bin
Fine tuning increased fitness by 0.00017320459703873414 to 0.9459968749087301 adjusted 38 weights 
Training 547bca10 completed after 5s 764ms
Training 547bca10 compacted
Over populated 56, expected 50.
Discovery cfebe081 read time 6ms for .trainData-location_88/CO/data.bin with 4637 records
Discovery cfebe081 scanning time 3s 941ms
Discovery cfebe081 recorded time 5s 851ms
Compact 547bca10 Score: 0.9453873577025091, Error: 0.054141992689887876 -> 0.05457844529906706, 👿 -0.000436
Fine 547bca10 Score: 0.9200430892508165, Error: 0.054141992689887876 -> 0.07992257375076275, 👿 -0.0258, Variant: overshot
Trained 547bca10 Score: 0.9139158316877941, Error: 0.054141992689887876 -> 0.08604983131378513, 👿 -0.0319
Fine 547bca10 Score: 0.86546915489973, Error: 0.054141992689887876 -> 0.1344965081018492, 👿 -0.0804, Variant: undershot
Training b8f72d43 scheduled
Training b8f72d43 with 1 binary file, target error: 0.05, iterations: 1, sample rate: 100%, sparse: 100%
Training cfebe081 completed after 6s 537ms
Training cfebe081 compacted
Compact cfebe081 Score: 0.9454832656324081, Error: 0.053968788092849065 -> 0.05448253736916792, 👿 -0.000514
Trained cfebe081 Score: 0.8393044113305201, Error: 0.053968788092849065 -> 0.1606612516710591, 👿 -0.107
Training f8d017b8 scheduled
Training f8d017b8 with 1 binary file, target error: 0.05, iterations: 1, sample rate: 100%, sparse: 100%
Fine tuning increased fitness by 0.0000028222225487706254 to 0.9461455437092302 adjusted 38 weights 
Training b8f72d43 completed after 5s 421ms
Training b8f72d43 compacted
Compact b8f72d43 Score: 0.9456957415838694, Error: 0.0538229415148975 -> 0.05427006141770665, 👿 -0.000447
Trained b8f72d43 Score: 0.9236097809601777, Error: 0.0538229415148975 -> 0.07635588204140131, 👿 -0.0225
Training b0aa0c93 scheduled
Training b0aa0c93 with 1 binary file, target error: 0.05, iterations: 1, sample rate: 100%, sparse: 100%
Training f8d017b8 completed after 5s 110ms
Training f8d017b8 compacted
Trained f8d017b8 Score: 0.945907121766651, Error: 0.05382011929234892 -> 0.054058541234928, 👿 -0.000238
Compact f8d017b8 Score: 0.9456888710619008, Error: 0.05382011929234892 -> 0.054276931939675206, 👿 -0.000457
Training d3825bd3 scheduled
Training d3825bd3 with 1 binary file, target error: 0.05, iterations: 1, sample rate: 100%, sparse: 100%
Discovered beneficial synapse from input-549 to 68f20a9e-95d9-47df-a553-615971617519 with weight -1.0000, helping 12.6% more records than it harms (2484/4637)
Discovery cfebe081 analyze time 23s 953ms found 1 candidates
Training b0aa0c93 completed after 5s 137ms
Training b0aa0c93 compacted
Discovered harmful synapse from 67c729ec-1c30-4f3e-8494-d2d8244fc9fb to output-0, harming 17.6% more records than it helps (1785/4637)
Discovery cfebe081 analyze harmful time 2s 524ms found 1 candidates
Discovery cfebe081 analyze squashes time 2s 788ms found 1 candidate, Summary: output-0 HARD_TANH -> COMPLEMENT improved: 100.0% error: 2.831282983047612e+25 -> 5.4860
Compact b0aa0c93 Score: 0.9456954887767498, Error: 0.053811324053995926 -> 0.05427031422482626, 👿 -0.000459
Trained b0aa0c93 Score: 0.9340477764164196, Error: 0.053811324053995926 -> 0.06591788658515957, 👿 -0.0121
Training 1f8e818b scheduled
Training 1f8e818b with 1 binary file, target error: 0.05, iterations: 1, sample rate: 100%, sparse: 100%
Training d3825bd3 completed after 5s 596ms
Training d3825bd3 compacted
Compact d3825bd3 Score: 0.9457127229313119, Error: 0.05380363028608084 -> 0.054253080070264054, 👿 -0.000449
Trained d3825bd3 Score: 0.9438737311607241, Error: 0.05380363028608084 -> 0.05609193184085479, 👿 -0.00229
Discovery 11bd3e5c scheduled
Training 11bd3e5c scheduled
Training 11bd3e5c with 1 binary file, target error: 0.05, iterations: 1, sample rate: 100%, sparse: 100%
Discovery 11bd3e5c with 1 binary files, sample rate: 100%, batch size: 512
Discovery 11bd3e5c initialize time 87ms
Discovery 11bd3e5c processing .trainData-location_88/CO/data.bin
Training 1f8e818b completed after 5s 148ms
Training 1f8e818b compacted
Over populated 53, expected 50.
Generation 30 score 0.9461691464075628 (avg: 0.9437) error 0.053796516594016214 avg time 6s 978ms
Discovery 11bd3e5c read time 7ms for .trainData-location_88/CO/data.bin with 4637 records
Discovery 11bd3e5c scanning time 3s 731ms
Discovery 11bd3e5c recorded time 5s 832ms
Trained 1f8e818b Score: 0.9459439022402055, Error: 0.053799366496845594 -> 0.05402176076137348, 👿 -0.000222
Compact 1f8e818b Score: 0.9457122093440804, Error: 0.053799366496845594 -> 0.054253593657495616, 👿 -0.000454
Training 11bd3e5c completed after 5s 618ms
Training 11bd3e5c compacted
Compact 11bd3e5c Score: 0.9457199945043657, Error: 0.053796516594016214 -> 0.054245808497210266, 👿 -0.000449
Trained 11bd3e5c Score: 0.9392628084628105, Error: 0.053796516594016214 -> 0.06070285453876843, 👿 -0.00691
Discovered beneficial synapse from input-523 to 2e7add2b-56d5-4f10-89f1-58ac648f8643 with weight 1.0000, helping 12.2% more records than it harms (2477/4637)
Discovery 11bd3e5c analyze time 13s 262ms found 1 candidates
Fine tuning increased fitness by 0.000002306252903871986 to 0.9461734197716969 adjusted 10 weights 
Discovered harmful synapse from input-530 to 2e7add2b-56d5-4f10-89f1-58ac648f8643, harming 13.1% more records than it helps (1890/4637)
Discovery 11bd3e5c analyze harmful time 1s 522ms found 1 candidates
Discovery 11bd3e5c analyze squashes time 1s 475ms found 1 candidate, Summary: output-0 HARD_TANH -> COMPLEMENT improved: 100.0% error: 2.829789412185946e+25 -> 5.4828
Fine tuning increased fitness by 0.000004591949618104607 to 0.946178011721315 adjusted 10 weights 
Fine tuning increased fitness by 0.000008520166513870109 to 0.9461865318878289 adjusted 10 weights 
Generation 35 score 0.9461865318878289 (avg: -3.850049094994214e+23) error 0.05377913111375009 avg time 3s 105ms
{
  error: 0.05377913111375009,
  score: 0.9461865318878289,
  generation: 35,
  time: 241508,
  startScore: 0.9454178324461179
}
SMALL_STATE , score: 0.9517713398893074
process (poor score) SMALL_STATE , score: 0.9517713398893074 lvl: 2
loaded ../GRQ-portfolio/best/location/v1/SMALL_STATE.json
8 mutations, mutation rate 5.0%, elitism 7, mutation FFW, selection FITNESS_PROPORTIONATE
Creature count: 50
Culling duplicate creature at 1 of 51
DeDuplication of 1 creatures to 50 in 154ms (previous experiment )
Discovery ee8230ef scheduled
Training ee8230ef scheduled
Training ee8230ef with 1 binary file, target error: 0.05, iterations: 1, sample rate: 100%, sparse: 100%
Discovery ee8230ef with 1 binary files, sample rate: 100%, batch size: 512
Discovery ee8230ef initialize time 81ms
Discovery ee8230ef processing .trainData-location_88/SMALL_STATE/data.bin
Generation 1 score 0.9517713398893074 (avg: 0.5967) error 0.04819046011271897 avg time 782ms
Set training/discovery clean up count to 2
Waiting for discovery to complete
Discovery ee8230ef read time 10ms for .trainData-location_88/SMALL_STATE/data.bin with 4637 records
Discovery ee8230ef scanning time 4s 811ms
Discovery ee8230ef recorded time 6s 841ms
Fine tuning increased fitness by 0.0000024843243632277634 to 0.9517738242136706 adjusted 1 weight 
Generation 2 score 0.9517738242136706 (avg: 0.3821) error 0.04818797578835578 avg time 645ms
Waiting for discovery to complete
Fine tuning increased fitness by 0.000007780254252187646 to 0.9517816044679228 adjusted 1 weight 
Training ee8230ef completed after 7s 833ms
Training ee8230ef compacted
Generation 3 score 0.9517816044679228 (avg: 0.6495) error 0.04818019553410361 avg time 514ms
Waiting for discovery to complete
Compact ee8230ef Score: 0.9517427186176414, Error: 0.04819046011271897 -> 0.048219201384382876, 👿 -0.0000287
Trained ee8230ef Score: 0.9494941173219975, Error: 0.04819046011271897 -> 0.05046768268002883, 👿 -0.00228
Fine tuning increased fitness by 0.000012255733984112283 to 0.9517938602019069 adjusted 1 weight 
Generation 4 score 0.9517938602019069 (avg: 0.8115) error 0.04816793980011945 avg time 546ms
Waiting for discovery to complete
Fine tuning increased fitness by 0.000014509771951720651 to 0.9518083699738586 adjusted 1 weight 
Generation 5 score 0.9518083699738586 (avg: 0.9157) error 0.048153430028167604 avg time 512ms
Waiting for discovery to complete
Fine tuning increased fitness by 0.000003350387426825918 to 0.9518117203612855 adjusted 1 weight 
Generation 6 score 0.9518117203612855 (avg: 0.9254) error 0.04815007964074069 avg time 564ms
Waiting for discovery to complete
Fine tuning increased fitness by 2.4501243811592133e-8 to 0.9518117448625293 adjusted 1 weight 
Generation 7 score 0.9518117448625293 (avg: 0.9480) error 0.04815005513949688 avg time 540ms
Waiting for discovery to complete
Generation 8 score 0.9518117448625293 (avg: 0.9505) error 0.04815005513949688 avg time 493ms
Waiting for discovery to complete
Generation 9 score 0.9518117448625293 (avg: 0.9508) error 0.04815005513949688 avg time 598ms
Waiting for discovery to complete
Discovered beneficial synapse from input-11 to 272f819a-42e6-4089-98d8-767b76746c27 with weight -1.0000, helping 60.7% more records than it harms (2906/4637)
Discovery ee8230ef analyze time 45s 250ms found 1 candidates
Generation 10 score 0.951817306162379 (avg: 0.9487) error 0.04814224383954876 avg time 546ms
Waiting for discovery to complete
Discovery ee8230ef analyze harmful time 2s 592ms found 0 candidates
Fine tuning increased fitness by 0.0000031172372308985175 to 0.9518204233996099 adjusted 2 weights 
Discovery ee8230ef analyze squashes time 2s 535ms found 0 candidates
Generation 11 score 0.9518204233996099 (avg: 0.9496) error 0.0481391066023192 avg time 590ms
Waiting for discovery to complete
Fine tuning increased fitness by 2.3463305709459092e-7 to 0.951820658032667 adjusted 2 weights 
Generation 12 score 0.951820658032667 (avg: 0.9506) error 0.0481388719692621 avg time 626ms
Waiting for training/discovery clean up 2
Generation 13 score 0.9518210774024767 (avg: 0.8925) error 0.048138452599452444 avg time 567ms
Waiting for training/discovery clean up 1
Fine tuning increased fitness by 2.0137909351181094e-7 to 0.9518212787815702 adjusted 65 weights, 1 bias 
Generation 14 score 0.9518212787815702 (avg: 0.9494) error 0.04813825122035892 avg time 591ms
{
  error: 0.04813825122035892,
  score: 0.9518212787815702,
  generation: 14,
  time: 81522,
  startScore: 0.9517713398893074
}
MO , score: 0.9473301474677595
process (poor score) MO , score: 0.9473301474677595 lvl: 2
loaded ../GRQ-portfolio/best/location/v1/MO.json
8 mutations, mutation rate 5.0%, elitism 9, mutation FFW, selection FITNESS_PROPORTIONATE
Creature count: 50
Culling duplicate creature at 1 of 51
DeDuplication of 1 creatures to 50 in 146ms (previous experiment )
Discovery 88598a10 scheduled
Training 88598a10 scheduled
Training 88598a10 with 1 binary file, target error: 0.05, iterations: 1, sample rate: 100%, sparse: 100%
Discovery 88598a10 with 1 binary files, sample rate: 100%, batch size: 512
Discovery 88598a10 initialize time 79ms
Discovery 88598a10 processing .trainData-location_88/MO/data.bin
Discovery 88598a10 read time 12ms for .trainData-location_88/MO/data.bin with 4637 records
Discovery 88598a10 scanning time 5s 63ms
Discovery 88598a10 recorded time 6s 675ms
Fine tuning increased fitness by 0.000002916902999694493 to 0.9473330643707591 adjusted 71 weights, 1 bias 
Training 808dfae7 scheduled
Training 808dfae7 with 1 binary file, target error: 0.05, iterations: 1, sample rate: 100%, sparse: 100%
Fine tuning increased fitness by 9.262883828853319e-7 to 0.947333990659142 adjusted 71 weights, 1 bias 
Training 88598a10 completed after 7s 396ms
Training 88598a10 compacted
Trained 88598a10 Score: 0.9447816713864319, Error: 0.05263573553416066 -> 0.055184211615488275, 👿 -0.00255
Compact 88598a10 Score: 0.9255787528170143, Error: 0.05263573553416066 -> 0.07438754018488254, 👿 -0.0218
Fine tuning increased fitness by 3.4699944728711074e-7 to 0.9473343376585893 adjusted 71 weights, 1 bias 
Training ae53b915 scheduled
Training ae53b915 with 1 binary file, target error: 0.05, iterations: 1, sample rate: 100%, sparse: 100%
Training 808dfae7 completed after 6s 913ms
Training 808dfae7 compacted
Trained 808dfae7 Score: 0.9451045399209242, Error: 0.05263189234277842 -> 0.054861343080996175, 👿 -0.00223
Compact 808dfae7 Score: 0.9255672134579928, Error: 0.05263189234277842 -> 0.0743990795439044, 👿 -0.0218
Training b0831440 scheduled
Training b0831440 with 1 binary file, target error: 0.05, iterations: 1, sample rate: 100%, sparse: 100%
Discovered beneficial synapse from edc0190a-546c-4622-b145-b454e1ef411f to 6a9f167f-e968-443c-80df-6b4b4d4b6f41 with weight -1.0000, helping 50.1% more records than it harms (3351/4637)
Discovery 88598a10 analyze time 25s 903ms found 1 candidates
Discovered harmful synapse from 62033b66-82ad-4410-9780-ca28131cd263 to 9e990a04-47a0-45c6-8d56-3aab4c0e8388, harming 24.9% more records than it helps (1149/4637)
Discovery 88598a10 analyze harmful time 1s 409ms found 1 candidates
Training ae53b915 completed after 6s 952ms
Training ae53b915 compacted
Discovery 88598a10 analyze squashes time 1s 429ms found 0 candidates
Trained ae53b915 Score: 0.9399571813296302, Error: 0.0526293652671204 -> 0.06000870167229041, 👿 -0.00738
Compact ae53b915 Score: 0.9255873242818922, Error: 0.0526293652671204 -> 0.07437896872000523, 👿 -0.0217
Discovery 0a4eceb8 scheduled
Discovery 0a4eceb8 with 1 binary files, sample rate: 100%, batch size: 512
Discovery 0a4eceb8 initialize time 92ms
Discovery 0a4eceb8 processing .trainData-location_88/MO/data.bin
Discovery 0a4eceb8 read time 7ms for .trainData-location_88/MO/data.bin with 4637 records
Discovery 0a4eceb8 scanning time 5s 282ms
Training 0176152c scheduled
Training 0176152c with 1 binary file, target error: 0.05, iterations: 1, sample rate: 100%, sparse: 100%
Discovery 0a4eceb8 recorded time 6s 852ms
Fine tuning increased fitness by 0.00003475693623022913 to 0.947476307906485 adjusted 69 weights 
Training b0831440 completed after 6s 946ms
Training b0831440 compacted
Trained b0831440 Score: 0.9449339469865833, Error: 0.05258381714236912 -> 0.0550318360155119, 👿 -0.00245
Compact b0831440 Score: 0.925613120395941, Error: 0.05258381714236912 -> 0.07435307260612872, 👿 -0.0218
Training bb208b26 scheduled
Training bb208b26 with 1 binary file, target error: 0.05, iterations: 1, sample rate: 100%, sparse: 100%
Training 0176152c completed after 7s 236ms
Training 0176152c compacted
Over populated 52, expected 50.
Generation 10 score 0.9474766496067113 (avg: 0.9396) error 0.05248911339481497 avg time 6s 610ms
Fine 0176152c Score: 0.9463994846968672, Error: 0.0524894550950175 -> 0.0535662783044079, 👿 -0.00108, Variant: undershot
Fine 0176152c Score: 0.9460652621783076, Error: 0.0524894550950175 -> 0.053900500823029565, 👿 -0.00141, Variant: overshot
Trained 0176152c Score: 0.9459209015932241, Error: 0.0524894550950175 -> 0.05404486140858851, 👿 -0.00156
Compact 0176152c Score: 0.9257205810979898, Error: 0.0524894550950175 -> 0.07424559190349442, 👿 -0.0218
Training 70ae762e scheduled
Training 70ae762e with 1 binary file, target error: 0.05, iterations: 1, sample rate: 100%, sparse: 100%
Fine tuning increased fitness by 5.918383660930004e-7 to 0.9474787113330715 adjusted 69 weights, 1 bias 
Training bb208b26 completed after 7s 351ms
Training bb208b26 compacted
Fine bb208b26 Score: 0.9449841254017808, Error: 0.05248911339481497 -> 0.05498163760000522, 👿 -0.00249, Variant: overshot
Trained bb208b26 Score: 0.9402475415393796, Error: 0.05248911339481497 -> 0.059718221462433045, 👿 -0.00723
Compact bb208b26 Score: 0.925709523078147, Error: 0.05248911339481497 -> 0.07425664992336092, 👿 -0.0218
Fine bb208b26 Score: 0.9153476481840648, Error: 0.05248911339481497 -> 0.08461811481736, 👿 -0.0321, Variant: undershot
Training 86760a62 scheduled
Training 86760a62 with 1 binary file, target error: 0.05, iterations: 1, sample rate: 100%, sparse: 100%
Training 70ae762e completed after 7s 183ms
Training 70ae762e compacted
Over populated 52, expected 50.
Fine 70ae762e Score: 0.9452507796307921, Error: 0.05248705166812823 -> 0.054714983370161153, 👿 -0.00223, Variant: overshot
Trained 70ae762e Score: 0.943673292800311, Error: 0.05248705166812823 -> 0.05629247020150167, 👿 -0.00381
Fine 70ae762e Score: 0.933510550153496, Error: 0.05248705166812823 -> 0.06645521284729561, 👿 -0.0140, Variant: undershot
Compact 70ae762e Score: 0.9257254211473703, Error: 0.05248705166812823 -> 0.07424075185381493, 👿 -0.0218
Training 6b516b04 scheduled
Training 6b516b04 with 1 binary file, target error: 0.05, iterations: 1, sample rate: 100%, sparse: 100%
Discovered beneficial synapse from input-1334 to 5095092c-852f-4e3c-802c-911bf36f4f55 with weight 1.0000, helping 67.7% more records than it harms (3259/4637)
Discovery 0a4eceb8 analyze time 49s 899ms found 1 candidates
Training 86760a62 completed after 7s 140ms
Training 86760a62 compacted
Over populated 52, expected 50.
Discovered harmful synapse from 62033b66-82ad-4410-9780-ca28131cd263 to 9e990a04-47a0-45c6-8d56-3aab4c0e8388, harming 24.8% more records than it helps (1152/4637)
Discovery 0a4eceb8 analyze harmful time 2s 381ms found 1 candidates
Discovery 0a4eceb8 analyze squashes time 2s 703ms found 0 candidates
Fine 86760a62 Score: 0.9432568245566313, Error: 0.05248649178421367 -> 0.056708938445181274, 👿 -0.00422, Variant: overshot
Trained 86760a62 Score: 0.9370460159382145, Error: 0.05248649178421367 -> 0.06291974706359826, 👿 -0.0104
Compact 86760a62 Score: 0.9257333446800213, Error: 0.05248649178421367 -> 0.07423282832176942, 👿 -0.0217
Fine 86760a62 Score: 0.9080484656984475, Error: 0.05248649178421367 -> 0.09191729730336509, 👿 -0.0394, Variant: undershot
Discovery f31b19a9 scheduled
Training f31b19a9 scheduled
Training f31b19a9 with 1 binary file, target error: 0.05, iterations: 1, sample rate: 100%, sparse: 100%
Discovery f31b19a9 with 1 binary files, sample rate: 100%, batch size: 512
Discovery f31b19a9 initialize time 83ms
Discovery f31b19a9 processing .trainData-location_88/MO/data.bin
Training 6b516b04 completed after 7s 338ms
Training 6b516b04 compacted
Over populated 52, expected 50.
Discovery f31b19a9 read time 12ms for .trainData-location_88/MO/data.bin with 4637 records
Discovery f31b19a9 scanning time 5s 695ms
Discovery f31b19a9 recorded time 7s 242ms
Trained 6b516b04 Score: 0.9458767608973494, Error: 0.05248497968114086 -> 0.05408900210446333, 👿 -0.00160
Compact 6b516b04 Score: 0.9257287715289968, Error: 0.05248497968114086 -> 0.07423740147279403, 👿 -0.0218
Training a288e4cf scheduled
Training a288e4cf with 1 binary file, target error: 0.05, iterations: 1, sample rate: 100%, sparse: 100%
Fine tuning increased fitness by 5.381151153560637e-7 to 0.9474820885302749 adjusted 678 weights, 18 biases 
Training f31b19a9 completed after 7s 618ms
Training f31b19a9 compacted
Trained f31b19a9 Score: 0.9464667057702701, Error: 0.05248421258665313 -> 0.05349905723154253, 👿 -0.00101
Compact f31b19a9 Score: 0.9257306247487912, Error: 0.05248421258665313 -> 0.07423554825299956, 👿 -0.0218
Fine tuning increased fitness by 2.610742937392274e-7 to 0.9474823496045687 adjusted 678 weights, 18 biases 
Training 0e973cba scheduled
Training 0e973cba with 1 binary file, target error: 0.05, iterations: 1, sample rate: 100%, sparse: 100%
Fine tuning increased fitness by 4.37147060328158e-7 to 0.947482786751629 adjusted 678 weights, 18 biases 
Training a288e4cf completed after 7s 307ms
Training a288e4cf compacted
Trained a288e4cf Score: 0.9378542624933386, Error: 0.05248367447153777 -> 0.062111500508474096, 👿 -0.00963
Compact a288e4cf Score: 0.9257315411703835, Error: 0.05248367447153777 -> 0.07423463183140727, 👿 -0.0218
Fine tuning increased fitness by 0.000001052352276431634 to 0.9474838391039054 adjusted 678 weights, 18 biases 
Generation 20 score 0.9474838391039054 (avg: 0.9349) error 0.05248192389790732 avg time 7s 142ms
Discovered beneficial synapse from 19b7552c-d53b-4496-8b15-d6f1af22745f to 9e990a04-47a0-45c6-8d56-3aab4c0e8388 with weight 1.0000, helping 42.3% more records than it harms (2775/4637)
Discovery f31b19a9 analyze time 25s 721ms found 1 candidates
Training 02fd222d scheduled
Training 02fd222d with 1 binary file, target error: 0.05, iterations: 1, sample rate: 100%, sparse: 100%
Discovered harmful synapse from 62033b66-82ad-4410-9780-ca28131cd263 to 9e990a04-47a0-45c6-8d56-3aab4c0e8388, harming 25.0% more records than it helps (1147/4637)
Discovery f31b19a9 analyze harmful time 2s 609ms found 1 candidates
Fine tuning increased fitness by 0.0000011135503231729516 to 0.9474849526542286 adjusted 678 weights, 18 biases 
Discovery f31b19a9 analyze squashes time 1s 331ms found 0 candidates
Training 0e973cba completed after 7s 512ms
Training 0e973cba compacted
Over populated 52, expected 50.
Compact 0e973cba Score: 0.925732245637123, Error: 0.05248297625018371 -> 0.0742339273646678, 👿 -0.0218
Fine 0e973cba Score: 0.8460706115297114, Error: 0.05248297625018371 -> 0.15389515147210128, 👿 -0.101, Variant: overshot
Fine 0e973cba Score: 0.8259411310817638, Error: 0.05248297625018371 -> 0.17402463192004883, 👿 -0.122, Variant: undershot
Trained 0e973cba Score: 0.6975386369666431, Error: 0.05248297625018371 -> 0.30242712603516975, 👿 -0.250
Discovery 89cd2345 scheduled
Discovery 89cd2345 with 1 binary files, sample rate: 100%, batch size: 512
Discovery 89cd2345 initialize time 89ms
Discovery 89cd2345 processing .trainData-location_88/MO/data.bin
Fine tuning increased fitness by 0.0000015376514849174683 to 0.9474864903057135 adjusted 678 weights, 18 biases 
Discovery 89cd2345 read time 9ms for .trainData-location_88/MO/data.bin with 4637 records
Discovery 89cd2345 scanning time 4s 489ms
Discovery 89cd2345 recorded time 6s 518ms
Training 5993717b scheduled
Training 5993717b with 1 binary file, target error: 0.05, iterations: 1, sample rate: 100%, sparse: 100%
Fine tuning increased fitness by 0.000001732996516512486 to 0.94748822330223 adjusted 678 weights, 18 biases 
Training 02fd222d completed after 6s 878ms
Training 02fd222d compacted
Trained 02fd222d Score: 0.9450649047504228, Error: 0.052480810347584166 -> 0.05490085825138986, 👿 -0.00242
Compact 02fd222d Score: 0.925730978407318, Error: 0.052480810347584166 -> 0.07423519459447281, 👿 -0.0218
Fine tuning increased fitness by 0.000002442807153002491 to 0.947490666109383 adjusted 678 weights, 18 biases 
Training 3adf1d87 scheduled
Training 3adf1d87 with 1 binary file, target error: 0.05, iterations: 1, sample rate: 100%, sparse: 100%
Fine tuning increased fitness by 0.0000030946537222797943 to 0.9474937607631053 adjusted 678 weights, 18 biases 
Training 5993717b completed after 7s 376ms
Training 5993717b compacted
Trained 5993717b Score: 0.935256992576265, Error: 0.05247753969958269 -> 0.06470877042554771, 👿 -0.0122
Compact 5993717b Score: 0.9257293657035987, Error: 0.05247753969958269 -> 0.07423680729819217, 👿 -0.0218
Fine tuning increased fitness by 0.00000270294439996821 to 0.9474964637075053 adjusted 678 weights, 18 biases 
Discovered beneficial synapse from 19b7552c-d53b-4496-8b15-d6f1af22745f to 9e990a04-47a0-45c6-8d56-3aab4c0e8388 with weight 1.0000, helping 42.3% more records than it harms (2776/4637)
Discovery 89cd2345 analyze time 24s 563ms found 1 candidates
Discovered harmful synapse from 62033b66-82ad-4410-9780-ca28131cd263 to 9e990a04-47a0-45c6-8d56-3aab4c0e8388, harming 24.9% more records than it helps (1149/4637)
Discovery 89cd2345 analyze harmful time 2s 748ms found 1 candidates
Training d979cdf6 scheduled
Training d979cdf6 with 1 binary file, target error: 0.05, iterations: 1, sample rate: 100%, sparse: 100%
Fine tuning increased fitness by 0.00000351058659453507 to 0.9474999742940998 adjusted 678 weights, 18 biases 
Discovery 89cd2345 analyze squashes time 1s 709ms found 0 candidates
Training 3adf1d87 completed after 7s 430ms
Training 3adf1d87 compacted
Compact 3adf1d87 Score: 0.9257240847855857, Error: 0.05247200223870744 -> 0.07424208821620511, 👿 -0.0218
Trained 3adf1d87 Score: 0.8772939025811535, Error: 0.05247200223870744 -> 0.12267186042065928, 👿 -0.0702
Discovery f9517f27 scheduled
Discovery f9517f27 with 1 binary files, sample rate: 100%, batch size: 512
Discovery f9517f27 initialize time 79ms
Discovery f9517f27 processing .trainData-location_88/MO/data.bin
Fine tuning increased fitness by 0.000006346436073223494 to 0.947506320730173 adjusted 847 weights, 19 biases 
Discovery f9517f27 read time 8ms for .trainData-location_88/MO/data.bin with 4637 records
Discovery f9517f27 scanning time 5s 192ms
Training 5a4c3eb5 scheduled
Training 5a4c3eb5 with 1 binary file, target error: 0.05, iterations: 1, sample rate: 100%, sparse: 100%
Discovery f9517f27 recorded time 6s 679ms
Training d979cdf6 completed after 6s 792ms
Training d979cdf6 compacted
Trained d979cdf6 Score: 0.9464018025386677, Error: 0.05246578870771289 -> 0.053563960463145086, 👿 -0.00110
Compact d979cdf6 Score: 0.9257095221546531, Error: 0.05246578870771289 -> 0.07425665084713777, 👿 -0.0218
Training 75afd8ef scheduled
Training 75afd8ef with 1 binary file, target error: 0.05, iterations: 1, sample rate: 100%, sparse: 100%
Training 5a4c3eb5 completed after 7s 12ms
Training 5a4c3eb5 compacted
Generation 30 score 0.9475417284142286 (avg: 0.9408) error 0.05242391458741305 avg time 6s 937ms
Trained 5a4c3eb5 Score: 0.9464395979817923, Error: 0.05243390975552586 -> 0.05352605502002199, 👿 -0.00109
Compact 5a4c3eb5 Score: 0.9257662719120178, Error: 0.05243390975552586 -> 0.07419979108977473, 👿 -0.0218
Training 75afd8ef completed after 7s 242ms
Training 75afd8ef compacted
Over populated 52, expected 50.
Discovered beneficial synapse from edc0190a-546c-4622-b145-b454e1ef411f to 6a9f167f-e968-443c-80df-6b4b4d4b6f41 with weight -1.0000, helping 50.5% more records than it harms (3358/4637)
Discovery f9517f27 analyze time 26s 129ms found 1 candidates
Trained 75afd8ef Score: 0.9448649857183157, Error: 0.05242391458741305 -> 0.05510065728349888, 👿 -0.00268
Fine 75afd8ef Score: 0.9445157755715897, Error: 0.05242391458741305 -> 0.05544986742984601, 👿 -0.00303, Variant: undershot
Fine 75afd8ef Score: 0.9441429433967558, Error: 0.05242391458741305 -> 0.05582269960481493, 👿 -0.00340, Variant: overshot
Compact 75afd8ef Score: 0.9258179065297706, Error: 0.05242391458741305 -> 0.0741481464718512, 👿 -0.0217
Discovered harmful synapse from 62033b66-82ad-4410-9780-ca28131cd263 to 9e990a04-47a0-45c6-8d56-3aab4c0e8388, harming 25.0% more records than it helps (1146/4637)
Discovery f9517f27 analyze harmful time 2s 132ms found 1 candidates
Fine tuning increased fitness by 0.000016409951512752485 to 0.9476003073017188 adjusted 154 weights, 1 bias 
Discovery f9517f27 analyze squashes time 1s 569ms found 0 candidates
Fine tuning increased fitness by 0.000013445944099355067 to 0.9476137532458182 adjusted 154 weights, 1 bias 
Generation 36 score 0.947622946578373 (avg: 0.9426) error 0.05234269642326863 avg time 3s 838ms
{
  error: 0.05234269642326863,
  score: 0.947622946578373,
  generation: 36,
  time: 245620,
  startScore: 0.9473301474677595
}
AZ , score: 0.9399029732733921
process (poor score) AZ , score: 0.9399029732733921 lvl: 2
loaded ../GRQ-portfolio/best/location/v1/AZ.json
5 mutations, mutation rate 5.0%, elitism 2, mutation FFW, selection TOURNAMENT
Creature count: 50
Culling duplicate creature at 1 of 51
DeDuplication of 1 creatures to 50 in 169ms (previous experiment )
Discovery 5145be61 scheduled
Training 5145be61 scheduled
Training 5145be61 with 1 binary file, target error: 0.05, iterations: 1, sample rate: 100%, sparse: 100%
Discovery 5145be61 with 1 binary files, sample rate: 100%, batch size: 512
Discovery 5145be61 initialize time 82ms
Discovery 5145be61 processing .trainData-location_88/AZ/data.bin
Discovery 5145be61 read time 8ms for .trainData-location_88/AZ/data.bin with 4637 records
Discovery 5145be61 scanning time 4s 930ms
Discovery 5145be61 recorded time 7s 156ms
Training d48012bb scheduled
Training d48012bb with 1 binary file, target error: 0.05, iterations: 1, sample rate: 100%, sparse: 100%
Training 5145be61 completed after 8s 760ms
Training 5145be61 compacted
Compact 5145be61 Score: 0.939793327768324, Error: 0.06005479072827981 -> 0.0601644462333473, 👿 -0.000110
Trained 5145be61 Score: 0.8583153852643559, Error: 0.06005479072827981 -> 0.141642378737316, 👿 -0.0816
Discovered beneficial synapse from input-542 to 621b45ba-a719-4f04-b986-51c2413db3f4 with weight -1.0000, helping 29.1% more records than it harms (2897/4637)
Discovery 5145be61 analyze time 14s 953ms found 1 candidates
Training d48012bb completed after 7s 958ms
Training d48012bb compacted
Discovered harmful synapse from input-593 to 621b45ba-a719-4f04-b986-51c2413db3f4, harming 34.1% more records than it helps (1433/4637)
Discovery 5145be61 analyze harmful time 3s 772ms found 1 candidates
Compact d48012bb Score: 0.9397933177685563, Error: 0.0600547907280481 -> 0.06016444623311559, 👿 -0.000110
Trained d48012bb Score: 0.8943022785772118, Error: 0.0600547907280481 -> 0.1056554754244606, 👿 -0.0456
Training 7467a54a scheduled
Training 7467a54a with 1 binary file, target error: 0.05, iterations: 1, sample rate: 100%, sparse: 100%
Discovery 5145be61 analyze squashes time 2s 428ms found 0 candidates
Discovery 67949aa6 scheduled
Training 67949aa6 scheduled
Training 67949aa6 with 1 binary file, target error: 0.05, iterations: 1, sample rate: 100%, sparse: 100%
Discovery 67949aa6 with 1 binary files, sample rate: 100%, batch size: 512
Discovery 67949aa6 initialize time 85ms
Discovery 67949aa6 processing .trainData-location_88/AZ/data.bin
Training 7467a54a completed after 8s 496ms
Training 7467a54a compacted
Discovery 67949aa6 read time 9ms for .trainData-location_88/AZ/data.bin with 4637 records
Discovery 67949aa6 scanning time 4s 909ms
Discovery 67949aa6 recorded time 7s 186ms
Compact 7467a54a Score: 0.9399068804149252, Error: 0.060051003603554434 -> 0.06005100358674511, 👌 1.68e-11
Trained 7467a54a Score: 0.9399067304836188, Error: 0.060051003603554434 -> 0.060051033518053035, 👿 -2.99e-8
Training 362db6e9 scheduled
Training 362db6e9 with 1 binary file, target error: 0.05, iterations: 1, sample rate: 100%, sparse: 100%
Fine tuning increased fitness by 0.0000011288033876510895 to 0.9399114636682144 adjusted 30 weights, 2 biases 
Training 67949aa6 completed after 9s 791ms
Training 67949aa6 compacted
Compact 67949aa6 Score: 0.9398007141646808, Error: 0.060047429136841926 -> 0.06015705983698727, 👿 -0.000110
Trained 67949aa6 Score: 0.9294450866098859, Error: 0.060047429136841926 -> 0.07051267739178274, 👿 -0.0105
Training 579be609 scheduled
Training 579be609 with 1 binary file, target error: 0.05, iterations: 1, sample rate: 100%, sparse: 100%
Discovered beneficial synapse from input-542 to 621b45ba-a719-4f04-b986-51c2413db3f4 with weight -1.0000, helping 29.1% more records than it harms (2896/4637)
Discovery 67949aa6 analyze time 15s 991ms found 1 candidates
Training 362db6e9 completed after 7s 590ms
Training 362db6e9 compacted
Discovered harmful synapse from input-593 to 621b45ba-a719-4f04-b986-51c2413db3f4, harming 34.0% more records than it helps (1433/4637)
Discovery 67949aa6 analyze harmful time 3s 154ms found 1 candidates
Compact 362db6e9 Score: 0.9398018371816291, Error: 0.06004630033345259 -> 0.060155936820037295, 👿 -0.000110
Trained 362db6e9 Score: 0.8672240733800128, Error: 0.06004630033345259 -> 0.1327336906216542, 👿 -0.0727
Training 66794aaf scheduled
Training 66794aaf with 1 binary file, target error: 0.05, iterations: 1, sample rate: 100%, sparse: 100%
Discovery 67949aa6 analyze squashes time 3s 132ms found 0 candidates
Training 579be609 completed after 8s 541ms
Training 579be609 compacted
Compact 579be609 Score: 0.939803595831744, Error: 0.06004456379397084 -> 0.06015417816992731, 👿 -0.000110
Trained 579be609 Score: 0.9389264485087301, Error: 0.06004456379397084 -> 0.06103131549294188, 👿 -0.000987
Discovery 1fc501a1 scheduled
Discovery 1fc501a1 with 1 binary files, sample rate: 100%, batch size: 512
Discovery 1fc501a1 initialize time 80ms
Discovery 1fc501a1 processing .trainData-location_88/AZ/data.bin
Discovery 1fc501a1 read time 7ms for .trainData-location_88/AZ/data.bin with 4637 records
Discovery 1fc501a1 scanning time 4s 931ms
Discovery 1fc501a1 recorded time 6s 811ms
Training 089cdb4a scheduled
Training 089cdb4a with 1 binary file, target error: 0.05, iterations: 1, sample rate: 100%, sparse: 100%
Fine tuning increased fitness by 0.00008209162300643058 to 0.9402257775661421 adjusted 7 weights, 2 biases 
Training 66794aaf completed after 8s 644ms
Training 66794aaf compacted
Generation 10 score 0.9402257775661421 (avg: 0.9400) error 0.05973186643553239 avg time 9s 141ms
Compact 66794aaf Score: 0.939995569920533, Error: 0.05984297890394968 -> 0.059962104081137085, 👿 -0.000119
Trained 66794aaf Score: 0.9390487550054715, Error: 0.05984297890394968 -> 0.0609089089961993, 👿 -0.00107
Training cd735716 scheduled
Training cd735716 with 1 binary file, target error: 0.05, iterations: 1, sample rate: 100%, sparse: 100%
Training 089cdb4a completed after 7s 735ms
Training 089cdb4a compacted
Compact 089cdb4a Score: 0.9401062174317245, Error: 0.05973186643553239 -> 0.05985143656994942, 👿 -0.000120
Trained 089cdb4a Score: 0.8168115578756077, Error: 0.05973186643553239 -> 0.18314608612606686, 👿 -0.123
Training b36cfd4a scheduled
Training b36cfd4a with 1 binary file, target error: 0.05, iterations: 1, sample rate: 100%, sparse: 100%
Fine tuning increased fitness by 0.0000015017257952720797 to 0.940292273009605 adjusted 6 weights, 2 biases 
Training cd735716 completed after 7s 685ms
Training cd735716 compacted
Compact cd735716 Score: 0.9401719760689742, Error: 0.05966687271786441 -> 0.05978567793269935, 👿 -0.000119
Trained cd735716 Score: 0.8928287709629666, Error: 0.05966687271786441 -> 0.10712887303870752, 👿 -0.0475
Training eb2bc10d scheduled
Training eb2bc10d with 1 binary file, target error: 0.05, iterations: 1, sample rate: 100%, sparse: 100%
Discovered beneficial synapse from input-542 to 621b45ba-a719-4f04-b986-51c2413db3f4 with weight -1.0000, helping 28.8% more records than it harms (2884/4637)
Discovery 1fc501a1 analyze time 31s 222ms found 1 candidates
Discovered harmful synapse from input-41 to 9b0bd52b-a0fe-4c0e-8b44-2914cdccbe62-896, harming 44.8% more records than it helps (21/4637)
Discovery 1fc501a1 analyze harmful time 2s 173ms found 1 candidates
Training b36cfd4a completed after 7s 976ms
Training b36cfd4a compacted
Discovery 1fc501a1 analyze squashes time 2s 500ms found 0 candidates
Compact b36cfd4a Score: 0.9401733879792704, Error: 0.05966537099206884 -> 0.05978426602240282, 👿 -0.000119
Trained b36cfd4a Score: 0.8291921316593652, Error: 0.05966537099206884 -> 0.17076551234230866, 👿 -0.111
Discovery c493c0bb scheduled
Training c493c0bb scheduled
Training c493c0bb with 1 binary file, target error: 0.05, iterations: 1, sample rate: 100%, sparse: 100%
Discovery c493c0bb with 1 binary files, sample rate: 100%, batch size: 512
Discovery c493c0bb initialize time 82ms
Discovery c493c0bb processing .trainData-location_88/AZ/data.bin
Training eb2bc10d completed after 9s 243ms
Training eb2bc10d compacted
Discovery c493c0bb read time 4ms for .trainData-location_88/AZ/data.bin with 4637 records
Discovery c493c0bb scanning time 4s 897ms
Discovery c493c0bb recorded time 7s 26ms
Compact eb2bc10d Score: 0.9401802986965524, Error: 0.0596574283779972 -> 0.05977734530512181, 👿 -0.000120
Trained eb2bc10d Score: 0.9394109737704374, Error: 0.0596574283779972 -> 0.06054666023123731, 👿 -0.000889
Remove neuron 757b1bcf-42ab-4ddc-aef0-c166ad6e9a11 as no longer connected
Training 19f27fc0 scheduled
Training 19f27fc0 with 1 binary file, target error: 0.05, iterations: 1, sample rate: 100%, sparse: 100%
Training c493c0bb completed after 9s 813ms
Training c493c0bb compacted
Compact c493c0bb Score: 0.9403094780267975, Error: 0.059648275975409434 -> 0.059648275974875375, 👌 5.34e-13
Trained c493c0bb Score: 0.9400419470967486, Error: 0.059648275975409434 -> 0.05991568690492589, 👿 -0.000267
Training d5a597fc scheduled
Training d5a597fc with 1 binary file, target error: 0.05, iterations: 1, sample rate: 100%, sparse: 100%
Compacting increased fitness by 9.587587201931314e-8 to 0.9403094780267975 neurons: 143 was: 144 synapses: 2793 was: 2795
Training 19f27fc0 completed after 7s 879ms
Training 19f27fc0 compacted
Compact 19f27fc0 Score: 0.940188015949024, Error: 0.05964825185074894 -> 0.05976962805264988, 👿 -0.000121
Trained 19f27fc0 Score: 0.9299193659994791, Error: 0.05964825185074894 -> 0.07003826800219534, 👿 -0.0104
Training 45b9f892 scheduled
Training 45b9f892 with 1 binary file, target error: 0.05, iterations: 1, sample rate: 100%, sparse: 100%
Discovered beneficial synapse from input-542 to 621b45ba-a719-4f04-b986-51c2413db3f4 with weight -1.0000, helping 28.8% more records than it harms (2884/4637)
Discovery c493c0bb analyze time 28s 704ms found 1 candidates
Discovered harmful synapse from input-593 to 621b45ba-a719-4f04-b986-51c2413db3f4, harming 33.7% more records than it helps (1435/4637)
Discovery c493c0bb analyze harmful time 1s 992ms found 1 candidates
Training d5a597fc completed after 8s 124ms
Training d5a597fc compacted
Discovery c493c0bb analyze squashes time 2s 500ms found 0 candidates
Compact d5a597fc Score: 0.9401881118951575, Error: 0.059648275974875375 -> 0.05976965210651478, 👿 -0.000121
Trained d5a597fc Score: 0.9216434519644604, Error: 0.059648275974875375 -> 0.07831430203721242, 👿 -0.0187
Discovery 6c2e29ac scheduled
Training 6c2e29ac scheduled
Training 6c2e29ac with 1 binary file, target error: 0.05, iterations: 1, sample rate: 100%, sparse: 100%
Discovery 6c2e29ac with 1 binary files, sample rate: 100%, batch size: 512
Discovery 6c2e29ac initialize time 102ms
Discovery 6c2e29ac processing .trainData-location_88/AZ/data.bin
Training 45b9f892 completed after 7s 874ms
Training 45b9f892 compacted
Over populated 52, expected 50.
Discovery 6c2e29ac read time 5ms for .trainData-location_88/AZ/data.bin with 4637 records
Discovery 6c2e29ac scanning time 4s 856ms
Discovery 6c2e29ac recorded time 7s 189ms
Compact 45b9f892 Score: 0.9402171608354547, Error: 0.05963157945255868 -> 0.05974035316622135, 👿 -0.000109
Trained 45b9f892 Score: 0.8621435931421826, Error: 0.05963157945255868 -> 0.13781391085949415, 👿 -0.0782
Training e63eecd2 scheduled
Training e63eecd2 with 1 binary file, target error: 0.05, iterations: 1, sample rate: 100%, sparse: 100%
Training 6c2e29ac completed after 9s 369ms
Training 6c2e29ac compacted
Generation 20 score 0.9404058990889566 (avg: 0.9381) error 0.05955172491271842 avg time 9s 182ms
Compact 6c2e29ac Score: 0.9402983560607561, Error: 0.05955172491271842 -> 0.05965927794091842, 👿 -0.000108
Trained 6c2e29ac Score: 0.8730911391917024, Error: 0.05955172491271842 -> 0.1268664848099726, 👿 -0.0673
Training 588e2a3c scheduled
Training 588e2a3c with 1 binary file, target error: 0.05, iterations: 1, sample rate: 100%, sparse: 100%
Discovered beneficial synapse from input-542 to 621b45ba-a719-4f04-b986-51c2413db3f4 with weight -1.0000, helping 28.8% more records than it harms (2888/4637)
Discovery 6c2e29ac analyze time 15s 267ms found 1 candidates
Training e63eecd2 completed after 8s 447ms
Training e63eecd2 compacted
Discovered harmful synapse from input-593 to 621b45ba-a719-4f04-b986-51c2413db3f4, harming 33.8% more records than it helps (1436/4637)
Discovery 6c2e29ac analyze harmful time 4s 1ms found 1 candidates
Compact e63eecd2 Score: 0.9402983462296663, Error: 0.059551724751558344 -> 0.05965927777200867, 👿 -0.000108
Trained e63eecd2 Score: 0.9340096743510292, Error: 0.059551724751558344 -> 0.06594793965064634, 👿 -0.00640
Training bc864ab8 scheduled
Training bc864ab8 with 1 binary file, target error: 0.05, iterations: 1, sample rate: 100%, sparse: 100%
Discovery 6c2e29ac analyze squashes time 2s 142ms found 0 candidates
Training 588e2a3c completed after 7s 575ms
Training 588e2a3c compacted
Compact 588e2a3c Score: 0.9402985537262107, Error: 0.05955152741083343 -> 0.059659080275463745, 👿 -0.000108
Trained 588e2a3c Score: 0.8650238760098923, Error: 0.05955152741083343 -> 0.13493374799178273, 👿 -0.0754
Discovery 11c770e1 scheduled
Discovery 11c770e1 with 1 binary files, sample rate: 100%, batch size: 512
Discovery 11c770e1 initialize time 79ms
Discovery 11c770e1 processing .trainData-location_88/AZ/data.bin
Fine tuning increased fitness by 4.457964359882993e-7 to 0.9404072576390151 adjusted 4 weights, 2 biases 
Discovery 11c770e1 read time 12ms for .trainData-location_88/AZ/data.bin with 4637 records
Discovery 11c770e1 scanning time 4s 349ms
Discovery 11c770e1 recorded time 6s 656ms
Fine tuning increased fitness by 8.841761317546215e-7 to 0.9404081418151469 adjusted 4 weights, 2 biases 
Training bc864ab8 completed after 8s 635ms
Training bc864ab8 compacted
Compact bc864ab8 Score: 0.940299271599569, Error: 0.05955081215909585 -> 0.05965836240210545, 👿 -0.000108
Trained bc864ab8 Score: 0.9394414023387576, Error: 0.05955081215909585 -> 0.06051622166291731, 👿 -0.000965
Fine tuning increased fitness by 0.0000016186778363236343 to 0.9404097604929832 adjusted 4 weights, 2 biases 
Discovered beneficial synapse from input-542 to 621b45ba-a719-4f04-b986-51c2413db3f4 with weight -1.0000, helping 28.8% more records than it harms (2888/4637)
Discovery 11c770e1 analyze time 14s 703ms found 1 candidates
Discovered harmful synapse from input-593 to 621b45ba-a719-4f04-b986-51c2413db3f4, harming 33.8% more records than it helps (1436/4637)
Discovery 11c770e1 analyze harmful time 3s 850ms found 1 candidates
Discovery 11c770e1 analyze squashes time 2s 124ms found 0 candidates
Generation 27 score 0.9404191757795017 (avg: 0.9345) error 0.0595384482221732 avg time 6s
Waiting for additional generation
Fine tuning increased fitness by 9.913228159463827e-7 to 0.9404201671023177 adjusted 4 weights, 3 biases 
Generation 28 score 0.9404201671023177 (avg: 0.9372) error 0.05953745689935725 avg time 868ms
{
  error: 0.05953745689935725,
  score: 0.9404201671023177,
  generation: 28,
  time: 252312,
  startScore: 0.9399029732733921
}
CA , score: 0.9619895941725165
process (poor score) CA , score: 0.9619895941725165 lvl: 2
loaded ../GRQ-portfolio/best/location/v1/CA.json
1 mutation, mutation rate 50.0%, elitism 6, mutation FFW, selection POWER
Creature count: 50
Culling duplicate creature at 1 of 51
DeDuplication of 1 creatures to 50 in 342ms (previous experiment )
Discovery 3fe6d3f8 scheduled
Training 3fe6d3f8 scheduled
Training 3fe6d3f8 with 1 binary file, target error: 0.05, iterations: 1, sample rate: 100%, sparse: 100%
Discovery 3fe6d3f8 with 1 binary files, sample rate: 100%, batch size: 512
Discovery 3fe6d3f8 initialize time 96ms
Discovery 3fe6d3f8 processing .trainData-location_88/CA/data.bin
Generation 1 score 0.9619895941725165 (avg: 0.5872) error 0.03798541882981613 avg time 634ms
Set training/discovery clean up count to 2
Waiting for discovery to complete
Discovery 3fe6d3f8 read time 9ms for .trainData-location_88/CA/data.bin with 4637 records
Discovery 3fe6d3f8 scanning time 4s 669ms
Discovery 3fe6d3f8 recorded time 5s 464ms
Training 3fe6d3f8 completed after 4s 616ms
Training 3fe6d3f8 compacted
Generation 2 score 0.962042003352286 (avg: 0.7173) error 0.037933009650046735 avg time 450ms
Waiting for discovery to complete
Compact 3fe6d3f8 Score: 0.9619899402110489, Error: 0.03798541882981613 -> 0.03798519279127975, 👌 2.26e-7
Trained 3fe6d3f8 Score: 0.9586760804920262, Error: 0.03798541882981613 -> 0.041298932510306356, 👿 -0.00331
Generation 3 score 0.9620606415315945 (avg: 0.5916) error 0.0379143714707381 avg time 326ms
Waiting for discovery to complete
Fine tuning increased fitness by 0.000014980671516173771 to 0.9620756222031107 adjusted 45 weights, 1 bias 
Generation 4 score 0.9620756222031107 (avg: 0.9220) error 0.03789939079922198 avg time 270ms
Waiting for discovery to complete
Generation 5 score 0.9620849627322353 (avg: 0.9435) error 0.037890040270098645 avg time 273ms
Waiting for discovery to complete
Discovered beneficial synapse from input-1537 to 0f1aa3a2-c298-4045-bed1-9577d302ae36 with weight 1.0000, helping 34.9% more records than it harms (3081/4637)
Discovery 3fe6d3f8 analyze time 12s 731ms found 1 candidates
Generation 6 score 0.9620937202471849 (avg: 0.9476) error 0.03788128275514907 avg time 314ms
Waiting for discovery to complete
Discovered harmful synapse from input-1540 to 0f1aa3a2-c298-4045-bed1-9577d302ae36, harming 34.4% more records than it helps (1474/4637)
Discovery 3fe6d3f8 analyze harmful time 1s 858ms found 1 candidates
Generation 7 score 0.9621002384309507 (avg: 0.9615) error 0.03787476457138325 avg time 261ms
Waiting for discovery to complete
Discovery 3fe6d3f8 analyze squashes time 1s 456ms found 0 candidates
Fine tuning increased fitness by 0.000011257785158313993 to 0.962111496216109 adjusted 30 weights, 1 bias 
Generation 8 score 0.962111496216109 (avg: 0.9575) error 0.037863506786224986 avg time 325ms
Waiting for training/discovery clean up 2
Generation 9 score 0.9621364421857359 (avg: 0.9567) error 0.03783870081659166 avg time 348ms
Waiting for training/discovery clean up 1
Fine tuning increased fitness by 0.000006961113305892219 to 0.9621434032990418 adjusted 30 weights 
Generation 10 score 0.9621434032990418 (avg: 0.6602) error 0.03783173970328582 avg time 322ms
{
  error: 0.03783173970328582,
  score: 0.9621434032990418,
  generation: 10,
  time: 35800,
  startScore: 0.9619895941725165
}
FRANCE , score: 0.44114738958821986
process (poor score) FRANCE , score: 0.44114738958821986 lvl: 2
loaded ../GRQ-portfolio/best/location/v1/FRANCE.json
8 mutations, mutation rate 6.8%, elitism 2, mutation ALL, selection FITNESS_PROPORTIONATE
Creature count: 50
Culling duplicate creature at 1 of 51
DeDuplication of 1 creatures to 50 in 275ms (previous experiment )
CRISPR Sane Output Score: 0.4484771080864882, Error: 0.5588497364852449 -> 0.5515196479902382 improved 0.007330088495006715
Discovery c06d22b3 scheduled
Training c06d22b3 scheduled
Training c06d22b3 with 1 binary file, target error: 0.05, iterations: 1, sample rate: 100%, sparse: 100%
Discovery c06d22b3 with 1 binary files, sample rate: 100%, batch size: 512
Discovery c06d22b3 initialize time 84ms
Discovery c06d22b3 processing .trainData-location_88/FRANCE/data.bin
Discovery c06d22b3 read time 14ms for .trainData-location_88/FRANCE/data.bin with 4637 records
Discovery c06d22b3 scanning time 1s 393ms
Discovery c06d22b3 recorded time 3s 150ms
Training aa09da48 scheduled
Training aa09da48 with 1 binary file, target error: 0.05, iterations: 1, sample rate: 100%, sparse: 100%
Remove neuron 7d3dd3e3-f459-4159-931e-6da6464213ab as no longer connected
Remove neuron a165eb5a-aa16-4700-984e-18d9911c1517-671 as no longer connected
Training c06d22b3 completed after 485ms
Training c06d22b3 compacted
Trained c06d22b3 Score: 0.45102213238095434, Error: 0.5515196479902382 -> 0.5489746236957895, 👌 0.00255
Compact c06d22b3 Score: 0.448477333463026, Error: 0.5515196479902382 -> 0.5515195426126244, 👌 1.05e-7
Training 4b324e66 scheduled
Training 4b324e66 with 1 binary file, target error: 0.05, iterations: 1, sample rate: 100%, sparse: 100%
Training c06d22b3 increased fitness by 0.002545024294466125 to 0.45102213238095434
Training aa09da48 completed after 426ms
Training aa09da48 compacted
Trained aa09da48 Score: 0.4578972827943951, Error: 0.5515196461419178 -> 0.5420994632827257, 👌 0.00942
Compact aa09da48 Score: 0.448477436455132, Error: 0.5515196461419178 -> 0.5515194296208867, 👌 2.17e-7
Training 9ee674d1 scheduled
Training 9ee674d1 with 1 binary file, target error: 0.05, iterations: 1, sample rate: 100%, sparse: 100%
Training aa09da48 increased fitness by 0.006875150413440778 to 0.4578972827943951
Remove neuron ac1c8dc8-9b88-41d9-ac2c-b8dc55e44cc0 as no longer connected
Training 4b324e66 completed after 400ms
Training 4b324e66 compacted
Over populated 52, expected 50.
Trained 4b324e66 Score: 0.4532993100265711, Error: 0.5489746236957895 -> 0.5466974460501861, 👌 0.00228
Compact 4b324e66 Score: 0.45102251065314586, Error: 0.5489746236957895 -> 0.5489743654225216, 👌 2.58e-7
Training 96074060 scheduled
Training 96074060 with 1 binary file, target error: 0.05, iterations: 1, sample rate: 100%, sparse: 100%
Fine tuning increased fitness by 0.003004933837057411 to 0.46090221663145253 adjusted 154 weights, 19 biases 
Training 9ee674d1 completed after 480ms
Training 9ee674d1 compacted
Over populated 52, expected 50.
Compact 9ee674d1 Score: 0.4578979274943746, Error: 0.5420994632827257 -> 0.5420989385816714, 👌 5.25e-7
Trained 9ee674d1 Score: 0.45719805882192716, Error: 0.5420994632827257 -> 0.542798687255202, 👿 -0.000699
Training 2ce55769 scheduled
Training 2ce55769 with 1 binary file, target error: 0.05, iterations: 1, sample rate: 100%, sparse: 100%
Fine tuning increased fitness by 3.0086823304964483e-7 to 0.4609025174996856 adjusted 154 weights, 19 biases 
Training 96074060 completed after 419ms
Training 96074060 compacted
Over populated 52, expected 50.
Compact 96074060 Score: 0.4609031266910051, Error: 0.5390945294456797 -> 0.5390937393850518, 👌 7.90e-7
Trained 96074060 Score: 0.460607203598562, Error: 0.5390945294456797 -> 0.539389542478577, 👿 -0.000295
Training 3424666e scheduled
Training 3424666e with 1 binary file, target error: 0.05, iterations: 1, sample rate: 100%, sparse: 100%
Compacting increased fitness by 6.091913195005461e-7 to 0.4609031266910051 neurons: 16 was: 17 synapses: 153 was: 155
Training 2ce55769 completed after 533ms
Training 2ce55769 compacted
Compact 2ce55769 Score: 0.46090343195228123, Error: 0.5390942185778125 -> 0.5390934241241434, 👌 7.94e-7
Trained 2ce55769 Score: 0.46087822973635917, Error: 0.5390942185778125 -> 0.5391185063411392, 👿 -0.0000243
Training b90c67ad scheduled
Training b90c67ad with 1 binary file, target error: 0.05, iterations: 1, sample rate: 100%, sparse: 100%
Remove neuron 84434b7f-1575-4ad5-bf05-00d48b61c3ab as no longer connected
Training 3424666e completed after 509ms
Training 3424666e compacted
Over populated 52, expected 50.
Compact 3424666e Score: 0.460901610417624, Error: 0.5390937393850518 -> 0.5390953756573806, 👿 -0.00000164
Trained 3424666e Score: 0.46074151952863956, Error: 0.5390937393850518 -> 0.5392553465474222, 👿 -0.000162
Training b8adffc6 scheduled
Training b8adffc6 with 1 binary file, target error: 0.05, iterations: 1, sample rate: 100%, sparse: 100%
Fine tuning increased fitness by 0.0006337023852707735 to 0.46205140302156333 adjusted 58 weights, 7 biases 
Training b90c67ad completed after 472ms
Training b90c67ad compacted
Over populated 52, expected 50.
Fine b90c67ad Score: 0.4614329351974778, Error: 0.5385790354412113 -> 0.5385638008800256, 👌 0.0000152, Variant: overshot
Fine b90c67ad Score: 0.46142573290750416, Error: 0.5385790354412113 -> 0.5385710031699974, 👌 0.00000803, Variant: undershot
Compact b90c67ad Score: 0.46141885309361086, Error: 0.5385790354412113 -> 0.5385780029828202, 👌 0.00000103
Trained b90c67ad Score: 0.46136933700978583, Error: 0.5385790354412113 -> 0.538627399067719, 👿 -0.0000484
Training e7820619 scheduled
Training e7820619 with 1 binary file, target error: 0.05, iterations: 1, sample rate: 100%, sparse: 100%
Fine tuning increased fitness by 0.0005250572587146562 to 0.462576460280278 adjusted 58 weights, 7 biases 
Training b8adffc6 completed after 507ms
Training b8adffc6 compacted
Over populated 52, expected 50.
Generation 10 score 0.462576460280278 (avg: 0.4479) error 0.5374202757972302 avg time 1s 794ms
Compact b8adffc6 Score: 0.4620526885070316, Error: 0.5379453330559545 -> 0.5379441675694133, 👌 0.00000117
Fine b8adffc6 Score: 0.4611959567007684, Error: 0.5379453330559545 -> 0.5388007793767206, 👿 -0.000855, Variant: overshot
Trained b8adffc6 Score: 0.45963370862747094, Error: 0.5379453330559545 -> 0.5403630274500503, 👿 -0.00242
Fine b8adffc6 Score: 0.45828035726693395, Error: 0.5379453330559545 -> 0.5417163788105824, 👿 -0.00377, Variant: undershot
Training fda9647c scheduled
Training fda9647c with 1 binary file, target error: 0.05, iterations: 1, sample rate: 100%, sparse: 100%
Training e7820619 completed after 523ms
Training e7820619 compacted
Fine e7820619 Score: 0.4627804674827804, Error: 0.5374202757972302 -> 0.5372162685946732, 👌 0.000204, Variant: undershot
Fine e7820619 Score: 0.46274446676351594, Error: 0.5374202757972302 -> 0.5372522693139695, 👌 0.000168, Variant: overshot
Compact e7820619 Score: 0.46257797095765907, Error: 0.5374202757972302 -> 0.5374188851187762, 👌 0.00000139
Trained e7820619 Score: 0.4617899330088271, Error: 0.5374202757972302 -> 0.5382068030686961, 👿 -0.000787
Training 47801116 scheduled
Training 47801116 with 1 binary file, target error: 0.05, iterations: 1, sample rate: 100%, sparse: 100%
Training fda9647c completed after 482ms
Training fda9647c compacted
Over populated 52, expected 50.
Fine fda9647c Score: 0.46327681336329396, Error: 0.5369597340815249 -> 0.5367200427131192, 👌 0.000240, Variant: overshot
Trained fda9647c Score: 0.4631007434182419, Error: 0.5369597340815249 -> 0.5368961126581631, 👌 0.0000636
Compact fda9647c Score: 0.4630430362944463, Error: 0.5369597340815249 -> 0.5369539497805121, 👌 0.00000578
Fine fda9647c Score: 0.4594233736415019, Error: 0.5369597340815249 -> 0.5405734824348906, 👿 -0.00361, Variant: undershot
Training baf0184e scheduled
Training baf0184e with 1 binary file, target error: 0.05, iterations: 1, sample rate: 100%, sparse: 100%
Fine tuning increased fitness by 0.0002191958316472009 to 0.46327681336329396 adjusted 153 weights, 18 biases 
Training 47801116 completed after 519ms
Training 47801116 compacted
Over populated 52, expected 50.
Fine 47801116 Score: 0.46306982640279576, Error: 0.5369391185458471 -> 0.5369269096746988, 👌 0.0000122, Variant: overshot
Compact 47801116 Score: 0.46305892247538655, Error: 0.5369391185458471 -> 0.5369379336010346, 👌 0.00000118
Fine 47801116 Score: 0.46303183274428267, Error: 0.5369391185458471 -> 0.536964903333209, 👿 -0.0000258, Variant: undershot
Trained 47801116 Score: 0.46302679379004613, Error: 0.5369391185458471 -> 0.536969942287456, 👿 -0.0000308
Training 7d757cbb scheduled
Training 7d757cbb with 1 binary file, target error: 0.05, iterations: 1, sample rate: 100%, sparse: 100%
Fine tuning increased fitness by 0.0004309068825450457 to 0.463707720245839 adjusted 153 weights, 18 biases 
Training baf0184e completed after 431ms
Training baf0184e compacted
Over populated 52, expected 50.
Trained baf0184e Score: 0.46339657103140475, Error: 0.5367200427131192 -> 0.5366002850450108, 👌 0.000120
Compact baf0184e Score: 0.4632744350503821, Error: 0.5367200427131192 -> 0.5367225510245781, 👿 -0.00000251
Training cedd7e60 scheduled
Training cedd7e60 with 1 binary file, target error: 0.05, iterations: 1, sample rate: 100%, sparse: 100%
Fine tuning increased fitness by 0.0006080005309821446 to 0.46431572077682115 adjusted 153 weights, 18 biases 
Remove neuron 79468590-2312-4c4b-a9ef-dc717cbf71d4 as no longer connected
Training 7d757cbb completed after 494ms
Training 7d757cbb compacted
Over populated 52, expected 50.
Trained 7d757cbb Score: 0.4647578775701993, Error: 0.536289135830525 -> 0.5352389785061645, 👌 0.00105
Compact 7d757cbb Score: 0.4637112574041003, Error: 0.536289135830525 -> 0.536285728670813, 👌 0.00000341
Training 0db8fa7b scheduled
Training 0db8fa7b with 1 binary file, target error: 0.05, iterations: 1, sample rate: 100%, sparse: 100%
Training 7d757cbb increased fitness by 0.0004421567933781678 to 0.4647578775701993
Remove neuron 84434b7f-1575-4ad5-bf05-00d48b61c3ab as no longer connected
Remove neuron 8c91a7ea-4124-40c8-b85e-0d38f1be8535 as no longer connected
Training cedd7e60 completed after 471ms
Training cedd7e60 compacted
Over populated 52, expected 50.
Compact cedd7e60 Score: 0.46432744203840354, Error: 0.535681135299481 -> 0.5356695440364492, 👌 0.0000116
Trained cedd7e60 Score: 0.4643159241837066, Error: 0.535681135299481 -> 0.5356809318925955, 👌 2.03e-7
Training 70b2cd99 scheduled
Training 70b2cd99 with 1 binary file, target error: 0.05, iterations: 1, sample rate: 100%, sparse: 100%
Training 0db8fa7b completed after 431ms
Training 0db8fa7b compacted
Trained 0db8fa7b Score: 0.465074836973982, Error: 0.5352389785061645 -> 0.5349220191023856, 👌 0.000317
Compact 0db8fa7b Score: 0.46476056753031164, Error: 0.5352389785061645 -> 0.5352364185446009, 👌 0.00000256
Training aed687dc scheduled
Training aed687dc with 1 binary file, target error: 0.05, iterations: 1, sample rate: 100%, sparse: 100%
Training 0db8fa7b increased fitness by 0.0003169594037826795 to 0.465074836973982
Training 70b2cd99 completed after 481ms
Training 70b2cd99 compacted
Compact 70b2cd99 Score: 0.4647510331787852, Error: 0.5352389801343765 -> 0.5352459328969218, 👿 -0.00000695
Trained 70b2cd99 Score: 0.46393299987200437, Error: 0.5352389801343765 -> 0.536063846204654, 👿 -0.000825
Training 7430ab94 scheduled
Training 7430ab94 with 1 binary file, target error: 0.05, iterations: 1, sample rate: 100%, sparse: 100%
Fine tuning increased fitness by 0.0002731092896943732 to 0.46534794626367637 adjusted 152 weights, 18 biases 
Training aed687dc completed after 536ms
Training aed687dc compacted
Over populated 52, expected 50.
Compact aed687dc Score: 0.4650996382891591, Error: 0.5349220191023856 -> 0.534897347785755, 👌 0.0000247
Trained aed687dc Score: 0.4650681507271523, Error: 0.5349220191023856 -> 0.5349287053492151, 👿 -0.00000669
Training f71bcdc4 scheduled
Training f71bcdc4 with 1 binary file, target error: 0.05, iterations: 1, sample rate: 100%, sparse: 100%
Fine tuning increased fitness by 0.00012743094537776 to 0.46547537720905413 adjusted 151 weights, 18 biases 
Training 7430ab94 completed after 491ms
Training 7430ab94 compacted
Over populated 52, expected 50.
Generation 20 score 0.46547537720905413 (avg: 0.4324) error 0.5345214788673285 avg time 935ms
Compact 7430ab94 Score: 0.46535404562057225, Error: 0.5346489098127098 -> 0.5346429404543586, 👌 0.00000597
Trained 7430ab94 Score: 0.4651908012019257, Error: 0.5346489098127098 -> 0.5348060548744598, 👿 -0.000157
Training 62ec5fdc scheduled
Training 62ec5fdc with 1 binary file, target error: 0.05, iterations: 1, sample rate: 100%, sparse: 100%
Training f71bcdc4 completed after 451ms
Training f71bcdc4 compacted
Over populated 52, expected 50.
Compact f71bcdc4 Score: 0.4654766421455607, Error: 0.5345214788673285 -> 0.5345203439293679, 👌 0.00000113
Trained f71bcdc4 Score: 0.4654754095940328, Error: 0.5345214788673285 -> 0.5345214464823497, 👌 3.24e-8
Training 8c3421e4 scheduled
Training 8c3421e4 with 1 binary file, target error: 0.05, iterations: 1, sample rate: 100%, sparse: 100%
Fine tuning increased fitness by 0.00032544250179356027 to 0.4660803585461511 adjusted 152 weights, 18 biases 
Constant neuron b1a0cec9-6c55-4ff8-9627-be8b9f256395 convert hidden to constant
Adjust neuron b1a0cec9-6c55-4ff8-9627-be8b9f256395 bias -0.0100285 to -0.010003357929061266
Training 62ec5fdc completed after 448ms
Training 62ec5fdc compacted
Over populated 52, expected 50.
Fine 62ec5fdc Score: 0.46588444130813256, Error: 0.5342419400319894 -> 0.5341124147682108, 👌 0.000130, Variant: undershot
Compact 62ec5fdc Score: 0.46575344152017034, Error: 0.5342419400319894 -> 0.5342435445547252, 👿 -0.00000160
Fine 62ec5fdc Score: 0.4657004105985932, Error: 0.5342419400319894 -> 0.5342964454777406, 👿 -0.0000545, Variant: overshot
Trained 62ec5fdc Score: 0.4653461376524635, Error: 0.5342419400319894 -> 0.5346507184238944, 👿 -0.000409
Training ff1a02c4 scheduled
Training ff1a02c4 with 1 binary file, target error: 0.05, iterations: 1, sample rate: 100%, sparse: 100%
Fine tuning increased fitness by 0.00017892174167860597 to 0.4662592802878297 adjusted 152 weights, 18 biases 
Constant neuron b1a0cec9-6c55-4ff8-9627-be8b9f256395 convert hidden to constant
Adjust neuron b1a0cec9-6c55-4ff8-9627-be8b9f256395 bias -0.0114904 to -0.011457393766371437
Training 8c3421e4 completed after 478ms
Training 8c3421e4 compacted
Over populated 52, expected 50.
Fine 8c3421e4 Score: 0.46620229054453194, Error: 0.5339164975300852 -> 0.533794565531689, 👌 0.000122, Variant: undershot
Compact 8c3421e4 Score: 0.46606934629388774, Error: 0.5339164975300852 -> 0.5339276397809012, 👿 -0.0000111
Fine 8c3421e4 Score: 0.4660330375934305, Error: 0.5339164975300852 -> 0.5339638184828107, 👿 -0.0000473, Variant: overshot
Trained 8c3421e4 Score: 0.46538756447067936, Error: 0.5339164975300852 -> 0.5346092916055665, 👿 -0.000693
Training 6dac5eb2 scheduled
Training 6dac5eb2 with 1 binary file, target error: 0.05, iterations: 1, sample rate: 100%, sparse: 100%
Remove neuron 6d8fe444-ef94-4e2e-9d5d-33dd8164f405 as no longer connected
Training ff1a02c4 completed after 484ms
Training ff1a02c4 compacted
Over populated 52, expected 50.
Trained ff1a02c4 Score: 0.466287470768933, Error: 0.5337375757882471 -> 0.5337093853071447, 👌 0.0000282
Fine ff1a02c4 Score: 0.4662665104435994, Error: 0.5337375757882471 -> 0.5337303456324748, 👌 0.00000723, Variant: overshot
Compact ff1a02c4 Score: 0.46626099625219897, Error: 0.5337375757882471 -> 0.5337359898224336, 👌 0.00000159
Fine ff1a02c4 Score: 0.4662469549056605, Error: 0.5337375757882471 -> 0.5337499011704179, 👿 -0.0000123, Variant: undershot
Training 5d38e16d scheduled
Training 5d38e16d with 1 binary file, target error: 0.05, iterations: 1, sample rate: 100%, sparse: 100%
Remove neuron 008da6ee-32ab-4053-8c5b-74b174616d95 as no longer connected
Remove neuron b1a0cec9-6c55-4ff8-9627-be8b9f256395 as no longer connected
Training 6dac5eb2 completed after 457ms
Training 6dac5eb2 compacted
Over populated 52, expected 50.
Compact 6dac5eb2 Score: 0.46693390201329305, Error: 0.5330691907228371 -> 0.5330630840612204, 👌 0.00000611
Fine 6dac5eb2 Score: 0.4668820095846875, Error: 0.5330691907228371 -> 0.5331148464912695, 👿 -0.0000457, Variant: overshot
Trained 6dac5eb2 Score: 0.4668644569323453, Error: 0.5330691907228371 -> 0.5331323991436174, 👿 -0.0000632
Fine 6dac5eb2 Score: 0.4667879821538804, Error: 0.5330691907228371 -> 0.5332088739220706, 👿 -0.000140, Variant: undershot
Training 4913d26d scheduled
Training 4913d26d with 1 binary file, target error: 0.05, iterations: 1, sample rate: 100%, sparse: 100%
Fine tuning increased fitness by 0.00019506668107216463 to 0.46779033409950427 adjusted 152 weights, 18 biases 
Training 5d38e16d completed after 499ms
Training 5d38e16d compacted
Over populated 52, expected 50.
Fine 5d38e16d Score: 0.46777134885141747, Error: 0.5324015886576612 -> 0.5322255072246826, 👌 0.000176, Variant: undershot
Compact 5d38e16d Score: 0.46764471088586074, Error: 0.5324015886576612 -> 0.5323522751887906, 👌 0.0000493
Fine 5d38e16d Score: 0.46748578890731796, Error: 0.5324015886576612 -> 0.5325110671687788, 👿 -0.000109, Variant: overshot
Trained 5d38e16d Score: 0.46656592692260124, Error: 0.5324015886576612 -> 0.5334309291534995, 👿 -0.00103
Training 3b50aacd scheduled
Training 3b50aacd with 1 binary file, target error: 0.05, iterations: 1, sample rate: 100%, sparse: 100%
Fine tuning increased fitness by 0.0002368302498069741 to 0.46802716434931124 adjusted 152 weights, 18 biases 
Training 4913d26d completed after 498ms
Training 4913d26d compacted
Over populated 52, expected 50.
Trained 4913d26d Score: 0.46786548889862484, Error: 0.532206521976804 -> 0.5321313671776863, 👌 0.0000752
Compact 4913d26d Score: 0.46779083724622017, Error: 0.532206521976804 -> 0.5322061388290691, 👌 3.83e-7
Fine 4913d26d Score: 0.46778270956094936, Error: 0.532206521976804 -> 0.5322141465153594, 👿 -0.00000762, Variant: overshot
Fine 4913d26d Score: 0.46773541500306903, Error: 0.532206521976804 -> 0.5322614410732341, 👿 -0.0000549, Variant: undershot
Training 74f257cc scheduled
Training 74f257cc with 1 binary file, target error: 0.05, iterations: 1, sample rate: 100%, sparse: 100%
Training 3b50aacd completed after 480ms
Training 3b50aacd compacted
Over populated 52, expected 50.
Compact 3b50aacd Score: 0.46813917486560697, Error: 0.5319696917272263 -> 0.5318578112094812, 👌 0.000112
Trained 3b50aacd Score: 0.46803906886123425, Error: 0.5319696917272263 -> 0.5319577872153037, 👌 0.0000119
Fine 3b50aacd Score: 0.46803064086610574, Error: 0.5319696917272263 -> 0.5319662152104316, 👌 0.00000348, Variant: overshot
Fine 3b50aacd Score: 0.4679931613968945, Error: 0.5319696917272263 -> 0.5320036946796427, 👿 -0.0000340, Variant: undershot
Training a4b9e06a scheduled
Training a4b9e06a with 1 binary file, target error: 0.05, iterations: 1, sample rate: 100%, sparse: 100%
Fine tuning increased fitness by 0.00026985909309573675 to 0.4684813960552156 adjusted 106 weights, 10 biases 
Training 74f257cc completed after 472ms
Training 74f257cc compacted
Over populated 52, expected 50.
Compact 74f257cc Score: 0.4683284147077018, Error: 0.5317853191144413 -> 0.5316685713674089, 👌 0.000117
Fine 74f257cc Score: 0.46822223061611135, Error: 0.5317853191144413 -> 0.5317746254604503, 👌 0.0000107, Variant: undershot
Trained 74f257cc Score: 0.46820578015590664, Error: 0.5317853191144413 -> 0.531791075920655, 👿 -0.00000576
Fine 74f257cc Score: 0.4682049556726493, Error: 0.5317853191144413 -> 0.5317919004039121, 👿 -0.00000658, Variant: overshot
Training bc93ab50 scheduled
Training bc93ab50 with 1 binary file, target error: 0.05, iterations: 1, sample rate: 100%, sparse: 100%
Training a4b9e06a completed after 472ms
Training a4b9e06a compacted
Generation 30 score 0.46892688034029206 (avg: 0.4183) error 0.5310699757362676 avg time 965ms
Compact a4b9e06a Score: 0.4685974945887139, Error: 0.5315154600213207 -> 0.5313994914863722, 👌 0.000116
Trained a4b9e06a Score: 0.4684813899637858, Error: 0.5315154600213207 -> 0.5315154661127505, 👿 -6.09e-9
Training f6c967cd scheduled
Training f6c967cd with 1 binary file, target error: 0.05, iterations: 1, sample rate: 100%, sparse: 100%
Training bc93ab50 completed after 485ms
Training bc93ab50 compacted
Over populated 52, expected 50.
Compact bc93ab50 Score: 0.46906575351621727, Error: 0.5310699757362676 -> 0.5309312325588963, 👌 0.000139
Fine bc93ab50 Score: 0.46891337176295966, Error: 0.5310699757362676 -> 0.5310834843135959, 👿 -0.0000135, Variant: overshot
Fine bc93ab50 Score: 0.4689035387521601, Error: 0.5310699757362676 -> 0.5310933173244048, 👿 -0.0000233, Variant: undershot
Trained bc93ab50 Score: 0.4688733019192955, Error: 0.5310699757362676 -> 0.5311235541572703, 👿 -0.0000536
Training a23ffb33 scheduled
Training a23ffb33 with 1 binary file, target error: 0.05, iterations: 1, sample rate: 100%, sparse: 100%
Compacting increased fitness by 0.00013887317592520265 to 0.46906575351621727 neurons: 15 was: 16 synapses: 151 was: 154
Training f6c967cd completed after 457ms
Training f6c967cd compacted
Compact f6c967cd Score: 0.46906273463680104, Error: 0.5310699756868629 -> 0.530934241438683, 👌 0.000136
Fine f6c967cd Score: 0.46892806274633164, Error: 0.5310699756868629 -> 0.5310687833305943, 👌 0.00000119, Variant: undershot
Trained f6c967cd Score: 0.4689269762588106, Error: 0.5310699756868629 -> 0.5310698698181173, 👌 1.06e-7
Fine f6c967cd Score: 0.46891968954465196, Error: 0.5310699756868629 -> 0.5310771565322774, 👿 -0.00000718, Variant: overshot
Training 0d73d780 scheduled
Training 0d73d780 with 1 binary file, target error: 0.05, iterations: 1, sample rate: 100%, sparse: 100%
Training a23ffb33 completed after 442ms
Training a23ffb33 compacted
Over populated 52, expected 50.
Compact a23ffb33 Score: 0.46906197729195787, Error: 0.5309312325588963 -> 0.5309351287821324, 👿 -0.00000390
Trained a23ffb33 Score: 0.46903320328825604, Error: 0.5309312325588963 -> 0.5309637827868638, 👿 -0.0000326
Training 9302f54a scheduled
Training 9302f54a with 1 binary file, target error: 0.05, iterations: 1, sample rate: 100%, sparse: 100%
Fine tuning increased fitness by 0.00015961239533368587 to 0.4693430289239947 adjusted 85 weights, 10 biases 
Training 0d73d780 completed after 382ms
Training 0d73d780 compacted
Over populated 52, expected 50.
Trained 0d73d780 Score: 0.4691837251960432, Error: 0.5308135695462668 -> 0.5308132608788849, 👌 3.09e-7
Fine 0d73d780 Score: 0.46918369374449276, Error: 0.5308135695462668 -> 0.5308132923304346, 👌 2.77e-7, Variant: overshot
Fine 0d73d780 Score: 0.46918326106805447, Error: 0.5308135695462668 -> 0.5308137250068733, 👿 -1.55e-7, Variant: undershot
Compact 0d73d780 Score: 0.46917711662897094, Error: 0.5308135695462668 -> 0.5308199894449218, 👿 -0.00000642
Training 0c5def32 scheduled
Training 0c5def32 with 1 binary file, target error: 0.05, iterations: 1, sample rate: 100%, sparse: 100%
Fine tuning increased fitness by 0.000054968107309483205 to 0.4693979970313042 adjusted 85 weights, 10 biases 
Training 9302f54a completed after 437ms
Training 9302f54a compacted
Over populated 52, expected 50.
Fine 9302f54a Score: 0.4693430859283864, Error: 0.5306539571508716 -> 0.5306539001464801, 👌 5.70e-8, Variant: undershot
Fine 9302f54a Score: 0.4693429655654681, Error: 0.5306539571508716 -> 0.5306540205093982, 👿 -6.34e-8, Variant: overshot
Trained 9302f54a Score: 0.46934295523776787, Error: 0.5306539571508716 -> 0.5306540308370985, 👿 -7.37e-8
Compact 9302f54a Score: 0.46934175056968047, Error: 0.5306539571508716 -> 0.5306553555041444, 👿 -0.00000140
Training bb10a5d9 scheduled
Training bb10a5d9 with 1 binary file, target error: 0.05, iterations: 1, sample rate: 100%, sparse: 100%
Fine tuning increased fitness by 0.0001272602697981462 to 0.46952525730110234 adjusted 85 weights, 10 biases 
Training 0c5def32 completed after 390ms
Training 0c5def32 compacted
Over populated 52, expected 50.
Fine 0c5def32 Score: 0.4694033571322366, Error: 0.530598989043532 -> 0.5305936289426002, 👌 0.00000536, Variant: undershot
Compact 0c5def32 Score: 0.46939833365500394, Error: 0.530598989043532 -> 0.530598772418783, 👌 2.17e-7
Fine 0c5def32 Score: 0.46939547318072855, Error: 0.530598989043532 -> 0.5306015128941072, 👿 -0.00000252, Variant: overshot
Trained 0c5def32 Score: 0.46938704363694767, Error: 0.530598989043532 -> 0.5306099424378894, 👿 -0.0000110
Training 19215d16 scheduled
Training 19215d16 with 1 binary file, target error: 0.05, iterations: 1, sample rate: 100%, sparse: 100%
Fine tuning increased fitness by 0.00010480601717044458 to 0.4696300633182728 adjusted 85 weights, 10 biases 
Training bb10a5d9 completed after 408ms
Training bb10a5d9 compacted
Over populated 52, expected 50.
Compact bb10a5d9 Score: 0.4695261463009666, Error: 0.5304717287737294 -> 0.53047095977282, 👌 7.69e-7
Fine bb10a5d9 Score: 0.46951784874364433, Error: 0.5304717287737294 -> 0.5304791373311918, 👿 -0.00000741, Variant: overshot
Fine bb10a5d9 Score: 0.4694662039103724, Error: 0.5304717287737294 -> 0.5305307821644419, 👿 -0.0000591, Variant: undershot
Trained bb10a5d9 Score: 0.4691608906258834, Error: 0.5304717287737294 -> 0.5308360954489636, 👿 -0.000364
Training f60b723b scheduled
Training f60b723b with 1 binary file, target error: 0.05, iterations: 1, sample rate: 100%, sparse: 100%
Fine tuning increased fitness by 0.00007854674681545548 to 0.46970861006508824 adjusted 85 weights, 10 biases 
Training 19215d16 completed after 450ms
Training 19215d16 compacted
Over populated 52, expected 50.
Fine 19215d16 Score: 0.46966627888789486, Error: 0.530366922756559 -> 0.5303307071869141, 👌 0.0000362, Variant: undershot
Compact 19215d16 Score: 0.46963061845425724, Error: 0.530366922756559 -> 0.530366487619527, 👌 4.35e-7
Fine 19215d16 Score: 0.469626372686067, Error: 0.530366922756559 -> 0.5303706133887659, 👿 -0.00000369, Variant: overshot
Trained 19215d16 Score: 0.46937100223252354, Error: 0.530366922756559 -> 0.5306259838423206, 👿 -0.000259
Training 2e375818 scheduled
Training 2e375818 with 1 binary file, target error: 0.05, iterations: 1, sample rate: 100%, sparse: 100%
Training f60b723b completed after 445ms
Training f60b723b compacted
Compact f60b723b Score: 0.4697088392834551, Error: 0.5302883760097337 -> 0.530288266790318, 👌 1.09e-7
Trained f60b723b Score: 0.4697085403472162, Error: 0.5302883760097337 -> 0.5302884457276057, 👿 -6.97e-8
Training 0bd2d801 scheduled
Training 0bd2d801 with 1 binary file, target error: 0.05, iterations: 1, sample rate: 100%, sparse: 100%
Training 2e375818 completed after 472ms
Training 2e375818 compacted
Over populated 52, expected 50.
Generation 40 score 0.46991203768154216 (avg: 0.4697) error 0.5300849483932637 avg time 911ms
Fine 2e375818 Score: 0.46985555409984625, Error: 0.5301613789344966 -> 0.5301414319749626, 👌 0.0000199, Variant: undershot
Compact 2e375818 Score: 0.46983571556877657, Error: 0.5301613789344966 -> 0.5301613905049914, 👿 -1.16e-8
Fine 2e375818 Score: 0.46983031956870397, Error: 0.5301613789344966 -> 0.5301666665061057, 👿 -0.00000529, Variant: overshot
Trained 2e375818 Score: 0.4698150525981187, Error: 0.5301613789344966 -> 0.5301819334766933, 👿 -0.0000206
Training cb0e3118 scheduled
Training cb0e3118 with 1 binary file, target error: 0.05, iterations: 1, sample rate: 100%, sparse: 100%
Training 0bd2d801 completed after 404ms
Training 0bd2d801 compacted
Over populated 52, expected 50.
Compact 0bd2d801 Score: 0.4699128779150851, Error: 0.5300849483932637 -> 0.5300842281586765, 👌 7.20e-7
Fine 0bd2d801 Score: 0.4699080185153364, Error: 0.5300849483932637 -> 0.5300889675594705, 👿 -0.00000402, Variant: overshot
Fine 0bd2d801 Score: 0.4699045665057786, Error: 0.5300849483932637 -> 0.5300924195690292, 👿 -0.00000747, Variant: undershot
Trained 0bd2d801 Score: 0.4698945563401743, Error: 0.5300849483932637 -> 0.5301024297346328, 👿 -0.0000175
Training 05178cc3 scheduled
Training 05178cc3 with 1 binary file, target error: 0.05, iterations: 1, sample rate: 100%, sparse: 100%
Fine tuning increased fitness by 0.00003259261161553395 to 0.47003420936089557 adjusted 85 weights, 10 biases 
Constant neuron b1a0cec9-6c55-4ff8-9627-be8b9f256395 convert hidden to constant
Adjust neuron b1a0cec9-6c55-4ff8-9627-be8b9f256395 bias -0.0081774 to -0.008160682811774398
Training cb0e3118 completed after 436ms
Training cb0e3118 compacted
Over populated 52, expected 50.
Fine cb0e3118 Score: 0.47000315025766964, Error: 0.5299953693255031 -> 0.5299938358171128, 👌 0.00000153, Variant: undershot
Fine cb0e3118 Score: 0.47000026654960797, Error: 0.5299953693255031 -> 0.5299967195251755, 👿 -0.00000135, Variant: overshot
Compact cb0e3118 Score: 0.4699983108724811, Error: 0.5299953693255031 -> 0.529998795201279, 👿 -0.00000343
Trained cb0e3118 Score: 0.46999615769026304, Error: 0.5299953693255031 -> 0.5300008283845205, 👿 -0.00000546
Training cbd76bb8 scheduled
Training cbd76bb8 with 1 binary file, target error: 0.05, iterations: 1, sample rate: 100%, sparse: 100%
Training 05178cc3 completed after 438ms
Training 05178cc3 compacted
Over populated 52, expected 50.
Fine 05178cc3 Score: 0.47003565822037163, Error: 0.529962776713876 -> 0.5299613278544, 👌 0.00000145, Variant: undershot
Fine 05178cc3 Score: 0.4700348534187228, Error: 0.529962776713876 -> 0.5299621326560483, 👌 6.44e-7, Variant: overshot
Trained 05178cc3 Score: 0.4700318604952188, Error: 0.529962776713876 -> 0.529965125579553, 👿 -0.00000235
Compact 05178cc3 Score: 0.46900461703507906, Error: 0.529962776713876 -> 0.5309925090399021, 👿 -0.00103
Training 7e656c6b scheduled
Training 7e656c6b with 1 binary file, target error: 0.05, iterations: 1, sample rate: 100%, sparse: 100%
Training cbd76bb8 completed after 385ms
Training cbd76bb8 compacted
Fine cbd76bb8 Score: 0.47007955643915467, Error: 0.5299312166537573 -> 0.5299174296356183, 👌 0.0000138, Variant: undershot
Fine cbd76bb8 Score: 0.47006913865683164, Error: 0.5299312166537573 -> 0.5299278474179404, 👌 0.00000337, Variant: overshot
Trained cbd76bb8 Score: 0.4700495210937733, Error: 0.5299312166537573 -> 0.5299474649810009, 👿 -0.0000162
Compact cbd76bb8 Score: 0.4690363111835416, Error: 0.5299312166537573 -> 0.530960814891441, 👿 -0.00103
Training af1d051d scheduled
Training af1d051d with 1 binary file, target error: 0.05, iterations: 1, sample rate: 100%, sparse: 100%
Training 7e656c6b completed after 483ms
Training 7e656c6b compacted
Over populated 52, expected 50.
Fine 7e656c6b Score: 0.47016129255978895, Error: 0.5298989543793716 -> 0.5298356935150157, 👌 0.0000633, Variant: undershot
Fine 7e656c6b Score: 0.4700805740324351, Error: 0.5298989543793716 -> 0.5299164120423804, 👿 -0.0000175, Variant: overshot
Trained 7e656c6b Score: 0.46993623376744487, Error: 0.5298989543793716 -> 0.5300607523073763, 👿 -0.000162
Compact 7e656c6b Score: 0.46907256933097263, Error: 0.5298989543793716 -> 0.5309245567440225, 👿 -0.00103
Training 1c5c7e8f scheduled
Training 1c5c7e8f with 1 binary file, target error: 0.05, iterations: 1, sample rate: 100%, sparse: 100%
Training af1d051d completed after 450ms
Training af1d051d compacted
Over populated 52, expected 50.
Fine af1d051d Score: 0.4708747051928606, Error: 0.52920951481533 -> 0.5291222708818781, 👌 0.0000872, Variant: undershot
Compact af1d051d Score: 0.4707861969936924, Error: 0.52920951481533 -> 0.5292108990800473, 👿 -0.00000138
Fine af1d051d Score: 0.4707127778722798, Error: 0.52920951481533 -> 0.5292841982024568, 👿 -0.0000747, Variant: overshot
Trained af1d051d Score: 0.47053902201766085, Error: 0.52920951481533 -> 0.5294579540570873, 👿 -0.000248
Training 96069aa4 scheduled
Training 96069aa4 with 1 binary file, target error: 0.05, iterations: 1, sample rate: 100%, sparse: 100%
Training 1c5c7e8f completed after 439ms
Training 1c5c7e8f compacted
Over populated 52, expected 50.
Fine 1c5c7e8f Score: 0.4716765951904366, Error: 0.5283205063877447 -> 0.5283203908838354, 👌 1.16e-7, Variant: undershot
Fine 1c5c7e8f Score: 0.47167656748423076, Error: 0.5283205063877447 -> 0.5283204185900418, 👌 8.78e-8, Variant: overshot
Trained 1c5c7e8f Score: 0.4716759803131795, Error: 0.5283205063877447 -> 0.528321005761093, 👿 -4.99e-7
Compact 1c5c7e8f Score: 0.4706978568467099, Error: 0.5283205063877447 -> 0.5292992692282709, 👿 -0.000979
Training 5aa67893 scheduled
Training 5aa67893 with 1 binary file, target error: 0.05, iterations: 1, sample rate: 100%, sparse: 100%
Fine tuning increased fitness by 0.0004539071866863087 to 0.4729619211210767 adjusted 61 weights, 7 biases 
Training 96069aa4 completed after 485ms
Training 96069aa4 compacted
Over populated 52, expected 50.
Fine 96069aa4 Score: 0.47251440990297705, Error: 0.527488962140767 -> 0.5274825661721791, 👌 0.00000640, Variant: undershot
Compact 96069aa4 Score: 0.4725025074392183, Error: 0.527488962140767 -> 0.5274945886349279, 👿 -0.00000563
Fine 96069aa4 Score: 0.4725017351433468, Error: 0.527488962140767 -> 0.5274952409318091, 👿 -0.00000628, Variant: overshot
Trained 96069aa4 Score: 0.47250167888375266, Error: 0.527488962140767 -> 0.5274952971914063, 👿 -0.00000634
Training 33615be4 scheduled
Training 33615be4 with 1 binary file, target error: 0.05, iterations: 1, sample rate: 100%, sparse: 100%
Training 5aa67893 completed after 387ms
Training 5aa67893 compacted
Over populated 52, expected 50.
Fine 5aa67893 Score: 0.4729610651119757, Error: 0.5270350549540586 -> 0.5270359109631582, 👿 -8.56e-7, Variant: undershot
Fine 5aa67893 Score: 0.47295982145057586, Error: 0.5270350549540586 -> 0.5270371546245594, 👿 -0.00000210, Variant: overshot
Compact 5aa67893 Score: 0.4729591487058449, Error: 0.5270350549540586 -> 0.5270379473682811, 👿 -0.00000289
Trained 5aa67893 Score: 0.4729556673885783, Error: 0.5270350549540586 -> 0.5270413086865576, 👿 -0.00000625
Training 4826209f scheduled
Training 4826209f with 1 binary file, target error: 0.05, iterations: 1, sample rate: 100%, sparse: 100%
Training 33615be4 completed after 479ms
Training 33615be4 compacted
Over populated 52, expected 50.
Generation 50 score 0.47523407875142043 (avg: 0.4655) error 0.5247628973236579 avg time 929ms
Fine 33615be4 Score: 0.47465780607002334, Error: 0.5254030709748504 -> 0.5253391700050681, 👌 0.0000639, Variant: undershot
Compact 33615be4 Score: 0.47459100381927594, Error: 0.5254030709748504 -> 0.5254060922548149, 👿 -0.00000302
Fine 33615be4 Score: 0.4744986338740149, Error: 0.5254030709748504 -> 0.5254983422010856, 👿 -0.0000953, Variant: overshot
Trained 33615be4 Score: 0.47405529686058656, Error: 0.5254030709748504 -> 0.5259416792145417, 👿 -0.000539
Training 5d4a0933 scheduled
Training 5d4a0933 with 1 binary file, target error: 0.05, iterations: 1, sample rate: 100%, sparse: 100%
Training 4826209f completed after 439ms
Training 4826209f compacted
Over populated 52, expected 50.
Fine 4826209f Score: 0.47525346594592766, Error: 0.5247628973236579 -> 0.5247435101291497, 👌 0.0000194, Variant: undershot
Compact 4826209f Score: 0.4752316905961751, Error: 0.5247628973236579 -> 0.5247654054778944, 👿 -0.00000251
Fine 4826209f Score: 0.47522380046713447, Error: 0.5247628973236579 -> 0.5247731756079401, 👿 -0.0000103, Variant: overshot
Trained 4826209f Score: 0.4751410396600236, Error: 0.5247628973236579 -> 0.5248559364150602, 👿 -0.0000930
Training e523787e scheduled
Training e523787e with 1 binary file, target error: 0.05, iterations: 1, sample rate: 100%, sparse: 100%
Training 5d4a0933 completed after 387ms
Training 5d4a0933 compacted
Over populated 52, expected 50.
Fine 5d4a0933 Score: 0.4752591520249001, Error: 0.5247767566805346 -> 0.5247378140505499, 👌 0.0000389, Variant: overshot
Fine 5d4a0933 Score: 0.4752191040856599, Error: 0.5247767566805346 -> 0.524777861989783, 👿 -0.00000111, Variant: undershot
Compact 5d4a0933 Score: 0.47521770931002116, Error: 0.5247767566805346 -> 0.5247793767644188, 👿 -0.00000262
Trained 5d4a0933 Score: 0.47505332039137893, Error: 0.5247767566805346 -> 0.5249436456840766, 👿 -0.000167
Training e470cac7 scheduled
Training e470cac7 with 1 binary file, target error: 0.05, iterations: 1, sample rate: 100%, sparse: 100%
Fine tuning increased fitness by 0.0006591001567312627 to 0.4762646829429659 adjusted 99 weights, 13 biases 
Training e523787e completed after 416ms
Training e523787e compacted
Over populated 52, expected 50.
Fine e523787e Score: 0.4756440557866533, Error: 0.5243913932888098 -> 0.524352920288391, 👌 0.0000385, Variant: overshot
Fine e523787e Score: 0.4756133173806941, Error: 0.5243913932888098 -> 0.524383658694343, 👌 0.00000773, Variant: undershot
Compact e523787e Score: 0.47560351862104144, Error: 0.5243913932888098 -> 0.5243935774529945, 👿 -0.00000218
Trained e523787e Score: 0.4754868293241872, Error: 0.5243913932888098 -> 0.5245101467508677, 👿 -0.000119
Training f3dad32e scheduled
Training f3dad32e with 1 binary file, target error: 0.05, iterations: 1, sample rate: 100%, sparse: 100%
Fine tuning increased fitness by 0.000029056873046495735 to 0.4762937398160124 adjusted 99 weights, 13 biases 
Training e470cac7 completed after 395ms
Training e470cac7 compacted
Trained e470cac7 Score: 0.47626467857031524, Error: 0.5237322931320721 -> 0.5237322975047228, 👿 -4.37e-9
Compact e470cac7 Score: 0.47626336622240134, Error: 0.5237322931320721 -> 0.5237337298516282, 👿 -0.00000144
Training d3ab2e17 scheduled
Training d3ab2e17 with 1 binary file, target error: 0.05, iterations: 1, sample rate: 100%, sparse: 100%
Training f3dad32e completed after 396ms
Training f3dad32e compacted
Over populated 52, expected 50.
Fine f3dad32e Score: 0.4762973081789759, Error: 0.5237032362590234 -> 0.5236996678960564, 👌 0.00000357, Variant: undershot
Compact f3dad32e Score: 0.47629245866690045, Error: 0.5237032362590234 -> 0.5237046374071269, 👿 -0.00000140
Fine f3dad32e Score: 0.4762885156454944, Error: 0.5237032362590234 -> 0.5237084604295399, 👿 -0.00000522, Variant: overshot
Trained f3dad32e Score: 0.4762867639193539, Error: 0.5237032362590234 -> 0.5237102121556835, 👿 -0.00000698
Training 921ff811 scheduled
Training 921ff811 with 1 binary file, target error: 0.05, iterations: 1, sample rate: 100%, sparse: 100%
Remove neuron 6d8fe444-ef94-4e2e-9d5d-33dd8164f405 as no longer connected
Training d3ab2e17 completed after 434ms
Training d3ab2e17 compacted
Over populated 52, expected 50.
Fine d3ab2e17 Score: 0.47627985896566105, Error: 0.5237301740765308 -> 0.5237171171093914, 👌 0.0000131, Variant: overshot
Compact d3ab2e17 Score: 0.4762655612268172, Error: 0.5237301740765308 -> 0.5237315348472228, 👿 -0.00000136
Trained d3ab2e17 Score: 0.4762560163250194, Error: 0.5237301740765308 -> 0.5237409597500459, 👿 -0.0000108
Fine d3ab2e17 Score: 0.4762411290789393, Error: 0.5237301740765308 -> 0.5237558469961257, 👿 -0.0000257, Variant: undershot
Training b10a5896 scheduled
Training b10a5896 with 1 binary file, target error: 0.05, iterations: 1, sample rate: 100%, sparse: 100%
Training 921ff811 completed after 436ms
Training 921ff811 compacted
Over populated 52, expected 50.
Compact 921ff811 Score: 0.4763109010692237, Error: 0.5236848100499486 -> 0.5236861950048041, 👿 -0.00000138
Fine 921ff811 Score: 0.476285952446299, Error: 0.5236848100499486 -> 0.5237110236287386, 👿 -0.0000262, Variant: overshot
Fine 921ff811 Score: 0.476252155107631, Error: 0.5236848100499486 -> 0.5237448209673916, 👿 -0.0000600, Variant: undershot
Trained 921ff811 Score: 0.476160777648681, Error: 0.5236848100499486 -> 0.5238361984263731, 👿 -0.000151
Training 0e945575 scheduled
Training 0e945575 with 1 binary file, target error: 0.05, iterations: 1, sample rate: 100%, sparse: 100%
Fine tuning increased fitness by 0.000058805297941944 to 0.47637915291713756 adjusted 106 weights, 10 biases 
Training b10a5896 completed after 446ms
Training b10a5896 compacted
Over populated 52, expected 50.
Fine b10a5896 Score: 0.47632079037847763, Error: 0.5236766284558406 -> 0.5236761856965586, 👌 4.43e-7, Variant: undershot
Fine b10a5896 Score: 0.47632019772076395, Error: 0.5236766284558406 -> 0.523676778354272, 👿 -1.50e-7, Variant: overshot
Trained b10a5896 Score: 0.47631934070639825, Error: 0.5236766284558406 -> 0.5236776353686382, 👿 -0.00000101
Compact b10a5896 Score: 0.4763190744558666, Error: 0.5236766284558406 -> 0.5236780216181612, 👿 -0.00000139
Training e8afeaef scheduled
Training e8afeaef with 1 binary file, target error: 0.05, iterations: 1, sample rate: 100%, sparse: 100%
Fine tuning increased fitness by 0.00004218486212631545 to 0.4764213377792639 adjusted 106 weights, 10 biases 
Training 0e945575 completed after 429ms
Training 0e945575 compacted
Over populated 52, expected 50.
Fine 0e945575 Score: 0.4763965146140141, Error: 0.5236178231578856 -> 0.5236004614610049, 👌 0.0000174, Variant: undershot
Compact 0e945575 Score: 0.47637790546466763, Error: 0.5236178231578856 -> 0.5236191906093473, 👿 -0.00000137
Fine 0e945575 Score: 0.47636112494898425, Error: 0.5236178231578856 -> 0.5236358511260422, 👿 -0.0000180, Variant: overshot
Trained 0e945575 Score: 0.47631234510748793, Error: 0.5236178231578856 -> 0.5236846309675451, 👿 -0.0000668
Training 45014023 scheduled
Training 45014023 with 1 binary file, target error: 0.05, iterations: 1, sample rate: 100%, sparse: 100%
Fine tuning increased fitness by 0.00003665132882635369 to 0.47645798910809023 adjusted 106 weights, 10 biases 
Constant neuron 7d3dd3e3-f459-4159-931e-6da6464213ab convert hidden to constant
Adjust neuron 7d3dd3e3-f459-4159-931e-6da6464213ab bias -0.4732906 to -0.004732906
Training e8afeaef completed after 478ms
Training e8afeaef compacted
Over populated 52, expected 50.
Generation 60 score 0.47645798910809023 (avg: 0.4721) error 0.5235389869669315 avg time 942ms
Compact e8afeaef Score: 0.47642014687767364, Error: 0.5235756382957469 -> 0.523576949196329, 👿 -0.00000131
Fine e8afeaef Score: 0.4764172831941325, Error: 0.5235756382957469 -> 0.5235796928808775, 👿 -0.00000405, Variant: overshot
Fine e8afeaef Score: 0.47640885801807403, Error: 0.5235756382957469 -> 0.523588118056937, 👿 -0.0000125, Variant: undershot
Trained e8afeaef Score: 0.4764049630012569, Error: 0.5235756382957469 -> 0.5235920130737576, 👿 -0.0000164
Training 481ee5a3 scheduled
Training 481ee5a3 with 1 binary file, target error: 0.05, iterations: 1, sample rate: 100%, sparse: 100%
Training 45014023 completed after 399ms
Training 45014023 compacted
Over populated 52, expected 50.
Trained 45014023 Score: 0.47645998409823337, Error: 0.5235389869669315 -> 0.5235369919767893, 👌 0.00000199
Fine 45014023 Score: 0.47645787328575284, Error: 0.5235389869669315 -> 0.5235391027892662, 👿 -1.16e-7, Variant: undershot
Fine 45014023 Score: 0.47645779473751065, Error: 0.5235389869669315 -> 0.5235391813375115, 👿 -1.94e-7, Variant: overshot
Compact 45014023 Score: 0.4764568139285042, Error: 0.5235389869669315 -> 0.5235402821455092, 👿 -0.00000130
Training fa81a578 scheduled
Training fa81a578 with 1 binary file, target error: 0.05, iterations: 1, sample rate: 100%, sparse: 100%
Training 481ee5a3 completed after 413ms
Training 481ee5a3 compacted
Over populated 52, expected 50.
Fine 481ee5a3 Score: 0.4765308323475303, Error: 0.5235187000617216 -> 0.5234661437274878, 👌 0.0000526, Variant: overshot
Compact 481ee5a3 Score: 0.4764773358297821, Error: 0.5235187000617216 -> 0.5235197602442376, 👿 -0.00000106
Trained 481ee5a3 Score: 0.4763511652830175, Error: 0.5235187000617216 -> 0.5236458107920318, 👿 -0.000127
Fine 481ee5a3 Score: 0.47628190099961276, Error: 0.5235187000617216 -> 0.5237150750753922, 👿 -0.000196, Variant: undershot
Training 2fd4712d scheduled
Training 2fd4712d with 1 binary file, target error: 0.05, iterations: 1, sample rate: 100%, sparse: 100%
Fine tuning increased fitness by 0.00003334416708700161 to 0.4765308323475303 adjusted 150 weights, 17 biases 
Remove neuron 79468590-2312-4c4b-a9ef-dc717cbf71d4 as no longer connected
Training fa81a578 completed after 441ms
Training fa81a578 compacted
Over populated 52, expected 50.
Fine fa81a578 Score: 0.4765454150221192, Error: 0.5234994878945959 -> 0.5234515610529014, 👌 0.0000479, Variant: overshot
Compact fa81a578 Score: 0.47649668095155, Error: 0.5234994878945959 -> 0.5235004151224807, 👿 -9.27e-7
Trained fa81a578 Score: 0.4763353620493689, Error: 0.5234994878945959 -> 0.5236616140256988, 👿 -0.000162
Fine fa81a578 Score: 0.476276112304677, Error: 0.5234994878945959 -> 0.5237208637703432, 👿 -0.000221, Variant: undershot
Training 426778e8 scheduled
Training 426778e8 with 1 binary file, target error: 0.05, iterations: 1, sample rate: 100%, sparse: 100%
Fine tuning increased fitness by 0.000014582674588925482 to 0.4765454150221192 adjusted 150 weights, 17 biases 
Training 2fd4712d completed after 391ms
Training 2fd4712d compacted
Over populated 52, expected 50.
Compact 2fd4712d Score: 0.476529357632454, Error: 0.5234661437274878 -> 0.5234677384415554, 👿 -0.00000159
Trained 2fd4712d Score: 0.47651858483306614, Error: 0.5234661437274878 -> 0.5234783912419577, 👿 -0.0000122
Training 0ef501b0 scheduled
Training 0ef501b0 with 1 binary file, target error: 0.05, iterations: 1, sample rate: 100%, sparse: 100%
Fine tuning increased fitness by 0.00010424700127031894 to 0.47664966202338954 adjusted 150 weights, 17 biases 
Remove neuron cbc968f2-22d9-4405-8449-4bf58a61fab1 as no longer connected
Training 426778e8 completed after 385ms
Training 426778e8 compacted
Over populated 52, expected 50.
Compact 426778e8 Score: 0.47654426999099364, Error: 0.5234515610529014 -> 0.5234528260830177, 👿 -0.00000127
Trained 426778e8 Score: 0.4762323784020788, Error: 0.5234515610529014 -> 0.5237645976729769, 👿 -0.000313
Training 3ab57816 scheduled
Training 3ab57816 with 1 binary file, target error: 0.05, iterations: 1, sample rate: 100%, sparse: 100%
Fine tuning increased fitness by 0.00007085043157706306 to 0.4767205124549666 adjusted 150 weights, 17 biases 
Training 0ef501b0 completed after 385ms
Training 0ef501b0 compacted
Over populated 52, expected 50.
Trained 0ef501b0 Score: 0.4767114941818179, Error: 0.5233473140516035 -> 0.5232854818931925, 👌 0.0000618
Compact 0ef501b0 Score: 0.47664758494503945, Error: 0.5233473140516035 -> 0.5233495111289436, 👿 -0.00000220
Training ad89f202 scheduled
Training ad89f202 with 1 binary file, target error: 0.05, iterations: 1, sample rate: 100%, sparse: 100%
Fine tuning increased fitness by 0.00005503112628757467 to 0.4767755435812542 adjusted 150 weights, 17 biases 
Constant neuron b1a0cec9-6c55-4ff8-9627-be8b9f256395 convert hidden to constant
Adjust neuron b1a0cec9-6c55-4ff8-9627-be8b9f256395 bias -0.0080806 to -0.008064276242375053
Training 3ab57816 completed after 386ms
Training 3ab57816 compacted
Over populated 52, expected 50.
Trained 3ab57816 Score: 0.4768392485577481, Error: 0.5232764636200163 -> 0.5231577275172472, 👌 0.000119
Compact 3ab57816 Score: 0.47671796014103024, Error: 0.5232764636200163 -> 0.5232791359329422, 👿 -0.00000267
Training 2c5a520f scheduled
Training 2c5a520f with 1 binary file, target error: 0.05, iterations: 1, sample rate: 100%, sparse: 100%
Training 3ab57816 increased fitness by 0.00006370497649393903 to 0.4768392485577481
Training ad89f202 completed after 387ms
Training ad89f202 compacted
Over populated 52, expected 50.
Trained ad89f202 Score: 0.4770103484364744, Error: 0.5232214324937278 -> 0.5229866276385294, 👌 0.000235
Compact ad89f202 Score: 0.47677351284328356, Error: 0.5232214324937278 -> 0.5232235832306877, 👿 -0.00000215
Training 2af9ac42 scheduled
Training 2af9ac42 with 1 binary file, target error: 0.05, iterations: 1, sample rate: 100%, sparse: 100%
Training ad89f202 increased fitness by 0.0001710998787262663 to 0.4770103484364744
Training 2c5a520f completed after 388ms
Training 2c5a520f compacted
Over populated 52, expected 50.
Compact 2c5a520f Score: 0.47683707604343367, Error: 0.5231577275172472 -> 0.5231600200305515, 👿 -0.00000229
Trained 2c5a520f Score: 0.47672188024059325, Error: 0.5231577275172472 -> 0.5232750958344193, 👿 -0.000117
Training 0318bfba scheduled
Training 0318bfba with 1 binary file, target error: 0.05, iterations: 1, sample rate: 100%, sparse: 100%
Fine tuning increased fitness by 0.00013001328253708921 to 0.4771403617190115 adjusted 150 weights, 17 biases 
Remove neuron 79468590-2312-4c4b-a9ef-dc717cbf71d4 as no longer connected
Training 2af9ac42 completed after 426ms
Training 2af9ac42 compacted
Over populated 52, expected 50.
Generation 70 score 0.4771403617190115 (avg: 0.4683) error 0.5228566143559874 avg time 955ms
Compact 2af9ac42 Score: 0.47700907077204685, Error: 0.5229866276385294 -> 0.5229880253019472, 👿 -0.00000140
Trained 2af9ac42 Score: 0.476964601572968, Error: 0.5229866276385294 -> 0.5230323745020449, 👿 -0.0000457
Training 7e853cc4 scheduled
Training 7e853cc4 with 1 binary file, target error: 0.05, iterations: 1, sample rate: 100%, sparse: 100%
Fine tuning increased fitness by 0.0002259364552743004 to 0.4773662981742858 adjusted 149 weights, 17 biases 
Training 0318bfba completed after 415ms
Training 0318bfba compacted
Over populated 52, expected 50.
Compact 0318bfba Score: 0.47713927335996176, Error: 0.5228566143559874 -> 0.5228578227140276, 👿 -0.00000121
Trained 0318bfba Score: 0.4770132649550132, Error: 0.5228566143559874 -> 0.5229837111199975, 👿 -0.000127
Training b7e2533e scheduled
Training b7e2533e with 1 binary file, target error: 0.05, iterations: 1, sample rate: 100%, sparse: 100%
Discovered beneficial synapse from 21520a8a-5938-4df1-b280-c9e526917309 to output-0 with weight 0.9337, helping 43.1% more records than it harms (3318/4637)
Discovery c06d22b3 analyze time 1m 8s 621ms found 1 candidates
Training 7e853cc4 completed after 406ms
Training 7e853cc4 compacted
Over populated 52, expected 50.
Trained 7e853cc4 Score: 0.47737310349578105, Error: 0.5226306779007346 -> 0.5226238725792407, 👌 0.00000681
Compact 7e853cc4 Score: 0.4773650980065445, Error: 0.5226306779007346 -> 0.5226319980674661, 👿 -0.00000132
Training c2acbb43 scheduled
Training c2acbb43 with 1 binary file, target error: 0.05, iterations: 1, sample rate: 100%, sparse: 100%
Discovered harmful synapse from input-1507 to cbc968f2-22d9-4405-8449-4bf58a61fab1, harming 21.5% more records than it helps (108/4637)
Discovery c06d22b3 analyze harmful time 809ms found 1 candidates
Remove neuron 6d8fe444-ef94-4e2e-9d5d-33dd8164f405 as no longer connected
Training b7e2533e completed after 410ms
Training b7e2533e compacted
Over populated 52, expected 50.
Fine b7e2533e Score: 0.47767477445402007, Error: 0.5224490033288715 -> 0.5223222016209396, 👌 0.000127, Variant: overshot
Compact b7e2533e Score: 0.47754637813623874, Error: 0.5224490033288715 -> 0.5224507179377195, 👿 -0.00000171
Trained b7e2533e Score: 0.47718187550598307, Error: 0.5224490033288715 -> 0.5228151005690123, 👿 -0.000366
Fine b7e2533e Score: 0.47709797196893095, Error: 0.5224490033288715 -> 0.5228990041059975, 👿 -0.000450, Variant: undershot
Training 2275b96f scheduled
Training 2275b96f with 1 binary file, target error: 0.05, iterations: 1, sample rate: 100%, sparse: 100%
Constant neuron 7d3dd3e3-f459-4159-931e-6da6464213ab convert hidden to constant
Adjust neuron 7d3dd3e3-f459-4159-931e-6da6464213ab bias -0.45879349999999997 to -0.004587935
Training c2acbb43 completed after 384ms
Training c2acbb43 compacted
Over populated 52, expected 50.
Discovery c06d22b3 analyze squashes time 1s 811ms found 2 candidates, Summary: cbc968f2-22d9-4405-8449-4bf58a61fab1 HARD_TANH -> SINE improved: 21.3% error: 41.4564 -> 32.6198,b9df423a-d72e-40fb-a254-3f78b833db5b ELU -> SINE improved: 9.9% error: 15.5901 -> 14.0427
Fine c2acbb43 Score: 0.47772236707895616, Error: 0.5222746412646169 -> 0.5222746089960041, 👌 3.23e-8, Variant: undershot
Compact c2acbb43 Score: 0.47772106297853284, Error: 0.5222746412646169 -> 0.5222760330954157, 👿 -0.00000139
Fine c2acbb43 Score: 0.47760632897427274, Error: 0.5222746412646169 -> 0.5223906471006861, 👿 -0.000116, Variant: overshot
Trained c2acbb43 Score: 0.4771312211455586, Error: 0.5222746412646169 -> 0.522865754929426, 👿 -0.000591
Discovery f69f2b43 scheduled
Training f69f2b43 scheduled
Training f69f2b43 with 1 binary file, target error: 0.05, iterations: 1, sample rate: 100%, sparse: 100%
Fine tuning increased fitness by 0.00008214732587324969 to 0.4778044821362145 adjusted 148 weights, 17 biases 
Discovery f69f2b43 with 1 binary files, sample rate: 100%, batch size: 512
Discovery f69f2b43 initialize time 96ms
Discovery f69f2b43 processing .trainData-location_88/FRANCE/data.bin
Training 2275b96f completed after 479ms
Training 2275b96f compacted
Over populated 56, expected 50.
Fine 2275b96f Score: 0.47772369267062353, Error: 0.5222773688314507 -> 0.5222732734046992, 👌 0.00000410, Variant: overshot
Compact 2275b96f Score: 0.4777181106709464, Error: 0.5222773688314507 -> 0.5222789754033721, 👿 -0.00000161
Fine 2275b96f Score: 0.4776214834230642, Error: 0.5222773688314507 -> 0.5223754826522528, 👿 -0.0000981, Variant: undershot
Trained 2275b96f Score: 0.4776115783010295, Error: 0.5222773688314507 -> 0.5223853877743054, 👿 -0.000108
Training 48995370 scheduled
Training 48995370 with 1 binary file, target error: 0.05, iterations: 1, sample rate: 100%, sparse: 100%
Fine tuning increased fitness by 0.00019761828590636465 to 0.4780021004221209 adjusted 148 weights, 17 biases 
Training f69f2b43 completed after 409ms
Training f69f2b43 compacted
Over populated 52, expected 50.
Fine f69f2b43 Score: 0.4778272667174303, Error: 0.5221924939386899 -> 0.5221697093574668, 👌 0.0000228, Variant: overshot
Compact f69f2b43 Score: 0.47780273154887376, Error: 0.5221924939386899 -> 0.5221943645250218, 👿 -0.00000187
Fine f69f2b43 Score: 0.4778023254281064, Error: 0.5221924939386899 -> 0.5221946506467875, 👿 -0.00000216, Variant: undershot
Trained f69f2b43 Score: 0.4775610112934758, Error: 0.5221924939386899 -> 0.5224359647814445, 👿 -0.000243
Training bd394c28 scheduled
Training bd394c28 with 1 binary file, target error: 0.05, iterations: 1, sample rate: 100%, sparse: 100%
Fine tuning increased fitness by 0.0002648454069497097 to 0.4782669458290706 adjusted 148 weights, 17 biases 
Training 48995370 completed after 442ms
Training 48995370 compacted
Over populated 52, expected 50.
Discovery f69f2b43 read time 12ms for .trainData-location_88/FRANCE/data.bin with 4637 records
Discovery f69f2b43 scanning time 2s 272ms
Fine 48995370 Score: 0.4781269044796093, Error: 0.521994875652686 -> 0.5218700715952119, 👌 0.000125, Variant: overshot
Fine 48995370 Score: 0.47805797433927066, Error: 0.521994875652686 -> 0.5219390017355247, 👌 0.0000559, Variant: undershot
Compact 48995370 Score: 0.4780003058376628, Error: 0.521994875652686 -> 0.5219967902361361, 👿 -0.00000191
Trained 48995370 Score: 0.47729056950501, Error: 0.521994875652686 -> 0.5227064065698169, 👿 -0.000712
Training a42c559a scheduled
Training a42c559a with 1 binary file, target error: 0.05, iterations: 1, sample rate: 100%, sparse: 100%
Remove neuron 008da6ee-32ab-4053-8c5b-74b174616d95 as no longer connected
Remove neuron 84434b7f-1575-4ad5-bf05-00d48b61c3ab as no longer connected
Training bd394c28 completed after 515ms
Training bd394c28 compacted
Over populated 52, expected 50.
Compact bd394c28 Score: 0.478265844950239, Error: 0.5217300302457258 -> 0.5217312511235496, 👿 -0.00000122
Fine bd394c28 Score: 0.47783224270887825, Error: 0.5217300302457258 -> 0.5221647333659133, 👿 -0.000435, Variant: overshot
Trained bd394c28 Score: 0.47591249146660985, Error: 0.5217300302457258 -> 0.524084484608232, 👿 -0.00235
Fine bd394c28 Score: 0.4715277049887669, Error: 0.5217300302457258 -> 0.5284692710860215, 👿 -0.00674, Variant: undershot
Training 2dd01745 scheduled
Training 2dd01745 with 1 binary file, target error: 0.05, iterations: 1, sample rate: 100%, sparse: 100%
Discovery f69f2b43 recorded time 3s 928ms
Remove neuron 008da6ee-32ab-4053-8c5b-74b174616d95 as no longer connected
Training a42c559a completed after 490ms
Training a42c559a compacted
Over populated 52, expected 50.
Trained a42c559a Score: 0.47824843292827296, Error: 0.5217531782753791 -> 0.5217485431465778, 👌 0.00000464
Fine a42c559a Score: 0.4782444821409434, Error: 0.5217531782753791 -> 0.5217524939339065, 👌 6.84e-7, Variant: overshot
Compact a42c559a Score: 0.47824150355306005, Error: 0.5217531782753791 -> 0.5217555925207816, 👿 -0.00000241
Fine a42c559a Score: 0.47824141893181293, Error: 0.5217531782753791 -> 0.5217555571430362, 👿 -0.00000238, Variant: undershot
Training ec9180de scheduled
Training ec9180de with 1 binary file, target error: 0.05, iterations: 1, sample rate: 100%, sparse: 100%
Training 2dd01745 completed after 408ms
Training 2dd01745 compacted
Over populated 52, expected 50.
Generation 80 score 0.47829705849678467 (avg: 0.3849) error 0.5216999175779897 avg time 1s 12ms
Fine 2dd01745 Score: 0.4782717164734278, Error: 0.5217300302608071 -> 0.5217252496017358, 👌 0.00000478, Variant: undershot
Compact 2dd01745 Score: 0.4782649461007946, Error: 0.5217300302608071 -> 0.5217321499729939, 👿 -0.00000212
Fine 2dd01745 Score: 0.4782615635741096, Error: 0.5217300302608071 -> 0.5217354025010529, 👿 -0.00000537, Variant: overshot
Trained 2dd01745 Score: 0.4782389334785064, Error: 0.5217300302608071 -> 0.5217580325966586, 👿 -0.0000280
Training d1368d9d scheduled
Training d1368d9d with 1 binary file, target error: 0.05, iterations: 1, sample rate: 100%, sparse: 100%
Training ec9180de completed after 437ms
Training ec9180de compacted
Over populated 52, expected 50.
Fine ec9180de Score: 0.4782970985120289, Error: 0.5216999175779897 -> 0.5216998775627456, 👌 4.00e-8, Variant: overshot
Trained ec9180de Score: 0.47829699363439904, Error: 0.5216999175779897 -> 0.5216999824403754, 👿 -6.49e-8
Fine ec9180de Score: 0.4782967546347234, Error: 0.5216999175779897 -> 0.5217002214400509, 👿 -3.04e-7, Variant: undershot
Compact ec9180de Score: 0.47829456048525987, Error: 0.5216999175779897 -> 0.5217025355885067, 👿 -0.00000262
Training 2f7806b8 scheduled
Training 2f7806b8 with 1 binary file, target error: 0.05, iterations: 1, sample rate: 100%, sparse: 100%
Training d1368d9d completed after 396ms
Training d1368d9d compacted
Fine d1368d9d Score: 0.4783011105775515, Error: 0.5216977353010949 -> 0.5216958554975897, 👌 0.00000188, Variant: overshot
Fine d1368d9d Score: 0.478299900682688, Error: 0.5216977353010949 -> 0.5216970653924505, 👌 6.70e-7, Variant: undershot
Trained d1368d9d Score: 0.4782976235773729, Error: 0.5216977353010949 -> 0.5216993424977693, 👿 -0.00000161
Compact d1368d9d Score: 0.4782967404455903, Error: 0.5216977353010949 -> 0.5217003456285454, 👿 -0.00000261
Training ddb030fb scheduled
Training ddb030fb with 1 binary file, target error: 0.05, iterations: 1, sample rate: 100%, sparse: 100%
Training 2f7806b8 completed after 445ms
Training 2f7806b8 compacted
Over populated 52, expected 50.
Fine 2f7806b8 Score: 0.478309997477635, Error: 0.5216900958252381 -> 0.5216869585978707, 👌 0.00000314, Variant: undershot
Fine 2f7806b8 Score: 0.4783084203841512, Error: 0.5216900958252381 -> 0.5216885356913553, 👌 0.00000156, Variant: overshot
Trained 2f7806b8 Score: 0.4783060903253131, Error: 0.5216900958252381 -> 0.5216908657501951, 👿 -7.70e-7
Compact 2f7806b8 Score: 0.478304391934649, Error: 0.5216900958252381 -> 0.5216926841398553, 👿 -0.00000259
Training 8b78654d scheduled
Training 8b78654d with 1 binary file, target error: 0.05, iterations: 1, sample rate: 100%, sparse: 100%
Fine tuning increased fitness by 0.00008052614048575935 to 0.47847435544591527 adjusted 84 weights, 10 biases 
Training ddb030fb completed after 411ms
Training ddb030fb compacted
Over populated 52, expected 50.
Fine ddb030fb Score: 0.47839397291765, Error: 0.5216031467693257 -> 0.521603003157105, 👌 1.44e-7, Variant: undershot
Fine ddb030fb Score: 0.47839297466368674, Error: 0.5216031467693257 -> 0.5216040014110684, 👿 -8.55e-7, Variant: overshot
Compact ddb030fb Score: 0.4783921100389172, Error: 0.5216031467693257 -> 0.5216049860348307, 👿 -0.00000184
Trained ddb030fb Score: 0.47839191865054304, Error: 0.5216031467693257 -> 0.5216050574242124, 👿 -0.00000191
Training 2d61765f scheduled
Training 2d61765f with 1 binary file, target error: 0.05, iterations: 1, sample rate: 100%, sparse: 100%
Fine tuning increased fitness by 0.000005919722478930911 to 0.4784802751683942 adjusted 84 weights, 10 biases 
Training 8b78654d completed after 365ms
Training 8b78654d compacted
Trained 8b78654d Score: 0.47847410182216904, Error: 0.5215226006295614 -> 0.5215228542533076, 👿 -2.54e-7
Compact 8b78654d Score: 0.4784733130951224, Error: 0.5215226006295614 -> 0.5215237629793522, 👿 -0.00000116
Training f08ac3b5 scheduled
Training f08ac3b5 with 1 binary file, target error: 0.05, iterations: 1, sample rate: 100%, sparse: 100%
Training 2d61765f completed after 376ms
Training 2d61765f compacted
Over populated 52, expected 50.
Fine 2d61765f Score: 0.4784817705574684, Error: 0.5215166809070872 -> 0.5215151855180127, 👌 0.00000150, Variant: undershot
Fine 2d61765f Score: 0.47847958264362733, Error: 0.5215166809070872 -> 0.5215173734318539, 👿 -6.93e-7, Variant: overshot
Compact 2d61765f Score: 0.4784795814684739, Error: 0.5215166809070872 -> 0.5215174946060058, 👿 -8.14e-7
Trained 2d61765f Score: 0.4784790742533884, Error: 0.5215166809070872 -> 0.5215178818220931, 👿 -0.00000120
Training 236b9185 scheduled
Training 236b9185 with 1 binary file, target error: 0.05, iterations: 1, sample rate: 100%, sparse: 100%
Fine tuning increased fitness by 0.0000367280467318265 to 0.47858778217333386 adjusted 84 weights, 10 biases 
Remove neuron 008da6ee-32ab-4053-8c5b-74b174616d95 as no longer connected
Training f08ac3b5 completed after 402ms
Training f08ac3b5 compacted
Fine f08ac3b5 Score: 0.47856939033137713, Error: 0.5214459019488765 -> 0.5214275657441024, 👌 0.0000183, Variant: overshot
Fine f08ac3b5 Score: 0.47856694383485043, Error: 0.5214459019488765 -> 0.5214300122406237, 👌 0.0000159, Variant: undershot
Compact f08ac3b5 Score: 0.47855024036028904, Error: 0.5214459019488765 -> 0.5214468357141879, 👿 -9.34e-7
Trained f08ac3b5 Score: 0.4784999241716956, Error: 0.5214459019488765 -> 0.5214970319037876, 👿 -0.0000511
Training 4c446f5d scheduled
Training 4c446f5d with 1 binary file, target error: 0.05, iterations: 1, sample rate: 100%, sparse: 100%
Fine tuning increased fitness by 0.00003464536073088942 to 0.47862242753406475 adjusted 84 weights, 10 biases 
Training 236b9185 completed after 427ms
Training 236b9185 compacted
Over populated 52, expected 50.
Compact 236b9185 Score: 0.478588045250796, Error: 0.5214091739021415 -> 0.521409030823678, 👌 1.43e-7
Fine 236b9185 Score: 0.4766768134251585, Error: 0.5214091739021415 -> 0.5233201426503025, 👿 -0.00191, Variant: overshot
Trained 236b9185 Score: 0.474578535183265, Error: 0.5214091739021415 -> 0.5254184208922642, 👿 -0.00401
Fine 236b9185 Score: 0.4744449789806015, Error: 0.5214091739021415 -> 0.5255519770949111, 👿 -0.00414, Variant: undershot
Training a35757d1 scheduled
Training a35757d1 with 1 binary file, target error: 0.05, iterations: 1, sample rate: 100%, sparse: 100%
Remove neuron 7573df4a-aafb-4669-ac10-a1c37cbbd966 as no longer connected
Training 4c446f5d completed after 455ms
Training 4c446f5d compacted
Over populated 52, expected 50.
Fine 4c446f5d Score: 0.4786711443192451, Error: 0.5213745285414105 -> 0.5213258117562537, 👌 0.0000487, Variant: undershot
Fine 4c446f5d Score: 0.47865985805977146, Error: 0.5213745285414105 -> 0.5213370980157069, 👌 0.0000374, Variant: overshot
Compact 4c446f5d Score: 0.4786218283926718, Error: 0.5213745285414105 -> 0.5213752476818019, 👿 -7.19e-7
Trained 4c446f5d Score: 0.47692124106832284, Error: 0.5213745285414105 -> 0.5230757150071911, 👿 -0.00170
Training a6200918 scheduled
Training a6200918 with 1 binary file, target error: 0.05, iterations: 1, sample rate: 100%, sparse: 100%
Fine tuning increased fitness by 0.00007642394898799143 to 0.47872450190431254 adjusted 85 weights, 11 biases 
Training a35757d1 completed after 397ms
Training a35757d1 compacted
Over populated 52, expected 50.
Generation 90 score 0.47872450190431254 (avg: 0.4273) error 0.5212724541711573 avg time 922ms
Fine a35757d1 Score: 0.47864813998582584, Error: 0.5213488781201477 -> 0.521348816089647, 👌 6.20e-8, Variant: overshot
Fine a35757d1 Score: 0.4786473056707533, Error: 0.5213488781201477 -> 0.521349650404719, 👿 -7.72e-7, Variant: undershot
Compact a35757d1 Score: 0.478647049377331, Error: 0.5213488781201477 -> 0.52135002669714, 👿 -0.00000115
Trained a35757d1 Score: 0.4786406703512003, Error: 0.5213488781201477 -> 0.5213562857242725, 👿 -0.00000741
Training 01708953 scheduled
Training 01708953 with 1 binary file, target error: 0.05, iterations: 1, sample rate: 100%, sparse: 100%
Fine tuning increased fitness by 0.00010799845835918198 to 0.4788325003626717 adjusted 85 weights, 11 biases 
Training a6200918 completed after 428ms
Training a6200918 compacted
Over populated 52, expected 50.
Fine a6200918 Score: 0.4787526554352598, Error: 0.5212724541711573 -> 0.521244300640207, 👌 0.0000282, Variant: undershot
Fine a6200918 Score: 0.47873046252278567, Error: 0.5212724541711573 -> 0.5212664935526838, 👌 0.00000596, Variant: overshot
Compact a6200918 Score: 0.4787232998120714, Error: 0.5212724541711573 -> 0.5212737762623973, 👿 -0.00000132
Trained a6200918 Score: 0.47867154724257605, Error: 0.5212724541711573 -> 0.521325408832896, 👿 -0.0000530
Training 0b488dc6 scheduled
Training 0b488dc6 with 1 binary file, target error: 0.05, iterations: 1, sample rate: 100%, sparse: 100%
Remove neuron dceb6a38-b641-4902-b2ed-d32e3f2b13c3 as no longer connected
Training 01708953 completed after 400ms
Training 01708953 compacted
Over populated 52, expected 50.
Compact 01708953 Score: 0.4788320957758763, Error: 0.5211644557127894 -> 0.521164980298584, 👿 -5.25e-7
Fine 01708953 Score: 0.47788942236905585, Error: 0.5211644557127894 -> 0.5221075337063948, 👿 -0.000943, Variant: undershot
Fine 01708953 Score: 0.47768998895086434, Error: 0.5211644557127894 -> 0.5223069671245919, 👿 -0.00114, Variant: overshot
Trained 01708953 Score: 0.4743448058775102, Error: 0.5211644557127894 -> 0.525652150197986, 👿 -0.00449
Training 1996869a scheduled
Training 1996869a with 1 binary file, target error: 0.05, iterations: 1, sample rate: 100%, sparse: 100%
Training 0b488dc6 completed after 391ms
Training 0b488dc6 compacted
Over populated 52, expected 50.
Fine 0b488dc6 Score: 0.47885772724832687, Error: 0.5211587407673551 -> 0.5211392288271313, 👌 0.0000195, Variant: undershot
Compact 0b488dc6 Score: 0.4788368979160969, Error: 0.5211587407673551 -> 0.5211601781583612, 👿 -0.00000144
Fine 0b488dc6 Score: 0.47883079089509256, Error: 0.5211587407673551 -> 0.5211661651803657, 👿 -0.00000742, Variant: overshot
Trained 0b488dc6 Score: 0.4787964106982013, Error: 0.5211587407673551 -> 0.521200545377261, 👿 -0.0000418
Training 71f8b45f scheduled
Training 71f8b45f with 1 binary file, target error: 0.05, iterations: 1, sample rate: 100%, sparse: 100%
Training 1996869a completed after 390ms
Training 1996869a compacted
Over populated 52, expected 50.
Compact 1996869a Score: 0.4788697135504435, Error: 0.5211264494416876 -> 0.5211273625240138, 👿 -9.13e-7
Fine 1996869a Score: 0.4788574699965933, Error: 0.5211264494416876 -> 0.5211394860788747, 👿 -0.0000130, Variant: overshot
Fine 1996869a Score: 0.478824867748436, Error: 0.5211264494416876 -> 0.5211720883270075, 👿 -0.0000456, Variant: undershot
Trained 1996869a Score: 0.4780978963792378, Error: 0.5211264494416876 -> 0.5218990596962405, 👿 -0.000773
Training 02a964ac scheduled
Training 02a964ac with 1 binary file, target error: 0.05, iterations: 1, sample rate: 100%, sparse: 100%
Fine tuning increased fitness by 0.000026537809915627708 to 0.4789461083596515 adjusted 66 weights, 10 biases 
Remove neuron cbc968f2-22d9-4405-8449-4bf58a61fab1 as no longer connected
Training 71f8b45f completed after 401ms
Training 71f8b45f compacted
Over populated 52, expected 50.
Fine 71f8b45f Score: 0.47892350398275196, Error: 0.5210773855257231 -> 0.5210734520927052, 👌 0.00000393, Variant: overshot
Fine 71f8b45f Score: 0.4789212824723789, Error: 0.5210773855257231 -> 0.5210756736030799, 👌 0.00000171, Variant: undershot
Compact 71f8b45f Score: 0.4789178065804044, Error: 0.5210773855257231 -> 0.5210792694940533, 👿 -0.00000188
Trained 71f8b45f Score: 0.47890623565593887, Error: 0.5210773855257231 -> 0.5210907204195218, 👿 -0.0000133
Training bf6ccc22 scheduled
Training bf6ccc22 with 1 binary file, target error: 0.05, iterations: 1, sample rate: 100%, sparse: 100%
Training 02a964ac completed after 383ms
Training 02a964ac compacted
Over populated 52, expected 50.
Fine 02a964ac Score: 0.4789477840522396, Error: 0.5210508477158089 -> 0.5210491720232225, 👌 0.00000168, Variant: undershot
Fine 02a964ac Score: 0.47894311211610496, Error: 0.5210508477158089 -> 0.5210538439593586, 👿 -0.00000300, Variant: overshot
Compact 02a964ac Score: 0.4789422773847838, Error: 0.5210508477158089 -> 0.5210547986896739, 👿 -0.00000395
Trained 02a964ac Score: 0.4789189154176469, Error: 0.5210508477158089 -> 0.5210780406578176, 👿 -0.0000272
Training 0e3d9765 scheduled
Training 0e3d9765 with 1 binary file, target error: 0.05, iterations: 1, sample rate: 100%, sparse: 100%
Training bf6ccc22 completed after 434ms
Training bf6ccc22 compacted
Over populated 52, expected 50.
Fine bf6ccc22 Score: 0.47914370918991633, Error: 0.52096272332876 -> 0.5208532468855424, 👌 0.000109, Variant: undershot
Compact bf6ccc22 Score: 0.4790335960688289, Error: 0.52096272332876 -> 0.5209634800056517, 👿 -7.57e-7
Fine bf6ccc22 Score: 0.47891507167635117, Error: 0.52096272332876 -> 0.5210818843991403, 👿 -0.000119, Variant: overshot
Trained bf6ccc22 Score: 0.47814453490779824, Error: 0.52096272332876 -> 0.5218524211677109, 👿 -0.000890
Training f6736fc4 scheduled
Training f6736fc4 with 1 binary file, target error: 0.05, iterations: 1, sample rate: 100%, sparse: 100%
Fine tuning increased fitness by 0.00046086919596333153 to 0.4796598546377839 adjusted 66 weights, 10 biases 
Training 0e3d9765 completed after 395ms
Training 0e3d9765 compacted
Over populated 52, expected 50.
Fine 0e3d9765 Score: 0.4792287086375006, Error: 0.5207979706336733 -> 0.5207682474379921, 👌 0.0000297, Variant: undershot
Compact 0e3d9765 Score: 0.47919424547431316, Error: 0.5207979706336733 -> 0.5208028306001766, 👿 -0.00000486
Fine 0e3d9765 Score: 0.47913282650320743, Error: 0.5207979706336733 -> 0.5208641295722877, 👿 -0.0000662, Variant: overshot
Trained 0e3d9765 Score: 0.47867096010884486, Error: 0.5207979706336733 -> 0.5213259959666663, 👿 -0.000528
Training 32664cfd scheduled
Training 32664cfd with 1 binary file, target error: 0.05, iterations: 1, sample rate: 100%, sparse: 100%
Fine tuning increased fitness by 0.000607899736241091 to 0.48026775437402497 adjusted 66 weights, 10 biases 
Training f6736fc4 completed after 413ms
Training f6736fc4 compacted
Over populated 52, expected 50.
Fine f6736fc4 Score: 0.47966019839799023, Error: 0.5203371014377614 -> 0.5203367576775554, 👌 3.44e-7, Variant: undershot
Fine f6736fc4 Score: 0.47965993029206616, Error: 0.5203371014377614 -> 0.5203370257834787, 👌 7.57e-8, Variant: overshot
Trained f6736fc4 Score: 0.47965920714038635, Error: 0.5203371014377614 -> 0.5203377489351589, 👿 -6.47e-7
Compact f6736fc4 Score: 0.4796520685217455, Error: 0.5203371014377614 -> 0.5203450075527934, 👿 -0.00000791
Training 1a2749ac scheduled
Training 1a2749ac with 1 binary file, target error: 0.05, iterations: 1, sample rate: 100%, sparse: 100%
Fine tuning increased fitness by 0.0009039285328327762 to 0.48117168290685775 adjusted 64 weights, 10 biases 
Training 32664cfd completed after 412ms
Training 32664cfd compacted
Over populated 52, expected 50.
Generation 100 score 0.48117168290685775 (avg: 0.4741) error 0.5188252731691245 avg time 928ms
Compact 32664cfd Score: 0.48025674493681264, Error: 0.5197292017016116 -> 0.5197403311378148, 👿 -0.0000111
Fine 32664cfd Score: 0.48025667762811436, Error: 0.5197292017016116 -> 0.5197402784475317, 👿 -0.0000111, Variant: overshot
Fine 32664cfd Score: 0.48023732962142907, Error: 0.5197292017016116 -> 0.5197596264542187, 👿 -0.0000304, Variant: undershot
Trained 32664cfd Score: 0.47966311712969323, Error: 0.5197292017016116 -> 0.5203338389459693, 👿 -0.000605
Training 5a8b36b2 scheduled
Training 5a8b36b2 with 1 binary file, target error: 0.05, iterations: 1, sample rate: 100%, sparse: 100%
Fine tuning increased fitness by 0.00015590108418994664 to 0.4813275839910477 adjusted 64 weights, 10 biases 
Remove neuron 8c91a7ea-4124-40c8-b85e-0d38f1be8535 as no longer connected
Training 1a2749ac completed after 410ms
Training 1a2749ac compacted
Compact 1a2749ac Score: 0.48116625489109943, Error: 0.5188252731691245 -> 0.5188308211838745, 👿 -0.00000555
Fine 1a2749ac Score: 0.4811646160939745, Error: 0.5188252731691245 -> 0.5188323399820055, 👿 -0.00000707, Variant: overshot
Fine 1a2749ac Score: 0.48115186857657993, Error: 0.5188252731691245 -> 0.5188450874994055, 👿 -0.0000198, Variant: undershot
Trained 1a2749ac Score: 0.48106346701605646, Error: 0.5188252731691245 -> 0.518933489059937, 👿 -0.000108
Training 86197d09 scheduled
Training 86197d09 with 1 binary file, target error: 0.05, iterations: 1, sample rate: 100%, sparse: 100%
Fine tuning increased fitness by 0.0001436706074910976 to 0.4814712545985388 adjusted 64 weights, 10 biases 
Training 5a8b36b2 completed after 445ms
Training 5a8b36b2 compacted
Over populated 52, expected 50.
Fine 5a8b36b2 Score: 0.48132930364520815, Error: 0.5186693720849505 -> 0.5186676524307899, 👌 0.00000172, Variant: undershot
Fine 5a8b36b2 Score: 0.48132834845907874, Error: 0.5186693720849505 -> 0.5186686076169185, 👌 7.64e-7, Variant: overshot
Compact 5a8b36b2 Score: 0.4813231176008053, Error: 0.5186693720849505 -> 0.518673958474185, 👿 -0.00000459
Trained 5a8b36b2 Score: 0.4813210987284781, Error: 0.5186693720849505 -> 0.5186758573475219, 👿 -0.00000649
Training 7c1c2b14 scheduled
Training 7c1c2b14 with 1 binary file, target error: 0.05, iterations: 1, sample rate: 100%, sparse: 100%
Fine tuning increased fitness by 0.00016369596614601578 to 0.4816349505646848 adjusted 64 weights, 10 biases 
Remove neuron 8c91a7ea-4124-40c8-b85e-0d38f1be8535 as no longer connected
Remove neuron 37f27191-eb04-4a3b-b4cc-5184eac297b9 as no longer connected
Training 86197d09 completed after 419ms
Training 86197d09 compacted
Over populated 52, expected 50.
Fine 86197d09 Score: 0.4814695842026128, Error: 0.5185257014774718 -> 0.5185273718734013, 👿 -0.00000167, Variant: overshot
Compact 86197d09 Score: 0.4814683534861549, Error: 0.5185257014774718 -> 0.5185287225888486, 👿 -0.00000302
Fine 86197d09 Score: 0.4814493890921464, Error: 0.5185257014774718 -> 0.5185475669838614, 👿 -0.0000219, Variant: undershot
Trained 86197d09 Score: 0.48138585047565635, Error: 0.5185257014774718 -> 0.5186111056003649, 👿 -0.0000854
Training eb91d5eb scheduled
Training eb91d5eb with 1 binary file, target error: 0.05, iterations: 1, sample rate: 100%, sparse: 100%
Training 7c1c2b14 completed after 382ms
Training 7c1c2b14 compacted
Fine 7c1c2b14 Score: 0.4816351232301053, Error: 0.5183620055112584 -> 0.5183618328458379, 👌 1.73e-7, Variant: overshot
Fine 7c1c2b14 Score: 0.48163507243852466, Error: 0.5183620055112584 -> 0.5183618836374189, 👌 1.22e-7, Variant: undershot
Trained 7c1c2b14 Score: 0.48163432649296806, Error: 0.5183620055112584 -> 0.5183626295829753, 👿 -6.24e-7
Compact 7c1c2b14 Score: 0.4816334657879241, Error: 0.5183620055112584 -> 0.5183636102870136, 👿 -0.00000160
Training 61af417d scheduled
Training 61af417d with 1 binary file, target error: 0.05, iterations: 1, sample rate: 100%, sparse: 100%
Training eb91d5eb completed after 391ms
Training eb91d5eb compacted
Over populated 52, expected 50.
Fine eb91d5eb Score: 0.4816912579145635, Error: 0.5183045981640035 -> 0.5183056981614561, 👿 -0.00000110, Variant: overshot
Compact eb91d5eb Score: 0.4816906783823448, Error: 0.5183045981640035 -> 0.5183063976926683, 👿 -0.00000180
Fine eb91d5eb Score: 0.481690486958034, Error: 0.5183045981640035 -> 0.5183064691179862, 👿 -0.00000187, Variant: undershot
Trained eb91d5eb Score: 0.4816882178800836, Error: 0.5183045981640035 -> 0.5183087381959369, 👿 -0.00000414
Training ea1fef8b scheduled
Training ea1fef8b with 1 binary file, target error: 0.05, iterations: 1, sample rate: 100%, sparse: 100%
Remove neuron ac1c8dc8-9b88-41d9-ac2c-b8dc55e44cc0 as no longer connected
Training 61af417d completed after 452ms
Training 61af417d compacted
Over populated 52, expected 50.
Compact 61af417d Score: 0.4816883163102635, Error: 0.5183069850079356 -> 0.5183087597647401, 👿 -0.00000177
Fine 61af417d Score: 0.481686913213328, Error: 0.5183069850079356 -> 0.518310042862679, 👿 -0.00000306, Variant: undershot
Fine 61af417d Score: 0.48168150429894274, Error: 0.5183069850079356 -> 0.5183154517770711, 👿 -0.00000847, Variant: overshot
Trained 61af417d Score: 0.48164685379732397, Error: 0.5183069850079356 -> 0.5183501022786919, 👿 -0.0000431
Training df6626c6 scheduled
Training df6626c6 with 1 binary file, target error: 0.05, iterations: 1, sample rate: 100%, sparse: 100%
Training ea1fef8b completed after 380ms
Training ea1fef8b compacted
Over populated 52, expected 50.
Compact ea1fef8b Score: 0.4816908339413, Error: 0.5183045900411866 -> 0.5183062321340831, 👿 -0.00000164
Fine ea1fef8b Score: 0.4816714269548081, Error: 0.5183045900411866 -> 0.5183255191215785, 👿 -0.0000209, Variant: overshot
Fine ea1fef8b Score: 0.48145325638752856, Error: 0.5183045900411866 -> 0.518543689688847, 👿 -0.000239, Variant: undershot
Trained ea1fef8b Score: 0.4810977405767107, Error: 0.5183045900411866 -> 0.5188992054996948, 👿 -0.000595
Training 28dfc3d0 scheduled
Training 28dfc3d0 with 1 binary file, target error: 0.05, iterations: 1, sample rate: 100%, sparse: 100%
Fine tuning increased fitness by 0.00006806457573477198 to 0.4817763773018461 adjusted 42 weights, 8 biases 
Training df6626c6 completed after 391ms
Training df6626c6 compacted
Over populated 52, expected 50.
Fine df6626c6 Score: 0.48170835234468445, Error: 0.518288643349908 -> 0.5182886037313348, 👌 3.96e-8, Variant: undershot
Fine df6626c6 Score: 0.4817082475949807, Error: 0.518288643349908 -> 0.5182887084810386, 👿 -6.51e-8, Variant: overshot
Trained df6626c6 Score: 0.48170817260124454, Error: 0.518288643349908 -> 0.5182887834747748, 👿 -1.40e-7
Compact df6626c6 Score: 0.48170783151305896, Error: 0.518288643349908 -> 0.5182892445619547, 👿 -6.01e-7
Training a4cf9025 scheduled
Training a4cf9025 with 1 binary file, target error: 0.05, iterations: 1, sample rate: 100%, sparse: 100%
Fine tuning increased fitness by 0.0001115062753852536 to 0.48188788357723134 adjusted 42 weights, 8 biases 
Training 28dfc3d0 completed after 426ms
Training 28dfc3d0 compacted
Over populated 52, expected 50.
Compact 28dfc3d0 Score: 0.48177624656026236, Error: 0.5182205787741617 -> 0.5182208295147391, 👿 -2.51e-7
Fine 28dfc3d0 Score: 0.4810532886251246, Error: 0.5182205787741617 -> 0.5189436674508751, 👿 -0.000723, Variant: overshot
Fine 28dfc3d0 Score: 0.48024458635035144, Error: 0.5182205787741617 -> 0.5197523697256331, 👿 -0.00153, Variant: undershot
Trained 28dfc3d0 Score: 0.4753570910422559, Error: 0.5182205787741617 -> 0.5246398650338052, 👿 -0.00642
Training 8820abba scheduled
Training 8820abba with 1 binary file, target error: 0.05, iterations: 1, sample rate: 100%, sparse: 100%
Training a4cf9025 completed after 448ms
Training a4cf9025 compacted
Over populated 52, expected 50.
Generation 110 score 0.4824043715260397 (avg: 0.4774) error 0.5175925845499569 avg time 932ms
Compact a4cf9025 Score: 0.4818851375228077, Error: 0.5181090724987674 -> 0.5181119385521833, 👿 -0.00000287
Fine a4cf9025 Score: 0.4818794882970923, Error: 0.5181090724987674 -> 0.5181174677789011, 👿 -0.00000840, Variant: overshot
Fine a4cf9025 Score: 0.48187626004188205, Error: 0.5181090724987674 -> 0.5181206960341005, 👿 -0.0000116, Variant: undershot
Trained a4cf9025 Score: 0.4816955379407298, Error: 0.5181090724987674 -> 0.5183014181352852, 👿 -0.000192
Training 3067efb3 scheduled
Training 3067efb3 with 1 binary file, target error: 0.05, iterations: 1, sample rate: 100%, sparse: 100%
Training 8820abba completed after 447ms
Training 8820abba compacted
Over populated 52, expected 50.
Fine 8820abba Score: 0.4824047607492187, Error: 0.5175925845499569 -> 0.5175921953267778, 👌 3.89e-7, Variant: undershot
Fine 8820abba Score: 0.4824044444129555, Error: 0.5175925845499569 -> 0.5175925116630411, 👌 7.29e-8, Variant: overshot
Compact 8820abba Score: 0.48240439247083067, Error: 0.5175925845499569 -> 0.5175926836041629, 👿 -9.91e-8
Trained 8820abba Score: 0.4824038823119365, Error: 0.5175925845499569 -> 0.5175930737640603, 👿 -4.89e-7
Training c401e8dd scheduled
Training c401e8dd with 1 binary file, target error: 0.05, iterations: 1, sample rate: 100%, sparse: 100%
Fine tuning increased fitness by 0.000011254868889587488 to 0.4824467543888823 adjusted 74 weights, 11 biases 
Training 3067efb3 completed after 436ms
Training 3067efb3 compacted
Over populated 52, expected 50.
Fine 3067efb3 Score: 0.48243821725228875, Error: 0.5175614565559832 -> 0.517558738823685, 👌 0.00000272, Variant: undershot
Fine 3067efb3 Score: 0.4824368917960987, Error: 0.5175614565559832 -> 0.5175600642798778, 👌 0.00000139, Variant: overshot
Compact 3067efb3 Score: 0.48243660816051426, Error: 0.5175614565559832 -> 0.5175604679144656, 👌 9.89e-7
Trained 3067efb3 Score: 0.4824286124159692, Error: 0.5175614565559832 -> 0.5175683436600081, 👿 -0.00000689
Training 9d3a922c scheduled
Training 9d3a922c with 1 binary file, target error: 0.05, iterations: 1, sample rate: 100%, sparse: 100%
Fine tuning increased fitness by 0.00004308583928708254 to 0.4824898402281694 adjusted 74 weights, 11 biases 
Training c401e8dd completed after 411ms
Training c401e8dd compacted
Over populated 52, expected 50.
Compact c401e8dd Score: 0.4824469405948096, Error: 0.5175502016870762 -> 0.5175501354801638, 👌 6.62e-8
Fine c401e8dd Score: 0.4824459408246027, Error: 0.5175502016870762 -> 0.5175510152513544, 👿 -8.14e-7, Variant: overshot
Fine c401e8dd Score: 0.4824453870588665, Error: 0.5175502016870762 -> 0.5175515690170922, 👿 -0.00000137, Variant: undershot
Trained c401e8dd Score: 0.48242627186367243, Error: 0.5175502016870762 -> 0.517570684212289, 👿 -0.0000205
Training 066c0212 scheduled
Training 066c0212 with 1 binary file, target error: 0.05, iterations: 1, sample rate: 100%, sparse: 100%
Fine tuning increased fitness by 0.000005293198462597015 to 0.482495133426632 adjusted 74 weights, 11 biases 
Training 9d3a922c completed after 395ms
Training 9d3a922c compacted
Over populated 52, expected 50.
Fine 9d3a922c Score: 0.48249066752958186, Error: 0.5175071158477996 -> 0.5175062885463847, 👌 8.27e-7, Variant: undershot
Compact 9d3a922c Score: 0.48248965807206734, Error: 0.5175071158477996 -> 0.5175074180029146, 👿 -3.02e-7
Fine 9d3a922c Score: 0.48248331860011373, Error: 0.5175071158477996 -> 0.5175136374758543, 👿 -0.00000652, Variant: overshot
Trained 9d3a922c Score: 0.482475366314101, Error: 0.5175071158477996 -> 0.5175215897618703, 👿 -0.0000145
Training 56768b44 scheduled
Training 56768b44 with 1 binary file, target error: 0.05, iterations: 1, sample rate: 100%, sparse: 100%
Training 066c0212 completed after 431ms
Training 066c0212 compacted
Over populated 52, expected 50.
Compact 066c0212 Score: 0.4824951934616727, Error: 0.517501822649337 -> 0.5175018826133091, 👿 -6.00e-8
Fine 066c0212 Score: 0.48115168640428435, Error: 0.517501822649337 -> 0.5188452696716807, 👿 -0.00134, Variant: overshot
Trained 066c0212 Score: 0.480077636940427, Error: 0.517501822649337 -> 0.5199193191355806, 👿 -0.00242
Fine 066c0212 Score: 0.47787660252277675, Error: 0.517501822649337 -> 0.5221203535531407, 👿 -0.00462, Variant: undershot
Training 6a5db5f0 scheduled
Training 6a5db5f0 with 1 binary file, target error: 0.05, iterations: 1, sample rate: 100%, sparse: 100%
Fine tuning increased fitness by 0.000004656218512699706 to 0.48251511958269616 adjusted 8 weights, 2 biases 
Training 56768b44 completed after 445ms
Training 56768b44 compacted
Fine 56768b44 Score: 0.4825598852092803, Error: 0.5174864927117904 -> 0.5174370708666993, 👌 0.0000494, Variant: overshot
Compact 56768b44 Score: 0.4825103720425405, Error: 0.5174864927117904 -> 0.5174867040324463, 👿 -2.11e-7
Fine 56768b44 Score: 0.4819873617161938, Error: 0.5174864927117904 -> 0.5180095943597922, 👿 -0.000523, Variant: undershot
Trained 56768b44 Score: 0.48188992523649815, Error: 0.5174864927117904 -> 0.518107030839504, 👿 -0.000621
Training 04e2a89e scheduled
Training 04e2a89e with 1 binary file, target error: 0.05, iterations: 1, sample rate: 100%, sparse: 100%
Fine tuning increased fitness by 0.00004476562658412009 to 0.4825598852092803 adjusted 150 weights, 17 biases 
Remove neuron cbc968f2-22d9-4405-8449-4bf58a61fab1 as no longer connected
Training 6a5db5f0 completed after 370ms
Training 6a5db5f0 compacted
Compact 6a5db5f0 Score: 0.48251501940136626, Error: 0.5174818364932874 -> 0.51748205667363, 👿 -2.20e-7
Fine 6a5db5f0 Score: 0.4825145957592325, Error: 0.5174818364932874 -> 0.5174823603167484, 👿 -5.24e-7, Variant: undershot
Fine 6a5db5f0 Score: 0.48251173289124283, Error: 0.5174818364932874 -> 0.5174852231847366, 👿 -0.00000339, Variant: overshot
Trained 6a5db5f0 Score: 0.4824908882695631, Error: 0.5174818364932874 -> 0.5175060678064235, 👿 -0.0000242
Training de26e8ff scheduled
Training de26e8ff with 1 binary file, target error: 0.05, iterations: 1, sample rate: 100%, sparse: 100%
Fine tuning increased fitness by 0.000046631022151855106 to 0.48260651623143214 adjusted 150 weights, 17 biases 
Training 04e2a89e completed after 439ms
Training 04e2a89e compacted
Over populated 52, expected 50.
Trained 04e2a89e Score: 0.4825600782238876, Error: 0.5174370708666993 -> 0.5174368778520924, 👌 1.93e-7
Compact 04e2a89e Score: 0.48255976279696533, Error: 0.5174370708666993 -> 0.5174373132780269, 👿 -2.42e-7
Training afea68d1 scheduled
Training afea68d1 with 1 binary file, target error: 0.05, iterations: 1, sample rate: 100%, sparse: 100%
Fine tuning increased fitness by 0.00005083957503720926 to 0.48265735580646935 adjusted 150 weights, 17 biases 
Discovered beneficial synapse from cbc968f2-22d9-4405-8449-4bf58a61fab1 to 3543e446-9d9e-4e97-acfb-6ec3f2b46583 with weight -0.4052, helping 37.1% more records than it harms (3179/4637)
Discovery f69f2b43 analyze time 37s 366ms found 1 candidates
Training de26e8ff completed after 458ms
Training de26e8ff compacted
Over populated 52, expected 50.
Discovered harmful synapse from input-1507 to cbc968f2-22d9-4405-8449-4bf58a61fab1, harming 16.6% more records than it helps (52/4637)
Discovery f69f2b43 analyze harmful time 479ms found 1 candidates
Compact de26e8ff Score: 0.4826064427966406, Error: 0.5173904398445381 -> 0.5173906332783426, 👿 -1.93e-7
Trained de26e8ff Score: 0.4818357512917368, Error: 0.5173904398445381 -> 0.518161204784268, 👿 -0.000771
Training 6432f110 scheduled
Training 6432f110 with 1 binary file, target error: 0.05, iterations: 1, sample rate: 100%, sparse: 100%
Training afea68d1 completed after 408ms
Training afea68d1 compacted
Over populated 52, expected 50.
Generation 120 score 0.48271771626224863 (avg: 0.4712) error 0.5172792398137126 avg time 918ms
Compact afea68d1 Score: 0.48265721708084647, Error: 0.5173396002694935 -> 0.5173398589941297, 👿 -2.59e-7
Trained afea68d1 Score: 0.48263114657144024, Error: 0.5173396002694935 -> 0.5173658095045255, 👿 -0.0000262
Training 39be6e79 scheduled
Training 39be6e79 with 1 binary file, target error: 0.05, iterations: 1, sample rate: 100%, sparse: 100%
Fine tuning increased fitness by 0.000022732067182895666 to 0.4827404483294315 adjusted 150 weights, 17 biases 
Training 6432f110 completed after 454ms
Training 6432f110 compacted
Over populated 52, expected 50.
Fine 6432f110 Score: 0.48272204223364057, Error: 0.5172792398137126 -> 0.5172749138423187, 👌 0.00000433, Variant: undershot
Fine 6432f110 Score: 0.4827182011934856, Error: 0.5172792398137126 -> 0.5172787548824767, 👌 4.85e-7, Variant: overshot
Compact 6432f110 Score: 0.4827174772287647, Error: 0.5172792398137126 -> 0.5172795988462103, 👿 -3.59e-7
Trained 6432f110 Score: 0.48270867364711506, Error: 0.5172792398137126 -> 0.5172882824288481, 👿 -0.00000904
Training 6358cd02 scheduled
Training 6358cd02 with 1 binary file, target error: 0.05, iterations: 1, sample rate: 100%, sparse: 100%
Fine tuning increased fitness by 0.00003181216472347703 to 0.482772260494155 adjusted 150 weights, 17 biases 
Discovery f69f2b43 analyze squashes time 2s 114ms found 2 candidates, Summary: 79468590-2312-4c4b-a9ef-dc717cbf71d4 SOFTSIGN -> SQRT improved: 8.1% error: 14.1069 -> 12.9675,7d3dd3e3-f459-4159-931e-6da6464213ab LeakyReLU -> SOFTSIGN improved: 6.6% error: 4.6267 -> 4.3200
Training 39be6e79 completed after 409ms
Training 39be6e79 compacted
Over populated 52, expected 50.
Compact 39be6e79 Score: 0.48274013433444996, Error: 0.5172565077465324 -> 0.5172569417405275, 👿 -4.34e-7
Fine 39be6e79 Score: 0.4826917688669431, Error: 0.5172565077465324 -> 0.517305187209013, 👿 -0.0000487, Variant: overshot
Fine 39be6e79 Score: 0.4826872491319397, Error: 0.5172565077465324 -> 0.5173097069440181, 👿 -0.0000532, Variant: undershot
Trained 39be6e79 Score: 0.482183224468228, Error: 0.5172565077465324 -> 0.5178137316077638, 👿 -0.000557
Discovery 10ac4cb1 scheduled
Training 10ac4cb1 scheduled
Training 10ac4cb1 with 1 binary file, target error: 0.05, iterations: 1, sample rate: 100%, sparse: 100%
Discovery 10ac4cb1 with 1 binary files, sample rate: 100%, batch size: 512
Discovery 10ac4cb1 initialize time 74ms
Discovery 10ac4cb1 processing .trainData-location_88/FRANCE/data.bin
Remove neuron b9df423a-d72e-40fb-a254-3f78b833db5b as no longer connected
Remove neuron 79468590-2312-4c4b-a9ef-dc717cbf71d4 as no longer connected
Training 6358cd02 completed after 408ms
Training 6358cd02 compacted
Over populated 56, expected 50.
Compact 6358cd02 Score: 0.48277198594852094, Error: 0.5172246955818092 -> 0.5172250901264565, 👿 -3.95e-7
Fine 6358cd02 Score: 0.48276979683601773, Error: 0.5172246955818092 -> 0.5172271592399303, 👿 -0.00000246, Variant: undershot
Fine 6358cd02 Score: 0.4827243828784426, Error: 0.5172246955818092 -> 0.5172725731975214, 👿 -0.0000479, Variant: overshot
Trained 6358cd02 Score: 0.48263496879354373, Error: 0.5172246955818092 -> 0.5173619872824361, 👿 -0.000137
Training ee19e32f scheduled
Training ee19e32f with 1 binary file, target error: 0.05, iterations: 1, sample rate: 100%, sparse: 100%
Training 10ac4cb1 completed after 445ms
Training 10ac4cb1 compacted
Trained 10ac4cb1 Score: 0.4827869067344631, Error: 0.5172185992668187 -> 0.5172100493415006, 👌 0.00000855
Fine 10ac4cb1 Score: 0.48278062243567643, Error: 0.5172185992668187 -> 0.5172163336402832, 👌 0.00000227, Variant: overshot
Compact 10ac4cb1 Score: 0.482778069858801, Error: 0.5172185992668187 -> 0.5172190062161736, 👿 -4.07e-7
Fine 10ac4cb1 Score: 0.48275570909955245, Error: 0.5172185992668187 -> 0.5172412469764077, 👿 -0.0000226, Variant: undershot
Training 6f702b87 scheduled
Training 6f702b87 with 1 binary file, target error: 0.05, iterations: 1, sample rate: 100%, sparse: 100%
Discovery 10ac4cb1 read time 9ms for .trainData-location_88/FRANCE/data.bin with 4637 records
Discovery 10ac4cb1 scanning time 2s 120ms
Training ee19e32f completed after 441ms
Training ee19e32f compacted
Over populated 52, expected 50.
Trained ee19e32f Score: 0.48283886261297454, Error: 0.5171734935993262 -> 0.5171580934629912, 👌 0.0000154
Compact ee19e32f Score: 0.48282333275313866, Error: 0.5171734935993262 -> 0.5171737433218347, 👿 -2.50e-7
Fine ee19e32f Score: 0.48282221288113236, Error: 0.5171734935993262 -> 0.5171747431948296, 👿 -0.00000125, Variant: overshot
Fine ee19e32f Score: 0.4828194226479589, Error: 0.5171734935993262 -> 0.517177533427998, 👿 -0.00000404, Variant: undershot
Training fc56c03b scheduled
Training fc56c03b with 1 binary file, target error: 0.05, iterations: 1, sample rate: 100%, sparse: 100%
Fine tuning increased fitness by 0.00004252147432237674 to 0.48287957389215697 adjusted 150 weights, 17 biases 
Training 6f702b87 completed after 425ms
Training 6f702b87 compacted
Over populated 52, expected 50.
Discovery 10ac4cb1 recorded time 3s 409ms
Fine 6f702b87 Score: 0.482837019445561, Error: 0.5171599036581362 -> 0.517159936630399, 👿 -3.30e-8, Variant: undershot
Compact 6f702b87 Score: 0.48283668939778074, Error: 0.5171599036581362 -> 0.5171603866771982, 👿 -4.83e-7
Fine 6f702b87 Score: 0.4827906943169524, Error: 0.5171599036581362 -> 0.5172062617590086, 👿 -0.0000464, Variant: overshot
Trained 6f702b87 Score: 0.4825865553467199, Error: 0.5171599036581362 -> 0.5174104007292797, 👿 -0.000250
Training 6d5429d4 scheduled
Training 6d5429d4 with 1 binary file, target error: 0.05, iterations: 1, sample rate: 100%, sparse: 100%
Fine tuning increased fitness by 0.00004930287175386461 to 0.48292887676391083 adjusted 150 weights, 17 biases 
Training fc56c03b completed after 465ms
Training fc56c03b compacted
Trained fc56c03b Score: 0.48287958523617336, Error: 0.5171173821838028 -> 0.5171173708397864, 👌 1.13e-8
Compact fc56c03b Score: 0.4828793568635313, Error: 0.5171173821838028 -> 0.5171177192114362, 👿 -3.37e-7
Training 6c1515fb scheduled
Training 6c1515fb with 1 binary file, target error: 0.05, iterations: 1, sample rate: 100%, sparse: 100%
Fine tuning increased fitness by 0.000011699050636415631 to 0.48294057581454725 adjusted 150 weights, 17 biases 
Training 6d5429d4 completed after 465ms
Training 6d5429d4 compacted
Over populated 52, expected 50.
Fine 6d5429d4 Score: 0.48292938791704565, Error: 0.5170680793120517 -> 0.5170675681589163, 👌 5.11e-7, Variant: overshot
Trained 6d5429d4 Score: 0.4829293791661289, Error: 0.5170680793120517 -> 0.5170675769098346, 👌 5.02e-7
Fine 6d5429d4 Score: 0.48292918510491245, Error: 0.5170680793120517 -> 0.5170677709710508, 👌 3.08e-7, Variant: undershot
Compact 6d5429d4 Score: 0.482928708240981, Error: 0.5170680793120517 -> 0.5170683678339891, 👿 -2.89e-7
Training e88f7850 scheduled
Training e88f7850 with 1 binary file, target error: 0.05, iterations: 1, sample rate: 100%, sparse: 100%
Fine tuning increased fitness by 0.00005366409307383524 to 0.4829942399076211 adjusted 150 weights, 17 biases 
Remove neuron 6d8fe444-ef94-4e2e-9d5d-33dd8164f405 as no longer connected
Training 6c1515fb completed after 435ms
Training 6c1515fb compacted
Over populated 52, expected 50.
Trained 6c1515fb Score: 0.48294083727665704, Error: 0.5170563802614219 -> 0.5170561187993121, 👌 2.61e-7
Fine 6c1515fb Score: 0.4829405644027789, Error: 0.5170563802614219 -> 0.5170563916731901, 👿 -1.14e-8, Variant: overshot
Fine 6c1515fb Score: 0.4829404295784007, Error: 0.5170563802614219 -> 0.5170565264975685, 👿 -1.46e-7, Variant: undershot
Compact 6c1515fb Score: 0.48294038794082383, Error: 0.5170563802614219 -> 0.5170566881341527, 👿 -3.08e-7
Training a9b21480 scheduled
Training a9b21480 with 1 binary file, target error: 0.05, iterations: 1, sample rate: 100%, sparse: 100%
Training e88f7850 completed after 393ms
Training e88f7850 compacted
Over populated 52, expected 50.
Generation 130 score 0.48302235403792 (avg: 0.4242) error 0.5169746020380604 avg time 1s 2ms
Trained e88f7850 Score: 0.48299486916134815, Error: 0.5170027161683615 -> 0.5170020869146398, 👌 6.29e-7
Compact e88f7850 Score: 0.4829940198877371, Error: 0.5170027161683615 -> 0.5170030561872527, 👿 -3.40e-7
Fine e88f7850 Score: 0.4829861796192946, Error: 0.5170027161683615 -> 0.5170107764566899, 👿 -0.00000806, Variant: overshot
Fine e88f7850 Score: 0.48298052602858127, Error: 0.5170027161683615 -> 0.5170164300473988, 👿 -0.0000137, Variant: undershot
Training 0a41f927 scheduled
Training 0a41f927 with 1 binary file, target error: 0.05, iterations: 1, sample rate: 100%, sparse: 100%
Training a9b21480 completed after 445ms
Training a9b21480 compacted
Over populated 52, expected 50.
Fine a9b21480 Score: 0.4830235878678405, Error: 0.5169746020380604 -> 0.5169733682081347, 👌 0.00000123, Variant: overshot
Compact a9b21480 Score: 0.48302215218995664, Error: 0.5169746020380604 -> 0.5169749238850311, 👿 -3.22e-7
Fine a9b21480 Score: 0.4829625973376424, Error: 0.5169746020380604 -> 0.5170343587383238, 👿 -0.0000598, Variant: undershot
Trained a9b21480 Score: 0.48294699076073455, Error: 0.5169746020380604 -> 0.5170499653152596, 👿 -0.0000754
Training f186c034 scheduled
Training f186c034 with 1 binary file, target error: 0.05, iterations: 1, sample rate: 100%, sparse: 100%
Training 0a41f927 completed after 373ms
Training 0a41f927 compacted
Trained 0a41f927 Score: 0.4830875752892066, Error: 0.5169134714333757 -> 0.5169096307863591, 👌 0.00000384
Compact 0a41f927 Score: 0.48306871240732624, Error: 0.5169134714333757 -> 0.516928633666405, 👿 -0.0000152
Training ce0fb541 scheduled
Training ce0fb541 with 1 binary file, target error: 0.05, iterations: 1, sample rate: 100%, sparse: 100%
Training f186c034 completed after 426ms
Training f186c034 compacted
Over populated 52, expected 50.
Trained f186c034 Score: 0.4837274661663926, Error: 0.5163917045660112 -> 0.5162697399091674, 👌 0.000122
Compact f186c034 Score: 0.4835829653209896, Error: 0.5163917045660112 -> 0.5164143807527259, 👿 -0.0000227
Fine f186c034 Score: 0.483514106553374, Error: 0.5163917045660112 -> 0.5164830995221854, 👿 -0.0000914, Variant: overshot
Fine f186c034 Score: 0.48301124891295394, Error: 0.5163917045660112 -> 0.5169859571626148, 👿 -0.000594, Variant: undershot
Training d18ac55c scheduled
Training d18ac55c with 1 binary file, target error: 0.05, iterations: 1, sample rate: 100%, sparse: 100%
Training f186c034 increased fitness by 0.0001219238695030489 to 0.4837274661663926
Training ce0fb541 completed after 415ms
Training ce0fb541 compacted
Trained ce0fb541 Score: 0.4836055582705593, Error: 0.5163916537790416 -> 0.5163916378053719, 👌 1.60e-8
Compact ce0fb541 Score: 0.4835830277001159, Error: 0.5163916537790416 -> 0.5164143083739848, 👿 -0.0000227
Training 779cc4fe scheduled
Training 779cc4fe with 1 binary file, target error: 0.05, iterations: 1, sample rate: 100%, sparse: 100%
Fine tuning increased fitness by 0.0002766498010485785 to 0.4840041159674412 adjusted 148 weights, 16 biases 
Training d18ac55c completed after 427ms
Training d18ac55c compacted
Trained d18ac55c Score: 0.4837274154715193, Error: 0.5162697399091674 -> 0.5162697906040407, 👿 -5.07e-8
Compact d18ac55c Score: 0.48370507600697277, Error: 0.5162697399091674 -> 0.5162922700667528, 👿 -0.0000225
Training 49448606 scheduled
Training 49448606 with 1 binary file, target error: 0.05, iterations: 1, sample rate: 100%, sparse: 100%
Fine tuning increased fitness by 0.00016571236280776835 to 0.48416982833024896 adjusted 148 weights, 16 biases 
Training 779cc4fe completed after 411ms
Training 779cc4fe compacted
Over populated 52, expected 50.
Compact 779cc4fe Score: 0.4839803267956226, Error: 0.5159930801085062 -> 0.5160170092784941, 👿 -0.0000239
Trained 779cc4fe Score: 0.48385437148423976, Error: 0.5159930801085062 -> 0.5161428245917122, 👿 -0.000150
Training 758fe643 scheduled
Training 758fe643 with 1 binary file, target error: 0.05, iterations: 1, sample rate: 100%, sparse: 100%
Constant neuron b1a0cec9-6c55-4ff8-9627-be8b9f256395 convert hidden to constant
Adjust neuron b1a0cec9-6c55-4ff8-9627-be8b9f256395 bias -0.0099124 to -0.009887836684916397
Training 49448606 completed after 387ms
Training 49448606 compacted
Over populated 52, expected 50.
Compact 49448606 Score: 0.484146990212003, Error: 0.5158273677456926 -> 0.515850345862108, 👿 -0.0000230
Trained 49448606 Score: 0.4839092376456049, Error: 0.5158273677456926 -> 0.5160879584303588, 👿 -0.000261
Training 3a38fdad scheduled
Training 3a38fdad with 1 binary file, target error: 0.05, iterations: 1, sample rate: 100%, sparse: 100%
Fine tuning increased fitness by 0.00007088805347810201 to 0.48429756357189585 adjusted 148 weights, 16 biases 
Remove neuron b9df423a-d72e-40fb-a254-3f78b833db5b as no longer connected
Training 758fe643 completed after 398ms
Training 758fe643 compacted
Over populated 52, expected 50.
Fine 758fe643 Score: 0.48422667977791867, Error: 0.5157705205575593 -> 0.5157705162980584, 👌 4.26e-9, Variant: undershot
Fine 758fe643 Score: 0.4842266762968736, Error: 0.5157705205575593 -> 0.5157705197791035, 👌 7.78e-10, Variant: overshot
Trained 758fe643 Score: 0.48422667484050963, Error: 0.5157705205575593 -> 0.5157705212354674, 👿 -6.78e-10
Compact 758fe643 Score: 0.4842031129103415, Error: 0.5157705205575593 -> 0.5157942231638043, 👿 -0.0000237
Training 4477f5d7 scheduled
Training 4477f5d7 with 1 binary file, target error: 0.05, iterations: 1, sample rate: 100%, sparse: 100%
Fine tuning increased fitness by 0.00013985288246598504 to 0.48443741645436184 adjusted 148 weights, 16 biases 
Training 3a38fdad completed after 419ms
Training 3a38fdad compacted
Trained 3a38fdad Score: 0.4842970209582698, Error: 0.515699632504092 -> 0.515700175117718, 👿 -5.43e-7
Compact 3a38fdad Score: 0.48427493848271863, Error: 0.515699632504092 -> 0.5157223975914378, 👿 -0.0000228
Training 0caa9316 scheduled
Training 0caa9316 with 1 binary file, target error: 0.05, iterations: 1, sample rate: 100%, sparse: 100%
Fine tuning increased fitness by 4.98853088226614e-7 to 0.48443791530745006 adjusted 148 weights, 16 biases 
Training 4477f5d7 completed after 407ms
Training 4477f5d7 compacted
Over populated 52, expected 50.
Generation 140 score 0.48443791530745006 (avg: 0.4757) error 0.515559270768977 avg time 896ms
Compact 4477f5d7 Score: 0.4844174420917789, Error: 0.5155597796216841 -> 0.5155798939824344, 👿 -0.0000201
Trained 4477f5d7 Score: 0.4841642719244706, Error: 0.5155597796216841 -> 0.5158329241515816, 👿 -0.000273
Fine 4477f5d7 Score: 0.48408398157612587, Error: 0.5155597796216841 -> 0.5159132144999202, 👿 -0.000353, Variant: overshot
Fine 4477f5d7 Score: 0.4838727854296228, Error: 0.5155597796216841 -> 0.5161244106464051, 👿 -0.000565, Variant: undershot
Training 060cd178 scheduled
Training 060cd178 with 1 binary file, target error: 0.05, iterations: 1, sample rate: 100%, sparse: 100%
Fine tuning increased fitness by 8.405655185783623e-7 to 0.48443875587296864 adjusted 1 weight 
Training 0caa9316 completed after 432ms
Training 0caa9316 compacted
Trained 0caa9316 Score: 0.4844472466857418, Error: 0.515559270768977 -> 0.5155499393906865, 👌 0.00000933
Fine 0caa9316 Score: 0.484445282746246, Error: 0.515559270768977 -> 0.5155519033301822, 👌 0.00000737, Variant: overshot
Fine 0caa9316 Score: 0.4844348012741414, Error: 0.515559270768977 -> 0.5155623848022846, 👿 -0.00000311, Variant: undershot
Compact 0caa9316 Score: 0.48441796461666214, Error: 0.515559270768977 -> 0.5155793614579361, 👿 -0.0000201
Training b6ffbd34 scheduled
Training b6ffbd34 with 1 binary file, target error: 0.05, iterations: 1, sample rate: 100%, sparse: 100%
Training 060cd178 completed after 438ms
Training 060cd178 compacted
compactUnused hidden neuron 8b61c3ab has no outward connections
Trained 060cd178 Score: 0.4844405558627231, Error: 0.5155584302034584 -> 0.515556630213704, 👌 0.00000180
Fine 060cd178 Score: 0.4844395570107829, Error: 0.5155584302034584 -> 0.5155576290656438, 👌 8.01e-7, Variant: overshot
Fine 060cd178 Score: 0.4844355368818011, Error: 0.5155584302034584 -> 0.5155616491946262, 👿 -0.00000322, Variant: undershot
Compact 060cd178 Score: 0.4844188294021929, Error: 0.5155584302034584 -> 0.5155784966724053, 👿 -0.0000201
Training 3e4d54d6 scheduled
Training 3e4d54d6 with 1 binary file, target error: 0.05, iterations: 1, sample rate: 100%, sparse: 100%
Fine tuning increased fitness by 0.00008221648651035585 to 0.48458581591683325 adjusted 23 weights, 3 biases 
Training b6ffbd34 completed after 388ms
Training b6ffbd34 compacted
Over populated 52, expected 50.
compactUnused hidden neuron 8b61c3ab has no outward connections
Trained b6ffbd34 Score: 0.48450639306993, Error: 0.5154937366438698 -> 0.515490943004262, 👌 0.00000279
Fine b6ffbd34 Score: 0.4845041951916345, Error: 0.5154937366438698 -> 0.5154931408825595, 👌 5.96e-7, Variant: undershot
Fine b6ffbd34 Score: 0.48449800460029774, Error: 0.5154937366438698 -> 0.5154993314738937, 👿 -0.00000559, Variant: overshot
Compact b6ffbd34 Score: 0.48258120118119, Error: 0.5154937366438698 -> 0.5174164478881731, 👿 -0.00192
Training e8adc0cb scheduled
Training e8adc0cb with 1 binary file, target error: 0.05, iterations: 1, sample rate: 100%, sparse: 100%
Remove neuron b1a0cec9-6c55-4ff8-9627-be8b9f256395 as no longer connected
Training 3e4d54d6 completed after 429ms
Training 3e4d54d6 compacted
compactUnused hidden neuron 8b61c3ab has no outward connections
Fine 3e4d54d6 Score: 0.4845988078089936, Error: 0.5154115201573057 -> 0.5153985282651391, 👌 0.0000130, Variant: overshot
Trained 3e4d54d6 Score: 0.48451353315995327, Error: 0.5154115201573057 -> 0.5154838029141904, 👿 -0.0000723
Fine 3e4d54d6 Score: 0.4844903156281349, Error: 0.5154115201573057 -> 0.5155070204460042, 👿 -0.0000955, Variant: undershot
Compact 3e4d54d6 Score: 0.48260456104732413, Error: 0.5154115201573057 -> 0.5173930880219888, 👿 -0.00198
Training b7a9e039 scheduled
Training b7a9e039 with 1 binary file, target error: 0.05, iterations: 1, sample rate: 100%, sparse: 100%
Fine tuning increased fitness by 0.0001070259780530658 to 0.48490441155341385 adjusted 23 weights, 3 biases 
Training e8adc0cb completed after 376ms
Training e8adc0cb compacted
compactUnused hidden neuron 8b61c3ab has no outward connections
Trained e8adc0cb Score: 0.48479759963538505, Error: 0.5151999504986425 -> 0.5151997364386177, 👌 2.14e-7
Fine e8adc0cb Score: 0.4847964578104514, Error: 0.5151999504986425 -> 0.5152008782635527, 👿 -9.28e-7, Variant: overshot
Fine e8adc0cb Score: 0.48478875539327615, Error: 0.5151999504986425 -> 0.5152085806807276, 👿 -0.00000863, Variant: undershot
Compact e8adc0cb Score: 0.4828871766540519, Error: 0.5151999504986425 -> 0.5171104724151351, 👿 -0.00191
Training 260b311a scheduled
Training 260b311a with 1 binary file, target error: 0.05, iterations: 1, sample rate: 100%, sparse: 100%
Training b7a9e039 completed after 410ms
Training b7a9e039 compacted
compactUnused hidden neuron 8b61c3ab has no outward connections
Fine b7a9e039 Score: 0.48491169487534946, Error: 0.5150929245206216 -> 0.5150856411986852, 👌 0.00000728, Variant: overshot
Fine b7a9e039 Score: 0.48488363545941826, Error: 0.5150929245206216 -> 0.5151137006146145, 👿 -0.0000208, Variant: undershot
Trained b7a9e039 Score: 0.48483392025180216, Error: 0.5150929245206216 -> 0.5151634158222375, 👿 -0.0000705
Compact b7a9e039 Score: 0.48303881769642726, Error: 0.5150929245206216 -> 0.5169588313727959, 👿 -0.00187
Training 6edbd862 scheduled
Training 6edbd862 with 1 binary file, target error: 0.05, iterations: 1, sample rate: 100%, sparse: 100%
Fine tuning increased fitness by 0.00013255470801099012 to 0.4852189358837329 adjusted 23 weights, 3 biases 
Training 260b311a completed after 407ms
Training 260b311a compacted
compactUnused hidden neuron 8b61c3ab has no outward connections
Trained 260b311a Score: 0.4850876922767215, Error: 0.5149109548983469 -> 0.5149096437973473, 👌 0.00000131
Fine 260b311a Score: 0.48508689357512996, Error: 0.5149109548983469 -> 0.5149104424989388, 👌 5.12e-7, Variant: overshot
Fine 260b311a Score: 0.48508549173168586, Error: 0.5149109548983469 -> 0.5149118443423828, 👿 -8.89e-7, Variant: undershot
Compact 260b311a Score: 0.4831931627296187, Error: 0.5149109548983469 -> 0.5168044863396362, 👿 -0.00189
Training 181f5d40 scheduled
Training 181f5d40 with 1 binary file, target error: 0.05, iterations: 1, sample rate: 100%, sparse: 100%
Training 6edbd862 completed after 413ms
Training 6edbd862 compacted
compactUnused hidden neuron 8b61c3ab has no outward connections
Trained 6edbd862 Score: 0.48522086077685334, Error: 0.5147784001903988 -> 0.5147764752972779, 👌 0.00000192
Fine 6edbd862 Score: 0.4852191605957712, Error: 0.5147784001903988 -> 0.5147781754783601, 👌 2.25e-7, Variant: overshot
Fine 6edbd862 Score: 0.48521680337242046, Error: 0.5147784001903988 -> 0.5147805327017115, 👿 -0.00000213, Variant: undershot
Compact 6edbd862 Score: 0.48322969958303075, Error: 0.5147784001903988 -> 0.5167679494862837, 👿 -0.00199
Training 8339033a scheduled
Training 8339033a with 1 binary file, target error: 0.05, iterations: 1, sample rate: 100%, sparse: 100%
Fine tuning increased fitness by 0.000237512881371027 to 0.48558984626973106 adjusted 23 weights, 3 biases 
compactUnused hidden neuron 8b61c3ab has no outward connections
Training 181f5d40 completed after 396ms
Training 181f5d40 compacted
Fine 181f5d40 Score: 0.48535893286704107, Error: 0.5146450026857333 -> 0.5146384032070523, 👌 0.00000660, Variant: overshot
Trained 181f5d40 Score: 0.4853461180978976, Error: 0.5146450026857333 -> 0.5146512179761952, 👿 -0.00000622
Fine 181f5d40 Score: 0.48533626306547967, Error: 0.5146450026857333 -> 0.5146610730086166, 👿 -0.0000161, Variant: undershot
Compact 181f5d40 Score: 0.48347735343886394, Error: 0.5146450026857333 -> 0.5165202956304144, 👿 -0.00188
Training 4c297094 scheduled
Training 4c297094 with 1 binary file, target error: 0.05, iterations: 1, sample rate: 100%, sparse: 100%
Training 8339033a completed after 356ms
Training 8339033a compacted
Generation 150 score 0.48615720455432515 (avg: 0.3563) error 0.5138401315196294 avg time 846ms
compactUnused hidden neuron 8b61c3ab has no outward connections
Trained 8339033a Score: 0.48558276265437494, Error: 0.5144074898042926 -> 0.514414573419648, 👿 -0.00000708
Fine 8339033a Score: 0.48557685947375284, Error: 0.5144074898042926 -> 0.5144204766002728, 👿 -0.0000130, Variant: overshot
Fine 8339033a Score: 0.4855591701782081, Error: 0.5144074898042926 -> 0.5144381658958139, 👿 -0.0000307, Variant: undershot
Compact 8339033a Score: 0.4838445050050801, Error: 0.5144074898042926 -> 0.5161531440641323, 👿 -0.00175
Training b0ed2bfb scheduled
Training b0ed2bfb with 1 binary file, target error: 0.05, iterations: 1, sample rate: 100%, sparse: 100%
Fine tuning increased fitness by 0.0007969823668871334 to 0.4869541869212123 adjusted 43 weights, 3 biases 
Training 4c297094 completed after 364ms
Training 4c297094 compacted
Over populated 52, expected 50.
compactUnused hidden neuron 8b61c3ab has no outward connections
Fine 4c297094 Score: 0.48615889223310005, Error: 0.5138401315196294 -> 0.5138384438408534, 👌 0.00000169, Variant: overshot
Trained 4c297094 Score: 0.4861452316722951, Error: 0.5138401315196294 -> 0.5138521044016596, 👿 -0.0000120
Fine 4c297094 Score: 0.48610530221514464, Error: 0.5138401315196294 -> 0.5138920338588044, 👿 -0.0000519, Variant: undershot
Compact 4c297094 Score: 0.48442263729103563, Error: 0.5138401315196294 -> 0.515575011778111, 👿 -0.00173
Training 32523572 scheduled
Training 32523572 with 1 binary file, target error: 0.05, iterations: 1, sample rate: 100%, sparse: 100%
Remove neuron 84434b7f-1575-4ad5-bf05-00d48b61c3ab as no longer connected
compactUnused hidden neuron 8b61c3ab has no outward connections
Training b0ed2bfb completed after 364ms
Training b0ed2bfb compacted
Over populated 52, expected 50.
Fine b0ed2bfb Score: 0.486955441581459, Error: 0.513043149152514 -> 0.5130418944922672, 👌 0.00000125, Variant: overshot
Trained b0ed2bfb Score: 0.48695385843490213, Error: 0.513043149152514 -> 0.5130434776388235, 👿 -3.28e-7
Fine b0ed2bfb Score: 0.48695149532150545, Error: 0.513043149152514 -> 0.5130458407522207, 👿 -0.00000269, Variant: undershot
Compact b0ed2bfb Score: 0.4853665167383047, Error: 0.513043149152514 -> 0.5146311323306253, 👿 -0.00159
Training 584d2258 scheduled
Training 584d2258 with 1 binary file, target error: 0.05, iterations: 1, sample rate: 100%, sparse: 100%
Fine tuning increased fitness by 0.000008296059620993557 to 0.48736679703122765 adjusted 43 weights, 3 biases 
Remove neuron b1a0cec9-6c55-4ff8-9627-be8b9f256395 as no longer connected
compactUnused hidden neuron 8b61c3ab has no outward connections
Training 32523572 completed after 395ms
Training 32523572 compacted
Over populated 52, expected 50.
Fine 32523572 Score: 0.4874079852996162, Error: 0.5126388351017444 -> 0.5125893507737371, 👌 0.0000495, Variant: overshot
Trained 32523572 Score: 0.4872172029939613, Error: 0.5126388351017444 -> 0.5127801330793932, 👿 -0.000141
Fine 32523572 Score: 0.48718759965563296, Error: 0.5126388351017444 -> 0.5128097364177252, 👿 -0.000171, Variant: undershot
Compact 32523572 Score: 0.48599981034709633, Error: 0.5126388351017444 -> 0.5139978387214779, 👿 -0.00136
Training e1352177 scheduled
Training e1352177 with 1 binary file, target error: 0.05, iterations: 1, sample rate: 100%, sparse: 100%
Fine tuning increased fitness by 0.000054648697328019136 to 0.48742144572855567 adjusted 43 weights, 3 biases 
Training 584d2258 completed after 378ms
Training 584d2258 compacted
Over populated 52, expected 50.
compactUnused hidden neuron 8b61c3ab has no outward connections
Fine 584d2258 Score: 0.487393434479738, Error: 0.5126305390422032 -> 0.5126039015936926, 👌 0.0000266, Variant: undershot
Trained 584d2258 Score: 0.4873222963090724, Error: 0.5126305390422032 -> 0.5126750397643584, 👿 -0.0000445
Fine 584d2258 Score: 0.48729288594282866, Error: 0.5126305390422032 -> 0.5127044501306042, 👿 -0.0000739, Variant: overshot
Compact 584d2258 Score: 0.4860157977734759, Error: 0.5126305390422032 -> 0.5139818512951736, 👿 -0.00135
Training 3331bfde scheduled
Training 3331bfde with 1 binary file, target error: 0.05, iterations: 1, sample rate: 100%, sparse: 100%
Remove neuron 8c91a7ea-4124-40c8-b85e-0d38f1be8535 as no longer connected
Training e1352177 completed after 381ms
Training e1352177 compacted
Over populated 52, expected 50.
compactUnused hidden neuron 8b61c3ab has no outward connections
Fine e1352177 Score: 0.48755516089407014, Error: 0.5125758903448805 -> 0.5124421751793675, 👌 0.000134, Variant: undershot
Fine e1352177 Score: 0.48735502544815895, Error: 0.5125758903448805 -> 0.5126423106252825, 👿 -0.0000664, Variant: overshot
Trained e1352177 Score: 0.48727767201922983, Error: 0.5125758903448805 -> 0.5127196640542092, 👿 -0.000144
Compact e1352177 Score: 0.4859951805564719, Error: 0.5125758903448805 -> 0.5140024685121831, 👿 -0.00143
Training 1bec90c0 scheduled
Training 1bec90c0 with 1 binary file, target error: 0.05, iterations: 1, sample rate: 100%, sparse: 100%
Training 3331bfde completed after 381ms
Training 3331bfde compacted
Over populated 52, expected 50.
compactUnused hidden neuron 8b61c3ab has no outward connections
Fine 3331bfde Score: 0.4874885998541723, Error: 0.5125154492413978 -> 0.5125087362192737, 👌 0.00000671, Variant: undershot
Trained 3331bfde Score: 0.4874748245489418, Error: 0.5125154492413978 -> 0.5125225115245052, 👿 -0.00000706
Fine 3331bfde Score: 0.487465449157417, Error: 0.5125154492413978 -> 0.5125318869160311, 👿 -0.0000164, Variant: overshot
Compact 3331bfde Score: 0.4861342880745911, Error: 0.5125154492413978 -> 0.513863360994075, 👿 -0.00135
Training 06b69d33 scheduled
Training 06b69d33 with 1 binary file, target error: 0.05, iterations: 1, sample rate: 100%, sparse: 100%
Fine tuning increased fitness by 0.00014386730016369143 to 0.4877170173855332 adjusted 79 weights, 8 biases 
Training 1bec90c0 completed after 397ms
Training 1bec90c0 compacted
Over populated 52, expected 50.
compactUnused hidden neuron 8b61c3ab has no outward connections
Fine 1bec90c0 Score: 0.48758020405186686, Error: 0.5124241859880598 -> 0.5124171320215626, 👌 0.00000705, Variant: overshot
Fine 1bec90c0 Score: 0.4875665440915044, Error: 0.5124241859880598 -> 0.5124307919819272, 👿 -0.00000661, Variant: undershot
Trained 1bec90c0 Score: 0.48756499353255994, Error: 0.5124241859880598 -> 0.5124323425408693, 👿 -0.00000816
Compact 1bec90c0 Score: 0.48625410915873424, Error: 0.5124241859880598 -> 0.5137435399099158, 👿 -0.00132
Training 887f5294 scheduled
Training 887f5294 with 1 binary file, target error: 0.05, iterations: 1, sample rate: 100%, sparse: 100%
Fine tuning increased fitness by 0.00017099826674443763 to 0.48788801565227763 adjusted 79 weights, 8 biases 
Training 06b69d33 completed after 383ms
Training 06b69d33 compacted
Over populated 52, expected 50.
compactUnused hidden neuron 8b61c3ab has no outward connections
Fine 06b69d33 Score: 0.4877179029507937, Error: 0.5122803186878665 -> 0.512279433122606, 👌 8.86e-7, Variant: overshot
Trained 06b69d33 Score: 0.48771729685697596, Error: 0.5122803186878665 -> 0.5122800392164233, 👌 2.79e-7
Fine 06b69d33 Score: 0.4877138429242338, Error: 0.5122803186878665 -> 0.5122834931491659, 👿 -0.00000317, Variant: undershot
Compact 06b69d33 Score: 0.4864701473358522, Error: 0.5122803186878665 -> 0.5135275017327717, 👿 -0.00125
Training 70795834 scheduled
Training 70795834 with 1 binary file, target error: 0.05, iterations: 1, sample rate: 100%, sparse: 100%
Fine tuning increased fitness by 0.00012550975814407117 to 0.4880135254104217 adjusted 79 weights, 8 biases 
compactUnused hidden neuron 8b61c3ab has no outward connections
Training 887f5294 completed after 418ms
Training 887f5294 compacted
Over populated 52, expected 50.
Fine 887f5294 Score: 0.4878883477881251, Error: 0.5121093204210861 -> 0.5121089882852389, 👌 3.32e-7, Variant: undershot
Fine 887f5294 Score: 0.48788812560214095, Error: 0.5121093204210861 -> 0.5121092104712229, 👌 1.10e-7, Variant: overshot
Trained 887f5294 Score: 0.4878880400100006, Error: 0.5121093204210861 -> 0.512109296063363, 👌 2.44e-8
Compact 887f5294 Score: 0.4867314434377834, Error: 0.5121093204210861 -> 0.5132662056308099, 👿 -0.00116
Training 9a79ac54 scheduled
Training 9a79ac54 with 1 binary file, target error: 0.05, iterations: 1, sample rate: 100%, sparse: 100%
Fine tuning increased fitness by 0.000005014761878363583 to 0.48801854017230006 adjusted 79 weights, 8 biases 
Training 70795834 completed after 358ms
Training 70795834 compacted
Generation 160 score 0.48801854017230006 (avg: 0.4675) error 0.5119787859014283 avg time 911ms
compactUnused hidden neuron 8b61c3ab has no outward connections
Fine 70795834 Score: 0.48703650552527133, Error: 0.5119838106629255 -> 0.5129608305480446, 👿 -0.000977, Variant: undershot
Compact 70795834 Score: 0.48650661039562354, Error: 0.5119838106629255 -> 0.513491038672961, 👿 -0.00151
Trained 70795834 Score: 0.4858464749880862, Error: 0.5119838106629255 -> 0.5141508610852749, 👿 -0.00217
Fine 70795834 Score: 0.4851275506344618, Error: 0.5119838106629255 -> 0.5148697854388963, 👿 -0.00289, Variant: overshot
Training 3021fa1a scheduled
Training 3021fa1a with 1 binary file, target error: 0.05, iterations: 1, sample rate: 100%, sparse: 100%
Remove neuron ac1c8dc8-9b88-41d9-ac2c-b8dc55e44cc0 as no longer connected
Training 9a79ac54 completed after 382ms
Training 9a79ac54 compacted
compactUnused hidden neuron 8b61c3ab has no outward connections
Fine 9a79ac54 Score: 0.48803585022352436, Error: 0.5119787859014283 -> 0.5119614758502008, 👌 0.0000173, Variant: overshot
Fine 9a79ac54 Score: 0.4880011107020291, Error: 0.5119787859014283 -> 0.5119962153716862, 👿 -0.0000174, Variant: undershot
Trained 9a79ac54 Score: 0.4878863602214381, Error: 0.5119787859014283 -> 0.5121109658522935, 👿 -0.000132
Compact 9a79ac54 Score: 0.4869190555390589, Error: 0.5119787859014283 -> 0.513078583529916, 👿 -0.00110
Training 393dc9e7 scheduled
Training 393dc9e7 with 1 binary file, target error: 0.05, iterations: 1, sample rate: 100%, sparse: 100%
Fine tuning increased fitness by 0.000014827834589781208 to 0.48803585022352436 adjusted 143 weights, 15 biases 
Training 3021fa1a completed after 376ms
Training 3021fa1a compacted
compactUnused hidden neuron 8b61c3ab has no outward connections
Trained 3021fa1a Score: 0.4880210189705864, Error: 0.5119762936851819 -> 0.5119762971035301, 👿 -3.42e-9
Compact 3021fa1a Score: 0.4869507052934114, Error: 0.5119762936851819 -> 0.5130469237759613, 👿 -0.00107
Training 41ef437a scheduled
Training 41ef437a with 1 binary file, target error: 0.05, iterations: 1, sample rate: 100%, sparse: 100%
Fine tuning increased fitness by 0.000018185305843576582 to 0.48805403552936794 adjusted 144 weights, 15 biases 
Training 393dc9e7 completed after 405ms
Training 393dc9e7 compacted
Over populated 52, expected 50.
compactUnused hidden neuron 8b61c3ab has no outward connections
Trained 393dc9e7 Score: 0.4880358981367921, Error: 0.5119614758502008 -> 0.5119614279369329, 👌 4.79e-8
Compact 393dc9e7 Score: 0.4869600492427053, Error: 0.5119614758502008 -> 0.5130375898262661, 👿 -0.00108
Training 445b25fd scheduled
Training 445b25fd with 1 binary file, target error: 0.05, iterations: 1, sample rate: 100%, sparse: 100%
Fine tuning increased fitness by 0.000022678823872801512 to 0.48807671435324074 adjusted 144 weights, 15 biases 
Training 41ef437a completed after 379ms
Training 41ef437a compacted
Over populated 52, expected 50.
compactUnused hidden neuron 8b61c3ab has no outward connections
Trained 41ef437a Score: 0.4880603421418476, Error: 0.5119432805447394 -> 0.5119369739322591, 👌 0.00000631
Compact 41ef437a Score: 0.48698015068144057, Error: 0.5119432805447394 -> 0.5130174783879233, 👿 -0.00107
Training c46e8b33 scheduled
Training c46e8b33 with 1 binary file, target error: 0.05, iterations: 1, sample rate: 100%, sparse: 100%
Fine tuning increased fitness by 0.000029760610194939918 to 0.4881064749634357 adjusted 144 weights, 15 biases 
compactUnused hidden neuron 8b61c3ab has no outward connections
Training 445b25fd completed after 386ms
Training 445b25fd compacted
Trained 445b25fd Score: 0.4880767190044988, Error: 0.5119206017208698 -> 0.5119205970696118, 👌 4.65e-9
Compact 445b25fd Score: 0.48700794646656564, Error: 0.5119206017208698 -> 0.5129896826028013, 👿 -0.00107
Training 99e83501 scheduled
Training 99e83501 with 1 binary file, target error: 0.05, iterations: 1, sample rate: 100%, sparse: 100%
Fine tuning increased fitness by 0.00002665829175657608 to 0.48813313325519225 adjusted 144 weights, 15 biases 
Training c46e8b33 completed after 371ms
Training c46e8b33 compacted
Over populated 52, expected 50.
compactUnused hidden neuron 8b61c3ab has no outward connections
Compact c46e8b33 Score: 0.486678540075927, Error: 0.5118908411106798 -> 0.5133190889934458, 👿 -0.00143
Trained c46e8b33 Score: 0.48493429998056997, Error: 0.5118908411106798 -> 0.5150630160935549, 👿 -0.00317
Training 5af87ee0 scheduled
Training 5af87ee0 with 1 binary file, target error: 0.05, iterations: 1, sample rate: 100%, sparse: 100%
Fine tuning increased fitness by 0.00003118858576767192 to 0.4881643218409599 adjusted 144 weights, 15 biases 
Training 99e83501 completed after 431ms
Training 99e83501 compacted
Over populated 52, expected 50.
compactUnused hidden neuron 8b61c3ab has no outward connections
Trained 99e83501 Score: 0.4880434099927374, Error: 0.5118641828189179 -> 0.5119539060813773, 👿 -0.0000897
Compact 99e83501 Score: 0.48708097002073214, Error: 0.5118641828189179 -> 0.5129166590486346, 👿 -0.00105
Training 3c1f3420 scheduled
Training 3c1f3420 with 1 binary file, target error: 0.05, iterations: 1, sample rate: 100%, sparse: 100%
Fine tuning increased fitness by 0.000038183522049095586 to 0.488202505363009 adjusted 144 weights, 15 biases 
compactUnused hidden neuron 8b61c3ab has no outward connections
Training 5af87ee0 completed after 382ms
Training 5af87ee0 compacted
Over populated 52, expected 50.
Compact 5af87ee0 Score: 0.48682669536199885, Error: 0.5118329942331548 -> 0.5131709337073732, 👿 -0.00134
Trained 5af87ee0 Score: 0.48520027828553747, Error: 0.5118329942331548 -> 0.5147970377885853, 👿 -0.00296
Training 78721447 scheduled
Training 78721447 with 1 binary file, target error: 0.05, iterations: 1, sample rate: 100%, sparse: 100%
compactUnused hidden neuron 8b61c3ab has no outward connections
Training 3c1f3420 completed after 368ms
Training 3c1f3420 compacted
Over populated 52, expected 50.
Trained 3c1f3420 Score: 0.48820273887372084, Error: 0.5117948107111179 -> 0.511794577200406, 👌 2.34e-7
Compact 3c1f3420 Score: 0.48723442633654673, Error: 0.5117948107111179 -> 0.5127632027328357, 👿 -0.000968
Training 5871d5cb scheduled
Training 5871d5cb with 1 binary file, target error: 0.05, iterations: 1, sample rate: 100%, sparse: 100%
Fine tuning increased fitness by 0.000025767046966107543 to 0.48825856289042896 adjusted 144 weights, 15 biases 
compactUnused hidden neuron 8b61c3ab has no outward connections
Training 78721447 completed after 362ms
Training 78721447 compacted
Over populated 52, expected 50.
Generation 170 score 0.48825856289042896 (avg: 0.1491) error 0.5117387531837017 avg time 918ms
Trained 78721447 Score: 0.4882349909168732, Error: 0.5117645202306692 -> 0.5117623251572592, 👌 0.00000220
Fine 78721447 Score: 0.4882326026795063, Error: 0.5117645202306692 -> 0.5117647133946261, 👿 -1.93e-7, Variant: overshot
Fine 78721447 Score: 0.4882317887900287, Error: 0.5117645202306692 -> 0.5117655272841041, 👿 -0.00000101, Variant: undershot
Compact 78721447 Score: 0.48729564015710314, Error: 0.5117645202306692 -> 0.5127019889122836, 👿 -0.000937
Training a55349a0 scheduled
Training a55349a0 with 1 binary file, target error: 0.05, iterations: 1, sample rate: 100%, sparse: 100%
Fine tuning increased fitness by 0.000029227625825467562 to 0.4882877905162544 adjusted 144 weights, 15 biases 
compactUnused hidden neuron 8b61c3ab has no outward connections
Training 5871d5cb completed after 363ms
Training 5871d5cb compacted
Over populated 52, expected 50.
Fine 5871d5cb Score: 0.48826196043783354, Error: 0.5117387531837017 -> 0.5117353556362975, 👌 0.00000340, Variant: overshot
Fine 5871d5cb Score: 0.4882554655089783, Error: 0.5117387531837017 -> 0.5117418505651511, 👿 -0.00000310, Variant: undershot
Trained 5871d5cb Score: 0.4882519023903462, Error: 0.5117387531837017 -> 0.5117454136837859, 👿 -0.00000666
Compact 5871d5cb Score: 0.48732307821226706, Error: 0.5117387531837017 -> 0.5126745508571171, 👿 -0.000936
Training cdf770aa scheduled
Training cdf770aa with 1 binary file, target error: 0.05, iterations: 1, sample rate: 100%, sparse: 100%
Fine tuning increased fitness by 0.000015010299189432974 to 0.48830280081544386 adjusted 144 weights, 15 biases 
Training a55349a0 completed after 360ms
Training a55349a0 compacted
compactUnused hidden neuron 8b61c3ab has no outward connections
Trained a55349a0 Score: 0.48828780402006094, Error: 0.511709525557885 -> 0.5117095120540784, 👌 1.35e-8
Compact a55349a0 Score: 0.4873648388727637, Error: 0.511709525557885 -> 0.512632790196627, 👿 -0.000923
Training c0110475 scheduled
Training c0110475 with 1 binary file, target error: 0.05, iterations: 1, sample rate: 100%, sparse: 100%
Fine tuning increased fitness by 7.988524176605338e-7 to 0.4883035996678615 adjusted 144 weights, 15 biases 
compactUnused hidden neuron 8b61c3ab has no outward connections
Training cdf770aa completed after 399ms
Training cdf770aa compacted
Discovered beneficial synapse from input-559 to 008da6ee-32ab-4053-8c5b-74b174616d95 with weight -1.0000, helping 20.4% more records than it harms (2790/4637)
Discovery 10ac4cb1 analyze time 42s 303ms found 1 candidates
Trained cdf770aa Score: 0.4883028030534218, Error: 0.5116945152587044 -> 0.5116945130207264, 👌 2.24e-9
Compact cdf770aa Score: 0.48736348272486857, Error: 0.5116945152587044 -> 0.512634146344528, 👿 -0.000940
Training 3fa73532 scheduled
Training 3fa73532 with 1 binary file, target error: 0.05, iterations: 1, sample rate: 100%, sparse: 100%
Fine tuning increased fitness by 7.788924401008757e-7 to 0.4883043785603016 adjusted 144 weights, 15 biases 
Discovered harmful synapse from input-1627 to output-0, harming 32.3% more records than it helps (1570/4637)
Discovery 10ac4cb1 analyze harmful time 589ms found 1 candidates
Training c0110475 completed after 345ms
Training c0110475 compacted
Over populated 52, expected 50.
compactUnused hidden neuron 8b61c3ab has no outward connections
Fine c0110475 Score: 0.4883038665383042, Error: 0.5116937164062899 -> 0.5116934495358473, 👌 2.67e-7, Variant: overshot
Trained c0110475 Score: 0.4882977411850785, Error: 0.5116937164062899 -> 0.5116995748890745, 👿 -0.00000586
Fine c0110475 Score: 0.4882579240634968, Error: 0.5116937164062899 -> 0.5117393920106555, 👿 -0.0000457, Variant: undershot
Compact c0110475 Score: 0.4873827255221991, Error: 0.5116937164062899 -> 0.5126149035472001, 👿 -0.000921
Training f51a1e18 scheduled
Training f51a1e18 with 1 binary file, target error: 0.05, iterations: 1, sample rate: 100%, sparse: 100%
compactUnused hidden neuron 8b61c3ab has no outward connections
Training 3fa73532 completed after 392ms
Training 3fa73532 compacted
Over populated 52, expected 50.
Trained 3fa73532 Score: 0.4883065130786903, Error: 0.5116929275142297 -> 0.5116907929958416, 👌 0.00000213
Fine 3fa73532 Score: 0.48830400993006634, Error: 0.5116929275142297 -> 0.5116932961444643, 👿 -3.69e-7, Variant: overshot
Fine 3fa73532 Score: 0.4883015913770454, Error: 0.5116929275142297 -> 0.5116957146974851, 👿 -0.00000279, Variant: undershot
Compact 3fa73532 Score: 0.4873873884874608, Error: 0.5116929275142297 -> 0.5126102305823284, 👿 -0.000917
Training de0ea608 scheduled
Training de0ea608 with 1 binary file, target error: 0.05, iterations: 1, sample rate: 100%, sparse: 100%
Discovery 10ac4cb1 analyze squashes time 1s 975ms found 5 candidates, Summary: 79468590-2312-4c4b-a9ef-dc717cbf71d4 SOFTSIGN -> SQRT improved: 12.2% error: 6.4528 -> 5.6684,b9df423a-d72e-40fb-a254-3f78b833db5b ELU -> SINE improved: 8.9% error: 7.5016 -> 6.8304,21520a8a-5938-4df1-b280-c9e526917309 HARD_TANH -> ArcTan improved: 1.9% error: 0.1511 -> 0.1483,7d3dd3e3-f459-4159-931e-6da6464213ab LeakyReLU -> Mish improved: 1.6% error: 3.1810 -> 3.1287,cbc968f2-22d9-4405-8449-4bf58a61fab1 HARD_TANH -> SINE improved: 22.1% error: 29.5719 -> 23.0446
Training f51a1e18 completed after 389ms
Training f51a1e18 compacted
Over populated 52, expected 50.
compactUnused hidden neuron 8b61c3ab has no outward connections
Fine f51a1e18 Score: 0.48824570266872425, Error: 0.5116900691422237 -> 0.5117516134054388, 👿 -0.0000615, Variant: overshot
Fine f51a1e18 Score: 0.4881824017985697, Error: 0.5116900691422237 -> 0.5118149142755758, 👿 -0.000125, Variant: undershot
Trained f51a1e18 Score: 0.4880257903454548, Error: 0.5116900691422237 -> 0.5119715257287123, 👿 -0.000281
Compact f51a1e18 Score: 0.4873370190092925, Error: 0.5116900691422237 -> 0.5126606100601142, 👿 -0.000971
Discovery 6e43b54b scheduled
Training 6e43b54b scheduled
Training 6e43b54b with 1 binary file, target error: 0.05, iterations: 1, sample rate: 100%, sparse: 100%
Fine tuning increased fitness by 0.000007094206325164443 to 0.4883254887518953 adjusted 103 weights, 10 biases 
Discovery 6e43b54b with 1 binary files, sample rate: 100%, batch size: 512
Training de0ea608 completed after 378ms
Training de0ea608 compacted
Over populated 55, expected 50.
Discovery 6e43b54b initialize time 83ms
Discovery 6e43b54b processing .trainData-location_88/FRANCE/data.bin
compactUnused hidden neuron 8b61c3ab has no outward connections
Fine de0ea608 Score: 0.48830426264896654, Error: 0.5116789115289618 -> 0.5116930434255631, 👿 -0.0000141, Variant: overshot
Trained de0ea608 Score: 0.4882848811029487, Error: 0.5116789115289618 -> 0.5117124249715876, 👿 -0.0000335
Fine de0ea608 Score: 0.48823401838577474, Error: 0.5116789115289618 -> 0.5117632876887538, 👿 -0.0000844, Variant: undershot
Compact de0ea608 Score: 0.4873864105735796, Error: 0.5116789115289618 -> 0.5126112084962102, 👿 -0.000932
Training 8d20812a scheduled
Training 8d20812a with 1 binary file, target error: 0.05, iterations: 1, sample rate: 100%, sparse: 100%
Discovery 10ac4cb1 beneficial increased fitness by 0.00004491540787959769 to 0.4883704041597749
Training 6e43b54b completed after 414ms
Training 6e43b54b compacted
compactUnused hidden neuron 8b61c3ab has no outward connections
Fine 6e43b54b Score: 0.48814305197320573, Error: 0.5116718173226317 -> 0.5118542541013165, 👿 -0.000182, Variant: overshot
Fine 6e43b54b Score: 0.4880512690933839, Error: 0.5116718173226317 -> 0.5119460369811226, 👿 -0.000274, Variant: undershot
Trained 6e43b54b Score: 0.48787927140223863, Error: 0.5116718173226317 -> 0.5121180346722969, 👿 -0.000446
Compact 6e43b54b Score: 0.48731699353483854, Error: 0.5116718173226317 -> 0.512680625534947, 👿 -0.00101
Training fd99775e scheduled
Training fd99775e with 1 binary file, target error: 0.05, iterations: 1, sample rate: 100%, sparse: 100%
Fine tuning increased fitness by 0.0000815333894610415 to 0.48845193754923594 adjusted 1 weight 
Training 8d20812a completed after 456ms
Training 8d20812a compacted
compactUnused hidden neuron 8b61c3ab has no outward connections
Discovery 6e43b54b read time 5ms for .trainData-location_88/FRANCE/data.bin with 4637 records
Discovery 6e43b54b scanning time 2s 145ms
Trained 8d20812a Score: 0.48837075044499345, Error: 0.5116268919150664 -> 0.5116265456298478, 👌 3.46e-7
Fine 8d20812a Score: 0.48837043054470397, Error: 0.5116268919150664 -> 0.5116268655301373, 👌 2.64e-8, Variant: overshot
Fine 8d20812a Score: 0.48837013900710075, Error: 0.5116268919150664 -> 0.5116271570677404, 👿 -2.65e-7, Variant: undershot
Compact 8d20812a Score: 0.48745065273652394, Error: 0.5116268919150664 -> 0.5125469563335887, 👿 -0.000920
Training 5447b835 scheduled
Training 5447b835 with 1 binary file, target error: 0.05, iterations: 1, sample rate: 100%, sparse: 100%
Fine tuning increased fitness by 0.0001555863421510706 to 0.488607523891387 adjusted 1 weight 
Training fd99775e completed after 396ms
Training fd99775e compacted
Generation 180 score 0.488607523891387 (avg: 0.4414) error 0.5113897721830846 avg time 929ms
compactUnused hidden neuron 8b61c3ab has no outward connections
Trained fd99775e Score: 0.4884656455302498, Error: 0.5115453585254832 -> 0.5115316505444704, 👌 0.0000137
Fine fd99775e Score: 0.4884480467937682, Error: 0.5115453585254832 -> 0.5115492492809494, 👿 -0.00000389, Variant: overshot
Fine fd99775e Score: 0.4884436139578154, Error: 0.5115453585254832 -> 0.5115536821169012, 👿 -0.00000832, Variant: undershot
Compact fd99775e Score: 0.4875291574967051, Error: 0.5115453585254832 -> 0.5124684515732916, 👿 -0.000923
Training 04cb3943 scheduled
Training 04cb3943 with 1 binary file, target error: 0.05, iterations: 1, sample rate: 100%, sparse: 100%
Fine tuning increased fitness by 0.00038754609225521985 to 0.4889950699836422 adjusted 1 weight 
Discovery 6e43b54b recorded time 3s 573ms
Training 5447b835 completed after 506ms
Training 5447b835 compacted
compactUnused hidden neuron 8b61c3ab has no outward connections
Fine 5447b835 Score: 0.48859974042098936, Error: 0.5113897721830846 -> 0.5113975556534867, 👿 -0.00000778, Variant: overshot
Trained 5447b835 Score: 0.4876972781660089, Error: 0.5113897721830846 -> 0.5123000179084726, 👿 -0.000910
Compact 5447b835 Score: 0.4874975469596426, Error: 0.5113897721830846 -> 0.5125000621101198, 👿 -0.00111
Fine 5447b835 Score: 0.4870418295266299, Error: 0.5113897721830846 -> 0.5129554665478437, 👿 -0.00157, Variant: undershot
Training c12d0af2 scheduled
Training c12d0af2 with 1 binary file, target error: 0.05, iterations: 1, sample rate: 100%, sparse: 100%
Fine tuning increased fitness by 0.000351884591959728 to 0.48934695457560196 adjusted 1 weight 
Training 04cb3943 completed after 520ms
Training 04cb3943 compacted
compactUnused hidden neuron 8b61c3ab has no outward connections
Trained 04cb3943 Score: 0.4889965184955386, Error: 0.5110022260900867 -> 0.5110007775781903, 👌 0.00000145
Fine 04cb3943 Score: 0.48899505544258975, Error: 0.5110022260900867 -> 0.5110022406311393, 👿 -1.45e-8, Variant: overshot
Fine 04cb3943 Score: 0.4889940454012699, Error: 0.5110022260900867 -> 0.511003250672459, 👿 -0.00000102, Variant: undershot
Compact 04cb3943 Score: 0.4880605438250342, Error: 0.5110022260900867 -> 0.5119370652440222, 👿 -0.000935
Training 04f10911 scheduled
Training 04f10911 with 1 binary file, target error: 0.05, iterations: 1, sample rate: 100%, sparse: 100%
Training c12d0af2 completed after 448ms
Training c12d0af2 compacted
compactUnused hidden neuron 8b61c3ab has no outward connections
Fine c12d0af2 Score: 0.4893464014572828, Error: 0.5106503414968817 -> 0.5106508946151946, 👿 -5.53e-7, Variant: overshot
Fine c12d0af2 Score: 0.4893071073809829, Error: 0.5106503414968817 -> 0.5106901886914983, 👿 -0.0000398, Variant: undershot
Trained c12d0af2 Score: 0.48915828276502304, Error: 0.5106503414968817 -> 0.510839013307468, 👿 -0.000189
Compact c12d0af2 Score: 0.4883681509014482, Error: 0.5106503414968817 -> 0.5116294581664265, 👿 -0.000979
Training 4155bdef scheduled
Training 4155bdef with 1 binary file, target error: 0.05, iterations: 1, sample rate: 100%, sparse: 100%
Training 04f10911 completed after 419ms
Training 04f10911 compacted
compactUnused hidden neuron 8b61c3ab has no outward connections
Trained 04f10911 Score: 0.4893601551848836, Error: 0.5106454604235515 -> 0.5106371408875747, 👌 0.00000832
Fine 04f10911 Score: 0.4893504737271212, Error: 0.5106454604235515 -> 0.5106468223453361, 👿 -0.00000136, Variant: overshot
Fine 04f10911 Score: 0.4893481002967843, Error: 0.5106454604235515 -> 0.5106491957756724, 👿 -0.00000374, Variant: undershot
Compact 04f10911 Score: 0.48839445766408224, Error: 0.5106454604235515 -> 0.5116031514037672, 👿 -0.000958
Training 203d638b scheduled
Training 203d638b with 1 binary file, target error: 0.05, iterations: 1, sample rate: 100%, sparse: 100%
Fine tuning increased fitness by 0.00004455005316122973 to 0.4894259334963693 adjusted 1 weight 
Remove neuron 8c91a7ea-4124-40c8-b85e-0d38f1be8535 as no longer connected
Training 4155bdef completed after 391ms
Training 4155bdef compacted
compactUnused hidden neuron 8b61c3ab has no outward connections
Fine 4155bdef Score: 0.4893822819631392, Error: 0.5106159026296172 -> 0.5106150041096762, 👌 8.99e-7, Variant: overshot
Fine 4155bdef Score: 0.48905866777836593, Error: 0.5106159026296172 -> 0.510938618294472, 👿 -0.000323, Variant: undershot
Trained 4155bdef Score: 0.4889262178506664, Error: 0.5106159026296172 -> 0.5110710682221662, 👿 -0.000455
Compact 4155bdef Score: 0.48835800105101795, Error: 0.5106159026296172 -> 0.5116395980172094, 👿 -0.00102
Training 63c755fc scheduled
Training 63c755fc with 1 binary file, target error: 0.05, iterations: 1, sample rate: 100%, sparse: 100%
Remove neuron 008da6ee-32ab-4053-8c5b-74b174616d95 as no longer connected
Training 203d638b completed after 373ms
Training 203d638b compacted
compactUnused hidden neuron 8b61c3ab has no outward connections
Fine 203d638b Score: 0.4894224445633127, Error: 0.5105713525764558 -> 0.5105748415095102, 👿 -0.00000349, Variant: overshot
Trained 203d638b Score: 0.4894129936206811, Error: 0.5105713525764558 -> 0.5105842924521471, 👿 -0.0000129
Fine 203d638b Score: 0.4893533358131798, Error: 0.5105713525764558 -> 0.5106439502596457, 👿 -0.0000726, Variant: undershot
Compact 203d638b Score: 0.4884546633606214, Error: 0.5105713525764558 -> 0.5115429357076055, 👿 -0.000972
Training 9f82def0 scheduled
Training 9f82def0 with 1 binary file, target error: 0.05, iterations: 1, sample rate: 100%, sparse: 100%
Fine tuning increased fitness by 0.000144380098734187 to 0.4896416116916466 adjusted 40 weights 
Remove neuron b9df423a-d72e-40fb-a254-3f78b833db5b as no longer connected
Training 63c755fc completed after 479ms
Training 63c755fc compacted
Over populated 52, expected 50.
Culling duplicate creature at 30 of 52
DeDuplication of 1 creatures to 51 in 5ms (previous experiment )
compactUnused hidden neuron 8b61c3ab has no outward connections
Trained 63c755fc Score: 0.489497618514112, Error: 0.5105000544799122 -> 0.5104996675587126, 👌 3.87e-7
Fine 63c755fc Score: 0.4894970963635866, Error: 0.5105000544799122 -> 0.5105001897092382, 👿 -1.35e-7, Variant: overshot
Fine 63c755fc Score: 0.4894969592117586, Error: 0.5105000544799122 -> 0.5105003268610661, 👿 -2.72e-7, Variant: undershot
Compact 63c755fc Score: 0.4885273027010386, Error: 0.5105000544799122 -> 0.5114702963671877, 👿 -0.000970
Training e7e21eb7 scheduled
Training e7e21eb7 with 1 binary file, target error: 0.05, iterations: 1, sample rate: 100%, sparse: 100%
Training 9f82def0 completed after 359ms
Training 9f82def0 compacted
Over populated 52, expected 50.
compactUnused hidden neuron 8b61c3ab has no outward connections
Fine 9f82def0 Score: 0.4896420919494107, Error: 0.5103556743811771 -> 0.5103551941234149, 👌 4.80e-7, Variant: overshot
Fine 9f82def0 Score: 0.489609864266299, Error: 0.5103556743811771 -> 0.5103874218065267, 👿 -0.0000317, Variant: undershot
Trained 9f82def0 Score: 0.48960312668672934, Error: 0.5103556743811771 -> 0.510394159386098, 👿 -0.0000385
Compact 9f82def0 Score: 0.48864869243237063, Error: 0.5103556743811771 -> 0.5113489066358549, 👿 -0.000993
Training 49cff83b scheduled
Training 49cff83b with 1 binary file, target error: 0.05, iterations: 1, sample rate: 100%, sparse: 100%
Fine tuning increased fitness by 0.000012386592450730483 to 0.4898274905172982 adjusted 40 weights, 3 biases 
Training e7e21eb7 completed after 403ms
Training e7e21eb7 compacted
Over populated 52, expected 50.
compactUnused hidden neuron 8b61c3ab has no outward connections
Fine e7e21eb7 Score: 0.48850476291426626, Error: 0.5101821821479746 -> 0.5114925231585637, 👿 -0.00131, Variant: overshot
Compact e7e21eb7 Score: 0.4884778110339837, Error: 0.5101821821479746 -> 0.5115197880342411, 👿 -0.00134
Fine e7e21eb7 Score: 0.48749171764081345, Error: 0.5101821821479746 -> 0.512505568432042, 👿 -0.00232, Variant: undershot
Trained e7e21eb7 Score: 0.4871806630476742, Error: 0.5101821821479746 -> 0.5128166230251539, 👿 -0.00263
Training 1ace2dac scheduled
Training 1ace2dac with 1 binary file, target error: 0.05, iterations: 1, sample rate: 100%, sparse: 100%
Training 49cff83b completed after 414ms
Training 49cff83b compacted
Over populated 52, expected 50.
Generation 190 score 0.4898369442878185 (avg: 0.4752) error 0.5101603417850065 avg time 807ms
compactUnused hidden neuron 8b61c3ab has no outward connections
Fine 49cff83b Score: 0.4898261901826415, Error: 0.5101697955555236 -> 0.5101710958901798, 👿 -0.00000130, Variant: overshot
Fine 49cff83b Score: 0.4898221865916012, Error: 0.5101697955555236 -> 0.5101750994812191, 👿 -0.00000530, Variant: undershot
Trained 49cff83b Score: 0.4898218392380201, Error: 0.5101697955555236 -> 0.5101754468348023, 👿 -0.00000565
Compact 49cff83b Score: 0.48880799360912136, Error: 0.5101697955555236 -> 0.5111896054591022, 👿 -0.00102
Training 57de166e scheduled
Training 57de166e with 1 binary file, target error: 0.05, iterations: 1, sample rate: 100%, sparse: 100%
Fine tuning increased fitness by 0.00003092709148982964 to 0.4898678713793083 adjusted 47 weights, 5 biases 
Training 1ace2dac completed after 450ms
Training 1ace2dac compacted
compactUnused hidden neuron 8b61c3ab has no outward connections
Trained 1ace2dac Score: 0.48983694204704836, Error: 0.5101603417850065 -> 0.5101603440257766, 👿 -2.24e-9
Compact 1ace2dac Score: 0.4888227345456536, Error: 0.5101603417850065 -> 0.511174864522573, 👿 -0.00101
Training f3304489 scheduled
Training f3304489 with 1 binary file, target error: 0.05, iterations: 1, sample rate: 100%, sparse: 100%
Fine tuning increased fitness by 0.00002100063471760505 to 0.4898888720140259 adjusted 47 weights, 5 biases 
Training 57de166e completed after 386ms
Training 57de166e compacted
compactUnused hidden neuron 8b61c3ab has no outward connections
Fine 57de166e Score: 0.4897664020164374, Error: 0.5101294146935139 -> 0.5102308840563795, 👿 -0.000101, Variant: overshot
Fine 57de166e Score: 0.489397852314118, Error: 0.5101294146935139 -> 0.5105994337586773, 👿 -0.000470, Variant: undershot
Trained 57de166e Score: 0.4891446172470962, Error: 0.5101294146935139 -> 0.5108526688257369, 👿 -0.000723
Compact 57de166e Score: 0.4887684442792578, Error: 0.5101294146935139 -> 0.5112291547889667, 👿 -0.00110
Training b50ed99a scheduled
Training b50ed99a with 1 binary file, target error: 0.05, iterations: 1, sample rate: 100%, sparse: 100%
Fine tuning increased fitness by 0.000003972337736857234 to 0.4898928443517628 adjusted 47 weights, 5 biases 
Training f3304489 completed after 415ms
Training f3304489 compacted
Over populated 52, expected 50.
compactUnused hidden neuron 8b61c3ab has no outward connections
Fine f3304489 Score: 0.48987679367343867, Error: 0.5101084140587961 -> 0.5101204923993812, 👿 -0.0000121, Variant: overshot
Fine f3304489 Score: 0.489860277207419, Error: 0.5101084140587961 -> 0.5101370088654059, 👿 -0.0000286, Variant: undershot
Trained f3304489 Score: 0.4897444591517538, Error: 0.5101084140587961 -> 0.5102528269210735, 👿 -0.000144
Compact f3304489 Score: 0.48886558967723887, Error: 0.5101084140587961 -> 0.5111320093909851, 👿 -0.00102
Training 6da5951b scheduled
Training 6da5951b with 1 binary file, target error: 0.05, iterations: 1, sample rate: 100%, sparse: 100%
Fine tuning increased fitness by 0.000014110373561526668 to 0.4899069547253243 adjusted 47 weights, 5 biases 
Training b50ed99a completed after 388ms
Training b50ed99a compacted
Over populated 52, expected 50.
compactUnused hidden neuron 8b61c3ab has no outward connections
Fine b50ed99a Score: 0.4896586687471242, Error: 0.5101044417210607 -> 0.5103386173257217, 👿 -0.000234, Variant: overshot
Compact b50ed99a Score: 0.4885126213229991, Error: 0.5101044417210607 -> 0.5114849777452272, 👿 -0.00138
Trained b50ed99a Score: 0.48658255941647927, Error: 0.5101044417210607 -> 0.5134147266563575, 👿 -0.00331
Fine b50ed99a Score: 0.4853042529289178, Error: 0.5101044417210607 -> 0.5146930331438797, 👿 -0.00459, Variant: undershot
Training f12b2e30 scheduled
Training f12b2e30 with 1 binary file, target error: 0.05, iterations: 1, sample rate: 100%, sparse: 100%
Training 6da5951b completed after 362ms
Training 6da5951b compacted
compactUnused hidden neuron 8b61c3ab has no outward connections
Fine 6da5951b Score: 0.48989303648809507, Error: 0.5100903313475007 -> 0.510104249584725, 👿 -0.0000139, Variant: overshot
Fine 6da5951b Score: 0.4898677272179215, Error: 0.5100903313475007 -> 0.5101295588548996, 👿 -0.0000392, Variant: undershot
Trained 6da5951b Score: 0.4896961955391376, Error: 0.5100903313475007 -> 0.5103010905336929, 👿 -0.000211
Compact 6da5951b Score: 0.48886383183817517, Error: 0.5100903313475007 -> 0.5111337672300517, 👿 -0.00104
Training 6e186e9a scheduled
Training 6e186e9a with 1 binary file, target error: 0.05, iterations: 1, sample rate: 100%, sparse: 100%
compactUnused hidden neuron 8b61c3ab has no outward connections
Training f12b2e30 completed after 448ms
Training f12b2e30 compacted
Fine f12b2e30 Score: 0.48991824746342405, Error: 0.5100834388406311 -> 0.5100790386094082, 👌 0.00000440, Variant: overshot
Fine f12b2e30 Score: 0.48976613563958216, Error: 0.5100834388406311 -> 0.5102311504332478, 👿 -0.000148, Variant: undershot
Trained f12b2e30 Score: 0.48970700906019143, Error: 0.5100834388406311 -> 0.5102902770126446, 👿 -0.000207
Compact f12b2e30 Score: 0.4888743724049622, Error: 0.5100834388406311 -> 0.5111232266632691, 👿 -0.00104
Training 906854ce scheduled
Training 906854ce with 1 binary file, target error: 0.05, iterations: 1, sample rate: 100%, sparse: 100%
Fine tuning increased fitness by 0.000004384075981633817 to 0.4899249436341276 adjusted 46 weights, 5 biases 
Training 6e186e9a completed after 383ms
Training 6e186e9a compacted
compactUnused hidden neuron 8b61c3ab has no outward connections
Trained 6e186e9a Score: 0.4899198934209448, Error: 0.5100767265146907 -> 0.5100773926518919, 👿 -6.66e-7
Compact 6e186e9a Score: 0.4889088366773402, Error: 0.5100767265146907 -> 0.5110887623908975, 👿 -0.00101
Training a7c5cf3b scheduled
Training a7c5cf3b with 1 binary file, target error: 0.05, iterations: 1, sample rate: 100%, sparse: 100%
Training 906854ce completed after 484ms
Training 906854ce compacted
Over populated 52, expected 50.
compactUnused hidden neuron 8b61c3ab has no outward connections
Fine 906854ce Score: 0.48992544813285877, Error: 0.5100723424387155 -> 0.5100718379399855, 👌 5.04e-7, Variant: overshot
Fine 906854ce Score: 0.4899168061306356, Error: 0.5100723424387155 -> 0.5100804799422043, 👿 -0.00000814, Variant: undershot
Trained 906854ce Score: 0.4898800739861189, Error: 0.5100723424387155 -> 0.5101172120867262, 👿 -0.0000449
Compact 906854ce Score: 0.48891161137867023, Error: 0.5100723424387155 -> 0.5110859876895736, 👿 -0.00101
Training 0868135f scheduled
Training 0868135f with 1 binary file, target error: 0.05, iterations: 1, sample rate: 100%, sparse: 100%
Training a7c5cf3b completed after 383ms
Training a7c5cf3b compacted
Over populated 52, expected 50.
compactUnused hidden neuron 8b61c3ab has no outward connections
Fine a7c5cf3b Score: 0.4899301494566414, Error: 0.5100674921317073 -> 0.5100671366162052, 👌 3.56e-7, Variant: overshot
Trained a7c5cf3b Score: 0.48992973105067195, Error: 0.5100674921317073 -> 0.5100675550221744, 👿 -6.29e-8
Fine a7c5cf3b Score: 0.48992954486362106, Error: 0.5100674921317073 -> 0.5100677412092254, 👿 -2.49e-7, Variant: undershot
Compact a7c5cf3b Score: 0.4889205269451833, Error: 0.5100674921317073 -> 0.5110770721230636, 👿 -0.00101
Training 108afefc scheduled
Training 108afefc with 1 binary file, target error: 0.05, iterations: 1, sample rate: 100%, sparse: 100%
Fine tuning increased fitness by 0.000027570710012525534 to 0.4899863876472862 adjusted 51 weights, 7 biases 
Training 0868135f completed after 380ms
Training 0868135f compacted
Over populated 52, expected 50.
Generation 200 score 0.4899863876472862 (avg: 0.4568) error 0.5100108984255647 avg time 882ms
compactUnused hidden neuron 8b61c3ab has no outward connections
Fine 0868135f Score: 0.4899573019139947, Error: 0.5100384691355755 -> 0.5100399841588571, 👿 -0.00000152, Variant: overshot
Fine 0868135f Score: 0.48990230578442395, Error: 0.5100384691355755 -> 0.5100949802884256, 👿 -0.0000565, Variant: undershot
Trained 0868135f Score: 0.4897536185074628, Error: 0.5100384691355755 -> 0.5102436675653929, 👿 -0.000205
Compact 0868135f Score: 0.48893044158387033, Error: 0.5100384691355755 -> 0.5110671574843794, 👿 -0.00103
Training 5c70e4ac scheduled
Training 5c70e4ac with 1 binary file, target error: 0.05, iterations: 1, sample rate: 100%, sparse: 100%
Fine tuning increased fitness by 0.000007158640998428112 to 0.4899935462882846 adjusted 51 weights, 7 biases 
Training 108afefc completed after 417ms
Training 108afefc compacted
Over populated 52, expected 50.
compactUnused hidden neuron 8b61c3ab has no outward connections
Compact 108afefc Score: 0.4886783893429022, Error: 0.5100108984255647 -> 0.5113192097253499, 👿 -0.00131
Fine 108afefc Score: 0.4886724279285475, Error: 0.5100108984255647 -> 0.5113248581443011, 👿 -0.00131, Variant: overshot
Fine 108afefc Score: 0.48864489178461856, Error: 0.5100108984255647 -> 0.5113523942881867, 👿 -0.00134, Variant: undershot
Trained 108afefc Score: 0.4875147477558427, Error: 0.5100108984255647 -> 0.5124825383170153, 👿 -0.00247
Training 09c34170 scheduled
Training 09c34170 with 1 binary file, target error: 0.05, iterations: 1, sample rate: 100%, sparse: 100%
Fine tuning increased fitness by 0.0000039089709156781005 to 0.4899974552592003 adjusted 51 weights, 7 biases 
compactUnused hidden neuron 8b61c3ab has no outward connections
Training 5c70e4ac completed after 376ms
Training 5c70e4ac compacted
Over populated 52, expected 50.
Fine 5c70e4ac Score: 0.48999386325472827, Error: 0.5100037397845676 -> 0.5100034228181239, 👌 3.17e-7, Variant: undershot
Fine 5c70e4ac Score: 0.4899934580554556, Error: 0.5100037397845676 -> 0.5100038280173961, 👿 -8.82e-8, Variant: overshot
Trained 5c70e4ac Score: 0.4899932543459105, Error: 0.5100037397845676 -> 0.5100040317269416, 👿 -2.92e-7
Compact 5c70e4ac Score: 0.48898645188409073, Error: 0.5100037397845676 -> 0.5110111471841617, 👿 -0.00101
Training ce54fc36 scheduled
Training ce54fc36 with 1 binary file, target error: 0.05, iterations: 1, sample rate: 100%, sparse: 100%
compactUnused hidden neuron 8b61c3ab has no outward connections
Training 09c34170 completed after 371ms
Training 09c34170 compacted
Over populated 52, expected 50.
Fine 09c34170 Score: 0.4899974623281157, Error: 0.5099998308136537 -> 0.5099998237447383, 👌 7.07e-9, Variant: undershot
Fine 09c34170 Score: 0.4899974389674287, Error: 0.5099998308136537 -> 0.5099998471054253, 👿 -1.63e-8, Variant: overshot
Trained 09c34170 Score: 0.48999743669135964, Error: 0.5099998308136537 -> 0.5099998493814943, 👿 -1.86e-8
Compact 09c34170 Score: 0.48899147606236865, Error: 0.5099998308136537 -> 0.5110061230058855, 👿 -0.00101
Training ef7626ef scheduled
Training ef7626ef with 1 binary file, target error: 0.05, iterations: 1, sample rate: 100%, sparse: 100%
Fine tuning increased fitness by 0.0000033146823017471405 to 0.4909020507333004 adjusted 54 weights, 8 biases 
Training ce54fc36 completed after 359ms
Training ce54fc36 compacted
Over populated 52, expected 50.
compactUnused hidden neuron 8b61c3ab has no outward connections
Fine ce54fc36 Score: 0.490773155088076, Error: 0.5090985530218521 -> 0.5092241339847566, 👿 -0.000126, Variant: overshot
Fine ce54fc36 Score: 0.49012574458933017, Error: 0.5090985530218521 -> 0.5098715444835347, 👿 -0.000773, Variant: undershot
Trained ce54fc36 Score: 0.48935438021494765, Error: 0.5090985530218521 -> 0.5106429088579035, 👿 -0.00154
Compact ce54fc36 Score: 0.48876487604470054, Error: 0.5090985530218521 -> 0.5112327230235514, 👿 -0.00213
Training aecfa8f2 scheduled
Training aecfa8f2 with 1 binary file, target error: 0.05, iterations: 1, sample rate: 100%, sparse: 100%
Training ef7626ef completed after 436ms
Training ef7626ef compacted
compactUnused hidden neuron 8b61c3ab has no outward connections
Trained ef7626ef Score: 0.49090205028621914, Error: 0.5090952383395522 -> 0.5090952387866334, 👿 -4.47e-10
Compact ef7626ef Score: 0.4887933149571813, Error: 0.5090952383395522 -> 0.5112042841110722, 👿 -0.00211
Training 6effccf1 scheduled
Training 6effccf1 with 1 binary file, target error: 0.05, iterations: 1, sample rate: 100%, sparse: 100%
Fine tuning increased fitness by 0.00003074954965071042 to 0.49103131443018305 adjusted 55 weights, 9 biases 
Training aecfa8f2 completed after 434ms
Training aecfa8f2 compacted
Over populated 52, expected 50.
compactUnused hidden neuron 8b61c3ab has no outward connections
Fine aecfa8f2 Score: 0.4910005894684638, Error: 0.5089967241923147 -> 0.5089966996043832, 👌 2.46e-8, Variant: overshot
Trained aecfa8f2 Score: 0.49100056745681536, Error: 0.5089967241923147 -> 0.5089967216160316, 👌 2.58e-9
Fine aecfa8f2 Score: 0.49100054368006785, Error: 0.5089967241923147 -> 0.5089967453927791, 👿 -2.12e-8, Variant: undershot
Compact aecfa8f2 Score: 0.48893297090471166, Error: 0.5089967241923147 -> 0.5110646281635375, 👿 -0.00207
Training 6b348dcc scheduled
Training 6b348dcc with 1 binary file, target error: 0.05, iterations: 1, sample rate: 100%, sparse: 100%
Fine tuning increased fitness by 0.000036040072380283394 to 0.49106735450256334 adjusted 54 weights, 9 biases 
Training 6effccf1 completed after 392ms
Training 6effccf1 compacted
Over populated 52, expected 50.
compactUnused hidden neuron 8b61c3ab has no outward connections
Fine 6effccf1 Score: 0.4910363605699894, Error: 0.508965974642666 -> 0.5089609285028592, 👌 0.00000505, Variant: overshot
Fine 6effccf1 Score: 0.49098556153255113, Error: 0.508965974642666 -> 0.5090117275402959, 👿 -0.0000458, Variant: undershot
Trained 6effccf1 Score: 0.49082772410212877, Error: 0.508965974642666 -> 0.5091695649707251, 👿 -0.000204
Compact 6effccf1 Score: 0.48896516586862354, Error: 0.508965974642666 -> 0.5110324331996278, 👿 -0.00207
Training b3c131ae scheduled
Training b3c131ae with 1 binary file, target error: 0.05, iterations: 1, sample rate: 100%, sparse: 100%
Fine tuning increased fitness by 0.000007048745763960085 to 0.4910744032483273 adjusted 54 weights, 9 biases 
compactUnused hidden neuron 8b61c3ab has no outward connections
Training 6b348dcc completed after 381ms
Training 6b348dcc compacted
Over populated 52, expected 50.
Fine 6b348dcc Score: 0.49106631490912067, Error: 0.5089299345702851 -> 0.5089309741637279, 👿 -0.00000104, Variant: overshot
Fine 6b348dcc Score: 0.4910627502108407, Error: 0.5089299345702851 -> 0.5089345388620107, 👿 -0.00000460, Variant: undershot
Trained 6b348dcc Score: 0.4910251712325502, Error: 0.5089299345702851 -> 0.5089721178402993, 👿 -0.0000422
Compact 6b348dcc Score: 0.48898141630139424, Error: 0.5089299345702851 -> 0.5110161827668565, 👿 -0.00209
Training c68aa5c2 scheduled
Training c68aa5c2 with 1 binary file, target error: 0.05, iterations: 1, sample rate: 100%, sparse: 100%
Training b3c131ae completed after 359ms
Training b3c131ae compacted
compactUnused hidden neuron 8b61c3ab has no outward connections
Trained b3c131ae Score: 0.49107439692725596, Error: 0.5089228858245199 -> 0.5089228921455913, 👿 -6.32e-9
Compact b3c131ae Score: 0.4889889706076401, Error: 0.5089228858245199 -> 0.5110086284606097, 👿 -0.00209
Training 987d3458 scheduled
Training 987d3458 with 1 binary file, target error: 0.05, iterations: 1, sample rate: 100%, sparse: 100%
Fine tuning increased fitness by 0.000008839676707450561 to 0.4910944810668055 adjusted 28 weights, 5 biases 
Constant neuron b1a0cec9-6c55-4ff8-9627-be8b9f256395 convert hidden to constant
Adjust neuron b1a0cec9-6c55-4ff8-9627-be8b9f256395 bias -0.0096162 to -0.009593082708799142
Training c68aa5c2 completed after 411ms
Training c68aa5c2 compacted
Over populated 52, expected 50.
Generation 210 score 0.4910944810668055 (avg: 0.4870) error 0.5089028080060434 avg time 830ms
compactUnused hidden neuron 8b61c3ab has no outward connections
Fine c68aa5c2 Score: 0.4911109839561863, Error: 0.5089116476827499 -> 0.508886305116659, 👌 0.0000253, Variant: overshot
Fine c68aa5c2 Score: 0.4910816277779923, Error: 0.5089116476827499 -> 0.5089156612948563, 👿 -0.00000401, Variant: undershot
Trained c68aa5c2 Score: 0.4909016287893987, Error: 0.5089116476827499 -> 0.509095660283453, 👿 -0.000184
Compact c68aa5c2 Score: 0.48899074284165167, Error: 0.5089116476827499 -> 0.5110068562265988, 👿 -0.00210
Training 95fc2c4d scheduled
Training 95fc2c4d with 1 binary file, target error: 0.05, iterations: 1, sample rate: 100%, sparse: 100%
Fine tuning increased fitness by 0.000016502889380820562 to 0.4911109839561863 adjusted 146 weights, 15 biases 
Training 987d3458 completed after 412ms
Training 987d3458 compacted
Over populated 52, expected 50.
compactUnused hidden neuron 8b61c3ab has no outward connections
Fine 987d3458 Score: 0.491094826111607, Error: 0.5089028080060434 -> 0.5089024629612416, 👌 3.45e-7, Variant: undershot
Fine 987d3458 Score: 0.4910945141144059, Error: 0.5089028080060434 -> 0.508902774958443, 👌 3.30e-8, Variant: overshot
Trained 987d3458 Score: 0.49109405015671503, Error: 0.5089028080060434 -> 0.5089032389161338, 👿 -4.31e-7
Compact 987d3458 Score: 0.48898510705898623, Error: 0.5089028080060434 -> 0.5110124920092651, 👿 -0.00211
Training 8e8e5cea scheduled
Training 8e8e5cea with 1 binary file, target error: 0.05, iterations: 1, sample rate: 100%, sparse: 100%
Fine tuning increased fitness by 0.000020340879128610823 to 0.4911313248353149 adjusted 145 weights, 15 biases 
Training 95fc2c4d completed after 398ms
Training 95fc2c4d compacted
compactUnused hidden neuron 8b61c3ab has no outward connections
Compact 95fc2c4d Score: 0.48898791058187807, Error: 0.508886305116659 -> 0.5110096884863702, 👿 -0.00212
Trained 95fc2c4d Score: 0.4609055462411632, Error: 0.508886305116659 -> 0.5390917428316263, 👿 -0.0302
Training 68cbddcc scheduled
Training 68cbddcc with 1 binary file, target error: 0.05, iterations: 1, sample rate: 100%, sparse: 100%
Remove neuron dceb6a38-b641-4902-b2ed-d32e3f2b13c3 as no longer connected
compactUnused hidden neuron 8b61c3ab has no outward connections
Training 8e8e5cea completed after 388ms
Training 8e8e5cea compacted
Over populated 52, expected 50.
Trained 8e8e5cea Score: 0.4911470538933781, Error: 0.508865964237529 -> 0.508850235179468, 👌 0.0000157
Compact 8e8e5cea Score: 0.4890335316172535, Error: 0.508865964237529 -> 0.5109640674509931, 👿 -0.00210
Training e46f1c1c scheduled
Training e46f1c1c with 1 binary file, target error: 0.05, iterations: 1, sample rate: 100%, sparse: 100%
Fine tuning increased fitness by 0.000025447576103621028 to 0.49118133980815026 adjusted 145 weights, 15 biases 
compactUnused hidden neuron 8b61c3ab has no outward connections
Training 68cbddcc completed after 380ms
Training 68cbddcc compacted
Trained 68cbddcc Score: 0.4911562275813827, Error: 0.5088413968407962 -> 0.5088410614914601, 👌 3.35e-7
Compact 68cbddcc Score: 0.48903451554600386, Error: 0.5088413968407962 -> 0.5109630835222417, 👿 -0.00212
Training 53651f17 scheduled
Training 53651f17 with 1 binary file, target error: 0.05, iterations: 1, sample rate: 100%, sparse: 100%
Fine tuning increased fitness by 0.00001765879683385263 to 0.4911989986049841 adjusted 145 weights, 15 biases 
Remove neuron b1a0cec9-6c55-4ff8-9627-be8b9f256395 as no longer connected
Remove neuron 008da6ee-32ab-4053-8c5b-74b174616d95 as no longer connected
Training e46f1c1c completed after 349ms
Training e46f1c1c compacted
Over populated 52, expected 50.
compactUnused hidden neuron 8b61c3ab has no outward connections
Trained e46f1c1c Score: 0.49118721424757655, Error: 0.5088159492646898 -> 0.5088100748252647, 👌 0.00000587
Fine e46f1c1c Score: 0.4911690255946522, Error: 0.5088159492646898 -> 0.5088282634781875, 👿 -0.0000123, Variant: overshot
Fine e46f1c1c Score: 0.491144402558917, Error: 0.5088159492646898 -> 0.5088528865139202, 👿 -0.0000369, Variant: undershot
Compact e46f1c1c Score: 0.4890539981020657, Error: 0.5088159492646898 -> 0.5109436009661772, 👿 -0.00213
Training b24e7a17 scheduled
Training b24e7a17 with 1 binary file, target error: 0.05, iterations: 1, sample rate: 100%, sparse: 100%
Fine tuning increased fitness by 0.000005958945358264245 to 0.4912049575503424 adjusted 145 weights, 15 biases 
compactUnused hidden neuron 8b61c3ab has no outward connections
Training 53651f17 completed after 391ms
Training 53651f17 compacted
Over populated 52, expected 50.
Trained 53651f17 Score: 0.49119915287007354, Error: 0.5087982904678543 -> 0.5087981362027648, 👌 1.54e-7
Fine 53651f17 Score: 0.4911990923825472, Error: 0.5087982904678543 -> 0.5087981966902911, 👌 9.38e-8, Variant: overshot
Fine 53651f17 Score: 0.4911989326347368, Error: 0.5087982904678543 -> 0.5087983564381017, 👿 -6.60e-8, Variant: undershot
Compact 53651f17 Score: 0.48906821923279786, Error: 0.5087982904678543 -> 0.5109293798354434, 👿 -0.00213
Training 0ec5f04b scheduled
Training 0ec5f04b with 1 binary file, target error: 0.05, iterations: 1, sample rate: 100%, sparse: 100%
Fine tuning increased fitness by 0.0000057533542314192054 to 0.4912107109045738 adjusted 145 weights, 15 biases 
compactUnused hidden neuron 8b61c3ab has no outward connections
Training b24e7a17 completed after 361ms
Training b24e7a17 compacted
Over populated 52, expected 50.
Fine b24e7a17 Score: 0.49094938797897336, Error: 0.5087923315224936 -> 0.5090479010938512, 👿 -0.000256, Variant: overshot
Compact b24e7a17 Score: 0.48906339829145734, Error: 0.5087923315224936 -> 0.5109342007767816, 👿 -0.00214
Fine b24e7a17 Score: 0.4885686278977843, Error: 0.5087923315224936 -> 0.5114286611750432, 👿 -0.00264, Variant: undershot
Trained b24e7a17 Score: 0.4879269128269818, Error: 0.5087923315224936 -> 0.5120703762458406, 👿 -0.00328
Training 6399c7da scheduled
Training 6399c7da with 1 binary file, target error: 0.05, iterations: 1, sample rate: 100%, sparse: 100%
Fine tuning increased fitness by 0.0000014898318551614942 to 0.49121220073642896 adjusted 145 weights, 15 biases 
Training 0ec5f04b completed after 358ms
Training 0ec5f04b compacted
Over populated 52, expected 50.
compactUnused hidden neuron 8b61c3ab has no outward connections
Fine 0ec5f04b Score: 0.4912096196364031, Error: 0.5087865781682617 -> 0.5087876694364319, 👿 -0.00000109, Variant: overshot
Fine 0ec5f04b Score: 0.4907268337186808, Error: 0.5087865781682617 -> 0.5092704553541431, 👿 -0.000484, Variant: undershot
Trained 0ec5f04b Score: 0.49068128115156534, Error: 0.5087865781682617 -> 0.5093160079212778, 👿 -0.000529
Compact 0ec5f04b Score: 0.48907502167466854, Error: 0.5087865781682617 -> 0.5109225773935699, 👿 -0.00214
Training 059a5563 scheduled
Training 059a5563 with 1 binary file, target error: 0.05, iterations: 1, sample rate: 100%, sparse: 100%
compactUnused hidden neuron 8b61c3ab has no outward connections
Training 6399c7da completed after 385ms
Training 6399c7da compacted
Over populated 52, expected 50.
Fine 6399c7da Score: 0.4912177770196921, Error: 0.5087850883364048 -> 0.5087795120531391, 👌 0.00000558, Variant: undershot
Fine 6399c7da Score: 0.4912091470360387, Error: 0.5087850883364048 -> 0.5087881420367952, 👿 -0.00000305, Variant: overshot
Trained 6399c7da Score: 0.4910610330727395, Error: 0.5087850883364048 -> 0.5089362560001007, 👿 -0.000151
Compact 6399c7da Score: 0.4890829680810349, Error: 0.5087850883364048 -> 0.5109146309872019, 👿 -0.00213
Training 38290573 scheduled
Training 38290573 with 1 binary file, target error: 0.05, iterations: 1, sample rate: 100%, sparse: 100%
Fine tuning increased fitness by 0.000020292427648727074 to 0.49124409942992486 adjusted 146 weights, 15 biases 
Training 059a5563 completed after 377ms
Training 059a5563 compacted
Over populated 52, expected 50.
Generation 220 score 0.49124409942992486 (avg: 0.4764) error 0.5087531896429073 avg time 824ms
compactUnused hidden neuron 8b61c3ab has no outward connections
Fine 059a5563 Score: 0.49114079826616086, Error: 0.5087734820705561 -> 0.508856490806679, 👿 -0.0000830, Variant: overshot
Fine 059a5563 Score: 0.49070924403282096, Error: 0.5087734820705561 -> 0.5092880450399544, 👿 -0.000515, Variant: undershot
Trained 059a5563 Score: 0.4891611753569115, Error: 0.5087734820705561 -> 0.5108361137159269, 👿 -0.00206
Compact 059a5563 Score: 0.48911469977870203, Error: 0.5087734820705561 -> 0.5108828992895335, 👿 -0.00211
Fine tuning increased fitness by 6.770053659344022e-7 to 0.4912447764352908 adjusted 146 weights, 15 biases 
Training 38290573 completed after 419ms
Training 38290573 compacted
Over populated 52, expected 50.
Fine 38290573 Score: 0.49110937731880544, Error: 0.5087531896429073 -> 0.5088879117540088, 👿 -0.000135, Variant: overshot
Fine 38290573 Score: 0.4902237750761597, Error: 0.5087531896429073 -> 0.5097735139966525, 👿 -0.00102, Variant: undershot
Trained 38290573 Score: 0.48938781150718647, Error: 0.5087531896429073 -> 0.51060947756564, 👿 -0.00186
Compact 38290573 Score: 0.4891081905414208, Error: 0.5087531896429073 -> 0.5108894085268135, 👿 -0.00214
Fine tuning increased fitness by 0.000027536064493127732 to 0.4912723124997839 adjusted 146 weights, 15 biases 
Fine tuning increased fitness by 0.00001808792616359023 to 0.4912904004259475 adjusted 146 weights, 15 biases 
Fine tuning increased fitness by 0.000017789543432733534 to 0.49130818996938025 adjusted 146 weights, 15 biases 
Fine tuning increased fitness by 0.000020303433237445212 to 0.4913284934026177 adjusted 146 weights, 15 biases 
Fine tuning increased fitness by 0.00000857067388942978 to 0.49136389469415453 adjusted 145 weights, 15 biases 
Remove neuron b1a0cec9-6c55-4ff8-9627-be8b9f256395 as no longer connected
Generation 230 score 0.4913951565083747 (avg: 0.4196) error 0.5086021125651962 avg time 773ms
Fine tuning increased fitness by 0.000015414745634712013 to 0.491416055668073 adjusted 33 weights, 4 biases 
Remove neuron 008da6ee-32ab-4053-8c5b-74b174616d95 as no longer connected
Remove neuron 37f27191-eb04-4a3b-b4cc-5184eac297b9 as no longer connected
Fine tuning increased fitness by 0.00001842224841852591 to 0.49144703099900255 adjusted 29 weights, 4 biases 
Fine tuning increased fitness by 0.00002966613648458516 to 0.49147669713548714 adjusted 29 weights, 4 biases 
Fine tuning increased fitness by 0.000026017819884704974 to 0.49150271495537184 adjusted 29 weights, 4 biases 
Generation 240 score 0.4919315547276731 (avg: 0.4507) error 0.5080656943465635 avg time 724ms
Fine tuning increased fitness by 0.000013179843437183258 to 0.4919536644767878 adjusted 6 weights, 1 bias 
Fine tuning increased fitness by 0.000014088833900471887 to 0.49196775331068826 adjusted 6 weights, 1 bias 
Fine tuning increased fitness by 0.000008579975779798854 to 0.49197633328646806 adjusted 6 weights, 1 bias 
Remove neuron b1a0cec9-6c55-4ff8-9627-be8b9f256395 as no longer connected
Fine tuning increased fitness by 0.000043089837081622395 to 0.4920443273998901 adjusted 6 weights, 1 bias 
Fine tuning increased fitness by 0.0001278467834708863 to 0.492172174183361 adjusted 6 weights, 1 bias 
Fine tuning increased fitness by 0.00023974135566134924 to 0.4924868732192319 adjusted 6 weights, 1 bias 
Generation 250 score 0.49250989707510734 (avg: 0.4722) error 0.5074873519989939 avg time 690ms
Fine tuning increased fitness by 3.597268866672998e-7 to 0.492510256801994 adjusted 6 weights, 1 bias 
Fine tuning increased fitness by 3.8115475103905894e-7 to 0.49251063795674505 adjusted 6 weights, 1 bias 
Fine tuning increased fitness by 5.776522655764893e-7 to 0.4925112156090106 adjusted 1 weight 
Fine tuning increased fitness by 7.310113012137798e-7 to 0.49251194662031184 adjusted 1 weight 
Fine tuning increased fitness by 0.000001376297766697565 to 0.49251332291807853 adjusted 1 weight 
Fine tuning increased fitness by 0.0000013455446962740147 to 0.4925146684627748 adjusted 1 weight 
Fine tuning increased fitness by 0.0000024924817015881118 to 0.4925171609444764 adjusted 1 weight 
Fine tuning increased fitness by 0.000005103273281736875 to 0.49252226421775813 adjusted 1 weight 
Fine tuning increased fitness by 0.000008789808847498026 to 0.49253105402660563 adjusted 1 weight 
Fine tuning increased fitness by 0.000002592169133674993 to 0.4925336461957393 adjusted 1 weight 
Generation 260 score 0.4925336461957393 (avg: 0.4925) error 0.5074635728794539 avg time 523ms
Fine tuning increased fitness by 0.000004473286911388374 to 0.49254249765334396 adjusted 2 weights 
Fine tuning increased fitness by 0.000004735977098768718 to 0.4925472336304427 adjusted 2 weights 
Fine tuning increased fitness by 5.349638966811732e-7 to 0.4925477685943394 adjusted 2 weights 
Fine tuning increased fitness by 0.000005176984680665964 to 0.4925529455790201 adjusted 2 weights 
Generation 265 score 0.4925529455790201 (avg: 0.4349) error 0.5074442634965339 avg time 265ms
Set training/discovery clean up count to 2
Waiting for discovery to complete
Fine tuning increased fitness by 0.0000025522363699126416 to 0.49255549781539 adjusted 1 weight 
Generation 266 score 0.49255549781539 (avg: 0.4863) error 0.5074417112601638 avg time 61ms
Waiting for discovery to complete
Generation 267 score 0.49256292826734915 (avg: 0.4645) error 0.5074342808081508 avg time 51ms
Waiting for discovery to complete
Generation 268 score 0.4925755687220586 (avg: 0.4630) error 0.5074216403533356 avg time 62ms
Waiting for discovery to complete
Generation 269 score 0.4925915628958175 (avg: 0.4712) error 0.5074056461793975 avg time 74ms
Waiting for discovery to complete
Fine tuning increased fitness by 0.000006988088734505293 to 0.492598550984552 adjusted 4 weights 
Generation 270 score 0.492598550984552 (avg: 0.4271) error 0.5073986580905004 avg time 75ms
Waiting for discovery to complete
Discovered beneficial synapse from input-1652 to output-0 with weight 0.6598, helping 36.3% more records than it harms (3159/4637)
Discovery 6e43b54b analyze time 1m 5s 813ms found 1 candidates
Fine tuning increased fitness by 1.7822037579051653e-7 to 0.4925987292049278 adjusted 4 weights 
Discovered harmful synapse from input-1731 to 3543e446-9d9e-4e97-acfb-6ec3f2b46583, harming 15.1% more records than it helps (1969/4637)
Discovery 6e43b54b analyze harmful time 548ms found 1 candidates
Generation 271 score 0.4925987292049278 (avg: -51.7462) error 0.5073984798700906 avg time 69ms
Waiting for discovery to complete
Generation 272 score 0.4925987292049278 (avg: 0.3856) error 0.5073984798700906 avg time 67ms
Waiting for discovery to complete
Discovery 6e43b54b analyze squashes time 1s 50ms found 2 candidates, Summary: 79468590-2312-4c4b-a9ef-dc717cbf71d4 SOFTSIGN -> SQRT improved: 12.1% error: 5.2547 -> 4.6195,b9df423a-d72e-40fb-a254-3f78b833db5b ELU -> SINE improved: 9.0% error: 6.1107 -> 5.5579
Generation 273 score 0.4925987292049278 (avg: 0.4576) error 0.5073984798700906 avg time 66ms
Waiting for discovery to complete
Generation 274 score 0.4925987292049278 (avg: 0.4660) error 0.5073984798700906 avg time 64ms
Waiting for training/discovery clean up 2
Remove neuron 008da6ee-32ab-4053-8c5b-74b174616d95 as no longer connected
Generation 275 score 0.4925987325953802 (avg: 0.4321) error 0.5073984764796489 avg time 66ms
Waiting for training/discovery clean up 1
Fine tuning increased fitness by 2.055257586341952e-8 to 0.49259875314795604 adjusted 4 weights 
Generation 276 score 0.49259875314795604 (avg: 0.4607) error 0.5073984559270669 avg time 63ms
{
  error: 0.5073984559270669,
  score: 0.49259875314795604,
  generation: 276,
  time: 247280,
  startScore: 0.44114738958821986
}
OR , score: 0.9149675505558003
process (poor score) OR , score: 0.9149675505558003 lvl: 2
loaded ../GRQ-portfolio/best/location/v1/OR.json
5 mutations, mutation rate 15.0%, elitism 7, mutation FFW, selection FITNESS_PROPORTIONATE
Creature count: 50
Culling duplicate creature at 1 of 51
DeDuplication of 1 creatures to 50 in 67ms (previous experiment )
Discovery 432b0857 scheduled
Training 432b0857 scheduled
Training 432b0857 with 1 binary file, target error: 0.05, iterations: 1, sample rate: 100%, sparse: 100%
Discovery 432b0857 with 1 binary files, sample rate: 100%, batch size: 512
Discovery 432b0857 initialize time 98ms
Discovery 432b0857 processing .trainData-location_88/OR/data.bin
Remove neuron fcd5292e-66b9-4f50-822d-4f6c8f203b72 as no longer connected
Discovery 432b0857 read time 10ms for .trainData-location_88/OR/data.bin with 4637 records
Discovery 432b0857 scanning time 8s 792ms
Discovery 432b0857 recorded time 9s 644ms
Training aa22352b scheduled
Training aa22352b with 1 binary file, target error: 0.05, iterations: 1, sample rate: 100%, sparse: 100%
Fine tuning increased fitness by 4.743740875667868e-7 to 0.9149680249298878 adjusted 493 weights, 13 biases 
Training 432b0857 completed after 12s 571ms
Training 432b0857 compacted
Compact 432b0857 Score: 0.9149677300065058, Error: 0.08498745244524203 -> 0.0849873929945357, 👌 5.95e-8
Trained 432b0857 Score: 0.7504327072802411, Error: 0.08498745244524203 -> 0.2495222957208012, 👿 -0.165
Fine tuning increased fitness by 5.909436530115997e-7 to 0.9149686158735408 adjusted 493 weights, 13 biases 
Training 81f06199 scheduled
Training 81f06199 with 1 binary file, target error: 0.05, iterations: 1, sample rate: 100%, sparse: 100%
Training aa22352b completed after 13s 298ms
Training aa22352b compacted
Compact aa22352b Score: 0.914968144942893, Error: 0.08498697807115453 -> 0.08498697805814844, 👌 1.30e-11
Trained aa22352b Score: 0.9149650403458421, Error: 0.08498697807115453 -> 0.08498996265520026, 👿 -0.00000298
Fine tuning increased fitness by 3.286358341014761e-7 to 0.9149694976617887 adjusted 287 weights, 8 biases 
Discovered beneficial synapse from input-1012 to 6345391f-9fa7-42b1-a1dc-f240e632845a with weight 1.0000, helping 25.5% more records than it harms (2286/4637)
Discovery 432b0857 analyze time 41s 865ms found 1 candidates
Discovered harmful synapse from input-1537 to e268e816-6727-4ffc-bd7a-05199657389c, harming 24.2% more records than it helps (1530/4637)
Discovery 432b0857 analyze harmful time 2s 836ms found 1 candidates
Training 0cf8a892 scheduled
Training 0cf8a892 with 1 binary file, target error: 0.05, iterations: 1, sample rate: 100%, sparse: 100%
Discovery 432b0857 analyze squashes time 4s 185ms found 0 candidates
Fine tuning increased fitness by 3.4008268179341883e-7 to 0.9149698377444705 adjusted 287 weights, 8 biases 
Training 81f06199 completed after 13s 321ms
Training 81f06199 compacted
Compact 81f06199 Score: 0.9149692890115995, Error: 0.08498583397508779 -> 0.08498583398944208, 👿 -1.44e-11
Trained 81f06199 Score: 0.9140830368241154, Error: 0.08498583397508779 -> 0.085871966176927, 👿 -0.000886
Discovery c154e448 scheduled
Discovery c154e448 with 1 binary files, sample rate: 100%, batch size: 512
Discovery c154e448 initialize time 99ms
Discovery c154e448 processing .trainData-location_88/OR/data.bin
Discovery c154e448 read time 8ms for .trainData-location_88/OR/data.bin with 4637 records
Discovery c154e448 scanning time 7s 846ms
Discovery c154e448 recorded time 9s 660ms
Training c7954e1f scheduled
Training c7954e1f with 1 binary file, target error: 0.05, iterations: 1, sample rate: 100%, sparse: 100%
Training 0cf8a892 completed after 13s 298ms
Training 0cf8a892 compacted
Compact 0cf8a892 Score: 0.9149699576908329, Error: 0.0849851652565719 -> 0.08498516531020865, 👿 -5.36e-11
Trained 0cf8a892 Score: 0.9137018453687918, Error: 0.0849851652565719 -> 0.08625315763225046, 👿 -0.00127
Generation 10 score 0.9150032815061172 (avg: 0.9101) error 0.08495172149492511 avg time 9s 941ms
Training 7fe015f1 scheduled
Training 7fe015f1 with 1 binary file, target error: 0.05, iterations: 1, sample rate: 100%, sparse: 100%
Training c7954e1f completed after 13s 719ms
Training c7954e1f compacted
Compact c7954e1f Score: 0.9149713764022438, Error: 0.08498374661468822 -> 0.08498374659879766, 👌 1.59e-11
Trained c7954e1f Score: 0.9143839648032697, Error: 0.08498374661468822 -> 0.08557103819777265, 👿 -0.000587
Fine tuning increased fitness by 0.00009561989094364343 to 0.9151897908463821 adjusted 370 weights, 10 biases 
Training 93c5abc6 scheduled
Training 93c5abc6 with 1 binary file, target error: 0.05, iterations: 1, sample rate: 100%, sparse: 100%
Fine tuning increased fitness by 0.000044045993905728054 to 0.9152338368402878 adjusted 370 weights, 10 biases 
Discovered beneficial synapse from input-1012 to 6345391f-9fa7-42b1-a1dc-f240e632845a with weight 1.0000, helping 25.5% more records than it harms (2286/4637)
Discovery c154e448 analyze time 44s 821ms found 1 candidates
Discovered harmful synapse from input-1646 to adae8337-8a60-4f4f-92b9-3dac307a50dd, harming 22.0% more records than it helps (1768/4637)
Discovery c154e448 analyze harmful time 2s 404ms found 1 candidates
Training 7fe015f1 completed after 13s 729ms
Training 7fe015f1 compacted
Discovery c154e448 analyze squashes time 3s 367ms found 0 candidates
Compact 7fe015f1 Score: 0.9150942909919361, Error: 0.08486083204560388 -> 0.08486083200910544, 👌 3.65e-11
Trained 7fe015f1 Score: 0.9143411642282465, Error: 0.08486083204560388 -> 0.08561383877279588, 👿 -0.000753
Discovery f4c67a10 scheduled
Discovery f4c67a10 with 1 binary files, sample rate: 100%, batch size: 512
Discovery f4c67a10 initialize time 80ms
Discovery f4c67a10 processing .trainData-location_88/OR/data.bin
Fine tuning increased fitness by 0.00004621947377514424 to 0.915280056314063 adjusted 450 weights, 10 biases 
Discovery f4c67a10 read time 7ms for .trainData-location_88/OR/data.bin with 4637 records
Discovery f4c67a10 scanning time 6s 825ms
Discovery f4c67a10 recorded time 8s 996ms
Training 229f85dc scheduled
Training 229f85dc with 1 binary file, target error: 0.05, iterations: 1, sample rate: 100%, sparse: 100%
Fine tuning increased fitness by 0.00019775094791629755 to 0.9154778072619792 adjusted 450 weights, 10 biases 
Constant neuron 4110d222-37d9-4e3e-972f-1335bb8cccda convert hidden to constant
Adjust neuron 4110d222-37d9-4e3e-972f-1335bb8cccda bias 0.06729489999999999 to 0.06729489999999999
Training 93c5abc6 completed after 13s 189ms
Training 93c5abc6 compacted
Compact 93c5abc6 Score: 0.915233956840287, Error: 0.08472116616075456 -> 0.08472116616075456,  🫥
Trained 93c5abc6 Score: 0.9148740013444259, Error: 0.08472116616075456 -> 0.08508100165661649, 👿 -0.000360
Training 5d912225 scheduled
Training 5d912225 with 1 binary file, target error: 0.05, iterations: 1, sample rate: 100%, sparse: 100%
Fine tuning increased fitness by 0.0000015372083149722826 to 0.9154888099260939 adjusted 194 weights, 4 biases 
Training 229f85dc completed after 13s 645ms
Training 229f85dc compacted
Compact 229f85dc Score: 0.9154779270557865, Error: 0.08447719573906307 -> 0.08447719594525499, 👿 -2.06e-10
Trained 229f85dc Score: 0.9085035926641865, Error: 0.08447719573906307 -> 0.09145141033685585, 👿 -0.00697
Training 9c6f9488 scheduled
Training 9c6f9488 with 1 binary file, target error: 0.05, iterations: 1, sample rate: 100%, sparse: 100%
Fine tuning increased fitness by 0.0000011320912491896706 to 0.9154900209842632 adjusted 342 weights, 8 biases 
Training 5d912225 completed after 14s 577ms
Training 5d912225 compacted
Compact 5d912225 Score: 0.9154889298954502, Error: 0.08446619307494839 -> 0.08446619310559134, 👿 -3.06e-11
Trained 5d912225 Score: 0.9148492279247422, Error: 0.08446619307494839 -> 0.08510577507630011, 👿 -0.000640
Generation 20 score 0.9154909004081974 (avg: 0.9060) error 0.08446410259284504 avg time 10s 763ms
Discovered beneficial synapse from input-1012 to 6345391f-9fa7-42b1-a1dc-f240e632845a with weight 1.0000, helping 25.5% more records than it harms (2291/4637)
Discovery f4c67a10 analyze time 1m 3s 471ms found 1 candidates
Discovered harmful synapse from input-1537 to e268e816-6727-4ffc-bd7a-05199657389c, harming 23.8% more records than it helps (1540/4637)
Discovery f4c67a10 analyze harmful time 3s 737ms found 1 candidates
Discovery f4c67a10 analyze squashes time 2s 678ms found 0 candidates
Training 9c6f9488 completed after 13s 31ms
Training 9c6f9488 compacted
Compact 9c6f9488 Score: 0.9154901409842624, Error: 0.08446498201677904 -> 0.08446498201677904,  🫥
Trained 9c6f9488 Score: 0.9154901352509452, Error: 0.08446498201677904 -> 0.08446486775009711, 👌 1.14e-7
Fine tuning increased fitness by 0.00003114656264457949 to 0.9156435687990273 adjusted 345 weights, 8 biases 
Fine tuning increased fitness by 0.00035197544649323564 to 0.9159955442455205 adjusted 342 weights, 8 biases 
Generation 24 score 0.9159955442455205 (avg: 0.9143) error 0.08395945875552163 avg time 3s 857ms
{
  error: 0.08395945875552163,
  score: 0.9159955442455205,
  generation: 24,
  time: 245900,
  startScore: 0.9149675505558003
}
KS , score: 0.9417519076453305
process (poor score) KS , score: 0.9417519076453305 lvl: 2
loaded ../GRQ-portfolio/best/location/v1/KS.json
6 mutations, mutation rate 5.0%, elitism 4, mutation FFW, selection POWER
Creature count: 50
Culling duplicate creature at 1 of 51
DeDuplication of 1 creatures to 50 in 260ms (previous experiment )
Discovery b7a9f3b7 scheduled
Training b7a9f3b7 scheduled
Training b7a9f3b7 with 1 binary file, target error: 0.05, iterations: 1, sample rate: 100%, sparse: 100%
Discovery b7a9f3b7 with 1 binary files, sample rate: 100%, batch size: 512
Discovery b7a9f3b7 initialize time 100ms
Discovery b7a9f3b7 processing .trainData-location_88/KS/data.bin
Discovery b7a9f3b7 read time 9ms for .trainData-location_88/KS/data.bin with 4637 records
Discovery b7a9f3b7 scanning time 7s 684ms
Discovery b7a9f3b7 recorded time 9s 593ms
Training fe64986c scheduled
Training fe64986c with 1 binary file, target error: 0.05, iterations: 1, sample rate: 100%, sparse: 100%
Training b7a9f3b7 completed after 10s 581ms
Training b7a9f3b7 compacted
Compact b7a9f3b7 Score: 0.941668986402827, Error: 0.05820175835630589 -> 0.05828491959880284, 👿 -0.0000832
Trained b7a9f3b7 Score: 0.9415760508695312, Error: 0.05820175835630589 -> 0.058377615132105105, 👿 -0.000176
Training 9ced3afa scheduled
Training 9ced3afa with 1 binary file, target error: 0.05, iterations: 1, sample rate: 100%, sparse: 100%
Fine tuning increased fitness by 0.0000013421545039804528 to 0.9417538058933876 adjusted 5 weights, 1 bias 
Training fe64986c completed after 10s 321ms
Training fe64986c compacted
Compact fe64986c Score: 0.9416695593242901, Error: 0.05820120226275275 -> 0.05828434667733979, 👿 -0.0000831
Trained fe64986c Score: 0.9413030281009538, Error: 0.05820120226275275 -> 0.05865063790068254, 👿 -0.000449
Training 2927c5bd scheduled
Training 2927c5bd with 1 binary file, target error: 0.05, iterations: 1, sample rate: 100%, sparse: 100%
Fine tuning increased fitness by 3.2606803856971567e-7 to 0.9417541319614262 adjusted 5 weights, 1 bias 
Training 9ced3afa completed after 11s 284ms
Training 9ced3afa compacted
Compact 9ced3afa Score: 0.941676649259085, Error: 0.05819986010824878 -> 0.05827725674254492, 👿 -0.0000774
Trained 9ced3afa Score: 0.8965344505305227, Error: 0.05819986010824878 -> 0.10341921547111362, 👿 -0.0452
Training fcd0b4c4 scheduled
Training fcd0b4c4 with 1 binary file, target error: 0.05, iterations: 1, sample rate: 100%, sparse: 100%
Training 2927c5bd completed after 10s 123ms
Training 2927c5bd compacted
Compact 2927c5bd Score: 0.9416710390114587, Error: 0.05819953404021019 -> 0.058282866990171225, 👿 -0.0000833
Trained 2927c5bd Score: 0.9413462401669728, Error: 0.05819953404021019 -> 0.058607425834663586, 👿 -0.000408
Training 2b5d44db scheduled
Training 2b5d44db with 1 binary file, target error: 0.05, iterations: 1, sample rate: 100%, sparse: 100%
Training fcd0b4c4 completed after 8s 955ms
Training fcd0b4c4 compacted
Compact fcd0b4c4 Score: 0.9416707505564612, Error: 0.05819953382356471 -> 0.058283155445168676, 👿 -0.0000836
Trained fcd0b4c4 Score: 0.9414875395197889, Error: 0.05819953382356471 -> 0.05846612648184748, 👿 -0.000267
Discovered beneficial synapse from input-59 to b5659150-7c99-4057-98a7-a885792cf544 with weight 1.0000, helping 35.4% more records than it harms (1704/4637)
Discovery b7a9f3b7 analyze time 1m 3s 287ms found 1 candidates
Training a1406645 scheduled
Training a1406645 with 1 binary file, target error: 0.05, iterations: 1, sample rate: 100%, sparse: 100%
Discovered harmful synapse from input-29 to 81ab3bb2-dd76-468b-a7dd-dac2936c294b, harming 48.3% more records than it helps (178/4637)
Discovery b7a9f3b7 analyze harmful time 2s 803ms found 1 candidates
Discovery b7a9f3b7 analyze squashes time 2s 601ms found 1 candidate, Summary: d62a7277-0cba-40e8-a8e9-f1056e122750 SELU -> COMPLEMENT improved: 49.3% error: 1.1327935493422438e+26 -> 5.737990695819591e+25
Training 2b5d44db completed after 9s 767ms
Training 2b5d44db compacted
Compact 2b5d44db Score: 0.9416751280556817, Error: 0.05819945826881612 -> 0.05827877794594825, 👿 -0.0000793
Trained 2b5d44db Score: 0.9310518824326779, Error: 0.05819945826881612 -> 0.06890178356895853, 👿 -0.0107
Discovery 43f42344 scheduled
Discovery 43f42344 with 1 binary files, sample rate: 100%, batch size: 512
Discovery 43f42344 initialize time 94ms
Discovery 43f42344 processing .trainData-location_88/KS/data.bin
Fine tuning increased fitness by 4.2848891101954223e-10 to 0.9417542083829408 adjusted 1 weight 
Discovery 43f42344 read time 6ms for .trainData-location_88/KS/data.bin with 4637 records
Discovery 43f42344 scanning time 5s 565ms
Discovery 43f42344 recorded time 6s 619ms
Training abaaaab6 scheduled
Training abaaaab6 with 1 binary file, target error: 0.05, iterations: 1, sample rate: 100%, sparse: 100%
Fine tuning increased fitness by 8.642387916424354e-10 to 0.9417542092471796 adjusted 1 weight 
Training a1406645 completed after 9s 627ms
Training a1406645 compacted
Generation 10 score 0.9417542092471796 (avg: 0.9259) error 0.058199456754456834 avg time 10s 261ms
Compact a1406645 Score: 0.9416758991446318, Error: 0.0581994580471845 -> 0.058278006856998146, 👿 -0.0000785
Trained a1406645 Score: 0.9270530813878195, Error: 0.0581994580471845 -> 0.07290058461381682, 👿 -0.0147
Fine tuning increased fitness by 1.363533619347379e-9 to 0.9417542106107132 adjusted 1 weight 
Training 144980af scheduled
Training 144980af with 1 binary file, target error: 0.05, iterations: 1, sample rate: 100%, sparse: 100%
Fine tuning increased fitness by 2.6221572690943162e-9 to 0.9417542132328705 adjusted 1 weight 
Discovered beneficial synapse from input-1625 to d62a7277-0cba-40e8-a8e9-f1056e122750 with weight 1.0000, helping 18.1% more records than it harms (1021/4637)
Discovery 43f42344 analyze time 22s 506ms found 1 candidates
Training abaaaab6 completed after 8s 963ms
Training abaaaab6 compacted
Discovered harmful synapse from input-29 to 81ab3bb2-dd76-468b-a7dd-dac2936c294b, harming 48.3% more records than it helps (178/4637)
Discovery 43f42344 analyze harmful time 3s 132ms found 1 candidates
Compact abaaaab6 Score: 0.941675222688967, Error: 0.058199456754456834 -> 0.058278683312663, 👿 -0.0000792
Trained abaaaab6 Score: 0.9276385955585803, Error: 0.058199456754456834 -> 0.07231507044305607, 👿 -0.0141
Fine tuning increased fitness by 4.812942711041046e-9 to 0.9417542180458132 adjusted 1 weight 
Discovery 43f42344 analyze squashes time 3s 652ms found 1 candidate, Summary: d62a7277-0cba-40e8-a8e9-f1056e122750 SELU -> ABSOLUTE improved: 49.3% error: 1.1327935493422438e+26 -> 5.737990695819591e+25
Discovery d1613c81 scheduled
Training d1613c81 scheduled
Training d1613c81 with 1 binary file, target error: 0.05, iterations: 1, sample rate: 100%, sparse: 100%
Discovery d1613c81 with 1 binary files, sample rate: 100%, batch size: 512
Discovery d1613c81 initialize time 84ms
Discovery d1613c81 processing .trainData-location_88/KS/data.bin
Fine tuning increased fitness by 9.082371188462446e-9 to 0.9417542271281844 adjusted 1 weight 
Training 144980af completed after 9s 90ms
Training 144980af compacted
Discovery d1613c81 read time 10ms for .trainData-location_88/KS/data.bin with 4637 records
Discovery d1613c81 scanning time 7s 417ms
Discovery d1613c81 recorded time 8s 887ms
Compact 144980af Score: 0.9416758168002968, Error: 0.05819945276876594 -> 0.05827808920133313, 👿 -0.0000786
Trained 144980af Score: 0.9284617078516888, Error: 0.05819945276876594 -> 0.07149195814994756, 👿 -0.0133
Fine tuning increased fitness by 1.786708803130921e-8 to 0.9417542449952724 adjusted 1 weight 
Training 572acf95 scheduled
Training 572acf95 with 1 binary file, target error: 0.05, iterations: 1, sample rate: 100%, sparse: 100%
Fine tuning increased fitness by 3.3757568185244224e-8 to 0.9417542787528406 adjusted 1 weight 
Training d1613c81 completed after 10s 547ms
Training d1613c81 compacted
Compact d1613c81 Score: 0.9416761170385203, Error: 0.05819943887345198 -> 0.05827778896310961, 👿 -0.0000784
Trained d1613c81 Score: 0.9289351366478356, Error: 0.05819943887345198 -> 0.07101852935380083, 👿 -0.0128
Fine tuning increased fitness by 6.597724577783737e-8 to 0.9417543447300863 adjusted 1 weight 
Training 3cdf2c8b scheduled
Training 3cdf2c8b with 1 binary file, target error: 0.05, iterations: 1, sample rate: 100%, sparse: 100%
Fine tuning increased fitness by 1.2809766269938905e-7 to 0.941754472827749 adjusted 1 weight 
Training 572acf95 completed after 9s 577ms
Training 572acf95 compacted
Compact 572acf95 Score: 0.9416759095916223, Error: 0.058199387248795774 -> 0.05827799641000766, 👿 -0.0000786
Trained 572acf95 Score: 0.9275187172970633, Error: 0.058199387248795774 -> 0.07243494870457313, 👿 -0.0142
Fine tuning increased fitness by 2.4778159479765804e-7 to 0.9417547206093438 adjusted 1 weight 
Discovered beneficial synapse from input-59 to b5659150-7c99-4057-98a7-a885792cf544 with weight 1.0000, helping 35.4% more records than it harms (1704/4637)
Discovery d1613c81 analyze time 32s 239ms found 1 candidates
Discovered harmful synapse from input-11 to b5659150-7c99-4057-98a7-a885792cf544, harming 35.4% more records than it helps (64/4637)
Discovery d1613c81 analyze harmful time 2s 508ms found 1 candidates
Training 4d7e5965 scheduled
Training 4d7e5965 with 1 binary file, target error: 0.05, iterations: 1, sample rate: 100%, sparse: 100%
Discovery d1613c81 analyze squashes time 3s 517ms found 0 candidates
Fine tuning increased fitness by 3.7990700152423784e-7 to 0.9417551005163454 adjusted 1 weight 
Training 3cdf2c8b completed after 9s 662ms
Training 3cdf2c8b compacted
Generation 20 score 0.9417551005163454 (avg: 0.9268) error 0.05819856548529097 avg time 7s 583ms
Compact 3cdf2c8b Score: 0.9416756473533866, Error: 0.058199193173887345 -> 0.05827825864824334, 👿 -0.0000791
Trained 3cdf2c8b Score: 0.9305258240957908, Error: 0.058199193173887345 -> 0.0694278419058456, 👿 -0.0112
Discovery 36c5a692 scheduled
Discovery 36c5a692 with 1 binary files, sample rate: 100%, batch size: 512
Discovery 36c5a692 initialize time 77ms
Discovery 36c5a692 processing .trainData-location_88/KS/data.bin
Fine tuning increased fitness by 0.000001121784203417242 to 0.9417562223005488 adjusted 6 weights, 1 bias 
Discovery 36c5a692 read time 4ms for .trainData-location_88/KS/data.bin with 4637 records
Discovery 36c5a692 scanning time 6s 816ms
Discovery 36c5a692 recorded time 8s 936ms
Training 810d1973 scheduled
Training 810d1973 with 1 binary file, target error: 0.05, iterations: 1, sample rate: 100%, sparse: 100%
Fine tuning increased fitness by 0.000002108293835623165 to 0.9417583305943844 adjusted 6 weights, 1 bias 
Training 4d7e5965 completed after 9s 20ms
Training 4d7e5965 compacted
Compact 4d7e5965 Score: 0.9416730982096646, Error: 0.05819856548529097 -> 0.05828080779196532, 👿 -0.0000822
Trained 4d7e5965 Score: 0.9376386797694856, Error: 0.05819856548529097 -> 0.06231498623215081, 👿 -0.00412
Training a8945691 scheduled
Training a8945691 with 1 binary file, target error: 0.05, iterations: 1, sample rate: 100%, sparse: 100%
Fine tuning increased fitness by 0.0000022483318019572707 to 0.9417605789261864 adjusted 6 weights, 1 bias 
Training 810d1973 completed after 10s 692ms
Training 810d1973 compacted
Compact 810d1973 Score: 0.9417529833592934, Error: 0.05819533540725173 -> 0.05820083264234009, 👿 -0.00000550
Trained 810d1973 Score: 0.9290452982222701, Error: 0.05819533540725173 -> 0.0709083677793661, 👿 -0.0127
Training a8945691 completed after 11s 23ms
Training a8945691 compacted
Compact a8945691 Score: 0.9416792226766554, Error: 0.05819308707544954 -> 0.058274683324974125, 👿 -0.0000816
Trained a8945691 Score: 0.7582136773258131, Error: 0.05819308707544954 -> 0.24173998867582283, 👿 -0.184
Fine tuning increased fitness by 9.61518098363534e-7 to 0.9417670810600982 adjusted 6 weights, 1 bias 
Generation 26 score 0.9417671300611776 (avg: 0.9416) error 0.05818653594045836 avg time 6s 227ms
Set training/discovery clean up count to 2
Waiting for discovery to complete
Generation 27 score 0.9417673424003437 (avg: 0.9248) error 0.05818632360129231 avg time 1s 16ms
Waiting for discovery to complete
Discovered beneficial synapse from input-1626 to 81ab3bb2-dd76-468b-a7dd-dac2936c294b with weight -1.0000, helping 48.5% more records than it harms (2422/4637)
Discovery 36c5a692 analyze time 1m 1s 60ms found 1 candidates
Discovered harmful synapse from input-11 to ff7fbab3-1283-4a53-9a69-763457c8e993, harming 35.4% more records than it helps (64/4637)
Discovery 36c5a692 analyze harmful time 3s 909ms found 1 candidates
Fine tuning increased fitness by 2.5857481955604555e-7 to 0.9417676009751632 adjusted 3 weights, 1 bias 
Discovery 36c5a692 analyze squashes time 2s 397ms found 0 candidates
Generation 28 score 0.9417676009751632 (avg: 0.9236) error 0.05818606502647273 avg time 997ms
Waiting for discovery to complete
Generation 29 score 0.9417677331560729 (avg: 0.9418) error 0.058185932845563094 avg time 943ms
Waiting for training/discovery clean up 2
Discovery 36c5a692 beneficial increased fitness by 5.437385033335573e-7 to 0.9417682768945762
Generation 30 score 0.9417682768945762 (avg: 0.9413) error 0.058185379107060245 avg time 908ms
Waiting for training/discovery clean up 1
Fine tuning increased fitness by 9.286061375402e-8 to 0.94176836975519 adjusted 1 weight 
Generation 31 score 0.94176836975519 (avg: 0.9414) error 0.058185286246446484 avg time 815ms
{
  error: 0.058185286246446484,
  score: 0.94176836975519,
  generation: 31,
  time: 287996,
  startScore: 0.9417519076453305
}
🔍 [model_checkin 1.1.6] Checking for merge conflict markers in JSON files
✅ [validate_json 1.0.1] All JSON files are valid in GRQ-location (took 0s)
✅ [validate_json 1.0.1] All JSON files are valid in GRQ-location (took 1s)
📋 [model_checkin 1.1.6] Local models to be committed:
  • v1/AZ.json
  • v1/CA.json
  • v1/CO.json
  • v1/FRANCE.json
  • v1/KS.json
  • v1/MO.json
  • v1/OR.json
  • v1/SMALL_STATE.json
✅ [validate_json 1.0.1] All JSON files are valid in GRQ-location (took 0s)
✅ [model_checkin 1.1.6] Remote unchanged - no reset needed
🔍 [model_checkin 1.1.6] Final safety check before commit
[Develop dce2c5db] GRQ-15 Improved location models (GRQ-15)
 8 files changed, 9910 insertions(+), 7762 deletions(-)
🔍 [model_checkin 1.1.6] Final check for merge conflict markers
✅ [validate_json 1.0.1] All JSON files are valid in GRQ-location (took 0s)
To github.com:stSoftwareAU/GRQ-location.git
   7522797f..dce2c5db  Develop -> Develop
✅ Successfully committed and pushed model changes
HEAD is now at 27016452 fix: remove error logging for industry creation to simplify output
HEAD is now at 657c568 Update health status for GRQ-22 at Sat Sep  6 22:05:37 AEST 2025
Reset branch 'Develop'
branch 'Develop' set up to track 'origin/Develop'.
Your branch is up to date with 'origin/Develop'.
✅ GRQ-health synced with remote (validation skipped)
HEAD is now at 657c568 Update health status for GRQ-22 at Sat Sep  6 22:05:37 AEST 2025
Updating health information...
Already up to date.
Updated health information for GRQ-15
