================ Clean up START ================
Version 1.3.3
Disk usage:
Filesystem        Size  Used Avail Use% Mounted on
devtmpfs          4.0M     0  4.0M   0% /dev
tmpfs             7.7G     0  7.7G   0% /dev/shm
tmpfs             3.1G  448K  3.1G   1% /run
/dev/nvme0n1p1     40G  2.4G   38G   6% /
tmpfs             7.7G  4.0K  7.7G   1% /tmp
/dev/nvme0n1p128   10M  1.4M  8.7M  14% /boot/efi
/dev/nvme1n1      434G  102M  412G   1% /data
tmpfs             1.6G     0  1.6G   0% /run/user/1001
Uptime:  21:55:03 up 0 min,  0 users,  load average: 0.88, 0.29, 0.10
USER         PID    PPID COMMAND
GRQ        22922   22876 (sd-pam)
GRQ        23045   22634 /bin/bash /data/GRQ/run.sh --option=fx
GRQ        26612   23045 /bin/bash ./check_spot_termination.sh
GRQ        26613   23045 /bin/bash ./run.sh --run-once
GRQ        26625   26612 sleep 5
GRQ        26633   26613 /bin/bash worker/node.sh
GRQ        26642   26633 ps -U GRQ -o user,pid,ppid,command
Host: ip-10-0-45-201
IP: 10.0.45.201
Number of CPUs: 8
Available Memory: 15Gi
================ Clean up ENDED ================
Use local deno
PATH: /data/GRQ/.deno/bin:/usr/local/sbin:/usr/local/bin:/usr/sbin:/usr/bin:/sbin:/bin:/var/lib/snapd/snap/bin
deno 2.4.3 (stable, release, aarch64-unknown-linux-gnu)
v8 13.7.152.14-rusty
typescript 5.8.3
aws-cli/2.23.11 Python/3.9.21 Linux/6.1.130-139.222.amzn2023.aarch64 source/aarch64.amzn.2023
Upgrading Deno to version v2.4.3...
Current Deno version: v2.4.3
Version 2.4.3 is already installed
Option: fx
Starting FX... Tue Aug  5 09:55:04 PM UTC 2025
📦 Cloning GRQ-FX-models
Cloning into 'GRQ-FX-models'...
Already up to date.
Starting ... Fetching S3 checksum file from: s3://grq-trainingdata/trainData-fx_c_88/checksum.sha256
Checksum differs or not found locally. Downloading data file.
Decompressing S3 data file: ../../.cache/v2/trainData-fx_c_88/data.tgz
S3 data successfully fetched and decompressed
🧹 Removing: trainData-fx_c_*
📦 Cloning GRQ-portfolio
Cloning into 'GRQ-portfolio'...
Download https://jsr.io/@std/cli/meta.json
Download https://jsr.io/@std/fmt/meta.json
Download https://jsr.io/@std/fs/meta.json
Download https://jsr.io/@stsoftware/neat-ai/meta.json
Download https://jsr.io/@stsoftware/tags/meta.json
Download https://jsr.io/@std/assert/meta.json
Download https://jsr.io/@std/datetime/meta.json
Download https://jsr.io/@std/csv/meta.json
Download https://jsr.io/@std/cli/1.0.21_meta.json
Download https://jsr.io/@std/fmt/1.0.8_meta.json
Download https://jsr.io/@std/fs/1.0.19_meta.json
Download https://jsr.io/@stsoftware/neat-ai/0.181.0_meta.json
Download https://jsr.io/@stsoftware/tags/1.0.13_meta.json
Download https://jsr.io/@std/assert/1.0.13_meta.json
Download https://jsr.io/@std/datetime/0.225.5_meta.json
Download https://jsr.io/@std/csv/1.0.6_meta.json
Download https://jsr.io/@std/cli/1.0.21/_data.json
Download https://jsr.io/@std/path/meta.json
Download https://jsr.io/@std/internal/meta.json
Download https://jsr.io/@std/streams/meta.json
Download https://jsr.io/@std/bytes/meta.json
Download https://jsr.io/@std/crypto/meta.json
Download https://jsr.io/@std/path/1.1.1_meta.json
Download https://jsr.io/@std/internal/1.0.10_meta.json
Download https://jsr.io/@std/streams/1.0.10_meta.json
Download https://jsr.io/@std/bytes/1.0.6_meta.json
Download https://jsr.io/@std/crypto/1.0.5_meta.json
Download https://jsr.io/@std/cli/1.0.21/mod.ts
Download https://jsr.io/@std/fmt/1.0.8/colors.ts
Download https://jsr.io/@std/fs/1.0.19/mod.ts
Download https://jsr.io/@stsoftware/neat-ai/0.181.0/mod.ts
Download https://jsr.io/@stsoftware/tags/1.0.13/mod.ts
Download https://jsr.io/@std/assert/1.0.13/assert.ts
Download https://jsr.io/@std/fmt/1.0.8/duration.ts
Download https://jsr.io/@std/datetime/0.225.5/mod.ts
Download https://jsr.io/@std/assert/1.0.13/mod.ts
Download https://jsr.io/@std/csv/1.0.6/mod.ts
Download https://jsr.io/@std/datetime/0.225.5/constants.ts
Download https://jsr.io/@std/cli/1.0.21/parse_args.ts
Download https://jsr.io/@std/cli/1.0.21/prompt_secret.ts
Download https://jsr.io/@std/cli/1.0.21/unicode_width.ts
Download https://jsr.io/@std/fs/1.0.19/empty_dir.ts
Download https://jsr.io/@std/fs/1.0.19/ensure_dir.ts
Download https://jsr.io/@std/fs/1.0.19/ensure_file.ts
Download https://jsr.io/@std/fs/1.0.19/ensure_link.ts
Download https://jsr.io/@std/fs/1.0.19/ensure_symlink.ts
Download https://jsr.io/@std/fs/1.0.19/exists.ts
Download https://jsr.io/@std/fs/1.0.19/expand_glob.ts
Download https://jsr.io/@std/fs/1.0.19/move.ts
Download https://jsr.io/@std/fs/1.0.19/copy.ts
Download https://jsr.io/@std/fs/1.0.19/walk.ts
Download https://jsr.io/@std/fs/1.0.19/eol.ts
Download https://jsr.io/@stsoftware/neat-ai/0.181.0/src/Creature.ts
Download https://jsr.io/@stsoftware/neat-ai/0.181.0/src/architecture/CreatureUtils.ts
Download https://jsr.io/@stsoftware/neat-ai/0.181.0/src/methods/Selection.ts
Download https://jsr.io/@stsoftware/neat-ai/0.181.0/src/NEAT/Mutation.ts
Download https://jsr.io/@stsoftware/neat-ai/0.181.0/src/reconstruct/CRISPR.ts
Download https://jsr.io/@stsoftware/neat-ai/0.181.0/src/reconstruct/Upgrade.ts
Download https://jsr.io/@stsoftware/neat-ai/0.181.0/src/reconstruct/ConnectMissing.ts
Download https://jsr.io/@stsoftware/neat-ai/0.181.0/src/architecture/NeuronInterfaces.ts
Download https://jsr.io/@stsoftware/neat-ai/0.181.0/src/architecture/SynapseInterfaces.ts
Download https://jsr.io/@stsoftware/neat-ai/0.181.0/src/upgrade/UpgradeTwo.ts
Download https://jsr.io/@stsoftware/tags/1.0.13/src/TagAndRelease.ts
Download https://jsr.io/@stsoftware/tags/1.0.13/src/TagsInterface.ts
Download https://jsr.io/@std/assert/1.0.13/assertion_error.ts
Download https://jsr.io/@std/datetime/0.225.5/day_of_year.ts
Download https://jsr.io/@std/datetime/0.225.5/difference.ts
Download https://jsr.io/@std/datetime/0.225.5/format.ts
Download https://jsr.io/@std/datetime/0.225.5/is_leap.ts
Download https://jsr.io/@std/datetime/0.225.5/parse.ts
Download https://jsr.io/@std/datetime/0.225.5/week_of_year.ts
Download https://jsr.io/@std/assert/1.0.13/almost_equals.ts
Download https://jsr.io/@std/assert/1.0.13/array_includes.ts
Download https://jsr.io/@std/assert/1.0.13/equals.ts
Download https://jsr.io/@std/assert/1.0.13/exists.ts
Download https://jsr.io/@std/assert/1.0.13/false.ts
Download https://jsr.io/@std/assert/1.0.13/greater_or_equal.ts
Download https://jsr.io/@std/assert/1.0.13/greater.ts
Download https://jsr.io/@std/assert/1.0.13/instance_of.ts
Download https://jsr.io/@std/assert/1.0.13/is_error.ts
Download https://jsr.io/@std/assert/1.0.13/less_or_equal.ts
Download https://jsr.io/@std/assert/1.0.13/less.ts
Download https://jsr.io/@std/assert/1.0.13/match.ts
Download https://jsr.io/@std/assert/1.0.13/not_equals.ts
Download https://jsr.io/@std/assert/1.0.13/not_instance_of.ts
Download https://jsr.io/@std/assert/1.0.13/not_match.ts
Download https://jsr.io/@std/assert/1.0.13/not_strict_equals.ts
Download https://jsr.io/@std/assert/1.0.13/object_match.ts
Download https://jsr.io/@std/assert/1.0.13/rejects.ts
Download https://jsr.io/@std/assert/1.0.13/strict_equals.ts
Download https://jsr.io/@std/assert/1.0.13/string_includes.ts
Download https://jsr.io/@std/assert/1.0.13/throws.ts
Download https://jsr.io/@std/assert/1.0.13/equal.ts
Download https://jsr.io/@std/assert/1.0.13/fail.ts
Download https://jsr.io/@std/assert/1.0.13/unimplemented.ts
Download https://jsr.io/@std/assert/1.0.13/unreachable.ts
Download https://jsr.io/@std/csv/1.0.6/parse.ts
Download https://jsr.io/@std/csv/1.0.6/parse_stream.ts
Download https://jsr.io/@std/csv/1.0.6/stringify.ts
Download https://jsr.io/@std/csv/1.0.6/stringify_stream.ts
Download https://jsr.io/@std/cli/1.0.21/_run_length.ts
Download https://jsr.io/@std/fs/1.0.19/_to_path_string.ts
Download https://jsr.io/@std/fs/1.0.19/_get_file_info_type.ts
Download https://jsr.io/@std/fs/1.0.19/_create_walk_entry.ts
Download https://jsr.io/@std/fs/1.0.19/_is_subdir.ts
Download https://jsr.io/@std/fs/1.0.19/_is_same_path.ts
Download https://jsr.io/@stsoftware/neat-ai/0.181.0/src/architecture/CreatureState.ts
Download https://jsr.io/@stsoftware/neat-ai/0.181.0/src/architecture/CreatureValidate.ts
Download https://jsr.io/@stsoftware/neat-ai/0.181.0/src/architecture/DataSet.ts
Download https://jsr.io/@stsoftware/neat-ai/0.181.0/src/architecture/Neuron.ts
Download https://jsr.io/@stsoftware/neat-ai/0.181.0/src/architecture/Score.ts
Download https://jsr.io/@stsoftware/neat-ai/0.181.0/src/architecture/Synapse.ts
Download https://jsr.io/@stsoftware/neat-ai/0.181.0/src/architecture/Training.ts
Download https://jsr.io/@stsoftware/neat-ai/0.181.0/src/compact/CompactCreature.ts
Download https://jsr.io/@stsoftware/neat-ai/0.181.0/src/compact/CompactUtils.ts
Download https://jsr.io/@stsoftware/neat-ai/0.181.0/src/config/NeatConfig.ts
Download https://jsr.io/@stsoftware/neat-ai/0.181.0/src/Costs.ts
Download https://jsr.io/@stsoftware/neat-ai/0.181.0/src/methods/activations/Activations.ts
Download https://jsr.io/@stsoftware/neat-ai/0.181.0/src/multithreading/workers/WorkerHandler.ts
Download https://jsr.io/@stsoftware/neat-ai/0.181.0/src/NEAT/Neat.ts
Download https://jsr.io/@stsoftware/neat-ai/0.181.0/src/optimize/MakeCreatureActivationFunction.ts
Download https://jsr.io/@stsoftware/neat-ai/0.181.0/src/propagate/BackPropagation.ts
Download https://jsr.io/@stsoftware/neat-ai/0.181.0/src/propagate/sparse/SparseConfig.ts
Download https://jsr.io/@stsoftware/neat-ai/0.181.0/src/upgrade/UpgradeOne.ts
Download https://jsr.io/@stsoftware/neat-ai/0.181.0/src/utils/CreatureExportBuilder.ts
Download https://jsr.io/@stsoftware/neat-ai/0.181.0/src/architecture/SyncV5.ts
Download https://jsr.io/@stsoftware/neat-ai/0.181.0/src/mutate/AddConnection.ts
Download https://jsr.io/@stsoftware/neat-ai/0.181.0/src/methods/activations/types/IDENTITY.ts
Download https://jsr.io/@stsoftware/neat-ai/0.181.0/src/methods/activations/types/SQRT.ts
Download https://jsr.io/@stsoftware/neat-ai/0.181.0/src/methods/activations/types/SQUARE.ts
Download https://jsr.io/@std/datetime/0.225.5/_date_time_formatter.ts
Download https://jsr.io/@std/csv/1.0.6/_io.ts
Download https://jsr.io/@std/csv/1.0.6/_shared.ts
Download https://jsr.io/@stsoftware/neat-ai/0.181.0/src/propagate/SynapseState.ts
Download https://jsr.io/@stsoftware/neat-ai/0.181.0/src/errors/ValidationError.ts
Download https://jsr.io/@stsoftware/neat-ai/0.181.0/src/optimize/FunctionCache.ts
Download https://jsr.io/@stsoftware/neat-ai/0.181.0/src/propagate/Bias.ts
Download https://jsr.io/@stsoftware/neat-ai/0.181.0/src/propagate/Weight.ts
Download https://jsr.io/@stsoftware/neat-ai/0.181.0/src/architecture/NoChangePropagate.ts
Download https://jsr.io/@stsoftware/neat-ai/0.181.0/src/upgrade/Upgrade.ts
Download https://jsr.io/@stsoftware/neat-ai/0.181.0/src/compact/CompactUnused.ts
Download https://jsr.io/@stsoftware/neat-ai/0.181.0/src/methods/activations/types/LOGISTIC.ts
Download https://jsr.io/@stsoftware/neat-ai/0.181.0/src/costs/CrossEntropy.ts
Download https://jsr.io/@stsoftware/neat-ai/0.181.0/src/costs/HINGE.ts
Download https://jsr.io/@stsoftware/neat-ai/0.181.0/src/costs/MAE.ts
Download https://jsr.io/@stsoftware/neat-ai/0.181.0/src/costs/MAPE.ts
Download https://jsr.io/@stsoftware/neat-ai/0.181.0/src/costs/MSE.ts
Download https://jsr.io/@stsoftware/neat-ai/0.181.0/src/costs/MSLE.ts
Download https://jsr.io/@stsoftware/neat-ai/0.181.0/src/deprecated/MEAN.ts
Download https://jsr.io/@stsoftware/neat-ai/0.181.0/src/deprecated/HYPOT.ts
Download https://jsr.io/@stsoftware/neat-ai/0.181.0/src/deprecated/HYPOTv2.ts
Download https://jsr.io/@stsoftware/neat-ai/0.181.0/src/methods/activations/aggregate/IF.ts
Download https://jsr.io/@stsoftware/neat-ai/0.181.0/src/methods/activations/aggregate/MAXIMUM.ts
Download https://jsr.io/@stsoftware/neat-ai/0.181.0/src/methods/activations/aggregate/MINIMUM.ts
Download https://jsr.io/@stsoftware/neat-ai/0.181.0/src/methods/activations/types/ABSOLUTE.ts
Download https://jsr.io/@stsoftware/neat-ai/0.181.0/src/methods/activations/types/ArcTan.ts
Download https://jsr.io/@stsoftware/neat-ai/0.181.0/src/methods/activations/types/BENT_IDENTITY.ts
Download https://jsr.io/@stsoftware/neat-ai/0.181.0/src/methods/activations/types/BIPOLAR.ts
Download https://jsr.io/@stsoftware/neat-ai/0.181.0/src/methods/activations/types/BIPOLAR_SIGMOID.ts
Download https://jsr.io/@stsoftware/neat-ai/0.181.0/src/methods/activations/types/COMPLEMENT.ts
Download https://jsr.io/@stsoftware/neat-ai/0.181.0/src/methods/activations/types/Cosine.ts
Download https://jsr.io/@stsoftware/neat-ai/0.181.0/src/methods/activations/types/Cube.ts
Download https://jsr.io/@stsoftware/neat-ai/0.181.0/src/methods/activations/types/ELU.ts
Download https://jsr.io/@stsoftware/neat-ai/0.181.0/src/methods/activations/types/Exponential.ts
Download https://jsr.io/@stsoftware/neat-ai/0.181.0/src/methods/activations/types/GAUSSIAN.ts
Download https://jsr.io/@stsoftware/neat-ai/0.181.0/src/methods/activations/types/GELU.ts
Download https://jsr.io/@stsoftware/neat-ai/0.181.0/src/methods/activations/types/HARD_TANH.ts
Download https://jsr.io/@stsoftware/neat-ai/0.181.0/src/methods/activations/types/ISRU.ts
Download https://jsr.io/@stsoftware/neat-ai/0.181.0/src/methods/activations/types/LeakyReLU.ts
Download https://jsr.io/@stsoftware/neat-ai/0.181.0/src/methods/activations/types/LogSigmoid.ts
Download https://jsr.io/@stsoftware/neat-ai/0.181.0/src/methods/activations/types/Mish.ts
Download https://jsr.io/@stsoftware/neat-ai/0.181.0/src/methods/activations/types/ReLU.ts
Download https://jsr.io/@stsoftware/neat-ai/0.181.0/src/methods/activations/types/ReLU6.ts
Download https://jsr.io/@stsoftware/neat-ai/0.181.0/src/methods/activations/types/SELU.ts
Download https://jsr.io/@stsoftware/neat-ai/0.181.0/src/methods/activations/types/SINE.ts
Download https://jsr.io/@stsoftware/neat-ai/0.181.0/src/methods/activations/types/SOFTSIGN.ts
Download https://jsr.io/@stsoftware/neat-ai/0.181.0/src/methods/activations/types/STEP.ts
Download https://jsr.io/@stsoftware/neat-ai/0.181.0/src/methods/activations/types/Softplus.ts
Download https://jsr.io/@stsoftware/neat-ai/0.181.0/src/methods/activations/types/StdInverse.ts
Download https://jsr.io/@stsoftware/neat-ai/0.181.0/src/methods/activations/types/Swish.ts
Download https://jsr.io/@stsoftware/neat-ai/0.181.0/src/methods/activations/types/TAN.ts
Download https://jsr.io/@stsoftware/neat-ai/0.181.0/src/methods/activations/types/TANH.ts
Download https://jsr.io/@stsoftware/neat-ai/0.181.0/src/multithreading/workers/MockWorker.ts
Download https://jsr.io/@stsoftware/neat-ai/0.181.0/src/architecture/DeDuplicator.ts
Download https://jsr.io/@stsoftware/neat-ai/0.181.0/src/architecture/ElitismUtils.ts
Download https://jsr.io/@stsoftware/neat-ai/0.181.0/src/architecture/Fitness.ts
Download https://jsr.io/@stsoftware/neat-ai/0.181.0/src/blackbox/FineTune.ts
Download https://jsr.io/@stsoftware/neat-ai/0.181.0/src/blackbox/FineTunePopulation.ts
Download https://jsr.io/@stsoftware/neat-ai/0.181.0/src/breed/Breed.ts
Download https://jsr.io/@stsoftware/neat-ai/0.181.0/src/NEAT/Genus.ts
Download https://jsr.io/@stsoftware/neat-ai/0.181.0/src/NEAT/Mutator.ts
Download https://jsr.io/@stsoftware/neat-ai/0.181.0/src/optimize/Simplify.ts
Download https://jsr.io/@stsoftware/neat-ai/0.181.0/src/architecture/ErrorGuidedStructuralEvolution/DiscoverStructure.ts
Download https://jsr.io/@stsoftware/neat-ai/0.181.0/src/optimize/MakeNeuronActivation.ts
Download https://jsr.io/@stsoftware/neat-ai/0.181.0/src/propagate/sparse/CalculatePathsToOutput.ts
Download https://jsr.io/@stsoftware/neat-ai/0.181.0/src/propagate/sparse/ChooseNeurons.ts
Download https://jsr.io/@stsoftware/neat-ai/0.181.0/src/propagate/ActivationRange.ts
Download https://jsr.io/@stsoftware/neat-ai/0.181.0/src/propagate/ErrorHelper.ts
Download https://jsr.io/@stsoftware/neat-ai/0.181.0/src/methods/activations/AbstractActivationInterface.ts
Download https://jsr.io/@stsoftware/neat-ai/0.181.0/src/multithreading/workers/WorkerProcessor.ts
Download https://jsr.io/@stsoftware/neat-ai/0.181.0/src/NEAT/Species.ts
Download https://jsr.io/@stsoftware/neat-ai/0.181.0/src/NEAT/LogApproach.ts
Download https://jsr.io/@stsoftware/neat-ai/0.181.0/src/blackbox/RestoreSource.ts
Download https://jsr.io/@stsoftware/neat-ai/0.181.0/src/blackbox/Retry.ts
Download https://jsr.io/@stsoftware/neat-ai/0.181.0/src/architecture/Offspring.ts
Download https://jsr.io/@stsoftware/neat-ai/0.181.0/src/blackbox/Discover.ts
Download https://jsr.io/@stsoftware/neat-ai/0.181.0/src/breed/Father.ts
Download https://jsr.io/@stsoftware/neat-ai/0.181.0/src/blackbox/MemeticUpdate.ts
Download https://jsr.io/@stsoftware/neat-ai/0.181.0/src/mutate/AddNeuron.ts
Download https://jsr.io/@stsoftware/neat-ai/0.181.0/src/mutate/SubNeuron.ts
Download https://jsr.io/@stsoftware/neat-ai/0.181.0/src/mutate/SubConnection.ts
Download https://jsr.io/@stsoftware/neat-ai/0.181.0/src/mutate/ModWeight.ts
Download https://jsr.io/@stsoftware/neat-ai/0.181.0/src/mutate/ModBias.ts
Download https://jsr.io/@stsoftware/neat-ai/0.181.0/src/mutate/ModSquash.ts
Download https://jsr.io/@stsoftware/neat-ai/0.181.0/src/mutate/AddSelfCon.ts
Download https://jsr.io/@stsoftware/neat-ai/0.181.0/src/mutate/SubSelfCon.ts
Download https://jsr.io/@stsoftware/neat-ai/0.181.0/src/mutate/AddBackCon.ts
Download https://jsr.io/@stsoftware/neat-ai/0.181.0/src/mutate/SubBackCon.ts
Download https://jsr.io/@stsoftware/neat-ai/0.181.0/src/mutate/SwapNeurons.ts
Download https://jsr.io/@stsoftware/neat-ai/0.181.0/src/architecture/ErrorGuidedStructuralEvolution/DiscoverDirectory.ts
Download https://jsr.io/@stsoftware/neat-ai/0.181.0/src/breed/EditParentByIndex.ts
Download https://jsr.io/@stsoftware/neat-ai/0.181.0/src/breed/GeneticCompatibility.ts
Download https://jsr.io/@std/path/1.1.1/join.ts
Download https://jsr.io/@std/path/1.1.1/dirname.ts
Download https://jsr.io/@std/path/1.1.1/resolve.ts
Download https://jsr.io/@std/internal/1.0.10/os.ts
Download https://jsr.io/@std/path/1.1.1/glob_to_regexp.ts
Download https://jsr.io/@std/path/1.1.1/join_globs.ts
Download https://jsr.io/@std/path/1.1.1/is_glob.ts
Download https://jsr.io/@std/path/1.1.1/is_absolute.ts
Download https://jsr.io/@std/path/1.1.1/constants.ts
Download https://jsr.io/@std/path/1.1.1/basename.ts
Download https://jsr.io/@std/internal/1.0.10/format.ts
Download https://jsr.io/@std/internal/1.0.10/build_message.ts
Download https://jsr.io/@std/internal/1.0.10/diff.ts
Download https://jsr.io/@std/internal/1.0.10/diff_str.ts
Download https://jsr.io/@std/internal/1.0.10/styles.ts
Download https://jsr.io/@std/streams/1.0.10/text_delimiter_stream.ts
Download https://jsr.io/@std/path/1.1.1/from_file_url.ts
Download https://jsr.io/@std/path/1.1.1/normalize.ts
Download https://jsr.io/@std/bytes/1.0.6/mod.ts
Download https://jsr.io/@std/crypto/1.0.5/mod.ts
Download https://jsr.io/@std/path/1.1.1/posix/join.ts
Download https://jsr.io/@std/path/1.1.1/windows/join.ts
Download https://jsr.io/@std/path/1.1.1/posix/dirname.ts
Download https://jsr.io/@std/path/1.1.1/windows/dirname.ts
Download https://jsr.io/@std/path/1.1.1/posix/resolve.ts
Download https://jsr.io/@std/path/1.1.1/windows/resolve.ts
Download https://jsr.io/@std/internal/1.0.10/_os.ts
Download https://jsr.io/@std/path/1.1.1/posix/glob_to_regexp.ts
Download https://jsr.io/@std/path/1.1.1/windows/glob_to_regexp.ts
Download https://jsr.io/@std/path/1.1.1/posix/join_globs.ts
Download https://jsr.io/@std/path/1.1.1/windows/join_globs.ts
Download https://jsr.io/@std/path/1.1.1/posix/is_absolute.ts
Download https://jsr.io/@std/path/1.1.1/windows/is_absolute.ts
Download https://jsr.io/@std/path/1.1.1/posix/basename.ts
Download https://jsr.io/@std/path/1.1.1/windows/basename.ts
Download https://jsr.io/@std/streams/1.0.10/_common.ts
Download https://jsr.io/@std/path/1.1.1/posix/from_file_url.ts
Download https://jsr.io/@std/path/1.1.1/windows/from_file_url.ts
Download https://jsr.io/@std/path/1.1.1/posix/normalize.ts
Download https://jsr.io/@std/path/1.1.1/windows/normalize.ts
Download https://jsr.io/@std/bytes/1.0.6/concat.ts
Download https://jsr.io/@std/bytes/1.0.6/copy.ts
Download https://jsr.io/@std/bytes/1.0.6/ends_with.ts
Download https://jsr.io/@std/bytes/1.0.6/equals.ts
Download https://jsr.io/@std/bytes/1.0.6/includes_needle.ts
Download https://jsr.io/@std/bytes/1.0.6/index_of_needle.ts
Download https://jsr.io/@std/bytes/1.0.6/last_index_of_needle.ts
Download https://jsr.io/@std/bytes/1.0.6/repeat.ts
Download https://jsr.io/@std/bytes/1.0.6/starts_with.ts
Download https://jsr.io/@std/crypto/1.0.5/crypto.ts
Download https://jsr.io/@std/crypto/1.0.5/timing_safe_equal.ts
Download https://jsr.io/@std/path/1.1.1/_common/assert_path.ts
Download https://jsr.io/@std/path/1.1.1/windows/_util.ts
Download https://jsr.io/@std/path/1.1.1/_common/dirname.ts
Download https://jsr.io/@std/path/1.1.1/_common/strip_trailing_separators.ts
Download https://jsr.io/@std/path/1.1.1/posix/_util.ts
Download https://jsr.io/@std/path/1.1.1/_common/constants.ts
Download https://jsr.io/@std/path/1.1.1/_common/normalize_string.ts
Download https://jsr.io/@std/path/1.1.1/_common/glob_to_reg_exp.ts
Download https://jsr.io/@std/path/1.1.1/posix/constants.ts
Download https://jsr.io/@std/path/1.1.1/posix/normalize_glob.ts
Download https://jsr.io/@std/path/1.1.1/windows/constants.ts
Download https://jsr.io/@std/path/1.1.1/windows/normalize_glob.ts
Download https://jsr.io/@std/path/1.1.1/_common/basename.ts
Download https://jsr.io/@std/path/1.1.1/_common/from_file_url.ts
Download https://jsr.io/@std/path/1.1.1/_common/normalize.ts
Download https://jsr.io/@std/crypto/1.0.5/_wasm/mod.ts
Download https://jsr.io/@std/crypto/1.0.5/_wasm/lib/deno_std_wasm_crypto.mjs
Download https://jsr.io/@std/crypto/1.0.5/_wasm/lib/deno_std_wasm_crypto.internal.mjs
FX pairs to process: 10

=== Processing USDKYD (1/10) ===
4 mutations, mutation rate 15.5%, elitism 7, mutation ALL, selection FITNESS_PROPORTIONATE
Creature count: 50
Download https://jsr.io/@stsoftware/neat-ai/0.181.0/src/multithreading/workers/deno/worker.ts
Download https://jsr.io/@stsoftware/neat-ai/0.181.0/src/multithreading/workers/deno/worker.ts
Culling duplicate creature at 37 of 51
DeDuplication of 1 creatures to 50 in  (previous experiment )
Training 971aa901 with 1 binary file, target error: 0.000001, iterations: 1, sample rate: 100%, sparse: 100%
Discovery 971aa901 with 1 binary files, sample rate: 100%, batch size: 512
Discovery 971aa901 initialize time 88ms
Discovery 971aa901 processing .trainData-fx_c_88/USDKYD/data.bin
Discovery 971aa901 read time 1ms for .trainData-fx_c_88/USDKYD/data.bin with 1431 records
Discovery 971aa901 scanning time 424ms
Generation 1 score 0.9999998022509664  error 1.477490335743879e-7 avg time 141ms
Set training/discovery clean up count to 2
Waiting for discovery to complete
Discovery 971aa901 recorded time 813ms
Generation 2 score 0.9999998022509664  error 1.477490335743879e-7 avg time 72ms
Waiting for discovery to complete
Generation 3 score 0.9999998022509664  error 1.477490335743879e-7 avg time 54ms
Waiting for discovery to complete
Generation 4 score 0.9999998022509664  error 1.477490335743879e-7 avg time 36ms
Waiting for discovery to complete
Generation 5 score 0.9999998022509664  error 1.477490335743879e-7 avg time 32ms
Waiting for discovery to complete
Remove neuron 913565e4-da52-4cf0-b2f2-b8c22d96efe1 as no longer connected
Generation 6 score 0.9999998022509664  error 1.477490335743879e-7 avg time 23ms
Waiting for discovery to complete
Generation 7 score 0.9999998022509664  error 1.477490335743879e-7 avg time 22ms
Waiting for discovery to complete
Generation 8 score 0.9999998022509664  error 1.477490335743879e-7 avg time 21ms
Waiting for discovery to complete
Generation 9 score 0.9999998022509664  error 1.477490335743879e-7 avg time 22ms
Waiting for discovery to complete
Generation 10 score 0.9999998022509664  error 1.477490335743879e-7 avg time 23ms
Waiting for discovery to complete
Generation 11 score 0.9999998022509664  error 1.477490335743879e-7 avg time 21ms
Waiting for discovery to complete
Generation 12 score 0.9999998022509664  error 1.477490335743879e-7 avg time 19ms
Waiting for discovery to complete
Constant neuron 9e87d599-db5e-42f5-87b9-8f05d86bbae7 convert hidden to constant
Adjust neuron 9e87d599-db5e-42f5-87b9-8f05d86bbae7 bias -0.06226987326050679 to -0.06037072824456635
Generation 13 score 0.9999998022509664  error 1.477490335743879e-7 avg time 22ms
Waiting for discovery to complete
Generation 14 score 0.9999998022509664  error 1.477490335743879e-7 avg time 23ms
Waiting for discovery to complete
Generation 15 score 0.9999998022509664  error 1.477490335743879e-7 avg time 22ms
Waiting for discovery to complete
Generation 16 score 0.9999998022509664  error 1.477490335743879e-7 avg time 25ms
Waiting for discovery to complete
Generation 17 score 0.9999998022509664  error 1.477490335743879e-7 avg time 20ms
Waiting for discovery to complete
Generation 18 score 0.9999998022509664  error 1.477490335743879e-7 avg time 23ms
Waiting for discovery to complete
Generation 19 score 0.9999998022509664  error 1.477490335743879e-7 avg time 21ms
Waiting for discovery to complete
Generation 20 score 0.9999998022509664  error 1.477490335743879e-7 avg time 20ms
Waiting for discovery to complete
Remove neuron 551b89dd-7142-40db-9bb9-cf4e1662e0aa as no longer connected
Generation 21 score 0.9999998022509664  error 1.477490335743879e-7 avg time 19ms
Waiting for discovery to complete
Generation 22 score 0.9999998022509664  error 1.477490335743879e-7 avg time 20ms
Waiting for discovery to complete
Backtracking increased fitness by 7.771561172376096e-16 to 0.9999998022509672 adjusted 1 weight
Discovered beneficial synapse from input-799 to output-4 with weight 0.0972, helping 88.8% more records than it harms (1351/1431)
Discovery 971aa901 analyze time 5s 502ms found 1 candidates
Discovery 971aa901 analyze harmful time 22ms found 0 candidates
Generation 23 score 0.9999998022509672  error 1.4774903280117743e-7 avg time 26ms
Waiting for discovery to complete
Discovery 971aa901 analyze squashes time 154ms found 0 candidates
Generation 24 score 0.9999998022509672  error 1.4774903280117743e-7 avg time 26ms
Waiting for training/discovery clean up 2
Generation 25 score 0.9999998022509673  error 1.477490326668232e-7 avg time 18ms
Waiting for training/discovery clean up 1
Generation 26 score 0.9999998022509673  error 1.477490326668232e-7 avg time 22ms
{
  error: 1.477490326668232e-7,
  score: 0.9999998022509673,
  generation: 26,
  time: 8136
}

=== Processing CADEUR (2/10) ===
9 mutations, mutation rate 45.5%, elitism 4, mutation FFW, selection POWER
Creature count: 50
Culling duplicate creature at 15 of 51
DeDuplication of 1 creatures to 50 in  (previous experiment )
Training 69934f01 with 1 binary file, target error: 0.000001, iterations: 1, sample rate: 100%, sparse: 100%
Discovery 69934f01 with 1 binary files, sample rate: 100%, batch size: 512
Discovery 69934f01 initialize time 87ms
Discovery 69934f01 processing .trainData-fx_c_88/CADEUR/data.bin
Discovery 69934f01 read time 5ms for .trainData-fx_c_88/CADEUR/data.bin with 3359 records
Discovery 69934f01 scanning time 1s 102ms
Discovery 69934f01 recorded time 1s 737ms
Training 19a0bc32 with 1 binary file, target error: 0.000001, iterations: 1, sample rate: 100%, sparse: 100%
Fine tuning increased fitness by 3.0531133177191805e-14 to 0.9985694695242641 adjusted 1 weight 
Training 3027a93a with 1 binary file, target error: 0.000001, iterations: 1, sample rate: 100%, sparse: 100%
Training a62e0efd with 1 binary file, target error: 0.000001, iterations: 1, sample rate: 100%, sparse: 100%
Generation 10 score 0.9985694695242641  error 0.0014220195646886577 avg time 936ms
Training 47e940cc with 1 binary file, target error: 0.000001, iterations: 1, sample rate: 100%, sparse: 100%
Generation 20 score 0.9985694695242641  error 0.0014220195646886577 avg time 845ms
Discovered beneficial synapse from input-11 to 4739b0fd-4337-4330-96bf-43d6af78c79e with weight 1.0000, helping 55.4% more records than it harms (1862/3359)
Discovery 69934f01 analyze time 17s 925ms found 1 candidates
Discovered harmful synapse from input-1194 to 48df6e33-3c00-4cf8-beea-3602b16a0597, harming 71.6% more records than it helps (0/3359)
Discovery 69934f01 analyze harmful time 1s 227ms found 1 candidates
Discovery 69934f01 analyze squashes time 675ms found 2 candidates, Summary: 48df6e33-3c00-4cf8-beea-3602b16a0597 STEP -> Softplus improved: 66.2% error: 0.5638 -> 0.1907,4739b0fd-4337-4330-96bf-43d6af78c79e STEP -> Softplus improved: 52.5% error: 0.2917 -> 0.1386
Training 6665daa3 with 1 binary file, target error: 0.000001, iterations: 1, sample rate: 100%, sparse: 100%
Generation 30 score 0.9985694695242641  error 0.0014220195646886577 avg time 820ms
Generation 40 score 0.9985694695242641  error 0.0014220195646886577 avg time 802ms
Generation 50 score 0.9985694695242641  error 0.0014220195646886577 avg time 791ms
Generation 60 score 0.9985694695242641  error 0.0014220195646886577 avg time 791ms
Generation 70 score 0.9985694695242641  error 0.0014220195646886577 avg time 797ms
Training b2f7d204 with 1 binary file, target error: 0.000001, iterations: 1, sample rate: 100%, sparse: 100%
Generation 80 score 0.9985694695242641  error 0.0014220195646886577 avg time 801ms
Generation 90 score 0.9985694695242641  error 0.0014220195646886577 avg time 785ms
Training ee9c6206 with 1 binary file, target error: 0.000001, iterations: 1, sample rate: 100%, sparse: 100%
Fine tuning increased fitness by 1.5261427011026285e-8 to 0.9985694847856911 adjusted 1 weight 
Discovery ee9c6206 with 1 binary files, sample rate: 100%, batch size: 512
Discovery ee9c6206 initialize time 88ms
Discovery ee9c6206 processing .trainData-fx_c_88/CADEUR/data.bin
Remove neuron 4739b0fd-4337-4330-96bf-43d6af78c79e as no longer connected
Fine tuning increased fitness by 7.958875114510988e-9 to 0.9985694927445662 adjusted 1 weight 
Discovery ee9c6206 read time 6ms for .trainData-fx_c_88/CADEUR/data.bin with 3359 records
Discovery ee9c6206 scanning time 1s 74ms
Training e6b7f834 with 1 binary file, target error: 0.000001, iterations: 1, sample rate: 100%, sparse: 100%
Fine tuning increased fitness by 5.716220830009888e-10 to 0.9985694933161883 adjusted 1 weight 
Discovery ee9c6206 recorded time 1s 910ms
Generation 100 score 0.9985694933161883  error 0.0014219857728555798 avg time 833ms
Training 59f02843 with 1 binary file, target error: 0.000001, iterations: 1, sample rate: 100%, sparse: 100%
Fine tuning increased fitness by 2.072179539069907e-9 to 0.9985694953883678 adjusted 1 weight 
Training f51053af with 1 binary file, target error: 0.000001, iterations: 1, sample rate: 100%, sparse: 100%
Training 7bc54eec with 1 binary file, target error: 0.000001, iterations: 1, sample rate: 100%, sparse: 100%
Training 7169cd12 with 1 binary file, target error: 0.000001, iterations: 1, sample rate: 100%, sparse: 100%
Training 08c7b7bf with 1 binary file, target error: 0.000001, iterations: 1, sample rate: 100%, sparse: 100%
Fine tuning increased fitness by 5.274955694467565e-9 to 0.9985695006633235 adjusted 1 weight 
Fine tuning increased fitness by 2.5478543275170296e-8 to 0.9985695261418668 adjusted 1 weight 
Generation 110 score 0.9985695261418668  error 0.0014219429472681756 avg time 843ms
Training 7986780f with 1 binary file, target error: 0.000001, iterations: 1, sample rate: 100%, sparse: 100%
Fine tuning increased fitness by 3.9074093294289014e-8 to 0.9985695652159601 adjusted 1 weight 
Fine tuning increased fitness by 4.724447166815082e-9 to 0.9985695699404072 adjusted 1 weight 
Training 40ae8fef with 1 binary file, target error: 0.000001, iterations: 1, sample rate: 100%, sparse: 100%
Fine tuning increased fitness by 4.3028580698489804e-11 to 0.9985695699834358 adjusted 1 weight 
Training fdbbc06c with 1 binary file, target error: 0.000001, iterations: 1, sample rate: 100%, sparse: 100%
Training 2cd269a9 with 1 binary file, target error: 0.000001, iterations: 1, sample rate: 100%, sparse: 100%
Training 851d0549 with 1 binary file, target error: 0.000001, iterations: 1, sample rate: 100%, sparse: 100%
Generation 120 score 0.9985695699834358  error 0.0014218991056989699 avg time 846ms
Training 1642bf3d with 1 binary file, target error: 0.000001, iterations: 1, sample rate: 100%, sparse: 100%
Discovered beneficial synapse from input-17 to 48df6e33-3c00-4cf8-beea-3602b16a0597 with weight 1.0000, helping 71.6% more records than it harms (2406/3359)
Discovery ee9c6206 analyze time 19s 498ms found 1 candidates
Discovered harmful synapse from input-1194 to 48df6e33-3c00-4cf8-beea-3602b16a0597, harming 71.6% more records than it helps (0/3359)
Discovery ee9c6206 analyze harmful time 434ms found 1 candidates
Training 839527a9 with 1 binary file, target error: 0.000001, iterations: 1, sample rate: 100%, sparse: 100%
Fine tuning increased fitness by 2.3381296898605797e-13 to 0.9985695699836696 adjusted 1 weight 
Discovery ee9c6206 analyze squashes time 434ms found 2 candidates, Summary: 48df6e33-3c00-4cf8-beea-3602b16a0597 STEP -> Softplus improved: 66.2% error: 0.5638 -> 0.1907,4739b0fd-4337-4330-96bf-43d6af78c79e STEP -> Softplus improved: 52.7% error: 0.2930 -> 0.1386
Fine tuning increased fitness by 1.2218004385999848e-12 to 0.9985695699848914 adjusted 1 weight 
Discovery 8f0ec738 with 1 binary files, sample rate: 100%, batch size: 512
Discovery 8f0ec738 initialize time 81ms
Discovery 8f0ec738 processing .trainData-fx_c_88/CADEUR/data.bin
Training 8f0ec738 with 1 binary file, target error: 0.000001, iterations: 1, sample rate: 100%, sparse: 100%
Discovery 8f0ec738 read time 5ms for .trainData-fx_c_88/CADEUR/data.bin with 3359 records
Discovery 8f0ec738 scanning time 1s 7ms
Discovery 8f0ec738 recorded time 1s 834ms
Training 2717f085 with 1 binary file, target error: 0.000001, iterations: 1, sample rate: 100%, sparse: 100%
Training 045b4a3d with 1 binary file, target error: 0.000001, iterations: 1, sample rate: 100%, sparse: 100%
Generation 130 score 0.9985695699848914  error 0.0014218991042434146 avg time 878ms
Training 1f3a5065 with 1 binary file, target error: 0.000001, iterations: 1, sample rate: 100%, sparse: 100%
Training 083abbf6 with 1 binary file, target error: 0.000001, iterations: 1, sample rate: 100%, sparse: 100%
Generation 140 score 0.9985695699848914  error 0.0014218991042434146 avg time 839ms
Training dcc71201 with 1 binary file, target error: 0.000001, iterations: 1, sample rate: 100%, sparse: 100%
Discovered beneficial synapse from input-17 to 48df6e33-3c00-4cf8-beea-3602b16a0597 with weight 1.0000, helping 71.8% more records than it harms (2413/3359)
Discovery 8f0ec738 analyze time 19s 823ms found 1 candidates
Generation 150 score 0.9985695699848914  error 0.0014218991042434146 avg time 811ms
Discovered harmful synapse from input-1194 to 48df6e33-3c00-4cf8-beea-3602b16a0597, harming 71.8% more records than it helps (0/3359)
Discovery 8f0ec738 analyze harmful time 1s 373ms found 1 candidates
Discovery 8f0ec738 analyze squashes time 661ms found 2 candidates, Summary: 4739b0fd-4337-4330-96bf-43d6af78c79e STEP -> Softplus improved: 53.1% error: 0.2945 -> 0.1381,output-0 ReLU -> Softplus improved: 50.9% error: 0.2910 -> 0.1428
Generation 160 score 0.9985695699848914  error 0.0014218991042434146 avg time 808ms
Training ffb67d45 with 1 binary file, target error: 0.000001, iterations: 1, sample rate: 100%, sparse: 100%
Fine tuning increased fitness by 5.833335592342337e-9 to 0.998569575818227 adjusted 1 weight 
Discovery ffb67d45 with 1 binary files, sample rate: 100%, batch size: 512
Discovery ffb67d45 initialize time 87ms
Discovery ffb67d45 processing .trainData-fx_c_88/CADEUR/data.bin
Discovery ffb67d45 read time 8ms for .trainData-fx_c_88/CADEUR/data.bin with 3359 records
Discovery ffb67d45 scanning time 974ms
Training fdf12d6b with 1 binary file, target error: 0.000001, iterations: 1, sample rate: 100%, sparse: 100%
Fine tuning increased fitness by 1.3633465911766507e-8 to 0.9985695894516929 adjusted 1 weight 
Discovery ffb67d45 recorded time 1s 691ms
Training 3a26327a with 1 binary file, target error: 0.000001, iterations: 1, sample rate: 100%, sparse: 100%
Fine tuning increased fitness by 2.1524115823012835e-10 to 0.9985695896669341 adjusted 1 weight 
Fine tuning increased fitness by 1.8094081788433414e-11 to 0.9985695896850282 adjusted 1 weight 
Training 4d09f902 with 1 binary file, target error: 0.000001, iterations: 1, sample rate: 100%, sparse: 100%
Fine tuning increased fitness by 3.7558844923069046e-13 to 0.9985695896854038 adjusted 1 weight 
Generation 170 score 0.9985695896854038  error 0.0014218694038220622 avg time 954ms
Training ad4629fd with 1 binary file, target error: 0.000001, iterations: 1, sample rate: 100%, sparse: 100%
Over populated 52, expected 50.
Fine tuning increased fitness by 4.221127447578965e-9 to 0.9985695959575648 adjusted 191 weights, 5 biases 
Training 89015907 with 1 binary file, target error: 0.000001, iterations: 1, sample rate: 100%, sparse: 100%
Fine tuning increased fitness by 6.9071928177066866e-9 to 0.9985696028647576 adjusted 191 weights, 5 biases 
Training 532c7461 with 1 binary file, target error: 0.000001, iterations: 1, sample rate: 100%, sparse: 100%
Training 68a21623 with 1 binary file, target error: 0.000001, iterations: 1, sample rate: 100%, sparse: 100%
Fine tuning increased fitness by 1.4553310889731108e-8 to 0.9985696263057551 adjusted 186 weights, 5 biases 
Fine tuning increased fitness by 1.9087666225381383e-8 to 0.9985696453934213 adjusted 186 weights, 5 biases 
Remove neuron 48df6e33-3c00-4cf8-beea-3602b16a0597 as no longer connected
Fine tuning increased fitness by 1.2354387957103086e-8 to 0.9985696577478093 adjusted 182 weights, 5 biases 
Fine tuning increased fitness by 1.9191252809136472e-8 to 0.9985696769390621 adjusted 182 weights, 5 biases 
Discovered beneficial synapse from input-17 to 48df6e33-3c00-4cf8-beea-3602b16a0597 with weight 1.0000, helping 71.9% more records than it harms (2416/3359)
Discovery ffb67d45 analyze time 17s 940ms found 1 candidates
Discovered harmful synapse from input-1194 to 48df6e33-3c00-4cf8-beea-3602b16a0597, harming 71.9% more records than it helps (0/3359)
Discovery ffb67d45 analyze harmful time 824ms found 1 candidates
Fine tuning increased fitness by 2.3658447423358098e-9 to 0.9985696793049068 adjusted 182 weights, 5 biases 
Discovery ffb67d45 analyze squashes time 893ms found 3 candidates, Summary: 48df6e33-3c00-4cf8-beea-3602b16a0597 STEP -> Softplus improved: 66.4% error: 0.5693 -> 0.1910,4739b0fd-4337-4330-96bf-43d6af78c79e STEP -> Softplus improved: 53.2% error: 0.2950 -> 0.1382,output-0 ReLU -> Softplus improved: 50.9% error: 0.2910 -> 0.1428
Fine tuning increased fitness by 1.6900014720988565e-10 to 0.998569679473907 adjusted 182 weights, 5 biases 
Over populated 53, expected 50.
Generation 180 score 0.998569679473907  error 0.0014217796153188412 avg time 1s 679ms
Fine tuning increased fitness by 7.568301541027722e-11 to 0.998569679739155 adjusted 23 weights, 1 bias 
Fine tuning increased fitness by 1.6237122757445377e-10 to 0.9985696799015262 adjusted 23 weights, 1 bias 
Fine tuning increased fitness by 2.5117818935882497e-10 to 0.9985696801527044 adjusted 23 weights, 1 bias 
Fine tuning increased fitness by 4.2845127445900744e-10 to 0.9985696805811557 adjusted 23 weights, 1 bias 
Fine tuning increased fitness by 6.413800601734465e-10 to 0.9985696812225358 adjusted 23 weights, 1 bias 
Fine tuning increased fitness by 4.6016268573367825e-10 to 0.9985696816826984 adjusted 23 weights, 1 bias 
Fine tuning increased fitness by 3.0468849665510334e-11 to 0.9985696817131673 adjusted 23 weights, 1 bias 
Generation 190 score 0.9985696817131673  error 0.0014217773760585616 avg time 1s 57ms
Fine tuning increased fitness by 1.1928236176572682e-12 to 0.9985696817149882 adjusted 6 weights 
Fine tuning increased fitness by 2.0370372055822372e-12 to 0.9985696817170252 adjusted 6 weights 
Fine tuning increased fitness by 3.29802851695149e-12 to 0.9985696817203232 adjusted 6 weights 
Fine tuning increased fitness by 7.745470931297405e-12 to 0.9985696817280687 adjusted 6 weights 
Fine tuning increased fitness by 1.3454459768524885e-11 to 0.9985696817415232 adjusted 6 weights 
Fine tuning increased fitness by 2.283029321148433e-11 to 0.9985696817643535 adjusted 6 weights 
Fine tuning increased fitness by 4.035094480769885e-11 to 0.9985696818047044 adjusted 6 weights 
Generation 200 score 0.9985696819767799  error 0.0014217771124458128 avg time 951ms
Fine tuning increased fitness by 3.3114178066284694e-10 to 0.9985696823079216 adjusted 5 weights 
Fine tuning increased fitness by 5.952768278305598e-10 to 0.9985696829031985 adjusted 5 weights 
Generation 202 score 0.9985696829031985  error 0.001421776186026802 avg time 173ms
{
  error: 0.001421776186026802,
  score: 0.9985696829031985,
  generation: 202,
  time: 180528
}

=== Processing USDAUD (3/10) ===
9 mutations, mutation rate 9.7%, elitism 2, mutation FFW, selection TOURNAMENT
Creature count: 50
Culling duplicate creature at 16 of 51
DeDuplication of 1 creatures to 50 in  (previous experiment )
Training 91fdf0d5 with 1 binary file, target error: 0.000001, iterations: 1, sample rate: 100%, sparse: 100%
Discovery 91fdf0d5 with 1 binary files, sample rate: 100%, batch size: 512
Discovery 91fdf0d5 initialize time 88ms
Discovery 91fdf0d5 processing .trainData-fx_c_88/USDAUD/data.bin
Discovery 91fdf0d5 read time 6ms for .trainData-fx_c_88/USDAUD/data.bin with 3359 records
Discovery 91fdf0d5 scanning time 1s 64ms
Discovery 91fdf0d5 recorded time 1s 894ms
Training ad411092 with 1 binary file, target error: 0.000001, iterations: 1, sample rate: 100%, sparse: 100%
Discovered beneficial synapse from input-1298 to output-0 with weight 1.0000, helping 17.1% more records than it harms (1966/3359)
Discovery 91fdf0d5 analyze time 5s 567ms found 1 candidates
Discovered harmful synapse from input-1128 to output-0, harming 12.9% more records than it helps (1461/3359)
Discovery 91fdf0d5 analyze harmful time 276ms found 1 candidates
Training a761ed42 with 1 binary file, target error: 0.000001, iterations: 1, sample rate: 100%, sparse: 100%
Discovery 91fdf0d5 analyze squashes time 236ms found 1 candidate, Summary: output-0 LOGISTIC -> LogSigmoid improved: 28.4% error: 405.6691 -> 290.5951
Discovery e5657ef3 with 1 binary files, sample rate: 100%, batch size: 512
Discovery e5657ef3 initialize time 90ms
Discovery e5657ef3 processing .trainData-fx_c_88/USDAUD/data.bin
Discovery e5657ef3 read time 8ms for .trainData-fx_c_88/USDAUD/data.bin with 3359 records
Discovery e5657ef3 scanning time 1s 31ms
Over populated 52, expected 50.
Discovery e5657ef3 recorded time 1s 876ms
Training 31a599fb with 1 binary file, target error: 0.000001, iterations: 1, sample rate: 100%, sparse: 100%
Fine tuning increased fitness by 1.7759040127351966e-8 to 0.9985031906148014 adjusted 65 weights, 3 biases 
Training 1dc17614 with 1 binary file, target error: 0.000001, iterations: 1, sample rate: 100%, sparse: 100%
Fine tuning increased fitness by 1.5533902208986206e-7 to 0.9985033459538235 adjusted 65 weights, 3 biases 
Discovered beneficial synapse from input-1298 to output-0 with weight 1.0000, helping 17.0% more records than it harms (1964/3359)
Discovery e5657ef3 analyze time 5s 682ms found 1 candidates
Discovered harmful synapse from input-1128 to output-0, harming 12.8% more records than it helps (1463/3359)
Discovery e5657ef3 analyze harmful time 278ms found 1 candidates
Fine tuning increased fitness by 1.768930746326447e-8 to 0.998503363643131 adjusted 65 weights, 3 biases 
Discovery e5657ef3 analyze squashes time 452ms found 2 candidates, Summary: output-0 LOGISTIC -> LogSigmoid improved: 28.4% error: 405.8648 -> 290.6534,output-4 Swish -> BIPOLAR_SIGMOID improved: 2.9% error: 0.0252 -> 0.0244
Generation 10 score 0.998503363643131  error 0.0014843353909986387 avg time 2s 26ms
Training 86300c0e with 1 binary file, target error: 0.000001, iterations: 1, sample rate: 100%, sparse: 100%
Discovery 86300c0e with 1 binary files, sample rate: 100%, batch size: 512
Discovery 86300c0e initialize time 87ms
Discovery 86300c0e processing .trainData-fx_c_88/USDAUD/data.bin
Discovery 86300c0e read time 9ms for .trainData-fx_c_88/USDAUD/data.bin with 3359 records
Discovery 86300c0e scanning time 1s 40ms
Discovery 86300c0e recorded time 1s 973ms
Training 22614b9d with 1 binary file, target error: 0.000001, iterations: 1, sample rate: 100%, sparse: 100%
Training 420f1288 with 1 binary file, target error: 0.000001, iterations: 1, sample rate: 100%, sparse: 100%
Discovered beneficial synapse from input-1298 to output-0 with weight 1.0000, helping 17.2% more records than it harms (1967/3359)
Discovery 86300c0e analyze time 5s 744ms found 1 candidates
Discovered harmful synapse from input-1128 to output-0, harming 12.7% more records than it helps (1464/3359)
Discovery 86300c0e analyze harmful time 218ms found 1 candidates
Discovery 86300c0e analyze squashes time 231ms found 1 candidate, Summary: output-0 LOGISTIC -> LogSigmoid improved: 28.4% error: 406.0022 -> 290.7595
Discovery 37af11a1 with 1 binary files, sample rate: 100%, batch size: 512
Discovery 37af11a1 initialize time 85ms
Discovery 37af11a1 processing .trainData-fx_c_88/USDAUD/data.bin
Discovery 37af11a1 read time 5ms for .trainData-fx_c_88/USDAUD/data.bin with 3359 records
Discovery 37af11a1 scanning time 995ms
Training 67cfdb0f with 1 binary file, target error: 0.000001, iterations: 1, sample rate: 100%, sparse: 100%
Discovery 37af11a1 recorded time 1s 876ms
Training b1dc86ab with 1 binary file, target error: 0.000001, iterations: 1, sample rate: 100%, sparse: 100%
Fine tuning increased fitness by 2.022281264668635e-8 to 0.9985034723790642 adjusted 36 weights, 2 biases 
Training 67cfdb0f increased fitness by 1.2129187876297465e-8 to 0.9985034845082521
Remove neuron f981b152-486e-43a0-82f0-65a294d013f9 as no longer connected
Generation 20 score 0.9985034845082521  error 0.001484214525882184 avg time 1s 813ms
Training 0fba812e with 1 binary file, target error: 0.000001, iterations: 1, sample rate: 100%, sparse: 100%
Fine tuning increased fitness by 4.149998900082608e-9 to 0.9985035419780959 adjusted 420 weights, 8 biases 
Training 4b242b34 with 1 binary file, target error: 0.000001, iterations: 1, sample rate: 100%, sparse: 100%
Fine tuning increased fitness by 5.817233805771593e-9 to 0.9985035477953297 adjusted 420 weights, 8 biases 
Training e579c6b9 with 1 binary file, target error: 0.000001, iterations: 1, sample rate: 100%, sparse: 100%
Fine tuning increased fitness by 1.399682159064497e-8 to 0.9985035800364757 adjusted 394 weights, 8 biases 
Discovered beneficial synapse from input-1298 to output-0 with weight 1.0000, helping 17.3% more records than it harms (1968/3359)
Discovery 37af11a1 analyze time 16s 141ms found 1 candidates
Discovered harmful synapse from input-1128 to output-0, harming 12.8% more records than it helps (1463/3359)
Discovery 37af11a1 analyze harmful time 233ms found 1 candidates
Discovery 37af11a1 analyze squashes time 277ms found 1 candidate, Summary: output-0 LOGISTIC -> LogSigmoid improved: 28.4% error: 406.4692 -> 290.9865
Discovery aea9931a with 1 binary files, sample rate: 100%, batch size: 512
Discovery aea9931a initialize time 89ms
Discovery aea9931a processing .trainData-fx_c_88/USDAUD/data.bin
Discovery aea9931a read time 3ms for .trainData-fx_c_88/USDAUD/data.bin with 3359 records
Discovery aea9931a scanning time 1s 28ms
Over populated 53, expected 50.
Training a4d1768f with 1 binary file, target error: 0.000001, iterations: 1, sample rate: 100%, sparse: 100%
Discovery aea9931a recorded time 1s 928ms
Fine tuning increased fitness by 2.283692113191904e-8 to 0.9985036622410673 adjusted 406 weights, 8 biases 
Training 4175302b with 1 binary file, target error: 0.000001, iterations: 1, sample rate: 100%, sparse: 100%
Fine tuning increased fitness by 8.896575809380636e-9 to 0.9985036711376432 adjusted 406 weights, 8 biases 
Discovered beneficial synapse from input-1298 to output-0 with weight 1.0000, helping 17.6% more records than it harms (1973/3359)
Discovery aea9931a analyze time 5s 561ms found 1 candidates
Discovered harmful synapse from input-1128 to output-0, harming 12.6% more records than it helps (1466/3359)
Discovery aea9931a analyze harmful time 256ms found 1 candidates
Discovery aea9931a analyze squashes time 489ms found 1 candidate, Summary: output-0 LOGISTIC -> LogSigmoid improved: 28.5% error: 408.3294 -> 291.8476
Generation 30 score 0.9985036711376432  error 0.0014840178965171936 avg time 2s 14ms
Training 706c1226 with 1 binary file, target error: 0.000001, iterations: 1, sample rate: 100%, sparse: 100%
Discovery 706c1226 with 1 binary files, sample rate: 100%, batch size: 512
Discovery 706c1226 initialize time 85ms
Discovery 706c1226 processing .trainData-fx_c_88/USDAUD/data.bin
Discovery 706c1226 read time 2ms for .trainData-fx_c_88/USDAUD/data.bin with 3359 records
Discovery 706c1226 scanning time 1s 41ms
Over populated 54, expected 50.
Discovery 706c1226 recorded time 1s 971ms
Training 6ce4a1dd with 1 binary file, target error: 0.000001, iterations: 1, sample rate: 100%, sparse: 100%
Training fd10edd1 with 1 binary file, target error: 0.000001, iterations: 1, sample rate: 100%, sparse: 100%
Discovered beneficial synapse from input-1298 to output-0 with weight 1.0000, helping 17.6% more records than it harms (1974/3359)
Discovery 706c1226 analyze time 6s 139ms found 1 candidates
Discovered harmful synapse from input-1128 to output-0, harming 12.7% more records than it helps (1465/3359)
Discovery 706c1226 analyze harmful time 225ms found 1 candidates
Discovery 706c1226 analyze squashes time 209ms found 1 candidate, Summary: output-0 LOGISTIC -> LogSigmoid improved: 28.5% error: 408.0148 -> 291.5964
Discovery 7dc91dba with 1 binary files, sample rate: 100%, batch size: 512
Discovery 7dc91dba initialize time 88ms
Discovery 7dc91dba processing .trainData-fx_c_88/USDAUD/data.bin
Discovery 7dc91dba read time 5ms for .trainData-fx_c_88/USDAUD/data.bin with 3359 records
Discovery 7dc91dba scanning time 1s 7ms
Training d0d47c78 with 1 binary file, target error: 0.000001, iterations: 1, sample rate: 100%, sparse: 100%
Discovery 7dc91dba recorded time 1s 936ms
Fine tuning increased fitness by 4.7026043059616995e-9 to 0.9985037005346373 adjusted 139 weights, 4 biases 
Training c3ff5484 with 1 binary file, target error: 0.000001, iterations: 1, sample rate: 100%, sparse: 100%
Discovered beneficial synapse from input-1298 to output-0 with weight 1.0000, helping 17.5% more records than it harms (1972/3359)
Discovery 7dc91dba analyze time 5s 571ms found 1 candidates
Discovered harmful synapse from input-1109 to f981b152-486e-43a0-82f0-65a294d013f9, harming 69.6% more records than it helps (31/3359)
Discovery 7dc91dba analyze harmful time 270ms found 1 candidates
Discovery 7dc91dba analyze squashes time 285ms found 1 candidate, Summary: output-0 LOGISTIC -> LogSigmoid improved: 28.5% error: 408.2286 -> 291.7190
Generation 40 score 0.9985037320842108  error 0.001483956949949466 avg time 2s 33ms
Training 45f6fe23 with 1 binary file, target error: 0.000001, iterations: 1, sample rate: 100%, sparse: 100%
Fine tuning increased fitness by 4.172330958507331e-8 to 0.9985037738075204 adjusted 275 weights, 4 biases 
Discovery 45f6fe23 with 1 binary files, sample rate: 100%, batch size: 512
Discovery 45f6fe23 initialize time 88ms
Discovery 45f6fe23 processing .trainData-fx_c_88/USDAUD/data.bin
Discovery 45f6fe23 read time 4ms for .trainData-fx_c_88/USDAUD/data.bin with 3359 records
Discovery 45f6fe23 scanning time 1s 38ms
Over populated 53, expected 50.
Fine tuning increased fitness by 6.65827015744469e-8 to 0.998503840390222 adjusted 275 weights, 4 biases 
Discovery 45f6fe23 recorded time 2s 39ms
Training a9754e24 with 1 binary file, target error: 0.000001, iterations: 1, sample rate: 100%, sparse: 100%
Fine tuning increased fitness by 1.228244750350882e-7 to 0.998503963214697 adjusted 275 weights, 4 biases 
Fine tuning increased fitness by 2.3336598331535896e-7 to 0.9985041965806803 adjusted 275 weights, 4 biases 
Training b36a49b5 with 1 binary file, target error: 0.000001, iterations: 1, sample rate: 100%, sparse: 100%
Fine tuning increased fitness by 4.054707135603408e-7 to 0.9985046020513939 adjusted 275 weights, 4 biases 
Fine tuning increased fitness by 6.271086550047045e-7 to 0.9985052291600489 adjusted 275 weights, 4 biases 
Training fdadbfb5 with 1 binary file, target error: 0.000001, iterations: 1, sample rate: 100%, sparse: 100%
Fine tuning increased fitness by 0.0000012512577549639303 to 0.9985064804178039 adjusted 389 weights, 7 biases 
Discovered beneficial synapse from input-1298 to output-0 with weight 1.0000, helping 17.5% more records than it harms (1972/3359)
Discovery 45f6fe23 analyze time 10s 152ms found 1 candidates
Discovered harmful synapse from input-1128 to output-0, harming 12.6% more records than it helps (1467/3359)
Discovery 45f6fe23 analyze harmful time 219ms found 1 candidates
Discovery 45f6fe23 analyze squashes time 254ms found 1 candidate, Summary: output-0 LOGISTIC -> LogSigmoid improved: 28.5% error: 408.2281 -> 291.7226
Fine tuning increased fitness by 0.000001942412454547515 to 0.9985084228302584 adjusted 389 weights, 7 biases 
Discovery 91fb2fa7 with 1 binary files, sample rate: 100%, batch size: 512
Discovery 91fb2fa7 initialize time 77ms
Discovery 91fb2fa7 processing .trainData-fx_c_88/USDAUD/data.bin
Discovery 91fb2fa7 read time 2ms for .trainData-fx_c_88/USDAUD/data.bin with 3359 records
Discovery 91fb2fa7 scanning time 1s 25ms
Over populated 53, expected 50.
Discovery 91fb2fa7 recorded time 1s 794ms
Training 4e2e28c4 with 1 binary file, target error: 0.000001, iterations: 1, sample rate: 100%, sparse: 100%
Generation 50 score 0.9985097557058861  error 0.0014779333282747198 avg time 1s 989ms
Training b5b94ff9 with 1 binary file, target error: 0.000001, iterations: 1, sample rate: 100%, sparse: 100%
Training 7c3c2c2c with 1 binary file, target error: 0.000001, iterations: 1, sample rate: 100%, sparse: 100%
Fine tuning increased fitness by 4.477054615925624e-9 to 0.9985097601829407 adjusted 355 weights, 7 biases 
Over populated 52, expected 50.
Training 75638d39 with 1 binary file, target error: 0.000001, iterations: 1, sample rate: 100%, sparse: 100%
Fine tuning increased fitness by 2.8827860987235e-8 to 0.9985097941610613 adjusted 353 weights, 7 biases 
Training 3f3fdeff with 1 binary file, target error: 0.000001, iterations: 1, sample rate: 100%, sparse: 100%
Fine tuning increased fitness by 5.309817519005833e-8 to 0.9985098809921166 adjusted 339 weights, 7 biases 
Discovered beneficial synapse from input-1298 to output-0 with weight 1.0000, helping 17.0% more records than it harms (1964/3359)
Discovery 91fb2fa7 analyze time 17s 45ms found 1 candidates
Discovered harmful synapse from input-1128 to output-0, harming 12.1% more records than it helps (1475/3359)
Discovery 91fb2fa7 analyze harmful time 223ms found 1 candidates
Discovery 91fb2fa7 analyze squashes time 204ms found 1 candidate, Summary: output-0 LOGISTIC -> LogSigmoid improved: 28.5% error: 406.9454 -> 290.8099
Discovery 3111e1a2 with 1 binary files, sample rate: 100%, batch size: 512
Discovery 3111e1a2 initialize time 79ms
Discovery 3111e1a2 processing .trainData-fx_c_88/USDAUD/data.bin
Discovery 3111e1a2 read time 5ms for .trainData-fx_c_88/USDAUD/data.bin with 3359 records
Discovery 3111e1a2 scanning time 998ms
Training df2984d7 with 1 binary file, target error: 0.000001, iterations: 1, sample rate: 100%, sparse: 100%
Discovery 3111e1a2 recorded time 1s 844ms
Fine tuning increased fitness by 6.489990411751023e-8 to 0.9985100487812647 adjusted 323 weights, 6 biases 
Generation 60 score 0.9985100487812647  error 0.001477640252895721 avg time 2s 61ms
Training 19aa273f with 1 binary file, target error: 0.000001, iterations: 1, sample rate: 100%, sparse: 100%
Discovered beneficial synapse from input-1298 to output-0 with weight 1.0000, helping 17.4% more records than it harms (1971/3359)
Discovery 3111e1a2 analyze time 5s 614ms found 1 candidates
Discovered harmful synapse from input-1128 to output-0, harming 12.5% more records than it helps (1468/3359)
Discovery 3111e1a2 analyze harmful time 307ms found 1 candidates
Fine tuning increased fitness by 7.390854750433107e-8 to 0.9985101854453731 adjusted 316 weights, 6 biases 
Discovery 3111e1a2 analyze squashes time 465ms found 1 candidate, Summary: output-0 LOGISTIC -> LogSigmoid improved: 28.5% error: 408.0515 -> 291.7320
Training eca3054e with 1 binary file, target error: 0.000001, iterations: 1, sample rate: 100%, sparse: 100%
Discovery eca3054e with 1 binary files, sample rate: 100%, batch size: 512
Discovery eca3054e initialize time 84ms
Discovery eca3054e processing .trainData-fx_c_88/USDAUD/data.bin
Discovery eca3054e read time 6ms for .trainData-fx_c_88/USDAUD/data.bin with 3359 records
Discovery eca3054e scanning time 1s 160ms
Over populated 54, expected 50.
Discovery eca3054e recorded time 1s 986ms
Training 12645028 with 1 binary file, target error: 0.000001, iterations: 1, sample rate: 100%, sparse: 100%
Over populated 52, expected 50.
Training 25710111 with 1 binary file, target error: 0.000001, iterations: 1, sample rate: 100%, sparse: 100%
Discovered beneficial synapse from input-1298 to output-0 with weight 1.0000, helping 17.6% more records than it harms (1973/3359)
Discovery eca3054e analyze time 6s 88ms found 1 candidates
Discovered harmful synapse from input-1128 to output-0, harming 12.6% more records than it helps (1466/3359)
Discovery eca3054e analyze harmful time 226ms found 1 candidates
Discovery eca3054e analyze squashes time 447ms found 1 candidate, Summary: output-0 LOGISTIC -> LogSigmoid improved: 28.5% error: 408.3561 -> 291.9494
Over populated 52, expected 50.
Training 5d0a571d with 1 binary file, target error: 0.000001, iterations: 1, sample rate: 100%, sparse: 100%
Discovery 5d0a571d with 1 binary files, sample rate: 100%, batch size: 512
Discovery 5d0a571d initialize time 86ms
Discovery 5d0a571d processing .trainData-fx_c_88/USDAUD/data.bin
Discovery 5d0a571d read time 9ms for .trainData-fx_c_88/USDAUD/data.bin with 3359 records
Discovery 5d0a571d scanning time 1s 48ms
Fine tuning increased fitness by 1.1235463437397897e-7 to 0.998511110919506 adjusted 66 weights, 2 biases 
Discovery 5d0a571d recorded time 1s 909ms
Generation 70 score 0.998511110919506  error 0.0014765781146536302 avg time 2s 10ms
Training d7c18ca9 with 1 binary file, target error: 0.000001, iterations: 1, sample rate: 100%, sparse: 100%
Fine tuning increased fitness by 1.0097018998678209e-7 to 0.9985112118896959 adjusted 66 weights, 2 biases 
Fine tuning increased fitness by 9.098249920125312e-8 to 0.9985113028721951 adjusted 66 weights, 2 biases 
Training 4177c9ac with 1 binary file, target error: 0.000001, iterations: 1, sample rate: 100%, sparse: 100%
Fine tuning increased fitness by 9.509043985556076e-8 to 0.998511397962635 adjusted 66 weights, 2 biases 
Fine tuning increased fitness by 1.3804506870940259e-8 to 0.9985114117671419 adjusted 66 weights, 2 biases 
Training 65a32936 with 1 binary file, target error: 0.000001, iterations: 1, sample rate: 100%, sparse: 100%
Fine tuning increased fitness by 1.0029491681606828e-8 to 0.9985114316370883 adjusted 66 weights, 2 biases 
Discovered beneficial synapse from input-1298 to output-0 with weight 1.0000, helping 17.4% more records than it harms (1970/3359)
Discovery 5d0a571d analyze time 11s 722ms found 1 candidates
Discovered harmful synapse from input-1128 to output-0, harming 12.7% more records than it helps (1465/3359)
Discovery 5d0a571d analyze harmful time 225ms found 1 candidates
Discovery 5d0a571d analyze squashes time 228ms found 1 candidate, Summary: output-0 LOGISTIC -> LogSigmoid improved: 28.5% error: 408.6247 -> 292.0766
Fine tuning increased fitness by 5.060875274409682e-9 to 0.9985114366979636 adjusted 66 weights, 2 biases 
Fine tuning increased fitness by 3.651836844031919e-8 to 0.9985115077456035 adjusted 60 weights, 2 biases 
Generation 80 score 0.9985115077456035  error 0.001476181288556139 avg time 1s 916ms
Fine tuning increased fitness by 5.588983353899124e-8 to 0.998511563635437 adjusted 60 weights, 2 biases 
Fine tuning increased fitness by 7.407526958491673e-8 to 0.9985117171984478 adjusted 60 weights, 2 biases 
Fine tuning increased fitness by 2.9506841414672635e-11 to 0.9985117172407451 adjusted 6 weights 
Fine tuning increased fitness by 4.872013903423067e-11 to 0.9985117172894652 adjusted 6 weights 
Fine tuning increased fitness by 9.786871313366419e-11 to 0.9985117173873339 adjusted 6 weights 
Fine tuning increased fitness by 1.661486503934384e-10 to 0.9985117175534826 adjusted 6 weights 
Fine tuning increased fitness by 2.781390673334272e-10 to 0.9985117178316216 adjusted 6 weights 
Fine tuning increased fitness by 5.117725132564033e-10 to 0.9985117183433941 adjusted 6 weights 
Generation 90 score 0.9985117183433941  error 0.0014759706907654078 avg time 1s 614ms
Fine tuning increased fitness by 6.6268984744155546e-9 to 0.9985117320363087 adjusted 35 weights, 1 bias 
Fine tuning increased fitness by 3.546388183117699e-9 to 0.9985117355826969 adjusted 35 weights, 1 bias 
Fine tuning increased fitness by 2.843495328086476e-9 to 0.9985117384261922 adjusted 35 weights, 1 bias 
Generation 94 score 0.9985117384261922  error 0.0014759506079678301 avg time 683ms
{
  error: 0.0014759506079678301,
  score: 0.9985117384261922,
  generation: 94,
  time: 181729
}

=== Processing USDKRW (4/10) ===
5 mutations, mutation rate 11.2%, elitism 6, mutation FFW, selection TOURNAMENT
Creature count: 50
Culling duplicate creature at 12 of 51
DeDuplication of 1 creatures to 50 in  (previous experiment )
Training ef22b640 with 1 binary file, target error: 0.000001, iterations: 1, sample rate: 100%, sparse: 100%
Discovery ef22b640 with 1 binary files, sample rate: 100%, batch size: 512
Discovery ef22b640 initialize time 90ms
Discovery ef22b640 processing .trainData-fx_c_88/USDKRW/data.bin
Discovery ef22b640 read time 5ms for .trainData-fx_c_88/USDKRW/data.bin with 3359 records
Discovery ef22b640 scanning time 997ms
Training ab192160 with 1 binary file, target error: 0.000001, iterations: 1, sample rate: 100%, sparse: 100%
Discovery ef22b640 recorded time 1s 947ms
Training 1f56d5c2 with 1 binary file, target error: 0.000001, iterations: 1, sample rate: 100%, sparse: 100%
Fine tuning increased fitness by 0.00001737402126578136 to 0.9781430264699167 adjusted 200 weights, 2 biases 
Training 9114e7e7 with 1 binary file, target error: 0.000001, iterations: 1, sample rate: 100%, sparse: 100%
Training 9d8b5517 with 1 binary file, target error: 0.000001, iterations: 1, sample rate: 100%, sparse: 100%
Fine tuning increased fitness by 6.615574665858048e-8 to 0.9781912427662655 adjusted 195 weights, 2 biases 
Training fc2e810a with 1 binary file, target error: 0.000001, iterations: 1, sample rate: 100%, sparse: 100%
Fine tuning increased fitness by 4.567357710927311e-7 to 0.9781916995020365 adjusted 195 weights, 2 biases 
Training c4d806ee with 1 binary file, target error: 0.000001, iterations: 1, sample rate: 100%, sparse: 100%
Fine tuning increased fitness by 0.000028292192689849394 to 0.9782199916947264 adjusted 1010 weights, 11 biases 
Remove neuron 2a2fba07-eeac-42a0-85ea-bf38564c9e4a as no longer connected
Discovered beneficial synapse from input-1510 to output-0 with weight 1.0000, helping 31.4% more records than it harms (1135/3359)
Discovery ef22b640 analyze time 11s 68ms found 1 candidates
Discovered harmful synapse from 6e59fdb1-a7dd-4ae2-92f8-48b3d2c1010a to output-0, harming 29.1% more records than it helps (195/3359)
Discovery ef22b640 analyze harmful time 358ms found 1 candidates
Training 09d6ef2d with 1 binary file, target error: 0.000001, iterations: 1, sample rate: 100%, sparse: 100%
Discovery ef22b640 analyze squashes time 468ms found 1 candidate, Summary: output-2 ReLU -> LOGISTIC improved: 8.7% error: 0.5704 -> 0.5208
Over populated 52, expected 50.
Training d3f111f2 with 1 binary file, target error: 0.000001, iterations: 1, sample rate: 100%, sparse: 100%
Over populated 56, expected 50.
Generation 10 score 0.9782468246553229  error 0.02174120436215748 avg time 1s 751ms
Training a93dcc6f with 1 binary file, target error: 0.000001, iterations: 1, sample rate: 100%, sparse: 100%
Fine tuning increased fitness by 0.0000045644931285782064 to 0.9782513891484514 adjusted 1002 weights, 11 biases 
Discovery a93dcc6f with 1 binary files, sample rate: 100%, batch size: 512
Discovery a93dcc6f initialize time 88ms
Discovery a93dcc6f processing .trainData-fx_c_88/USDKRW/data.bin
Discovery a93dcc6f read time 6ms for .trainData-fx_c_88/USDKRW/data.bin with 3359 records
Discovery a93dcc6f scanning time 1s 61ms
Training 449b47fc with 1 binary file, target error: 0.000001, iterations: 1, sample rate: 100%, sparse: 100%
Discovery a93dcc6f recorded time 1s 984ms
Training 95d1470c with 1 binary file, target error: 0.000001, iterations: 1, sample rate: 100%, sparse: 100%
Fine tuning increased fitness by 0.0000029976743729509536 to 0.9782567491430474 adjusted 1000 weights, 11 biases 
Training 31b1f3f5 with 1 binary file, target error: 0.000001, iterations: 1, sample rate: 100%, sparse: 100%
Fine tuning increased fitness by 0.0000018976794450287215 to 0.9782586468224924 adjusted 998 weights, 11 biases 
Over populated 52, expected 50.
Discovered beneficial synapse from input-1510 to output-0 with weight 1.0000, helping 31.4% more records than it harms (1135/3359)
Discovery a93dcc6f analyze time 5s 733ms found 1 candidates
Training 70dc9251 with 1 binary file, target error: 0.000001, iterations: 1, sample rate: 100%, sparse: 100%
Fine tuning increased fitness by 0.0000031282023085221766 to 0.9782617750248009 adjusted 998 weights, 11 biases 
Discovered harmful synapse from input-99 to output-2, harming 30.0% more records than it helps (88/3359)
Discovery a93dcc6f analyze harmful time 1s 96ms found 1 candidates
Discovery a93dcc6f analyze squashes time 284ms found 0 candidates
Over populated 52, expected 50.
Training e88c0fa9 with 1 binary file, target error: 0.000001, iterations: 1, sample rate: 100%, sparse: 100%
Discovery e88c0fa9 with 1 binary files, sample rate: 100%, batch size: 512
Discovery e88c0fa9 initialize time 88ms
Discovery e88c0fa9 processing .trainData-fx_c_88/USDKRW/data.bin
Discovery e88c0fa9 read time 7ms for .trainData-fx_c_88/USDKRW/data.bin with 3359 records
Discovery e88c0fa9 scanning time 1s 41ms
Over populated 54, expected 50.
Training b684cf68 with 1 binary file, target error: 0.000001, iterations: 1, sample rate: 100%, sparse: 100%
Discovery e88c0fa9 recorded time 1s 949ms
Fine tuning increased fitness by 0.000004127311941659606 to 0.9782691777742045 adjusted 998 weights, 11 biases 
Training 48963b6d with 1 binary file, target error: 0.000001, iterations: 1, sample rate: 100%, sparse: 100%
Training 8f646092 with 1 binary file, target error: 0.000001, iterations: 1, sample rate: 100%, sparse: 100%
Remove neuron 2a2fba07-eeac-42a0-85ea-bf38564c9e4a as no longer connected
Training e04655ad with 1 binary file, target error: 0.000001, iterations: 1, sample rate: 100%, sparse: 100%
Generation 20 score 0.978276448277075  error 0.021711580740405113 avg time 1s 973ms
Training b2e52abd with 1 binary file, target error: 0.000001, iterations: 1, sample rate: 100%, sparse: 100%
Fine tuning increased fitness by 3.863687895178103e-7 to 0.9782768346458646 adjusted 955 weights, 10 biases 
Over populated 52, expected 50.
Training 9aee314f with 1 binary file, target error: 0.000001, iterations: 1, sample rate: 100%, sparse: 100%
Discovered beneficial synapse from input-1295 to output-3 with weight 0.2988, helping 41.7% more records than it harms (2380/3359)
Discovery e88c0fa9 analyze time 11s 396ms found 1 candidates
Training fd08b2b6 with 1 binary file, target error: 0.000001, iterations: 1, sample rate: 100%, sparse: 100%
Discovered harmful synapse from input-99 to output-2, harming 30.0% more records than it helps (88/3359)
Discovery e88c0fa9 analyze harmful time 647ms found 1 candidates
Discovery e88c0fa9 analyze squashes time 649ms found 1 candidate, Summary: 6e59fdb1-a7dd-4ae2-92f8-48b3d2c1010a ArcTan -> TANH improved: 13.3% error: 0.9579 -> 0.8310
Over populated 52, expected 50.
Training c4c9c880 with 1 binary file, target error: 0.000001, iterations: 1, sample rate: 100%, sparse: 100%
Fine tuning increased fitness by 0.0000015260540390249488 to 0.9782808857662422 adjusted 566 weights, 6 biases 
Discovery c4c9c880 with 1 binary files, sample rate: 100%, batch size: 512
Discovery c4c9c880 initialize time 90ms
Discovery c4c9c880 processing .trainData-fx_c_88/USDKRW/data.bin
Discovery c4c9c880 read time 3ms for .trainData-fx_c_88/USDKRW/data.bin with 3359 records
Discovery c4c9c880 scanning time 995ms
Over populated 54, expected 50.
Training ef693abe with 1 binary file, target error: 0.000001, iterations: 1, sample rate: 100%, sparse: 100%
Fine tuning increased fitness by 9.102985033537792e-7 to 0.9782817960647455 adjusted 566 weights, 6 biases 
Discovery c4c9c880 recorded time 1s 886ms
Training ddef1127 with 1 binary file, target error: 0.000001, iterations: 1, sample rate: 100%, sparse: 100%
Fine tuning increased fitness by 0.0000014303639568336024 to 0.9782832264287024 adjusted 566 weights, 6 biases 
Over populated 52, expected 50.
Training 64b32edf with 1 binary file, target error: 0.000001, iterations: 1, sample rate: 100%, sparse: 100%
Discovered beneficial synapse from input-1510 to output-0 with weight 1.0000, helping 31.5% more records than it harms (1134/3359)
Discovery c4c9c880 analyze time 5s 178ms found 1 candidates
Over populated 52, expected 50.
Discovered harmful synapse from 6e59fdb1-a7dd-4ae2-92f8-48b3d2c1010a to output-0, harming 29.1% more records than it helps (192/3359)
Discovery c4c9c880 analyze harmful time 296ms found 1 candidates
Training 14db7baf with 1 binary file, target error: 0.000001, iterations: 1, sample rate: 100%, sparse: 100%
Discovery c4c9c880 analyze squashes time 276ms found 0 candidates
Training 1ab577db with 1 binary file, target error: 0.000001, iterations: 1, sample rate: 100%, sparse: 100%
Fine tuning increased fitness by 0.0000021017267944900553 to 0.9782893810794167 adjusted 534 weights, 6 biases 
Discovery 1ab577db with 1 binary files, sample rate: 100%, batch size: 512
Discovery 1ab577db initialize time 82ms
Discovery 1ab577db processing .trainData-fx_c_88/USDKRW/data.bin
Discovery 1ab577db read time 6ms for .trainData-fx_c_88/USDKRW/data.bin with 3359 records
Discovery 1ab577db scanning time 955ms
Over populated 52, expected 50.
Training 213e9309 with 1 binary file, target error: 0.000001, iterations: 1, sample rate: 100%, sparse: 100%
Discovery 1ab577db recorded time 1s 834ms
Fine tuning increased fitness by 4.774649909888851e-7 to 0.9782898585444076 adjusted 534 weights, 6 biases 
Over populated 52, expected 50.
Generation 30 score 0.9782898585444076  error 0.02169817047307242 avg time 1s 938ms
Training 0876b96b with 1 binary file, target error: 0.000001, iterations: 1, sample rate: 100%, sparse: 100%
Training b9393d1c with 1 binary file, target error: 0.000001, iterations: 1, sample rate: 100%, sparse: 100%
Fine tuning increased fitness by 4.389016343697705e-7 to 0.978290756861767 adjusted 533 weights, 6 biases 
Remove neuron 445251cd-9aff-4b73-b814-28e7b499cf33 as no longer connected
Training de76c0c5 with 1 binary file, target error: 0.000001, iterations: 1, sample rate: 100%, sparse: 100%
Fine tuning increased fitness by 7.063091497228058e-7 to 0.9782914631709168 adjusted 533 weights, 6 biases 
Over populated 52, expected 50.
Training ae1bebac with 1 binary file, target error: 0.000001, iterations: 1, sample rate: 100%, sparse: 100%
Fine tuning increased fitness by 7.434677288253866e-7 to 0.9782922066386456 adjusted 533 weights, 6 biases 
Over populated 52, expected 50.
Training abf0c064 with 1 binary file, target error: 0.000001, iterations: 1, sample rate: 100%, sparse: 100%
Over populated 52, expected 50.
Discovered beneficial synapse from input-1510 to output-0 with weight 1.0000, helping 31.5% more records than it harms (1134/3359)
Discovery 1ab577db analyze time 11s 287ms found 1 candidates
Training 0147e734 with 1 binary file, target error: 0.000001, iterations: 1, sample rate: 100%, sparse: 100%
Fine tuning increased fitness by 0.0000010025894207066344 to 0.9782942829978319 adjusted 533 weights, 6 biases 
Discovered harmful synapse from 6e59fdb1-a7dd-4ae2-92f8-48b3d2c1010a to output-0, harming 29.0% more records than it helps (193/3359)
Discovery 1ab577db analyze harmful time 938ms found 1 candidates
Discovery 1ab577db analyze squashes time 670ms found 1 candidate, Summary: 6e59fdb1-a7dd-4ae2-92f8-48b3d2c1010a ArcTan -> TANH improved: 13.8% error: 0.9441 -> 0.8142
Over populated 52, expected 50.
Training 400d130c with 1 binary file, target error: 0.000001, iterations: 1, sample rate: 100%, sparse: 100%
Fine tuning increased fitness by 0.0000011796814525233401 to 0.9782954626792845 adjusted 533 weights, 6 biases 
Discovery 400d130c with 1 binary files, sample rate: 100%, batch size: 512
Discovery 400d130c initialize time 87ms
Discovery 400d130c processing .trainData-fx_c_88/USDKRW/data.bin
Discovery 400d130c read time 5ms for .trainData-fx_c_88/USDKRW/data.bin with 3359 records
Discovery 400d130c scanning time 1s 17ms
Over populated 56, expected 50.
Training 0e6ff294 with 1 binary file, target error: 0.000001, iterations: 1, sample rate: 100%, sparse: 100%
Discovery 400d130c recorded time 1s 905ms
Training 95deeee6 with 1 binary file, target error: 0.000001, iterations: 1, sample rate: 100%, sparse: 100%
Over populated 52, expected 50.
Training 81d70586 with 1 binary file, target error: 0.000001, iterations: 1, sample rate: 100%, sparse: 100%
Fine tuning increased fitness by 0.0000019079319698578345 to 0.9783017741182106 adjusted 452 weights, 6 biases 
Generation 40 score 0.9783017741182106  error 0.02168625489926946 avg time 1s 967ms
Training 391471a8 with 1 binary file, target error: 0.000001, iterations: 1, sample rate: 100%, sparse: 100%
Training b62d074b with 1 binary file, target error: 0.000001, iterations: 1, sample rate: 100%, sparse: 100%
Over populated 52, expected 50.
Training 44608cb5 with 1 binary file, target error: 0.000001, iterations: 1, sample rate: 100%, sparse: 100%
Over populated 52, expected 50.
Training affb9fb2 with 1 binary file, target error: 0.000001, iterations: 1, sample rate: 100%, sparse: 100%
Discovered beneficial synapse from input-1510 to 6e59fdb1-a7dd-4ae2-92f8-48b3d2c1010a with weight -0.6230, helping 34.4% more records than it harms (2086/3359)
Discovery 400d130c analyze time 12s 267ms found 1 candidates
Discovered harmful synapse from 6e59fdb1-a7dd-4ae2-92f8-48b3d2c1010a to output-0, harming 29.0% more records than it helps (193/3359)
Discovery 400d130c analyze harmful time 280ms found 1 candidates
Discovery 400d130c analyze squashes time 423ms found 0 candidates
Over populated 52, expected 50.
Training 42f675d7 with 1 binary file, target error: 0.000001, iterations: 1, sample rate: 100%, sparse: 100%
Fine tuning increased fitness by 7.32821512472448e-7 to 0.9783036814474207 adjusted 449 weights, 5 biases 
Discovery 42f675d7 with 1 binary files, sample rate: 100%, batch size: 512
Discovery 42f675d7 initialize time 86ms
Discovery 42f675d7 processing .trainData-fx_c_88/USDKRW/data.bin
Discovery 42f675d7 read time 6ms for .trainData-fx_c_88/USDKRW/data.bin with 3359 records
Discovery 42f675d7 scanning time 969ms
Over populated 52, expected 50.
Training d1d70986 with 1 binary file, target error: 0.000001, iterations: 1, sample rate: 100%, sparse: 100%
Discovery 42f675d7 recorded time 1s 846ms
Fine tuning increased fitness by 8.654273342401098e-8 to 0.9783037679901542 adjusted 449 weights, 5 biases 
Over populated 52, expected 50.
Training d4bbeef4 with 1 binary file, target error: 0.000001, iterations: 1, sample rate: 100%, sparse: 100%
Fine tuning increased fitness by 0.0000012426755877648077 to 0.9783050106657419 adjusted 449 weights, 5 biases 
Training 9035dd00 with 1 binary file, target error: 0.000001, iterations: 1, sample rate: 100%, sparse: 100%
Discovered beneficial synapse from input-1510 to output-0 with weight 1.0000, helping 31.5% more records than it harms (1134/3359)
Discovery 42f675d7 analyze time 5s 224ms found 1 candidates
Training c3456c8d with 1 binary file, target error: 0.000001, iterations: 1, sample rate: 100%, sparse: 100%
Fine tuning increased fitness by 0.000002258383389519558 to 0.9783088999223588 adjusted 448 weights, 5 biases 
Discovered harmful synapse from input-99 to output-2, harming 30.2% more records than it helps (85/3359)
Discovery 42f675d7 analyze harmful time 1s 417ms found 1 candidates
Discovery 42f675d7 analyze squashes time 254ms found 0 candidates
Over populated 52, expected 50.
Training 27fc9362 with 1 binary file, target error: 0.000001, iterations: 1, sample rate: 100%, sparse: 100%
Discovery 27fc9362 with 1 binary files, sample rate: 100%, batch size: 512
Discovery 27fc9362 initialize time 87ms
Discovery 27fc9362 processing .trainData-fx_c_88/USDKRW/data.bin
Discovery 27fc9362 read time 6ms for .trainData-fx_c_88/USDKRW/data.bin with 3359 records
Discovery 27fc9362 scanning time 988ms
Over populated 52, expected 50.
Generation 50 score 0.978312023923852  error 0.021676005093625647 avg time 1s 959ms
Training a7b0d8af with 1 binary file, target error: 0.000001, iterations: 1, sample rate: 100%, sparse: 100%
Fine tuning increased fitness by 0.000005325547782430995 to 0.9783173494716344 adjusted 448 weights, 5 biases 
Discovery 27fc9362 recorded time 1s 899ms
Training 2ebae5af with 1 binary file, target error: 0.000001, iterations: 1, sample rate: 100%, sparse: 100%
Over populated 52, expected 50.
Training 6fea478c with 1 binary file, target error: 0.000001, iterations: 1, sample rate: 100%, sparse: 100%
Fine tuning increased fitness by 0.000010709400417696635 to 0.9783351815156628 adjusted 448 weights, 5 biases 
Training c5ec3cad with 1 binary file, target error: 0.000001, iterations: 1, sample rate: 100%, sparse: 100%
Fine tuning increased fitness by 0.000010125089322188252 to 0.978345306604985 adjusted 448 weights, 5 biases 
Discovered beneficial synapse from input-1510 to output-0 with weight 1.0000, helping 31.4% more records than it harms (1134/3359)
Discovery 27fc9362 analyze time 5s 741ms found 1 candidates
Discovered harmful synapse from input-99 to output-2, harming 30.2% more records than it helps (84/3359)
Discovery 27fc9362 analyze harmful time 1s 494ms found 1 candidates
Training 22aa9c1e with 1 binary file, target error: 0.000001, iterations: 1, sample rate: 100%, sparse: 100%
Fine tuning increased fitness by 9.655394095364755e-8 to 0.9783454031589259 adjusted 448 weights, 5 biases 
Discovery 27fc9362 analyze squashes time 717ms found 2 candidates, Summary: 6e59fdb1-a7dd-4ae2-92f8-48b3d2c1010a ArcTan -> TANH improved: 13.8% error: 0.9456 -> 0.8149,output-2 ReLU -> LOGISTIC improved: 9.0% error: 0.5735 -> 0.5220
Training 53880715 with 1 binary file, target error: 0.000001, iterations: 1, sample rate: 100%, sparse: 100%
Fine tuning increased fitness by 3.111213278117475e-7 to 0.9783457142802537 adjusted 448 weights, 5 biases 
Discovery 53880715 with 1 binary files, sample rate: 100%, batch size: 512
Discovery 53880715 initialize time 87ms
Discovery 53880715 processing .trainData-fx_c_88/USDKRW/data.bin
Discovery 53880715 read time 6ms for .trainData-fx_c_88/USDKRW/data.bin with 3359 records
Discovery 53880715 scanning time 982ms
Over populated 56, expected 50.
Training 2f38d912 with 1 binary file, target error: 0.000001, iterations: 1, sample rate: 100%, sparse: 100%
Discovery 53880715 recorded time 1s 872ms
Fine tuning increased fitness by 7.065478713208506e-8 to 0.9783457849350409 adjusted 448 weights, 5 biases 
Over populated 52, expected 50.
Training b4f899ea with 1 binary file, target error: 0.000001, iterations: 1, sample rate: 100%, sparse: 100%
Over populated 52, expected 50.
Training 60b65c78 with 1 binary file, target error: 0.000001, iterations: 1, sample rate: 100%, sparse: 100%
Remove neuron 3e7da344-bcdb-46de-9bce-f1562b6f6705 as no longer connected
Over populated 52, expected 50.
Discovered beneficial synapse from input-1510 to output-0 with weight 1.0000, helping 31.4% more records than it harms (1134/3359)
Discovery 53880715 analyze time 5s 271ms found 1 candidates
Training 6c7dbe10 with 1 binary file, target error: 0.000001, iterations: 1, sample rate: 100%, sparse: 100%
Fine tuning increased fitness by 2.2028356283509964e-7 to 0.9783465907414071 adjusted 478 weights, 5 biases 
Discovered harmful synapse from input-831 to 6e59fdb1-a7dd-4ae2-92f8-48b3d2c1010a, harming 29.5% more records than it helps (949/3359)
Discovery 53880715 analyze harmful time 663ms found 1 candidates
Discovery 53880715 analyze squashes time 249ms found 0 candidates
Over populated 52, expected 50.
Generation 60 score 0.9783465907414071  error 0.02164143827606445 avg time 1s 933ms
Training 28bbe9c3 with 1 binary file, target error: 0.000001, iterations: 1, sample rate: 100%, sparse: 100%
Discovery 28bbe9c3 with 1 binary files, sample rate: 100%, batch size: 512
Discovery 28bbe9c3 initialize time 82ms
Discovery 28bbe9c3 processing .trainData-fx_c_88/USDKRW/data.bin
Discovery 28bbe9c3 read time 6ms for .trainData-fx_c_88/USDKRW/data.bin with 3359 records
Discovery 28bbe9c3 scanning time 978ms
Over populated 54, expected 50.
Training fc6ec44a with 1 binary file, target error: 0.000001, iterations: 1, sample rate: 100%, sparse: 100%
Discovery 28bbe9c3 recorded time 1s 871ms
Over populated 52, expected 50.
Training e665f11b with 1 binary file, target error: 0.000001, iterations: 1, sample rate: 100%, sparse: 100%
Over populated 52, expected 50.
Training 94ad56ad with 1 binary file, target error: 0.000001, iterations: 1, sample rate: 100%, sparse: 100%
Training 11d8339d with 1 binary file, target error: 0.000001, iterations: 1, sample rate: 100%, sparse: 100%
Fine tuning increased fitness by 1.7423338183331083e-7 to 0.9784306531850044 adjusted 273 weights, 4 biases 
Training 4fa90fd4 with 1 binary file, target error: 0.000001, iterations: 1, sample rate: 100%, sparse: 100%
Fine tuning increased fitness by 3.779999224740038e-8 to 0.9784306909849967 adjusted 273 weights, 4 biases 
Remove neuron 1c1c2fe2-fea0-4e27-99b6-727de74724e3 as no longer connected
Training f5b714b6 with 1 binary file, target error: 0.000001, iterations: 1, sample rate: 100%, sparse: 100%
Fine tuning increased fitness by 2.700911809760953e-7 to 0.9784309610761777 adjusted 840 weights, 10 biases 
Over populated 52, expected 50.
Training aaf23e3e with 1 binary file, target error: 0.000001, iterations: 1, sample rate: 100%, sparse: 100%
Discovered beneficial synapse from input-1510 to output-0 with weight 1.0000, helping 31.4% more records than it harms (1134/3359)
Discovery 28bbe9c3 analyze time 11s 247ms found 1 candidates
Over populated 52, expected 50.
Discovered harmful synapse from 6e59fdb1-a7dd-4ae2-92f8-48b3d2c1010a to output-0, harming 28.7% more records than it helps (202/3359)
Discovery 28bbe9c3 analyze harmful time 1s 95ms found 1 candidates
Discovery 28bbe9c3 analyze squashes time 309ms found 0 candidates
Training 8ace3f98 with 1 binary file, target error: 0.000001, iterations: 1, sample rate: 100%, sparse: 100%
Fine tuning increased fitness by 3.721579088233895e-7 to 0.978431764280435 adjusted 860 weights, 9 biases 
Discovery 8ace3f98 with 1 binary files, sample rate: 100%, batch size: 512
Discovery 8ace3f98 initialize time 87ms
Discovery 8ace3f98 processing .trainData-fx_c_88/USDKRW/data.bin
Discovery 8ace3f98 read time 5ms for .trainData-fx_c_88/USDKRW/data.bin with 3359 records
Discovery 8ace3f98 scanning time 971ms
Over populated 54, expected 50.
Training fc8bfdf4 with 1 binary file, target error: 0.000001, iterations: 1, sample rate: 100%, sparse: 100%
Discovery 8ace3f98 recorded time 1s 922ms
Generation 70 score 0.9784324150019768  error 0.0215556040155092 avg time 1s 878ms
Training 8e6b1b4e with 1 binary file, target error: 0.000001, iterations: 1, sample rate: 100%, sparse: 100%
Fine tuning increased fitness by 7.277931495242029e-7 to 0.9784331427951263 adjusted 838 weights, 9 biases 
Over populated 52, expected 50.
Training d6522f51 with 1 binary file, target error: 0.000001, iterations: 1, sample rate: 100%, sparse: 100%
Over populated 52, expected 50.
Discovered beneficial synapse from input-1510 to output-0 with weight 1.0000, helping 31.4% more records than it harms (1134/3359)
Discovery 8ace3f98 analyze time 5s 240ms found 1 candidates
Training 299b3367 with 1 binary file, target error: 0.000001, iterations: 1, sample rate: 100%, sparse: 100%
Discovered harmful synapse from 6e59fdb1-a7dd-4ae2-92f8-48b3d2c1010a to output-0, harming 28.8% more records than it helps (200/3359)
Discovery 8ace3f98 analyze harmful time 1s 53ms found 1 candidates
Discovery 8ace3f98 analyze squashes time 252ms found 0 candidates
Training 876dd735 with 1 binary file, target error: 0.000001, iterations: 1, sample rate: 100%, sparse: 100%
Fine tuning increased fitness by 8.072361589173127e-7 to 0.9784353632304849 adjusted 790 weights, 9 biases 
Discovery 876dd735 with 1 binary files, sample rate: 100%, batch size: 512
Discovery 876dd735 initialize time 87ms
Discovery 876dd735 processing .trainData-fx_c_88/USDKRW/data.bin
Discovery 876dd735 read time 5ms for .trainData-fx_c_88/USDKRW/data.bin with 3359 records
Discovery 876dd735 scanning time 1s 18ms
Over populated 54, expected 50.
Training 0e1c7033 with 1 binary file, target error: 0.000001, iterations: 1, sample rate: 100%, sparse: 100%
Fine tuning increased fitness by 8.188024435140662e-7 to 0.9784361820329284 adjusted 790 weights, 9 biases 
Discovery 876dd735 recorded time 1s 971ms
Training 94ff40ff with 1 binary file, target error: 0.000001, iterations: 1, sample rate: 100%, sparse: 100%
Fine tuning increased fitness by 6.109366956774664e-7 to 0.978436792969624 adjusted 790 weights, 9 biases 
Over populated 52, expected 50.
Training 3b21f6ed with 1 binary file, target error: 0.000001, iterations: 1, sample rate: 100%, sparse: 100%
Over populated 52, expected 50.
Training 5dd380a3 with 1 binary file, target error: 0.000001, iterations: 1, sample rate: 100%, sparse: 100%
Fine tuning increased fitness by 0.0000017103742528945531 to 0.9784397603871492 adjusted 823 weights, 9 biases 
Discovered beneficial synapse from input-1510 to output-0 with weight 1.0000, helping 31.4% more records than it harms (1134/3359)
Discovery 876dd735 analyze time 5s 942ms found 1 candidates
Over populated 52, expected 50.
Discovered harmful synapse from input-831 to 6e59fdb1-a7dd-4ae2-92f8-48b3d2c1010a, harming 29.1% more records than it helps (956/3359)
Discovery 876dd735 analyze harmful time 1s 552ms found 1 candidates
Discovery 876dd735 analyze squashes time 294ms found 0 candidates
Fine tuning increased fitness by 0.0000026522785049332143 to 0.9784424126656541 adjusted 823 weights, 9 biases 
Over populated 52, expected 50.
Fine tuning increased fitness by 0.0000010398778435005696 to 0.9784434525434976 adjusted 823 weights, 9 biases 
Generation 80 score 0.9784434525434976  error 0.021544566473986913 avg time 1s 947ms
Fine tuning increased fitness by 0.00000635736438570067 to 0.9784516146868242 adjusted 792 weights, 9 biases 
Fine tuning increased fitness by 9.200722461688571e-8 to 0.9784517066940488 adjusted 1 weight 
Fine tuning increased fitness by 6.303413713215633e-7 to 0.978457128998121 adjusted 364 weights, 3 biases 
Generation 90 score 0.9784759565875656  error 0.021512052429926855 avg time 1s 842ms
Fine tuning increased fitness by 0.000009194562187508915 to 0.9784851511497531 adjusted 451 weights, 5 biases 
Fine tuning increased fitness by 0.000008920463867800876 to 0.9784940716136209 adjusted 451 weights, 5 biases 
Generation 95 score 0.9785001814121291  error 0.021487827605357012 avg time 921ms
{
  error: 0.021487827605357012,
  score: 0.9785001814121291,
  generation: 95,
  time: 181214
}

=== Processing USDGBP (5/10) ===
9 mutations, mutation rate 5.0%, elitism 2, mutation ALL, selection FITNESS_PROPORTIONATE
Creature count: 50
Culling duplicate creature at 35 of 51
DeDuplication of 1 creatures to 50 in 1ms (previous experiment )
Training 17349721 with 1 binary file, target error: 0.000001, iterations: 1, sample rate: 100%, sparse: 100%
Discovery 17349721 with 1 binary files, sample rate: 100%, batch size: 512
Discovery 17349721 initialize time 87ms
Discovery 17349721 processing .trainData-fx_c_88/USDGBP/data.bin
Discovery 17349721 read time 5ms for .trainData-fx_c_88/USDGBP/data.bin with 3359 records
Discovery 17349721 scanning time 1s 166ms
Discovery 17349721 recorded time 1s 861ms
compactUnused hidden neuron 9604255f has no outward connections
Training aceaabf7 with 1 binary file, target error: 0.000001, iterations: 1, sample rate: 100%, sparse: 100%
compactUnused hidden neuron 9604255f has no outward connections
Training 498ae0e2 with 1 binary file, target error: 0.000001, iterations: 1, sample rate: 100%, sparse: 100%
Fine tuning increased fitness by 9.253806221298788e-8 to 0.9978216791523689 adjusted 338 weights, 4 biases 
compactUnused hidden neuron 9604255f has no outward connections
Training b77adfd8 with 1 binary file, target error: 0.000001, iterations: 1, sample rate: 100%, sparse: 100%
Fine tuning increased fitness by 3.619136657029287e-8 to 0.9978217585040431 adjusted 297 weights, 4 biases 
compactUnused hidden neuron 9604255f has no outward connections
Training 0c5e106a with 1 binary file, target error: 0.000001, iterations: 1, sample rate: 100%, sparse: 100%
Over populated 52, expected 50.
Fine tuning increased fitness by 0.0000013819348868571169 to 0.9978241594491809 adjusted 594 weights, 9 biases 
compactUnused hidden neuron 9604255f has no outward connections
Generation 10 score 0.9978241594491809  error 0.0021644396874870085 avg time 1s 713ms
Training eba7064a with 1 binary file, target error: 0.000001, iterations: 1, sample rate: 100%, sparse: 100%
Fine tuning increased fitness by 6.514493987586079e-7 to 0.9978248108985797 adjusted 594 weights, 9 biases 
Over populated 52, expected 50.
Fine tuning increased fitness by 0.0000012220681495644925 to 0.9978260329667292 adjusted 589 weights, 9 biases 
compactUnused hidden neuron 9604255f has no outward connections
Discovered beneficial synapse from input-64 to cc590223-9b44-4ad4-b0a3-9863b1f15ac4 with weight 1.0000, helping 36.5% more records than it harms (1975/3359)
Discovery 17349721 analyze time 18s 412ms found 1 candidates
Training 280cf8c4 with 1 binary file, target error: 0.000001, iterations: 1, sample rate: 100%, sparse: 100%
Fine tuning increased fitness by 5.586029889759203e-7 to 0.9978265915697182 adjusted 589 weights, 9 biases 
Discovered harmful synapse from input-382 to output-2, harming 28.7% more records than it helps (1198/3359)
Discovery 17349721 analyze harmful time 1s 62ms found 1 candidates
Discovery 17349721 analyze squashes time 671ms found 3 candidates, Summary: output-0 LOGISTIC -> LogSigmoid improved: 28.7% error: 374.2920 -> 266.8929,cc590223-9b44-4ad4-b0a3-9863b1f15ac4 HARD_TANH -> SINE improved: 10.5% error: 30.9946 -> 27.7391,387a76c6-268c-4a43-a89f-23a63647fd41 LOGISTIC -> IDENTITY improved: 2.6% error: 213.0170 -> 207.4053
Fine tuning increased fitness by 2.461203225667674e-7 to 0.9978268376900408 adjusted 589 weights, 9 biases 
Discovery bc177b8a with 1 binary files, sample rate: 100%, batch size: 512
Discovery bc177b8a initialize time 89ms
Discovery bc177b8a processing .trainData-fx_c_88/USDGBP/data.bin
compactUnused hidden neuron 9604255f has no outward connections
Discovery bc177b8a read time 7ms for .trainData-fx_c_88/USDGBP/data.bin with 3359 records
Discovery bc177b8a scanning time 1s 122ms
Over populated 53, expected 50.
Training a71428f3 with 1 binary file, target error: 0.000001, iterations: 1, sample rate: 100%, sparse: 100%
Fine tuning increased fitness by 4.1835521635835704e-7 to 0.9978272560452571 adjusted 589 weights, 9 biases 
Discovery bc177b8a recorded time 2s 70ms
Over populated 52, expected 50.
Fine tuning increased fitness by 5.449739011176291e-7 to 0.9978278010191582 adjusted 589 weights, 9 biases 
compactUnused hidden neuron 9604255f has no outward connections
Training 8508ee84 with 1 binary file, target error: 0.000001, iterations: 1, sample rate: 100%, sparse: 100%
Fine tuning increased fitness by 6.828057361740747e-7 to 0.9978284838248944 adjusted 589 weights, 9 biases 
Over populated 52, expected 50.
compactUnused hidden neuron 9604255f has no outward connections
Training 0020d572 with 1 binary file, target error: 0.000001, iterations: 1, sample rate: 100%, sparse: 100%
Fine tuning increased fitness by 0.000006031113935378585 to 0.9978414395111423 adjusted 551 weights, 8 biases 
compactUnused hidden neuron 9604255f has no outward connections
Generation 20 score 0.9978414395111423  error 0.002147159625531513 avg time 1s 917ms
Training 2e352f2c with 1 binary file, target error: 0.000001, iterations: 1, sample rate: 100%, sparse: 100%
Discovered beneficial synapse from input-360 to output-0 with weight -1.0000, helping 11.7% more records than it harms (1875/3359)
Discovery bc177b8a analyze time 12s 594ms found 1 candidates
Over populated 52, expected 50.
Fine tuning increased fitness by 0.000009072615360206093 to 0.9978605163774377 adjusted 617 weights, 9 biases 
compactUnused hidden neuron 9604255f has no outward connections
Discovered harmful synapse from input-382 to output-2, harming 29.6% more records than it helps (1182/3359)
Discovery bc177b8a analyze harmful time 1s 103ms found 1 candidates
Discovery bc177b8a analyze squashes time 665ms found 3 candidates, Summary: output-0 LOGISTIC -> LogSigmoid improved: 29.0% error: 378.0351 -> 268.2172,cc590223-9b44-4ad4-b0a3-9863b1f15ac4 HARD_TANH -> SINE improved: 9.6% error: 30.9394 -> 27.9822,output-2 LeakyReLU -> LogSigmoid improved: 33.9% error: 1.4398 -> 0.9523
Training ce2a4cac with 1 binary file, target error: 0.000001, iterations: 1, sample rate: 100%, sparse: 100%
Discovery ce2a4cac with 1 binary files, sample rate: 100%, batch size: 512
Discovery ce2a4cac initialize time 91ms
Discovery ce2a4cac processing .trainData-fx_c_88/USDGBP/data.bin
Discovery ce2a4cac read time 8ms for .trainData-fx_c_88/USDGBP/data.bin with 3359 records
Discovery ce2a4cac scanning time 1s 113ms
Over populated 56, expected 50.
Discovery ce2a4cac recorded time 2s 64ms
compactUnused hidden neuron 9604255f has no outward connections
Training 0a89d6ec with 1 binary file, target error: 0.000001, iterations: 1, sample rate: 100%, sparse: 100%
Fine tuning increased fitness by 0.000004499236019972486 to 0.9978889802896833 adjusted 607 weights, 9 biases 
Over populated 52, expected 50.
compactUnused hidden neuron 9604255f has no outward connections
Training 273b6e99 with 1 binary file, target error: 0.000001, iterations: 1, sample rate: 100%, sparse: 100%
Fine tuning increased fitness by 0.000001834031509995171 to 0.9978968586812041 adjusted 250 weights, 5 biases 
Over populated 52, expected 50.
compactUnused hidden neuron 9604255f has no outward connections
Training 489448e6 with 1 binary file, target error: 0.000001, iterations: 1, sample rate: 100%, sparse: 100%
Over populated 52, expected 50.
compactUnused hidden neuron 9604255f has no outward connections
Discovered beneficial synapse from input-55 to output-2 with weight -1.0000, helping 28.0% more records than it harms (2149/3359)
Discovery ce2a4cac analyze time 12s 29ms found 1 candidates
Generation 30 score 0.9978972730823011  error 0.002091326054195032 avg time 1s 912ms
Discovered harmful synapse from input-789 to cc590223-9b44-4ad4-b0a3-9863b1f15ac4, harming 25.9% more records than it helps (920/3359)
Discovery ce2a4cac analyze harmful time 504ms found 1 candidates
Training e35ea1be with 1 binary file, target error: 0.000001, iterations: 1, sample rate: 100%, sparse: 100%
Discovery ce2a4cac analyze squashes time 734ms found 3 candidates, Summary: output-0 LOGISTIC -> LogSigmoid improved: 29.5% error: 389.1951 -> 274.3511,cc590223-9b44-4ad4-b0a3-9863b1f15ac4 HARD_TANH -> SINE improved: 10.2% error: 30.7199 -> 27.5750,071eb198-a24a-455a-87e1-fd3f58a20d93 SELU -> BENT_IDENTITY improved: 25.0% error: 0.0015 -> 0.0011
Training 489448e6 increased fitness by 9.425578095800802e-10 to 0.997897274024859
Discovery 75ab14b3 with 1 binary files, sample rate: 100%, batch size: 512
compactUnused hidden neuron 9604255f has no outward connections
Discovery 75ab14b3 initialize time 90ms
Discovery 75ab14b3 processing .trainData-fx_c_88/USDGBP/data.bin
Discovery 75ab14b3 read time 7ms for .trainData-fx_c_88/USDGBP/data.bin with 3359 records
Discovery 75ab14b3 scanning time 1s 66ms
Over populated 53, expected 50.
Training f65fa5a3 with 1 binary file, target error: 0.000001, iterations: 1, sample rate: 100%, sparse: 100%
Discovery 75ab14b3 recorded time 2s 44ms
Over populated 52, expected 50.
compactUnused hidden neuron 9604255f has no outward connections
Training 0509f5b9 with 1 binary file, target error: 0.000001, iterations: 1, sample rate: 100%, sparse: 100%
Fine tuning increased fitness by 7.471947012227531e-7 to 0.9978989247785882 adjusted 770 weights, 7 biases 
Over populated 52, expected 50.
Fine tuning increased fitness by 0.0000010724022255770294 to 0.9978999971808138 adjusted 762 weights, 7 biases 
compactUnused hidden neuron 9604255f has no outward connections
Training bbdfaa18 with 1 binary file, target error: 0.000001, iterations: 1, sample rate: 100%, sparse: 100%
Over populated 52, expected 50.
Fine tuning increased fitness by 7.80103449060654e-7 to 0.9979020274384862 adjusted 573 weights, 7 biases 
compactUnused hidden neuron 9604255f has no outward connections
Training 94eadc37 with 1 binary file, target error: 0.000001, iterations: 1, sample rate: 100%, sparse: 100%
Over populated 52, expected 50.
Fine tuning increased fitness by 4.668197587376355e-7 to 0.9979045188225638 adjusted 571 weights, 7 biases 
compactUnused hidden neuron 9604255f has no outward connections
Generation 40 score 0.9979045188225638  error 0.002084080313493727 avg time 1s 967ms
Training bcaf1ca0 with 1 binary file, target error: 0.000001, iterations: 1, sample rate: 100%, sparse: 100%
Over populated 52, expected 50.
compactUnused hidden neuron 9604255f has no outward connections
Discovered beneficial synapse from input-64 to cc590223-9b44-4ad4-b0a3-9863b1f15ac4 with weight 1.0000, helping 34.2% more records than it harms (1914/3359)
Discovery 75ab14b3 analyze time 17s 946ms found 1 candidates
Discovered harmful synapse from input-935 to output-2, harming 100.0% more records than it helps (0/3359)
Discovery 75ab14b3 analyze harmful time 1s 163ms found 1 candidates
Training 702af223 with 1 binary file, target error: 0.000001, iterations: 1, sample rate: 100%, sparse: 100%
Discovery 75ab14b3 analyze squashes time 517ms found 2 candidates, Summary: output-0 LOGISTIC -> LogSigmoid improved: 30.5% error: 393.1541 -> 273.3861,output-2 LeakyReLU -> LogSigmoid improved: 34.0% error: 1.4440 -> 0.9528
Discovery c10c2b6c with 1 binary files, sample rate: 100%, batch size: 512
Discovery c10c2b6c initialize time 81ms
Discovery c10c2b6c processing .trainData-fx_c_88/USDGBP/data.bin
compactUnused hidden neuron 9604255f has no outward connections
Discovery c10c2b6c read time 5ms for .trainData-fx_c_88/USDGBP/data.bin with 3359 records
Discovery c10c2b6c scanning time 1s 43ms
Over populated 52, expected 50.
Training fd662ef6 with 1 binary file, target error: 0.000001, iterations: 1, sample rate: 100%, sparse: 100%
Discovery c10c2b6c recorded time 1s 904ms
compactUnused hidden neuron 9604255f has no outward connections
Training 28378be1 with 1 binary file, target error: 0.000001, iterations: 1, sample rate: 100%, sparse: 100%
Over populated 52, expected 50.
Fine tuning increased fitness by 0.0000020669892589753047 to 0.9979118055631048 adjusted 548 weights, 7 biases 
compactUnused hidden neuron 9604255f has no outward connections
Training 298b6ec6 with 1 binary file, target error: 0.000001, iterations: 1, sample rate: 100%, sparse: 100%
Fine tuning increased fitness by 8.38164298855304e-7 to 0.9979126437274036 adjusted 547 weights, 7 biases 
Over populated 52, expected 50.
Fine tuning increased fitness by 0.000001288320344183802 to 0.9979139320477478 adjusted 547 weights, 7 biases 
compactUnused hidden neuron 9604255f has no outward connections
Generation 50 score 0.9979139320477478  error 0.0020746570881362936 avg time 1s 897ms
Training 94f86772 with 1 binary file, target error: 0.000001, iterations: 1, sample rate: 100%, sparse: 100%
Fine tuning increased fitness by 0.0000010743625117326516 to 0.9979150064102595 adjusted 547 weights, 7 biases 
Over populated 52, expected 50.
Fine tuning increased fitness by 9.283324295950024e-7 to 0.9979159347426891 adjusted 547 weights, 7 biases 
compactUnused hidden neuron 9604255f has no outward connections
Training f203dd68 with 1 binary file, target error: 0.000001, iterations: 1, sample rate: 100%, sparse: 100%
Over populated 52, expected 50.
Fine tuning increased fitness by 0.0000021863146810741085 to 0.9979199999753845 adjusted 540 weights, 7 biases 
compactUnused hidden neuron 9604255f has no outward connections
Training a51c9154 with 1 binary file, target error: 0.000001, iterations: 1, sample rate: 100%, sparse: 100%
Over populated 52, expected 50.
compactUnused hidden neuron 9604255f has no outward connections
Training 36e309b5 with 1 binary file, target error: 0.000001, iterations: 1, sample rate: 100%, sparse: 100%
Fine tuning increased fitness by 2.520971619235368e-7 to 0.9979235288771044 adjusted 1 weight 
Discovered beneficial synapse from input-64 to cc590223-9b44-4ad4-b0a3-9863b1f15ac4 with weight 1.0000, helping 34.7% more records than it harms (1917/3359)
Discovery c10c2b6c analyze time 24s 397ms found 1 candidates
Fine tuning increased fitness by 3.6389455970731177e-7 to 0.9979238927716642 adjusted 1 weight 
Discovered harmful synapse from input-789 to cc590223-9b44-4ad4-b0a3-9863b1f15ac4, harming 24.9% more records than it helps (917/3359)
Discovery c10c2b6c analyze harmful time 513ms found 1 candidates
compactUnused hidden neuron 9604255f has no outward connections
Discovery c10c2b6c analyze squashes time 958ms found 4 candidates, Summary: 387a76c6-268c-4a43-a89f-23a63647fd41 LOGISTIC -> BENT_IDENTITY improved: 4.2% error: 140.1702 -> 134.3231,output-2 LeakyReLU -> LogSigmoid improved: 34.0% error: 1.4437 -> 0.9526,output-0 LOGISTIC -> LogSigmoid improved: 30.3% error: 387.1293 -> 270.0066,cc590223-9b44-4ad4-b0a3-9863b1f15ac4 HARD_TANH -> SINE improved: 10.7% error: 29.0766 -> 25.9741
Training 3615cc4e with 1 binary file, target error: 0.000001, iterations: 1, sample rate: 100%, sparse: 100%
Discovery 3615cc4e with 1 binary files, sample rate: 100%, batch size: 512
Discovery 3615cc4e initialize time 88ms
Discovery 3615cc4e processing .trainData-fx_c_88/USDGBP/data.bin
Discovery 3615cc4e read time 2ms for .trainData-fx_c_88/USDGBP/data.bin with 3359 records
Over populated 54, expected 50.
Discovery 3615cc4e scanning time 1s 69ms
Discovery 3615cc4e recorded time 2s 59ms
compactUnused hidden neuron 9604255f has no outward connections
Generation 60 score 0.9979240741517448  error 0.0020644849837395908 avg time 1s 866ms
Training a854bdfb with 1 binary file, target error: 0.000001, iterations: 1, sample rate: 100%, sparse: 100%
Fine tuning increased fitness by 1.3444590085676111e-7 to 0.9979243132464157 adjusted 20 weights, 2 biases 
compactUnused hidden neuron 9604255f has no outward connections
Training 3525e053 with 1 binary file, target error: 0.000001, iterations: 1, sample rate: 100%, sparse: 100%
Fine tuning increased fitness by 3.3041203151285004e-7 to 0.9979248571443656 adjusted 15 weights, 1 bias 
compactUnused hidden neuron 9604255f has no outward connections
Training 932f02c6 with 1 binary file, target error: 0.000001, iterations: 1, sample rate: 100%, sparse: 100%
Fine tuning increased fitness by 6.190008468021091e-7 to 0.9979254761452124 adjusted 18 weights, 2 biases 
compactUnused hidden neuron 9604255f has no outward connections
Training 8495def7 with 1 binary file, target error: 0.000001, iterations: 1, sample rate: 100%, sparse: 100%
Fine tuning increased fitness by 0.00000177602935513832 to 0.9979289345390864 adjusted 18 weights, 2 biases 
compactUnused hidden neuron 9604255f has no outward connections
Training 61fedf94 with 1 binary file, target error: 0.000001, iterations: 1, sample rate: 100%, sparse: 100%
Over populated 52, expected 50.
Fine tuning increased fitness by 1.0763253144308038e-7 to 0.9979290597277016 adjusted 256 weights, 4 biases 
compactUnused hidden neuron 9604255f has no outward connections
Discovered beneficial synapse from input-64 to cc590223-9b44-4ad4-b0a3-9863b1f15ac4 with weight 1.0000, helping 35.4% more records than it harms (1922/3359)
Discovery 3615cc4e analyze time 17s 242ms found 1 candidates
Generation 70 score 0.9979290597277016  error 0.002059499407741413 avg time 1s 693ms
Training f71c3cfd with 1 binary file, target error: 0.000001, iterations: 1, sample rate: 100%, sparse: 100%
Discovered harmful synapse from input-382 to output-2, harming 32.1% more records than it helps (1141/3359)
Discovery 3615cc4e analyze harmful time 1s 120ms found 1 candidates
Discovery 3615cc4e analyze squashes time 720ms found 3 candidates, Summary: output-0 LOGISTIC -> LogSigmoid improved: 30.2% error: 393.0106 -> 274.1485,cc590223-9b44-4ad4-b0a3-9863b1f15ac4 HARD_TANH -> SINE improved: 10.3% error: 29.7286 -> 26.6670,387a76c6-268c-4a43-a89f-23a63647fd41 LOGISTIC -> BENT_IDENTITY improved: 5.7% error: 54.1613 -> 51.0811
Over populated 52, expected 50.
Discovery 189ea01d with 1 binary files, sample rate: 100%, batch size: 512
Discovery 189ea01d initialize time 88ms
Discovery 189ea01d processing .trainData-fx_c_88/USDGBP/data.bin
compactUnused hidden neuron 9604255f has no outward connections
Discovery 189ea01d read time 7ms for .trainData-fx_c_88/USDGBP/data.bin with 3359 records
Discovery 189ea01d scanning time 1s 77ms
Over populated 53, expected 50.
Training 98897e4b with 1 binary file, target error: 0.000001, iterations: 1, sample rate: 100%, sparse: 100%
Fine tuning increased fitness by 1.2960544082396552e-8 to 0.9979294174699469 adjusted 447 weights, 9 biases 
Discovery 189ea01d recorded time 2s 29ms
compactUnused hidden neuron 9604255f has no outward connections
Training 7d7844ee with 1 binary file, target error: 0.000001, iterations: 1, sample rate: 100%, sparse: 100%
Fine tuning increased fitness by 0.00000305527339072853 to 0.997937603698234 adjusted 414 weights, 9 biases 
Over populated 52, expected 50.
Fine tuning increased fitness by 5.732671427560732e-7 to 0.9979381769653768 adjusted 414 weights, 9 biases 
compactUnused hidden neuron 9604255f has no outward connections
Training 69430e84 with 1 binary file, target error: 0.000001, iterations: 1, sample rate: 100%, sparse: 100%
Remove neuron 25649712-a861-4405-8769-3308f895c778 as no longer connected
Over populated 52, expected 50.
Fine tuning increased fitness by 4.960726185387898e-8 to 0.9979387241888801 adjusted 409 weights, 9 biases 
compactUnused hidden neuron 9604255f has no outward connections
Training 31d8bf05 with 1 binary file, target error: 0.000001, iterations: 1, sample rate: 100%, sparse: 100%
Fine tuning increased fitness by 1.0539888795069174e-7 to 0.997938829587768 adjusted 409 weights, 9 biases 
Over populated 52, expected 50.
Discovered beneficial synapse from input-64 to cc590223-9b44-4ad4-b0a3-9863b1f15ac4 with weight 1.0000, helping 35.3% more records than it harms (1922/3359)
Discovery 189ea01d analyze time 13s 13ms found 1 candidates
Fine tuning increased fitness by 2.467464736977121e-7 to 0.9979390763342417 adjusted 409 weights, 9 biases 
compactUnused hidden neuron 9604255f has no outward connections
Discovered harmful synapse from input-382 to output-2, harming 30.2% more records than it helps (1172/3359)
Discovery 189ea01d analyze harmful time 1s 109ms found 1 candidates
Generation 80 score 0.9979390763342417  error 0.0020494728024540083 avg time 1s 892ms
Training f1d6d7bf with 1 binary file, target error: 0.000001, iterations: 1, sample rate: 100%, sparse: 100%
Discovery 189ea01d analyze squashes time 666ms found 3 candidates, Summary: output-2 LeakyReLU -> LogSigmoid improved: 33.9% error: 1.4407 -> 0.9519,cc590223-9b44-4ad4-b0a3-9863b1f15ac4 HARD_TANH -> SINE improved: 10.4% error: 29.8354 -> 26.7397,output-0 LOGISTIC -> LogSigmoid improved: 30.2% error: 393.0106 -> 274.1485
Over populated 52, expected 50.
Fine tuning increased fitness by 1.2821344674840418e-7 to 0.997939356256194 adjusted 409 weights, 9 biases 
compactUnused hidden neuron 9604255f has no outward connections
Fine tuning increased fitness by 6.444128408666927e-8 to 0.9979394206974781 adjusted 409 weights, 9 biases 
Over populated 52, expected 50.
Fine tuning increased fitness by 1.9916095217453744e-7 to 0.9979397238621003 adjusted 405 weights, 9 biases 
Fine tuning increased fitness by 2.692647018687211e-7 to 0.9979401767175438 adjusted 405 weights, 9 biases 
Generation 90 score 0.9979413380216041  error 0.002047211115034788 avg time 1s 759ms
Fine tuning increased fitness by 3.1033006309133526e-7 to 0.9979429552123398 adjusted 57 weights, 5 biases 
Fine tuning increased fitness by 2.4736112402834465e-7 to 0.9979432025734638 adjusted 57 weights, 5 biases 
Generation 98 score 0.9979437517264662  error 0.002044797410209681 avg time 1s 385ms
{
  error: 0.002044797410209681,
  score: 0.9979437517264662,
  generation: 98,
  time: 180152
}

=== Processing USDRUB (6/10) ===
2 mutations, mutation rate 15.5%, elitism 6, mutation ALL, selection TOURNAMENT
Creature count: 50
Culling duplicate creature at 33 of 51
DeDuplication of 1 creatures to 50 in  (previous experiment )
Training 66c2145e with 1 binary file, target error: 0.000001, iterations: 1, sample rate: 100%, sparse: 100%
Discovery 66c2145e with 1 binary files, sample rate: 100%, batch size: 512
Discovery 66c2145e initialize time 87ms
Discovery 66c2145e processing .trainData-fx_c_88/USDRUB/data.bin
Discovery 66c2145e read time 7ms for .trainData-fx_c_88/USDRUB/data.bin with 2970 records
Discovery 66c2145e scanning time 960ms
compactUnused hidden neuron e2df8b96 has no outward connections
Training f9d0919f with 1 binary file, target error: 0.000001, iterations: 1, sample rate: 100%, sparse: 100%
Discovery 66c2145e recorded time 1s 626ms
Fine tuning increased fitness by 6.977414888087452e-7 to 0.9914263881188417 adjusted 904 weights, 11 biases 
Over populated 52, expected 50.
compactUnused hidden neuron e2df8b96 has no outward connections
Fine tuning increased fitness by 7.472697793886596e-8 to 0.9914264628458196 adjusted 904 weights, 11 biases 
Training 98a4cc26 with 1 binary file, target error: 0.000001, iterations: 1, sample rate: 100%, sparse: 100%
compactUnused hidden neuron e2df8b96 has no outward connections
Training 5eb949fe with 1 binary file, target error: 0.000001, iterations: 1, sample rate: 100%, sparse: 100%
Fine tuning increased fitness by 0.00000678066547099565 to 0.9914451307419935 adjusted 878 weights, 11 biases 
Over populated 52, expected 50.
compactUnused hidden neuron e2df8b96 has no outward connections
Training 707ac4e7 with 1 binary file, target error: 0.000001, iterations: 1, sample rate: 100%, sparse: 100%
compactUnused hidden neuron e2df8b96 has no outward connections
Training ed296bb4 with 1 binary file, target error: 0.000001, iterations: 1, sample rate: 100%, sparse: 100%
compactUnused hidden neuron e2df8b96 has no outward connections
Training 37fbb312 with 1 binary file, target error: 0.000001, iterations: 1, sample rate: 100%, sparse: 100%
Fine tuning increased fitness by 0.000004088395471169015 to 0.9914592619833152 adjusted 857 weights, 11 biases 
Over populated 52, expected 50.
Discovered beneficial synapse from input-1295 to output-0 with weight 1.0000, helping 47.1% more records than it harms (2116/2970)
Discovery 66c2145e analyze time 12s 166ms found 1 candidates
compactUnused hidden neuron e2df8b96 has no outward connections
Discovered harmful synapse from input-772 to output-0, harming 34.0% more records than it helps (0/2970)
Discovery 66c2145e analyze harmful time 291ms found 1 candidates
Training ea5d1d88 with 1 binary file, target error: 0.000001, iterations: 1, sample rate: 100%, sparse: 100%
Fine tuning increased fitness by 7.749581744098677e-7 to 0.9914600369414897 adjusted 857 weights, 11 biases 
Discovery 66c2145e analyze squashes time 376ms found 0 candidates
compactUnused hidden neuron e2df8b96 has no outward connections
Training 3daac2f6 with 1 binary file, target error: 0.000001, iterations: 1, sample rate: 100%, sparse: 100%
Fine tuning increased fitness by 9.657824063813436e-7 to 0.991461002723896 adjusted 857 weights, 11 biases 
Discovery 3daac2f6 with 1 binary files, sample rate: 100%, batch size: 512
Discovery 3daac2f6 initialize time 89ms
Discovery 3daac2f6 processing .trainData-fx_c_88/USDRUB/data.bin
Discovery 3daac2f6 read time 8ms for .trainData-fx_c_88/USDRUB/data.bin with 2970 records
Discovery 3daac2f6 scanning time 956ms
Over populated 52, expected 50.
Generation 10 score 0.991461002723896  error 0.00852804630667613 avg time 1s 811ms
compactUnused hidden neuron e2df8b96 has no outward connections
Training 2d0eb0fa with 1 binary file, target error: 0.000001, iterations: 1, sample rate: 100%, sparse: 100%
Discovery 3daac2f6 recorded time 1s 706ms
compactUnused hidden neuron e2df8b96 has no outward connections
Training 59325d4d with 1 binary file, target error: 0.000001, iterations: 1, sample rate: 100%, sparse: 100%
compactUnused hidden neuron e2df8b96 has no outward connections
Fine tuning increased fitness by 0.0000010538541389548683 to 0.9914643755119654 adjusted 788 weights, 10 biases 
Training c208b9e1 with 1 binary file, target error: 0.000001, iterations: 1, sample rate: 100%, sparse: 100%
Fine tuning increased fitness by 0.000001997453593971521 to 0.9914663729655594 adjusted 783 weights, 10 biases 
Over populated 52, expected 50.
compactUnused hidden neuron e2df8b96 has no outward connections
Training 7803da52 with 1 binary file, target error: 0.000001, iterations: 1, sample rate: 100%, sparse: 100%
compactUnused hidden neuron e2df8b96 has no outward connections
Training 84a88500 with 1 binary file, target error: 0.000001, iterations: 1, sample rate: 100%, sparse: 100%
Over populated 52, expected 50.
compactUnused hidden neuron e2df8b96 has no outward connections
Training dd497ab7 with 1 binary file, target error: 0.000001, iterations: 1, sample rate: 100%, sparse: 100%
Over populated 52, expected 50.
compactUnused hidden neuron e2df8b96 has no outward connections
Training e8aef3ee with 1 binary file, target error: 0.000001, iterations: 1, sample rate: 100%, sparse: 100%
Fine tuning increased fitness by 1.2179014452495807e-7 to 0.9914689414924771 adjusted 908 weights, 11 biases 
Discovered beneficial synapse from input-1295 to output-0 with weight 1.0000, helping 46.6% more records than it harms (2103/2970)
Discovery 3daac2f6 analyze time 12s 648ms found 1 candidates
Over populated 52, expected 50.
compactUnused hidden neuron e2df8b96 has no outward connections
Discovered harmful synapse from input-772 to output-0, harming 33.7% more records than it helps (0/2970)
Discovery 3daac2f6 analyze harmful time 1s 333ms found 1 candidates
Training 9392a5b6 with 1 binary file, target error: 0.000001, iterations: 1, sample rate: 100%, sparse: 100%
Discovery 3daac2f6 analyze squashes time 533ms found 0 candidates
Over populated 52, expected 50.
compactUnused hidden neuron e2df8b96 has no outward connections
Training 5065ed64 with 1 binary file, target error: 0.000001, iterations: 1, sample rate: 100%, sparse: 100%
Discovery 5065ed64 with 1 binary files, sample rate: 100%, batch size: 512
Discovery 5065ed64 initialize time 89ms
Discovery 5065ed64 processing .trainData-fx_c_88/USDRUB/data.bin
Discovery 5065ed64 read time 4ms for .trainData-fx_c_88/USDRUB/data.bin with 2970 records
Discovery 5065ed64 scanning time 900ms
Over populated 52, expected 50.
Generation 20 score 0.9915847340858726  error 0.008404454944579616 avg time 1s 761ms
compactUnused hidden neuron e2df8b96 has no outward connections
Training dc3584f2 with 1 binary file, target error: 0.000001, iterations: 1, sample rate: 100%, sparse: 100%
Discovery 5065ed64 recorded time 1s 732ms
compactUnused hidden neuron e2df8b96 has no outward connections
Training 1f74b5b0 with 1 binary file, target error: 0.000001, iterations: 1, sample rate: 100%, sparse: 100%
Fine tuning increased fitness by 0.0000011598882450059023 to 0.991607020917702 adjusted 305 weights, 7 biases 
compactUnused hidden neuron e2df8b96 has no outward connections
Training 4338f5ab with 1 binary file, target error: 0.000001, iterations: 1, sample rate: 100%, sparse: 100%
Over populated 52, expected 50.
compactUnused hidden neuron e2df8b96 has no outward connections
Training dce0a065 with 1 binary file, target error: 0.000001, iterations: 1, sample rate: 100%, sparse: 100%
compactUnused hidden neuron e2df8b96 has no outward connections
Training 41c57e73 with 1 binary file, target error: 0.000001, iterations: 1, sample rate: 100%, sparse: 100%
Over populated 52, expected 50.
compactUnused hidden neuron e2df8b96 has no outward connections
Training fa03207e with 1 binary file, target error: 0.000001, iterations: 1, sample rate: 100%, sparse: 100%
Fine tuning increased fitness by 3.7616288428576894e-7 to 0.9916193255272729 adjusted 572 weights, 9 biases 
Over populated 52, expected 50.
Discovered beneficial synapse from input-1295 to output-0 with weight 1.0000, helping 45.9% more records than it harms (2079/2970)
Discovery 5065ed64 analyze time 11s 745ms found 1 candidates
compactUnused hidden neuron e2df8b96 has no outward connections
Discovered harmful synapse from input-772 to output-0, harming 32.7% more records than it helps (0/2970)
Discovery 5065ed64 analyze harmful time 380ms found 1 candidates
Discovery 5065ed64 analyze squashes time 369ms found 0 candidates
Training 38ae7549 with 1 binary file, target error: 0.000001, iterations: 1, sample rate: 100%, sparse: 100%
Discovery 38ae7549 with 1 binary files, sample rate: 100%, batch size: 512
Discovery 38ae7549 initialize time 88ms
Discovery 38ae7549 processing .trainData-fx_c_88/USDRUB/data.bin
Discovery 38ae7549 read time 7ms for .trainData-fx_c_88/USDRUB/data.bin with 2970 records
Discovery 38ae7549 scanning time 915ms
compactUnused hidden neuron e2df8b96 has no outward connections
Training 8d2a13d4 with 1 binary file, target error: 0.000001, iterations: 1, sample rate: 100%, sparse: 100%
Discovery 38ae7549 recorded time 1s 687ms
Over populated 52, expected 50.
Generation 30 score 0.9916218143191159  error 0.008367204711522426 avg time 1s 734ms
compactUnused hidden neuron e2df8b96 has no outward connections
Training d524261e with 1 binary file, target error: 0.000001, iterations: 1, sample rate: 100%, sparse: 100%
compactUnused hidden neuron e2df8b96 has no outward connections
Training 3528f307 with 1 binary file, target error: 0.000001, iterations: 1, sample rate: 100%, sparse: 100%
Fine tuning increased fitness by 0.000003480315361237274 to 0.9916289896610384 adjusted 417 weights, 6 biases 
Over populated 52, expected 50.
compactUnused hidden neuron e2df8b96 has no outward connections
Fine tuning increased fitness by 0.0000016825650174245865 to 0.9916306722260558 adjusted 417 weights, 6 biases 
Training 57d903e2 with 1 binary file, target error: 0.000001, iterations: 1, sample rate: 100%, sparse: 100%
Over populated 52, expected 50.
compactUnused hidden neuron e2df8b96 has no outward connections
Training 3fe43650 with 1 binary file, target error: 0.000001, iterations: 1, sample rate: 100%, sparse: 100%
compactUnused hidden neuron e2df8b96 has no outward connections
Training 50e4afa9 with 1 binary file, target error: 0.000001, iterations: 1, sample rate: 100%, sparse: 100%
compactUnused hidden neuron e2df8b96 has no outward connections
Training b993b208 with 1 binary file, target error: 0.000001, iterations: 1, sample rate: 100%, sparse: 100%
Discovered beneficial synapse from input-1295 to output-0 with weight 1.0000, helping 46.5% more records than it harms (2102/2970)
Discovery 38ae7549 analyze time 12s 599ms found 1 candidates
Discovered harmful synapse from input-772 to output-0, harming 33.7% more records than it helps (0/2970)
Discovery 38ae7549 analyze harmful time 367ms found 1 candidates
Over populated 52, expected 50.
Discovery 38ae7549 analyze squashes time 412ms found 0 candidates
compactUnused hidden neuron e2df8b96 has no outward connections
Training ce28d5a1 with 1 binary file, target error: 0.000001, iterations: 1, sample rate: 100%, sparse: 100%
Over populated 52, expected 50.
compactUnused hidden neuron e2df8b96 has no outward connections
Discovery 4380d089 with 1 binary files, sample rate: 100%, batch size: 512
Discovery 4380d089 initialize time 86ms
Discovery 4380d089 processing .trainData-fx_c_88/USDRUB/data.bin
Discovery 4380d089 read time 6ms for .trainData-fx_c_88/USDRUB/data.bin with 2970 records
Discovery 4380d089 scanning time 890ms
Training 40fb7f0a with 1 binary file, target error: 0.000001, iterations: 1, sample rate: 100%, sparse: 100%
Discovery 4380d089 recorded time 1s 607ms
Over populated 52, expected 50.
Generation 40 score 0.9916357143375338  error 0.008353304693100081 avg time 1s 736ms
compactUnused hidden neuron e2df8b96 has no outward connections
Training 499816c7 with 1 binary file, target error: 0.000001, iterations: 1, sample rate: 100%, sparse: 100%
compactUnused hidden neuron e2df8b96 has no outward connections
Training d8b17308 with 1 binary file, target error: 0.000001, iterations: 1, sample rate: 100%, sparse: 100%
compactUnused hidden neuron e2df8b96 has no outward connections
Fine tuning increased fitness by 9.387173885988531e-7 to 0.99163752453036 adjusted 159 weights, 2 biases 
Training 5b4e019c with 1 binary file, target error: 0.000001, iterations: 1, sample rate: 100%, sparse: 100%
compactUnused hidden neuron e2df8b96 has no outward connections
Fine tuning increased fitness by 0.0000023347858273403688 to 0.9916415780535921 adjusted 159 weights, 2 biases 
Training dc0443f0 with 1 binary file, target error: 0.000001, iterations: 1, sample rate: 100%, sparse: 100%
compactUnused hidden neuron e2df8b96 has no outward connections
Training 3c3a53f5 with 1 binary file, target error: 0.000001, iterations: 1, sample rate: 100%, sparse: 100%
Discovered beneficial synapse from input-1295 to output-0 with weight 1.0000, helping 46.6% more records than it harms (2104/2970)
Discovery 4380d089 analyze time 11s 645ms found 1 candidates
Discovered harmful synapse from input-772 to output-0, harming 33.7% more records than it helps (0/2970)
Discovery 4380d089 analyze harmful time 357ms found 1 candidates
Discovery 4380d089 analyze squashes time 393ms found 0 candidates
compactUnused hidden neuron e2df8b96 has no outward connections
Fine tuning increased fitness by 3.617795600874274e-7 to 0.9916469618840992 adjusted 78 weights, 2 biases 
Discovery f258df00 with 1 binary files, sample rate: 100%, batch size: 512
Discovery f258df00 initialize time 84ms
Discovery f258df00 processing .trainData-fx_c_88/USDRUB/data.bin
Discovery f258df00 read time 1ms for .trainData-fx_c_88/USDRUB/data.bin with 2970 records
Discovery f258df00 scanning time 898ms
Training f99980ed with 1 binary file, target error: 0.000001, iterations: 1, sample rate: 100%, sparse: 100%
Fine tuning increased fitness by 5.260882135482703e-7 to 0.9916474879723127 adjusted 78 weights, 2 biases 
Discovery f258df00 recorded time 1s 549ms
compactUnused hidden neuron e2df8b96 has no outward connections
Fine tuning increased fitness by 7.383485677303625e-7 to 0.9916482263208805 adjusted 78 weights, 2 biases 
Generation 50 score 0.9916482263208805  error 0.00834079270975027 avg time 1s 630ms
Training d29f4206 with 1 binary file, target error: 0.000001, iterations: 1, sample rate: 100%, sparse: 100%
Fine tuning increased fitness by 0.0000014817695542790332 to 0.9916497080904347 adjusted 78 weights, 2 biases 
compactUnused hidden neuron e2df8b96 has no outward connections
Fine tuning increased fitness by 0.0000025549094788690496 to 0.9916522629999136 adjusted 78 weights, 2 biases 
Training 5652c741 with 1 binary file, target error: 0.000001, iterations: 1, sample rate: 100%, sparse: 100%
Fine tuning increased fitness by 0.000004057029355797326 to 0.9916603172479639 adjusted 78 weights, 2 biases 
compactUnused hidden neuron e2df8b96 has no outward connections
Training af4dde4e with 1 binary file, target error: 0.000001, iterations: 1, sample rate: 100%, sparse: 100%
Fine tuning increased fitness by 5.811316873272077e-7 to 0.9916608983796512 adjusted 78 weights, 2 biases 
compactUnused hidden neuron e2df8b96 has no outward connections
Training f3070aca with 1 binary file, target error: 0.000001, iterations: 1, sample rate: 100%, sparse: 100%
Discovered beneficial synapse from input-1295 to output-0 with weight 1.0000, helping 46.7% more records than it harms (2106/2970)
Discovery f258df00 analyze time 12s 501ms found 1 candidates
Discovered harmful synapse from input-772 to output-0, harming 33.8% more records than it helps (0/2970)
Discovery f258df00 analyze harmful time 373ms found 1 candidates
Discovery f258df00 analyze squashes time 225ms found 0 candidates
compactUnused hidden neuron e2df8b96 has no outward connections
Training 685d6d2a with 1 binary file, target error: 0.000001, iterations: 1, sample rate: 100%, sparse: 100%
Discovery 685d6d2a with 1 binary files, sample rate: 100%, batch size: 512
Discovery 685d6d2a initialize time 84ms
Discovery 685d6d2a processing .trainData-fx_c_88/USDRUB/data.bin
Discovery 685d6d2a read time 5ms for .trainData-fx_c_88/USDRUB/data.bin with 2970 records
Discovery 685d6d2a scanning time 916ms
compactUnused hidden neuron e2df8b96 has no outward connections
Training 17e3a41a with 1 binary file, target error: 0.000001, iterations: 1, sample rate: 100%, sparse: 100%
Discovery 685d6d2a recorded time 1s 693ms
Fine tuning increased fitness by 0.0000051341671232219 to 0.9916813477764521 adjusted 403 weights, 7 biases 
compactUnused hidden neuron e2df8b96 has no outward connections
Generation 60 score 0.991681787736264  error 0.008307231294352267 avg time 1s 598ms
Training a9341f90 with 1 binary file, target error: 0.000001, iterations: 1, sample rate: 100%, sparse: 100%
compactUnused hidden neuron e2df8b96 has no outward connections
Training 27c76616 with 1 binary file, target error: 0.000001, iterations: 1, sample rate: 100%, sparse: 100%
compactUnused hidden neuron e2df8b96 has no outward connections
Training 0162a236 with 1 binary file, target error: 0.000001, iterations: 1, sample rate: 100%, sparse: 100%
Fine tuning increased fitness by 1.3196214332378275e-7 to 0.9916855639226703 adjusted 541 weights, 11 biases 
Over populated 52, expected 50.
compactUnused hidden neuron e2df8b96 has no outward connections
Training a6e7ef23 with 1 binary file, target error: 0.000001, iterations: 1, sample rate: 100%, sparse: 100%
Fine tuning increased fitness by 1.2012376604531028e-7 to 0.9916856840464363 adjusted 541 weights, 11 biases 
compactUnused hidden neuron e2df8b96 has no outward connections
Training 6031491a with 1 binary file, target error: 0.000001, iterations: 1, sample rate: 100%, sparse: 100%
Fine tuning increased fitness by 1.4778763390843608e-7 to 0.9916858318340702 adjusted 541 weights, 11 biases 
compactUnused hidden neuron e2df8b96 has no outward connections
Discovered beneficial synapse from input-1295 to output-0 with weight 1.0000, helping 46.5% more records than it harms (2099/2970)
Discovery 685d6d2a analyze time 12s 583ms found 1 candidates
Discovered harmful synapse from input-772 to output-0, harming 33.5% more records than it helps (0/2970)
Discovery 685d6d2a analyze harmful time 367ms found 1 candidates
Discovery 685d6d2a analyze squashes time 443ms found 0 candidates
Training 9858a4bd with 1 binary file, target error: 0.000001, iterations: 1, sample rate: 100%, sparse: 100%
Over populated 52, expected 50.
compactUnused hidden neuron e2df8b96 has no outward connections
Training 3e6fd108 with 1 binary file, target error: 0.000001, iterations: 1, sample rate: 100%, sparse: 100%
Discovery 3e6fd108 with 1 binary files, sample rate: 100%, batch size: 512
Discovery 3e6fd108 initialize time 84ms
Discovery 3e6fd108 processing .trainData-fx_c_88/USDRUB/data.bin
Discovery 3e6fd108 read time 3ms for .trainData-fx_c_88/USDRUB/data.bin with 2970 records
Discovery 3e6fd108 scanning time 910ms
Over populated 54, expected 50.
compactUnused hidden neuron e2df8b96 has no outward connections
Training e64fdb40 with 1 binary file, target error: 0.000001, iterations: 1, sample rate: 100%, sparse: 100%
Discovery 3e6fd108 recorded time 1s 731ms
Fine tuning increased fitness by 2.765574217411526e-7 to 0.9916867539540978 adjusted 529 weights, 11 biases 
Over populated 52, expected 50.
compactUnused hidden neuron e2df8b96 has no outward connections
Training b7b63299 with 1 binary file, target error: 0.000001, iterations: 1, sample rate: 100%, sparse: 100%
Fine tuning increased fitness by 2.1061577626380057e-7 to 0.991686964569874 adjusted 529 weights, 11 biases 
Over populated 52, expected 50.
Generation 70 score 0.991686964569874  error 0.008302054460756287 avg time 1s 742ms
compactUnused hidden neuron e2df8b96 has no outward connections
Training 0980e95f with 1 binary file, target error: 0.000001, iterations: 1, sample rate: 100%, sparse: 100%
Fine tuning increased fitness by 1.2317193398558857e-7 to 0.991687087741808 adjusted 529 weights, 11 biases 
Over populated 52, expected 50.
compactUnused hidden neuron e2df8b96 has no outward connections
Training 5cd109df with 1 binary file, target error: 0.000001, iterations: 1, sample rate: 100%, sparse: 100%
Over populated 52, expected 50.
compactUnused hidden neuron e2df8b96 has no outward connections
Training 6afb60f9 with 1 binary file, target error: 0.000001, iterations: 1, sample rate: 100%, sparse: 100%
Over populated 52, expected 50.
compactUnused hidden neuron e2df8b96 has no outward connections
Training fcaa2534 with 1 binary file, target error: 0.000001, iterations: 1, sample rate: 100%, sparse: 100%
Fine tuning increased fitness by 7.323257821267859e-7 to 0.9916887438734161 adjusted 462 weights, 10 biases 
Over populated 52, expected 50.
compactUnused hidden neuron e2df8b96 has no outward connections
Fine tuning increased fitness by 7.13750565317639e-7 to 0.9916894576239814 adjusted 462 weights, 10 biases 
Training b0e67568 with 1 binary file, target error: 0.000001, iterations: 1, sample rate: 100%, sparse: 100%
Fine tuning increased fitness by 4.1143681916988584e-7 to 0.9916898690608006 adjusted 462 weights, 10 biases 
Discovered beneficial synapse from input-1295 to output-0 with weight 1.0000, helping 46.1% more records than it harms (2087/2970)
Discovery 3e6fd108 analyze time 12s 768ms found 1 candidates
Discovered harmful synapse from input-772 to output-0, harming 33.1% more records than it helps (0/2970)
Discovery 3e6fd108 analyze harmful time 373ms found 1 candidates
Discovery 3e6fd108 analyze squashes time 218ms found 0 candidates
compactUnused hidden neuron e2df8b96 has no outward connections
Fine tuning increased fitness by 1.7915414152192e-8 to 0.9916898869762147 adjusted 462 weights, 10 biases 
Discovery 606650e5 with 1 binary files, sample rate: 100%, batch size: 512
Discovery 606650e5 initialize time 85ms
Discovery 606650e5 processing .trainData-fx_c_88/USDRUB/data.bin
Discovery 606650e5 read time 5ms for .trainData-fx_c_88/USDRUB/data.bin with 2970 records
Discovery 606650e5 scanning time 877ms
Training 91b44dc3 with 1 binary file, target error: 0.000001, iterations: 1, sample rate: 100%, sparse: 100%
Discovery 606650e5 recorded time 1s 590ms
compactUnused hidden neuron e2df8b96 has no outward connections
Training 10db28c6 with 1 binary file, target error: 0.000001, iterations: 1, sample rate: 100%, sparse: 100%
Over populated 52, expected 50.
Generation 80 score 0.9916905397249656  error 0.008298479305664389 avg time 1s 721ms
compactUnused hidden neuron e2df8b96 has no outward connections
Training 4fa7d40a with 1 binary file, target error: 0.000001, iterations: 1, sample rate: 100%, sparse: 100%
Over populated 52, expected 50.
compactUnused hidden neuron e2df8b96 has no outward connections
Training 9c30b4c9 with 1 binary file, target error: 0.000001, iterations: 1, sample rate: 100%, sparse: 100%
Fine tuning increased fitness by 1.509863016835311e-7 to 0.9916907499495701 adjusted 391 weights, 9 biases 
Over populated 52, expected 50.
compactUnused hidden neuron e2df8b96 has no outward connections
Training e69af50a with 1 binary file, target error: 0.000001, iterations: 1, sample rate: 100%, sparse: 100%
Over populated 52, expected 50.
compactUnused hidden neuron e2df8b96 has no outward connections
Training 20c20b8d with 1 binary file, target error: 0.000001, iterations: 1, sample rate: 100%, sparse: 100%
Fine tuning increased fitness by 7.81018471007755e-8 to 0.9916910251600077 adjusted 352 weights, 8 biases 
Discovered beneficial synapse from input-1295 to output-0 with weight 1.0000, helping 45.8% more records than it harms (2081/2970)
Discovery 606650e5 analyze time 11s 754ms found 1 candidates
Discovered harmful synapse from input-772 to output-0, harming 33.0% more records than it helps (0/2970)
Discovery 606650e5 analyze harmful time 316ms found 1 candidates
compactUnused hidden neuron e2df8b96 has no outward connections
Training 3808ec0a with 1 binary file, target error: 0.000001, iterations: 1, sample rate: 100%, sparse: 100%
Training e69af50a increased fitness by 1.321113084484793e-7 to 0.9916911572713162
Discovery 606650e5 analyze squashes time 215ms found 0 candidates
compactUnused hidden neuron e2df8b96 has no outward connections
Training 43ab107e with 1 binary file, target error: 0.000001, iterations: 1, sample rate: 100%, sparse: 100%
Discovery 43ab107e with 1 binary files, sample rate: 100%, batch size: 512
Discovery 43ab107e initialize time 86ms
Discovery 43ab107e processing .trainData-fx_c_88/USDRUB/data.bin
Discovery 43ab107e read time 6ms for .trainData-fx_c_88/USDRUB/data.bin with 2970 records
Discovery 43ab107e scanning time 928ms
Over populated 54, expected 50.
Discovery 43ab107e recorded time 1s 700ms
Fine tuning increased fitness by 5.610664852717662e-7 to 0.9916966648051687 adjusted 588 weights, 6 biases 
Generation 90 score 0.991697620322346  error 0.00829139870828406 avg time 1s 738ms
Fine tuning increased fitness by 0.0000014430719690317062 to 0.991699063394315 adjusted 572 weights, 6 biases 
Fine tuning increased fitness by 0.0000015317542831905229 to 0.9917005951485982 adjusted 554 weights, 6 biases 
Discovered beneficial synapse from input-1295 to output-0 with weight 1.0000, helping 45.7% more records than it harms (2079/2970)
Discovery 43ab107e analyze time 11s 686ms found 1 candidates
Fine tuning increased fitness by 3.1548571577388884e-7 to 0.9917010824155428 adjusted 410 weights, 6 biases 
Discovered harmful synapse from input-772 to output-0, harming 33.0% more records than it helps (0/2970)
Discovery 43ab107e analyze harmful time 383ms found 1 candidates
Discovery 43ab107e analyze squashes time 611ms found 0 candidates
Fine tuning increased fitness by 0.0000017731880526117294 to 0.9917051402665791 adjusted 427 weights, 6 biases 
Fine tuning increased fitness by 0.000006692387338191885 to 0.9917223984306209 adjusted 417 weights, 6 biases 
Generation 100 score 0.9917223984306209  error 0.00826661060003661 avg time 1s 624ms
Fine tuning increased fitness by 1.7994275480770483e-7 to 0.9917225783733757 adjusted 417 weights, 6 biases 
Fine tuning increased fitness by 9.49747934075873e-7 to 0.9917235281213098 adjusted 417 weights, 6 biases 
Fine tuning increased fitness by 0.000002174986795111522 to 0.9917257031081049 adjusted 417 weights, 6 biases 
Fine tuning increased fitness by 0.000002783765627567547 to 0.9917284868737325 adjusted 417 weights, 6 biases 
Generation 106 score 0.9917335527414828  error 0.008255456289175267 avg time 945ms
{
  error: 0.008255456289175267,
  score: 0.9917335527414828,
  generation: 106,
  time: 180531
}

=== Processing USDNOK (7/10) ===
1 mutation, mutation rate 5.0%, elitism 3, mutation FFW, selection POWER
Creature count: 50
Culling duplicate creature at 46 of 51
DeDuplication of 1 creatures to 50 in  (previous experiment )
Training 1aadea07 with 1 binary file, target error: 0.000001, iterations: 1, sample rate: 100%, sparse: 100%
Discovery 1aadea07 with 1 binary files, sample rate: 100%, batch size: 512
Discovery 1aadea07 initialize time 88ms
Discovery 1aadea07 processing .trainData-fx_c_88/USDNOK/data.bin
Discovery 1aadea07 read time 5ms for .trainData-fx_c_88/USDNOK/data.bin with 2786 records
Discovery 1aadea07 scanning time 941ms
Discovery 1aadea07 recorded time 1s 716ms
Training 1b7ea32f with 1 binary file, target error: 0.000001, iterations: 1, sample rate: 100%, sparse: 100%
Fine tuning increased fitness by 0.0000010773882186398964 to 0.9979108933724511 adjusted 308 weights, 11 biases 
Over populated 52, expected 50.
Training 8ce6c01d with 1 binary file, target error: 0.000001, iterations: 1, sample rate: 100%, sparse: 100%
Training e09bb636 with 1 binary file, target error: 0.000001, iterations: 1, sample rate: 100%, sparse: 100%
Fine tuning increased fitness by 4.010293801481879e-7 to 0.9979115366714598 adjusted 117 weights, 2 biases 
Training 04188692 with 1 binary file, target error: 0.000001, iterations: 1, sample rate: 100%, sparse: 100%
Generation 10 score 0.9979134610094247  error 0.0020752581388638397 avg time 1s 639ms
Training f79c01e0 with 1 binary file, target error: 0.000001, iterations: 1, sample rate: 100%, sparse: 100%
Fine tuning increased fitness by 1.0566707031589573e-7 to 0.997913566676495 adjusted 324 weights, 4 biases 
Training 95a5d8cc with 1 binary file, target error: 0.000001, iterations: 1, sample rate: 100%, sparse: 100%
Fine tuning increased fitness by 1.4017729199622408e-9 to 0.9979135686783129 adjusted 211 weights, 2 biases 
Fine tuning increased fitness by 1.6294823268481196e-9 to 0.9979135703077953 adjusted 211 weights, 2 biases 
Training 943fad36 with 1 binary file, target error: 0.000001, iterations: 1, sample rate: 100%, sparse: 100%
Discovered beneficial synapse from input-83 to output-2 with weight -1.0000, helping 32.8% more records than it harms (1850/2786)
Discovery 1aadea07 analyze time 23s 45ms found 1 candidates
Discovered harmful synapse from input-48 to output-2, harming 30.4% more records than it helps (969/2786)
Discovery 1aadea07 analyze harmful time 583ms found 1 candidates
Training 64298f52 with 1 binary file, target error: 0.000001, iterations: 1, sample rate: 100%, sparse: 100%
Discovery 1aadea07 analyze squashes time 615ms found 3 candidates, Summary: output-0 LOGISTIC -> BENT_IDENTITY improved: 8.5% error: 338.8225 -> 310.1381,output-2 LeakyReLU -> BIPOLAR improved: 13.4% error: 1.8187 -> 1.5758,cf780906-0433-4bd3-8ac4-91b5c6dfcfa2 HARD_TANH -> ABSOLUTE improved: 19.4% error: 2.3945 -> 1.9302
Fine tuning increased fitness by 1.4010212323611881e-8 to 0.9979136186830554 adjusted 310 weights, 6 biases 
Discovery 3e8f0a20 with 1 binary files, sample rate: 100%, batch size: 512
Discovery 3e8f0a20 initialize time 86ms
Discovery 3e8f0a20 processing .trainData-fx_c_88/USDNOK/data.bin
Discovery 3e8f0a20 read time 4ms for .trainData-fx_c_88/USDNOK/data.bin with 2786 records
Discovery 3e8f0a20 scanning time 908ms
Training 02fbf89b with 1 binary file, target error: 0.000001, iterations: 1, sample rate: 100%, sparse: 100%
Discovery 1aadea07 beneficial increased fitness by 2.3292341722047638e-8 to 0.99791366492849
Discovery 3e8f0a20 recorded time 1s 658ms
Generation 20 score 0.9979137195524495  error 0.0020749895958351934 avg time 1s 612ms
Training be1899e9 with 1 binary file, target error: 0.000001, iterations: 1, sample rate: 100%, sparse: 100%
Fine tuning increased fitness by 1.1290804635688545e-7 to 0.9979138324604958 adjusted 42 weights 
Fine tuning increased fitness by 1.3581215452251882e-7 to 0.9979139682726503 adjusted 42 weights 
Training 038cb77e with 1 binary file, target error: 0.000001, iterations: 1, sample rate: 100%, sparse: 100%
Training 37f47823 with 1 binary file, target error: 0.000001, iterations: 1, sample rate: 100%, sparse: 100%
Fine tuning increased fitness by 2.458163639307287e-8 to 0.9979140750828825 adjusted 26 weights 
Discovered beneficial synapse from input-83 to output-2 with weight -1.0000, helping 34.0% more records than it harms (1867/2786)
Discovery 3e8f0a20 analyze time 10s 537ms found 1 candidates
Discovered harmful synapse from input-48 to output-2, harming 30.5% more records than it helps (968/2786)
Discovery 3e8f0a20 analyze harmful time 597ms found 1 candidates
Training c458bd45 with 1 binary file, target error: 0.000001, iterations: 1, sample rate: 100%, sparse: 100%
Fine tuning increased fitness by 8.180585064909707e-8 to 0.9979142029003399 adjusted 26 weights 
Discovery 3e8f0a20 analyze squashes time 431ms found 2 candidates, Summary: output-0 LOGISTIC -> BENT_IDENTITY improved: 8.4% error: 338.2070 -> 309.8242,cf780906-0433-4bd3-8ac4-91b5c6dfcfa2 HARD_TANH -> ABSOLUTE improved: 23.8% error: 2.4576 -> 1.8738
Fine tuning increased fitness by 2.2813911326746705e-7 to 0.9979144310394532 adjusted 42 weights 
Discovery 98d941f9 with 1 binary files, sample rate: 100%, batch size: 512
Discovery 98d941f9 initialize time 86ms
Discovery 98d941f9 processing .trainData-fx_c_88/USDNOK/data.bin
Discovery 98d941f9 read time 5ms for .trainData-fx_c_88/USDNOK/data.bin with 2786 records
Discovery 98d941f9 scanning time 897ms
Training 2176e46e with 1 binary file, target error: 0.000001, iterations: 1, sample rate: 100%, sparse: 100%
Fine tuning increased fitness by 7.611728718437405e-7 to 0.997915192212325 adjusted 42 weights 
Discovery 98d941f9 recorded time 1s 546ms
Fine tuning increased fitness by 0.00000161182064473131 to 0.9979168040329698 adjusted 42 weights 
Generation 30 score 0.9979168040329698  error 0.0020719051151545653 avg time 1s 475ms
Training aa9f52dd with 1 binary file, target error: 0.000001, iterations: 1, sample rate: 100%, sparse: 100%
Fine tuning increased fitness by 4.93264189938003e-7 to 0.9979172972971597 adjusted 42 weights 
Discovered beneficial synapse from input-1295 to output-0 with weight 1.0000, helping 14.2% more records than it harms (1506/2786)
Discovery 98d941f9 analyze time 4s 746ms found 1 candidates
Discovered harmful synapse from input-796 to output-0, harming 18.6% more records than it helps (1050/2786)
Discovery 98d941f9 analyze harmful time 229ms found 1 candidates
Discovery 98d941f9 analyze squashes time 239ms found 1 candidate, Summary: output-0 LOGISTIC -> BENT_IDENTITY improved: 8.4% error: 338.2070 -> 309.8242
Training 4ec89bd2 with 1 binary file, target error: 0.000001, iterations: 1, sample rate: 100%, sparse: 100%
Discovery 4ec89bd2 with 1 binary files, sample rate: 100%, batch size: 512
Discovery 4ec89bd2 initialize time 88ms
Discovery 4ec89bd2 processing .trainData-fx_c_88/USDNOK/data.bin
Discovery 4ec89bd2 read time 9ms for .trainData-fx_c_88/USDNOK/data.bin with 2786 records
Discovery 4ec89bd2 scanning time 940ms
Over populated 55, expected 50.
Discovery 4ec89bd2 recorded time 1s 682ms
Training 5b7f50b3 with 1 binary file, target error: 0.000001, iterations: 1, sample rate: 100%, sparse: 100%
Training d9df3b23 with 1 binary file, target error: 0.000001, iterations: 1, sample rate: 100%, sparse: 100%
Fine tuning increased fitness by 1.0997948018953707e-7 to 0.9979183321562829 adjusted 94 weights 
Training f4bff657 with 1 binary file, target error: 0.000001, iterations: 1, sample rate: 100%, sparse: 100%
Fine tuning increased fitness by 1.5640373218772652e-8 to 0.997918383608337 adjusted 87 weights 
Generation 40 score 0.997918383608337  error 0.0020703255381573594 avg time 1s 541ms
Training 3fcc1dbb with 1 binary file, target error: 0.000001, iterations: 1, sample rate: 100%, sparse: 100%
Fine tuning increased fitness by 2.1397728811045624e-8 to 0.9979184050060658 adjusted 87 weights 
Discovered beneficial synapse from input-1299 to dac00e8f-b90f-4409-8f9c-7c0ff6a03d5c with weight 0.1519, helping 82.1% more records than it harms (2326/2786)
Discovery 4ec89bd2 analyze time 11s 371ms found 1 candidates
Fine tuning increased fitness by 3.0704573106277167e-8 to 0.9979184357106389 adjusted 87 weights 
Discovered harmful synapse from input-48 to output-2, harming 30.5% more records than it helps (968/2786)
Discovery 4ec89bd2 analyze harmful time 614ms found 1 candidates
Discovery 4ec89bd2 analyze squashes time 369ms found 2 candidates, Summary: output-0 LOGISTIC -> BENT_IDENTITY improved: 8.4% error: 338.2070 -> 309.8242,output-2 LeakyReLU -> BIPOLAR improved: 11.1% error: 1.8201 -> 1.6185
Training aca6247e with 1 binary file, target error: 0.000001, iterations: 1, sample rate: 100%, sparse: 100%
Discovery aca6247e with 1 binary files, sample rate: 100%, batch size: 512
Fine tuning increased fitness by 4.6479241899710644e-8 to 0.9979184821898808 adjusted 87 weights 
Discovery aca6247e initialize time 88ms
Discovery aca6247e processing .trainData-fx_c_88/USDNOK/data.bin
Discovery aca6247e read time 9ms for .trainData-fx_c_88/USDNOK/data.bin with 2786 records
Discovery aca6247e scanning time 1s 54ms
Fine tuning increased fitness by 3.809185211700594e-8 to 0.9979185202817329 adjusted 87 weights 
Discovery aca6247e recorded time 1s 574ms
Training 8ba38aa1 with 1 binary file, target error: 0.000001, iterations: 1, sample rate: 100%, sparse: 100%
Fine tuning increased fitness by 3.318961316889357e-8 to 0.9979185534713461 adjusted 87 weights 
Fine tuning increased fitness by 1.2897647172493976e-8 to 0.9979185663689932 adjusted 87 weights 
Training 42e0e000 with 1 binary file, target error: 0.000001, iterations: 1, sample rate: 100%, sparse: 100%
Fine tuning increased fitness by 1.0944391393152841e-8 to 0.99791858387702 adjusted 15 weights 
Discovered beneficial synapse from input-1295 to output-0 with weight 1.0000, helping 14.2% more records than it harms (1506/2786)
Discovery aca6247e analyze time 4s 765ms found 1 candidates
Discovered harmful synapse from input-796 to output-0, harming 18.6% more records than it helps (1050/2786)
Discovery aca6247e analyze harmful time 232ms found 1 candidates
Training 06e5800c with 1 binary file, target error: 0.000001, iterations: 1, sample rate: 100%, sparse: 100%
Discovery aca6247e analyze squashes time 421ms found 2 candidates, Summary: output-0 LOGISTIC -> BENT_IDENTITY improved: 8.4% error: 338.2070 -> 309.8242,output-2 LeakyReLU -> BIPOLAR improved: 11.6% error: 1.8203 -> 1.6086
Fine tuning increased fitness by 1.7378837702253236e-8 to 0.9979186012558577 adjusted 15 weights 
Fine tuning increased fitness by 3.647262969419529e-8 to 0.9979186377284874 adjusted 15 weights 
Discovery 0dbf85fb with 1 binary files, sample rate: 100%, batch size: 512
Discovery 0dbf85fb initialize time 86ms
Discovery 0dbf85fb processing .trainData-fx_c_88/USDNOK/data.bin
Discovery 0dbf85fb read time 6ms for .trainData-fx_c_88/USDNOK/data.bin with 2786 records
Discovery 0dbf85fb scanning time 915ms
Generation 50 score 0.9979186377284874  error 0.0020700714179975903 avg time 1s 187ms
Training 2fc478bc with 1 binary file, target error: 0.000001, iterations: 1, sample rate: 100%, sparse: 100%
Fine tuning increased fitness by 6.527870999306629e-8 to 0.9979187030071974 adjusted 15 weights 
Discovery 0dbf85fb recorded time 1s 520ms
Training 7f940911 with 1 binary file, target error: 0.000001, iterations: 1, sample rate: 100%, sparse: 100%
Training 7e0c9756 with 1 binary file, target error: 0.000001, iterations: 1, sample rate: 100%, sparse: 100%
Fine tuning increased fitness by 1.000712696042072e-7 to 0.997918942225239 adjusted 15 weights 
Fine tuning increased fitness by 1.5089519966871023e-8 to 0.997918957314759 adjusted 15 weights 
Training 9d4dd533 with 1 binary file, target error: 0.000001, iterations: 1, sample rate: 100%, sparse: 100%
Fine tuning increased fitness by 3.246984903171324e-9 to 0.9979189605617439 adjusted 15 weights 
Fine tuning increased fitness by 4.183195290163866e-8 to 0.9979190023936968 adjusted 15 weights 
Training 00e14f0e with 1 binary file, target error: 0.000001, iterations: 1, sample rate: 100%, sparse: 100%
Fine tuning increased fitness by 1.6535791225180674e-7 to 0.9979193528800829 adjusted 239 weights, 1 bias 
Discovered beneficial synapse from input-426 to output-2 with weight -1.0000, helping 30.7% more records than it harms (1821/2786)
Discovery 0dbf85fb analyze time 11s 206ms found 1 candidates
Discovered harmful synapse from input-796 to output-0, harming 18.6% more records than it helps (1050/2786)
Discovery 0dbf85fb analyze harmful time 233ms found 1 candidates
Discovery 0dbf85fb analyze squashes time 404ms found 2 candidates, Summary: output-0 LOGISTIC -> BENT_IDENTITY improved: 8.4% error: 338.2070 -> 309.8242,output-2 LeakyReLU -> BIPOLAR improved: 9.8% error: 1.8209 -> 1.6417
Generation 60 score 0.9979193528800829  error 0.0020693362665901048 avg time 1s 244ms
Training 2ce2ca0b with 1 binary file, target error: 0.000001, iterations: 1, sample rate: 100%, sparse: 100%
Fine tuning increased fitness by 9.797818623091814e-8 to 0.9979194508582692 adjusted 237 weights, 1 bias 
Discovery 2ce2ca0b with 1 binary files, sample rate: 100%, batch size: 512
Discovery 2ce2ca0b initialize time 85ms
Discovery 2ce2ca0b processing .trainData-fx_c_88/USDNOK/data.bin
Discovery 2ce2ca0b read time 4ms for .trainData-fx_c_88/USDNOK/data.bin with 2786 records
Discovery 2ce2ca0b scanning time 921ms
Fine tuning increased fitness by 1.185149028914978e-7 to 0.997919569373172 adjusted 237 weights, 1 bias 
Discovery 2ce2ca0b recorded time 1s 530ms
Training 596bc806 with 1 binary file, target error: 0.000001, iterations: 1, sample rate: 100%, sparse: 100%
Fine tuning increased fitness by 1.3950535537876618e-7 to 0.9979197088785274 adjusted 237 weights, 1 bias 
Fine tuning increased fitness by 2.092832928068944e-7 to 0.9979199181618202 adjusted 237 weights, 1 bias 
Training d92e98e6 with 1 binary file, target error: 0.000001, iterations: 1, sample rate: 100%, sparse: 100%
Fine tuning increased fitness by 0.0000011580742073080685 to 0.9979217522158067 adjusted 224 weights, 1 bias 
Training 5422eaf8 with 1 binary file, target error: 0.000001, iterations: 1, sample rate: 100%, sparse: 100%
Fine tuning increased fitness by 0.0000019290780749470215 to 0.9979236812938816 adjusted 224 weights, 1 bias 
Fine tuning increased fitness by 0.0000044895465943772805 to 0.997928170840476 adjusted 238 weights, 1 bias 
Training 726eeae4 with 1 binary file, target error: 0.000001, iterations: 1, sample rate: 100%, sparse: 100%
Fine tuning increased fitness by 0.000006033165081076319 to 0.9979342040055571 adjusted 236 weights, 1 bias 
Discovered beneficial synapse from input-426 to output-2 with weight -1.0000, helping 30.2% more records than it harms (1813/2786)
Discovery 2ce2ca0b analyze time 10s 272ms found 1 candidates
Discovered harmful synapse from input-796 to output-0, harming 18.6% more records than it helps (1050/2786)
Discovery 2ce2ca0b analyze harmful time 262ms found 1 candidates
Fine tuning increased fitness by 0.0000051101978444378915 to 0.9979393142034015 adjusted 236 weights, 1 bias 
Discovery 2ce2ca0b analyze squashes time 585ms found 3 candidates, Summary: output-0 LOGISTIC -> BENT_IDENTITY improved: 8.4% error: 338.2070 -> 309.8242,output-2 LeakyReLU -> BIPOLAR improved: 10.5% error: 1.8207 -> 1.6304,cf780906-0433-4bd3-8ac4-91b5c6dfcfa2 HARD_TANH -> ABSOLUTE improved: 23.7% error: 2.4560 -> 1.8729
Generation 70 score 0.9979393142034015  error 0.002049374943293435 avg time 1s 373ms
Training adf7fefb with 1 binary file, target error: 0.000001, iterations: 1, sample rate: 100%, sparse: 100%
Discovery 937575d3 with 1 binary files, sample rate: 100%, batch size: 512
Discovery 937575d3 initialize time 86ms
Discovery 937575d3 processing .trainData-fx_c_88/USDNOK/data.bin
Discovery 937575d3 read time 3ms for .trainData-fx_c_88/USDNOK/data.bin with 2786 records
Discovery 937575d3 scanning time 923ms
Training 65ffe37e with 1 binary file, target error: 0.000001, iterations: 1, sample rate: 100%, sparse: 100%
Fine tuning increased fitness by 2.5865242281319922e-8 to 0.9979393536931104 adjusted 14 weights 
Discovery 937575d3 recorded time 1s 515ms
Fine tuning increased fitness by 4.9341753793896714e-8 to 0.9979394030348642 adjusted 14 weights 
Training c7bb49d4 with 1 binary file, target error: 0.000001, iterations: 1, sample rate: 100%, sparse: 100%
Fine tuning increased fitness by 8.96130624150615e-8 to 0.9979394926479266 adjusted 14 weights 
Fine tuning increased fitness by 1.4516990443080857e-7 to 0.997939637817831 adjusted 14 weights 
Training 1df90127 with 1 binary file, target error: 0.000001, iterations: 1, sample rate: 100%, sparse: 100%
Fine tuning increased fitness by 1.6081066178674774e-7 to 0.9979397986284928 adjusted 14 weights 
Fine tuning increased fitness by 1.2190107701037789e-8 to 0.9979398108186005 adjusted 14 weights 
Training bfca52ac with 1 binary file, target error: 0.000001, iterations: 1, sample rate: 100%, sparse: 100%
Fine tuning increased fitness by 2.9302660298213823e-10 to 0.9979398328141935 adjusted 12 weights 
Generation 80 score 0.9979398328141935  error 0.002048856332478977 avg time 1s 171ms
Training 7b204909 with 1 binary file, target error: 0.000001, iterations: 1, sample rate: 100%, sparse: 100%
Fine tuning increased fitness by 3.54685170123048e-11 to 0.997939832849662 adjusted 12 weights 
Fine tuning increased fitness by 7.54775131284191e-11 to 0.9979398329251395 adjusted 12 weights 
Discovered beneficial synapse from input-426 to output-2 with weight -1.0000, helping 30.2% more records than it harms (1813/2786)
Discovery 937575d3 analyze time 10s 374ms found 1 candidates
Training 73ada573 with 1 binary file, target error: 0.000001, iterations: 1, sample rate: 100%, sparse: 100%
Fine tuning increased fitness by 9.806311318527605e-11 to 0.9979398330232027 adjusted 12 weights 
Fine tuning increased fitness by 3.0265245865024326e-10 to 0.9979398333258551 adjusted 12 weights 
Discovered harmful synapse from input-1296 to dac00e8f-b90f-4409-8f9c-7c0ff6a03d5c, harming 83.8% more records than it helps (17/2786)
Discovery 937575d3 analyze harmful time 1s 643ms found 1 candidates
Discovery 937575d3 analyze squashes time 445ms found 2 candidates, Summary: output-0 LOGISTIC -> BENT_IDENTITY improved: 8.4% error: 338.2070 -> 309.8242,output-2 LeakyReLU -> BIPOLAR improved: 10.5% error: 1.8208 -> 1.6304
Training bcb508ab with 1 binary file, target error: 0.000001, iterations: 1, sample rate: 100%, sparse: 100%
Discovery bcb508ab with 1 binary files, sample rate: 100%, batch size: 512
Fine tuning increased fitness by 8.534924988978787e-10 to 0.9979398341793476 adjusted 12 weights 
Discovery bcb508ab initialize time 85ms
Discovery bcb508ab processing .trainData-fx_c_88/USDNOK/data.bin
Fine tuning increased fitness by 2.5520056068373265e-9 to 0.9979398367313532 adjusted 12 weights 
Discovery bcb508ab read time 6ms for .trainData-fx_c_88/USDNOK/data.bin with 2786 records
Discovery bcb508ab scanning time 1s 63ms
Discovery bcb508ab recorded time 1s 589ms
Training 2ab46054 with 1 binary file, target error: 0.000001, iterations: 1, sample rate: 100%, sparse: 100%
Fine tuning increased fitness by 4.793145325088233e-9 to 0.9979398415244985 adjusted 12 weights 
Fine tuning increased fitness by 8.541738649725517e-9 to 0.9979398500662372 adjusted 12 weights 
Training 02aacc3d with 1 binary file, target error: 0.000001, iterations: 1, sample rate: 100%, sparse: 100%
Fine tuning increased fitness by 1.4502324674481315e-8 to 0.9979398645685619 adjusted 12 weights 
Fine tuning increased fitness by 2.2442633418329194e-8 to 0.9979398870111953 adjusted 11 weights 
Generation 90 score 0.9979398870111953  error 0.0020488021354815532 avg time 1s 73ms
Training 0936cd99 with 1 binary file, target error: 0.000001, iterations: 1, sample rate: 100%, sparse: 100%
Discovered beneficial synapse from input-1295 to output-0 with weight 1.0000, helping 14.2% more records than it harms (1506/2786)
Discovery bcb508ab analyze time 4s 777ms found 1 candidates
Fine tuning increased fitness by 1.5025131139267955e-9 to 0.9979398885137084 adjusted 11 weights 
Discovered harmful synapse from input-796 to output-0, harming 18.6% more records than it helps (1050/2786)
Discovery bcb508ab analyze harmful time 232ms found 1 candidates
Discovery bcb508ab analyze squashes time 443ms found 1 candidate, Summary: output-0 LOGISTIC -> BENT_IDENTITY improved: 8.4% error: 338.2070 -> 309.8242
Fine tuning increased fitness by 4.151297083865302e-10 to 0.9979398889288381 adjusted 11 weights 
Discovery 6983806d with 1 binary files, sample rate: 100%, batch size: 512
Discovery 6983806d initialize time 81ms
Discovery 6983806d processing .trainData-fx_c_88/USDNOK/data.bin
Discovery 6983806d read time 6ms for .trainData-fx_c_88/USDNOK/data.bin with 2786 records
Discovery 6983806d scanning time 982ms
Training 44ec66e7 with 1 binary file, target error: 0.000001, iterations: 1, sample rate: 100%, sparse: 100%
Fine tuning increased fitness by 1.007687600029783e-9 to 0.9979398899365257 adjusted 11 weights 
Discovery 6983806d recorded time 1s 554ms
Fine tuning increased fitness by 1.6013801396042027e-9 to 0.9979398915379059 adjusted 11 weights 
Training e251de93 with 1 binary file, target error: 0.000001, iterations: 1, sample rate: 100%, sparse: 100%
Fine tuning increased fitness by 2.8529837381441325e-9 to 0.9979398943908896 adjusted 11 weights 
Training 44ec66e7 increased fitness by 6.593868340232234e-9 to 0.9979399009847579
Training c5170a9c with 1 binary file, target error: 0.000001, iterations: 1, sample rate: 100%, sparse: 100%
Discovered beneficial synapse from input-1295 to output-0 with weight 1.0000, helping 14.2% more records than it harms (1506/2786)
Discovery 6983806d analyze time 5s 218ms found 1 candidates
Over populated 52, expected 50.
Discovered harmful synapse from input-796 to output-0, harming 18.6% more records than it helps (1050/2786)
Discovery 6983806d analyze harmful time 266ms found 1 candidates
Fine tuning increased fitness by 2.7905667332461803e-8 to 0.997939952155817 adjusted 116 weights 
Discovery 6983806d analyze squashes time 604ms found 3 candidates, Summary: output-2 LeakyReLU -> BIPOLAR improved: 10.6% error: 1.8207 -> 1.6269,output-0 LOGISTIC -> BENT_IDENTITY improved: 8.4% error: 338.2070 -> 309.8242,cf780906-0433-4bd3-8ac4-91b5c6dfcfa2 HARD_TANH -> SINE improved: 18.9% error: 2.2726 -> 1.8435
Training a6d9505e with 1 binary file, target error: 0.000001, iterations: 1, sample rate: 100%, sparse: 100%
Discovery a6d9505e with 1 binary files, sample rate: 100%, batch size: 512
Discovery a6d9505e initialize time 85ms
Discovery a6d9505e processing .trainData-fx_c_88/USDNOK/data.bin
Over populated 56, expected 50.
Discovery a6d9505e read time 3ms for .trainData-fx_c_88/USDNOK/data.bin with 2786 records
Discovery a6d9505e scanning time 1s 46ms
Discovery a6d9505e recorded time 1s 695ms
Generation 100 score 0.9979400276136834  error 0.002048661533138503 avg time 1s 306ms
Training 453a8bb1 with 1 binary file, target error: 0.000001, iterations: 1, sample rate: 100%, sparse: 100%
Fine tuning increased fitness by 6.007441566424632e-8 to 0.997940087688099 adjusted 115 weights 
Training 732caea3 with 1 binary file, target error: 0.000001, iterations: 1, sample rate: 100%, sparse: 100%
Fine tuning increased fitness by 3.1729252625289917e-7 to 0.9979406414744836 adjusted 99 weights 
Training 53e507a8 with 1 binary file, target error: 0.000001, iterations: 1, sample rate: 100%, sparse: 100%
Training 6c08d0fa with 1 binary file, target error: 0.000001, iterations: 1, sample rate: 100%, sparse: 100%
Fine tuning increased fitness by 2.701239254498944e-8 to 0.9979414705438607 adjusted 90 weights 
Discovered beneficial synapse from input-426 to output-2 with weight -1.0000, helping 30.8% more records than it harms (1822/2786)
Discovery a6d9505e analyze time 11s 104ms found 1 candidates
Discovered harmful synapse from input-796 to output-0, harming 18.6% more records than it helps (1050/2786)
Discovery a6d9505e analyze harmful time 249ms found 1 candidates
Fine tuning increased fitness by 3.603133524876512e-8 to 0.997941506575196 adjusted 90 weights 
Discovery a6d9505e analyze squashes time 462ms found 2 candidates, Summary: output-0 LOGISTIC -> BENT_IDENTITY improved: 8.4% error: 338.2070 -> 309.8242,output-2 LeakyReLU -> BIPOLAR improved: 9.7% error: 1.8210 -> 1.6436
Training 87883627 with 1 binary file, target error: 0.000001, iterations: 1, sample rate: 100%, sparse: 100%
Discovery 87883627 with 1 binary files, sample rate: 100%, batch size: 512
Discovery 87883627 initialize time 80ms
Discovery 87883627 processing .trainData-fx_c_88/USDNOK/data.bin
Discovery 87883627 read time 5ms for .trainData-fx_c_88/USDNOK/data.bin with 2786 records
Discovery 87883627 scanning time 928ms
Fine tuning increased fitness by 6.393109108771e-8 to 0.9979416668122322 adjusted 89 weights 
Discovery 87883627 recorded time 1s 527ms
Generation 110 score 0.9979416668122322  error 0.0020470223386754413 avg time 1s 474ms
Fine tuning increased fitness by 7.540402291450476e-8 to 0.9979417422162551 adjusted 89 weights 
Fine tuning increased fitness by 3.353764294056205e-7 to 0.9979421656588434 adjusted 106 weights 
Fine tuning increased fitness by 2.797381989383396e-7 to 0.9979430123484273 adjusted 96 weights 
Fine tuning increased fitness by 2.8448894262567137e-7 to 0.9979432968373699 adjusted 96 weights 
Discovered beneficial synapse from input-414 to cf780906-0433-4bd3-8ac4-91b5c6dfcfa2 with weight -1.0000, helping 37.4% more records than it harms (1911/2786)
Discovery 87883627 analyze time 10s 584ms found 1 candidates
Discovered harmful synapse from input-796 to output-0, harming 18.6% more records than it helps (1050/2786)
Discovery 87883627 analyze harmful time 334ms found 1 candidates
Fine tuning increased fitness by 2.24472129883857e-7 to 0.9979435213094998 adjusted 96 weights 
Discovery 87883627 analyze squashes time 396ms found 1 candidate, Summary: output-0 LOGISTIC -> BENT_IDENTITY improved: 8.4% error: 338.2070 -> 309.8242
Fine tuning increased fitness by 2.865125089401843e-7 to 0.9979438078220088 adjusted 96 weights 
Fine tuning increased fitness by 2.9320479788541576e-7 to 0.9979441010268066 adjusted 96 weights 
Generation 120 score 0.9979441010268066  error 0.0020445881240816247 avg time 1s 413ms
Fine tuning increased fitness by 2.0684058099629254e-7 to 0.9979443078673876 adjusted 96 weights 
Fine tuning increased fitness by 1.5261944130706695e-7 to 0.9979444604868289 adjusted 96 weights 
Fine tuning increased fitness by 8.037064669341731e-8 to 0.9979445408574756 adjusted 96 weights 
Fine tuning increased fitness by 1.9988978583462824e-8 to 0.9979445621407693 adjusted 8 weights 
Fine tuning increased fitness by 5.0428814124536814e-8 to 0.9979446125695834 adjusted 8 weights 
Fine tuning increased fitness by 8.42510912146821e-8 to 0.9979446968206747 adjusted 8 weights 
Fine tuning increased fitness by 6.683801179185878e-8 to 0.9979447636586865 adjusted 8 weights 
Fine tuning increased fitness by 5.484446230497042e-10 to 0.9979447642071311 adjusted 8 weights 
Generation 130 score 0.9979447642071311  error 0.0020439149438580867 avg time 1s 113ms
Fine tuning increased fitness by 7.795576406621763e-10 to 0.9979447649866887 adjusted 8 weights 
Fine tuning increased fitness by 2.2534785149019854e-10 to 0.9979447652120366 adjusted 8 weights 
Fine tuning increased fitness by 1.3353096406376608e-11 to 0.9979447652253897 adjusted 8 weights 
Fine tuning increased fitness by 1.70317093761696e-11 to 0.9979447652424214 adjusted 8 weights 
Generation 134 score 0.9979447652424214  error 0.002043913908567726 avg time 389ms
{
  error: 0.002043913908567726,
  score: 0.9979447652424214,
  generation: 134,
  time: 180229
}

=== Processing USDAED (8/10) ===
5 mutations, mutation rate 6.0%, elitism 3, mutation FFW, selection TOURNAMENT
Creature count: 50
Culling duplicate creature at 11 of 51
DeDuplication of 1 creatures to 50 in  (previous experiment )
Training b1dd44f3 with 1 binary file, target error: 0.000001, iterations: 1, sample rate: 100%, sparse: 100%
Discovery b1dd44f3 with 1 binary files, sample rate: 100%, batch size: 512
Discovery b1dd44f3 initialize time 87ms
Discovery b1dd44f3 processing .trainData-fx_c_88/USDAED/data.bin
Discovery b1dd44f3 read time 2ms for .trainData-fx_c_88/USDAED/data.bin with 1432 records
Discovery b1dd44f3 scanning time 397ms
Generation 1 score 0.9999999429541122  error 7.045887810869127e-9 avg time 114ms
Set training/discovery clean up count to 2
Waiting for discovery to complete
Discovery b1dd44f3 recorded time 686ms
Generation 2 score 0.9999999429541122  error 7.045887810869127e-9 avg time 45ms
Waiting for discovery to complete
Training b1dd44f3 increased fitness by 4.551914400963142e-15 to 0.9999999429541168
Generation 3 score 0.9999999429541168  error 7.045883236579633e-9 avg time 20ms
Waiting for discovery to complete
Fine tuning increased fitness by 4.884981308350689e-15 to 0.9999999429541216 adjusted 4 weights, 2 biases 
Generation 4 score 0.9999999429541216  error 7.045878314004734e-9 avg time 25ms
Waiting for discovery to complete
Fine tuning increased fitness by 5.10702591327572e-15 to 0.9999999429541268 adjusted 4 weights, 2 biases 
Generation 5 score 0.9999999429541268  error 7.045873184629938e-9 avg time 25ms
Waiting for discovery to complete
Fine tuning increased fitness by 7.771561172376096e-16 to 0.9999999429541275 adjusted 4 weights, 2 biases 
Generation 6 score 0.9999999429541275  error 7.045872399957171e-9 avg time 27ms
Waiting for discovery to complete
Generation 7 score 0.9999999429541275  error 7.045872399957171e-9 avg time 25ms
Waiting for discovery to complete
Generation 8 score 0.9999999429541275  error 7.045872399957171e-9 avg time 24ms
Waiting for discovery to complete
Remove neuron 62c7a4d4-a903-433e-91f6-b87d3d42b7cd as no longer connected
Generation 9 score 0.9999999429541275  error 7.045872399957171e-9 avg time 26ms
Waiting for discovery to complete
Generation 10 score 0.9999999429541275  error 7.045872399957171e-9 avg time 24ms
Waiting for discovery to complete
Generation 11 score 0.9999999429541275  error 7.045872399957171e-9 avg time 25ms
Waiting for discovery to complete
Generation 12 score 0.9999999429541275  error 7.045872399957171e-9 avg time 24ms
Waiting for discovery to complete
Generation 13 score 0.9999999429541275  error 7.045872399957171e-9 avg time 26ms
Waiting for discovery to complete
Generation 14 score 0.9999999429541275  error 7.045872399957171e-9 avg time 29ms
Waiting for discovery to complete
Generation 15 score 0.9999999429541275  error 7.045872399957171e-9 avg time 24ms
Waiting for discovery to complete
Generation 16 score 0.9999999429541275  error 7.045872399957171e-9 avg time 25ms
Waiting for discovery to complete
Generation 17 score 0.9999999429541275  error 7.045872399957171e-9 avg time 26ms
Waiting for discovery to complete
Generation 18 score 0.9999999429541275  error 7.045872399957171e-9 avg time 26ms
Waiting for discovery to complete
Generation 19 score 0.9999999429541275  error 7.045872399957171e-9 avg time 25ms
Waiting for discovery to complete
Generation 20 score 0.9999999429541275  error 7.045872399957171e-9 avg time 25ms
Waiting for discovery to complete
Generation 21 score 0.9999999429541275  error 7.045872399957171e-9 avg time 23ms
Waiting for discovery to complete
Generation 22 score 0.9999999429541275  error 7.045872399957171e-9 avg time 24ms
Waiting for discovery to complete
Generation 23 score 0.9999999429541275  error 7.045872399957171e-9 avg time 25ms
Waiting for discovery to complete
Generation 24 score 0.9999999429541275  error 7.045872399957171e-9 avg time 24ms
Waiting for discovery to complete
Generation 25 score 0.9999999429541275  error 7.045872399957171e-9 avg time 26ms
Waiting for discovery to complete
Generation 26 score 0.9999999429541275  error 7.045872399957171e-9 avg time 23ms
Waiting for discovery to complete
Generation 27 score 0.9999999429541275  error 7.045872399957171e-9 avg time 45ms
Waiting for discovery to complete
Generation 28 score 0.9999999429541275  error 7.045872399957171e-9 avg time 24ms
Waiting for discovery to complete
Generation 29 score 0.9999999429541275  error 7.045872399957171e-9 avg time 23ms
Waiting for discovery to complete
Generation 30 score 0.9999999429541275  error 7.045872399957171e-9 avg time 24ms
Waiting for discovery to complete
Generation 31 score 0.9999999429541275  error 7.045872399957171e-9 avg time 24ms
Waiting for discovery to complete
Constant neuron b6e2baf5-4f7f-4969-9178-d4e445528906 convert hidden to constant
Adjust neuron b6e2baf5-4f7f-4969-9178-d4e445528906 bias 0.03556220609291433 to 0.035539740163149675
Generation 32 score 0.9999999429541275  error 7.045872399957171e-9 avg time 25ms
Waiting for discovery to complete
Generation 33 score 0.9999999429541275  error 7.045872399957171e-9 avg time 24ms
Waiting for discovery to complete
Generation 34 score 0.9999999429541275  error 7.045872399957171e-9 avg time 24ms
Waiting for discovery to complete
Generation 35 score 0.9999999429541275  error 7.045872399957171e-9 avg time 24ms
Waiting for discovery to complete
Generation 36 score 0.9999999429541275  error 7.045872399957171e-9 avg time 29ms
Waiting for discovery to complete
Remove neuron c8870113-9a2b-460b-be57-fa6d8fea4e94 as no longer connected
Generation 37 score 0.9999999429541275  error 7.045872399957171e-9 avg time 27ms
Waiting for discovery to complete
Generation 38 score 0.9999999429541275  error 7.045872399957171e-9 avg time 24ms
Waiting for discovery to complete
Generation 39 score 0.9999999429541275  error 7.045872399957171e-9 avg time 23ms
Waiting for discovery to complete
Generation 40 score 0.9999999429541275  error 7.045872399957171e-9 avg time 24ms
Waiting for discovery to complete
Generation 41 score 0.9999999429541275  error 7.045872399957171e-9 avg time 24ms
Waiting for discovery to complete
Generation 42 score 0.9999999429541275  error 7.045872399957171e-9 avg time 23ms
Waiting for discovery to complete
Generation 43 score 0.9999999429541275  error 7.045872399957171e-9 avg time 22ms
Waiting for discovery to complete
Generation 44 score 0.9999999429541275  error 7.045872399957171e-9 avg time 25ms
Waiting for discovery to complete
Generation 45 score 0.9999999429541275  error 7.045872399957171e-9 avg time 25ms
Waiting for discovery to complete
Generation 46 score 0.9999999429541275  error 7.045872399957171e-9 avg time 26ms
Waiting for discovery to complete
Generation 47 score 0.9999999429541275  error 7.045872399957171e-9 avg time 25ms
Waiting for discovery to complete
Generation 48 score 0.9999999429541275  error 7.045872399957171e-9 avg time 24ms
Waiting for discovery to complete
Generation 49 score 0.9999999429541275  error 7.045872399957171e-9 avg time 24ms
Waiting for discovery to complete
Constant neuron 065096ec-c39b-4b65-93d6-804c4e3c815d convert hidden to constant
Adjust neuron 065096ec-c39b-4b65-93d6-804c4e3c815d bias 0.01937036802254699 to 0.5048424405951053
Generation 50 score 0.9999999429541275  error 7.045872399957171e-9 avg time 26ms
Waiting for discovery to complete
Generation 51 score 0.9999999429541275  error 7.045872399957171e-9 avg time 22ms
Waiting for discovery to complete
Generation 52 score 0.9999999429541275  error 7.045872399957171e-9 avg time 23ms
Waiting for discovery to complete
Generation 53 score 0.9999999429541275  error 7.045872399957171e-9 avg time 22ms
Waiting for discovery to complete
Remove neuron 66d2decd-ecfb-4352-9a3a-6dd4da014939 as no longer connected
Generation 54 score 0.9999999429541275  error 7.045872399957171e-9 avg time 25ms
Waiting for discovery to complete
Discovered beneficial synapse from input-11 to output-2 with weight 1.0000, helping 39.2% more records than it harms (561/1432)
Discovery b1dd44f3 analyze time 13s 255ms found 1 candidates
Discovered harmful synapse from input-364 to output-3, harming 19.7% more records than it helps (575/1432)
Discovery b1dd44f3 analyze harmful time 41ms found 1 candidates
Generation 55 score 0.9999999429541275  error 7.045872399957171e-9 avg time 25ms
Waiting for discovery to complete
Discovery b1dd44f3 analyze squashes time 388ms found 3 candidates, Summary: output-0 ReLU -> Softplus improved: 32.2% error: 0.2922 -> 0.1981,output-2 ReLU6 -> SQUARE improved: 36.8% error: 0.0339 -> 0.0214,output-1 Cube -> ABSOLUTE improved: 11.1% error: 0.0014 -> 0.0012
Generation 56 score 0.9999999429541275  error 7.045872399957171e-9 avg time 27ms
Waiting for discovery to complete
Generation 57 score 0.9999999429541275  error 7.045872399957171e-9 avg time 24ms
Waiting for training/discovery clean up 2
Generation 58 score 0.9999999429541275  error 7.045872399957171e-9 avg time 26ms
Waiting for training/discovery clean up 1
Generation 59 score 0.9999999429541275  error 7.045872399957171e-9 avg time 27ms
{
  error: 7.045872399957171e-9,
  score: 0.9999999429541275,
  generation: 59,
  time: 15944
}

=== Processing AUDCAD (9/10) ===
1 mutation, mutation rate 50.0%, elitism 5, mutation FFW, selection FITNESS_PROPORTIONATE
Creature count: 50
Culling duplicate creature at 45 of 51
DeDuplication of 1 creatures to 50 in  (previous experiment )
Training aaadebe6 with 1 binary file, target error: 0.000001, iterations: 1, sample rate: 100%, sparse: 100%
Discovery aaadebe6 with 1 binary files, sample rate: 100%, batch size: 512
Discovery aaadebe6 initialize time 87ms
Discovery aaadebe6 processing .trainData-fx_c_88/AUDCAD/data.bin
Discovery aaadebe6 read time 4ms for .trainData-fx_c_88/AUDCAD/data.bin with 3359 records
Discovery aaadebe6 scanning time 802ms
Training 6ff7f33b with 1 binary file, target error: 0.000001, iterations: 1, sample rate: 100%, sparse: 100%
Fine tuning increased fitness by 0.000008104462593028217 to 0.9983002848946569 adjusted 1 weight 
Discovery aaadebe6 recorded time 1s 518ms
Training 66197aa2 with 1 binary file, target error: 0.000001, iterations: 1, sample rate: 100%, sparse: 100%
Fine tuning increased fitness by 0.0000033409703340536723 to 0.998303625864991 adjusted 1 weight 
Training 155db9ee with 1 binary file, target error: 0.000001, iterations: 1, sample rate: 100%, sparse: 100%
Fine tuning increased fitness by 5.0795102568557127e-8 to 0.9983036766600936 adjusted 1 weight 
Training e0369a3f with 1 binary file, target error: 0.000001, iterations: 1, sample rate: 100%, sparse: 100%
Fine tuning increased fitness by 2.1779743231142845e-8 to 0.9983036984398368 adjusted 1 weight 
Training 6698a8a3 with 1 binary file, target error: 0.000001, iterations: 1, sample rate: 100%, sparse: 100%
Training 66403d1c with 1 binary file, target error: 0.000001, iterations: 1, sample rate: 100%, sparse: 100%
Fine tuning increased fitness by 1.276641015124369e-10 to 0.9983036985675009 adjusted 1 weight 
Training 8a46b9f5 with 1 binary file, target error: 0.000001, iterations: 1, sample rate: 100%, sparse: 100%
Training 53b4c10b with 1 binary file, target error: 0.000001, iterations: 1, sample rate: 100%, sparse: 100%
Training bb8a1ab8 with 1 binary file, target error: 0.000001, iterations: 1, sample rate: 100%, sparse: 100%
Generation 10 score 0.9983038105857917  error 0.0016942584427854213 avg time 637ms
Training b7e60b57 with 1 binary file, target error: 0.000001, iterations: 1, sample rate: 100%, sparse: 100%
Training 932b1881 with 1 binary file, target error: 0.000001, iterations: 1, sample rate: 100%, sparse: 100%
Training 365ced71 with 1 binary file, target error: 0.000001, iterations: 1, sample rate: 100%, sparse: 100%
Training 959ee420 with 1 binary file, target error: 0.000001, iterations: 1, sample rate: 100%, sparse: 100%
Training d5edf7ab with 1 binary file, target error: 0.000001, iterations: 1, sample rate: 100%, sparse: 100%
Training 91e0ad8c with 1 binary file, target error: 0.000001, iterations: 1, sample rate: 100%, sparse: 100%
Training a86acea9 with 1 binary file, target error: 0.000001, iterations: 1, sample rate: 100%, sparse: 100%
Training 24aa645c with 1 binary file, target error: 0.000001, iterations: 1, sample rate: 100%, sparse: 100%
Training 3574268d with 1 binary file, target error: 0.000001, iterations: 1, sample rate: 100%, sparse: 100%
Training edebfacd with 1 binary file, target error: 0.000001, iterations: 1, sample rate: 100%, sparse: 100%
Generation 20 score 0.998306198242018  error 0.0016918607866982828 avg time 521ms
Training 4c1a60b3 with 1 binary file, target error: 0.000001, iterations: 1, sample rate: 100%, sparse: 100%
Fine tuning increased fitness by 8.183919475435175e-8 to 0.9983062800812128 adjusted 141 weights, 4 biases 
Training af453616 with 1 binary file, target error: 0.000001, iterations: 1, sample rate: 100%, sparse: 100%
Fine tuning increased fitness by 1.1216063233732143e-7 to 0.9983063922418451 adjusted 141 weights, 4 biases 
Training 6935ee6e with 1 binary file, target error: 0.000001, iterations: 1, sample rate: 100%, sparse: 100%
Training ee275dbb with 1 binary file, target error: 0.000001, iterations: 1, sample rate: 100%, sparse: 100%
Fine tuning increased fitness by 6.132049149565333e-7 to 0.9983078022298417 adjusted 2 weights 
Training 594f9c37 with 1 binary file, target error: 0.000001, iterations: 1, sample rate: 100%, sparse: 100%
Fine tuning increased fitness by 0.0000010078678664982021 to 0.9983088100977082 adjusted 2 weights 
Training a600baf4 with 1 binary file, target error: 0.000001, iterations: 1, sample rate: 100%, sparse: 100%
Fine tuning increased fitness by 0.0000017041697365494102 to 0.9983105142674448 adjusted 2 weights 
Training 966a9f70 with 1 binary file, target error: 0.000001, iterations: 1, sample rate: 100%, sparse: 100%
Fine tuning increased fitness by 0.0000065394732112755705 to 0.998317053740656 adjusted 2 weights 
Training 62b03257 with 1 binary file, target error: 0.000001, iterations: 1, sample rate: 100%, sparse: 100%
Fine tuning increased fitness by 0.00000140211504728871 to 0.9983254076741864 adjusted 3 weights 
Training 87e889ea with 1 binary file, target error: 0.000001, iterations: 1, sample rate: 100%, sparse: 100%
Training 8a3af06b with 1 binary file, target error: 0.000001, iterations: 1, sample rate: 100%, sparse: 100%
Generation 30 score 0.9983255720434471  error 0.001672476985412435 avg time 513ms
Training 0e457942 with 1 binary file, target error: 0.000001, iterations: 1, sample rate: 100%, sparse: 100%
Over populated 52, expected 50.
Training a4462cb3 with 1 binary file, target error: 0.000001, iterations: 1, sample rate: 100%, sparse: 100%
Fine tuning increased fitness by 2.1790205029237342e-7 to 0.9983258607046668 adjusted 3 weights 
Training f9eb4cb4 with 1 binary file, target error: 0.000001, iterations: 1, sample rate: 100%, sparse: 100%
Training 05c97b7b with 1 binary file, target error: 0.000001, iterations: 1, sample rate: 100%, sparse: 100%
Training 68e84780 with 1 binary file, target error: 0.000001, iterations: 1, sample rate: 100%, sparse: 100%
Training f630f387 with 1 binary file, target error: 0.000001, iterations: 1, sample rate: 100%, sparse: 100%
Training bb1fb99a with 1 binary file, target error: 0.000001, iterations: 1, sample rate: 100%, sparse: 100%
Training ad4fa2a0 with 1 binary file, target error: 0.000001, iterations: 1, sample rate: 100%, sparse: 100%
Fine tuning increased fitness by 2.4562163469799003e-7 to 0.9983271709161382 adjusted 1 weight 
Training 30a9357b with 1 binary file, target error: 0.000001, iterations: 1, sample rate: 100%, sparse: 100%
Training b228dabf with 1 binary file, target error: 0.000001, iterations: 1, sample rate: 100%, sparse: 100%
Generation 40 score 0.9983289908602166  error 0.0016690281690457803 avg time 480ms
Training ed4787b8 with 1 binary file, target error: 0.000001, iterations: 1, sample rate: 100%, sparse: 100%
Training 554a4c08 with 1 binary file, target error: 0.000001, iterations: 1, sample rate: 100%, sparse: 100%
Fine tuning increased fitness by 2.2975323976659467e-8 to 0.998330836047622 adjusted 63 weights, 3 biases 
Training 284adb26 with 1 binary file, target error: 0.000001, iterations: 1, sample rate: 100%, sparse: 100%
Fine tuning increased fitness by 9.147608215354097e-8 to 0.9983309275237041 adjusted 63 weights, 3 biases 
Training 76b53ee8 with 1 binary file, target error: 0.000001, iterations: 1, sample rate: 100%, sparse: 100%
Training da50a2ab with 1 binary file, target error: 0.000001, iterations: 1, sample rate: 100%, sparse: 100%
Over populated 52, expected 50.
Training 5b4f32fd with 1 binary file, target error: 0.000001, iterations: 1, sample rate: 100%, sparse: 100%
Training 1ff2a308 with 1 binary file, target error: 0.000001, iterations: 1, sample rate: 100%, sparse: 100%
Over populated 52, expected 50.
Training 4a458922 with 1 binary file, target error: 0.000001, iterations: 1, sample rate: 100%, sparse: 100%
Training 5fdc127b with 1 binary file, target error: 0.000001, iterations: 1, sample rate: 100%, sparse: 100%
Fine tuning increased fitness by 4.52918678672809e-7 to 0.9983319207370555 adjusted 1 weight 
Discovered beneficial synapse from input-415 to output-4 with weight 1.0000, helping 26.0% more records than it harms (2115/3359)
Discovery aaadebe6 analyze time 24s 17ms found 1 candidates
Training af2c0300 with 1 binary file, target error: 0.000001, iterations: 1, sample rate: 100%, sparse: 100%
Fine tuning increased fitness by 5.04348730556714e-8 to 0.9983319711719285 adjusted 1 weight 
Generation 50 score 0.9983319711719285  error 0.0016660278576195757 avg time 533ms
Discovered harmful synapse from input-1498 to output-2, harming 12.4% more records than it helps (1471/3359)
Discovery aaadebe6 analyze harmful time 616ms found 1 candidates
Training 8c8103ff with 1 binary file, target error: 0.000001, iterations: 1, sample rate: 100%, sparse: 100%
Training 9412e5e3 with 1 binary file, target error: 0.000001, iterations: 1, sample rate: 100%, sparse: 100%
Fine tuning increased fitness by 1.2252696746095637e-8 to 0.9983321670275461 adjusted 39 weights, 2 biases 
Discovery aaadebe6 analyze squashes time 753ms found 1 candidate, Summary: output-2 LeakyReLU -> BIPOLAR improved: 20.6% error: 12.5238 -> 9.9404
Training cc49dc13 with 1 binary file, target error: 0.000001, iterations: 1, sample rate: 100%, sparse: 100%
Compacting increased fitness by 1.0848224485382474e-7 to 0.998332275509791 neurons: 1 was: 2 synapses: 190 was: 192
Discovery cc49dc13 with 1 binary files, sample rate: 100%, batch size: 512
Discovery cc49dc13 initialize time 85ms
Discovery cc49dc13 processing .trainData-fx_c_88/AUDCAD/data.bin
Training 943231cb with 1 binary file, target error: 0.000001, iterations: 1, sample rate: 100%, sparse: 100%
Discovery aaadebe6 beneficial increased fitness by 0.0000017824528913967796 to 0.9983340579626824
Training a2e243a9 with 1 binary file, target error: 0.000001, iterations: 1, sample rate: 100%, sparse: 100%
Fine tuning increased fitness by 0.00000284268819383815 to 0.9983369006508762 adjusted 1 weight 
Discovery cc49dc13 read time 9ms for .trainData-fx_c_88/AUDCAD/data.bin with 3359 records
Discovery cc49dc13 scanning time 1s 6ms
Training 55460896 with 1 binary file, target error: 0.000001, iterations: 1, sample rate: 100%, sparse: 100%
Fine tuning increased fitness by 0.000004198738242089384 to 0.9983410993891183 adjusted 1 weight 
Training de368020 with 1 binary file, target error: 0.000001, iterations: 1, sample rate: 100%, sparse: 100%
Discovery cc49dc13 recorded time 1s 783ms
Fine tuning increased fitness by 4.391612895560115e-8 to 0.9983411433052473 adjusted 1 weight 
Training 9cae8432 with 1 binary file, target error: 0.000001, iterations: 1, sample rate: 100%, sparse: 100%
Training a9c01054 with 1 binary file, target error: 0.000001, iterations: 1, sample rate: 100%, sparse: 100%
Training 6b30d686 with 1 binary file, target error: 0.000001, iterations: 1, sample rate: 100%, sparse: 100%
Generation 60 score 0.9983441012591731  error 0.001653887770460182 avg time 477ms
Training 8c0c9625 with 1 binary file, target error: 0.000001, iterations: 1, sample rate: 100%, sparse: 100%
Fine tuning increased fitness by 8.6682629252266e-7 to 0.9983449680854656 adjusted 4 weights 
Training 0a213a56 with 1 binary file, target error: 0.000001, iterations: 1, sample rate: 100%, sparse: 100%
Training b8f02ca0 with 1 binary file, target error: 0.000001, iterations: 1, sample rate: 100%, sparse: 100%
Fine tuning increased fitness by 7.301029336659326e-9 to 0.9983449753864949 adjusted 162 weights, 6 biases 
Training 8d1e4bf3 with 1 binary file, target error: 0.000001, iterations: 1, sample rate: 100%, sparse: 100%
Fine tuning increased fitness by 1.755140177639447e-8 to 0.9983449929378967 adjusted 162 weights, 6 biases 
Over populated 52, expected 50.
Training 3defbd8e with 1 binary file, target error: 0.000001, iterations: 1, sample rate: 100%, sparse: 100%
Fine tuning increased fitness by 1.6353233767141262e-8 to 0.9983450092911305 adjusted 162 weights, 6 biases 
Training 2d151201 with 1 binary file, target error: 0.000001, iterations: 1, sample rate: 100%, sparse: 100%
Fine tuning increased fitness by 3.4886540434264646e-8 to 0.9983450441776709 adjusted 162 weights, 6 biases 
Training 490add86 with 1 binary file, target error: 0.000001, iterations: 1, sample rate: 100%, sparse: 100%
Fine tuning increased fitness by 3.334578269065247e-8 to 0.9983450775234536 adjusted 162 weights, 6 biases 
Training 1124f820 with 1 binary file, target error: 0.000001, iterations: 1, sample rate: 100%, sparse: 100%
Fine tuning increased fitness by 3.454276176206861e-8 to 0.9983451120662153 adjusted 162 weights, 6 biases 
Training ced047d5 with 1 binary file, target error: 0.000001, iterations: 1, sample rate: 100%, sparse: 100%
Fine tuning increased fitness by 1.7810173558174824e-8 to 0.9983451298763889 adjusted 162 weights, 6 biases 
Training be241cb3 with 1 binary file, target error: 0.000001, iterations: 1, sample rate: 100%, sparse: 100%
Fine tuning increased fitness by 1.1693958468228516e-8 to 0.9983451415703474 adjusted 162 weights, 6 biases 
Generation 70 score 0.9983451415703474  error 0.0016528474592667102 avg time 564ms
Training e3f04abc with 1 binary file, target error: 0.000001, iterations: 1, sample rate: 100%, sparse: 100%
Fine tuning increased fitness by 1.194455589992316e-8 to 0.9983451535149033 adjusted 162 weights, 6 biases 
Training 63cb5379 with 1 binary file, target error: 0.000001, iterations: 1, sample rate: 100%, sparse: 100%
Fine tuning increased fitness by 4.495146721517074e-8 to 0.9983451984663705 adjusted 162 weights, 6 biases 
Training da53ec10 with 1 binary file, target error: 0.000001, iterations: 1, sample rate: 100%, sparse: 100%
Fine tuning increased fitness by 6.207492220244859e-8 to 0.9983452605412927 adjusted 1 weight 
Training f2532216 with 1 binary file, target error: 0.000001, iterations: 1, sample rate: 100%, sparse: 100%
Fine tuning increased fitness by 1.6782264133929914e-8 to 0.9983452773235568 adjusted 1 weight 
Training 95b6c4b9 with 1 binary file, target error: 0.000001, iterations: 1, sample rate: 100%, sparse: 100%
Fine tuning increased fitness by 5.7263083164116324e-11 to 0.9983452773808199 adjusted 1 weight 
Training 49c3512c with 1 binary file, target error: 0.000001, iterations: 1, sample rate: 100%, sparse: 100%
Training 415c260d with 1 binary file, target error: 0.000001, iterations: 1, sample rate: 100%, sparse: 100%
Fine tuning increased fitness by 5.170579663316133e-7 to 0.998346207311738 adjusted 37 weights, 2 biases 
Training 3c959e7e with 1 binary file, target error: 0.000001, iterations: 1, sample rate: 100%, sparse: 100%
Fine tuning increased fitness by 0.0000014120012065133025 to 0.9983476193129445 adjusted 33 weights, 2 biases 
Training 5f97f5e2 with 1 binary file, target error: 0.000001, iterations: 1, sample rate: 100%, sparse: 100%
Fine tuning increased fitness by 0.0000018075544445661507 to 0.998349426867389 adjusted 32 weights, 2 biases 
Training 12bcb03c with 1 binary file, target error: 0.000001, iterations: 1, sample rate: 100%, sparse: 100%
Fine tuning increased fitness by 2.994764725094967e-7 to 0.9983497263438615 adjusted 32 weights, 2 biases 
Generation 80 score 0.9983497263438615  error 0.0016482526858950504 avg time 530ms
Training fa0f3c88 with 1 binary file, target error: 0.000001, iterations: 1, sample rate: 100%, sparse: 100%
Fine tuning increased fitness by 6.889293580059075e-9 to 0.9983497332331551 adjusted 32 weights, 2 biases 
Training bcb03118 with 1 binary file, target error: 0.000001, iterations: 1, sample rate: 100%, sparse: 100%
Training 0105d11f with 1 binary file, target error: 0.000001, iterations: 1, sample rate: 100%, sparse: 100%
Fine tuning increased fitness by 1.1110569908545642e-8 to 0.9983497632886124 adjusted 32 weights, 2 biases 
Training 8c2ec68d with 1 binary file, target error: 0.000001, iterations: 1, sample rate: 100%, sparse: 100%
Training 8744ff0d with 1 binary file, target error: 0.000001, iterations: 1, sample rate: 100%, sparse: 100%
Training d3c0fe14 with 1 binary file, target error: 0.000001, iterations: 1, sample rate: 100%, sparse: 100%
Backtracking increased fitness by 1.643332570022693e-8 to 0.9983499058238862 adjusted 31 weights, 2 biases
Training 2ef5afbb with 1 binary file, target error: 0.000001, iterations: 1, sample rate: 100%, sparse: 100%
Fine tuning increased fitness by 3.3339104810181652e-9 to 0.9983499091577966 adjusted 31 weights, 2 biases Restored: 1
Training 63010b1a with 1 binary file, target error: 0.000001, iterations: 1, sample rate: 100%, sparse: 100%
Fine tuning increased fitness by 2.0741866002538245e-9 to 0.9983499112319832 adjusted 31 weights, 2 biases Restored: 1
Training d3edff8b with 1 binary file, target error: 0.000001, iterations: 1, sample rate: 100%, sparse: 100%
Fine tuning increased fitness by 1.6350666376396816e-9 to 0.9983499128670499 adjusted 31 weights, 2 biases Restored: 1
Training e7b3eaf3 with 1 binary file, target error: 0.000001, iterations: 1, sample rate: 100%, sparse: 100%
Fine tuning increased fitness by 1.1103373775966929e-10 to 0.9983499129780836 adjusted 31 weights, 2 biases Restored: 1
Generation 90 score 0.9983499129780836  error 0.001648066051700863 avg time 513ms
Training 5af4957b with 1 binary file, target error: 0.000001, iterations: 1, sample rate: 100%, sparse: 100%
Fine tuning increased fitness by 3.054586583672858e-10 to 0.9983499132835423 adjusted 31 weights, 2 biases Restored: 1
Training d7c10614 with 1 binary file, target error: 0.000001, iterations: 1, sample rate: 100%, sparse: 100%
Fine tuning increased fitness by 1.6999604735001839e-7 to 0.9983500832795896 adjusted 31 weights, 2 biases Restored: 1
Training ecdcdacc with 1 binary file, target error: 0.000001, iterations: 1, sample rate: 100%, sparse: 100%
Fine tuning increased fitness by 2.3190441122977745e-8 to 0.9983501064700308 adjusted 1 weight Restored: 1
Training c08f8108 with 1 binary file, target error: 0.000001, iterations: 1, sample rate: 100%, sparse: 100%
Fine tuning increased fitness by 3.856373331778684e-9 to 0.9983501103264041 adjusted 1 weight Restored: 1
Training 34866902 with 1 binary file, target error: 0.000001, iterations: 1, sample rate: 100%, sparse: 100%
Training e61704b7 with 1 binary file, target error: 0.000001, iterations: 1, sample rate: 100%, sparse: 100%
Fine tuning increased fitness by 1.9114954064036738e-10 to 0.9983501105175536 adjusted 1 weight Restored: 1
Training debd1876 with 1 binary file, target error: 0.000001, iterations: 1, sample rate: 100%, sparse: 100%
Fine tuning increased fitness by 2.155520206770234e-11 to 0.9983501105391088 adjusted 1 weight Restored: 1
Training 547e9d28 with 1 binary file, target error: 0.000001, iterations: 1, sample rate: 100%, sparse: 100%
Training 6c79cb3e with 1 binary file, target error: 0.000001, iterations: 1, sample rate: 100%, sparse: 100%
Fine tuning increased fitness by 3.830420425288139e-10 to 0.9983501112336232 adjusted 15 weights, 1 bias 
Training f684f594 with 1 binary file, target error: 0.000001, iterations: 1, sample rate: 100%, sparse: 100%
Fine tuning increased fitness by 3.8326020135315275e-10 to 0.9983501116168834 adjusted 12 weights, 1 bias 
Remove neuron 387a76c6-268c-4a43-a89f-23a63647fd41 as no longer connected
Generation 100 score 0.9983501116168834  error 0.0016478574130418607 avg time 465ms
Training dc13b8ab with 1 binary file, target error: 0.000001, iterations: 1, sample rate: 100%, sparse: 100%
Training 0046f565 with 1 binary file, target error: 0.000001, iterations: 1, sample rate: 100%, sparse: 100%
Training b2584243 with 1 binary file, target error: 0.000001, iterations: 1, sample rate: 100%, sparse: 100%
Training 42752c7a with 1 binary file, target error: 0.000001, iterations: 1, sample rate: 100%, sparse: 100%
Fine tuning increased fitness by 1.0411069228943859e-8 to 0.9983510434959684 adjusted 15 weights, 1 bias 
Training bcde0886 with 1 binary file, target error: 0.000001, iterations: 1, sample rate: 100%, sparse: 100%
Training 5120f278 with 1 binary file, target error: 0.000001, iterations: 1, sample rate: 100%, sparse: 100%
Training 83b5b326 with 1 binary file, target error: 0.000001, iterations: 1, sample rate: 100%, sparse: 100%
Training 4b152fd2 with 1 binary file, target error: 0.000001, iterations: 1, sample rate: 100%, sparse: 100%
Training 377c46e1 with 1 binary file, target error: 0.000001, iterations: 1, sample rate: 100%, sparse: 100%
Training 756175b1 with 1 binary file, target error: 0.000001, iterations: 1, sample rate: 100%, sparse: 100%
Generation 110 score 0.9983512490409894  error 0.0016467199889345428 avg time 495ms
Training 6410107c with 1 binary file, target error: 0.000001, iterations: 1, sample rate: 100%, sparse: 100%
Training c4f86daa with 1 binary file, target error: 0.000001, iterations: 1, sample rate: 100%, sparse: 100%
Fine tuning increased fitness by 1.4680695548108247e-9 to 0.9983512522822565 adjusted 96 weights, 4 biases 
Training e85b4c72 with 1 binary file, target error: 0.000001, iterations: 1, sample rate: 100%, sparse: 100%
Fine tuning increased fitness by 2.172916402365388e-9 to 0.9983512544551729 adjusted 96 weights, 4 biases 
Training 1038694e with 1 binary file, target error: 0.000001, iterations: 1, sample rate: 100%, sparse: 100%
Training d53ca3b8 with 1 binary file, target error: 0.000001, iterations: 1, sample rate: 100%, sparse: 100%
Training 1d21f6a2 with 1 binary file, target error: 0.000001, iterations: 1, sample rate: 100%, sparse: 100%
Training b9eaa6bc with 1 binary file, target error: 0.000001, iterations: 1, sample rate: 100%, sparse: 100%
Fine tuning increased fitness by 5.372784883661552e-9 to 0.9983517434096212 adjusted 126 weights, 5 biases 
Training f9b3d9a1 with 1 binary file, target error: 0.000001, iterations: 1, sample rate: 100%, sparse: 100%
Fine tuning increased fitness by 5.631737298728012e-9 to 0.9983517490413585 adjusted 123 weights, 5 biases 
Training d3ce9d0b with 1 binary file, target error: 0.000001, iterations: 1, sample rate: 100%, sparse: 100%
Fine tuning increased fitness by 4.023840005640267e-8 to 0.9983517892797585 adjusted 123 weights, 5 biases 
Training c139b06a with 1 binary file, target error: 0.000001, iterations: 1, sample rate: 100%, sparse: 100%
Fine tuning increased fitness by 4.1129249006566226e-8 to 0.9983518304090075 adjusted 1 weight 
Generation 120 score 0.9983518304090075  error 0.0016461286210595963 avg time 555ms
Discovered beneficial synapse from input-1417 to output-0 with weight -1.0000, helping 27.2% more records than it harms (1702/3359)
Discovery cc49dc13 analyze time 33s 28ms found 1 candidates
Training e04f9ba2 with 1 binary file, target error: 0.000001, iterations: 1, sample rate: 100%, sparse: 100%
Training 0bf09d58 with 1 binary file, target error: 0.000001, iterations: 1, sample rate: 100%, sparse: 100%
Discovered harmful synapse from input-868 to 387a76c6-268c-4a43-a89f-23a63647fd41, harming 25.3% more records than it helps (819/3359)
Discovery cc49dc13 analyze harmful time 777ms found 1 candidates
Training 9195aba2 with 1 binary file, target error: 0.000001, iterations: 1, sample rate: 100%, sparse: 100%
Fine tuning increased fitness by 5.74184176871384e-8 to 0.9983520613159902 adjusted 99 weights, 4 biases 
Training 705045e4 with 1 binary file, target error: 0.000001, iterations: 1, sample rate: 100%, sparse: 100%
Fine tuning increased fitness by 1.2779626912262643e-8 to 0.9983520740956171 adjusted 96 weights, 4 biases 
Discovery cc49dc13 analyze squashes time 1s 297ms found 1 candidate, Summary: output-2 LeakyReLU -> BIPOLAR improved: 20.6% error: 12.5237 -> 9.9404
Training 2b9a76e5 with 1 binary file, target error: 0.000001, iterations: 1, sample rate: 100%, sparse: 100%
Fine tuning increased fitness by 1.4382962043590908e-8 to 0.9983520884785791 adjusted 96 weights, 4 biases 
Discovery 2b9a76e5 with 1 binary files, sample rate: 100%, batch size: 512
Discovery 2b9a76e5 initialize time 83ms
Discovery 2b9a76e5 processing .trainData-fx_c_88/AUDCAD/data.bin
Over populated 54, expected 50.
Training 65bc02b3 with 1 binary file, target error: 0.000001, iterations: 1, sample rate: 100%, sparse: 100%
Discovery 2b9a76e5 read time 5ms for .trainData-fx_c_88/AUDCAD/data.bin with 3359 records
Discovery 2b9a76e5 scanning time 1s 10ms
Training 2e9c00ec with 1 binary file, target error: 0.000001, iterations: 1, sample rate: 100%, sparse: 100%
Training d47528cd with 1 binary file, target error: 0.000001, iterations: 1, sample rate: 100%, sparse: 100%
Discovery 2b9a76e5 recorded time 1s 739ms
Training e64ea7bc with 1 binary file, target error: 0.000001, iterations: 1, sample rate: 100%, sparse: 100%
Training e8b6bcb3 with 1 binary file, target error: 0.000001, iterations: 1, sample rate: 100%, sparse: 100%
Generation 130 score 0.9983533029190655  error 0.0016446461111447304 avg time 580ms
Training 2fbd8bd7 with 1 binary file, target error: 0.000001, iterations: 1, sample rate: 100%, sparse: 100%
Over populated 52, expected 50.
Training d0bd04aa with 1 binary file, target error: 0.000001, iterations: 1, sample rate: 100%, sparse: 100%
Fine tuning increased fitness by 1.4947608151238967e-8 to 0.9983533178666737 adjusted 92 weights, 3 biases 
Training d7630e94 with 1 binary file, target error: 0.000001, iterations: 1, sample rate: 100%, sparse: 100%
Fine tuning increased fitness by 1.4007139137461877e-7 to 0.9983534579380651 adjusted 92 weights, 3 biases 
Training a638096a with 1 binary file, target error: 0.000001, iterations: 1, sample rate: 100%, sparse: 100%
Fine tuning increased fitness by 2.369522008605074e-7 to 0.9983536948902659 adjusted 92 weights, 3 biases 
Over populated 52, expected 50.
Training 2ed629f7 with 1 binary file, target error: 0.000001, iterations: 1, sample rate: 100%, sparse: 100%
Training 793f8032 with 1 binary file, target error: 0.000001, iterations: 1, sample rate: 100%, sparse: 100%
Fine tuning increased fitness by 1.287866165933238e-7 to 0.998354282672254 adjusted 92 weights, 3 biases 
Training e6f5b31e with 1 binary file, target error: 0.000001, iterations: 1, sample rate: 100%, sparse: 100%
Fine tuning increased fitness by 7.476518149029943e-8 to 0.9983543574374355 adjusted 92 weights, 3 biases 
Over populated 52, expected 50.
Training 60d81a15 with 1 binary file, target error: 0.000001, iterations: 1, sample rate: 100%, sparse: 100%
Training 8e02dcf3 with 1 binary file, target error: 0.000001, iterations: 1, sample rate: 100%, sparse: 100%
Fine tuning increased fitness by 3.495020874932919e-7 to 0.9983549485605041 adjusted 2 weights 
Training 8c428b40 with 1 binary file, target error: 0.000001, iterations: 1, sample rate: 100%, sparse: 100%
Fine tuning increased fitness by 1.236411798499759e-7 to 0.998355072201684 adjusted 2 weights 
Generation 140 score 0.998355072201684  error 0.00164285682877313 avg time 561ms
Training 2c65d00b with 1 binary file, target error: 0.000001, iterations: 1, sample rate: 100%, sparse: 100%
Fine tuning increased fitness by 1.5925646357217715e-9 to 0.9983550737942486 adjusted 2 weights 
Training 6cf531fb with 1 binary file, target error: 0.000001, iterations: 1, sample rate: 100%, sparse: 100%
Training afb4b732 with 1 binary file, target error: 0.000001, iterations: 1, sample rate: 100%, sparse: 100%
Fine tuning increased fitness by 3.9435771315154966e-8 to 0.9983552442974758 adjusted 82 weights, 4 biases 
Training 601a9f17 with 1 binary file, target error: 0.000001, iterations: 1, sample rate: 100%, sparse: 100%
Training 5cd13583 with 1 binary file, target error: 0.000001, iterations: 1, sample rate: 100%, sparse: 100%
Training bb5ccd8b with 1 binary file, target error: 0.000001, iterations: 1, sample rate: 100%, sparse: 100%
Training aa43c037 with 1 binary file, target error: 0.000001, iterations: 1, sample rate: 100%, sparse: 100%
Fine tuning increased fitness by 2.2025980783713095e-7 to 0.998355669721586 adjusted 138 weights, 5 biases 
Training 0c2f325d with 1 binary file, target error: 0.000001, iterations: 1, sample rate: 100%, sparse: 100%
Fine tuning increased fitness by 3.3038604574375796e-7 to 0.9983560001076317 adjusted 138 weights, 5 biases 
Training 53a539f8 with 1 binary file, target error: 0.000001, iterations: 1, sample rate: 100%, sparse: 100%
Fine tuning increased fitness by 5.859075525860291e-7 to 0.9983565860151843 adjusted 138 weights, 5 biases 
Training f363162a with 1 binary file, target error: 0.000001, iterations: 1, sample rate: 100%, sparse: 100%
Fine tuning increased fitness by 6.237292773381142e-7 to 0.9983572097444616 adjusted 138 weights, 5 biases 
Over populated 52, expected 50.
Generation 150 score 0.9983572097444616  error 0.0016407192859407178 avg time 555ms
Training af123b4e with 1 binary file, target error: 0.000001, iterations: 1, sample rate: 100%, sparse: 100%
Fine tuning increased fitness by 1.8745368957073794e-7 to 0.9983573971981512 adjusted 138 weights, 5 biases 
Training fd3aabd5 with 1 binary file, target error: 0.000001, iterations: 1, sample rate: 100%, sparse: 100%
Fine tuning increased fitness by 7.101521704022673e-8 to 0.9983574682133682 adjusted 138 weights, 5 biases 
Training 7ff0b35c with 1 binary file, target error: 0.000001, iterations: 1, sample rate: 100%, sparse: 100%
Fine tuning increased fitness by 4.4053894088236234e-8 to 0.9983575122672623 adjusted 138 weights, 5 biases 
Training c1d5ee18 with 1 binary file, target error: 0.000001, iterations: 1, sample rate: 100%, sparse: 100%
Fine tuning increased fitness by 3.948352633731389e-8 to 0.9983575517507887 adjusted 138 weights, 5 biases 
Over populated 52, expected 50.
Training 66f27583 with 1 binary file, target error: 0.000001, iterations: 1, sample rate: 100%, sparse: 100%
Fine tuning increased fitness by 6.057052248653605e-8 to 0.9983576123213111 adjusted 146 weights, 6 biases 
Training 023bd8fb with 1 binary file, target error: 0.000001, iterations: 1, sample rate: 100%, sparse: 100%
Fine tuning increased fitness by 5.31278759874354e-8 to 0.9983576654491871 adjusted 179 weights, 6 biases 
Training 7fa2a0d9 with 1 binary file, target error: 0.000001, iterations: 1, sample rate: 100%, sparse: 100%
Fine tuning increased fitness by 4.946422271778772e-8 to 0.9983577149134099 adjusted 179 weights, 6 biases 
Training 425d803f with 1 binary file, target error: 0.000001, iterations: 1, sample rate: 100%, sparse: 100%
Fine tuning increased fitness by 1.5360265837038867e-8 to 0.9983577302736757 adjusted 179 weights, 6 biases 
Training ade8204f with 1 binary file, target error: 0.000001, iterations: 1, sample rate: 100%, sparse: 100%
Fine tuning increased fitness by 3.7304769384682857e-8 to 0.9983577675784451 adjusted 179 weights, 6 biases 
Over populated 52, expected 50.
Training 5a62ee0e with 1 binary file, target error: 0.000001, iterations: 1, sample rate: 100%, sparse: 100%
Fine tuning increased fitness by 3.981825835719377e-8 to 0.9983578073967034 adjusted 179 weights, 6 biases 
Generation 160 score 0.9983578073967034  error 0.0016401216336697215 avg time 607ms
Training 2157b733 with 1 binary file, target error: 0.000001, iterations: 1, sample rate: 100%, sparse: 100%
Training 1f26fc53 with 1 binary file, target error: 0.000001, iterations: 1, sample rate: 100%, sparse: 100%
Fine tuning increased fitness by 1.009828187736872e-7 to 0.9983579610322384 adjusted 2 weights 
Training c61518db with 1 binary file, target error: 0.000001, iterations: 1, sample rate: 100%, sparse: 100%
Fine tuning increased fitness by 1.4791718350171124e-7 to 0.9983581089494219 adjusted 2 weights 
Training 0ae4d9ec with 1 binary file, target error: 0.000001, iterations: 1, sample rate: 100%, sparse: 100%
Fine tuning increased fitness by 8.607829260487421e-8 to 0.9983581950277145 adjusted 2 weights 
Training 4a010f5c with 1 binary file, target error: 0.000001, iterations: 1, sample rate: 100%, sparse: 100%
Training 2b8da15d with 1 binary file, target error: 0.000001, iterations: 1, sample rate: 100%, sparse: 100%
Training b94dd6a2 with 1 binary file, target error: 0.000001, iterations: 1, sample rate: 100%, sparse: 100%
Fine tuning increased fitness by 2.6752875359470352e-8 to 0.9983582244716896 adjusted 170 weights, 6 biases 
Training cbdb17e2 with 1 binary file, target error: 0.000001, iterations: 1, sample rate: 100%, sparse: 100%
Fine tuning increased fitness by 2.2545386335615092e-8 to 0.998358247017076 adjusted 170 weights, 6 biases 
Training 49a1ed05 with 1 binary file, target error: 0.000001, iterations: 1, sample rate: 100%, sparse: 100%
Fine tuning increased fitness by 3.410106330647977e-8 to 0.9983582811181393 adjusted 170 weights, 6 biases 
Training 41faa455 with 1 binary file, target error: 0.000001, iterations: 1, sample rate: 100%, sparse: 100%
Fine tuning increased fitness by 1.3711660806769999e-8 to 0.9983582948298001 adjusted 170 weights, 6 biases 
Generation 170 score 0.9983582948298001  error 0.0016396142008345998 avg time 534ms
Training c5e4e92f with 1 binary file, target error: 0.000001, iterations: 1, sample rate: 100%, sparse: 100%
Fine tuning increased fitness by 2.88928148073353e-9 to 0.9983582977190816 adjusted 170 weights, 6 biases 
Training 8f41d11b with 1 binary file, target error: 0.000001, iterations: 1, sample rate: 100%, sparse: 100%
Training 1b3c5693 with 1 binary file, target error: 0.000001, iterations: 1, sample rate: 100%, sparse: 100%
Fine tuning increased fitness by 2.508149055113762e-8 to 0.9983583287702438 adjusted 165 weights, 6 biases 
Over populated 52, expected 50.
Training bedcdf64 with 1 binary file, target error: 0.000001, iterations: 1, sample rate: 100%, sparse: 100%
Fine tuning increased fitness by 1.9827049779763684e-8 to 0.9983583485972936 adjusted 165 weights, 6 biases 
Training 0284e177 with 1 binary file, target error: 0.000001, iterations: 1, sample rate: 100%, sparse: 100%
Fine tuning increased fitness by 1.2463781784433081e-8 to 0.9983583610610753 adjusted 165 weights, 6 biases 
Training 28a0411f with 1 binary file, target error: 0.000001, iterations: 1, sample rate: 100%, sparse: 100%
Fine tuning increased fitness by 1.2505439239696159e-8 to 0.9983583735665146 adjusted 165 weights, 6 biases 
Training c9b98796 with 1 binary file, target error: 0.000001, iterations: 1, sample rate: 100%, sparse: 100%
Over populated 52, expected 50.
Training d3371c00 with 1 binary file, target error: 0.000001, iterations: 1, sample rate: 100%, sparse: 100%
Training 6cb4a147 with 1 binary file, target error: 0.000001, iterations: 1, sample rate: 100%, sparse: 100%
Fine tuning increased fitness by 0.000001510933388293445 to 0.9983610737107542 adjusted 1 weight 
Training b16db33e with 1 binary file, target error: 0.000001, iterations: 1, sample rate: 100%, sparse: 100%
Fine tuning increased fitness by 7.817400122789309e-7 to 0.9983618554507665 adjusted 1 weight 
Generation 180 score 0.9983618554507665  error 0.0016360435800052068 avg time 596ms
Training ca29d01e with 1 binary file, target error: 0.000001, iterations: 1, sample rate: 100%, sparse: 100%
Fine tuning increased fitness by 1.7985710698553703e-9 to 0.9983618572493376 adjusted 1 weight 
Training 385170f6 with 1 binary file, target error: 0.000001, iterations: 1, sample rate: 100%, sparse: 100%
Training 6ed3705b with 1 binary file, target error: 0.000001, iterations: 1, sample rate: 100%, sparse: 100%
Fine tuning increased fitness by 2.6303693556606333e-8 to 0.9983618967885857 adjusted 71 weights, 2 biases 
Training 8920e813 with 1 binary file, target error: 0.000001, iterations: 1, sample rate: 100%, sparse: 100%
Fine tuning increased fitness by 3.133606285565804e-8 to 0.9983619281246485 adjusted 71 weights, 2 biases 
Training f73b66c1 with 1 binary file, target error: 0.000001, iterations: 1, sample rate: 100%, sparse: 100%
Fine tuning increased fitness by 6.18768829507843e-8 to 0.9983619900015315 adjusted 70 weights, 2 biases 
Training 8a141d10 with 1 binary file, target error: 0.000001, iterations: 1, sample rate: 100%, sparse: 100%
Fine tuning increased fitness by 2.0905709940954864e-8 to 0.9983620109072414 adjusted 70 weights, 2 biases 
Training 27556f94 with 1 binary file, target error: 0.000001, iterations: 1, sample rate: 100%, sparse: 100%
Fine tuning increased fitness by 6.526272744444839e-9 to 0.9983620174335142 adjusted 70 weights, 2 biases 
Discovered beneficial synapse from input-1417 to output-0 with weight -1.0000, helping 26.3% more records than it harms (1705/3359)
Discovery 2b9a76e5 analyze time 33s 346ms found 1 candidates
Training b0b4a13c with 1 binary file, target error: 0.000001, iterations: 1, sample rate: 100%, sparse: 100%
Fine tuning increased fitness by 7.757969761046368e-7 to 0.9983627932304903 adjusted 70 weights, 2 biases 
Discovered harmful synapse from input-868 to 387a76c6-268c-4a43-a89f-23a63647fd41, harming 24.2% more records than it helps (857/3359)
Discovery 2b9a76e5 analyze harmful time 792ms found 1 candidates
Training 10b31334 with 1 binary file, target error: 0.000001, iterations: 1, sample rate: 100%, sparse: 100%
Fine tuning increased fitness by 4.543816662927469e-7 to 0.9983632476121566 adjusted 1 weight 
Training fc09860e with 1 binary file, target error: 0.000001, iterations: 1, sample rate: 100%, sparse: 100%
Fine tuning increased fitness by 8.746071977761005e-9 to 0.9983632563582285 adjusted 1 weight 
Generation 190 score 0.9983632563582285  error 0.0016346326726846125 avg time 512ms
Training 9c444238 with 1 binary file, target error: 0.000001, iterations: 1, sample rate: 100%, sparse: 100%
Discovery 2b9a76e5 analyze squashes time 1s 319ms found 1 candidate, Summary: output-2 LeakyReLU -> BIPOLAR improved: 20.6% error: 12.5278 -> 9.9424
Training 01386d3c with 1 binary file, target error: 0.000001, iterations: 1, sample rate: 100%, sparse: 100%
Discovery 01386d3c with 1 binary files, sample rate: 100%, batch size: 512
Discovery 01386d3c initialize time 77ms
Discovery 01386d3c processing .trainData-fx_c_88/AUDCAD/data.bin
Training 1ea1f6fb with 1 binary file, target error: 0.000001, iterations: 1, sample rate: 100%, sparse: 100%
Fine tuning increased fitness by 3.1099792741073884e-8 to 0.9983635028588993 adjusted 20 weights, 1 bias 
Training bbe03aeb with 1 binary file, target error: 0.000001, iterations: 1, sample rate: 100%, sparse: 100%
Discovery 01386d3c read time 7ms for .trainData-fx_c_88/AUDCAD/data.bin with 3359 records
Fine tuning increased fitness by 7.672139024084146e-8 to 0.9983635795802895 adjusted 20 weights, 1 bias 
Discovery 01386d3c scanning time 940ms
Training dbf467e2 with 1 binary file, target error: 0.000001, iterations: 1, sample rate: 100%, sparse: 100%
Fine tuning increased fitness by 4.677519249707274e-8 to 0.998363626355482 adjusted 36 weights, 1 bias 
Discovery 01386d3c recorded time 1s 752ms
Training 2632f765 with 1 binary file, target error: 0.000001, iterations: 1, sample rate: 100%, sparse: 100%
Fine tuning increased fitness by 3.253327096608416e-8 to 0.998363658888753 adjusted 36 weights, 1 bias 
Training c132a81e with 1 binary file, target error: 0.000001, iterations: 1, sample rate: 100%, sparse: 100%
Fine tuning increased fitness by 2.1840727781885505e-8 to 0.9983636807294808 adjusted 36 weights, 1 bias 
Training 50db82b5 with 1 binary file, target error: 0.000001, iterations: 1, sample rate: 100%, sparse: 100%
Fine tuning increased fitness by 8.607705792584852e-8 to 0.9983637668065387 adjusted 36 weights, 1 bias 
Training 819cdb72 with 1 binary file, target error: 0.000001, iterations: 1, sample rate: 100%, sparse: 100%
Training 4e5185de with 1 binary file, target error: 0.000001, iterations: 1, sample rate: 100%, sparse: 100%
Generation 200 score 0.9983637668065387  error 0.0016341022246534273 avg time 533ms
Training 22bedd1c with 1 binary file, target error: 0.000001, iterations: 1, sample rate: 100%, sparse: 100%
Fine tuning increased fitness by 1.315059172668498e-11 to 0.9983637668196893 adjusted 1 weight 
Training 7e1dc5a0 with 1 binary file, target error: 0.000001, iterations: 1, sample rate: 100%, sparse: 100%
Training 7eed37df with 1 binary file, target error: 0.000001, iterations: 1, sample rate: 100%, sparse: 100%
Training 35b8f130 with 1 binary file, target error: 0.000001, iterations: 1, sample rate: 100%, sparse: 100%
Training 977f7556 with 1 binary file, target error: 0.000001, iterations: 1, sample rate: 100%, sparse: 100%
Training 47f2288a with 1 binary file, target error: 0.000001, iterations: 1, sample rate: 100%, sparse: 100%
Training e8bbb659 with 1 binary file, target error: 0.000001, iterations: 1, sample rate: 100%, sparse: 100%
Training 8a0d6be2 with 1 binary file, target error: 0.000001, iterations: 1, sample rate: 100%, sparse: 100%
Training 52ed73d1 with 1 binary file, target error: 0.000001, iterations: 1, sample rate: 100%, sparse: 100%
Fine tuning increased fitness by 1.970655749694572e-9 to 0.9983641400194376 adjusted 126 weights, 6 biases 
Training eaa1072a with 1 binary file, target error: 0.000001, iterations: 1, sample rate: 100%, sparse: 100%
Fine tuning increased fitness by 2.864677169922558e-7 to 0.9983644264871546 adjusted 126 weights, 6 biases 
Generation 210 score 0.9983644264871546  error 0.0016334425440291986 avg time 522ms
Training fe6c53ad with 1 binary file, target error: 0.000001, iterations: 1, sample rate: 100%, sparse: 100%
Fine tuning increased fitness by 2.478447520548599e-7 to 0.9983646743319067 adjusted 1 weight 
Training dc441459 with 1 binary file, target error: 0.000001, iterations: 1, sample rate: 100%, sparse: 100%
Fine tuning increased fitness by 1.1301365621108062e-8 to 0.9983646856332723 adjusted 1 weight 
Training 5f8888a6 with 1 binary file, target error: 0.000001, iterations: 1, sample rate: 100%, sparse: 100%
Training 7331192f with 1 binary file, target error: 0.000001, iterations: 1, sample rate: 100%, sparse: 100%
Training 9c7d3a36 with 1 binary file, target error: 0.000001, iterations: 1, sample rate: 100%, sparse: 100%
Fine tuning increased fitness by 0.0000014348339496539353 to 0.9983671513451462 adjusted 3 weights 
Training 11b67e18 with 1 binary file, target error: 0.000001, iterations: 1, sample rate: 100%, sparse: 100%
Fine tuning increased fitness by 9.739374291495295e-7 to 0.9983681252825753 adjusted 3 weights 
Training 63d87bb8 with 1 binary file, target error: 0.000001, iterations: 1, sample rate: 100%, sparse: 100%
Fine tuning increased fitness by 2.6884543369298797e-8 to 0.9983681521671187 adjusted 3 weights 
Training 6a39cbab with 1 binary file, target error: 0.000001, iterations: 1, sample rate: 100%, sparse: 100%
Training ca002565 with 1 binary file, target error: 0.000001, iterations: 1, sample rate: 100%, sparse: 100%
Fine tuning increased fitness by 6.435026511653064e-9 to 0.9983681586021452 adjusted 135 weights, 6 biases 
Training a8d83b1a with 1 binary file, target error: 0.000001, iterations: 1, sample rate: 100%, sparse: 100%
Fine tuning increased fitness by 2.6798915309100835e-9 to 0.9983681612820368 adjusted 135 weights, 6 biases 
Generation 220 score 0.9983681612820368  error 0.0016296777495480412 avg time 519ms
Training 8235d190 with 1 binary file, target error: 0.000001, iterations: 1, sample rate: 100%, sparse: 100%
Training cb6e2065 with 1 binary file, target error: 0.000001, iterations: 1, sample rate: 100%, sparse: 100%
Fine tuning increased fitness by 9.52009041599311e-8 to 0.9983682610781638 adjusted 135 weights, 6 biases 
Over populated 52, expected 50.
Training f545e644 with 1 binary file, target error: 0.000001, iterations: 1, sample rate: 100%, sparse: 100%
Training 8d097693 with 1 binary file, target error: 0.000001, iterations: 1, sample rate: 100%, sparse: 100%
Fine tuning increased fitness by 1.0115833726231926e-9 to 0.9983683288681959 adjusted 134 weights, 6 biases 
Training 02395e3d with 1 binary file, target error: 0.000001, iterations: 1, sample rate: 100%, sparse: 100%
Fine tuning increased fitness by 2.735343973547799e-8 to 0.9983683562216357 adjusted 134 weights, 6 biases 
Training cbf1faac with 1 binary file, target error: 0.000001, iterations: 1, sample rate: 100%, sparse: 100%
Fine tuning increased fitness by 2.3329320808507248e-8 to 0.9983683795509565 adjusted 134 weights, 6 biases 
Over populated 52, expected 50.
Training 262c0e09 with 1 binary file, target error: 0.000001, iterations: 1, sample rate: 100%, sparse: 100%
Fine tuning increased fitness by 1.3237585250180928e-8 to 0.9983683927885417 adjusted 134 weights, 6 biases 
Training 3a34bbe7 with 1 binary file, target error: 0.000001, iterations: 1, sample rate: 100%, sparse: 100%
Training 085a2d4e with 1 binary file, target error: 0.000001, iterations: 1, sample rate: 100%, sparse: 100%
Fine tuning increased fitness by 4.3665654980706847e-7 to 0.9983723147660604 adjusted 134 weights, 6 biases 
Training 64db2d05 with 1 binary file, target error: 0.000001, iterations: 1, sample rate: 100%, sparse: 100%
Fine tuning increased fitness by 1.2858401121640384e-8 to 0.9983723276244615 adjusted 134 weights, 6 biases 
Generation 230 score 0.9983723276244615  error 0.0016255014072181215 avg time 594ms
Training 4fcd1eab with 1 binary file, target error: 0.000001, iterations: 1, sample rate: 100%, sparse: 100%
Fine tuning increased fitness by 1.1933039223421815e-8 to 0.9983723395575007 adjusted 134 weights, 6 biases 
Over populated 52, expected 50.
Training e3811852 with 1 binary file, target error: 0.000001, iterations: 1, sample rate: 100%, sparse: 100%
Training e689ced6 with 1 binary file, target error: 0.000001, iterations: 1, sample rate: 100%, sparse: 100%
Training c0d4b589 with 1 binary file, target error: 0.000001, iterations: 1, sample rate: 100%, sparse: 100%
Over populated 52, expected 50.
Training bfba1033 with 1 binary file, target error: 0.000001, iterations: 1, sample rate: 100%, sparse: 100%
Training 0c68cf42 with 1 binary file, target error: 0.000001, iterations: 1, sample rate: 100%, sparse: 100%
Fine tuning increased fitness by 7.170750426777062e-8 to 0.9983726224912501 adjusted 105 weights, 3 biases 
Training 26c2a797 with 1 binary file, target error: 0.000001, iterations: 1, sample rate: 100%, sparse: 100%
Training 46628970 with 1 binary file, target error: 0.000001, iterations: 1, sample rate: 100%, sparse: 100%
Fine tuning increased fitness by 2.3013008498828924e-8 to 0.9983726940759134 adjusted 120 weights, 4 biases 
Training febdbd71 with 1 binary file, target error: 0.000001, iterations: 1, sample rate: 100%, sparse: 100%
Fine tuning increased fitness by 1.3167774870481708e-8 to 0.9983727072436883 adjusted 120 weights, 3 biases 
Training e3deed3c with 1 binary file, target error: 0.000001, iterations: 1, sample rate: 100%, sparse: 100%
Fine tuning increased fitness by 5.833716842928993e-9 to 0.9983727130774052 adjusted 120 weights, 3 biases 
Generation 240 score 0.9983727130774052  error 0.0016251159542797198 avg time 578ms
Training 4002501f with 1 binary file, target error: 0.000001, iterations: 1, sample rate: 100%, sparse: 100%
Fine tuning increased fitness by 5.024098026495949e-9 to 0.9983727181015032 adjusted 120 weights, 3 biases 
Training ce6a210f with 1 binary file, target error: 0.000001, iterations: 1, sample rate: 100%, sparse: 100%
Fine tuning increased fitness by 5.970753336193013e-9 to 0.9983727240722565 adjusted 120 weights, 3 biases 
Training ad605f1e with 1 binary file, target error: 0.000001, iterations: 1, sample rate: 100%, sparse: 100%
Training 9539ffe0 with 1 binary file, target error: 0.000001, iterations: 1, sample rate: 100%, sparse: 100%
Training fb6d329f with 1 binary file, target error: 0.000001, iterations: 1, sample rate: 100%, sparse: 100%
Fine tuning increased fitness by 2.9275464719091815e-8 to 0.9983727703453402 adjusted 71 weights, 2 biases 
Training cdd0f2e5 with 1 binary file, target error: 0.000001, iterations: 1, sample rate: 100%, sparse: 100%
Fine tuning increased fitness by 2.5372539513845993e-8 to 0.9983727957178797 adjusted 71 weights, 2 biases 
Training 752de88e with 1 binary file, target error: 0.000001, iterations: 1, sample rate: 100%, sparse: 100%
Fine tuning increased fitness by 3.308159812753786e-8 to 0.9983728287994779 adjusted 71 weights, 2 biases 
Training b079c653 with 1 binary file, target error: 0.000001, iterations: 1, sample rate: 100%, sparse: 100%
Fine tuning increased fitness by 4.241959461470657e-8 to 0.9983728712190725 adjusted 71 weights, 2 biases 
Training f10adb7c with 1 binary file, target error: 0.000001, iterations: 1, sample rate: 100%, sparse: 100%
Fine tuning increased fitness by 4.863149771772157e-8 to 0.9983729198505702 adjusted 71 weights, 2 biases 
Training 222765f6 with 1 binary file, target error: 0.000001, iterations: 1, sample rate: 100%, sparse: 100%
Fine tuning increased fitness by 4.7848923823146094e-8 to 0.998372967699494 adjusted 71 weights, 2 biases 
Generation 250 score 0.998372967699494  error 0.0016248613321952876 avg time 565ms
Training 41130643 with 1 binary file, target error: 0.000001, iterations: 1, sample rate: 100%, sparse: 100%
Fine tuning increased fitness by 8.669254492055245e-8 to 0.9983730543920389 adjusted 71 weights, 2 biases 
Training 37eecc96 with 1 binary file, target error: 0.000001, iterations: 1, sample rate: 100%, sparse: 100%
Fine tuning increased fitness by 1.0318155208022262e-7 to 0.998373157573591 adjusted 71 weights, 2 biases 
Training d67ca911 with 1 binary file, target error: 0.000001, iterations: 1, sample rate: 100%, sparse: 100%
Fine tuning increased fitness by 1.1012260547893504e-7 to 0.9983732676961965 adjusted 71 weights, 2 biases 
Training b69e4651 with 1 binary file, target error: 0.000001, iterations: 1, sample rate: 100%, sparse: 100%
Training 4ee73cbb with 1 binary file, target error: 0.000001, iterations: 1, sample rate: 100%, sparse: 100%
Fine tuning increased fitness by 7.226042580965597e-7 to 0.9983744814418559 adjusted 91 weights, 2 biases 
Discovered beneficial synapse from input-1417 to output-0 with weight -1.0000, helping 25.5% more records than it harms (1704/3359)
Discovery 01386d3c analyze time 33s 208ms found 1 candidates
Training 6a3373e9 with 1 binary file, target error: 0.000001, iterations: 1, sample rate: 100%, sparse: 100%
Training 9e672b38 with 1 binary file, target error: 0.000001, iterations: 1, sample rate: 100%, sparse: 100%
Fine tuning increased fitness by 9.631094255446726e-8 to 0.9983751394391811 adjusted 138 weights, 3 biases 
Discovered harmful synapse from 387a76c6-268c-4a43-a89f-23a63647fd41 to output-0, harming 23.4% more records than it helps (883/3359)
Discovery 01386d3c analyze harmful time 832ms found 1 candidates
Training 64528a11 with 1 binary file, target error: 0.000001, iterations: 1, sample rate: 100%, sparse: 100%
Fine tuning increased fitness by 6.626586224189879e-8 to 0.9983752057050433 adjusted 137 weights, 3 biases 
Training 6dcf12a7 with 1 binary file, target error: 0.000001, iterations: 1, sample rate: 100%, sparse: 100%
Discovery 01386d3c analyze squashes time 1s 373ms found 1 candidate, Summary: output-2 LeakyReLU -> BIPOLAR improved: 20.6% error: 12.5220 -> 9.9377
Training 4196cf66 with 1 binary file, target error: 0.000001, iterations: 1, sample rate: 100%, sparse: 100%
Fine tuning increased fitness by 4.4506278795708454e-7 to 0.9983758720608712 adjusted 164 weights, 4 biases 
Discovery 4196cf66 with 1 binary files, sample rate: 100%, batch size: 512
Discovery 4196cf66 initialize time 90ms
Discovery 4196cf66 processing .trainData-fx_c_88/AUDCAD/data.bin
Over populated 53, expected 50.
Generation 260 score 0.9983758720608712  error 0.0016219569707973424 avg time 581ms
Training c585b1e4 with 1 binary file, target error: 0.000001, iterations: 1, sample rate: 100%, sparse: 100%
Fine tuning increased fitness by 5.845254463787697e-7 to 0.9983764565863176 adjusted 164 weights, 4 biases 
Discovery 4196cf66 read time 7ms for .trainData-fx_c_88/AUDCAD/data.bin with 3359 records
Discovery 4196cf66 scanning time 1s 13ms
Training 45044b0f with 1 binary file, target error: 0.000001, iterations: 1, sample rate: 100%, sparse: 100%
Fine tuning increased fitness by 8.093388417229619e-7 to 0.9983772659251593 adjusted 164 weights, 4 biases 
Training 91bb6ee1 with 1 binary file, target error: 0.000001, iterations: 1, sample rate: 100%, sparse: 100%
Fine tuning increased fitness by 0.0000015401377994050947 to 0.9983788060629587 adjusted 162 weights, 4 biases 
Discovery 4196cf66 recorded time 1s 783ms
Training d87572ef with 1 binary file, target error: 0.000001, iterations: 1, sample rate: 100%, sparse: 100%
Fine tuning increased fitness by 3.14185166772063e-7 to 0.9983791202481255 adjusted 162 weights, 4 biases 
Training 4ef6fb6a with 1 binary file, target error: 0.000001, iterations: 1, sample rate: 100%, sparse: 100%
Fine tuning increased fitness by 0.0000013986364832963005 to 0.9983805188846088 adjusted 162 weights, 4 biases 
Training 8a9bfa03 with 1 binary file, target error: 0.000001, iterations: 1, sample rate: 100%, sparse: 100%
Fine tuning increased fitness by 9.554628003227705e-7 to 0.9983814743474091 adjusted 162 weights, 4 biases 
Training 616c61f4 with 1 binary file, target error: 0.000001, iterations: 1, sample rate: 100%, sparse: 100%
Fine tuning increased fitness by 6.664032963232813e-7 to 0.9983821407507054 adjusted 162 weights, 4 biases 
Training 49707221 with 1 binary file, target error: 0.000001, iterations: 1, sample rate: 100%, sparse: 100%
Fine tuning increased fitness by 2.740179964044742e-7 to 0.9983824147687018 adjusted 162 weights, 4 biases 
Training 50ce2768 with 1 binary file, target error: 0.000001, iterations: 1, sample rate: 100%, sparse: 100%
Training 0a81737d with 1 binary file, target error: 0.000001, iterations: 1, sample rate: 100%, sparse: 100%
Generation 270 score 0.9983836467843193  error 0.0016141522477277756 avg time 596ms
Training 5ca09ca0 with 1 binary file, target error: 0.000001, iterations: 1, sample rate: 100%, sparse: 100%
Training a5157e58 with 1 binary file, target error: 0.000001, iterations: 1, sample rate: 100%, sparse: 100%
Training dad1732e with 1 binary file, target error: 0.000001, iterations: 1, sample rate: 100%, sparse: 100%
Training 1177c352 with 1 binary file, target error: 0.000001, iterations: 1, sample rate: 100%, sparse: 100%
Training b3af4533 with 1 binary file, target error: 0.000001, iterations: 1, sample rate: 100%, sparse: 100%
Fine tuning increased fitness by 1.796664099718015e-7 to 0.9983854347824028 adjusted 187 weights, 4 biases 
Fine tuning increased fitness by 2.0712966075642214e-7 to 0.9983856419120636 adjusted 187 weights, 4 biases 
Fine tuning increased fitness by 5.320650628970469e-7 to 0.9983861739771265 adjusted 186 weights, 4 biases 
Fine tuning increased fitness by 6.112733006435889e-7 to 0.9983867852504271 adjusted 186 weights, 4 biases 
Generation 280 score 0.9983875678045406  error 0.0016102212278514885 avg time 589ms
Fine tuning increased fitness by 6.321240182405319e-7 to 0.9983881999285589 adjusted 186 weights, 4 biases 
Fine tuning increased fitness by 4.5717639129971843e-7 to 0.9983886571049502 adjusted 186 weights, 4 biases 
Fine tuning increased fitness by 1.0557545582212668e-7 to 0.998388762680406 adjusted 186 weights, 4 biases 
Fine tuning increased fitness by 2.438356613287951e-7 to 0.9983890065160673 adjusted 186 weights, 4 biases 
Fine tuning increased fitness by 8.822054408108571e-7 to 0.9983898887215081 adjusted 185 weights, 4 biases 
Fine tuning increased fitness by 3.9351225822326086e-7 to 0.9983902822337664 adjusted 185 weights, 4 biases 
Fine tuning increased fitness by 0.0000010340727927271587 to 0.9983922082832843 adjusted 185 weights, 4 biases 
Fine tuning increased fitness by 0.0000010121052770317718 to 0.9983932203885614 adjusted 185 weights, 4 biases 
Fine tuning increased fitness by 4.6348649462846225e-7 to 0.998393683875056 adjusted 185 weights, 4 biases 
Generation 290 score 0.998393683875056  error 0.00160410515677268 avg time 604ms
Fine tuning increased fitness by 2.195198809396004e-7 to 0.9983951707346966 adjusted 184 weights, 4 biases 
Fine tuning increased fitness by 1.391842796572007e-8 to 0.9983959481719442 adjusted 32 weights, 1 bias 
Generation 300 score 0.9983959481719442  error 0.0016018308597381358 avg time 600ms
Fine tuning increased fitness by 6.184002458997639e-7 to 0.9983965665721901 adjusted 32 weights, 1 bias 
Fine tuning increased fitness by 1.651962855397926e-8 to 0.998397038374356 adjusted 20 weights, 1 bias 
Fine tuning increased fitness by 1.7570954247148052e-8 to 0.9983970559453103 adjusted 20 weights, 1 bias 
Fine tuning increased fitness by 1.5845949696835504e-7 to 0.9983973254229226 adjusted 21 weights, 1 bias 
Fine tuning increased fitness by 2.084921660872041e-7 to 0.9983975339150887 adjusted 21 weights, 1 bias 
Fine tuning increased fitness by 5.5904643692095135e-8 to 0.9983975898197324 adjusted 21 weights, 1 bias 
Generation 310 score 0.9983975898197324  error 0.0016001792120928565 avg time 512ms
Fine tuning increased fitness by 8.701041176450985e-8 to 0.9983977026995635 adjusted 22 weights, 1 bias 
Fine tuning increased fitness by 1.8200377782662258e-7 to 0.9983978847033413 adjusted 22 weights, 1 bias 
Fine tuning increased fitness by 4.427538931039976e-7 to 0.9983983274572344 adjusted 21 weights, 1 bias 
Fine tuning increased fitness by 8.174668240101823e-7 to 0.9983991449240585 adjusted 21 weights 
Fine tuning increased fitness by 7.735239104800229e-8 to 0.9983996390372678 adjusted 21 weights, 1 bias 
Generation 320 score 0.9984032489530119  error 0.0015945000788276775 avg time 542ms
Fine tuning increased fitness by 0.000006695813861812283 to 0.9984099447668737 adjusted 22 weights, 1 bias 
Discovered beneficial synapse from input-79 to output-4 with weight -1.0000, helping 27.7% more records than it harms (2144/3359)
Discovery 4196cf66 analyze time 33s 154ms found 1 candidates
Discovered harmful synapse from 387a76c6-268c-4a43-a89f-23a63647fd41 to output-0, harming 22.7% more records than it helps (908/3359)
Discovery 4196cf66 analyze harmful time 866ms found 1 candidates
Retrying increased fitness by 0.000012938176355392628 to 0.9984304430746512 adjusted 22 weights, 1 bias
Discovery 4196cf66 analyze squashes time 1s 244ms found 1 candidate, Summary: output-2 LeakyReLU -> BIPOLAR improved: 20.7% error: 12.5273 -> 9.9403
Fine tuning increased fitness by 6.609494074272249e-8 to 0.9984309805386181 adjusted 3 weights 
Discovery 4196cf66 beneficial increased fitness by 1.6231533883637184e-7 to 0.998431142853957
Fine tuning increased fitness by 1.1006778521949201e-7 to 0.9984312529217422 adjusted 1 weight 
Generation 329 score 0.9984329139020975  error 0.0015648151298578111 avg time 446ms
{
  error: 0.0015648151298578111,
  score: 0.9984329139020975,
  generation: 329,
  time: 180180
}

=== Processing USDJPY (10/10) ===
9 mutations, mutation rate 14.6%, elitism 5, mutation FFW, selection POWER
Creature count: 50
Culling duplicate creature at 1 of 51
DeDuplication of 1 creatures to 50 in  (previous experiment )
Training a31976c2 with 1 binary file, target error: 0.000001, iterations: 1, sample rate: 100%, sparse: 100%
Discovery a31976c2 with 1 binary files, sample rate: 100%, batch size: 512
Discovery a31976c2 initialize time 89ms
Discovery a31976c2 processing .trainData-fx_c_88/USDJPY/data.bin
Discovery a31976c2 read time 8ms for .trainData-fx_c_88/USDJPY/data.bin with 3359 records
Discovery a31976c2 scanning time 1s 24ms
Fine tuning increased fitness by 0.000009022877012654362 to 0.9974378364577902 adjusted 2 weights, 1 bias 
Discovery a31976c2 recorded time 1s 792ms
Training 3829cfbc with 1 binary file, target error: 0.000001, iterations: 1, sample rate: 100%, sparse: 100%
Fine tuning increased fitness by 0.0000037306307363316193 to 0.9974415670885265 adjusted 2 weights, 1 bias 
Training 8ff7abb9 with 1 binary file, target error: 0.000001, iterations: 1, sample rate: 100%, sparse: 100%
Training 41b0515d with 1 binary file, target error: 0.000001, iterations: 1, sample rate: 100%, sparse: 100%
Compacting increased fitness by 1.2003615945666013e-7 to 0.997441687124686 neurons: 9 was: 10 synapses: 1063 was: 1065
Fine tuning increased fitness by 4.6915192730700994e-8 to 0.9974417340398787 adjusted 1 bias 
Training 457ad690 with 1 binary file, target error: 0.000001, iterations: 1, sample rate: 100%, sparse: 100%
Fine tuning increased fitness by 1.5735514780068627e-8 to 0.9974417497753935 adjusted 1 bias 
Training 24ee4f77 with 1 binary file, target error: 0.000001, iterations: 1, sample rate: 100%, sparse: 100%
Fine tuning increased fitness by 1.992024012409388e-8 to 0.9974417696956336 adjusted 393 weights, 12 biases 
Generation 10 score 0.9974417696956336  error 0.00254669946862944 avg time 1s 434ms
Training 835fb7a2 with 1 binary file, target error: 0.000001, iterations: 1, sample rate: 100%, sparse: 100%
Fine tuning increased fitness by 3.865756903476125e-8 to 0.9974418083532026 adjusted 393 weights, 12 biases 
Discovered beneficial synapse from input-1445 to output-2 with weight 1.0000, helping 19.8% more records than it harms (2012/3359)
Discovery a31976c2 analyze time 13s 109ms found 1 candidates
Discovery a31976c2 analyze harmful time 312ms found 0 candidates
Over populated 52, expected 50.
Discovery a31976c2 analyze squashes time 645ms found 3 candidates, Summary: 9c87c7dd-1d3e-449d-b56e-2595e4c64db6 LeakyReLU -> LogSigmoid improved: 2.1% error: 2000.0042 -> 1957.7748,14f23d43-7bde-47c3-954d-abf782be4e69 HARD_TANH -> GAUSSIAN improved: 14.3% error: 47.4998 -> 40.6919,0c976802-2998-4b5b-bcb2-a858d7f2e0bd BENT_IDENTITY -> LogSigmoid improved: 9.5% error: 38.4648 -> 34.8103
Training 19c746cd with 1 binary file, target error: 0.000001, iterations: 1, sample rate: 100%, sparse: 100%
Fine tuning increased fitness by 5.634022759437585e-8 to 0.9974418646934302 adjusted 393 weights, 12 biases 
Discovery 19c746cd with 1 binary files, sample rate: 100%, batch size: 512
Discovery 19c746cd initialize time 88ms
Discovery 19c746cd processing .trainData-fx_c_88/USDJPY/data.bin
Discovery 19c746cd read time 5ms for .trainData-fx_c_88/USDJPY/data.bin with 3359 records
Discovery 19c746cd scanning time 981ms
Over populated 54, expected 50.
Training e862825e with 1 binary file, target error: 0.000001, iterations: 1, sample rate: 100%, sparse: 100%
Fine tuning increased fitness by 6.432954779977962e-8 to 0.997441929022978 adjusted 393 weights, 12 biases 
Discovery 19c746cd recorded time 1s 911ms
Over populated 52, expected 50.
Training a6030ebe with 1 binary file, target error: 0.000001, iterations: 1, sample rate: 100%, sparse: 100%
Fine tuning increased fitness by 5.973657857261117e-8 to 0.9974419887595566 adjusted 393 weights, 12 biases 
Training 2a1e70be with 1 binary file, target error: 0.000001, iterations: 1, sample rate: 100%, sparse: 100%
Remove neuron 0c976802-2998-4b5b-bcb2-a858d7f2e0bd as no longer connected
Over populated 52, expected 50.
Training d41b2d6d with 1 binary file, target error: 0.000001, iterations: 1, sample rate: 100%, sparse: 100%
Training bef17684 with 1 binary file, target error: 0.000001, iterations: 1, sample rate: 100%, sparse: 100%
Fine tuning increased fitness by 5.450203166557088e-8 to 0.9974420722241354 adjusted 357 weights, 10 biases 
Over populated 52, expected 50.
Training f31188a4 with 1 binary file, target error: 0.000001, iterations: 1, sample rate: 100%, sparse: 100%
Training 7f88c510 with 1 binary file, target error: 0.000001, iterations: 1, sample rate: 100%, sparse: 100%
Training 5db532fa with 1 binary file, target error: 0.000001, iterations: 1, sample rate: 100%, sparse: 100%
Generation 20 score 0.9974433359688486  error 0.0025451331954076287 avg time 1s 885ms
Training 0ed2d952 with 1 binary file, target error: 0.000001, iterations: 1, sample rate: 100%, sparse: 100%
Fine tuning increased fitness by 7.93632327633631e-8 to 0.9974434153320814 adjusted 103 weights, 4 biases 
Training 9e6a7a6a with 1 binary file, target error: 0.000001, iterations: 1, sample rate: 100%, sparse: 100%
Training 527ebdc5 with 1 binary file, target error: 0.000001, iterations: 1, sample rate: 100%, sparse: 100%
Training 02b8dca4 with 1 binary file, target error: 0.000001, iterations: 1, sample rate: 100%, sparse: 100%
Fine tuning increased fitness by 6.527328832994783e-8 to 0.9974439808948933 adjusted 300 weights, 4 biases 
Training 6a3f730c with 1 binary file, target error: 0.000001, iterations: 1, sample rate: 100%, sparse: 100%
Discovered beneficial synapse from input-1289 to 14f23d43-7bde-47c3-954d-abf782be4e69 with weight -1.0000, helping 30.0% more records than it harms (1449/3359)
Discovery 19c746cd analyze time 23s 1ms found 1 candidates
Discovered harmful synapse from 880e0d70-3184-4a81-86fc-8d8c002e6348 to 14f23d43-7bde-47c3-954d-abf782be4e69, harming 36.4% more records than it helps (333/3359)
Discovery 19c746cd analyze harmful time 562ms found 1 candidates
Training 6e5eff67 with 1 binary file, target error: 0.000001, iterations: 1, sample rate: 100%, sparse: 100%
Fine tuning increased fitness by 4.574047673955306e-8 to 0.9974440621728347 adjusted 249 weights, 2 biases 
Discovery 19c746cd analyze squashes time 1s 124ms found 5 candidates, Summary: output-2 LeakyReLU -> LogSigmoid improved: 28.1% error: 1.8994 -> 1.3665,output-0 LeakyReLU -> LogSigmoid improved: 24.1% error: 3.3578 -> 2.5484,9c87c7dd-1d3e-449d-b56e-2595e4c64db6 LeakyReLU -> BIPOLAR improved: 2.1% error: 2008.2997 -> 1965.4666,14f23d43-7bde-47c3-954d-abf782be4e69 HARD_TANH -> GAUSSIAN improved: 14.3% error: 47.1784 -> 40.4102,0c976802-2998-4b5b-bcb2-a858d7f2e0bd BENT_IDENTITY -> LogSigmoid improved: 9.5% error: 38.2015 -> 34.5633
Training fbd6e9fb with 1 binary file, target error: 0.000001, iterations: 1, sample rate: 100%, sparse: 100%
Fine tuning increased fitness by 5.194155983101467e-8 to 0.9974441141143945 adjusted 249 weights, 2 biases 
Discovery fbd6e9fb with 1 binary files, sample rate: 100%, batch size: 512
Discovery fbd6e9fb initialize time 82ms
Discovery fbd6e9fb processing .trainData-fx_c_88/USDJPY/data.bin
Discovery fbd6e9fb read time 3ms for .trainData-fx_c_88/USDJPY/data.bin with 3359 records
Discovery fbd6e9fb scanning time 982ms
Training d1ef8f38 with 1 binary file, target error: 0.000001, iterations: 1, sample rate: 100%, sparse: 100%
Fine tuning increased fitness by 3.891886035667369e-8 to 0.9974441530332548 adjusted 249 weights, 2 biases 
Discovery fbd6e9fb recorded time 1s 955ms
Training 630a0303 with 1 binary file, target error: 0.000001, iterations: 1, sample rate: 100%, sparse: 100%
Fine tuning increased fitness by 4.970661904302176e-8 to 0.9974442027398739 adjusted 249 weights, 2 biases 
Training b7a71dc0 with 1 binary file, target error: 0.000001, iterations: 1, sample rate: 100%, sparse: 100%
Fine tuning increased fitness by 5.331808827779838e-8 to 0.9974442560579622 adjusted 249 weights, 2 biases 
Generation 30 score 0.9974442560579622  error 0.0025442131062992815 avg time 1s 859ms
Training f45a8a3a with 1 binary file, target error: 0.000001, iterations: 1, sample rate: 100%, sparse: 100%
Fine tuning increased fitness by 8.582608423957083e-8 to 0.9974443418840464 adjusted 249 weights, 2 biases 
Training f6c05c36 with 1 binary file, target error: 0.000001, iterations: 1, sample rate: 100%, sparse: 100%
Fine tuning increased fitness by 1.5337610936860813e-7 to 0.9974444952601558 adjusted 249 weights, 2 biases 
Training f2c86d93 with 1 binary file, target error: 0.000001, iterations: 1, sample rate: 100%, sparse: 100%
Fine tuning increased fitness by 2.507427386833072e-7 to 0.9974447460028945 adjusted 249 weights, 2 biases 
Training b1ce1d6a with 1 binary file, target error: 0.000001, iterations: 1, sample rate: 100%, sparse: 100%
Fine tuning increased fitness by 3.299485474839159e-7 to 0.9974450759514419 adjusted 249 weights, 2 biases 
Discovered beneficial synapse from input-785 to 9c87c7dd-1d3e-449d-b56e-2595e4c64db6 with weight 1.0000, helping 14.6% more records than it harms (1924/3359)
Discovery fbd6e9fb analyze time 11s 297ms found 1 candidates
Discovery fbd6e9fb analyze harmful time 294ms found 0 candidates
Training f656d843 with 1 binary file, target error: 0.000001, iterations: 1, sample rate: 100%, sparse: 100%
Discovery fbd6e9fb analyze squashes time 652ms found 3 candidates, Summary: 9c87c7dd-1d3e-449d-b56e-2595e4c64db6 LeakyReLU -> LogSigmoid improved: 2.0% error: 1959.5806 -> 1919.9629,output-0 LeakyReLU -> LogSigmoid improved: 24.1% error: 3.3535 -> 2.5466,0c976802-2998-4b5b-bcb2-a858d7f2e0bd BENT_IDENTITY -> BIPOLAR improved: 9.3% error: 33.5738 -> 30.4562
Training 3667d5db with 1 binary file, target error: 0.000001, iterations: 1, sample rate: 100%, sparse: 100%
Fine tuning increased fitness by 2.5731608566115227e-7 to 0.9974457770230486 adjusted 362 weights, 6 biases 
Discovery 3667d5db with 1 binary files, sample rate: 100%, batch size: 512
Discovery 3667d5db initialize time 85ms
Discovery 3667d5db processing .trainData-fx_c_88/USDJPY/data.bin
Discovery 3667d5db read time 11ms for .trainData-fx_c_88/USDJPY/data.bin with 3359 records
Discovery 3667d5db scanning time 970ms
Over populated 53, expected 50.
Training a26aae68 with 1 binary file, target error: 0.000001, iterations: 1, sample rate: 100%, sparse: 100%
Fine tuning increased fitness by 6.513708761257675e-8 to 0.9974458421601362 adjusted 362 weights, 6 biases 
Discovery 3667d5db recorded time 1s 928ms
Over populated 52, expected 50.
Training d847166a with 1 binary file, target error: 0.000001, iterations: 1, sample rate: 100%, sparse: 100%
Fine tuning increased fitness by 8.200133694291623e-8 to 0.9974459241614732 adjusted 362 weights, 6 biases 
Training ecfa1fc0 with 1 binary file, target error: 0.000001, iterations: 1, sample rate: 100%, sparse: 100%
Training ad2829d8 with 1 binary file, target error: 0.000001, iterations: 1, sample rate: 100%, sparse: 100%
Fine tuning increased fitness by 8.234328086054177e-8 to 0.9974460846784112 adjusted 425 weights, 9 biases 
Generation 40 score 0.9974460846784112  error 0.002542384485848066 avg time 1s 872ms
Training 1c4c8252 with 1 binary file, target error: 0.000001, iterations: 1, sample rate: 100%, sparse: 100%
Over populated 52, expected 50.
Training fde21d38 with 1 binary file, target error: 0.000001, iterations: 1, sample rate: 100%, sparse: 100%
Fine tuning increased fitness by 3.353448285725591e-8 to 0.997446162409426 adjusted 334 weights, 5 biases 
Training 9f268466 with 1 binary file, target error: 0.000001, iterations: 1, sample rate: 100%, sparse: 100%
Discovered beneficial synapse from input-1289 to 14f23d43-7bde-47c3-954d-abf782be4e69 with weight -1.0000, helping 30.2% more records than it harms (1443/3359)
Discovery 3667d5db analyze time 12s 29ms found 1 candidates
Discovered harmful synapse from 880e0d70-3184-4a81-86fc-8d8c002e6348 to 14f23d43-7bde-47c3-954d-abf782be4e69, harming 36.9% more records than it helps (315/3359)
Discovery 3667d5db analyze harmful time 245ms found 1 candidates
Discovery 3667d5db analyze squashes time 410ms found 2 candidates, Summary: 9c87c7dd-1d3e-449d-b56e-2595e4c64db6 LeakyReLU -> LogSigmoid improved: 2.0% error: 1976.2302 -> 1936.4350,14f23d43-7bde-47c3-954d-abf782be4e69 HARD_TANH -> GAUSSIAN improved: 14.3% error: 47.3329 -> 40.5724
Training 0ad3db84 with 1 binary file, target error: 0.000001, iterations: 1, sample rate: 100%, sparse: 100%
Fine tuning increased fitness by 3.59224048285256e-8 to 0.9974462186618055 adjusted 288 weights, 3 biases 
Discovery 0ad3db84 with 1 binary files, sample rate: 100%, batch size: 512
Discovery 0ad3db84 initialize time 87ms
Discovery 0ad3db84 processing .trainData-fx_c_88/USDJPY/data.bin
Discovery 0ad3db84 read time 5ms for .trainData-fx_c_88/USDJPY/data.bin with 3359 records
Discovery 0ad3db84 scanning time 1s 8ms
Training 534828de with 1 binary file, target error: 0.000001, iterations: 1, sample rate: 100%, sparse: 100%
Fine tuning increased fitness by 2.5131918768295236e-8 to 0.9974462437937243 adjusted 288 weights, 3 biases 
Discovery 0ad3db84 recorded time 1s 919ms
Training 86cfe22d with 1 binary file, target error: 0.000001, iterations: 1, sample rate: 100%, sparse: 100%
Fine tuning increased fitness by 4.2168687430788054e-8 to 0.9974462859624117 adjusted 288 weights, 3 biases 
Training 986e1155 with 1 binary file, target error: 0.000001, iterations: 1, sample rate: 100%, sparse: 100%
Training a8ac2279 with 1 binary file, target error: 0.000001, iterations: 1, sample rate: 100%, sparse: 100%
Fine tuning increased fitness by 7.994157535939905e-8 to 0.9974464330116037 adjusted 240 weights, 1 bias 
Discovered beneficial synapse from input-785 to 9c87c7dd-1d3e-449d-b56e-2595e4c64db6 with weight 1.0000, helping 14.3% more records than it harms (1919/3359)
Discovery 0ad3db84 analyze time 5s 530ms found 1 candidates
Discovered harmful synapse from 880e0d70-3184-4a81-86fc-8d8c002e6348 to 14f23d43-7bde-47c3-954d-abf782be4e69, harming 36.9% more records than it helps (315/3359)
Discovery 0ad3db84 analyze harmful time 699ms found 1 candidates
Discovery 0ad3db84 analyze squashes time 463ms found 2 candidates, Summary: 9c87c7dd-1d3e-449d-b56e-2595e4c64db6 LeakyReLU -> LogSigmoid improved: 2.0% error: 1893.7358 -> 1855.0831,output-0 LeakyReLU -> LogSigmoid improved: 24.1% error: 3.3542 -> 2.5467
Fine tuning increased fitness by 1.276115600967742e-7 to 0.9974465606231638 adjusted 240 weights, 1 bias 
Discovery 04c86126 with 1 binary files, sample rate: 100%, batch size: 512
Discovery 04c86126 initialize time 86ms
Discovery 04c86126 processing .trainData-fx_c_88/USDJPY/data.bin
Discovery 04c86126 read time 12ms for .trainData-fx_c_88/USDJPY/data.bin with 3359 records
Discovery 04c86126 scanning time 967ms
Training d4b57617 with 1 binary file, target error: 0.000001, iterations: 1, sample rate: 100%, sparse: 100%
Fine tuning increased fitness by 1.7657018269723324e-7 to 0.9974467371933465 adjusted 240 weights, 1 bias 
Discovery 04c86126 recorded time 1s 884ms
Generation 50 score 0.9974467371933465  error 0.002541731970912806 avg time 1s 822ms
Fine tuning increased fitness by 0.0000013447463894644685 to 0.997448081939736 adjusted 700 weights, 14 biases 
Training 55091338 with 1 binary file, target error: 0.000001, iterations: 1, sample rate: 100%, sparse: 100%
Fine tuning increased fitness by 0.0000011666734979209892 to 0.9974492486132339 adjusted 698 weights, 14 biases 
Over populated 52, expected 50.
Training 541cc1a0 with 1 binary file, target error: 0.000001, iterations: 1, sample rate: 100%, sparse: 100%
Fine tuning increased fitness by 0.0000015276785308993013 to 0.9974507762917648 adjusted 698 weights, 14 biases 
Over populated 52, expected 50.
Training 306d635b with 1 binary file, target error: 0.000001, iterations: 1, sample rate: 100%, sparse: 100%
Fine tuning increased fitness by 3.768230975031983e-7 to 0.9974511531148623 adjusted 698 weights, 14 biases 
Over populated 52, expected 50.
Training c9fa7b21 with 1 binary file, target error: 0.000001, iterations: 1, sample rate: 100%, sparse: 100%
Over populated 52, expected 50.
Training f4d1d951 with 1 binary file, target error: 0.000001, iterations: 1, sample rate: 100%, sparse: 100%
Over populated 52, expected 50.
Training c2a7fdbe with 1 binary file, target error: 0.000001, iterations: 1, sample rate: 100%, sparse: 100%
Training f53165df with 1 binary file, target error: 0.000001, iterations: 1, sample rate: 100%, sparse: 100%
Over populated 52, expected 50.
Training 652a5ecc with 1 binary file, target error: 0.000001, iterations: 1, sample rate: 100%, sparse: 100%
Fine tuning increased fitness by 1.703272282105317e-7 to 0.9974530813374146 adjusted 256 weights, 8 biases 
Training 11492fcc with 1 binary file, target error: 0.000001, iterations: 1, sample rate: 100%, sparse: 100%
Fine tuning increased fitness by 5.951303200246727e-7 to 0.9974536764677346 adjusted 251 weights, 8 biases 
Over populated 52, expected 50.
Generation 60 score 0.9974536764677346  error 0.0025347826967110814 avg time 1s 816ms
Training 7b789d75 with 1 binary file, target error: 0.000001, iterations: 1, sample rate: 100%, sparse: 100%
Training ff1a50d4 with 1 binary file, target error: 0.000001, iterations: 1, sample rate: 100%, sparse: 100%
Fine tuning increased fitness by 1.3955301714219104e-7 to 0.9974541639764897 adjusted 248 weights, 8 biases 
Over populated 52, expected 50.
Training ae944747 with 1 binary file, target error: 0.000001, iterations: 1, sample rate: 100%, sparse: 100%
Fine tuning increased fitness by 4.994877839115119e-7 to 0.9974546634642736 adjusted 248 weights, 8 biases 
Over populated 52, expected 50.
Training a5561d5d with 1 binary file, target error: 0.000001, iterations: 1, sample rate: 100%, sparse: 100%
Discovered beneficial synapse from input-1289 to 14f23d43-7bde-47c3-954d-abf782be4e69 with weight -1.0000, helping 30.4% more records than it harms (1449/3359)
Discovery 04c86126 analyze time 25s 425ms found 1 candidates
Discovered harmful synapse from 880e0d70-3184-4a81-86fc-8d8c002e6348 to 14f23d43-7bde-47c3-954d-abf782be4e69, harming 37.0% more records than it helps (317/3359)
Discovery 04c86126 analyze harmful time 401ms found 1 candidates
Over populated 52, expected 50.
Discovery 04c86126 analyze squashes time 454ms found 2 candidates, Summary: 9c87c7dd-1d3e-449d-b56e-2595e4c64db6 LeakyReLU -> LogSigmoid improved: 2.0% error: 1893.7358 -> 1855.0831,0c976802-2998-4b5b-bcb2-a858d7f2e0bd BENT_IDENTITY -> BIPOLAR improved: 9.3% error: 33.1460 -> 30.0492
Training 84cf40ce with 1 binary file, target error: 0.000001, iterations: 1, sample rate: 100%, sparse: 100%
Discovery 84cf40ce with 1 binary files, sample rate: 100%, batch size: 512
Discovery 84cf40ce initialize time 81ms
Discovery 84cf40ce processing .trainData-fx_c_88/USDJPY/data.bin
Discovery 84cf40ce read time 6ms for .trainData-fx_c_88/USDJPY/data.bin with 3359 records
Discovery 84cf40ce scanning time 979ms
Culling duplicate creature at 44 of 51
DeDuplication of 1 creatures to 50 in 53ms (previous experiment )
Training 11c33a1d with 1 binary file, target error: 0.000001, iterations: 1, sample rate: 100%, sparse: 100%
Discovery 84cf40ce recorded time 1s 875ms
Training c1b28459 with 1 binary file, target error: 0.000001, iterations: 1, sample rate: 100%, sparse: 100%
Fine tuning increased fitness by 2.7860888729414057e-7 to 0.9974576553184596 adjusted 70 weights, 1 bias 
Fine tuning increased fitness by 3.1228494790092043e-7 to 0.9974579676034075 adjusted 70 weights, 1 bias 
Training 135dc6e4 with 1 binary file, target error: 0.000001, iterations: 1, sample rate: 100%, sparse: 100%
Fine tuning increased fitness by 3.322468270505752e-7 to 0.9974582998502346 adjusted 70 weights, 1 bias 
Fine tuning increased fitness by 5.543484914438679e-7 to 0.997458854198726 adjusted 70 weights, 1 bias 
Generation 70 score 0.997458854198726  error 0.002529604965870732 avg time 1s 612ms
Training 74add7a0 with 1 binary file, target error: 0.000001, iterations: 1, sample rate: 100%, sparse: 100%
Fine tuning increased fitness by 9.855205116426902e-7 to 0.9974598397192377 adjusted 70 weights, 1 bias 
Fine tuning increased fitness by 0.0000012916720856237518 to 0.9974611313913233 adjusted 70 weights, 1 bias 
Training 5493c179 with 1 binary file, target error: 0.000001, iterations: 1, sample rate: 100%, sparse: 100%
Fine tuning increased fitness by 8.489642631115402e-7 to 0.9974619803555864 adjusted 70 weights, 1 bias 
Fine tuning increased fitness by 2.41146144719373e-7 to 0.9974622215017311 adjusted 70 weights, 1 bias 
Training 992e01af with 1 binary file, target error: 0.000001, iterations: 1, sample rate: 100%, sparse: 100%
Fine tuning increased fitness by 1.3302990631292033e-7 to 0.9974623545316375 adjusted 70 weights, 1 bias 
Fine tuning increased fitness by 5.482978038262587e-8 to 0.9974624093614178 adjusted 70 weights, 1 bias 
Training 14ba8147 with 1 binary file, target error: 0.000001, iterations: 1, sample rate: 100%, sparse: 100%
Fine tuning increased fitness by 1.1530556853767138e-7 to 0.9974625246669864 adjusted 70 weights, 1 bias 
Training dfa3e993 with 1 binary file, target error: 0.000001, iterations: 1, sample rate: 100%, sparse: 100%
Fine tuning increased fitness by 3.441085775213182e-7 to 0.997463248140717 adjusted 188 weights, 4 biases 
Training 6f0b0d24 with 1 binary file, target error: 0.000001, iterations: 1, sample rate: 100%, sparse: 100%
Generation 80 score 0.9974639985274263  error 0.002524460637287945 avg time 1s 430ms
Training cda6e440 with 1 binary file, target error: 0.000001, iterations: 1, sample rate: 100%, sparse: 100%
Fine tuning increased fitness by 1.9204461076949286e-7 to 0.9974641905720371 adjusted 98 weights, 3 biases 
Training 06359ced with 1 binary file, target error: 0.000001, iterations: 1, sample rate: 100%, sparse: 100%
Fine tuning increased fitness by 6.026187204799527e-8 to 0.9974643216368163 adjusted 8 weights, 1 bias 
Discovered beneficial synapse from input-443 to 14f23d43-7bde-47c3-954d-abf782be4e69 with weight -1.0000, helping 30.0% more records than it harms (1408/3359)
Discovery 84cf40ce analyze time 25s 382ms found 1 candidates
Training eb62ccc0 with 1 binary file, target error: 0.000001, iterations: 1, sample rate: 100%, sparse: 100%
Discovered harmful synapse from input-1395 to output-2, harming 16.6% more records than it helps (1400/3359)
Discovery 84cf40ce analyze harmful time 685ms found 1 candidates
Fine tuning increased fitness by 7.02524468598753e-8 to 0.9974643918892632 adjusted 8 weights, 1 bias 
Discovery 84cf40ce analyze squashes time 279ms found 1 candidate, Summary: 9c87c7dd-1d3e-449d-b56e-2595e4c64db6 LeakyReLU -> LogSigmoid improved: 2.0% error: 1911.1012 -> 1873.2275
Fine tuning increased fitness by 1.0341395428881128e-7 to 0.9974644953032175 adjusted 8 weights, 1 bias 
Discovery 02ac1ff8 with 1 binary files, sample rate: 100%, batch size: 512
Discovery 02ac1ff8 initialize time 87ms
Discovery 02ac1ff8 processing .trainData-fx_c_88/USDJPY/data.bin
Discovery 02ac1ff8 read time 6ms for .trainData-fx_c_88/USDJPY/data.bin with 3359 records
Discovery 02ac1ff8 scanning time 952ms
Training dffecc33 with 1 binary file, target error: 0.000001, iterations: 1, sample rate: 100%, sparse: 100%
Fine tuning increased fitness by 1.9921157379254595e-7 to 0.9974646945147913 adjusted 8 weights, 1 bias 
Discovery 02ac1ff8 recorded time 1s 882ms
Training 81824bb4 with 1 binary file, target error: 0.000001, iterations: 1, sample rate: 100%, sparse: 100%
Training 66e46bee with 1 binary file, target error: 0.000001, iterations: 1, sample rate: 100%, sparse: 100%
Fine tuning increased fitness by 0.0000011739231183804932 to 0.9974671981871809 adjusted 31 weights, 2 biases 
Fine tuning increased fitness by 0.0000015749049753210898 to 0.9974687730921562 adjusted 31 weights, 2 biases 
Generation 90 score 0.9974687730921562  error 0.0025196860668656685 avg time 1s 573ms
Fine tuning increased fitness by 0.0000015166758124962598 to 0.9974702897679687 adjusted 31 weights, 2 biases 
Discovered beneficial synapse from input-785 to 0c976802-2998-4b5b-bcb2-a858d7f2e0bd with weight 1.0000, helping 14.7% more records than it harms (1926/3359)
Discovery 02ac1ff8 analyze time 10s 892ms found 1 candidates
Discovered harmful synapse from 880e0d70-3184-4a81-86fc-8d8c002e6348 to 14f23d43-7bde-47c3-954d-abf782be4e69, harming 36.8% more records than it helps (290/3359)
Discovery 02ac1ff8 analyze harmful time 377ms found 1 candidates
Discovery 02ac1ff8 analyze squashes time 438ms found 2 candidates, Summary: 9c87c7dd-1d3e-449d-b56e-2595e4c64db6 LeakyReLU -> LogSigmoid improved: 2.0% error: 1911.0960 -> 1873.2224,0c976802-2998-4b5b-bcb2-a858d7f2e0bd BENT_IDENTITY -> BIPOLAR improved: 10.0% error: 24.6216 -> 22.1515
Discovery 02ac1ff8 beneficial increased fitness by 6.336155841113467e-7 to 0.9974715337547752
Fine tuning increased fitness by 2.2979191616201433e-7 to 0.9974717635466913 adjusted 1 weight 
Fine tuning increased fitness by 3.160455230855064e-10 to 0.9974717638627368 adjusted 1 weight 
Fine tuning increased fitness by 4.660648533771905e-10 to 0.9974717643288017 adjusted 1 weight 
Fine tuning increased fitness by 1.1414980072288472e-11 to 0.9974717643402167 adjusted 1 weight 
Generation 100 score 0.9974717643402167  error 0.002516674812285167 avg time 1s 325ms
Fine tuning increased fitness by 1.987243702927799e-11 to 0.9974717643600891 adjusted 1 weight 
Fine tuning increased fitness by 2.731148640577885e-14 to 0.9974717643601164 adjusted 1 weight 
Fine tuning increased fitness by 5.015987625256457e-13 to 0.997471764360618 adjusted 1 weight 
Fine tuning increased fitness by 1.1812772982011666e-13 to 0.9974717643607361 adjusted 1 weight 
Fine tuning increased fitness by 6.428191312579656e-14 to 0.9974717643608004 adjusted 1 weight 
Generation 110 score 0.9974717643608004  error 0.002516674791701375 avg time 1s 15ms
Generation 114 score 0.9974717643608004  error 0.002516674791701375 avg time 408ms
{
  error: 0.002516674791701375,
  score: 0.9974717643608004,
  generation: 114,
  time: 180629
}
🧹 Cleaning up any inconsistent git state
✅ Git state cleanup completed
✅ Already on proper branch: Develop
From github.com:stSoftwareAU/GRQ-FX-models
   be840db..aa6b1ce  Develop    -> origin/Develop
Updating be840db..aa6b1ce
Created autostash: dc9d188
Fast-forward
 v1/USDCOP.json | 7575 +++++++++++---------------------------------------------
 v1/USDCRC.json |  377 ++-
 v1/USDDKK.json | 3042 ++++++++---------------
 v1/USDKYD.json |   31 +-
 v1/USDPEN.json | 5232 ++++++++++++++++++++++++++++++--------
 v1/USDPLN.json | 3559 ++++++--------------------
 v1/USDSGD.json |  835 ++++---
 v1/USDTRY.json | 7039 ++++++++++++++--------------------------------------
 v1/USDTWD.json | 1584 ++++++------
 9 files changed, 10900 insertions(+), 18374 deletions(-)
Applying autostash resulted in conflicts.
Your changes are safe in the stash.
You can run "git stash pop" or "git stash drop" at any time.
✅ Already on proper branch: Develop
📦 Changes detected — staging files and validating JSON
[0;32m🔍 Validating staged JSON files...[0m
[0;32m🔍 Validating: v1/AUDCAD.json[0m
[0;32m   ✅ PASSED: File is valid[0m
[0;32m🔍 Validating: v1/CADEUR.json[0m
[0;32m   ✅ PASSED: File is valid[0m
[0;32m🔍 Validating: v1/USDAED.json[0m
[0;32m   ✅ PASSED: File is valid[0m
[0;32m🔍 Validating: v1/USDAUD.json[0m
[0;32m   ✅ PASSED: File is valid[0m
[0;32m🔍 Validating: v1/USDGBP.json[0m
[0;32m   ✅ PASSED: File is valid[0m
[0;32m🔍 Validating: v1/USDJPY.json[0m
[0;32m   ✅ PASSED: File is valid[0m
[0;32m🔍 Validating: v1/USDKRW.json[0m
[0;32m   ✅ PASSED: File is valid[0m
[0;32m🔍 Validating: v1/USDKYD.json[0m
[0;31m🚨 MERGE CONFLICT DETECTED in: v1/USDKYD.json[0m
[1;33m   This file contains unresolved merge conflict markers:[0m
43:<<<<<<< Updated upstream
45:=======
47:>>>>>>> Stashed changes
89:<<<<<<< Updated upstream
95:=======
[0;31m   ❌ FAILED: Merge conflicts detected[0m
[0;32m🔍 Validating: v1/USDNOK.json[0m
[0;32m   ✅ PASSED: File is valid[0m
[0;32m🔍 Validating: v1/USDRUB.json[0m
[0;32m   ✅ PASSED: File is valid[0m

[0;31m❌ Commit blocked due to invalid JSON files[0m
❌ JSON validation failed — aborting commit
🧹 Cleaning up staged changes
Unstaged changes after reset:
M	v1/AUDCAD.json
M	v1/CADEUR.json
M	v1/USDAED.json
M	v1/USDAUD.json
M	v1/USDGBP.json
M	v1/USDJPY.json
M	v1/USDKRW.json
M	v1/USDKYD.json
M	v1/USDNOK.json
M	v1/USDRUB.json
💥 Commit blocked due to invalid JSON files
🧹 Performing final git cleanup on exit...
✅ Final cleanup completed
Cloning into 'GRQ-logs'...
[Develop 489b12a] ip-10-0-45-201 status 1
 1 file changed, 2000 insertions(+)
 create mode 100644 ip-10-0-45-201.log
To github.com:stSoftwareAU/GRQ-logs.git
   fe63208..489b12a  Develop -> Develop
📦 Cloning GRQ-health
Cloning into 'GRQ-health'...
Updating health information...
Updated health information for ip-10-0-45-201
